method	sample	position	token_id
sequential_recurrent_greedy	0	1	884
sequential_recurrent_greedy	0	2	1105
sequential_recurrent_greedy	0	3	213
sequential_recurrent_greedy	0	4	210
sequential_recurrent_greedy	0	5	473
sequential_recurrent_greedy	0	6	287
sequential_recurrent_greedy	0	7	556
sequential_recurrent_greedy	0	8	213
sequential_recurrent_greedy	0	9	238
sequential_recurrent_greedy	0	10	304
sequential_recurrent_greedy	0	11	327
sequential_recurrent_greedy	0	12	208
sequential_recurrent_greedy	0	13	255
sequential_recurrent_greedy	0	14	255
sequential_recurrent_greedy	0	15	255
sequential_recurrent_greedy	0	16	255
sequential_recurrent_greedy	0	17	255
sequential_recurrent_greedy	0	18	255
sequential_recurrent_greedy	0	19	255
sequential_recurrent_greedy	0	20	255
sequential_recurrent_greedy	0	21	255
sequential_recurrent_greedy	0	22	255
sequential_recurrent_greedy	0	23	255
sequential_recurrent_greedy	0	24	255
sequential_recurrent_greedy	0	25	255
sequential_recurrent_greedy	0	26	255
sequential_recurrent_greedy	0	27	255
sequential_recurrent_greedy	0	28	255
sequential_recurrent_greedy	0	29	255
sequential_recurrent_greedy	0	30	255
sequential_recurrent_greedy	0	31	255
sequential_recurrent_greedy	0	32	255
sequential_recurrent_greedy	0	33	255
sequential_recurrent_greedy	0	34	255
sequential_recurrent_greedy	0	35	255
sequential_recurrent_greedy	0	36	255
sequential_recurrent_greedy	0	37	255
sequential_recurrent_greedy	0	38	255
sequential_recurrent_greedy	0	39	255
sequential_recurrent_greedy	0	40	255
sequential_recurrent_greedy	0	41	255
sequential_recurrent_greedy	0	42	255
sequential_recurrent_greedy	0	43	255
sequential_recurrent_greedy	0	44	255
sequential_recurrent_greedy	0	45	255
sequential_recurrent_greedy	0	46	255
sequential_recurrent_greedy	0	47	255
sequential_recurrent_greedy	0	48	255
sequential_recurrent_greedy	0	49	255
sequential_recurrent_greedy	0	50	255
sequential_recurrent_greedy	0	51	255
sequential_recurrent_greedy	0	52	255
sequential_recurrent_greedy	0	53	255
sequential_recurrent_greedy	0	54	255
sequential_recurrent_greedy	0	55	255
sequential_recurrent_greedy	0	56	255
sequential_recurrent_greedy	0	57	255
sequential_recurrent_greedy	0	58	255
sequential_recurrent_greedy	0	59	255
sequential_recurrent_greedy	0	60	255
sequential_recurrent_greedy	0	61	255
sequential_recurrent_greedy	0	62	255
sequential_recurrent_greedy	0	63	255
sequential_recurrent_greedy	0	64	255
sequential_recurrent_greedy	1	1	908
sequential_recurrent_greedy	1	2	213
sequential_recurrent_greedy	1	3	238
sequential_recurrent_greedy	1	4	210
sequential_recurrent_greedy	1	5	473
sequential_recurrent_greedy	1	6	287
sequential_recurrent_greedy	1	7	596
sequential_recurrent_greedy	1	8	221
sequential_recurrent_greedy	1	9	266
sequential_recurrent_greedy	1	10	1
sequential_recurrent_greedy	1	11	250
sequential_recurrent_greedy	1	12	250
sequential_recurrent_greedy	1	13	250
sequential_recurrent_greedy	1	14	266
sequential_recurrent_greedy	1	15	1
sequential_recurrent_greedy	1	16	276
sequential_recurrent_greedy	1	17	1198
sequential_recurrent_greedy	1	18	250
sequential_recurrent_greedy	1	19	250
sequential_recurrent_greedy	1	20	266
sequential_recurrent_greedy	1	21	1
sequential_recurrent_greedy	1	22	859
sequential_recurrent_greedy	1	23	210
sequential_recurrent_greedy	1	24	287
sequential_recurrent_greedy	1	25	287
sequential_recurrent_greedy	1	26	287
sequential_recurrent_greedy	1	27	7185
sequential_recurrent_greedy	1	28	7185
sequential_recurrent_greedy	1	29	287
sequential_recurrent_greedy	1	30	287
sequential_recurrent_greedy	1	31	764
sequential_recurrent_greedy	1	32	287
sequential_recurrent_greedy	1	33	1344
sequential_recurrent_greedy	1	34	1622
sequential_recurrent_greedy	1	35	231
sequential_recurrent_greedy	1	36	251
sequential_recurrent_greedy	1	37	5020
sequential_recurrent_greedy	1	38	335
sequential_recurrent_greedy	1	39	335
sequential_recurrent_greedy	1	40	4363
sequential_recurrent_greedy	1	41	556
sequential_recurrent_greedy	1	42	556
sequential_recurrent_greedy	1	43	221
sequential_recurrent_greedy	1	44	276
sequential_recurrent_greedy	1	45	634
sequential_recurrent_greedy	1	46	3107
sequential_recurrent_greedy	1	47	3698
sequential_recurrent_greedy	1	48	1082
sequential_recurrent_greedy	1	49	1082
sequential_recurrent_greedy	1	50	1082
sequential_recurrent_greedy	1	51	1066
sequential_recurrent_greedy	1	52	1066
sequential_recurrent_greedy	1	53	230
sequential_recurrent_greedy	1	54	3495
sequential_recurrent_greedy	1	55	3495
sequential_recurrent_greedy	1	56	3495
sequential_recurrent_greedy	1	57	3430
sequential_recurrent_greedy	1	58	4480
sequential_recurrent_greedy	1	59	4480
sequential_recurrent_greedy	1	60	4480
sequential_recurrent_greedy	1	61	4480
sequential_recurrent_greedy	1	62	4480
sequential_recurrent_greedy	1	63	4480
sequential_recurrent_greedy	1	64	4480
sequential_recurrent_greedy	2	1	255
sequential_recurrent_greedy	2	2	221
sequential_recurrent_greedy	2	3	266
sequential_recurrent_greedy	2	4	1
sequential_recurrent_greedy	2	5	250
sequential_recurrent_greedy	2	6	250
sequential_recurrent_greedy	2	7	266
sequential_recurrent_greedy	2	8	1
sequential_recurrent_greedy	2	9	369
sequential_recurrent_greedy	2	10	210
sequential_recurrent_greedy	2	11	556
sequential_recurrent_greedy	2	12	213
sequential_recurrent_greedy	2	13	238
sequential_recurrent_greedy	2	14	956
sequential_recurrent_greedy	2	15	310
sequential_recurrent_greedy	2	16	210
sequential_recurrent_greedy	2	17	255
sequential_recurrent_greedy	2	18	255
sequential_recurrent_greedy	2	19	255
sequential_recurrent_greedy	2	20	255
sequential_recurrent_greedy	2	21	255
sequential_recurrent_greedy	2	22	255
sequential_recurrent_greedy	2	23	255
sequential_recurrent_greedy	2	24	255
sequential_recurrent_greedy	2	25	255
sequential_recurrent_greedy	2	26	255
sequential_recurrent_greedy	2	27	255
sequential_recurrent_greedy	2	28	255
sequential_recurrent_greedy	2	29	255
sequential_recurrent_greedy	2	30	255
sequential_recurrent_greedy	2	31	255
sequential_recurrent_greedy	2	32	255
sequential_recurrent_greedy	2	33	255
sequential_recurrent_greedy	2	34	255
sequential_recurrent_greedy	2	35	255
sequential_recurrent_greedy	2	36	255
sequential_recurrent_greedy	2	37	255
sequential_recurrent_greedy	2	38	255
sequential_recurrent_greedy	2	39	255
sequential_recurrent_greedy	2	40	255
sequential_recurrent_greedy	2	41	255
sequential_recurrent_greedy	2	42	255
sequential_recurrent_greedy	2	43	255
sequential_recurrent_greedy	2	44	255
sequential_recurrent_greedy	2	45	255
sequential_recurrent_greedy	2	46	255
sequential_recurrent_greedy	2	47	255
sequential_recurrent_greedy	2	48	255
sequential_recurrent_greedy	2	49	255
sequential_recurrent_greedy	2	50	255
sequential_recurrent_greedy	2	51	255
sequential_recurrent_greedy	2	52	255
sequential_recurrent_greedy	2	53	255
sequential_recurrent_greedy	2	54	255
sequential_recurrent_greedy	2	55	255
sequential_recurrent_greedy	2	56	255
sequential_recurrent_greedy	2	57	255
sequential_recurrent_greedy	2	58	255
sequential_recurrent_greedy	2	59	255
sequential_recurrent_greedy	2	60	255
sequential_recurrent_greedy	2	61	255
sequential_recurrent_greedy	2	62	255
sequential_recurrent_greedy	2	63	255
sequential_recurrent_greedy	2	64	255
sequential_recurrent_greedy	3	1	24
sequential_recurrent_greedy	3	2	221
sequential_recurrent_greedy	3	3	266
sequential_recurrent_greedy	3	4	1
sequential_recurrent_greedy	3	5	250
sequential_recurrent_greedy	3	6	250
sequential_recurrent_greedy	3	7	250
sequential_recurrent_greedy	3	8	266
sequential_recurrent_greedy	3	9	1
sequential_recurrent_greedy	3	10	276
sequential_recurrent_greedy	3	11	276
sequential_recurrent_greedy	3	12	1198
sequential_recurrent_greedy	3	13	250
sequential_recurrent_greedy	3	14	250
sequential_recurrent_greedy	3	15	266
sequential_recurrent_greedy	3	16	1
sequential_recurrent_greedy	3	17	369
sequential_recurrent_greedy	3	18	210
sequential_recurrent_greedy	3	19	581
sequential_recurrent_greedy	3	20	581
sequential_recurrent_greedy	3	21	581
sequential_recurrent_greedy	3	22	3985
sequential_recurrent_greedy	3	23	213
sequential_recurrent_greedy	3	24	208
sequential_recurrent_greedy	3	25	287
sequential_recurrent_greedy	3	26	287
sequential_recurrent_greedy	3	27	287
sequential_recurrent_greedy	3	28	556
sequential_recurrent_greedy	3	29	287
sequential_recurrent_greedy	3	30	1344
sequential_recurrent_greedy	3	31	1622
sequential_recurrent_greedy	3	32	231
sequential_recurrent_greedy	3	33	4842
sequential_recurrent_greedy	3	34	322
sequential_recurrent_greedy	3	35	255
sequential_recurrent_greedy	3	36	255
sequential_recurrent_greedy	3	37	255
sequential_recurrent_greedy	3	38	255
sequential_recurrent_greedy	3	39	255
sequential_recurrent_greedy	3	40	255
sequential_recurrent_greedy	3	41	255
sequential_recurrent_greedy	3	42	3107
sequential_recurrent_greedy	3	43	3107
sequential_recurrent_greedy	3	44	3107
sequential_recurrent_greedy	3	45	302
sequential_recurrent_greedy	3	46	297
sequential_recurrent_greedy	3	47	302
sequential_recurrent_greedy	3	48	15
sequential_recurrent_greedy	3	49	302
sequential_recurrent_greedy	3	50	15
sequential_recurrent_greedy	3	51	266
sequential_recurrent_greedy	3	52	1
sequential_recurrent_greedy	3	53	689
sequential_recurrent_greedy	3	54	949
sequential_recurrent_greedy	3	55	949
sequential_recurrent_greedy	3	56	1234
sequential_recurrent_greedy	3	57	581
sequential_recurrent_greedy	3	58	581
sequential_recurrent_greedy	3	59	581
sequential_recurrent_greedy	3	60	355
sequential_recurrent_greedy	3	61	647
sequential_recurrent_greedy	3	62	4889
sequential_recurrent_greedy	3	63	4889
sequential_recurrent_greedy	3	64	292
sequential_recurrent_greedy	4	1	231
sequential_recurrent_greedy	4	2	210
sequential_recurrent_greedy	4	3	473
sequential_recurrent_greedy	4	4	596
sequential_recurrent_greedy	4	5	213
sequential_recurrent_greedy	4	6	238
sequential_recurrent_greedy	4	7	327
sequential_recurrent_greedy	4	8	208
sequential_recurrent_greedy	4	9	287
sequential_recurrent_greedy	4	10	596
sequential_recurrent_greedy	4	11	596
sequential_recurrent_greedy	4	12	307
sequential_recurrent_greedy	4	13	208
sequential_recurrent_greedy	4	14	596
sequential_recurrent_greedy	4	15	231
sequential_recurrent_greedy	4	16	210
sequential_recurrent_greedy	4	17	556
sequential_recurrent_greedy	4	18	213
sequential_recurrent_greedy	4	19	210
sequential_recurrent_greedy	4	20	556
sequential_recurrent_greedy	4	21	213
sequential_recurrent_greedy	4	22	255
sequential_recurrent_greedy	4	23	255
sequential_recurrent_greedy	4	24	255
sequential_recurrent_greedy	4	25	255
sequential_recurrent_greedy	4	26	255
sequential_recurrent_greedy	4	27	255
sequential_recurrent_greedy	4	28	255
sequential_recurrent_greedy	4	29	255
sequential_recurrent_greedy	4	30	255
sequential_recurrent_greedy	4	31	255
sequential_recurrent_greedy	4	32	255
sequential_recurrent_greedy	4	33	255
sequential_recurrent_greedy	4	34	255
sequential_recurrent_greedy	4	35	255
sequential_recurrent_greedy	4	36	255
sequential_recurrent_greedy	4	37	255
sequential_recurrent_greedy	4	38	255
sequential_recurrent_greedy	4	39	255
sequential_recurrent_greedy	4	40	255
sequential_recurrent_greedy	4	41	255
sequential_recurrent_greedy	4	42	255
sequential_recurrent_greedy	4	43	255
sequential_recurrent_greedy	4	44	255
sequential_recurrent_greedy	4	45	255
sequential_recurrent_greedy	4	46	255
sequential_recurrent_greedy	4	47	255
sequential_recurrent_greedy	4	48	255
sequential_recurrent_greedy	4	49	255
sequential_recurrent_greedy	4	50	255
sequential_recurrent_greedy	4	51	255
sequential_recurrent_greedy	4	52	255
sequential_recurrent_greedy	4	53	255
sequential_recurrent_greedy	4	54	255
sequential_recurrent_greedy	4	55	255
sequential_recurrent_greedy	4	56	255
sequential_recurrent_greedy	4	57	255
sequential_recurrent_greedy	4	58	255
sequential_recurrent_greedy	4	59	255
sequential_recurrent_greedy	4	60	255
sequential_recurrent_greedy	4	61	255
sequential_recurrent_greedy	4	62	255
sequential_recurrent_greedy	4	63	255
sequential_recurrent_greedy	4	64	255
sequential_recurrent_greedy	5	1	473
sequential_recurrent_greedy	5	2	953
sequential_recurrent_greedy	5	3	231
sequential_recurrent_greedy	5	4	210
sequential_recurrent_greedy	5	5	953
sequential_recurrent_greedy	5	6	213
sequential_recurrent_greedy	5	7	255
sequential_recurrent_greedy	5	8	276
sequential_recurrent_greedy	5	9	255
sequential_recurrent_greedy	5	10	255
sequential_recurrent_greedy	5	11	255
sequential_recurrent_greedy	5	12	255
sequential_recurrent_greedy	5	13	255
sequential_recurrent_greedy	5	14	255
sequential_recurrent_greedy	5	15	255
sequential_recurrent_greedy	5	16	255
sequential_recurrent_greedy	5	17	255
sequential_recurrent_greedy	5	18	255
sequential_recurrent_greedy	5	19	255
sequential_recurrent_greedy	5	20	255
sequential_recurrent_greedy	5	21	255
sequential_recurrent_greedy	5	22	255
sequential_recurrent_greedy	5	23	255
sequential_recurrent_greedy	5	24	255
sequential_recurrent_greedy	5	25	255
sequential_recurrent_greedy	5	26	255
sequential_recurrent_greedy	5	27	255
sequential_recurrent_greedy	5	28	255
sequential_recurrent_greedy	5	29	255
sequential_recurrent_greedy	5	30	255
sequential_recurrent_greedy	5	31	255
sequential_recurrent_greedy	5	32	255
sequential_recurrent_greedy	5	33	255
sequential_recurrent_greedy	5	34	255
sequential_recurrent_greedy	5	35	255
sequential_recurrent_greedy	5	36	255
sequential_recurrent_greedy	5	37	255
sequential_recurrent_greedy	5	38	255
sequential_recurrent_greedy	5	39	255
sequential_recurrent_greedy	5	40	255
sequential_recurrent_greedy	5	41	255
sequential_recurrent_greedy	5	42	255
sequential_recurrent_greedy	5	43	255
sequential_recurrent_greedy	5	44	255
sequential_recurrent_greedy	5	45	255
sequential_recurrent_greedy	5	46	255
sequential_recurrent_greedy	5	47	255
sequential_recurrent_greedy	5	48	255
sequential_recurrent_greedy	5	49	255
sequential_recurrent_greedy	5	50	255
sequential_recurrent_greedy	5	51	255
sequential_recurrent_greedy	5	52	255
sequential_recurrent_greedy	5	53	255
sequential_recurrent_greedy	5	54	255
sequential_recurrent_greedy	5	55	255
sequential_recurrent_greedy	5	56	255
sequential_recurrent_greedy	5	57	255
sequential_recurrent_greedy	5	58	255
sequential_recurrent_greedy	5	59	255
sequential_recurrent_greedy	5	60	255
sequential_recurrent_greedy	5	61	255
sequential_recurrent_greedy	5	62	255
sequential_recurrent_greedy	5	63	255
sequential_recurrent_greedy	5	64	255
sequential_recurrent_greedy	6	1	1909
sequential_recurrent_greedy	6	2	213
sequential_recurrent_greedy	6	3	238
sequential_recurrent_greedy	6	4	210
sequential_recurrent_greedy	6	5	1069
sequential_recurrent_greedy	6	6	1335
sequential_recurrent_greedy	6	7	405
sequential_recurrent_greedy	6	8	534
sequential_recurrent_greedy	6	9	208
sequential_recurrent_greedy	6	10	287
sequential_recurrent_greedy	6	11	556
sequential_recurrent_greedy	6	12	287
sequential_recurrent_greedy	6	13	556
sequential_recurrent_greedy	6	14	556
sequential_recurrent_greedy	6	15	221
sequential_recurrent_greedy	6	16	369
sequential_recurrent_greedy	6	17	210
sequential_recurrent_greedy	6	18	596
sequential_recurrent_greedy	6	19	255
sequential_recurrent_greedy	6	20	255
sequential_recurrent_greedy	6	21	255
sequential_recurrent_greedy	6	22	255
sequential_recurrent_greedy	6	23	213
sequential_recurrent_greedy	6	24	255
sequential_recurrent_greedy	6	25	255
sequential_recurrent_greedy	6	26	255
sequential_recurrent_greedy	6	27	255
sequential_recurrent_greedy	6	28	255
sequential_recurrent_greedy	6	29	255
sequential_recurrent_greedy	6	30	255
sequential_recurrent_greedy	6	31	255
sequential_recurrent_greedy	6	32	255
sequential_recurrent_greedy	6	33	255
sequential_recurrent_greedy	6	34	255
sequential_recurrent_greedy	6	35	255
sequential_recurrent_greedy	6	36	255
sequential_recurrent_greedy	6	37	255
sequential_recurrent_greedy	6	38	255
sequential_recurrent_greedy	6	39	255
sequential_recurrent_greedy	6	40	255
sequential_recurrent_greedy	6	41	255
sequential_recurrent_greedy	6	42	255
sequential_recurrent_greedy	6	43	255
sequential_recurrent_greedy	6	44	255
sequential_recurrent_greedy	6	45	255
sequential_recurrent_greedy	6	46	255
sequential_recurrent_greedy	6	47	255
sequential_recurrent_greedy	6	48	255
sequential_recurrent_greedy	6	49	255
sequential_recurrent_greedy	6	50	255
sequential_recurrent_greedy	6	51	255
sequential_recurrent_greedy	6	52	255
sequential_recurrent_greedy	6	53	255
sequential_recurrent_greedy	6	54	255
sequential_recurrent_greedy	6	55	255
sequential_recurrent_greedy	6	56	255
sequential_recurrent_greedy	6	57	255
sequential_recurrent_greedy	6	58	255
sequential_recurrent_greedy	6	59	255
sequential_recurrent_greedy	6	60	255
sequential_recurrent_greedy	6	61	255
sequential_recurrent_greedy	6	62	255
sequential_recurrent_greedy	6	63	255
sequential_recurrent_greedy	6	64	255
sequential_recurrent_greedy	7	1	80
sequential_recurrent_greedy	7	2	327
sequential_recurrent_greedy	7	3	208
sequential_recurrent_greedy	7	4	255
sequential_recurrent_greedy	7	5	231
sequential_recurrent_greedy	7	6	210
sequential_recurrent_greedy	7	7	596
sequential_recurrent_greedy	7	8	213
sequential_recurrent_greedy	7	9	255
sequential_recurrent_greedy	7	10	255
sequential_recurrent_greedy	7	11	221
sequential_recurrent_greedy	7	12	276
sequential_recurrent_greedy	7	13	255
sequential_recurrent_greedy	7	14	255
sequential_recurrent_greedy	7	15	255
sequential_recurrent_greedy	7	16	255
sequential_recurrent_greedy	7	17	255
sequential_recurrent_greedy	7	18	255
sequential_recurrent_greedy	7	19	255
sequential_recurrent_greedy	7	20	255
sequential_recurrent_greedy	7	21	255
sequential_recurrent_greedy	7	22	255
sequential_recurrent_greedy	7	23	255
sequential_recurrent_greedy	7	24	255
sequential_recurrent_greedy	7	25	255
sequential_recurrent_greedy	7	26	255
sequential_recurrent_greedy	7	27	255
sequential_recurrent_greedy	7	28	255
sequential_recurrent_greedy	7	29	255
sequential_recurrent_greedy	7	30	255
sequential_recurrent_greedy	7	31	255
sequential_recurrent_greedy	7	32	255
sequential_recurrent_greedy	7	33	255
sequential_recurrent_greedy	7	34	255
sequential_recurrent_greedy	7	35	255
sequential_recurrent_greedy	7	36	255
sequential_recurrent_greedy	7	37	255
sequential_recurrent_greedy	7	38	255
sequential_recurrent_greedy	7	39	255
sequential_recurrent_greedy	7	40	255
sequential_recurrent_greedy	7	41	255
sequential_recurrent_greedy	7	42	255
sequential_recurrent_greedy	7	43	255
sequential_recurrent_greedy	7	44	255
sequential_recurrent_greedy	7	45	255
sequential_recurrent_greedy	7	46	255
sequential_recurrent_greedy	7	47	255
sequential_recurrent_greedy	7	48	255
sequential_recurrent_greedy	7	49	255
sequential_recurrent_greedy	7	50	255
sequential_recurrent_greedy	7	51	255
sequential_recurrent_greedy	7	52	255
sequential_recurrent_greedy	7	53	255
sequential_recurrent_greedy	7	54	255
sequential_recurrent_greedy	7	55	255
sequential_recurrent_greedy	7	56	255
sequential_recurrent_greedy	7	57	255
sequential_recurrent_greedy	7	58	255
sequential_recurrent_greedy	7	59	255
sequential_recurrent_greedy	7	60	255
sequential_recurrent_greedy	7	61	255
sequential_recurrent_greedy	7	62	255
sequential_recurrent_greedy	7	63	255
sequential_recurrent_greedy	7	64	255
sequential_recurrent_greedy	8	1	210
sequential_recurrent_greedy	8	2	1161
sequential_recurrent_greedy	8	3	231
sequential_recurrent_greedy	8	4	210
sequential_recurrent_greedy	8	5	1225
sequential_recurrent_greedy	8	6	221
sequential_recurrent_greedy	8	7	266
sequential_recurrent_greedy	8	8	1
sequential_recurrent_greedy	8	9	250
sequential_recurrent_greedy	8	10	250
sequential_recurrent_greedy	8	11	266
sequential_recurrent_greedy	8	12	1
sequential_recurrent_greedy	8	13	369
sequential_recurrent_greedy	8	14	210
sequential_recurrent_greedy	8	15	596
sequential_recurrent_greedy	8	16	279
sequential_recurrent_greedy	8	17	84
sequential_recurrent_greedy	8	18	545
sequential_recurrent_greedy	8	19	545
sequential_recurrent_greedy	8	20	545
sequential_recurrent_greedy	8	21	787
sequential_recurrent_greedy	8	22	210
sequential_recurrent_greedy	8	23	556
sequential_recurrent_greedy	8	24	287
sequential_recurrent_greedy	8	25	556
sequential_recurrent_greedy	8	26	287
sequential_recurrent_greedy	8	27	1344
sequential_recurrent_greedy	8	28	747
sequential_recurrent_greedy	8	29	322
sequential_recurrent_greedy	8	30	255
sequential_recurrent_greedy	8	31	255
sequential_recurrent_greedy	8	32	255
sequential_recurrent_greedy	8	33	255
sequential_recurrent_greedy	8	34	255
sequential_recurrent_greedy	8	35	634
sequential_recurrent_greedy	8	36	634
sequential_recurrent_greedy	8	37	1078
sequential_recurrent_greedy	8	38	7605
sequential_recurrent_greedy	8	39	239
sequential_recurrent_greedy	8	40	392
sequential_recurrent_greedy	8	41	379
sequential_recurrent_greedy	8	42	279
sequential_recurrent_greedy	8	43	279
sequential_recurrent_greedy	8	44	84
sequential_recurrent_greedy	8	45	279
sequential_recurrent_greedy	8	46	2711
sequential_recurrent_greedy	8	47	322
sequential_recurrent_greedy	8	48	221
sequential_recurrent_greedy	8	49	266
sequential_recurrent_greedy	8	50	1
sequential_recurrent_greedy	8	51	4983
sequential_recurrent_greedy	8	52	250
sequential_recurrent_greedy	8	53	250
sequential_recurrent_greedy	8	54	266
sequential_recurrent_greedy	8	55	266
sequential_recurrent_greedy	8	56	1
sequential_recurrent_greedy	8	57	213
sequential_recurrent_greedy	8	58	452
sequential_recurrent_greedy	8	59	2737
sequential_recurrent_greedy	8	60	1275
sequential_recurrent_greedy	8	61	1275
sequential_recurrent_greedy	8	62	6105
sequential_recurrent_greedy	8	63	319
sequential_recurrent_greedy	8	64	210
sequential_recurrent_greedy	9	1	221
sequential_recurrent_greedy	9	2	266
sequential_recurrent_greedy	9	3	1
sequential_recurrent_greedy	9	4	250
sequential_recurrent_greedy	9	5	250
sequential_recurrent_greedy	9	6	250
sequential_recurrent_greedy	9	7	266
sequential_recurrent_greedy	9	8	1
sequential_recurrent_greedy	9	9	276
sequential_recurrent_greedy	9	10	1198
sequential_recurrent_greedy	9	11	279
sequential_recurrent_greedy	9	12	84
sequential_recurrent_greedy	9	13	258
sequential_recurrent_greedy	9	14	258
sequential_recurrent_greedy	9	15	378
sequential_recurrent_greedy	9	16	208
sequential_recurrent_greedy	9	17	287
sequential_recurrent_greedy	9	18	287
sequential_recurrent_greedy	9	19	287
sequential_recurrent_greedy	9	20	556
sequential_recurrent_greedy	9	21	287
sequential_recurrent_greedy	9	22	556
sequential_recurrent_greedy	9	23	213
sequential_recurrent_greedy	9	24	208
sequential_recurrent_greedy	9	25	255
sequential_recurrent_greedy	9	26	255
sequential_recurrent_greedy	9	27	255
sequential_recurrent_greedy	9	28	255
sequential_recurrent_greedy	9	29	255
sequential_recurrent_greedy	9	30	255
sequential_recurrent_greedy	9	31	255
sequential_recurrent_greedy	9	32	255
sequential_recurrent_greedy	9	33	255
sequential_recurrent_greedy	9	34	255
sequential_recurrent_greedy	9	35	255
sequential_recurrent_greedy	9	36	255
sequential_recurrent_greedy	9	37	255
sequential_recurrent_greedy	9	38	255
sequential_recurrent_greedy	9	39	255
sequential_recurrent_greedy	9	40	255
sequential_recurrent_greedy	9	41	255
sequential_recurrent_greedy	9	42	255
sequential_recurrent_greedy	9	43	255
sequential_recurrent_greedy	9	44	255
sequential_recurrent_greedy	9	45	255
sequential_recurrent_greedy	9	46	255
sequential_recurrent_greedy	9	47	255
sequential_recurrent_greedy	9	48	255
sequential_recurrent_greedy	9	49	255
sequential_recurrent_greedy	9	50	255
sequential_recurrent_greedy	9	51	255
sequential_recurrent_greedy	9	52	255
sequential_recurrent_greedy	9	53	255
sequential_recurrent_greedy	9	54	255
sequential_recurrent_greedy	9	55	255
sequential_recurrent_greedy	9	56	255
sequential_recurrent_greedy	9	57	255
sequential_recurrent_greedy	9	58	255
sequential_recurrent_greedy	9	59	255
sequential_recurrent_greedy	9	60	255
sequential_recurrent_greedy	9	61	255
sequential_recurrent_greedy	9	62	255
sequential_recurrent_greedy	9	63	255
sequential_recurrent_greedy	9	64	255
sequential_recurrent_greedy	10	1	231
sequential_recurrent_greedy	10	2	210
sequential_recurrent_greedy	10	3	718
sequential_recurrent_greedy	10	4	279
sequential_recurrent_greedy	10	5	84
sequential_recurrent_greedy	10	6	473
sequential_recurrent_greedy	10	7	287
sequential_recurrent_greedy	10	8	287
sequential_recurrent_greedy	10	9	556
sequential_recurrent_greedy	10	10	596
sequential_recurrent_greedy	10	11	213
sequential_recurrent_greedy	10	12	255
sequential_recurrent_greedy	10	13	255
sequential_recurrent_greedy	10	14	255
sequential_recurrent_greedy	10	15	255
sequential_recurrent_greedy	10	16	255
sequential_recurrent_greedy	10	17	255
sequential_recurrent_greedy	10	18	255
sequential_recurrent_greedy	10	19	255
sequential_recurrent_greedy	10	20	255
sequential_recurrent_greedy	10	21	255
sequential_recurrent_greedy	10	22	255
sequential_recurrent_greedy	10	23	255
sequential_recurrent_greedy	10	24	255
sequential_recurrent_greedy	10	25	255
sequential_recurrent_greedy	10	26	255
sequential_recurrent_greedy	10	27	255
sequential_recurrent_greedy	10	28	255
sequential_recurrent_greedy	10	29	255
sequential_recurrent_greedy	10	30	255
sequential_recurrent_greedy	10	31	255
sequential_recurrent_greedy	10	32	255
sequential_recurrent_greedy	10	33	255
sequential_recurrent_greedy	10	34	255
sequential_recurrent_greedy	10	35	255
sequential_recurrent_greedy	10	36	255
sequential_recurrent_greedy	10	37	255
sequential_recurrent_greedy	10	38	255
sequential_recurrent_greedy	10	39	255
sequential_recurrent_greedy	10	40	255
sequential_recurrent_greedy	10	41	255
sequential_recurrent_greedy	10	42	255
sequential_recurrent_greedy	10	43	255
sequential_recurrent_greedy	10	44	255
sequential_recurrent_greedy	10	45	255
sequential_recurrent_greedy	10	46	255
sequential_recurrent_greedy	10	47	255
sequential_recurrent_greedy	10	48	255
sequential_recurrent_greedy	10	49	255
sequential_recurrent_greedy	10	50	255
sequential_recurrent_greedy	10	51	255
sequential_recurrent_greedy	10	52	255
sequential_recurrent_greedy	10	53	255
sequential_recurrent_greedy	10	54	255
sequential_recurrent_greedy	10	55	255
sequential_recurrent_greedy	10	56	255
sequential_recurrent_greedy	10	57	255
sequential_recurrent_greedy	10	58	255
sequential_recurrent_greedy	10	59	255
sequential_recurrent_greedy	10	60	255
sequential_recurrent_greedy	10	61	255
sequential_recurrent_greedy	10	62	255
sequential_recurrent_greedy	10	63	255
sequential_recurrent_greedy	10	64	255
sequential_recurrent_greedy	11	1	208
sequential_recurrent_greedy	11	2	1530
sequential_recurrent_greedy	11	3	231
sequential_recurrent_greedy	11	4	210
sequential_recurrent_greedy	11	5	1513
sequential_recurrent_greedy	11	6	221
sequential_recurrent_greedy	11	7	266
sequential_recurrent_greedy	11	8	1
sequential_recurrent_greedy	11	9	250
sequential_recurrent_greedy	11	10	250
sequential_recurrent_greedy	11	11	266
sequential_recurrent_greedy	11	12	1
sequential_recurrent_greedy	11	13	369
sequential_recurrent_greedy	11	14	210
sequential_recurrent_greedy	11	15	596
sequential_recurrent_greedy	11	16	213
sequential_recurrent_greedy	11	17	425
sequential_recurrent_greedy	11	18	1736
sequential_recurrent_greedy	11	19	239
sequential_recurrent_greedy	11	20	210
sequential_recurrent_greedy	11	21	255
sequential_recurrent_greedy	11	22	255
sequential_recurrent_greedy	11	23	255
sequential_recurrent_greedy	11	24	255
sequential_recurrent_greedy	11	25	255
sequential_recurrent_greedy	11	26	255
sequential_recurrent_greedy	11	27	255
sequential_recurrent_greedy	11	28	255
sequential_recurrent_greedy	11	29	255
sequential_recurrent_greedy	11	30	255
sequential_recurrent_greedy	11	31	255
sequential_recurrent_greedy	11	32	255
sequential_recurrent_greedy	11	33	255
sequential_recurrent_greedy	11	34	255
sequential_recurrent_greedy	11	35	255
sequential_recurrent_greedy	11	36	255
sequential_recurrent_greedy	11	37	255
sequential_recurrent_greedy	11	38	255
sequential_recurrent_greedy	11	39	255
sequential_recurrent_greedy	11	40	255
sequential_recurrent_greedy	11	41	255
sequential_recurrent_greedy	11	42	255
sequential_recurrent_greedy	11	43	255
sequential_recurrent_greedy	11	44	255
sequential_recurrent_greedy	11	45	255
sequential_recurrent_greedy	11	46	255
sequential_recurrent_greedy	11	47	255
sequential_recurrent_greedy	11	48	255
sequential_recurrent_greedy	11	49	255
sequential_recurrent_greedy	11	50	255
sequential_recurrent_greedy	11	51	255
sequential_recurrent_greedy	11	52	255
sequential_recurrent_greedy	11	53	255
sequential_recurrent_greedy	11	54	255
sequential_recurrent_greedy	11	55	255
sequential_recurrent_greedy	11	56	255
sequential_recurrent_greedy	11	57	255
sequential_recurrent_greedy	11	58	255
sequential_recurrent_greedy	11	59	255
sequential_recurrent_greedy	11	60	255
sequential_recurrent_greedy	11	61	255
sequential_recurrent_greedy	11	62	255
sequential_recurrent_greedy	11	63	255
sequential_recurrent_greedy	11	64	255
sequential_recurrent_greedy	12	1	522
sequential_recurrent_greedy	12	2	210
sequential_recurrent_greedy	12	3	473
sequential_recurrent_greedy	12	4	287
sequential_recurrent_greedy	12	5	596
sequential_recurrent_greedy	12	6	221
sequential_recurrent_greedy	12	7	266
sequential_recurrent_greedy	12	8	1
sequential_recurrent_greedy	12	9	250
sequential_recurrent_greedy	12	10	250
sequential_recurrent_greedy	12	11	250
sequential_recurrent_greedy	12	12	266
sequential_recurrent_greedy	12	13	1
sequential_recurrent_greedy	12	14	276
sequential_recurrent_greedy	12	15	1198
sequential_recurrent_greedy	12	16	250
sequential_recurrent_greedy	12	17	250
sequential_recurrent_greedy	12	18	266
sequential_recurrent_greedy	12	19	1
sequential_recurrent_greedy	12	20	369
sequential_recurrent_greedy	12	21	210
sequential_recurrent_greedy	12	22	287
sequential_recurrent_greedy	12	23	287
sequential_recurrent_greedy	12	24	1311
sequential_recurrent_greedy	12	25	7185
sequential_recurrent_greedy	12	26	7185
sequential_recurrent_greedy	12	27	7185
sequential_recurrent_greedy	12	28	287
sequential_recurrent_greedy	12	29	287
sequential_recurrent_greedy	12	30	303
sequential_recurrent_greedy	12	31	395
sequential_recurrent_greedy	12	32	395
sequential_recurrent_greedy	12	33	231
sequential_recurrent_greedy	12	34	335
sequential_recurrent_greedy	12	35	1234
sequential_recurrent_greedy	12	36	1234
sequential_recurrent_greedy	12	37	556
sequential_recurrent_greedy	12	38	556
sequential_recurrent_greedy	12	39	213
sequential_recurrent_greedy	12	40	392
sequential_recurrent_greedy	12	41	888
sequential_recurrent_greedy	12	42	392
sequential_recurrent_greedy	12	43	392
sequential_recurrent_greedy	12	44	3634
sequential_recurrent_greedy	12	45	3634
sequential_recurrent_greedy	12	46	3449
sequential_recurrent_greedy	12	47	3449
sequential_recurrent_greedy	12	48	3449
sequential_recurrent_greedy	12	49	3449
sequential_recurrent_greedy	12	50	489
sequential_recurrent_greedy	12	51	4480
sequential_recurrent_greedy	12	52	4480
sequential_recurrent_greedy	12	53	4480
sequential_recurrent_greedy	12	54	4480
sequential_recurrent_greedy	12	55	4480
sequential_recurrent_greedy	12	56	4480
sequential_recurrent_greedy	12	57	4480
sequential_recurrent_greedy	12	58	4480
sequential_recurrent_greedy	12	59	4480
sequential_recurrent_greedy	12	60	4480
sequential_recurrent_greedy	12	61	4480
sequential_recurrent_greedy	12	62	4480
sequential_recurrent_greedy	12	63	4480
sequential_recurrent_greedy	12	64	4480
sequential_recurrent_greedy	13	1	473
sequential_recurrent_greedy	13	2	596
sequential_recurrent_greedy	13	3	221
sequential_recurrent_greedy	13	4	266
sequential_recurrent_greedy	13	5	1
sequential_recurrent_greedy	13	6	250
sequential_recurrent_greedy	13	7	250
sequential_recurrent_greedy	13	8	266
sequential_recurrent_greedy	13	9	1
sequential_recurrent_greedy	13	10	276
sequential_recurrent_greedy	13	11	1198
sequential_recurrent_greedy	13	12	238
sequential_recurrent_greedy	13	13	1198
sequential_recurrent_greedy	13	14	2831
sequential_recurrent_greedy	13	15	213
sequential_recurrent_greedy	13	16	208
sequential_recurrent_greedy	13	17	287
sequential_recurrent_greedy	13	18	287
sequential_recurrent_greedy	13	19	287
sequential_recurrent_greedy	13	20	287
sequential_recurrent_greedy	13	21	556
sequential_recurrent_greedy	13	22	287
sequential_recurrent_greedy	13	23	556
sequential_recurrent_greedy	13	24	556
sequential_recurrent_greedy	13	25	221
sequential_recurrent_greedy	13	26	255
sequential_recurrent_greedy	13	27	255
sequential_recurrent_greedy	13	28	255
sequential_recurrent_greedy	13	29	255
sequential_recurrent_greedy	13	30	255
sequential_recurrent_greedy	13	31	255
sequential_recurrent_greedy	13	32	3107
sequential_recurrent_greedy	13	33	3107
sequential_recurrent_greedy	13	34	3107
sequential_recurrent_greedy	13	35	3107
sequential_recurrent_greedy	13	36	3107
sequential_recurrent_greedy	13	37	966
sequential_recurrent_greedy	13	38	425
sequential_recurrent_greedy	13	39	208
sequential_recurrent_greedy	13	40	208
sequential_recurrent_greedy	13	41	1758
sequential_recurrent_greedy	13	42	231
sequential_recurrent_greedy	13	43	949
sequential_recurrent_greedy	13	44	545
sequential_recurrent_greedy	13	45	787
sequential_recurrent_greedy	13	46	556
sequential_recurrent_greedy	13	47	556
sequential_recurrent_greedy	13	48	556
sequential_recurrent_greedy	13	49	556
sequential_recurrent_greedy	13	50	556
sequential_recurrent_greedy	13	51	213
sequential_recurrent_greedy	13	52	452
sequential_recurrent_greedy	13	53	634
sequential_recurrent_greedy	13	54	634
sequential_recurrent_greedy	13	55	521
sequential_recurrent_greedy	13	56	521
sequential_recurrent_greedy	13	57	322
sequential_recurrent_greedy	13	58	213
sequential_recurrent_greedy	13	59	745
sequential_recurrent_greedy	13	60	1495
sequential_recurrent_greedy	13	61	1495
sequential_recurrent_greedy	13	62	1495
sequential_recurrent_greedy	13	63	3773
sequential_recurrent_greedy	13	64	279
sequential_recurrent_greedy	14	1	308
sequential_recurrent_greedy	14	2	208
sequential_recurrent_greedy	14	3	255
sequential_recurrent_greedy	14	4	255
sequential_recurrent_greedy	14	5	221
sequential_recurrent_greedy	14	6	266
sequential_recurrent_greedy	14	7	1
sequential_recurrent_greedy	14	8	250
sequential_recurrent_greedy	14	9	250
sequential_recurrent_greedy	14	10	266
sequential_recurrent_greedy	14	11	1
sequential_recurrent_greedy	14	12	369
sequential_recurrent_greedy	14	13	210
sequential_recurrent_greedy	14	14	596
sequential_recurrent_greedy	14	15	213
sequential_recurrent_greedy	14	16	425
sequential_recurrent_greedy	14	17	425
sequential_recurrent_greedy	14	18	1736
sequential_recurrent_greedy	14	19	239
sequential_recurrent_greedy	14	20	210
sequential_recurrent_greedy	14	21	255
sequential_recurrent_greedy	14	22	255
sequential_recurrent_greedy	14	23	210
sequential_recurrent_greedy	14	24	255
sequential_recurrent_greedy	14	25	255
sequential_recurrent_greedy	14	26	255
sequential_recurrent_greedy	14	27	255
sequential_recurrent_greedy	14	28	255
sequential_recurrent_greedy	14	29	255
sequential_recurrent_greedy	14	30	255
sequential_recurrent_greedy	14	31	255
sequential_recurrent_greedy	14	32	255
sequential_recurrent_greedy	14	33	255
sequential_recurrent_greedy	14	34	255
sequential_recurrent_greedy	14	35	255
sequential_recurrent_greedy	14	36	255
sequential_recurrent_greedy	14	37	255
sequential_recurrent_greedy	14	38	255
sequential_recurrent_greedy	14	39	255
sequential_recurrent_greedy	14	40	255
sequential_recurrent_greedy	14	41	255
sequential_recurrent_greedy	14	42	255
sequential_recurrent_greedy	14	43	255
sequential_recurrent_greedy	14	44	255
sequential_recurrent_greedy	14	45	255
sequential_recurrent_greedy	14	46	255
sequential_recurrent_greedy	14	47	255
sequential_recurrent_greedy	14	48	255
sequential_recurrent_greedy	14	49	255
sequential_recurrent_greedy	14	50	255
sequential_recurrent_greedy	14	51	255
sequential_recurrent_greedy	14	52	255
sequential_recurrent_greedy	14	53	255
sequential_recurrent_greedy	14	54	255
sequential_recurrent_greedy	14	55	255
sequential_recurrent_greedy	14	56	255
sequential_recurrent_greedy	14	57	255
sequential_recurrent_greedy	14	58	255
sequential_recurrent_greedy	14	59	255
sequential_recurrent_greedy	14	60	255
sequential_recurrent_greedy	14	61	255
sequential_recurrent_greedy	14	62	255
sequential_recurrent_greedy	14	63	255
sequential_recurrent_greedy	14	64	255
sequential_recurrent_greedy	15	1	287
sequential_recurrent_greedy	15	2	287
sequential_recurrent_greedy	15	3	1171
sequential_recurrent_greedy	15	4	287
sequential_recurrent_greedy	15	5	596
sequential_recurrent_greedy	15	6	221
sequential_recurrent_greedy	15	7	266
sequential_recurrent_greedy	15	8	1
sequential_recurrent_greedy	15	9	250
sequential_recurrent_greedy	15	10	250
sequential_recurrent_greedy	15	11	250
sequential_recurrent_greedy	15	12	266
sequential_recurrent_greedy	15	13	1
sequential_recurrent_greedy	15	14	276
sequential_recurrent_greedy	15	15	238
sequential_recurrent_greedy	15	16	378
sequential_recurrent_greedy	15	17	425
sequential_recurrent_greedy	15	18	522
sequential_recurrent_greedy	15	19	522
sequential_recurrent_greedy	15	20	208
sequential_recurrent_greedy	15	21	287
sequential_recurrent_greedy	15	22	287
sequential_recurrent_greedy	15	23	287
sequential_recurrent_greedy	15	24	287
sequential_recurrent_greedy	15	25	556
sequential_recurrent_greedy	15	26	287
sequential_recurrent_greedy	15	27	556
sequential_recurrent_greedy	15	28	213
sequential_recurrent_greedy	15	29	425
sequential_recurrent_greedy	15	30	425
sequential_recurrent_greedy	15	31	312
sequential_recurrent_greedy	15	32	255
sequential_recurrent_greedy	15	33	255
sequential_recurrent_greedy	15	34	251
sequential_recurrent_greedy	15	35	4352
sequential_recurrent_greedy	15	36	52
sequential_recurrent_greedy	15	37	556
sequential_recurrent_greedy	15	38	556
sequential_recurrent_greedy	15	39	228
sequential_recurrent_greedy	15	40	228
sequential_recurrent_greedy	15	41	370
sequential_recurrent_greedy	15	42	221
sequential_recurrent_greedy	15	43	279
sequential_recurrent_greedy	15	44	279
sequential_recurrent_greedy	15	45	84
sequential_recurrent_greedy	15	46	3449
sequential_recurrent_greedy	15	47	18
sequential_recurrent_greedy	15	48	18
sequential_recurrent_greedy	15	49	949
sequential_recurrent_greedy	15	50	949
sequential_recurrent_greedy	15	51	1234
sequential_recurrent_greedy	15	52	213
sequential_recurrent_greedy	15	53	213
sequential_recurrent_greedy	15	54	213
sequential_recurrent_greedy	15	55	307
sequential_recurrent_greedy	15	56	7447
sequential_recurrent_greedy	15	57	7447
sequential_recurrent_greedy	15	58	7447
sequential_recurrent_greedy	15	59	2384
sequential_recurrent_greedy	15	60	556
sequential_recurrent_greedy	15	61	213
sequential_recurrent_greedy	15	62	210
sequential_recurrent_greedy	15	63	231
sequential_recurrent_greedy	15	64	958
sequential_recurrent_greedy	16	1	210
sequential_recurrent_greedy	16	2	473
sequential_recurrent_greedy	16	3	287
sequential_recurrent_greedy	16	4	556
sequential_recurrent_greedy	16	5	213
sequential_recurrent_greedy	16	6	304
sequential_recurrent_greedy	16	7	327
sequential_recurrent_greedy	16	8	208
sequential_recurrent_greedy	16	9	255
sequential_recurrent_greedy	16	10	231
sequential_recurrent_greedy	16	11	210
sequential_recurrent_greedy	16	12	255
sequential_recurrent_greedy	16	13	255
sequential_recurrent_greedy	16	14	255
sequential_recurrent_greedy	16	15	255
sequential_recurrent_greedy	16	16	255
sequential_recurrent_greedy	16	17	255
sequential_recurrent_greedy	16	18	255
sequential_recurrent_greedy	16	19	255
sequential_recurrent_greedy	16	20	255
sequential_recurrent_greedy	16	21	255
sequential_recurrent_greedy	16	22	255
sequential_recurrent_greedy	16	23	255
sequential_recurrent_greedy	16	24	255
sequential_recurrent_greedy	16	25	255
sequential_recurrent_greedy	16	26	255
sequential_recurrent_greedy	16	27	255
sequential_recurrent_greedy	16	28	255
sequential_recurrent_greedy	16	29	255
sequential_recurrent_greedy	16	30	255
sequential_recurrent_greedy	16	31	255
sequential_recurrent_greedy	16	32	255
sequential_recurrent_greedy	16	33	255
sequential_recurrent_greedy	16	34	255
sequential_recurrent_greedy	16	35	255
sequential_recurrent_greedy	16	36	255
sequential_recurrent_greedy	16	37	255
sequential_recurrent_greedy	16	38	255
sequential_recurrent_greedy	16	39	255
sequential_recurrent_greedy	16	40	255
sequential_recurrent_greedy	16	41	255
sequential_recurrent_greedy	16	42	255
sequential_recurrent_greedy	16	43	255
sequential_recurrent_greedy	16	44	255
sequential_recurrent_greedy	16	45	255
sequential_recurrent_greedy	16	46	255
sequential_recurrent_greedy	16	47	255
sequential_recurrent_greedy	16	48	255
sequential_recurrent_greedy	16	49	255
sequential_recurrent_greedy	16	50	255
sequential_recurrent_greedy	16	51	255
sequential_recurrent_greedy	16	52	255
sequential_recurrent_greedy	16	53	255
sequential_recurrent_greedy	16	54	255
sequential_recurrent_greedy	16	55	255
sequential_recurrent_greedy	16	56	255
sequential_recurrent_greedy	16	57	255
sequential_recurrent_greedy	16	58	255
sequential_recurrent_greedy	16	59	255
sequential_recurrent_greedy	16	60	255
sequential_recurrent_greedy	16	61	255
sequential_recurrent_greedy	16	62	255
sequential_recurrent_greedy	16	63	255
sequential_recurrent_greedy	16	64	255
sequential_recurrent_greedy	17	1	213
sequential_recurrent_greedy	17	2	210
sequential_recurrent_greedy	17	3	884
sequential_recurrent_greedy	17	4	1105
sequential_recurrent_greedy	17	5	213
sequential_recurrent_greedy	17	6	238
sequential_recurrent_greedy	17	7	327
sequential_recurrent_greedy	17	8	208
sequential_recurrent_greedy	17	9	1253
sequential_recurrent_greedy	17	10	287
sequential_recurrent_greedy	17	11	556
sequential_recurrent_greedy	17	12	287
sequential_recurrent_greedy	17	13	556
sequential_recurrent_greedy	17	14	221
sequential_recurrent_greedy	17	15	266
sequential_recurrent_greedy	17	16	1
sequential_recurrent_greedy	17	17	250
sequential_recurrent_greedy	17	18	250
sequential_recurrent_greedy	17	19	266
sequential_recurrent_greedy	17	20	1
sequential_recurrent_greedy	17	21	369
sequential_recurrent_greedy	17	22	210
sequential_recurrent_greedy	17	23	556
sequential_recurrent_greedy	17	24	213
sequential_recurrent_greedy	17	25	966
sequential_recurrent_greedy	17	26	1736
sequential_recurrent_greedy	17	27	1736
sequential_recurrent_greedy	17	28	239
sequential_recurrent_greedy	17	29	287
sequential_recurrent_greedy	17	30	287
sequential_recurrent_greedy	17	31	287
sequential_recurrent_greedy	17	32	1344
sequential_recurrent_greedy	17	33	1344
sequential_recurrent_greedy	17	34	7511
sequential_recurrent_greedy	17	35	425
sequential_recurrent_greedy	17	36	425
sequential_recurrent_greedy	17	37	425
sequential_recurrent_greedy	17	38	255
sequential_recurrent_greedy	17	39	255
sequential_recurrent_greedy	17	40	221
sequential_recurrent_greedy	17	41	488
sequential_recurrent_greedy	17	42	473
sequential_recurrent_greedy	17	43	473
sequential_recurrent_greedy	17	44	521
sequential_recurrent_greedy	17	45	1234
sequential_recurrent_greedy	17	46	370
sequential_recurrent_greedy	17	47	378
sequential_recurrent_greedy	17	48	513
sequential_recurrent_greedy	17	49	279
sequential_recurrent_greedy	17	50	279
sequential_recurrent_greedy	17	51	84
sequential_recurrent_greedy	17	52	279
sequential_recurrent_greedy	17	53	938
sequential_recurrent_greedy	17	54	2711
sequential_recurrent_greedy	17	55	210
sequential_recurrent_greedy	17	56	2794
sequential_recurrent_greedy	17	57	7555
sequential_recurrent_greedy	17	58	556
sequential_recurrent_greedy	17	59	213
sequential_recurrent_greedy	17	60	255
sequential_recurrent_greedy	17	61	213
sequential_recurrent_greedy	17	62	307
sequential_recurrent_greedy	17	63	208
sequential_recurrent_greedy	17	64	7447
sequential_recurrent_greedy	18	1	84
sequential_recurrent_greedy	18	2	213
sequential_recurrent_greedy	18	3	238
sequential_recurrent_greedy	18	4	304
sequential_recurrent_greedy	18	5	405
sequential_recurrent_greedy	18	6	534
sequential_recurrent_greedy	18	7	208
sequential_recurrent_greedy	18	8	287
sequential_recurrent_greedy	18	9	287
sequential_recurrent_greedy	18	10	596
sequential_recurrent_greedy	18	11	233
sequential_recurrent_greedy	18	12	210
sequential_recurrent_greedy	18	13	596
sequential_recurrent_greedy	18	14	221
sequential_recurrent_greedy	18	15	266
sequential_recurrent_greedy	18	16	1
sequential_recurrent_greedy	18	17	250
sequential_recurrent_greedy	18	18	250
sequential_recurrent_greedy	18	19	250
sequential_recurrent_greedy	18	20	266
sequential_recurrent_greedy	18	21	1
sequential_recurrent_greedy	18	22	369
sequential_recurrent_greedy	18	23	210
sequential_recurrent_greedy	18	24	1114
sequential_recurrent_greedy	18	25	1114
sequential_recurrent_greedy	18	26	966
sequential_recurrent_greedy	18	27	1736
sequential_recurrent_greedy	18	28	1736
sequential_recurrent_greedy	18	29	255
sequential_recurrent_greedy	18	30	255
sequential_recurrent_greedy	18	31	255
sequential_recurrent_greedy	18	32	255
sequential_recurrent_greedy	18	33	255
sequential_recurrent_greedy	18	34	255
sequential_recurrent_greedy	18	35	255
sequential_recurrent_greedy	18	36	255
sequential_recurrent_greedy	18	37	255
sequential_recurrent_greedy	18	38	255
sequential_recurrent_greedy	18	39	255
sequential_recurrent_greedy	18	40	255
sequential_recurrent_greedy	18	41	255
sequential_recurrent_greedy	18	42	255
sequential_recurrent_greedy	18	43	255
sequential_recurrent_greedy	18	44	255
sequential_recurrent_greedy	18	45	255
sequential_recurrent_greedy	18	46	255
sequential_recurrent_greedy	18	47	255
sequential_recurrent_greedy	18	48	255
sequential_recurrent_greedy	18	49	255
sequential_recurrent_greedy	18	50	255
sequential_recurrent_greedy	18	51	255
sequential_recurrent_greedy	18	52	255
sequential_recurrent_greedy	18	53	255
sequential_recurrent_greedy	18	54	255
sequential_recurrent_greedy	18	55	255
sequential_recurrent_greedy	18	56	255
sequential_recurrent_greedy	18	57	255
sequential_recurrent_greedy	18	58	255
sequential_recurrent_greedy	18	59	255
sequential_recurrent_greedy	18	60	255
sequential_recurrent_greedy	18	61	255
sequential_recurrent_greedy	18	62	255
sequential_recurrent_greedy	18	63	255
sequential_recurrent_greedy	18	64	255
sequential_recurrent_greedy	19	1	213
sequential_recurrent_greedy	19	2	238
sequential_recurrent_greedy	19	3	271
sequential_recurrent_greedy	19	4	1034
sequential_recurrent_greedy	19	5	233
sequential_recurrent_greedy	19	6	210
sequential_recurrent_greedy	19	7	473
sequential_recurrent_greedy	19	8	596
sequential_recurrent_greedy	19	9	221
sequential_recurrent_greedy	19	10	266
sequential_recurrent_greedy	19	11	1
sequential_recurrent_greedy	19	12	250
sequential_recurrent_greedy	19	13	250
sequential_recurrent_greedy	19	14	250
sequential_recurrent_greedy	19	15	266
sequential_recurrent_greedy	19	16	1
sequential_recurrent_greedy	19	17	369
sequential_recurrent_greedy	19	18	210
sequential_recurrent_greedy	19	19	1114
sequential_recurrent_greedy	19	20	556
sequential_recurrent_greedy	19	21	213
sequential_recurrent_greedy	19	22	266
sequential_recurrent_greedy	19	23	1
sequential_recurrent_greedy	19	24	276
sequential_recurrent_greedy	19	25	255
sequential_recurrent_greedy	19	26	287
sequential_recurrent_greedy	19	27	255
sequential_recurrent_greedy	19	28	255
sequential_recurrent_greedy	19	29	859
sequential_recurrent_greedy	19	30	210
sequential_recurrent_greedy	19	31	3444
sequential_recurrent_greedy	19	32	231
sequential_recurrent_greedy	19	33	208
sequential_recurrent_greedy	19	34	1556
sequential_recurrent_greedy	19	35	208
sequential_recurrent_greedy	19	36	208
sequential_recurrent_greedy	19	37	287
sequential_recurrent_greedy	19	38	556
sequential_recurrent_greedy	19	39	213
sequential_recurrent_greedy	19	40	1329
sequential_recurrent_greedy	19	41	7004
sequential_recurrent_greedy	19	42	7004
sequential_recurrent_greedy	19	43	7004
sequential_recurrent_greedy	19	44	322
sequential_recurrent_greedy	19	45	221
sequential_recurrent_greedy	19	46	266
sequential_recurrent_greedy	19	47	1
sequential_recurrent_greedy	19	48	250
sequential_recurrent_greedy	19	49	250
sequential_recurrent_greedy	19	50	4983
sequential_recurrent_greedy	19	51	8054
sequential_recurrent_greedy	19	52	2711
sequential_recurrent_greedy	19	53	416
sequential_recurrent_greedy	19	54	210
sequential_recurrent_greedy	19	55	1288
sequential_recurrent_greedy	19	56	279
sequential_recurrent_greedy	19	57	1282
sequential_recurrent_greedy	19	58	1520
sequential_recurrent_greedy	19	59	1520
sequential_recurrent_greedy	19	60	213
sequential_recurrent_greedy	19	61	210
sequential_recurrent_greedy	19	62	255
sequential_recurrent_greedy	19	63	581
sequential_recurrent_greedy	19	64	556
sequential_recurrent_greedy	20	1	841
sequential_recurrent_greedy	20	2	255
sequential_recurrent_greedy	20	3	213
sequential_recurrent_greedy	20	4	255
sequential_recurrent_greedy	20	5	255
sequential_recurrent_greedy	20	6	255
sequential_recurrent_greedy	20	7	255
sequential_recurrent_greedy	20	8	255
sequential_recurrent_greedy	20	9	255
sequential_recurrent_greedy	20	10	255
sequential_recurrent_greedy	20	11	255
sequential_recurrent_greedy	20	12	255
sequential_recurrent_greedy	20	13	255
sequential_recurrent_greedy	20	14	255
sequential_recurrent_greedy	20	15	255
sequential_recurrent_greedy	20	16	255
sequential_recurrent_greedy	20	17	255
sequential_recurrent_greedy	20	18	255
sequential_recurrent_greedy	20	19	255
sequential_recurrent_greedy	20	20	255
sequential_recurrent_greedy	20	21	255
sequential_recurrent_greedy	20	22	255
sequential_recurrent_greedy	20	23	255
sequential_recurrent_greedy	20	24	255
sequential_recurrent_greedy	20	25	255
sequential_recurrent_greedy	20	26	255
sequential_recurrent_greedy	20	27	255
sequential_recurrent_greedy	20	28	255
sequential_recurrent_greedy	20	29	255
sequential_recurrent_greedy	20	30	255
sequential_recurrent_greedy	20	31	255
sequential_recurrent_greedy	20	32	255
sequential_recurrent_greedy	20	33	255
sequential_recurrent_greedy	20	34	255
sequential_recurrent_greedy	20	35	255
sequential_recurrent_greedy	20	36	255
sequential_recurrent_greedy	20	37	255
sequential_recurrent_greedy	20	38	255
sequential_recurrent_greedy	20	39	255
sequential_recurrent_greedy	20	40	255
sequential_recurrent_greedy	20	41	255
sequential_recurrent_greedy	20	42	255
sequential_recurrent_greedy	20	43	255
sequential_recurrent_greedy	20	44	255
sequential_recurrent_greedy	20	45	255
sequential_recurrent_greedy	20	46	255
sequential_recurrent_greedy	20	47	255
sequential_recurrent_greedy	20	48	255
sequential_recurrent_greedy	20	49	255
sequential_recurrent_greedy	20	50	255
sequential_recurrent_greedy	20	51	255
sequential_recurrent_greedy	20	52	255
sequential_recurrent_greedy	20	53	255
sequential_recurrent_greedy	20	54	255
sequential_recurrent_greedy	20	55	255
sequential_recurrent_greedy	20	56	255
sequential_recurrent_greedy	20	57	255
sequential_recurrent_greedy	20	58	255
sequential_recurrent_greedy	20	59	255
sequential_recurrent_greedy	20	60	255
sequential_recurrent_greedy	20	61	255
sequential_recurrent_greedy	20	62	255
sequential_recurrent_greedy	20	63	255
sequential_recurrent_greedy	20	64	255
sequential_recurrent_greedy	21	1	210
sequential_recurrent_greedy	21	2	884
sequential_recurrent_greedy	21	3	1105
sequential_recurrent_greedy	21	4	322
sequential_recurrent_greedy	21	5	213
sequential_recurrent_greedy	21	6	238
sequential_recurrent_greedy	21	7	210
sequential_recurrent_greedy	21	8	581
sequential_recurrent_greedy	21	9	596
sequential_recurrent_greedy	21	10	213
sequential_recurrent_greedy	21	11	238
sequential_recurrent_greedy	21	12	304
sequential_recurrent_greedy	21	13	327
sequential_recurrent_greedy	21	14	208
sequential_recurrent_greedy	21	15	473
sequential_recurrent_greedy	21	16	287
sequential_recurrent_greedy	21	17	556
sequential_recurrent_greedy	21	18	233
sequential_recurrent_greedy	21	19	210
sequential_recurrent_greedy	21	20	556
sequential_recurrent_greedy	21	21	322
sequential_recurrent_greedy	21	22	221
sequential_recurrent_greedy	21	23	266
sequential_recurrent_greedy	21	24	1
sequential_recurrent_greedy	21	25	369
sequential_recurrent_greedy	21	26	634
sequential_recurrent_greedy	21	27	634
sequential_recurrent_greedy	21	28	634
sequential_recurrent_greedy	21	29	4152
sequential_recurrent_greedy	21	30	370
sequential_recurrent_greedy	21	31	213
sequential_recurrent_greedy	21	32	233
sequential_recurrent_greedy	21	33	68
sequential_recurrent_greedy	21	34	1200
sequential_recurrent_greedy	21	35	276
sequential_recurrent_greedy	21	36	255
sequential_recurrent_greedy	21	37	276
sequential_recurrent_greedy	21	38	255
sequential_recurrent_greedy	21	39	255
sequential_recurrent_greedy	21	40	255
sequential_recurrent_greedy	21	41	255
sequential_recurrent_greedy	21	42	255
sequential_recurrent_greedy	21	43	255
sequential_recurrent_greedy	21	44	255
sequential_recurrent_greedy	21	45	255
sequential_recurrent_greedy	21	46	255
sequential_recurrent_greedy	21	47	255
sequential_recurrent_greedy	21	48	255
sequential_recurrent_greedy	21	49	255
sequential_recurrent_greedy	21	50	255
sequential_recurrent_greedy	21	51	255
sequential_recurrent_greedy	21	52	255
sequential_recurrent_greedy	21	53	255
sequential_recurrent_greedy	21	54	255
sequential_recurrent_greedy	21	55	255
sequential_recurrent_greedy	21	56	255
sequential_recurrent_greedy	21	57	255
sequential_recurrent_greedy	21	58	255
sequential_recurrent_greedy	21	59	255
sequential_recurrent_greedy	21	60	255
sequential_recurrent_greedy	21	61	255
sequential_recurrent_greedy	21	62	255
sequential_recurrent_greedy	21	63	255
sequential_recurrent_greedy	21	64	255
sequential_recurrent_greedy	22	1	1287
sequential_recurrent_greedy	22	2	287
sequential_recurrent_greedy	22	3	287
sequential_recurrent_greedy	22	4	287
sequential_recurrent_greedy	22	5	4315
sequential_recurrent_greedy	22	6	287
sequential_recurrent_greedy	22	7	596
sequential_recurrent_greedy	22	8	221
sequential_recurrent_greedy	22	9	369
sequential_recurrent_greedy	22	10	210
sequential_recurrent_greedy	22	11	596
sequential_recurrent_greedy	22	12	213
sequential_recurrent_greedy	22	13	255
sequential_recurrent_greedy	22	14	238
sequential_recurrent_greedy	22	15	230
sequential_recurrent_greedy	22	16	258
sequential_recurrent_greedy	22	17	228
sequential_recurrent_greedy	22	18	239
sequential_recurrent_greedy	22	19	1471
sequential_recurrent_greedy	22	20	210
sequential_recurrent_greedy	22	21	596
sequential_recurrent_greedy	22	22	210
sequential_recurrent_greedy	22	23	556
sequential_recurrent_greedy	22	24	287
sequential_recurrent_greedy	22	25	556
sequential_recurrent_greedy	22	26	221
sequential_recurrent_greedy	22	27	276
sequential_recurrent_greedy	22	28	556
sequential_recurrent_greedy	22	29	556
sequential_recurrent_greedy	22	30	556
sequential_recurrent_greedy	22	31	556
sequential_recurrent_greedy	22	32	213
sequential_recurrent_greedy	22	33	452
sequential_recurrent_greedy	22	34	837
sequential_recurrent_greedy	22	35	233
sequential_recurrent_greedy	22	36	634
sequential_recurrent_greedy	22	37	521
sequential_recurrent_greedy	22	38	20
sequential_recurrent_greedy	22	39	20
sequential_recurrent_greedy	22	40	20
sequential_recurrent_greedy	22	41	233
sequential_recurrent_greedy	22	42	233
sequential_recurrent_greedy	22	43	210
sequential_recurrent_greedy	22	44	2182
sequential_recurrent_greedy	22	45	279
sequential_recurrent_greedy	22	46	84
sequential_recurrent_greedy	22	47	2616
sequential_recurrent_greedy	22	48	2616
sequential_recurrent_greedy	22	49	442
sequential_recurrent_greedy	22	50	1082
sequential_recurrent_greedy	22	51	1082
sequential_recurrent_greedy	22	52	1082
sequential_recurrent_greedy	22	53	1082
sequential_recurrent_greedy	22	54	1066
sequential_recurrent_greedy	22	55	1066
sequential_recurrent_greedy	22	56	4088
sequential_recurrent_greedy	22	57	213
sequential_recurrent_greedy	22	58	208
sequential_recurrent_greedy	22	59	208
sequential_recurrent_greedy	22	60	287
sequential_recurrent_greedy	22	61	287
sequential_recurrent_greedy	22	62	764
sequential_recurrent_greedy	22	63	230
sequential_recurrent_greedy	22	64	282
sequential_recurrent_greedy	23	1	308
sequential_recurrent_greedy	23	2	255
sequential_recurrent_greedy	23	3	221
sequential_recurrent_greedy	23	4	266
sequential_recurrent_greedy	23	5	1
sequential_recurrent_greedy	23	6	250
sequential_recurrent_greedy	23	7	250
sequential_recurrent_greedy	23	8	250
sequential_recurrent_greedy	23	9	266
sequential_recurrent_greedy	23	10	1
sequential_recurrent_greedy	23	11	276
sequential_recurrent_greedy	23	12	238
sequential_recurrent_greedy	23	13	279
sequential_recurrent_greedy	23	14	84
sequential_recurrent_greedy	23	15	258
sequential_recurrent_greedy	23	16	258
sequential_recurrent_greedy	23	17	612
sequential_recurrent_greedy	23	18	213
sequential_recurrent_greedy	23	19	210
sequential_recurrent_greedy	23	20	473
sequential_recurrent_greedy	23	21	556
sequential_recurrent_greedy	23	22	213
sequential_recurrent_greedy	23	23	210
sequential_recurrent_greedy	23	24	556
sequential_recurrent_greedy	23	25	213
sequential_recurrent_greedy	23	26	327
sequential_recurrent_greedy	23	27	425
sequential_recurrent_greedy	23	28	425
sequential_recurrent_greedy	23	29	255
sequential_recurrent_greedy	23	30	255
sequential_recurrent_greedy	23	31	255
sequential_recurrent_greedy	23	32	255
sequential_recurrent_greedy	23	33	255
sequential_recurrent_greedy	23	34	255
sequential_recurrent_greedy	23	35	255
sequential_recurrent_greedy	23	36	255
sequential_recurrent_greedy	23	37	255
sequential_recurrent_greedy	23	38	255
sequential_recurrent_greedy	23	39	255
sequential_recurrent_greedy	23	40	255
sequential_recurrent_greedy	23	41	255
sequential_recurrent_greedy	23	42	255
sequential_recurrent_greedy	23	43	255
sequential_recurrent_greedy	23	44	255
sequential_recurrent_greedy	23	45	255
sequential_recurrent_greedy	23	46	255
sequential_recurrent_greedy	23	47	255
sequential_recurrent_greedy	23	48	255
sequential_recurrent_greedy	23	49	255
sequential_recurrent_greedy	23	50	255
sequential_recurrent_greedy	23	51	255
sequential_recurrent_greedy	23	52	255
sequential_recurrent_greedy	23	53	255
sequential_recurrent_greedy	23	54	255
sequential_recurrent_greedy	23	55	255
sequential_recurrent_greedy	23	56	255
sequential_recurrent_greedy	23	57	255
sequential_recurrent_greedy	23	58	255
sequential_recurrent_greedy	23	59	255
sequential_recurrent_greedy	23	60	255
sequential_recurrent_greedy	23	61	255
sequential_recurrent_greedy	23	62	255
sequential_recurrent_greedy	23	63	255
sequential_recurrent_greedy	23	64	255
sequential_recurrent_greedy	24	1	327
sequential_recurrent_greedy	24	2	208
sequential_recurrent_greedy	24	3	1287
sequential_recurrent_greedy	24	4	287
sequential_recurrent_greedy	24	5	287
sequential_recurrent_greedy	24	6	4315
sequential_recurrent_greedy	24	7	231
sequential_recurrent_greedy	24	8	210
sequential_recurrent_greedy	24	9	596
sequential_recurrent_greedy	24	10	231
sequential_recurrent_greedy	24	11	210
sequential_recurrent_greedy	24	12	596
sequential_recurrent_greedy	24	13	213
sequential_recurrent_greedy	24	14	238
sequential_recurrent_greedy	24	15	233
sequential_recurrent_greedy	24	16	210
sequential_recurrent_greedy	24	17	596
sequential_recurrent_greedy	24	18	213
sequential_recurrent_greedy	24	19	416
sequential_recurrent_greedy	24	20	304
sequential_recurrent_greedy	24	21	327
sequential_recurrent_greedy	24	22	208
sequential_recurrent_greedy	24	23	255
sequential_recurrent_greedy	24	24	287
sequential_recurrent_greedy	24	25	255
sequential_recurrent_greedy	24	26	255
sequential_recurrent_greedy	24	27	255
sequential_recurrent_greedy	24	28	255
sequential_recurrent_greedy	24	29	255
sequential_recurrent_greedy	24	30	255
sequential_recurrent_greedy	24	31	255
sequential_recurrent_greedy	24	32	255
sequential_recurrent_greedy	24	33	255
sequential_recurrent_greedy	24	34	255
sequential_recurrent_greedy	24	35	255
sequential_recurrent_greedy	24	36	255
sequential_recurrent_greedy	24	37	255
sequential_recurrent_greedy	24	38	255
sequential_recurrent_greedy	24	39	255
sequential_recurrent_greedy	24	40	255
sequential_recurrent_greedy	24	41	255
sequential_recurrent_greedy	24	42	255
sequential_recurrent_greedy	24	43	255
sequential_recurrent_greedy	24	44	255
sequential_recurrent_greedy	24	45	255
sequential_recurrent_greedy	24	46	255
sequential_recurrent_greedy	24	47	255
sequential_recurrent_greedy	24	48	255
sequential_recurrent_greedy	24	49	255
sequential_recurrent_greedy	24	50	255
sequential_recurrent_greedy	24	51	255
sequential_recurrent_greedy	24	52	255
sequential_recurrent_greedy	24	53	255
sequential_recurrent_greedy	24	54	255
sequential_recurrent_greedy	24	55	255
sequential_recurrent_greedy	24	56	255
sequential_recurrent_greedy	24	57	255
sequential_recurrent_greedy	24	58	255
sequential_recurrent_greedy	24	59	255
sequential_recurrent_greedy	24	60	255
sequential_recurrent_greedy	24	61	255
sequential_recurrent_greedy	24	62	255
sequential_recurrent_greedy	24	63	255
sequential_recurrent_greedy	24	64	255
sequential_recurrent_greedy	25	1	405
sequential_recurrent_greedy	25	2	534
sequential_recurrent_greedy	25	3	208
sequential_recurrent_greedy	25	4	2128
sequential_recurrent_greedy	25	5	231
sequential_recurrent_greedy	25	6	210
sequential_recurrent_greedy	25	7	596
sequential_recurrent_greedy	25	8	221
sequential_recurrent_greedy	25	9	266
sequential_recurrent_greedy	25	10	1
sequential_recurrent_greedy	25	11	250
sequential_recurrent_greedy	25	12	250
sequential_recurrent_greedy	25	13	250
sequential_recurrent_greedy	25	14	266
sequential_recurrent_greedy	25	15	1
sequential_recurrent_greedy	25	16	369
sequential_recurrent_greedy	25	17	210
sequential_recurrent_greedy	25	18	1198
sequential_recurrent_greedy	25	19	279
sequential_recurrent_greedy	25	20	84
sequential_recurrent_greedy	25	21	266
sequential_recurrent_greedy	25	22	1
sequential_recurrent_greedy	25	23	276
sequential_recurrent_greedy	25	24	255
sequential_recurrent_greedy	25	25	287
sequential_recurrent_greedy	25	26	255
sequential_recurrent_greedy	25	27	255
sequential_recurrent_greedy	25	28	859
sequential_recurrent_greedy	25	29	210
sequential_recurrent_greedy	25	30	5020
sequential_recurrent_greedy	25	31	255
sequential_recurrent_greedy	25	32	327
sequential_recurrent_greedy	25	33	208
sequential_recurrent_greedy	25	34	255
sequential_recurrent_greedy	25	35	231
sequential_recurrent_greedy	25	36	392
sequential_recurrent_greedy	25	37	3107
sequential_recurrent_greedy	25	38	392
sequential_recurrent_greedy	25	39	5534
sequential_recurrent_greedy	25	40	1100
sequential_recurrent_greedy	25	41	556
sequential_recurrent_greedy	25	42	213
sequential_recurrent_greedy	25	43	210
sequential_recurrent_greedy	25	44	473
sequential_recurrent_greedy	25	45	279
sequential_recurrent_greedy	25	46	84
sequential_recurrent_greedy	25	47	322
sequential_recurrent_greedy	25	48	302
sequential_recurrent_greedy	25	49	394
sequential_recurrent_greedy	25	50	2711
sequential_recurrent_greedy	25	51	2691
sequential_recurrent_greedy	25	52	1472
sequential_recurrent_greedy	25	53	1472
sequential_recurrent_greedy	25	54	370
sequential_recurrent_greedy	25	55	210
sequential_recurrent_greedy	25	56	208
sequential_recurrent_greedy	25	57	1563
sequential_recurrent_greedy	25	58	1563
sequential_recurrent_greedy	25	59	1563
sequential_recurrent_greedy	25	60	4480
sequential_recurrent_greedy	25	61	3198
sequential_recurrent_greedy	25	62	4171
sequential_recurrent_greedy	25	63	3160
sequential_recurrent_greedy	25	64	210
sequential_recurrent_greedy	26	1	3648
sequential_recurrent_greedy	26	2	231
sequential_recurrent_greedy	26	3	210
sequential_recurrent_greedy	26	4	1513
sequential_recurrent_greedy	26	5	213
sequential_recurrent_greedy	26	6	210
sequential_recurrent_greedy	26	7	473
sequential_recurrent_greedy	26	8	287
sequential_recurrent_greedy	26	9	556
sequential_recurrent_greedy	26	10	213
sequential_recurrent_greedy	26	11	238
sequential_recurrent_greedy	26	12	327
sequential_recurrent_greedy	26	13	208
sequential_recurrent_greedy	26	14	231
sequential_recurrent_greedy	26	15	210
sequential_recurrent_greedy	26	16	596
sequential_recurrent_greedy	26	17	233
sequential_recurrent_greedy	26	18	210
sequential_recurrent_greedy	26	19	556
sequential_recurrent_greedy	26	20	213
sequential_recurrent_greedy	26	21	255
sequential_recurrent_greedy	26	22	255
sequential_recurrent_greedy	26	23	255
sequential_recurrent_greedy	26	24	255
sequential_recurrent_greedy	26	25	255
sequential_recurrent_greedy	26	26	255
sequential_recurrent_greedy	26	27	255
sequential_recurrent_greedy	26	28	255
sequential_recurrent_greedy	26	29	255
sequential_recurrent_greedy	26	30	255
sequential_recurrent_greedy	26	31	255
sequential_recurrent_greedy	26	32	255
sequential_recurrent_greedy	26	33	255
sequential_recurrent_greedy	26	34	255
sequential_recurrent_greedy	26	35	255
sequential_recurrent_greedy	26	36	255
sequential_recurrent_greedy	26	37	255
sequential_recurrent_greedy	26	38	255
sequential_recurrent_greedy	26	39	255
sequential_recurrent_greedy	26	40	255
sequential_recurrent_greedy	26	41	255
sequential_recurrent_greedy	26	42	255
sequential_recurrent_greedy	26	43	255
sequential_recurrent_greedy	26	44	255
sequential_recurrent_greedy	26	45	255
sequential_recurrent_greedy	26	46	255
sequential_recurrent_greedy	26	47	255
sequential_recurrent_greedy	26	48	255
sequential_recurrent_greedy	26	49	255
sequential_recurrent_greedy	26	50	255
sequential_recurrent_greedy	26	51	255
sequential_recurrent_greedy	26	52	255
sequential_recurrent_greedy	26	53	255
sequential_recurrent_greedy	26	54	255
sequential_recurrent_greedy	26	55	255
sequential_recurrent_greedy	26	56	255
sequential_recurrent_greedy	26	57	255
sequential_recurrent_greedy	26	58	255
sequential_recurrent_greedy	26	59	255
sequential_recurrent_greedy	26	60	255
sequential_recurrent_greedy	26	61	255
sequential_recurrent_greedy	26	62	255
sequential_recurrent_greedy	26	63	255
sequential_recurrent_greedy	26	64	255
sequential_recurrent_greedy	27	1	80
sequential_recurrent_greedy	27	2	213
sequential_recurrent_greedy	27	3	238
sequential_recurrent_greedy	27	4	210
sequential_recurrent_greedy	27	5	473
sequential_recurrent_greedy	27	6	287
sequential_recurrent_greedy	27	7	596
sequential_recurrent_greedy	27	8	221
sequential_recurrent_greedy	27	9	266
sequential_recurrent_greedy	27	10	1
sequential_recurrent_greedy	27	11	250
sequential_recurrent_greedy	27	12	250
sequential_recurrent_greedy	27	13	250
sequential_recurrent_greedy	27	14	266
sequential_recurrent_greedy	27	15	1
sequential_recurrent_greedy	27	16	276
sequential_recurrent_greedy	27	17	1198
sequential_recurrent_greedy	27	18	1198
sequential_recurrent_greedy	27	19	2831
sequential_recurrent_greedy	27	20	213
sequential_recurrent_greedy	27	21	3272
sequential_recurrent_greedy	27	22	522
sequential_recurrent_greedy	27	23	210
sequential_recurrent_greedy	27	24	287
sequential_recurrent_greedy	27	25	287
sequential_recurrent_greedy	27	26	287
sequential_recurrent_greedy	27	27	556
sequential_recurrent_greedy	27	28	287
sequential_recurrent_greedy	27	29	556
sequential_recurrent_greedy	27	30	556
sequential_recurrent_greedy	27	31	221
sequential_recurrent_greedy	27	32	266
sequential_recurrent_greedy	27	33	255
sequential_recurrent_greedy	27	34	255
sequential_recurrent_greedy	27	35	255
sequential_recurrent_greedy	27	36	255
sequential_recurrent_greedy	27	37	3107
sequential_recurrent_greedy	27	38	3107
sequential_recurrent_greedy	27	39	3107
sequential_recurrent_greedy	27	40	3107
sequential_recurrent_greedy	27	41	556
sequential_recurrent_greedy	27	42	213
sequential_recurrent_greedy	27	43	634
sequential_recurrent_greedy	27	44	596
sequential_recurrent_greedy	27	45	213
sequential_recurrent_greedy	27	46	208
sequential_recurrent_greedy	27	47	6494
sequential_recurrent_greedy	27	48	322
sequential_recurrent_greedy	27	49	326
sequential_recurrent_greedy	27	50	1198
sequential_recurrent_greedy	27	51	1198
sequential_recurrent_greedy	27	52	233
sequential_recurrent_greedy	27	53	556
sequential_recurrent_greedy	27	54	556
sequential_recurrent_greedy	27	55	556
sequential_recurrent_greedy	27	56	556
sequential_recurrent_greedy	27	57	213
sequential_recurrent_greedy	27	58	255
sequential_recurrent_greedy	27	59	213
sequential_recurrent_greedy	27	60	319
sequential_recurrent_greedy	27	61	1198
sequential_recurrent_greedy	27	62	1198
sequential_recurrent_greedy	27	63	1198
sequential_recurrent_greedy	27	64	1198
sequential_recurrent_greedy	28	1	210
sequential_recurrent_greedy	28	2	473
sequential_recurrent_greedy	28	3	287
sequential_recurrent_greedy	28	4	556
sequential_recurrent_greedy	28	5	221
sequential_recurrent_greedy	28	6	266
sequential_recurrent_greedy	28	7	1
sequential_recurrent_greedy	28	8	250
sequential_recurrent_greedy	28	9	250
sequential_recurrent_greedy	28	10	250
sequential_recurrent_greedy	28	11	266
sequential_recurrent_greedy	28	12	1
sequential_recurrent_greedy	28	13	369
sequential_recurrent_greedy	28	14	210
sequential_recurrent_greedy	28	15	1198
sequential_recurrent_greedy	28	16	250
sequential_recurrent_greedy	28	17	250
sequential_recurrent_greedy	28	18	266
sequential_recurrent_greedy	28	19	1
sequential_recurrent_greedy	28	20	859
sequential_recurrent_greedy	28	21	210
sequential_recurrent_greedy	28	22	581
sequential_recurrent_greedy	28	23	581
sequential_recurrent_greedy	28	24	581
sequential_recurrent_greedy	28	25	966
sequential_recurrent_greedy	28	26	514
sequential_recurrent_greedy	28	27	534
sequential_recurrent_greedy	28	28	233
sequential_recurrent_greedy	28	29	287
sequential_recurrent_greedy	28	30	287
sequential_recurrent_greedy	28	31	556
sequential_recurrent_greedy	28	32	556
sequential_recurrent_greedy	28	33	556
sequential_recurrent_greedy	28	34	213
sequential_recurrent_greedy	28	35	2737
sequential_recurrent_greedy	28	36	239
sequential_recurrent_greedy	28	37	1471
sequential_recurrent_greedy	28	38	392
sequential_recurrent_greedy	28	39	52
sequential_recurrent_greedy	28	40	52
sequential_recurrent_greedy	28	41	52
sequential_recurrent_greedy	28	42	24
sequential_recurrent_greedy	28	43	24
sequential_recurrent_greedy	28	44	24
sequential_recurrent_greedy	28	45	24
sequential_recurrent_greedy	28	46	6751
sequential_recurrent_greedy	28	47	239
sequential_recurrent_greedy	28	48	2711
sequential_recurrent_greedy	28	49	279
sequential_recurrent_greedy	28	50	84
sequential_recurrent_greedy	28	51	336
sequential_recurrent_greedy	28	52	1472
sequential_recurrent_greedy	28	53	1060
sequential_recurrent_greedy	28	54	18
sequential_recurrent_greedy	28	55	18
sequential_recurrent_greedy	28	56	18
sequential_recurrent_greedy	28	57	18
sequential_recurrent_greedy	28	58	370
sequential_recurrent_greedy	28	59	213
sequential_recurrent_greedy	28	60	213
sequential_recurrent_greedy	28	61	304
sequential_recurrent_greedy	28	62	1736
sequential_recurrent_greedy	28	63	250
sequential_recurrent_greedy	28	64	250
sequential_recurrent_greedy	29	1	276
sequential_recurrent_greedy	29	2	473
sequential_recurrent_greedy	29	3	287
sequential_recurrent_greedy	29	4	764
sequential_recurrent_greedy	29	5	213
sequential_recurrent_greedy	29	6	210
sequential_recurrent_greedy	29	7	473
sequential_recurrent_greedy	29	8	287
sequential_recurrent_greedy	29	9	556
sequential_recurrent_greedy	29	10	213
sequential_recurrent_greedy	29	11	238
sequential_recurrent_greedy	29	12	304
sequential_recurrent_greedy	29	13	216
sequential_recurrent_greedy	29	14	233
sequential_recurrent_greedy	29	15	210
sequential_recurrent_greedy	29	16	556
sequential_recurrent_greedy	29	17	213
sequential_recurrent_greedy	29	18	416
sequential_recurrent_greedy	29	19	327
sequential_recurrent_greedy	29	20	233
sequential_recurrent_greedy	29	21	210
sequential_recurrent_greedy	29	22	556
sequential_recurrent_greedy	29	23	213
sequential_recurrent_greedy	29	24	416
sequential_recurrent_greedy	29	25	327
sequential_recurrent_greedy	29	26	208
sequential_recurrent_greedy	29	27	287
sequential_recurrent_greedy	29	28	556
sequential_recurrent_greedy	29	29	287
sequential_recurrent_greedy	29	30	556
sequential_recurrent_greedy	29	31	287
sequential_recurrent_greedy	29	32	556
sequential_recurrent_greedy	29	33	556
sequential_recurrent_greedy	29	34	213
sequential_recurrent_greedy	29	35	255
sequential_recurrent_greedy	29	36	255
sequential_recurrent_greedy	29	37	255
sequential_recurrent_greedy	29	38	255
sequential_recurrent_greedy	29	39	255
sequential_recurrent_greedy	29	40	255
sequential_recurrent_greedy	29	41	255
sequential_recurrent_greedy	29	42	255
sequential_recurrent_greedy	29	43	255
sequential_recurrent_greedy	29	44	255
sequential_recurrent_greedy	29	45	255
sequential_recurrent_greedy	29	46	255
sequential_recurrent_greedy	29	47	255
sequential_recurrent_greedy	29	48	255
sequential_recurrent_greedy	29	49	255
sequential_recurrent_greedy	29	50	255
sequential_recurrent_greedy	29	51	255
sequential_recurrent_greedy	29	52	255
sequential_recurrent_greedy	29	53	255
sequential_recurrent_greedy	29	54	255
sequential_recurrent_greedy	29	55	255
sequential_recurrent_greedy	29	56	255
sequential_recurrent_greedy	29	57	255
sequential_recurrent_greedy	29	58	255
sequential_recurrent_greedy	29	59	255
sequential_recurrent_greedy	29	60	255
sequential_recurrent_greedy	29	61	255
sequential_recurrent_greedy	29	62	255
sequential_recurrent_greedy	29	63	255
sequential_recurrent_greedy	29	64	255
sequential_recurrent_greedy	30	1	210
sequential_recurrent_greedy	30	2	2346
sequential_recurrent_greedy	30	3	231
sequential_recurrent_greedy	30	4	210
sequential_recurrent_greedy	30	5	2346
sequential_recurrent_greedy	30	6	231
sequential_recurrent_greedy	30	7	210
sequential_recurrent_greedy	30	8	556
sequential_recurrent_greedy	30	9	221
sequential_recurrent_greedy	30	10	266
sequential_recurrent_greedy	30	11	1
sequential_recurrent_greedy	30	12	369
sequential_recurrent_greedy	30	13	1470
sequential_recurrent_greedy	30	14	213
sequential_recurrent_greedy	30	15	208
sequential_recurrent_greedy	30	16	556
sequential_recurrent_greedy	30	17	287
sequential_recurrent_greedy	30	18	556
sequential_recurrent_greedy	30	19	221
sequential_recurrent_greedy	30	20	266
sequential_recurrent_greedy	30	21	1
sequential_recurrent_greedy	30	22	250
sequential_recurrent_greedy	30	23	250
sequential_recurrent_greedy	30	24	250
sequential_recurrent_greedy	30	25	266
sequential_recurrent_greedy	30	26	1
sequential_recurrent_greedy	30	27	276
sequential_recurrent_greedy	30	28	1198
sequential_recurrent_greedy	30	29	1198
sequential_recurrent_greedy	30	30	2831
sequential_recurrent_greedy	30	31	2831
sequential_recurrent_greedy	30	32	3272
sequential_recurrent_greedy	30	33	276
sequential_recurrent_greedy	30	34	276
sequential_recurrent_greedy	30	35	473
sequential_recurrent_greedy	30	36	287
sequential_recurrent_greedy	30	37	1311
sequential_recurrent_greedy	30	38	1311
sequential_recurrent_greedy	30	39	235
sequential_recurrent_greedy	30	40	1950
sequential_recurrent_greedy	30	41	1950
sequential_recurrent_greedy	30	42	352
sequential_recurrent_greedy	30	43	294
sequential_recurrent_greedy	30	44	52
sequential_recurrent_greedy	30	45	52
sequential_recurrent_greedy	30	46	52
sequential_recurrent_greedy	30	47	37
sequential_recurrent_greedy	30	48	24
sequential_recurrent_greedy	30	49	24
sequential_recurrent_greedy	30	50	24
sequential_recurrent_greedy	30	51	1066
sequential_recurrent_greedy	30	52	4315
sequential_recurrent_greedy	30	53	566
sequential_recurrent_greedy	30	54	566
sequential_recurrent_greedy	30	55	210
sequential_recurrent_greedy	30	56	596
sequential_recurrent_greedy	30	57	231
sequential_recurrent_greedy	30	58	1022
sequential_recurrent_greedy	30	59	888
sequential_recurrent_greedy	30	60	15
sequential_recurrent_greedy	30	61	15
sequential_recurrent_greedy	30	62	15
sequential_recurrent_greedy	30	63	15
sequential_recurrent_greedy	30	64	15
sequential_recurrent_greedy	31	1	210
sequential_recurrent_greedy	31	2	1225
sequential_recurrent_greedy	31	3	238
sequential_recurrent_greedy	31	4	210
sequential_recurrent_greedy	31	5	473
sequential_recurrent_greedy	31	6	287
sequential_recurrent_greedy	31	7	287
sequential_recurrent_greedy	31	8	556
sequential_recurrent_greedy	31	9	221
sequential_recurrent_greedy	31	10	369
sequential_recurrent_greedy	31	11	1470
sequential_recurrent_greedy	31	12	213
sequential_recurrent_greedy	31	13	208
sequential_recurrent_greedy	31	14	556
sequential_recurrent_greedy	31	15	213
sequential_recurrent_greedy	31	16	210
sequential_recurrent_greedy	31	17	1082
sequential_recurrent_greedy	31	18	1082
sequential_recurrent_greedy	31	19	1082
sequential_recurrent_greedy	31	20	1082
sequential_recurrent_greedy	31	21	1066
sequential_recurrent_greedy	31	22	1066
sequential_recurrent_greedy	31	23	1066
sequential_recurrent_greedy	31	24	258
sequential_recurrent_greedy	31	25	258
sequential_recurrent_greedy	31	26	379
sequential_recurrent_greedy	31	27	287
sequential_recurrent_greedy	31	28	287
sequential_recurrent_greedy	31	29	287
sequential_recurrent_greedy	31	30	1368
sequential_recurrent_greedy	31	31	1368
sequential_recurrent_greedy	31	32	208
sequential_recurrent_greedy	31	33	535
sequential_recurrent_greedy	31	34	231
sequential_recurrent_greedy	31	35	1198
sequential_recurrent_greedy	31	36	1578
sequential_recurrent_greedy	31	37	3423
sequential_recurrent_greedy	31	38	213
sequential_recurrent_greedy	31	39	210
sequential_recurrent_greedy	31	40	690
sequential_recurrent_greedy	31	41	1230
sequential_recurrent_greedy	31	42	258
sequential_recurrent_greedy	31	43	258
sequential_recurrent_greedy	31	44	258
sequential_recurrent_greedy	31	45	421
sequential_recurrent_greedy	31	46	1082
sequential_recurrent_greedy	31	47	1082
sequential_recurrent_greedy	31	48	1066
sequential_recurrent_greedy	31	49	1066
sequential_recurrent_greedy	31	50	4088
sequential_recurrent_greedy	31	51	221
sequential_recurrent_greedy	31	52	517
sequential_recurrent_greedy	31	53	296
sequential_recurrent_greedy	31	54	887
sequential_recurrent_greedy	31	55	296
sequential_recurrent_greedy	31	56	230
sequential_recurrent_greedy	31	57	267
sequential_recurrent_greedy	31	58	2384
sequential_recurrent_greedy	31	59	210
sequential_recurrent_greedy	31	60	556
sequential_recurrent_greedy	31	61	213
sequential_recurrent_greedy	31	62	210
sequential_recurrent_greedy	31	63	690
sequential_recurrent_greedy	31	64	2556
sequential_recurrent_greedy	32	1	1
sequential_recurrent_greedy	32	2	276
sequential_recurrent_greedy	32	3	473
sequential_recurrent_greedy	32	4	287
sequential_recurrent_greedy	32	5	764
sequential_recurrent_greedy	32	6	327
sequential_recurrent_greedy	32	7	210
sequential_recurrent_greedy	32	8	473
sequential_recurrent_greedy	32	9	596
sequential_recurrent_greedy	32	10	213
sequential_recurrent_greedy	32	11	304
sequential_recurrent_greedy	32	12	327
sequential_recurrent_greedy	32	13	208
sequential_recurrent_greedy	32	14	556
sequential_recurrent_greedy	32	15	287
sequential_recurrent_greedy	32	16	556
sequential_recurrent_greedy	32	17	287
sequential_recurrent_greedy	32	18	556
sequential_recurrent_greedy	32	19	556
sequential_recurrent_greedy	32	20	213
sequential_recurrent_greedy	32	21	255
sequential_recurrent_greedy	32	22	255
sequential_recurrent_greedy	32	23	255
sequential_recurrent_greedy	32	24	255
sequential_recurrent_greedy	32	25	255
sequential_recurrent_greedy	32	26	255
sequential_recurrent_greedy	32	27	255
sequential_recurrent_greedy	32	28	255
sequential_recurrent_greedy	32	29	255
sequential_recurrent_greedy	32	30	255
sequential_recurrent_greedy	32	31	255
sequential_recurrent_greedy	32	32	255
sequential_recurrent_greedy	32	33	255
sequential_recurrent_greedy	32	34	255
sequential_recurrent_greedy	32	35	255
sequential_recurrent_greedy	32	36	255
sequential_recurrent_greedy	32	37	255
sequential_recurrent_greedy	32	38	255
sequential_recurrent_greedy	32	39	255
sequential_recurrent_greedy	32	40	255
sequential_recurrent_greedy	32	41	255
sequential_recurrent_greedy	32	42	255
sequential_recurrent_greedy	32	43	255
sequential_recurrent_greedy	32	44	255
sequential_recurrent_greedy	32	45	255
sequential_recurrent_greedy	32	46	255
sequential_recurrent_greedy	32	47	255
sequential_recurrent_greedy	32	48	255
sequential_recurrent_greedy	32	49	255
sequential_recurrent_greedy	32	50	255
sequential_recurrent_greedy	32	51	255
sequential_recurrent_greedy	32	52	255
sequential_recurrent_greedy	32	53	255
sequential_recurrent_greedy	32	54	255
sequential_recurrent_greedy	32	55	255
sequential_recurrent_greedy	32	56	255
sequential_recurrent_greedy	32	57	255
sequential_recurrent_greedy	32	58	255
sequential_recurrent_greedy	32	59	255
sequential_recurrent_greedy	32	60	255
sequential_recurrent_greedy	32	61	255
sequential_recurrent_greedy	32	62	255
sequential_recurrent_greedy	32	63	255
sequential_recurrent_greedy	32	64	255
sequential_recurrent_greedy	33	1	231
sequential_recurrent_greedy	33	2	210
sequential_recurrent_greedy	33	3	473
sequential_recurrent_greedy	33	4	287
sequential_recurrent_greedy	33	5	556
sequential_recurrent_greedy	33	6	287
sequential_recurrent_greedy	33	7	556
sequential_recurrent_greedy	33	8	221
sequential_recurrent_greedy	33	9	369
sequential_recurrent_greedy	33	10	210
sequential_recurrent_greedy	33	11	596
sequential_recurrent_greedy	33	12	213
sequential_recurrent_greedy	33	13	210
sequential_recurrent_greedy	33	14	1515
sequential_recurrent_greedy	33	15	52
sequential_recurrent_greedy	33	16	52
sequential_recurrent_greedy	33	17	213
sequential_recurrent_greedy	33	18	238
sequential_recurrent_greedy	33	19	378
sequential_recurrent_greedy	33	20	2739
sequential_recurrent_greedy	33	21	210
sequential_recurrent_greedy	33	22	556
sequential_recurrent_greedy	33	23	287
sequential_recurrent_greedy	33	24	556
sequential_recurrent_greedy	33	25	287
sequential_recurrent_greedy	33	26	556
sequential_recurrent_greedy	33	27	287
sequential_recurrent_greedy	33	28	556
sequential_recurrent_greedy	33	29	255
sequential_recurrent_greedy	33	30	255
sequential_recurrent_greedy	33	31	255
sequential_recurrent_greedy	33	32	255
sequential_recurrent_greedy	33	33	255
sequential_recurrent_greedy	33	34	255
sequential_recurrent_greedy	33	35	255
sequential_recurrent_greedy	33	36	255
sequential_recurrent_greedy	33	37	255
sequential_recurrent_greedy	33	38	255
sequential_recurrent_greedy	33	39	255
sequential_recurrent_greedy	33	40	255
sequential_recurrent_greedy	33	41	255
sequential_recurrent_greedy	33	42	255
sequential_recurrent_greedy	33	43	255
sequential_recurrent_greedy	33	44	255
sequential_recurrent_greedy	33	45	255
sequential_recurrent_greedy	33	46	255
sequential_recurrent_greedy	33	47	255
sequential_recurrent_greedy	33	48	255
sequential_recurrent_greedy	33	49	255
sequential_recurrent_greedy	33	50	255
sequential_recurrent_greedy	33	51	255
sequential_recurrent_greedy	33	52	255
sequential_recurrent_greedy	33	53	255
sequential_recurrent_greedy	33	54	255
sequential_recurrent_greedy	33	55	255
sequential_recurrent_greedy	33	56	255
sequential_recurrent_greedy	33	57	255
sequential_recurrent_greedy	33	58	255
sequential_recurrent_greedy	33	59	255
sequential_recurrent_greedy	33	60	255
sequential_recurrent_greedy	33	61	255
sequential_recurrent_greedy	33	62	255
sequential_recurrent_greedy	33	63	255
sequential_recurrent_greedy	33	64	255
sequential_recurrent_greedy	34	1	382
sequential_recurrent_greedy	34	2	212
sequential_recurrent_greedy	34	3	221
sequential_recurrent_greedy	34	4	266
sequential_recurrent_greedy	34	5	1
sequential_recurrent_greedy	34	6	250
sequential_recurrent_greedy	34	7	250
sequential_recurrent_greedy	34	8	266
sequential_recurrent_greedy	34	9	1
sequential_recurrent_greedy	34	10	276
sequential_recurrent_greedy	34	11	276
sequential_recurrent_greedy	34	12	1198
sequential_recurrent_greedy	34	13	2831
sequential_recurrent_greedy	34	14	213
sequential_recurrent_greedy	34	15	238
sequential_recurrent_greedy	34	16	266
sequential_recurrent_greedy	34	17	1
sequential_recurrent_greedy	34	18	369
sequential_recurrent_greedy	34	19	210
sequential_recurrent_greedy	34	20	556
sequential_recurrent_greedy	34	21	556
sequential_recurrent_greedy	34	22	213
sequential_recurrent_greedy	34	23	452
sequential_recurrent_greedy	34	24	327
sequential_recurrent_greedy	34	25	1736
sequential_recurrent_greedy	34	26	239
sequential_recurrent_greedy	34	27	210
sequential_recurrent_greedy	34	28	255
sequential_recurrent_greedy	34	29	255
sequential_recurrent_greedy	34	30	255
sequential_recurrent_greedy	34	31	255
sequential_recurrent_greedy	34	32	255
sequential_recurrent_greedy	34	33	255
sequential_recurrent_greedy	34	34	255
sequential_recurrent_greedy	34	35	255
sequential_recurrent_greedy	34	36	255
sequential_recurrent_greedy	34	37	255
sequential_recurrent_greedy	34	38	255
sequential_recurrent_greedy	34	39	255
sequential_recurrent_greedy	34	40	255
sequential_recurrent_greedy	34	41	255
sequential_recurrent_greedy	34	42	255
sequential_recurrent_greedy	34	43	255
sequential_recurrent_greedy	34	44	255
sequential_recurrent_greedy	34	45	255
sequential_recurrent_greedy	34	46	255
sequential_recurrent_greedy	34	47	255
sequential_recurrent_greedy	34	48	255
sequential_recurrent_greedy	34	49	255
sequential_recurrent_greedy	34	50	255
sequential_recurrent_greedy	34	51	255
sequential_recurrent_greedy	34	52	255
sequential_recurrent_greedy	34	53	255
sequential_recurrent_greedy	34	54	255
sequential_recurrent_greedy	34	55	255
sequential_recurrent_greedy	34	56	255
sequential_recurrent_greedy	34	57	255
sequential_recurrent_greedy	34	58	255
sequential_recurrent_greedy	34	59	255
sequential_recurrent_greedy	34	60	255
sequential_recurrent_greedy	34	61	255
sequential_recurrent_greedy	34	62	255
sequential_recurrent_greedy	34	63	255
sequential_recurrent_greedy	34	64	255
sequential_recurrent_greedy	35	1	221
sequential_recurrent_greedy	35	2	266
sequential_recurrent_greedy	35	3	1
sequential_recurrent_greedy	35	4	250
sequential_recurrent_greedy	35	5	250
sequential_recurrent_greedy	35	6	250
sequential_recurrent_greedy	35	7	266
sequential_recurrent_greedy	35	8	1
sequential_recurrent_greedy	35	9	369
sequential_recurrent_greedy	35	10	210
sequential_recurrent_greedy	35	11	556
sequential_recurrent_greedy	35	12	213
sequential_recurrent_greedy	35	13	238
sequential_recurrent_greedy	35	14	208
sequential_recurrent_greedy	35	15	224
sequential_recurrent_greedy	35	16	287
sequential_recurrent_greedy	35	17	287
sequential_recurrent_greedy	35	18	287
sequential_recurrent_greedy	35	19	556
sequential_recurrent_greedy	35	20	556
sequential_recurrent_greedy	35	21	556
sequential_recurrent_greedy	35	22	213
sequential_recurrent_greedy	35	23	255
sequential_recurrent_greedy	35	24	327
sequential_recurrent_greedy	35	25	255
sequential_recurrent_greedy	35	26	255
sequential_recurrent_greedy	35	27	255
sequential_recurrent_greedy	35	28	255
sequential_recurrent_greedy	35	29	255
sequential_recurrent_greedy	35	30	3107
sequential_recurrent_greedy	35	31	3107
sequential_recurrent_greedy	35	32	3107
sequential_recurrent_greedy	35	33	3107
sequential_recurrent_greedy	35	34	297
sequential_recurrent_greedy	35	35	213
sequential_recurrent_greedy	35	36	416
sequential_recurrent_greedy	35	37	327
sequential_recurrent_greedy	35	38	208
sequential_recurrent_greedy	35	39	208
sequential_recurrent_greedy	35	40	1230
sequential_recurrent_greedy	35	41	1272
sequential_recurrent_greedy	35	42	1198
sequential_recurrent_greedy	35	43	2758
sequential_recurrent_greedy	35	44	233
sequential_recurrent_greedy	35	45	210
sequential_recurrent_greedy	35	46	556
sequential_recurrent_greedy	35	47	556
sequential_recurrent_greedy	35	48	221
sequential_recurrent_greedy	35	49	266
sequential_recurrent_greedy	35	50	1
sequential_recurrent_greedy	35	51	250
sequential_recurrent_greedy	35	52	250
sequential_recurrent_greedy	35	53	250
sequential_recurrent_greedy	35	54	266
sequential_recurrent_greedy	35	55	3801
sequential_recurrent_greedy	35	56	1557
sequential_recurrent_greedy	35	57	213
sequential_recurrent_greedy	35	58	208
sequential_recurrent_greedy	35	59	1557
sequential_recurrent_greedy	35	60	517
sequential_recurrent_greedy	35	61	517
sequential_recurrent_greedy	35	62	213
sequential_recurrent_greedy	35	63	233
sequential_recurrent_greedy	35	64	210
sequential_recurrent_greedy	36	1	210
sequential_recurrent_greedy	36	2	473
sequential_recurrent_greedy	36	3	287
sequential_recurrent_greedy	36	4	596
sequential_recurrent_greedy	36	5	231
sequential_recurrent_greedy	36	6	210
sequential_recurrent_greedy	36	7	596
sequential_recurrent_greedy	36	8	213
sequential_recurrent_greedy	36	9	304
sequential_recurrent_greedy	36	10	327
sequential_recurrent_greedy	36	11	208
sequential_recurrent_greedy	36	12	255
sequential_recurrent_greedy	36	13	287
sequential_recurrent_greedy	36	14	556
sequential_recurrent_greedy	36	15	238
sequential_recurrent_greedy	36	16	556
sequential_recurrent_greedy	36	17	233
sequential_recurrent_greedy	36	18	210
sequential_recurrent_greedy	36	19	556
sequential_recurrent_greedy	36	20	221
sequential_recurrent_greedy	36	21	255
sequential_recurrent_greedy	36	22	255
sequential_recurrent_greedy	36	23	255
sequential_recurrent_greedy	36	24	221
sequential_recurrent_greedy	36	25	255
sequential_recurrent_greedy	36	26	255
sequential_recurrent_greedy	36	27	255
sequential_recurrent_greedy	36	28	255
sequential_recurrent_greedy	36	29	255
sequential_recurrent_greedy	36	30	255
sequential_recurrent_greedy	36	31	255
sequential_recurrent_greedy	36	32	255
sequential_recurrent_greedy	36	33	255
sequential_recurrent_greedy	36	34	255
sequential_recurrent_greedy	36	35	255
sequential_recurrent_greedy	36	36	255
sequential_recurrent_greedy	36	37	255
sequential_recurrent_greedy	36	38	255
sequential_recurrent_greedy	36	39	255
sequential_recurrent_greedy	36	40	255
sequential_recurrent_greedy	36	41	255
sequential_recurrent_greedy	36	42	255
sequential_recurrent_greedy	36	43	255
sequential_recurrent_greedy	36	44	255
sequential_recurrent_greedy	36	45	255
sequential_recurrent_greedy	36	46	255
sequential_recurrent_greedy	36	47	255
sequential_recurrent_greedy	36	48	255
sequential_recurrent_greedy	36	49	255
sequential_recurrent_greedy	36	50	255
sequential_recurrent_greedy	36	51	255
sequential_recurrent_greedy	36	52	255
sequential_recurrent_greedy	36	53	255
sequential_recurrent_greedy	36	54	255
sequential_recurrent_greedy	36	55	255
sequential_recurrent_greedy	36	56	255
sequential_recurrent_greedy	36	57	255
sequential_recurrent_greedy	36	58	255
sequential_recurrent_greedy	36	59	255
sequential_recurrent_greedy	36	60	255
sequential_recurrent_greedy	36	61	255
sequential_recurrent_greedy	36	62	255
sequential_recurrent_greedy	36	63	255
sequential_recurrent_greedy	36	64	255
sequential_recurrent_greedy	37	1	473
sequential_recurrent_greedy	37	2	953
sequential_recurrent_greedy	37	3	231
sequential_recurrent_greedy	37	4	210
sequential_recurrent_greedy	37	5	953
sequential_recurrent_greedy	37	6	213
sequential_recurrent_greedy	37	7	255
sequential_recurrent_greedy	37	8	276
sequential_recurrent_greedy	37	9	317
sequential_recurrent_greedy	37	10	52
sequential_recurrent_greedy	37	11	52
sequential_recurrent_greedy	37	12	52
sequential_recurrent_greedy	37	13	52
sequential_recurrent_greedy	37	14	52
sequential_recurrent_greedy	37	15	15
sequential_recurrent_greedy	37	16	266
sequential_recurrent_greedy	37	17	1
sequential_recurrent_greedy	37	18	250
sequential_recurrent_greedy	37	19	250
sequential_recurrent_greedy	37	20	250
sequential_recurrent_greedy	37	21	266
sequential_recurrent_greedy	37	22	1
sequential_recurrent_greedy	37	23	369
sequential_recurrent_greedy	37	24	210
sequential_recurrent_greedy	37	25	1114
sequential_recurrent_greedy	37	26	1114
sequential_recurrent_greedy	37	27	556
sequential_recurrent_greedy	37	28	213
sequential_recurrent_greedy	37	29	255
sequential_recurrent_greedy	37	30	266
sequential_recurrent_greedy	37	31	1
sequential_recurrent_greedy	37	32	369
sequential_recurrent_greedy	37	33	210
sequential_recurrent_greedy	37	34	3754
sequential_recurrent_greedy	37	35	4145
sequential_recurrent_greedy	37	36	2771
sequential_recurrent_greedy	37	37	818
sequential_recurrent_greedy	37	38	818
sequential_recurrent_greedy	37	39	818
sequential_recurrent_greedy	37	40	818
sequential_recurrent_greedy	37	41	244
sequential_recurrent_greedy	37	42	3933
sequential_recurrent_greedy	37	43	379
sequential_recurrent_greedy	37	44	2238
sequential_recurrent_greedy	37	45	2238
sequential_recurrent_greedy	37	46	2238
sequential_recurrent_greedy	37	47	556
sequential_recurrent_greedy	37	48	213
sequential_recurrent_greedy	37	49	525
sequential_recurrent_greedy	37	50	525
sequential_recurrent_greedy	37	51	525
sequential_recurrent_greedy	37	52	581
sequential_recurrent_greedy	37	53	534
sequential_recurrent_greedy	37	54	2219
sequential_recurrent_greedy	37	55	326
sequential_recurrent_greedy	37	56	40
sequential_recurrent_greedy	37	57	40
sequential_recurrent_greedy	37	58	40
sequential_recurrent_greedy	37	59	556
sequential_recurrent_greedy	37	60	213
sequential_recurrent_greedy	37	61	210
sequential_recurrent_greedy	37	62	1198
sequential_recurrent_greedy	37	63	213
sequential_recurrent_greedy	37	64	208
sequential_recurrent_greedy	38	1	235
sequential_recurrent_greedy	38	2	239
sequential_recurrent_greedy	38	3	210
sequential_recurrent_greedy	38	4	255
sequential_recurrent_greedy	38	5	221
sequential_recurrent_greedy	38	6	369
sequential_recurrent_greedy	38	7	210
sequential_recurrent_greedy	38	8	596
sequential_recurrent_greedy	38	9	213
sequential_recurrent_greedy	38	10	255
sequential_recurrent_greedy	38	11	255
sequential_recurrent_greedy	38	12	221
sequential_recurrent_greedy	38	13	276
sequential_recurrent_greedy	38	14	255
sequential_recurrent_greedy	38	15	255
sequential_recurrent_greedy	38	16	255
sequential_recurrent_greedy	38	17	255
sequential_recurrent_greedy	38	18	255
sequential_recurrent_greedy	38	19	255
sequential_recurrent_greedy	38	20	255
sequential_recurrent_greedy	38	21	255
sequential_recurrent_greedy	38	22	255
sequential_recurrent_greedy	38	23	255
sequential_recurrent_greedy	38	24	255
sequential_recurrent_greedy	38	25	255
sequential_recurrent_greedy	38	26	255
sequential_recurrent_greedy	38	27	255
sequential_recurrent_greedy	38	28	255
sequential_recurrent_greedy	38	29	255
sequential_recurrent_greedy	38	30	255
sequential_recurrent_greedy	38	31	255
sequential_recurrent_greedy	38	32	255
sequential_recurrent_greedy	38	33	255
sequential_recurrent_greedy	38	34	255
sequential_recurrent_greedy	38	35	255
sequential_recurrent_greedy	38	36	255
sequential_recurrent_greedy	38	37	255
sequential_recurrent_greedy	38	38	255
sequential_recurrent_greedy	38	39	255
sequential_recurrent_greedy	38	40	255
sequential_recurrent_greedy	38	41	255
sequential_recurrent_greedy	38	42	255
sequential_recurrent_greedy	38	43	255
sequential_recurrent_greedy	38	44	255
sequential_recurrent_greedy	38	45	255
sequential_recurrent_greedy	38	46	255
sequential_recurrent_greedy	38	47	255
sequential_recurrent_greedy	38	48	255
sequential_recurrent_greedy	38	49	255
sequential_recurrent_greedy	38	50	255
sequential_recurrent_greedy	38	51	255
sequential_recurrent_greedy	38	52	255
sequential_recurrent_greedy	38	53	255
sequential_recurrent_greedy	38	54	255
sequential_recurrent_greedy	38	55	255
sequential_recurrent_greedy	38	56	255
sequential_recurrent_greedy	38	57	255
sequential_recurrent_greedy	38	58	255
sequential_recurrent_greedy	38	59	255
sequential_recurrent_greedy	38	60	255
sequential_recurrent_greedy	38	61	255
sequential_recurrent_greedy	38	62	255
sequential_recurrent_greedy	38	63	255
sequential_recurrent_greedy	38	64	255
sequential_recurrent_greedy	39	1	221
sequential_recurrent_greedy	39	2	266
sequential_recurrent_greedy	39	3	1
sequential_recurrent_greedy	39	4	250
sequential_recurrent_greedy	39	5	250
sequential_recurrent_greedy	39	6	250
sequential_recurrent_greedy	39	7	266
sequential_recurrent_greedy	39	8	1
sequential_recurrent_greedy	39	9	369
sequential_recurrent_greedy	39	10	210
sequential_recurrent_greedy	39	11	596
sequential_recurrent_greedy	39	12	213
sequential_recurrent_greedy	39	13	302
sequential_recurrent_greedy	39	14	269
sequential_recurrent_greedy	39	15	81
sequential_recurrent_greedy	39	16	266
sequential_recurrent_greedy	39	17	1
sequential_recurrent_greedy	39	18	276
sequential_recurrent_greedy	39	19	1198
sequential_recurrent_greedy	39	20	1198
sequential_recurrent_greedy	39	21	2831
sequential_recurrent_greedy	39	22	7862
sequential_recurrent_greedy	39	23	239
sequential_recurrent_greedy	39	24	514
sequential_recurrent_greedy	39	25	208
sequential_recurrent_greedy	39	26	255
sequential_recurrent_greedy	39	27	303
sequential_recurrent_greedy	39	28	407
sequential_recurrent_greedy	39	29	329
sequential_recurrent_greedy	39	30	329
sequential_recurrent_greedy	39	31	599
sequential_recurrent_greedy	39	32	1100
sequential_recurrent_greedy	39	33	1198
sequential_recurrent_greedy	39	34	213
sequential_recurrent_greedy	39	35	210
sequential_recurrent_greedy	39	36	473
sequential_recurrent_greedy	39	37	213
sequential_recurrent_greedy	39	38	210
sequential_recurrent_greedy	39	39	473
sequential_recurrent_greedy	39	40	6075
sequential_recurrent_greedy	39	41	234
sequential_recurrent_greedy	39	42	1082
sequential_recurrent_greedy	39	43	1082
sequential_recurrent_greedy	39	44	1082
sequential_recurrent_greedy	39	45	1082
sequential_recurrent_greedy	39	46	1066
sequential_recurrent_greedy	39	47	1066
sequential_recurrent_greedy	39	48	1066
sequential_recurrent_greedy	39	49	4088
sequential_recurrent_greedy	39	50	323
sequential_recurrent_greedy	39	51	208
sequential_recurrent_greedy	39	52	516
sequential_recurrent_greedy	39	53	516
sequential_recurrent_greedy	39	54	322
sequential_recurrent_greedy	39	55	1472
sequential_recurrent_greedy	39	56	1472
sequential_recurrent_greedy	39	57	1641
sequential_recurrent_greedy	39	58	4663
sequential_recurrent_greedy	39	59	4663
sequential_recurrent_greedy	39	60	4663
sequential_recurrent_greedy	39	61	619
sequential_recurrent_greedy	39	62	5033
sequential_recurrent_greedy	39	63	489
sequential_recurrent_greedy	39	64	322
sequential_recurrent_greedy	40	1	213
sequential_recurrent_greedy	40	2	238
sequential_recurrent_greedy	40	3	210
sequential_recurrent_greedy	40	4	473
sequential_recurrent_greedy	40	5	287
sequential_recurrent_greedy	40	6	556
sequential_recurrent_greedy	40	7	221
sequential_recurrent_greedy	40	8	266
sequential_recurrent_greedy	40	9	1
sequential_recurrent_greedy	40	10	250
sequential_recurrent_greedy	40	11	250
sequential_recurrent_greedy	40	12	250
sequential_recurrent_greedy	40	13	266
sequential_recurrent_greedy	40	14	1
sequential_recurrent_greedy	40	15	276
sequential_recurrent_greedy	40	16	1198
sequential_recurrent_greedy	40	17	1198
sequential_recurrent_greedy	40	18	2831
sequential_recurrent_greedy	40	19	213
sequential_recurrent_greedy	40	20	266
sequential_recurrent_greedy	40	21	1
sequential_recurrent_greedy	40	22	369
sequential_recurrent_greedy	40	23	210
sequential_recurrent_greedy	40	24	287
sequential_recurrent_greedy	40	25	556
sequential_recurrent_greedy	40	26	287
sequential_recurrent_greedy	40	27	556
sequential_recurrent_greedy	40	28	556
sequential_recurrent_greedy	40	29	213
sequential_recurrent_greedy	40	30	233
sequential_recurrent_greedy	40	31	1198
sequential_recurrent_greedy	40	32	1198
sequential_recurrent_greedy	40	33	255
sequential_recurrent_greedy	40	34	255
sequential_recurrent_greedy	40	35	255
sequential_recurrent_greedy	40	36	255
sequential_recurrent_greedy	40	37	255
sequential_recurrent_greedy	40	38	255
sequential_recurrent_greedy	40	39	3107
sequential_recurrent_greedy	40	40	3107
sequential_recurrent_greedy	40	41	3107
sequential_recurrent_greedy	40	42	392
sequential_recurrent_greedy	40	43	18
sequential_recurrent_greedy	40	44	18
sequential_recurrent_greedy	40	45	18
sequential_recurrent_greedy	40	46	279
sequential_recurrent_greedy	40	47	84
sequential_recurrent_greedy	40	48	935
sequential_recurrent_greedy	40	49	296
sequential_recurrent_greedy	40	50	887
sequential_recurrent_greedy	40	51	296
sequential_recurrent_greedy	40	52	296
sequential_recurrent_greedy	40	53	887
sequential_recurrent_greedy	40	54	296
sequential_recurrent_greedy	40	55	210
sequential_recurrent_greedy	40	56	6108
sequential_recurrent_greedy	40	57	6108
sequential_recurrent_greedy	40	58	213
sequential_recurrent_greedy	40	59	3742
sequential_recurrent_greedy	40	60	292
sequential_recurrent_greedy	40	61	292
sequential_recurrent_greedy	40	62	213
sequential_recurrent_greedy	40	63	272
sequential_recurrent_greedy	40	64	292
sequential_recurrent_greedy	41	1	1287
sequential_recurrent_greedy	41	2	287
sequential_recurrent_greedy	41	3	287
sequential_recurrent_greedy	41	4	4315
sequential_recurrent_greedy	41	5	287
sequential_recurrent_greedy	41	6	596
sequential_recurrent_greedy	41	7	213
sequential_recurrent_greedy	41	8	255
sequential_recurrent_greedy	41	9	255
sequential_recurrent_greedy	41	10	255
sequential_recurrent_greedy	41	11	255
sequential_recurrent_greedy	41	12	255
sequential_recurrent_greedy	41	13	255
sequential_recurrent_greedy	41	14	255
sequential_recurrent_greedy	41	15	255
sequential_recurrent_greedy	41	16	255
sequential_recurrent_greedy	41	17	255
sequential_recurrent_greedy	41	18	255
sequential_recurrent_greedy	41	19	255
sequential_recurrent_greedy	41	20	255
sequential_recurrent_greedy	41	21	255
sequential_recurrent_greedy	41	22	255
sequential_recurrent_greedy	41	23	255
sequential_recurrent_greedy	41	24	255
sequential_recurrent_greedy	41	25	255
sequential_recurrent_greedy	41	26	255
sequential_recurrent_greedy	41	27	255
sequential_recurrent_greedy	41	28	255
sequential_recurrent_greedy	41	29	255
sequential_recurrent_greedy	41	30	255
sequential_recurrent_greedy	41	31	255
sequential_recurrent_greedy	41	32	255
sequential_recurrent_greedy	41	33	255
sequential_recurrent_greedy	41	34	255
sequential_recurrent_greedy	41	35	255
sequential_recurrent_greedy	41	36	255
sequential_recurrent_greedy	41	37	255
sequential_recurrent_greedy	41	38	255
sequential_recurrent_greedy	41	39	255
sequential_recurrent_greedy	41	40	255
sequential_recurrent_greedy	41	41	255
sequential_recurrent_greedy	41	42	255
sequential_recurrent_greedy	41	43	255
sequential_recurrent_greedy	41	44	255
sequential_recurrent_greedy	41	45	255
sequential_recurrent_greedy	41	46	255
sequential_recurrent_greedy	41	47	255
sequential_recurrent_greedy	41	48	255
sequential_recurrent_greedy	41	49	255
sequential_recurrent_greedy	41	50	255
sequential_recurrent_greedy	41	51	255
sequential_recurrent_greedy	41	52	255
sequential_recurrent_greedy	41	53	255
sequential_recurrent_greedy	41	54	255
sequential_recurrent_greedy	41	55	255
sequential_recurrent_greedy	41	56	255
sequential_recurrent_greedy	41	57	255
sequential_recurrent_greedy	41	58	255
sequential_recurrent_greedy	41	59	255
sequential_recurrent_greedy	41	60	255
sequential_recurrent_greedy	41	61	255
sequential_recurrent_greedy	41	62	255
sequential_recurrent_greedy	41	63	255
sequential_recurrent_greedy	41	64	255
sequential_recurrent_greedy	42	1	210
sequential_recurrent_greedy	42	2	596
sequential_recurrent_greedy	42	3	213
sequential_recurrent_greedy	42	4	304
sequential_recurrent_greedy	42	5	271
sequential_recurrent_greedy	42	6	208
sequential_recurrent_greedy	42	7	473
sequential_recurrent_greedy	42	8	287
sequential_recurrent_greedy	42	9	596
sequential_recurrent_greedy	42	10	596
sequential_recurrent_greedy	42	11	307
sequential_recurrent_greedy	42	12	210
sequential_recurrent_greedy	42	13	581
sequential_recurrent_greedy	42	14	596
sequential_recurrent_greedy	42	15	221
sequential_recurrent_greedy	42	16	369
sequential_recurrent_greedy	42	17	210
sequential_recurrent_greedy	42	18	556
sequential_recurrent_greedy	42	19	213
sequential_recurrent_greedy	42	20	210
sequential_recurrent_greedy	42	21	556
sequential_recurrent_greedy	42	22	213
sequential_recurrent_greedy	42	23	210
sequential_recurrent_greedy	42	24	556
sequential_recurrent_greedy	42	25	287
sequential_recurrent_greedy	42	26	287
sequential_recurrent_greedy	42	27	556
sequential_recurrent_greedy	42	28	287
sequential_recurrent_greedy	42	29	556
sequential_recurrent_greedy	42	30	233
sequential_recurrent_greedy	42	31	210
sequential_recurrent_greedy	42	32	556
sequential_recurrent_greedy	42	33	255
sequential_recurrent_greedy	42	34	255
sequential_recurrent_greedy	42	35	255
sequential_recurrent_greedy	42	36	255
sequential_recurrent_greedy	42	37	255
sequential_recurrent_greedy	42	38	255
sequential_recurrent_greedy	42	39	255
sequential_recurrent_greedy	42	40	255
sequential_recurrent_greedy	42	41	255
sequential_recurrent_greedy	42	42	255
sequential_recurrent_greedy	42	43	255
sequential_recurrent_greedy	42	44	255
sequential_recurrent_greedy	42	45	255
sequential_recurrent_greedy	42	46	255
sequential_recurrent_greedy	42	47	255
sequential_recurrent_greedy	42	48	255
sequential_recurrent_greedy	42	49	255
sequential_recurrent_greedy	42	50	255
sequential_recurrent_greedy	42	51	255
sequential_recurrent_greedy	42	52	255
sequential_recurrent_greedy	42	53	255
sequential_recurrent_greedy	42	54	255
sequential_recurrent_greedy	42	55	255
sequential_recurrent_greedy	42	56	255
sequential_recurrent_greedy	42	57	255
sequential_recurrent_greedy	42	58	255
sequential_recurrent_greedy	42	59	255
sequential_recurrent_greedy	42	60	255
sequential_recurrent_greedy	42	61	255
sequential_recurrent_greedy	42	62	255
sequential_recurrent_greedy	42	63	255
sequential_recurrent_greedy	42	64	255
sequential_recurrent_greedy	43	1	238
sequential_recurrent_greedy	43	2	210
sequential_recurrent_greedy	43	3	473
sequential_recurrent_greedy	43	4	287
sequential_recurrent_greedy	43	5	287
sequential_recurrent_greedy	43	6	287
sequential_recurrent_greedy	43	7	596
sequential_recurrent_greedy	43	8	221
sequential_recurrent_greedy	43	9	369
sequential_recurrent_greedy	43	10	1470
sequential_recurrent_greedy	43	11	213
sequential_recurrent_greedy	43	12	208
sequential_recurrent_greedy	43	13	596
sequential_recurrent_greedy	43	14	213
sequential_recurrent_greedy	43	15	210
sequential_recurrent_greedy	43	16	230
sequential_recurrent_greedy	43	17	258
sequential_recurrent_greedy	43	18	258
sequential_recurrent_greedy	43	19	230
sequential_recurrent_greedy	43	20	657
sequential_recurrent_greedy	43	21	657
sequential_recurrent_greedy	43	22	210
sequential_recurrent_greedy	43	23	255
sequential_recurrent_greedy	43	24	255
sequential_recurrent_greedy	43	25	255
sequential_recurrent_greedy	43	26	255
sequential_recurrent_greedy	43	27	255
sequential_recurrent_greedy	43	28	255
sequential_recurrent_greedy	43	29	255
sequential_recurrent_greedy	43	30	255
sequential_recurrent_greedy	43	31	255
sequential_recurrent_greedy	43	32	255
sequential_recurrent_greedy	43	33	255
sequential_recurrent_greedy	43	34	255
sequential_recurrent_greedy	43	35	255
sequential_recurrent_greedy	43	36	255
sequential_recurrent_greedy	43	37	255
sequential_recurrent_greedy	43	38	255
sequential_recurrent_greedy	43	39	255
sequential_recurrent_greedy	43	40	255
sequential_recurrent_greedy	43	41	255
sequential_recurrent_greedy	43	42	255
sequential_recurrent_greedy	43	43	255
sequential_recurrent_greedy	43	44	255
sequential_recurrent_greedy	43	45	255
sequential_recurrent_greedy	43	46	255
sequential_recurrent_greedy	43	47	255
sequential_recurrent_greedy	43	48	255
sequential_recurrent_greedy	43	49	255
sequential_recurrent_greedy	43	50	255
sequential_recurrent_greedy	43	51	255
sequential_recurrent_greedy	43	52	255
sequential_recurrent_greedy	43	53	255
sequential_recurrent_greedy	43	54	255
sequential_recurrent_greedy	43	55	255
sequential_recurrent_greedy	43	56	255
sequential_recurrent_greedy	43	57	255
sequential_recurrent_greedy	43	58	255
sequential_recurrent_greedy	43	59	255
sequential_recurrent_greedy	43	60	255
sequential_recurrent_greedy	43	61	255
sequential_recurrent_greedy	43	62	255
sequential_recurrent_greedy	43	63	255
sequential_recurrent_greedy	43	64	255
sequential_recurrent_greedy	44	1	473
sequential_recurrent_greedy	44	2	231
sequential_recurrent_greedy	44	3	210
sequential_recurrent_greedy	44	4	473
sequential_recurrent_greedy	44	5	596
sequential_recurrent_greedy	44	6	213
sequential_recurrent_greedy	44	7	210
sequential_recurrent_greedy	44	8	473
sequential_recurrent_greedy	44	9	556
sequential_recurrent_greedy	44	10	213
sequential_recurrent_greedy	44	11	208
sequential_recurrent_greedy	44	12	556
sequential_recurrent_greedy	44	13	213
sequential_recurrent_greedy	44	14	307
sequential_recurrent_greedy	44	15	208
sequential_recurrent_greedy	44	16	1082
sequential_recurrent_greedy	44	17	1082
sequential_recurrent_greedy	44	18	1082
sequential_recurrent_greedy	44	19	1082
sequential_recurrent_greedy	44	20	1066
sequential_recurrent_greedy	44	21	1066
sequential_recurrent_greedy	44	22	1066
sequential_recurrent_greedy	44	23	233
sequential_recurrent_greedy	44	24	258
sequential_recurrent_greedy	44	25	258
sequential_recurrent_greedy	44	26	287
sequential_recurrent_greedy	44	27	317
sequential_recurrent_greedy	44	28	657
sequential_recurrent_greedy	44	29	370
sequential_recurrent_greedy	44	30	255
sequential_recurrent_greedy	44	31	276
sequential_recurrent_greedy	44	32	1165
sequential_recurrent_greedy	44	33	370
sequential_recurrent_greedy	44	34	208
sequential_recurrent_greedy	44	35	2128
sequential_recurrent_greedy	44	36	231
sequential_recurrent_greedy	44	37	210
sequential_recurrent_greedy	44	38	323
sequential_recurrent_greedy	44	39	392
sequential_recurrent_greedy	44	40	52
sequential_recurrent_greedy	44	41	52
sequential_recurrent_greedy	44	42	52
sequential_recurrent_greedy	44	43	556
sequential_recurrent_greedy	44	44	213
sequential_recurrent_greedy	44	45	452
sequential_recurrent_greedy	44	46	208
sequential_recurrent_greedy	44	47	230
sequential_recurrent_greedy	44	48	5575
sequential_recurrent_greedy	44	49	230
sequential_recurrent_greedy	44	50	2711
sequential_recurrent_greedy	44	51	221
sequential_recurrent_greedy	44	52	276
sequential_recurrent_greedy	44	53	1169
sequential_recurrent_greedy	44	54	1169
sequential_recurrent_greedy	44	55	3122
sequential_recurrent_greedy	44	56	255
sequential_recurrent_greedy	44	57	266
sequential_recurrent_greedy	44	58	1
sequential_recurrent_greedy	44	59	276
sequential_recurrent_greedy	44	60	2690
sequential_recurrent_greedy	44	61	1472
sequential_recurrent_greedy	44	62	441
sequential_recurrent_greedy	44	63	1472
sequential_recurrent_greedy	44	64	7634
sequential_recurrent_greedy	45	1	250
sequential_recurrent_greedy	45	2	250
sequential_recurrent_greedy	45	3	250
sequential_recurrent_greedy	45	4	266
sequential_recurrent_greedy	45	5	1
sequential_recurrent_greedy	45	6	250
sequential_recurrent_greedy	45	7	250
sequential_recurrent_greedy	45	8	250
sequential_recurrent_greedy	45	9	266
sequential_recurrent_greedy	45	10	1
sequential_recurrent_greedy	45	11	369
sequential_recurrent_greedy	45	12	210
sequential_recurrent_greedy	45	13	208
sequential_recurrent_greedy	45	14	287
sequential_recurrent_greedy	45	15	287
sequential_recurrent_greedy	45	16	1329
sequential_recurrent_greedy	45	17	287
sequential_recurrent_greedy	45	18	287
sequential_recurrent_greedy	45	19	287
sequential_recurrent_greedy	45	20	287
sequential_recurrent_greedy	45	21	764
sequential_recurrent_greedy	45	22	210
sequential_recurrent_greedy	45	23	747
sequential_recurrent_greedy	45	24	231
sequential_recurrent_greedy	45	25	210
sequential_recurrent_greedy	45	26	335
sequential_recurrent_greedy	45	27	1234
sequential_recurrent_greedy	45	28	255
sequential_recurrent_greedy	45	29	230
sequential_recurrent_greedy	45	30	633
sequential_recurrent_greedy	45	31	228
sequential_recurrent_greedy	45	32	228
sequential_recurrent_greedy	45	33	634
sequential_recurrent_greedy	45	34	634
sequential_recurrent_greedy	45	35	634
sequential_recurrent_greedy	45	36	210
sequential_recurrent_greedy	45	37	1114
sequential_recurrent_greedy	45	38	596
sequential_recurrent_greedy	45	39	296
sequential_recurrent_greedy	45	40	336
sequential_recurrent_greedy	45	41	2732
sequential_recurrent_greedy	45	42	2732
sequential_recurrent_greedy	45	43	2800
sequential_recurrent_greedy	45	44	556
sequential_recurrent_greedy	45	45	556
sequential_recurrent_greedy	45	46	556
sequential_recurrent_greedy	45	47	213
sequential_recurrent_greedy	45	48	255
sequential_recurrent_greedy	45	49	255
sequential_recurrent_greedy	45	50	255
sequential_recurrent_greedy	45	51	255
sequential_recurrent_greedy	45	52	255
sequential_recurrent_greedy	45	53	255
sequential_recurrent_greedy	45	54	255
sequential_recurrent_greedy	45	55	690
sequential_recurrent_greedy	45	56	231
sequential_recurrent_greedy	45	57	1198
sequential_recurrent_greedy	45	58	1198
sequential_recurrent_greedy	45	59	233
sequential_recurrent_greedy	45	60	1198
sequential_recurrent_greedy	45	61	213
sequential_recurrent_greedy	45	62	233
sequential_recurrent_greedy	45	63	317
sequential_recurrent_greedy	45	64	282
sequential_recurrent_greedy	46	1	74
sequential_recurrent_greedy	46	2	213
sequential_recurrent_greedy	46	3	238
sequential_recurrent_greedy	46	4	210
sequential_recurrent_greedy	46	5	473
sequential_recurrent_greedy	46	6	287
sequential_recurrent_greedy	46	7	556
sequential_recurrent_greedy	46	8	221
sequential_recurrent_greedy	46	9	369
sequential_recurrent_greedy	46	10	1470
sequential_recurrent_greedy	46	11	213
sequential_recurrent_greedy	46	12	210
sequential_recurrent_greedy	46	13	556
sequential_recurrent_greedy	46	14	213
sequential_recurrent_greedy	46	15	210
sequential_recurrent_greedy	46	16	255
sequential_recurrent_greedy	46	17	231
sequential_recurrent_greedy	46	18	255
sequential_recurrent_greedy	46	19	255
sequential_recurrent_greedy	46	20	255
sequential_recurrent_greedy	46	21	255
sequential_recurrent_greedy	46	22	255
sequential_recurrent_greedy	46	23	255
sequential_recurrent_greedy	46	24	255
sequential_recurrent_greedy	46	25	255
sequential_recurrent_greedy	46	26	255
sequential_recurrent_greedy	46	27	255
sequential_recurrent_greedy	46	28	255
sequential_recurrent_greedy	46	29	255
sequential_recurrent_greedy	46	30	255
sequential_recurrent_greedy	46	31	255
sequential_recurrent_greedy	46	32	255
sequential_recurrent_greedy	46	33	255
sequential_recurrent_greedy	46	34	255
sequential_recurrent_greedy	46	35	255
sequential_recurrent_greedy	46	36	255
sequential_recurrent_greedy	46	37	255
sequential_recurrent_greedy	46	38	255
sequential_recurrent_greedy	46	39	255
sequential_recurrent_greedy	46	40	255
sequential_recurrent_greedy	46	41	255
sequential_recurrent_greedy	46	42	255
sequential_recurrent_greedy	46	43	255
sequential_recurrent_greedy	46	44	255
sequential_recurrent_greedy	46	45	255
sequential_recurrent_greedy	46	46	255
sequential_recurrent_greedy	46	47	255
sequential_recurrent_greedy	46	48	255
sequential_recurrent_greedy	46	49	255
sequential_recurrent_greedy	46	50	255
sequential_recurrent_greedy	46	51	255
sequential_recurrent_greedy	46	52	255
sequential_recurrent_greedy	46	53	255
sequential_recurrent_greedy	46	54	255
sequential_recurrent_greedy	46	55	255
sequential_recurrent_greedy	46	56	255
sequential_recurrent_greedy	46	57	255
sequential_recurrent_greedy	46	58	255
sequential_recurrent_greedy	46	59	255
sequential_recurrent_greedy	46	60	255
sequential_recurrent_greedy	46	61	255
sequential_recurrent_greedy	46	62	255
sequential_recurrent_greedy	46	63	255
sequential_recurrent_greedy	46	64	255
sequential_recurrent_greedy	47	1	208
sequential_recurrent_greedy	47	2	255
sequential_recurrent_greedy	47	3	287
sequential_recurrent_greedy	47	4	287
sequential_recurrent_greedy	47	5	287
sequential_recurrent_greedy	47	6	596
sequential_recurrent_greedy	47	7	221
sequential_recurrent_greedy	47	8	369
sequential_recurrent_greedy	47	9	210
sequential_recurrent_greedy	47	10	596
sequential_recurrent_greedy	47	11	213
sequential_recurrent_greedy	47	12	255
sequential_recurrent_greedy	47	13	255
sequential_recurrent_greedy	47	14	266
sequential_recurrent_greedy	47	15	1
sequential_recurrent_greedy	47	16	255
sequential_recurrent_greedy	47	17	255
sequential_recurrent_greedy	47	18	255
sequential_recurrent_greedy	47	19	255
sequential_recurrent_greedy	47	20	255
sequential_recurrent_greedy	47	21	255
sequential_recurrent_greedy	47	22	255
sequential_recurrent_greedy	47	23	255
sequential_recurrent_greedy	47	24	255
sequential_recurrent_greedy	47	25	255
sequential_recurrent_greedy	47	26	255
sequential_recurrent_greedy	47	27	255
sequential_recurrent_greedy	47	28	255
sequential_recurrent_greedy	47	29	255
sequential_recurrent_greedy	47	30	255
sequential_recurrent_greedy	47	31	255
sequential_recurrent_greedy	47	32	255
sequential_recurrent_greedy	47	33	255
sequential_recurrent_greedy	47	34	255
sequential_recurrent_greedy	47	35	255
sequential_recurrent_greedy	47	36	255
sequential_recurrent_greedy	47	37	255
sequential_recurrent_greedy	47	38	255
sequential_recurrent_greedy	47	39	255
sequential_recurrent_greedy	47	40	255
sequential_recurrent_greedy	47	41	255
sequential_recurrent_greedy	47	42	255
sequential_recurrent_greedy	47	43	255
sequential_recurrent_greedy	47	44	255
sequential_recurrent_greedy	47	45	255
sequential_recurrent_greedy	47	46	255
sequential_recurrent_greedy	47	47	255
sequential_recurrent_greedy	47	48	255
sequential_recurrent_greedy	47	49	255
sequential_recurrent_greedy	47	50	255
sequential_recurrent_greedy	47	51	255
sequential_recurrent_greedy	47	52	255
sequential_recurrent_greedy	47	53	255
sequential_recurrent_greedy	47	54	255
sequential_recurrent_greedy	47	55	255
sequential_recurrent_greedy	47	56	255
sequential_recurrent_greedy	47	57	255
sequential_recurrent_greedy	47	58	255
sequential_recurrent_greedy	47	59	255
sequential_recurrent_greedy	47	60	255
sequential_recurrent_greedy	47	61	255
sequential_recurrent_greedy	47	62	255
sequential_recurrent_greedy	47	63	255
sequential_recurrent_greedy	47	64	255
sequential_recurrent_greedy	48	1	208
sequential_recurrent_greedy	48	2	255
sequential_recurrent_greedy	48	3	231
sequential_recurrent_greedy	48	4	210
sequential_recurrent_greedy	48	5	473
sequential_recurrent_greedy	48	6	596
sequential_recurrent_greedy	48	7	213
sequential_recurrent_greedy	48	8	304
sequential_recurrent_greedy	48	9	327
sequential_recurrent_greedy	48	10	208
sequential_recurrent_greedy	48	11	255
sequential_recurrent_greedy	48	12	255
sequential_recurrent_greedy	48	13	276
sequential_recurrent_greedy	48	14	255
sequential_recurrent_greedy	48	15	255
sequential_recurrent_greedy	48	16	255
sequential_recurrent_greedy	48	17	255
sequential_recurrent_greedy	48	18	255
sequential_recurrent_greedy	48	19	255
sequential_recurrent_greedy	48	20	255
sequential_recurrent_greedy	48	21	255
sequential_recurrent_greedy	48	22	255
sequential_recurrent_greedy	48	23	255
sequential_recurrent_greedy	48	24	255
sequential_recurrent_greedy	48	25	255
sequential_recurrent_greedy	48	26	255
sequential_recurrent_greedy	48	27	255
sequential_recurrent_greedy	48	28	255
sequential_recurrent_greedy	48	29	255
sequential_recurrent_greedy	48	30	255
sequential_recurrent_greedy	48	31	255
sequential_recurrent_greedy	48	32	255
sequential_recurrent_greedy	48	33	255
sequential_recurrent_greedy	48	34	255
sequential_recurrent_greedy	48	35	255
sequential_recurrent_greedy	48	36	255
sequential_recurrent_greedy	48	37	255
sequential_recurrent_greedy	48	38	255
sequential_recurrent_greedy	48	39	255
sequential_recurrent_greedy	48	40	255
sequential_recurrent_greedy	48	41	255
sequential_recurrent_greedy	48	42	255
sequential_recurrent_greedy	48	43	255
sequential_recurrent_greedy	48	44	255
sequential_recurrent_greedy	48	45	255
sequential_recurrent_greedy	48	46	255
sequential_recurrent_greedy	48	47	255
sequential_recurrent_greedy	48	48	255
sequential_recurrent_greedy	48	49	255
sequential_recurrent_greedy	48	50	255
sequential_recurrent_greedy	48	51	255
sequential_recurrent_greedy	48	52	255
sequential_recurrent_greedy	48	53	255
sequential_recurrent_greedy	48	54	255
sequential_recurrent_greedy	48	55	255
sequential_recurrent_greedy	48	56	255
sequential_recurrent_greedy	48	57	255
sequential_recurrent_greedy	48	58	255
sequential_recurrent_greedy	48	59	255
sequential_recurrent_greedy	48	60	255
sequential_recurrent_greedy	48	61	255
sequential_recurrent_greedy	48	62	255
sequential_recurrent_greedy	48	63	255
sequential_recurrent_greedy	48	64	255
sequential_recurrent_greedy	49	1	266
sequential_recurrent_greedy	49	2	1
sequential_recurrent_greedy	49	3	250
sequential_recurrent_greedy	49	4	250
sequential_recurrent_greedy	49	5	250
sequential_recurrent_greedy	49	6	266
sequential_recurrent_greedy	49	7	1
sequential_recurrent_greedy	49	8	369
sequential_recurrent_greedy	49	9	210
sequential_recurrent_greedy	49	10	1114
sequential_recurrent_greedy	49	11	556
sequential_recurrent_greedy	49	12	213
sequential_recurrent_greedy	49	13	238
sequential_recurrent_greedy	49	14	266
sequential_recurrent_greedy	49	15	1
sequential_recurrent_greedy	49	16	250
sequential_recurrent_greedy	49	17	250
sequential_recurrent_greedy	49	18	266
sequential_recurrent_greedy	49	19	1
sequential_recurrent_greedy	49	20	369
sequential_recurrent_greedy	49	21	210
sequential_recurrent_greedy	49	22	556
sequential_recurrent_greedy	49	23	213
sequential_recurrent_greedy	49	24	425
sequential_recurrent_greedy	49	25	208
sequential_recurrent_greedy	49	26	1234
sequential_recurrent_greedy	49	27	231
sequential_recurrent_greedy	49	28	210
sequential_recurrent_greedy	49	29	392
sequential_recurrent_greedy	49	30	69
sequential_recurrent_greedy	49	31	977
sequential_recurrent_greedy	49	32	7542
sequential_recurrent_greedy	49	33	213
sequential_recurrent_greedy	49	34	213
sequential_recurrent_greedy	49	35	210
sequential_recurrent_greedy	49	36	473
sequential_recurrent_greedy	49	37	556
sequential_recurrent_greedy	49	38	221
sequential_recurrent_greedy	49	39	276
sequential_recurrent_greedy	49	40	473
sequential_recurrent_greedy	49	41	3437
sequential_recurrent_greedy	49	42	6466
sequential_recurrent_greedy	49	43	6466
sequential_recurrent_greedy	49	44	1472
sequential_recurrent_greedy	49	45	1472
sequential_recurrent_greedy	49	46	70
sequential_recurrent_greedy	49	47	210
sequential_recurrent_greedy	49	48	556
sequential_recurrent_greedy	49	49	231
sequential_recurrent_greedy	49	50	1082
sequential_recurrent_greedy	49	51	1082
sequential_recurrent_greedy	49	52	1066
sequential_recurrent_greedy	49	53	1066
sequential_recurrent_greedy	49	54	1066
sequential_recurrent_greedy	49	55	4088
sequential_recurrent_greedy	49	56	239
sequential_recurrent_greedy	49	57	210
sequential_recurrent_greedy	49	58	556
sequential_recurrent_greedy	49	59	489
sequential_recurrent_greedy	49	60	4480
sequential_recurrent_greedy	49	61	4480
sequential_recurrent_greedy	49	62	4652
sequential_recurrent_greedy	49	63	4480
sequential_recurrent_greedy	49	64	4480
sequential_recurrent_greedy	50	1	66
sequential_recurrent_greedy	50	2	213
sequential_recurrent_greedy	50	3	210
sequential_recurrent_greedy	50	4	473
sequential_recurrent_greedy	50	5	287
sequential_recurrent_greedy	50	6	556
sequential_recurrent_greedy	50	7	287
sequential_recurrent_greedy	50	8	556
sequential_recurrent_greedy	50	9	213
sequential_recurrent_greedy	50	10	238
sequential_recurrent_greedy	50	11	327
sequential_recurrent_greedy	50	12	208
sequential_recurrent_greedy	50	13	255
sequential_recurrent_greedy	50	14	231
sequential_recurrent_greedy	50	15	210
sequential_recurrent_greedy	50	16	596
sequential_recurrent_greedy	50	17	233
sequential_recurrent_greedy	50	18	1198
sequential_recurrent_greedy	50	19	1574
sequential_recurrent_greedy	50	20	213
sequential_recurrent_greedy	50	21	255
sequential_recurrent_greedy	50	22	255
sequential_recurrent_greedy	50	23	213
sequential_recurrent_greedy	50	24	255
sequential_recurrent_greedy	50	25	255
sequential_recurrent_greedy	50	26	322
sequential_recurrent_greedy	50	27	255
sequential_recurrent_greedy	50	28	255
sequential_recurrent_greedy	50	29	255
sequential_recurrent_greedy	50	30	255
sequential_recurrent_greedy	50	31	255
sequential_recurrent_greedy	50	32	255
sequential_recurrent_greedy	50	33	255
sequential_recurrent_greedy	50	34	255
sequential_recurrent_greedy	50	35	255
sequential_recurrent_greedy	50	36	255
sequential_recurrent_greedy	50	37	255
sequential_recurrent_greedy	50	38	255
sequential_recurrent_greedy	50	39	255
sequential_recurrent_greedy	50	40	255
sequential_recurrent_greedy	50	41	255
sequential_recurrent_greedy	50	42	255
sequential_recurrent_greedy	50	43	255
sequential_recurrent_greedy	50	44	255
sequential_recurrent_greedy	50	45	255
sequential_recurrent_greedy	50	46	255
sequential_recurrent_greedy	50	47	255
sequential_recurrent_greedy	50	48	255
sequential_recurrent_greedy	50	49	255
sequential_recurrent_greedy	50	50	255
sequential_recurrent_greedy	50	51	255
sequential_recurrent_greedy	50	52	255
sequential_recurrent_greedy	50	53	255
sequential_recurrent_greedy	50	54	255
sequential_recurrent_greedy	50	55	255
sequential_recurrent_greedy	50	56	255
sequential_recurrent_greedy	50	57	255
sequential_recurrent_greedy	50	58	255
sequential_recurrent_greedy	50	59	255
sequential_recurrent_greedy	50	60	255
sequential_recurrent_greedy	50	61	255
sequential_recurrent_greedy	50	62	255
sequential_recurrent_greedy	50	63	255
sequential_recurrent_greedy	50	64	255
sequential_recurrent_greedy	51	1	287
sequential_recurrent_greedy	51	2	6489
sequential_recurrent_greedy	51	3	2568
sequential_recurrent_greedy	51	4	213
sequential_recurrent_greedy	51	5	210
sequential_recurrent_greedy	51	6	2568
sequential_recurrent_greedy	51	7	327
sequential_recurrent_greedy	51	8	208
sequential_recurrent_greedy	51	9	255
sequential_recurrent_greedy	51	10	231
sequential_recurrent_greedy	51	11	210
sequential_recurrent_greedy	51	12	596
sequential_recurrent_greedy	51	13	213
sequential_recurrent_greedy	51	14	416
sequential_recurrent_greedy	51	15	327
sequential_recurrent_greedy	51	16	210
sequential_recurrent_greedy	51	17	473
sequential_recurrent_greedy	51	18	287
sequential_recurrent_greedy	51	19	596
sequential_recurrent_greedy	51	20	233
sequential_recurrent_greedy	51	21	210
sequential_recurrent_greedy	51	22	556
sequential_recurrent_greedy	51	23	556
sequential_recurrent_greedy	51	24	213
sequential_recurrent_greedy	51	25	255
sequential_recurrent_greedy	51	26	255
sequential_recurrent_greedy	51	27	255
sequential_recurrent_greedy	51	28	255
sequential_recurrent_greedy	51	29	255
sequential_recurrent_greedy	51	30	255
sequential_recurrent_greedy	51	31	255
sequential_recurrent_greedy	51	32	255
sequential_recurrent_greedy	51	33	255
sequential_recurrent_greedy	51	34	255
sequential_recurrent_greedy	51	35	255
sequential_recurrent_greedy	51	36	255
sequential_recurrent_greedy	51	37	255
sequential_recurrent_greedy	51	38	255
sequential_recurrent_greedy	51	39	255
sequential_recurrent_greedy	51	40	255
sequential_recurrent_greedy	51	41	255
sequential_recurrent_greedy	51	42	255
sequential_recurrent_greedy	51	43	255
sequential_recurrent_greedy	51	44	255
sequential_recurrent_greedy	51	45	255
sequential_recurrent_greedy	51	46	255
sequential_recurrent_greedy	51	47	255
sequential_recurrent_greedy	51	48	255
sequential_recurrent_greedy	51	49	255
sequential_recurrent_greedy	51	50	255
sequential_recurrent_greedy	51	51	255
sequential_recurrent_greedy	51	52	255
sequential_recurrent_greedy	51	53	255
sequential_recurrent_greedy	51	54	255
sequential_recurrent_greedy	51	55	255
sequential_recurrent_greedy	51	56	255
sequential_recurrent_greedy	51	57	255
sequential_recurrent_greedy	51	58	255
sequential_recurrent_greedy	51	59	255
sequential_recurrent_greedy	51	60	255
sequential_recurrent_greedy	51	61	255
sequential_recurrent_greedy	51	62	255
sequential_recurrent_greedy	51	63	255
sequential_recurrent_greedy	51	64	255
sequential_recurrent_greedy	52	1	213
sequential_recurrent_greedy	52	2	238
sequential_recurrent_greedy	52	3	210
sequential_recurrent_greedy	52	4	473
sequential_recurrent_greedy	52	5	287
sequential_recurrent_greedy	52	6	287
sequential_recurrent_greedy	52	7	287
sequential_recurrent_greedy	52	8	556
sequential_recurrent_greedy	52	9	287
sequential_recurrent_greedy	52	10	596
sequential_recurrent_greedy	52	11	213
sequential_recurrent_greedy	52	12	255
sequential_recurrent_greedy	52	13	255
sequential_recurrent_greedy	52	14	255
sequential_recurrent_greedy	52	15	255
sequential_recurrent_greedy	52	16	255
sequential_recurrent_greedy	52	17	255
sequential_recurrent_greedy	52	18	255
sequential_recurrent_greedy	52	19	255
sequential_recurrent_greedy	52	20	255
sequential_recurrent_greedy	52	21	255
sequential_recurrent_greedy	52	22	255
sequential_recurrent_greedy	52	23	255
sequential_recurrent_greedy	52	24	255
sequential_recurrent_greedy	52	25	255
sequential_recurrent_greedy	52	26	255
sequential_recurrent_greedy	52	27	255
sequential_recurrent_greedy	52	28	255
sequential_recurrent_greedy	52	29	255
sequential_recurrent_greedy	52	30	255
sequential_recurrent_greedy	52	31	255
sequential_recurrent_greedy	52	32	255
sequential_recurrent_greedy	52	33	255
sequential_recurrent_greedy	52	34	255
sequential_recurrent_greedy	52	35	255
sequential_recurrent_greedy	52	36	255
sequential_recurrent_greedy	52	37	255
sequential_recurrent_greedy	52	38	255
sequential_recurrent_greedy	52	39	255
sequential_recurrent_greedy	52	40	255
sequential_recurrent_greedy	52	41	255
sequential_recurrent_greedy	52	42	255
sequential_recurrent_greedy	52	43	255
sequential_recurrent_greedy	52	44	255
sequential_recurrent_greedy	52	45	255
sequential_recurrent_greedy	52	46	255
sequential_recurrent_greedy	52	47	255
sequential_recurrent_greedy	52	48	255
sequential_recurrent_greedy	52	49	255
sequential_recurrent_greedy	52	50	255
sequential_recurrent_greedy	52	51	255
sequential_recurrent_greedy	52	52	255
sequential_recurrent_greedy	52	53	255
sequential_recurrent_greedy	52	54	255
sequential_recurrent_greedy	52	55	255
sequential_recurrent_greedy	52	56	255
sequential_recurrent_greedy	52	57	255
sequential_recurrent_greedy	52	58	255
sequential_recurrent_greedy	52	59	255
sequential_recurrent_greedy	52	60	255
sequential_recurrent_greedy	52	61	255
sequential_recurrent_greedy	52	62	255
sequential_recurrent_greedy	52	63	255
sequential_recurrent_greedy	52	64	255
sequential_recurrent_greedy	53	1	221
sequential_recurrent_greedy	53	2	266
sequential_recurrent_greedy	53	3	1
sequential_recurrent_greedy	53	4	250
sequential_recurrent_greedy	53	5	250
sequential_recurrent_greedy	53	6	250
sequential_recurrent_greedy	53	7	266
sequential_recurrent_greedy	53	8	1
sequential_recurrent_greedy	53	9	276
sequential_recurrent_greedy	53	10	1198
sequential_recurrent_greedy	53	11	2831
sequential_recurrent_greedy	53	12	213
sequential_recurrent_greedy	53	13	238
sequential_recurrent_greedy	53	14	208
sequential_recurrent_greedy	53	15	1287
sequential_recurrent_greedy	53	16	287
sequential_recurrent_greedy	53	17	287
sequential_recurrent_greedy	53	18	287
sequential_recurrent_greedy	53	19	287
sequential_recurrent_greedy	53	20	556
sequential_recurrent_greedy	53	21	556
sequential_recurrent_greedy	53	22	213
sequential_recurrent_greedy	53	23	255
sequential_recurrent_greedy	53	24	255
sequential_recurrent_greedy	53	25	255
sequential_recurrent_greedy	53	26	255
sequential_recurrent_greedy	53	27	255
sequential_recurrent_greedy	53	28	255
sequential_recurrent_greedy	53	29	255
sequential_recurrent_greedy	53	30	255
sequential_recurrent_greedy	53	31	255
sequential_recurrent_greedy	53	32	255
sequential_recurrent_greedy	53	33	255
sequential_recurrent_greedy	53	34	255
sequential_recurrent_greedy	53	35	255
sequential_recurrent_greedy	53	36	255
sequential_recurrent_greedy	53	37	255
sequential_recurrent_greedy	53	38	255
sequential_recurrent_greedy	53	39	255
sequential_recurrent_greedy	53	40	255
sequential_recurrent_greedy	53	41	255
sequential_recurrent_greedy	53	42	255
sequential_recurrent_greedy	53	43	255
sequential_recurrent_greedy	53	44	255
sequential_recurrent_greedy	53	45	255
sequential_recurrent_greedy	53	46	255
sequential_recurrent_greedy	53	47	255
sequential_recurrent_greedy	53	48	255
sequential_recurrent_greedy	53	49	255
sequential_recurrent_greedy	53	50	255
sequential_recurrent_greedy	53	51	255
sequential_recurrent_greedy	53	52	255
sequential_recurrent_greedy	53	53	255
sequential_recurrent_greedy	53	54	255
sequential_recurrent_greedy	53	55	255
sequential_recurrent_greedy	53	56	255
sequential_recurrent_greedy	53	57	255
sequential_recurrent_greedy	53	58	255
sequential_recurrent_greedy	53	59	255
sequential_recurrent_greedy	53	60	255
sequential_recurrent_greedy	53	61	255
sequential_recurrent_greedy	53	62	255
sequential_recurrent_greedy	53	63	255
sequential_recurrent_greedy	53	64	255
sequential_recurrent_greedy	54	1	476
sequential_recurrent_greedy	54	2	1032
sequential_recurrent_greedy	54	3	221
sequential_recurrent_greedy	54	4	266
sequential_recurrent_greedy	54	5	1
sequential_recurrent_greedy	54	6	250
sequential_recurrent_greedy	54	7	250
sequential_recurrent_greedy	54	8	266
sequential_recurrent_greedy	54	9	1
sequential_recurrent_greedy	54	10	369
sequential_recurrent_greedy	54	11	210
sequential_recurrent_greedy	54	12	596
sequential_recurrent_greedy	54	13	213
sequential_recurrent_greedy	54	14	238
sequential_recurrent_greedy	54	15	719
sequential_recurrent_greedy	54	16	1736
sequential_recurrent_greedy	54	17	239
sequential_recurrent_greedy	54	18	210
sequential_recurrent_greedy	54	19	255
sequential_recurrent_greedy	54	20	255
sequential_recurrent_greedy	54	21	210
sequential_recurrent_greedy	54	22	255
sequential_recurrent_greedy	54	23	255
sequential_recurrent_greedy	54	24	255
sequential_recurrent_greedy	54	25	255
sequential_recurrent_greedy	54	26	255
sequential_recurrent_greedy	54	27	255
sequential_recurrent_greedy	54	28	255
sequential_recurrent_greedy	54	29	255
sequential_recurrent_greedy	54	30	255
sequential_recurrent_greedy	54	31	255
sequential_recurrent_greedy	54	32	255
sequential_recurrent_greedy	54	33	255
sequential_recurrent_greedy	54	34	255
sequential_recurrent_greedy	54	35	255
sequential_recurrent_greedy	54	36	255
sequential_recurrent_greedy	54	37	255
sequential_recurrent_greedy	54	38	255
sequential_recurrent_greedy	54	39	255
sequential_recurrent_greedy	54	40	255
sequential_recurrent_greedy	54	41	255
sequential_recurrent_greedy	54	42	255
sequential_recurrent_greedy	54	43	255
sequential_recurrent_greedy	54	44	255
sequential_recurrent_greedy	54	45	255
sequential_recurrent_greedy	54	46	255
sequential_recurrent_greedy	54	47	255
sequential_recurrent_greedy	54	48	255
sequential_recurrent_greedy	54	49	255
sequential_recurrent_greedy	54	50	255
sequential_recurrent_greedy	54	51	255
sequential_recurrent_greedy	54	52	255
sequential_recurrent_greedy	54	53	255
sequential_recurrent_greedy	54	54	255
sequential_recurrent_greedy	54	55	255
sequential_recurrent_greedy	54	56	255
sequential_recurrent_greedy	54	57	255
sequential_recurrent_greedy	54	58	255
sequential_recurrent_greedy	54	59	255
sequential_recurrent_greedy	54	60	255
sequential_recurrent_greedy	54	61	255
sequential_recurrent_greedy	54	62	255
sequential_recurrent_greedy	54	63	255
sequential_recurrent_greedy	54	64	255
sequential_recurrent_greedy	55	1	210
sequential_recurrent_greedy	55	2	473
sequential_recurrent_greedy	55	3	287
sequential_recurrent_greedy	55	4	764
sequential_recurrent_greedy	55	5	213
sequential_recurrent_greedy	55	6	238
sequential_recurrent_greedy	55	7	327
sequential_recurrent_greedy	55	8	208
sequential_recurrent_greedy	55	9	596
sequential_recurrent_greedy	55	10	233
sequential_recurrent_greedy	55	11	210
sequential_recurrent_greedy	55	12	596
sequential_recurrent_greedy	55	13	231
sequential_recurrent_greedy	55	14	210
sequential_recurrent_greedy	55	15	556
sequential_recurrent_greedy	55	16	213
sequential_recurrent_greedy	55	17	238
sequential_recurrent_greedy	55	18	210
sequential_recurrent_greedy	55	19	581
sequential_recurrent_greedy	55	20	581
sequential_recurrent_greedy	55	21	556
sequential_recurrent_greedy	55	22	221
sequential_recurrent_greedy	55	23	266
sequential_recurrent_greedy	55	24	1
sequential_recurrent_greedy	55	25	250
sequential_recurrent_greedy	55	26	250
sequential_recurrent_greedy	55	27	266
sequential_recurrent_greedy	55	28	266
sequential_recurrent_greedy	55	29	1
sequential_recurrent_greedy	55	30	276
sequential_recurrent_greedy	55	31	1198
sequential_recurrent_greedy	55	32	470
sequential_recurrent_greedy	55	33	233
sequential_recurrent_greedy	55	34	7050
sequential_recurrent_greedy	55	35	470
sequential_recurrent_greedy	55	36	1440
sequential_recurrent_greedy	55	37	473
sequential_recurrent_greedy	55	38	287
sequential_recurrent_greedy	55	39	287
sequential_recurrent_greedy	55	40	287
sequential_recurrent_greedy	55	41	4315
sequential_recurrent_greedy	55	42	7185
sequential_recurrent_greedy	55	43	7185
sequential_recurrent_greedy	55	44	6866
sequential_recurrent_greedy	55	45	322
sequential_recurrent_greedy	55	46	221
sequential_recurrent_greedy	55	47	255
sequential_recurrent_greedy	55	48	255
sequential_recurrent_greedy	55	49	255
sequential_recurrent_greedy	55	50	336
sequential_recurrent_greedy	55	51	3107
sequential_recurrent_greedy	55	52	3107
sequential_recurrent_greedy	55	53	3107
sequential_recurrent_greedy	55	54	3107
sequential_recurrent_greedy	55	55	1105
sequential_recurrent_greedy	55	56	556
sequential_recurrent_greedy	55	57	213
sequential_recurrent_greedy	55	58	634
sequential_recurrent_greedy	55	59	279
sequential_recurrent_greedy	55	60	84
sequential_recurrent_greedy	55	61	279
sequential_recurrent_greedy	55	62	938
sequential_recurrent_greedy	55	63	322
sequential_recurrent_greedy	55	64	250
sequential_recurrent_greedy	56	1	1359
sequential_recurrent_greedy	56	2	210
sequential_recurrent_greedy	56	3	473
sequential_recurrent_greedy	56	4	786
sequential_recurrent_greedy	56	5	221
sequential_recurrent_greedy	56	6	266
sequential_recurrent_greedy	56	7	1
sequential_recurrent_greedy	56	8	250
sequential_recurrent_greedy	56	9	250
sequential_recurrent_greedy	56	10	250
sequential_recurrent_greedy	56	11	266
sequential_recurrent_greedy	56	12	1
sequential_recurrent_greedy	56	13	276
sequential_recurrent_greedy	56	14	1198
sequential_recurrent_greedy	56	15	2831
sequential_recurrent_greedy	56	16	250
sequential_recurrent_greedy	56	17	266
sequential_recurrent_greedy	56	18	1
sequential_recurrent_greedy	56	19	276
sequential_recurrent_greedy	56	20	273
sequential_recurrent_greedy	56	21	287
sequential_recurrent_greedy	56	22	287
sequential_recurrent_greedy	56	23	556
sequential_recurrent_greedy	56	24	556
sequential_recurrent_greedy	56	25	213
sequential_recurrent_greedy	56	26	2737
sequential_recurrent_greedy	56	27	239
sequential_recurrent_greedy	56	28	208
sequential_recurrent_greedy	56	29	255
sequential_recurrent_greedy	56	30	255
sequential_recurrent_greedy	56	31	255
sequential_recurrent_greedy	56	32	326
sequential_recurrent_greedy	56	33	114
sequential_recurrent_greedy	56	34	114
sequential_recurrent_greedy	56	35	9
sequential_recurrent_greedy	56	36	9
sequential_recurrent_greedy	56	37	6837
sequential_recurrent_greedy	56	38	239
sequential_recurrent_greedy	56	39	210
sequential_recurrent_greedy	56	40	1114
sequential_recurrent_greedy	56	41	596
sequential_recurrent_greedy	56	42	239
sequential_recurrent_greedy	56	43	336
sequential_recurrent_greedy	56	44	6536
sequential_recurrent_greedy	56	45	6536
sequential_recurrent_greedy	56	46	6536
sequential_recurrent_greedy	56	47	251
sequential_recurrent_greedy	56	48	15
sequential_recurrent_greedy	56	49	15
sequential_recurrent_greedy	56	50	15
sequential_recurrent_greedy	56	51	15
sequential_recurrent_greedy	56	52	15
sequential_recurrent_greedy	56	53	15
sequential_recurrent_greedy	56	54	15
sequential_recurrent_greedy	56	55	239
sequential_recurrent_greedy	56	56	210
sequential_recurrent_greedy	56	57	1198
sequential_recurrent_greedy	56	58	1198
sequential_recurrent_greedy	56	59	1198
sequential_recurrent_greedy	56	60	213
sequential_recurrent_greedy	56	61	2737
sequential_recurrent_greedy	56	62	556
sequential_recurrent_greedy	56	63	556
sequential_recurrent_greedy	56	64	556
sequential_recurrent_greedy	57	1	210
sequential_recurrent_greedy	57	2	1335
sequential_recurrent_greedy	57	3	221
sequential_recurrent_greedy	57	4	266
sequential_recurrent_greedy	57	5	1
sequential_recurrent_greedy	57	6	250
sequential_recurrent_greedy	57	7	250
sequential_recurrent_greedy	57	8	250
sequential_recurrent_greedy	57	9	266
sequential_recurrent_greedy	57	10	1
sequential_recurrent_greedy	57	11	276
sequential_recurrent_greedy	57	12	1198
sequential_recurrent_greedy	57	13	279
sequential_recurrent_greedy	57	14	84
sequential_recurrent_greedy	57	15	258
sequential_recurrent_greedy	57	16	3818
sequential_recurrent_greedy	57	17	266
sequential_recurrent_greedy	57	18	1
sequential_recurrent_greedy	57	19	369
sequential_recurrent_greedy	57	20	210
sequential_recurrent_greedy	57	21	556
sequential_recurrent_greedy	57	22	213
sequential_recurrent_greedy	57	23	210
sequential_recurrent_greedy	57	24	556
sequential_recurrent_greedy	57	25	213
sequential_recurrent_greedy	57	26	327
sequential_recurrent_greedy	57	27	208
sequential_recurrent_greedy	57	28	1234
sequential_recurrent_greedy	57	29	231
sequential_recurrent_greedy	57	30	210
sequential_recurrent_greedy	57	31	556
sequential_recurrent_greedy	57	32	556
sequential_recurrent_greedy	57	33	213
sequential_recurrent_greedy	57	34	745
sequential_recurrent_greedy	57	35	894
sequential_recurrent_greedy	57	36	230
sequential_recurrent_greedy	57	37	363
sequential_recurrent_greedy	57	38	392
sequential_recurrent_greedy	57	39	392
sequential_recurrent_greedy	57	40	74
sequential_recurrent_greedy	57	41	74
sequential_recurrent_greedy	57	42	1984
sequential_recurrent_greedy	57	43	1984
sequential_recurrent_greedy	57	44	1984
sequential_recurrent_greedy	57	45	1984
sequential_recurrent_greedy	57	46	322
sequential_recurrent_greedy	57	47	221
sequential_recurrent_greedy	57	48	276
sequential_recurrent_greedy	57	49	210
sequential_recurrent_greedy	57	50	231
sequential_recurrent_greedy	57	51	210
sequential_recurrent_greedy	57	52	4923
sequential_recurrent_greedy	57	53	370
sequential_recurrent_greedy	57	54	213
sequential_recurrent_greedy	57	55	238
sequential_recurrent_greedy	57	56	231
sequential_recurrent_greedy	57	57	210
sequential_recurrent_greedy	57	58	556
sequential_recurrent_greedy	57	59	213
sequential_recurrent_greedy	57	60	690
sequential_recurrent_greedy	57	61	4480
sequential_recurrent_greedy	57	62	250
sequential_recurrent_greedy	57	63	250
sequential_recurrent_greedy	57	64	266
sequential_recurrent_greedy	58	1	1
sequential_recurrent_greedy	58	2	276
sequential_recurrent_greedy	58	3	2568
sequential_recurrent_greedy	58	4	327
sequential_recurrent_greedy	58	5	208
sequential_recurrent_greedy	58	6	858
sequential_recurrent_greedy	58	7	231
sequential_recurrent_greedy	58	8	210
sequential_recurrent_greedy	58	9	596
sequential_recurrent_greedy	58	10	213
sequential_recurrent_greedy	58	11	238
sequential_recurrent_greedy	58	12	345
sequential_recurrent_greedy	58	13	473
sequential_recurrent_greedy	58	14	287
sequential_recurrent_greedy	58	15	287
sequential_recurrent_greedy	58	16	556
sequential_recurrent_greedy	58	17	287
sequential_recurrent_greedy	58	18	556
sequential_recurrent_greedy	58	19	221
sequential_recurrent_greedy	58	20	369
sequential_recurrent_greedy	58	21	1470
sequential_recurrent_greedy	58	22	255
sequential_recurrent_greedy	58	23	255
sequential_recurrent_greedy	58	24	255
sequential_recurrent_greedy	58	25	255
sequential_recurrent_greedy	58	26	255
sequential_recurrent_greedy	58	27	255
sequential_recurrent_greedy	58	28	255
sequential_recurrent_greedy	58	29	255
sequential_recurrent_greedy	58	30	255
sequential_recurrent_greedy	58	31	255
sequential_recurrent_greedy	58	32	255
sequential_recurrent_greedy	58	33	255
sequential_recurrent_greedy	58	34	255
sequential_recurrent_greedy	58	35	255
sequential_recurrent_greedy	58	36	255
sequential_recurrent_greedy	58	37	255
sequential_recurrent_greedy	58	38	255
sequential_recurrent_greedy	58	39	255
sequential_recurrent_greedy	58	40	255
sequential_recurrent_greedy	58	41	255
sequential_recurrent_greedy	58	42	255
sequential_recurrent_greedy	58	43	255
sequential_recurrent_greedy	58	44	255
sequential_recurrent_greedy	58	45	255
sequential_recurrent_greedy	58	46	255
sequential_recurrent_greedy	58	47	255
sequential_recurrent_greedy	58	48	255
sequential_recurrent_greedy	58	49	255
sequential_recurrent_greedy	58	50	255
sequential_recurrent_greedy	58	51	255
sequential_recurrent_greedy	58	52	255
sequential_recurrent_greedy	58	53	255
sequential_recurrent_greedy	58	54	255
sequential_recurrent_greedy	58	55	255
sequential_recurrent_greedy	58	56	255
sequential_recurrent_greedy	58	57	255
sequential_recurrent_greedy	58	58	255
sequential_recurrent_greedy	58	59	255
sequential_recurrent_greedy	58	60	255
sequential_recurrent_greedy	58	61	255
sequential_recurrent_greedy	58	62	255
sequential_recurrent_greedy	58	63	255
sequential_recurrent_greedy	58	64	255
sequential_recurrent_greedy	59	1	68
sequential_recurrent_greedy	59	2	297
sequential_recurrent_greedy	59	3	297
sequential_recurrent_greedy	59	4	213
sequential_recurrent_greedy	59	5	238
sequential_recurrent_greedy	59	6	327
sequential_recurrent_greedy	59	7	208
sequential_recurrent_greedy	59	8	255
sequential_recurrent_greedy	59	9	255
sequential_recurrent_greedy	59	10	276
sequential_recurrent_greedy	59	11	255
sequential_recurrent_greedy	59	12	255
sequential_recurrent_greedy	59	13	255
sequential_recurrent_greedy	59	14	255
sequential_recurrent_greedy	59	15	255
sequential_recurrent_greedy	59	16	255
sequential_recurrent_greedy	59	17	255
sequential_recurrent_greedy	59	18	255
sequential_recurrent_greedy	59	19	255
sequential_recurrent_greedy	59	20	255
sequential_recurrent_greedy	59	21	255
sequential_recurrent_greedy	59	22	255
sequential_recurrent_greedy	59	23	255
sequential_recurrent_greedy	59	24	255
sequential_recurrent_greedy	59	25	255
sequential_recurrent_greedy	59	26	255
sequential_recurrent_greedy	59	27	255
sequential_recurrent_greedy	59	28	255
sequential_recurrent_greedy	59	29	255
sequential_recurrent_greedy	59	30	255
sequential_recurrent_greedy	59	31	255
sequential_recurrent_greedy	59	32	255
sequential_recurrent_greedy	59	33	255
sequential_recurrent_greedy	59	34	255
sequential_recurrent_greedy	59	35	255
sequential_recurrent_greedy	59	36	255
sequential_recurrent_greedy	59	37	255
sequential_recurrent_greedy	59	38	255
sequential_recurrent_greedy	59	39	255
sequential_recurrent_greedy	59	40	255
sequential_recurrent_greedy	59	41	255
sequential_recurrent_greedy	59	42	255
sequential_recurrent_greedy	59	43	255
sequential_recurrent_greedy	59	44	255
sequential_recurrent_greedy	59	45	255
sequential_recurrent_greedy	59	46	255
sequential_recurrent_greedy	59	47	255
sequential_recurrent_greedy	59	48	255
sequential_recurrent_greedy	59	49	255
sequential_recurrent_greedy	59	50	255
sequential_recurrent_greedy	59	51	255
sequential_recurrent_greedy	59	52	255
sequential_recurrent_greedy	59	53	255
sequential_recurrent_greedy	59	54	255
sequential_recurrent_greedy	59	55	255
sequential_recurrent_greedy	59	56	255
sequential_recurrent_greedy	59	57	255
sequential_recurrent_greedy	59	58	255
sequential_recurrent_greedy	59	59	255
sequential_recurrent_greedy	59	60	255
sequential_recurrent_greedy	59	61	255
sequential_recurrent_greedy	59	62	255
sequential_recurrent_greedy	59	63	255
sequential_recurrent_greedy	59	64	255
sequential_recurrent_greedy	60	1	510
sequential_recurrent_greedy	60	2	271
sequential_recurrent_greedy	60	3	1034
sequential_recurrent_greedy	60	4	319
sequential_recurrent_greedy	60	5	210
sequential_recurrent_greedy	60	6	473
sequential_recurrent_greedy	60	7	596
sequential_recurrent_greedy	60	8	213
sequential_recurrent_greedy	60	9	210
sequential_recurrent_greedy	60	10	255
sequential_recurrent_greedy	60	11	213
sequential_recurrent_greedy	60	12	210
sequential_recurrent_greedy	60	13	255
sequential_recurrent_greedy	60	14	255
sequential_recurrent_greedy	60	15	255
sequential_recurrent_greedy	60	16	255
sequential_recurrent_greedy	60	17	255
sequential_recurrent_greedy	60	18	255
sequential_recurrent_greedy	60	19	255
sequential_recurrent_greedy	60	20	255
sequential_recurrent_greedy	60	21	255
sequential_recurrent_greedy	60	22	255
sequential_recurrent_greedy	60	23	255
sequential_recurrent_greedy	60	24	255
sequential_recurrent_greedy	60	25	255
sequential_recurrent_greedy	60	26	255
sequential_recurrent_greedy	60	27	255
sequential_recurrent_greedy	60	28	255
sequential_recurrent_greedy	60	29	255
sequential_recurrent_greedy	60	30	255
sequential_recurrent_greedy	60	31	255
sequential_recurrent_greedy	60	32	255
sequential_recurrent_greedy	60	33	255
sequential_recurrent_greedy	60	34	255
sequential_recurrent_greedy	60	35	255
sequential_recurrent_greedy	60	36	255
sequential_recurrent_greedy	60	37	255
sequential_recurrent_greedy	60	38	255
sequential_recurrent_greedy	60	39	255
sequential_recurrent_greedy	60	40	255
sequential_recurrent_greedy	60	41	255
sequential_recurrent_greedy	60	42	255
sequential_recurrent_greedy	60	43	255
sequential_recurrent_greedy	60	44	255
sequential_recurrent_greedy	60	45	255
sequential_recurrent_greedy	60	46	255
sequential_recurrent_greedy	60	47	255
sequential_recurrent_greedy	60	48	255
sequential_recurrent_greedy	60	49	255
sequential_recurrent_greedy	60	50	255
sequential_recurrent_greedy	60	51	255
sequential_recurrent_greedy	60	52	255
sequential_recurrent_greedy	60	53	255
sequential_recurrent_greedy	60	54	255
sequential_recurrent_greedy	60	55	255
sequential_recurrent_greedy	60	56	255
sequential_recurrent_greedy	60	57	255
sequential_recurrent_greedy	60	58	255
sequential_recurrent_greedy	60	59	255
sequential_recurrent_greedy	60	60	255
sequential_recurrent_greedy	60	61	255
sequential_recurrent_greedy	60	62	255
sequential_recurrent_greedy	60	63	255
sequential_recurrent_greedy	60	64	255
sequential_recurrent_greedy	61	1	231
sequential_recurrent_greedy	61	2	210
sequential_recurrent_greedy	61	3	968
sequential_recurrent_greedy	61	4	213
sequential_recurrent_greedy	61	5	210
sequential_recurrent_greedy	61	6	473
sequential_recurrent_greedy	61	7	287
sequential_recurrent_greedy	61	8	596
sequential_recurrent_greedy	61	9	221
sequential_recurrent_greedy	61	10	266
sequential_recurrent_greedy	61	11	1
sequential_recurrent_greedy	61	12	250
sequential_recurrent_greedy	61	13	250
sequential_recurrent_greedy	61	14	250
sequential_recurrent_greedy	61	15	266
sequential_recurrent_greedy	61	16	1
sequential_recurrent_greedy	61	17	369
sequential_recurrent_greedy	61	18	210
sequential_recurrent_greedy	61	19	556
sequential_recurrent_greedy	61	20	213
sequential_recurrent_greedy	61	21	2737
sequential_recurrent_greedy	61	22	239
sequential_recurrent_greedy	61	23	1736
sequential_recurrent_greedy	61	24	213
sequential_recurrent_greedy	61	25	210
sequential_recurrent_greedy	61	26	287
sequential_recurrent_greedy	61	27	287
sequential_recurrent_greedy	61	28	556
sequential_recurrent_greedy	61	29	287
sequential_recurrent_greedy	61	30	1344
sequential_recurrent_greedy	61	31	1344
sequential_recurrent_greedy	61	32	425
sequential_recurrent_greedy	61	33	425
sequential_recurrent_greedy	61	34	208
sequential_recurrent_greedy	61	35	255
sequential_recurrent_greedy	61	36	255
sequential_recurrent_greedy	61	37	221
sequential_recurrent_greedy	61	38	601
sequential_recurrent_greedy	61	39	335
sequential_recurrent_greedy	61	40	335
sequential_recurrent_greedy	61	41	556
sequential_recurrent_greedy	61	42	556
sequential_recurrent_greedy	61	43	213
sequential_recurrent_greedy	61	44	452
sequential_recurrent_greedy	61	45	421
sequential_recurrent_greedy	61	46	489
sequential_recurrent_greedy	61	47	302
sequential_recurrent_greedy	61	48	517
sequential_recurrent_greedy	61	49	1606
sequential_recurrent_greedy	61	50	2711
sequential_recurrent_greedy	61	51	1212
sequential_recurrent_greedy	61	52	3449
sequential_recurrent_greedy	61	53	3449
sequential_recurrent_greedy	61	54	213
sequential_recurrent_greedy	61	55	230
sequential_recurrent_greedy	61	56	267
sequential_recurrent_greedy	61	57	267
sequential_recurrent_greedy	61	58	310
sequential_recurrent_greedy	61	59	210
sequential_recurrent_greedy	61	60	581
sequential_recurrent_greedy	61	61	3571
sequential_recurrent_greedy	61	62	210
sequential_recurrent_greedy	61	63	4354
sequential_recurrent_greedy	61	64	1557
sequential_recurrent_greedy	62	1	210
sequential_recurrent_greedy	62	2	473
sequential_recurrent_greedy	62	3	764
sequential_recurrent_greedy	62	4	213
sequential_recurrent_greedy	62	5	238
sequential_recurrent_greedy	62	6	271
sequential_recurrent_greedy	62	7	208
sequential_recurrent_greedy	62	8	473
sequential_recurrent_greedy	62	9	287
sequential_recurrent_greedy	62	10	596
sequential_recurrent_greedy	62	11	233
sequential_recurrent_greedy	62	12	210
sequential_recurrent_greedy	62	13	596
sequential_recurrent_greedy	62	14	231
sequential_recurrent_greedy	62	15	210
sequential_recurrent_greedy	62	16	2182
sequential_recurrent_greedy	62	17	231
sequential_recurrent_greedy	62	18	210
sequential_recurrent_greedy	62	19	255
sequential_recurrent_greedy	62	20	213
sequential_recurrent_greedy	62	21	210
sequential_recurrent_greedy	62	22	473
sequential_recurrent_greedy	62	23	556
sequential_recurrent_greedy	62	24	213
sequential_recurrent_greedy	62	25	255
sequential_recurrent_greedy	62	26	266
sequential_recurrent_greedy	62	27	1
sequential_recurrent_greedy	62	28	369
sequential_recurrent_greedy	62	29	208
sequential_recurrent_greedy	62	30	556
sequential_recurrent_greedy	62	31	255
sequential_recurrent_greedy	62	32	255
sequential_recurrent_greedy	62	33	255
sequential_recurrent_greedy	62	34	255
sequential_recurrent_greedy	62	35	255
sequential_recurrent_greedy	62	36	255
sequential_recurrent_greedy	62	37	255
sequential_recurrent_greedy	62	38	255
sequential_recurrent_greedy	62	39	255
sequential_recurrent_greedy	62	40	255
sequential_recurrent_greedy	62	41	255
sequential_recurrent_greedy	62	42	255
sequential_recurrent_greedy	62	43	255
sequential_recurrent_greedy	62	44	255
sequential_recurrent_greedy	62	45	255
sequential_recurrent_greedy	62	46	255
sequential_recurrent_greedy	62	47	255
sequential_recurrent_greedy	62	48	255
sequential_recurrent_greedy	62	49	255
sequential_recurrent_greedy	62	50	255
sequential_recurrent_greedy	62	51	255
sequential_recurrent_greedy	62	52	255
sequential_recurrent_greedy	62	53	255
sequential_recurrent_greedy	62	54	255
sequential_recurrent_greedy	62	55	255
sequential_recurrent_greedy	62	56	255
sequential_recurrent_greedy	62	57	255
sequential_recurrent_greedy	62	58	255
sequential_recurrent_greedy	62	59	255
sequential_recurrent_greedy	62	60	255
sequential_recurrent_greedy	62	61	255
sequential_recurrent_greedy	62	62	255
sequential_recurrent_greedy	62	63	255
sequential_recurrent_greedy	62	64	255
sequential_recurrent_greedy	63	1	210
sequential_recurrent_greedy	63	2	1040
sequential_recurrent_greedy	63	3	322
sequential_recurrent_greedy	63	4	231
sequential_recurrent_greedy	63	5	210
sequential_recurrent_greedy	63	6	968
sequential_recurrent_greedy	63	7	213
sequential_recurrent_greedy	63	8	238
sequential_recurrent_greedy	63	9	304
sequential_recurrent_greedy	63	10	327
sequential_recurrent_greedy	63	11	208
sequential_recurrent_greedy	63	12	255
sequential_recurrent_greedy	63	13	231
sequential_recurrent_greedy	63	14	210
sequential_recurrent_greedy	63	15	596
sequential_recurrent_greedy	63	16	378
sequential_recurrent_greedy	63	17	425
sequential_recurrent_greedy	63	18	255
sequential_recurrent_greedy	63	19	255
sequential_recurrent_greedy	63	20	221
sequential_recurrent_greedy	63	21	255
sequential_recurrent_greedy	63	22	255
sequential_recurrent_greedy	63	23	255
sequential_recurrent_greedy	63	24	255
sequential_recurrent_greedy	63	25	255
sequential_recurrent_greedy	63	26	255
sequential_recurrent_greedy	63	27	255
sequential_recurrent_greedy	63	28	255
sequential_recurrent_greedy	63	29	255
sequential_recurrent_greedy	63	30	255
sequential_recurrent_greedy	63	31	255
sequential_recurrent_greedy	63	32	255
sequential_recurrent_greedy	63	33	255
sequential_recurrent_greedy	63	34	255
sequential_recurrent_greedy	63	35	255
sequential_recurrent_greedy	63	36	255
sequential_recurrent_greedy	63	37	255
sequential_recurrent_greedy	63	38	255
sequential_recurrent_greedy	63	39	255
sequential_recurrent_greedy	63	40	255
sequential_recurrent_greedy	63	41	255
sequential_recurrent_greedy	63	42	255
sequential_recurrent_greedy	63	43	255
sequential_recurrent_greedy	63	44	255
sequential_recurrent_greedy	63	45	255
sequential_recurrent_greedy	63	46	255
sequential_recurrent_greedy	63	47	255
sequential_recurrent_greedy	63	48	255
sequential_recurrent_greedy	63	49	255
sequential_recurrent_greedy	63	50	255
sequential_recurrent_greedy	63	51	255
sequential_recurrent_greedy	63	52	255
sequential_recurrent_greedy	63	53	255
sequential_recurrent_greedy	63	54	255
sequential_recurrent_greedy	63	55	255
sequential_recurrent_greedy	63	56	255
sequential_recurrent_greedy	63	57	255
sequential_recurrent_greedy	63	58	255
sequential_recurrent_greedy	63	59	255
sequential_recurrent_greedy	63	60	255
sequential_recurrent_greedy	63	61	255
sequential_recurrent_greedy	63	62	255
sequential_recurrent_greedy	63	63	255
sequential_recurrent_greedy	63	64	255
sequential_recurrent_sample_t1	0	1	1159
sequential_recurrent_sample_t1	0	2	7705
sequential_recurrent_sample_t1	0	3	296
sequential_recurrent_sample_t1	0	4	887
sequential_recurrent_sample_t1	0	5	279
sequential_recurrent_sample_t1	0	6	84
sequential_recurrent_sample_t1	0	7	814
sequential_recurrent_sample_t1	0	8	255
sequential_recurrent_sample_t1	0	9	1817
sequential_recurrent_sample_t1	0	10	234
sequential_recurrent_sample_t1	0	11	1041
sequential_recurrent_sample_t1	0	12	306
sequential_recurrent_sample_t1	0	13	238
sequential_recurrent_sample_t1	0	14	1486
sequential_recurrent_sample_t1	0	15	77
sequential_recurrent_sample_t1	0	16	8075
sequential_recurrent_sample_t1	0	17	3351
sequential_recurrent_sample_t1	0	18	3567
sequential_recurrent_sample_t1	0	19	442
sequential_recurrent_sample_t1	0	20	2460
sequential_recurrent_sample_t1	0	21	69
sequential_recurrent_sample_t1	0	22	3239
sequential_recurrent_sample_t1	0	23	213
sequential_recurrent_sample_t1	0	24	5255
sequential_recurrent_sample_t1	0	25	4367
sequential_recurrent_sample_t1	0	26	2702
sequential_recurrent_sample_t1	0	27	3964
sequential_recurrent_sample_t1	0	28	2545
sequential_recurrent_sample_t1	0	29	2300
sequential_recurrent_sample_t1	0	30	2410
sequential_recurrent_sample_t1	0	31	1350
sequential_recurrent_sample_t1	0	32	4848
sequential_recurrent_sample_t1	0	33	5904
sequential_recurrent_sample_t1	0	34	3535
sequential_recurrent_sample_t1	0	35	365
sequential_recurrent_sample_t1	0	36	4271
sequential_recurrent_sample_t1	0	37	408
sequential_recurrent_sample_t1	0	38	1282
sequential_recurrent_sample_t1	0	39	7381
sequential_recurrent_sample_t1	0	40	7792
sequential_recurrent_sample_t1	0	41	1961
sequential_recurrent_sample_t1	0	42	3934
sequential_recurrent_sample_t1	0	43	4196
sequential_recurrent_sample_t1	0	44	6398
sequential_recurrent_sample_t1	0	45	1613
sequential_recurrent_sample_t1	0	46	1181
sequential_recurrent_sample_t1	0	47	2244
sequential_recurrent_sample_t1	0	48	4588
sequential_recurrent_sample_t1	0	49	3355
sequential_recurrent_sample_t1	0	50	3077
sequential_recurrent_sample_t1	0	51	4403
sequential_recurrent_sample_t1	0	52	6589
sequential_recurrent_sample_t1	0	53	6397
sequential_recurrent_sample_t1	0	54	3409
sequential_recurrent_sample_t1	0	55	7915
sequential_recurrent_sample_t1	0	56	2889
sequential_recurrent_sample_t1	0	57	5135
sequential_recurrent_sample_t1	0	58	6552
sequential_recurrent_sample_t1	0	59	202
sequential_recurrent_sample_t1	0	60	1017
sequential_recurrent_sample_t1	0	61	3035
sequential_recurrent_sample_t1	0	62	3267
sequential_recurrent_sample_t1	0	63	2142
sequential_recurrent_sample_t1	0	64	953
sequential_recurrent_sample_t1	1	1	3684
sequential_recurrent_sample_t1	1	2	306
sequential_recurrent_sample_t1	1	3	239
sequential_recurrent_sample_t1	1	4	1493
sequential_recurrent_sample_t1	1	5	5469
sequential_recurrent_sample_t1	1	6	221
sequential_recurrent_sample_t1	1	7	369
sequential_recurrent_sample_t1	1	8	4162
sequential_recurrent_sample_t1	1	9	322
sequential_recurrent_sample_t1	1	10	7197
sequential_recurrent_sample_t1	1	11	3837
sequential_recurrent_sample_t1	1	12	7086
sequential_recurrent_sample_t1	1	13	6182
sequential_recurrent_sample_t1	1	14	327
sequential_recurrent_sample_t1	1	15	3770
sequential_recurrent_sample_t1	1	16	3061
sequential_recurrent_sample_t1	1	17	5971
sequential_recurrent_sample_t1	1	18	481
sequential_recurrent_sample_t1	1	19	1353
sequential_recurrent_sample_t1	1	20	5910
sequential_recurrent_sample_t1	1	21	2988
sequential_recurrent_sample_t1	1	22	8032
sequential_recurrent_sample_t1	1	23	2568
sequential_recurrent_sample_t1	1	24	1712
sequential_recurrent_sample_t1	1	25	7602
sequential_recurrent_sample_t1	1	26	744
sequential_recurrent_sample_t1	1	27	1619
sequential_recurrent_sample_t1	1	28	2370
sequential_recurrent_sample_t1	1	29	3718
sequential_recurrent_sample_t1	1	30	3185
sequential_recurrent_sample_t1	1	31	5065
sequential_recurrent_sample_t1	1	32	2299
sequential_recurrent_sample_t1	1	33	3072
sequential_recurrent_sample_t1	1	34	8099
sequential_recurrent_sample_t1	1	35	1675
sequential_recurrent_sample_t1	1	36	5622
sequential_recurrent_sample_t1	1	37	3039
sequential_recurrent_sample_t1	1	38	7685
sequential_recurrent_sample_t1	1	39	7585
sequential_recurrent_sample_t1	1	40	1084
sequential_recurrent_sample_t1	1	41	6158
sequential_recurrent_sample_t1	1	42	497
sequential_recurrent_sample_t1	1	43	2484
sequential_recurrent_sample_t1	1	44	4588
sequential_recurrent_sample_t1	1	45	251
sequential_recurrent_sample_t1	1	46	5360
sequential_recurrent_sample_t1	1	47	1757
sequential_recurrent_sample_t1	1	48	7181
sequential_recurrent_sample_t1	1	49	515
sequential_recurrent_sample_t1	1	50	4034
sequential_recurrent_sample_t1	1	51	5504
sequential_recurrent_sample_t1	1	52	3608
sequential_recurrent_sample_t1	1	53	1433
sequential_recurrent_sample_t1	1	54	2278
sequential_recurrent_sample_t1	1	55	4318
sequential_recurrent_sample_t1	1	56	0
sequential_recurrent_sample_t1	1	57	6856
sequential_recurrent_sample_t1	1	58	5424
sequential_recurrent_sample_t1	1	59	639
sequential_recurrent_sample_t1	1	60	3636
sequential_recurrent_sample_t1	1	61	3748
sequential_recurrent_sample_t1	1	62	7775
sequential_recurrent_sample_t1	1	63	1731
sequential_recurrent_sample_t1	1	64	5195
sequential_recurrent_sample_t1	2	1	1419
sequential_recurrent_sample_t1	2	2	251
sequential_recurrent_sample_t1	2	3	1496
sequential_recurrent_sample_t1	2	4	221
sequential_recurrent_sample_t1	2	5	3190
sequential_recurrent_sample_t1	2	6	609
sequential_recurrent_sample_t1	2	7	271
sequential_recurrent_sample_t1	2	8	327
sequential_recurrent_sample_t1	2	9	330
sequential_recurrent_sample_t1	2	10	2506
sequential_recurrent_sample_t1	2	11	88
sequential_recurrent_sample_t1	2	12	2604
sequential_recurrent_sample_t1	2	13	2138
sequential_recurrent_sample_t1	2	14	53
sequential_recurrent_sample_t1	2	15	1835
sequential_recurrent_sample_t1	2	16	329
sequential_recurrent_sample_t1	2	17	5231
sequential_recurrent_sample_t1	2	18	2465
sequential_recurrent_sample_t1	2	19	562
sequential_recurrent_sample_t1	2	20	529
sequential_recurrent_sample_t1	2	21	3155
sequential_recurrent_sample_t1	2	22	273
sequential_recurrent_sample_t1	2	23	5275
sequential_recurrent_sample_t1	2	24	2856
sequential_recurrent_sample_t1	2	25	235
sequential_recurrent_sample_t1	2	26	7258
sequential_recurrent_sample_t1	2	27	691
sequential_recurrent_sample_t1	2	28	2322
sequential_recurrent_sample_t1	2	29	4971
sequential_recurrent_sample_t1	2	30	849
sequential_recurrent_sample_t1	2	31	3650
sequential_recurrent_sample_t1	2	32	6808
sequential_recurrent_sample_t1	2	33	4394
sequential_recurrent_sample_t1	2	34	864
sequential_recurrent_sample_t1	2	35	4538
sequential_recurrent_sample_t1	2	36	1619
sequential_recurrent_sample_t1	2	37	5354
sequential_recurrent_sample_t1	2	38	2738
sequential_recurrent_sample_t1	2	39	5332
sequential_recurrent_sample_t1	2	40	2353
sequential_recurrent_sample_t1	2	41	2577
sequential_recurrent_sample_t1	2	42	1767
sequential_recurrent_sample_t1	2	43	7764
sequential_recurrent_sample_t1	2	44	2138
sequential_recurrent_sample_t1	2	45	240
sequential_recurrent_sample_t1	2	46	2758
sequential_recurrent_sample_t1	2	47	3955
sequential_recurrent_sample_t1	2	48	5930
sequential_recurrent_sample_t1	2	49	2976
sequential_recurrent_sample_t1	2	50	2281
sequential_recurrent_sample_t1	2	51	2558
sequential_recurrent_sample_t1	2	52	6361
sequential_recurrent_sample_t1	2	53	1353
sequential_recurrent_sample_t1	2	54	2815
sequential_recurrent_sample_t1	2	55	7509
sequential_recurrent_sample_t1	2	56	6029
sequential_recurrent_sample_t1	2	57	5167
sequential_recurrent_sample_t1	2	58	319
sequential_recurrent_sample_t1	2	59	5054
sequential_recurrent_sample_t1	2	60	4937
sequential_recurrent_sample_t1	2	61	5945
sequential_recurrent_sample_t1	2	62	4390
sequential_recurrent_sample_t1	2	63	8114
sequential_recurrent_sample_t1	2	64	4485
sequential_recurrent_sample_t1	3	1	221
sequential_recurrent_sample_t1	3	2	266
sequential_recurrent_sample_t1	3	3	1
sequential_recurrent_sample_t1	3	4	2866
sequential_recurrent_sample_t1	3	5	481
sequential_recurrent_sample_t1	3	6	8089
sequential_recurrent_sample_t1	3	7	767
sequential_recurrent_sample_t1	3	8	1099
sequential_recurrent_sample_t1	3	9	288
sequential_recurrent_sample_t1	3	10	287
sequential_recurrent_sample_t1	3	11	3652
sequential_recurrent_sample_t1	3	12	5441
sequential_recurrent_sample_t1	3	13	2202
sequential_recurrent_sample_t1	3	14	5018
sequential_recurrent_sample_t1	3	15	611
sequential_recurrent_sample_t1	3	16	1833
sequential_recurrent_sample_t1	3	17	3301
sequential_recurrent_sample_t1	3	18	3301
sequential_recurrent_sample_t1	3	19	799
sequential_recurrent_sample_t1	3	20	7108
sequential_recurrent_sample_t1	3	21	323
sequential_recurrent_sample_t1	3	22	1644
sequential_recurrent_sample_t1	3	23	5834
sequential_recurrent_sample_t1	3	24	213
sequential_recurrent_sample_t1	3	25	1226
sequential_recurrent_sample_t1	3	26	1845
sequential_recurrent_sample_t1	3	27	404
sequential_recurrent_sample_t1	3	28	4645
sequential_recurrent_sample_t1	3	29	6700
sequential_recurrent_sample_t1	3	30	2960
sequential_recurrent_sample_t1	3	31	4150
sequential_recurrent_sample_t1	3	32	1035
sequential_recurrent_sample_t1	3	33	2139
sequential_recurrent_sample_t1	3	34	488
sequential_recurrent_sample_t1	3	35	7431
sequential_recurrent_sample_t1	3	36	4990
sequential_recurrent_sample_t1	3	37	1919
sequential_recurrent_sample_t1	3	38	4772
sequential_recurrent_sample_t1	3	39	2380
sequential_recurrent_sample_t1	3	40	916
sequential_recurrent_sample_t1	3	41	3372
sequential_recurrent_sample_t1	3	42	7650
sequential_recurrent_sample_t1	3	43	5662
sequential_recurrent_sample_t1	3	44	7872
sequential_recurrent_sample_t1	3	45	7324
sequential_recurrent_sample_t1	3	46	878
sequential_recurrent_sample_t1	3	47	336
sequential_recurrent_sample_t1	3	48	7314
sequential_recurrent_sample_t1	3	49	6442
sequential_recurrent_sample_t1	3	50	3036
sequential_recurrent_sample_t1	3	51	1352
sequential_recurrent_sample_t1	3	52	1310
sequential_recurrent_sample_t1	3	53	1476
sequential_recurrent_sample_t1	3	54	3089
sequential_recurrent_sample_t1	3	55	1734
sequential_recurrent_sample_t1	3	56	4596
sequential_recurrent_sample_t1	3	57	5431
sequential_recurrent_sample_t1	3	58	6795
sequential_recurrent_sample_t1	3	59	2934
sequential_recurrent_sample_t1	3	60	3074
sequential_recurrent_sample_t1	3	61	1103
sequential_recurrent_sample_t1	3	62	6726
sequential_recurrent_sample_t1	3	63	6980
sequential_recurrent_sample_t1	3	64	2363
sequential_recurrent_sample_t1	4	1	293
sequential_recurrent_sample_t1	4	2	213
sequential_recurrent_sample_t1	4	3	796
sequential_recurrent_sample_t1	4	4	304
sequential_recurrent_sample_t1	4	5	405
sequential_recurrent_sample_t1	4	6	534
sequential_recurrent_sample_t1	4	7	855
sequential_recurrent_sample_t1	4	8	1172
sequential_recurrent_sample_t1	4	9	6210
sequential_recurrent_sample_t1	4	10	5214
sequential_recurrent_sample_t1	4	11	7863
sequential_recurrent_sample_t1	4	12	1064
sequential_recurrent_sample_t1	4	13	5249
sequential_recurrent_sample_t1	4	14	1253
sequential_recurrent_sample_t1	4	15	6603
sequential_recurrent_sample_t1	4	16	211
sequential_recurrent_sample_t1	4	17	91
sequential_recurrent_sample_t1	4	18	4575
sequential_recurrent_sample_t1	4	19	239
sequential_recurrent_sample_t1	4	20	5382
sequential_recurrent_sample_t1	4	21	2025
sequential_recurrent_sample_t1	4	22	307
sequential_recurrent_sample_t1	4	23	3614
sequential_recurrent_sample_t1	4	24	4794
sequential_recurrent_sample_t1	4	25	6638
sequential_recurrent_sample_t1	4	26	5607
sequential_recurrent_sample_t1	4	27	311
sequential_recurrent_sample_t1	4	28	6710
sequential_recurrent_sample_t1	4	29	4887
sequential_recurrent_sample_t1	4	30	3950
sequential_recurrent_sample_t1	4	31	7488
sequential_recurrent_sample_t1	4	32	7744
sequential_recurrent_sample_t1	4	33	5781
sequential_recurrent_sample_t1	4	34	6886
sequential_recurrent_sample_t1	4	35	7609
sequential_recurrent_sample_t1	4	36	1144
sequential_recurrent_sample_t1	4	37	7243
sequential_recurrent_sample_t1	4	38	414
sequential_recurrent_sample_t1	4	39	5833
sequential_recurrent_sample_t1	4	40	1397
sequential_recurrent_sample_t1	4	41	4691
sequential_recurrent_sample_t1	4	42	7687
sequential_recurrent_sample_t1	4	43	5370
sequential_recurrent_sample_t1	4	44	473
sequential_recurrent_sample_t1	4	45	1169
sequential_recurrent_sample_t1	4	46	7276
sequential_recurrent_sample_t1	4	47	7942
sequential_recurrent_sample_t1	4	48	7293
sequential_recurrent_sample_t1	4	49	418
sequential_recurrent_sample_t1	4	50	3959
sequential_recurrent_sample_t1	4	51	4677
sequential_recurrent_sample_t1	4	52	1575
sequential_recurrent_sample_t1	4	53	2895
sequential_recurrent_sample_t1	4	54	5764
sequential_recurrent_sample_t1	4	55	1626
sequential_recurrent_sample_t1	4	56	5485
sequential_recurrent_sample_t1	4	57	2065
sequential_recurrent_sample_t1	4	58	1003
sequential_recurrent_sample_t1	4	59	2275
sequential_recurrent_sample_t1	4	60	2536
sequential_recurrent_sample_t1	4	61	6793
sequential_recurrent_sample_t1	4	62	4507
sequential_recurrent_sample_t1	4	63	4245
sequential_recurrent_sample_t1	4	64	5225
sequential_recurrent_sample_t1	5	1	473
sequential_recurrent_sample_t1	5	2	3063
sequential_recurrent_sample_t1	5	3	231
sequential_recurrent_sample_t1	5	4	345
sequential_recurrent_sample_t1	5	5	1850
sequential_recurrent_sample_t1	5	6	5235
sequential_recurrent_sample_t1	5	7	233
sequential_recurrent_sample_t1	5	8	690
sequential_recurrent_sample_t1	5	9	3985
sequential_recurrent_sample_t1	5	10	327
sequential_recurrent_sample_t1	5	11	301
sequential_recurrent_sample_t1	5	12	266
sequential_recurrent_sample_t1	5	13	1631
sequential_recurrent_sample_t1	5	14	2425
sequential_recurrent_sample_t1	5	15	2284
sequential_recurrent_sample_t1	5	16	6501
sequential_recurrent_sample_t1	5	17	3209
sequential_recurrent_sample_t1	5	18	315
sequential_recurrent_sample_t1	5	19	2453
sequential_recurrent_sample_t1	5	20	2330
sequential_recurrent_sample_t1	5	21	6651
sequential_recurrent_sample_t1	5	22	1082
sequential_recurrent_sample_t1	5	23	990
sequential_recurrent_sample_t1	5	24	1282
sequential_recurrent_sample_t1	5	25	238
sequential_recurrent_sample_t1	5	26	5540
sequential_recurrent_sample_t1	5	27	7773
sequential_recurrent_sample_t1	5	28	4316
sequential_recurrent_sample_t1	5	29	7999
sequential_recurrent_sample_t1	5	30	2683
sequential_recurrent_sample_t1	5	31	3112
sequential_recurrent_sample_t1	5	32	104
sequential_recurrent_sample_t1	5	33	392
sequential_recurrent_sample_t1	5	34	6145
sequential_recurrent_sample_t1	5	35	5527
sequential_recurrent_sample_t1	5	36	323
sequential_recurrent_sample_t1	5	37	3713
sequential_recurrent_sample_t1	5	38	2793
sequential_recurrent_sample_t1	5	39	3826
sequential_recurrent_sample_t1	5	40	7444
sequential_recurrent_sample_t1	5	41	2748
sequential_recurrent_sample_t1	5	42	7901
sequential_recurrent_sample_t1	5	43	627
sequential_recurrent_sample_t1	5	44	222
sequential_recurrent_sample_t1	5	45	849
sequential_recurrent_sample_t1	5	46	6941
sequential_recurrent_sample_t1	5	47	1425
sequential_recurrent_sample_t1	5	48	3280
sequential_recurrent_sample_t1	5	49	6642
sequential_recurrent_sample_t1	5	50	3336
sequential_recurrent_sample_t1	5	51	6832
sequential_recurrent_sample_t1	5	52	4367
sequential_recurrent_sample_t1	5	53	3621
sequential_recurrent_sample_t1	5	54	4367
sequential_recurrent_sample_t1	5	55	181
sequential_recurrent_sample_t1	5	56	5390
sequential_recurrent_sample_t1	5	57	3296
sequential_recurrent_sample_t1	5	58	3430
sequential_recurrent_sample_t1	5	59	7739
sequential_recurrent_sample_t1	5	60	1078
sequential_recurrent_sample_t1	5	61	4039
sequential_recurrent_sample_t1	5	62	509
sequential_recurrent_sample_t1	5	63	3616
sequential_recurrent_sample_t1	5	64	3417
sequential_recurrent_sample_t1	6	1	1909
sequential_recurrent_sample_t1	6	2	968
sequential_recurrent_sample_t1	6	3	221
sequential_recurrent_sample_t1	6	4	1527
sequential_recurrent_sample_t1	6	5	3522
sequential_recurrent_sample_t1	6	6	893
sequential_recurrent_sample_t1	6	7	210
sequential_recurrent_sample_t1	6	8	473
sequential_recurrent_sample_t1	6	9	1234
sequential_recurrent_sample_t1	6	10	719
sequential_recurrent_sample_t1	6	11	7377
sequential_recurrent_sample_t1	6	12	7131
sequential_recurrent_sample_t1	6	13	221
sequential_recurrent_sample_t1	6	14	266
sequential_recurrent_sample_t1	6	15	1
sequential_recurrent_sample_t1	6	16	3744
sequential_recurrent_sample_t1	6	17	567
sequential_recurrent_sample_t1	6	18	2614
sequential_recurrent_sample_t1	6	19	3191
sequential_recurrent_sample_t1	6	20	2095
sequential_recurrent_sample_t1	6	21	1603
sequential_recurrent_sample_t1	6	22	3245
sequential_recurrent_sample_t1	6	23	956
sequential_recurrent_sample_t1	6	24	327
sequential_recurrent_sample_t1	6	25	2100
sequential_recurrent_sample_t1	6	26	3586
sequential_recurrent_sample_t1	6	27	5919
sequential_recurrent_sample_t1	6	28	4537
sequential_recurrent_sample_t1	6	29	8034
sequential_recurrent_sample_t1	6	30	636
sequential_recurrent_sample_t1	6	31	85
sequential_recurrent_sample_t1	6	32	1099
sequential_recurrent_sample_t1	6	33	6153
sequential_recurrent_sample_t1	6	34	7534
sequential_recurrent_sample_t1	6	35	1310
sequential_recurrent_sample_t1	6	36	6242
sequential_recurrent_sample_t1	6	37	3685
sequential_recurrent_sample_t1	6	38	6037
sequential_recurrent_sample_t1	6	39	2807
sequential_recurrent_sample_t1	6	40	207
sequential_recurrent_sample_t1	6	41	5936
sequential_recurrent_sample_t1	6	42	5046
sequential_recurrent_sample_t1	6	43	7703
sequential_recurrent_sample_t1	6	44	1381
sequential_recurrent_sample_t1	6	45	3171
sequential_recurrent_sample_t1	6	46	2804
sequential_recurrent_sample_t1	6	47	1629
sequential_recurrent_sample_t1	6	48	2529
sequential_recurrent_sample_t1	6	49	1163
sequential_recurrent_sample_t1	6	50	5387
sequential_recurrent_sample_t1	6	51	5078
sequential_recurrent_sample_t1	6	52	4671
sequential_recurrent_sample_t1	6	53	2147
sequential_recurrent_sample_t1	6	54	3004
sequential_recurrent_sample_t1	6	55	3605
sequential_recurrent_sample_t1	6	56	934
sequential_recurrent_sample_t1	6	57	545
sequential_recurrent_sample_t1	6	58	4547
sequential_recurrent_sample_t1	6	59	6964
sequential_recurrent_sample_t1	6	60	6709
sequential_recurrent_sample_t1	6	61	927
sequential_recurrent_sample_t1	6	62	3235
sequential_recurrent_sample_t1	6	63	7158
sequential_recurrent_sample_t1	6	64	7580
sequential_recurrent_sample_t1	7	1	284
sequential_recurrent_sample_t1	7	2	1014
sequential_recurrent_sample_t1	7	3	271
sequential_recurrent_sample_t1	7	4	2101
sequential_recurrent_sample_t1	7	5	296
sequential_recurrent_sample_t1	7	6	296
sequential_recurrent_sample_t1	7	7	303
sequential_recurrent_sample_t1	7	8	411
sequential_recurrent_sample_t1	7	9	7936
sequential_recurrent_sample_t1	7	10	2878
sequential_recurrent_sample_t1	7	11	2571
sequential_recurrent_sample_t1	7	12	2416
sequential_recurrent_sample_t1	7	13	7390
sequential_recurrent_sample_t1	7	14	469
sequential_recurrent_sample_t1	7	15	586
sequential_recurrent_sample_t1	7	16	1107
sequential_recurrent_sample_t1	7	17	2686
sequential_recurrent_sample_t1	7	18	663
sequential_recurrent_sample_t1	7	19	5002
sequential_recurrent_sample_t1	7	20	6806
sequential_recurrent_sample_t1	7	21	6557
sequential_recurrent_sample_t1	7	22	6367
sequential_recurrent_sample_t1	7	23	4853
sequential_recurrent_sample_t1	7	24	1111
sequential_recurrent_sample_t1	7	25	1370
sequential_recurrent_sample_t1	7	26	1806
sequential_recurrent_sample_t1	7	27	4087
sequential_recurrent_sample_t1	7	28	1939
sequential_recurrent_sample_t1	7	29	1259
sequential_recurrent_sample_t1	7	30	7976
sequential_recurrent_sample_t1	7	31	3133
sequential_recurrent_sample_t1	7	32	3671
sequential_recurrent_sample_t1	7	33	8060
sequential_recurrent_sample_t1	7	34	4781
sequential_recurrent_sample_t1	7	35	305
sequential_recurrent_sample_t1	7	36	1891
sequential_recurrent_sample_t1	7	37	582
sequential_recurrent_sample_t1	7	38	4408
sequential_recurrent_sample_t1	7	39	4217
sequential_recurrent_sample_t1	7	40	7813
sequential_recurrent_sample_t1	7	41	7381
sequential_recurrent_sample_t1	7	42	4771
sequential_recurrent_sample_t1	7	43	3352
sequential_recurrent_sample_t1	7	44	852
sequential_recurrent_sample_t1	7	45	2101
sequential_recurrent_sample_t1	7	46	5555
sequential_recurrent_sample_t1	7	47	4628
sequential_recurrent_sample_t1	7	48	1920
sequential_recurrent_sample_t1	7	49	3911
sequential_recurrent_sample_t1	7	50	2591
sequential_recurrent_sample_t1	7	51	641
sequential_recurrent_sample_t1	7	52	984
sequential_recurrent_sample_t1	7	53	2229
sequential_recurrent_sample_t1	7	54	6166
sequential_recurrent_sample_t1	7	55	5891
sequential_recurrent_sample_t1	7	56	1948
sequential_recurrent_sample_t1	7	57	6380
sequential_recurrent_sample_t1	7	58	997
sequential_recurrent_sample_t1	7	59	4107
sequential_recurrent_sample_t1	7	60	195
sequential_recurrent_sample_t1	7	61	3485
sequential_recurrent_sample_t1	7	62	5136
sequential_recurrent_sample_t1	7	63	3625
sequential_recurrent_sample_t1	7	64	4634
sequential_recurrent_sample_t1	8	1	285
sequential_recurrent_sample_t1	8	2	4956
sequential_recurrent_sample_t1	8	3	824
sequential_recurrent_sample_t1	8	4	279
sequential_recurrent_sample_t1	8	5	85
sequential_recurrent_sample_t1	8	6	5062
sequential_recurrent_sample_t1	8	7	2280
sequential_recurrent_sample_t1	8	8	2014
sequential_recurrent_sample_t1	8	9	3176
sequential_recurrent_sample_t1	8	10	4542
sequential_recurrent_sample_t1	8	11	311
sequential_recurrent_sample_t1	8	12	5806
sequential_recurrent_sample_t1	8	13	7983
sequential_recurrent_sample_t1	8	14	315
sequential_recurrent_sample_t1	8	15	823
sequential_recurrent_sample_t1	8	16	6144
sequential_recurrent_sample_t1	8	17	645
sequential_recurrent_sample_t1	8	18	1460
sequential_recurrent_sample_t1	8	19	6113
sequential_recurrent_sample_t1	8	20	6848
sequential_recurrent_sample_t1	8	21	526
sequential_recurrent_sample_t1	8	22	681
sequential_recurrent_sample_t1	8	23	3413
sequential_recurrent_sample_t1	8	24	3536
sequential_recurrent_sample_t1	8	25	1156
sequential_recurrent_sample_t1	8	26	3412
sequential_recurrent_sample_t1	8	27	2422
sequential_recurrent_sample_t1	8	28	2386
sequential_recurrent_sample_t1	8	29	134
sequential_recurrent_sample_t1	8	30	1353
sequential_recurrent_sample_t1	8	31	2405
sequential_recurrent_sample_t1	8	32	1546
sequential_recurrent_sample_t1	8	33	474
sequential_recurrent_sample_t1	8	34	1835
sequential_recurrent_sample_t1	8	35	7758
sequential_recurrent_sample_t1	8	36	5280
sequential_recurrent_sample_t1	8	37	1181
sequential_recurrent_sample_t1	8	38	7411
sequential_recurrent_sample_t1	8	39	4597
sequential_recurrent_sample_t1	8	40	118
sequential_recurrent_sample_t1	8	41	538
sequential_recurrent_sample_t1	8	42	3712
sequential_recurrent_sample_t1	8	43	3155
sequential_recurrent_sample_t1	8	44	7934
sequential_recurrent_sample_t1	8	45	2233
sequential_recurrent_sample_t1	8	46	7002
sequential_recurrent_sample_t1	8	47	505
sequential_recurrent_sample_t1	8	48	130
sequential_recurrent_sample_t1	8	49	3409
sequential_recurrent_sample_t1	8	50	2912
sequential_recurrent_sample_t1	8	51	4960
sequential_recurrent_sample_t1	8	52	657
sequential_recurrent_sample_t1	8	53	4356
sequential_recurrent_sample_t1	8	54	1566
sequential_recurrent_sample_t1	8	55	7743
sequential_recurrent_sample_t1	8	56	4069
sequential_recurrent_sample_t1	8	57	1986
sequential_recurrent_sample_t1	8	58	1463
sequential_recurrent_sample_t1	8	59	7016
sequential_recurrent_sample_t1	8	60	2010
sequential_recurrent_sample_t1	8	61	451
sequential_recurrent_sample_t1	8	62	6771
sequential_recurrent_sample_t1	8	63	7151
sequential_recurrent_sample_t1	8	64	6394
sequential_recurrent_sample_t1	9	1	228
sequential_recurrent_sample_t1	9	2	3079
sequential_recurrent_sample_t1	9	3	233
sequential_recurrent_sample_t1	9	4	345
sequential_recurrent_sample_t1	9	5	4317
sequential_recurrent_sample_t1	9	6	213
sequential_recurrent_sample_t1	9	7	255
sequential_recurrent_sample_t1	9	8	3160
sequential_recurrent_sample_t1	9	9	7658
sequential_recurrent_sample_t1	9	10	2447
sequential_recurrent_sample_t1	9	11	5339
sequential_recurrent_sample_t1	9	12	302
sequential_recurrent_sample_t1	9	13	2791
sequential_recurrent_sample_t1	9	14	4872
sequential_recurrent_sample_t1	9	15	352
sequential_recurrent_sample_t1	9	16	5414
sequential_recurrent_sample_t1	9	17	2561
sequential_recurrent_sample_t1	9	18	7835
sequential_recurrent_sample_t1	9	19	214
sequential_recurrent_sample_t1	9	20	1699
sequential_recurrent_sample_t1	9	21	556
sequential_recurrent_sample_t1	9	22	2149
sequential_recurrent_sample_t1	9	23	221
sequential_recurrent_sample_t1	9	24	5356
sequential_recurrent_sample_t1	9	25	5482
sequential_recurrent_sample_t1	9	26	1784
sequential_recurrent_sample_t1	9	27	849
sequential_recurrent_sample_t1	9	28	7551
sequential_recurrent_sample_t1	9	29	2716
sequential_recurrent_sample_t1	9	30	3312
sequential_recurrent_sample_t1	9	31	477
sequential_recurrent_sample_t1	9	32	564
sequential_recurrent_sample_t1	9	33	5238
sequential_recurrent_sample_t1	9	34	4390
sequential_recurrent_sample_t1	9	35	765
sequential_recurrent_sample_t1	9	36	7405
sequential_recurrent_sample_t1	9	37	3280
sequential_recurrent_sample_t1	9	38	3290
sequential_recurrent_sample_t1	9	39	477
sequential_recurrent_sample_t1	9	40	1897
sequential_recurrent_sample_t1	9	41	7597
sequential_recurrent_sample_t1	9	42	4505
sequential_recurrent_sample_t1	9	43	6164
sequential_recurrent_sample_t1	9	44	5684
sequential_recurrent_sample_t1	9	45	519
sequential_recurrent_sample_t1	9	46	2498
sequential_recurrent_sample_t1	9	47	1292
sequential_recurrent_sample_t1	9	48	7865
sequential_recurrent_sample_t1	9	49	1656
sequential_recurrent_sample_t1	9	50	1383
sequential_recurrent_sample_t1	9	51	1741
sequential_recurrent_sample_t1	9	52	7517
sequential_recurrent_sample_t1	9	53	4233
sequential_recurrent_sample_t1	9	54	2335
sequential_recurrent_sample_t1	9	55	3056
sequential_recurrent_sample_t1	9	56	2586
sequential_recurrent_sample_t1	9	57	474
sequential_recurrent_sample_t1	9	58	2097
sequential_recurrent_sample_t1	9	59	2286
sequential_recurrent_sample_t1	9	60	68
sequential_recurrent_sample_t1	9	61	1629
sequential_recurrent_sample_t1	9	62	4323
sequential_recurrent_sample_t1	9	63	5636
sequential_recurrent_sample_t1	9	64	7667
sequential_recurrent_sample_t1	10	1	352
sequential_recurrent_sample_t1	10	2	210
sequential_recurrent_sample_t1	10	3	820
sequential_recurrent_sample_t1	10	4	213
sequential_recurrent_sample_t1	10	5	296
sequential_recurrent_sample_t1	10	6	6995
sequential_recurrent_sample_t1	10	7	7108
sequential_recurrent_sample_t1	10	8	4271
sequential_recurrent_sample_t1	10	9	6600
sequential_recurrent_sample_t1	10	10	3721
sequential_recurrent_sample_t1	10	11	2430
sequential_recurrent_sample_t1	10	12	239
sequential_recurrent_sample_t1	10	13	1571
sequential_recurrent_sample_t1	10	14	729
sequential_recurrent_sample_t1	10	15	392
sequential_recurrent_sample_t1	10	16	351
sequential_recurrent_sample_t1	10	17	3125
sequential_recurrent_sample_t1	10	18	2042
sequential_recurrent_sample_t1	10	19	2452
sequential_recurrent_sample_t1	10	20	3972
sequential_recurrent_sample_t1	10	21	8135
sequential_recurrent_sample_t1	10	22	451
sequential_recurrent_sample_t1	10	23	5344
sequential_recurrent_sample_t1	10	24	373
sequential_recurrent_sample_t1	10	25	3846
sequential_recurrent_sample_t1	10	26	6806
sequential_recurrent_sample_t1	10	27	3126
sequential_recurrent_sample_t1	10	28	227
sequential_recurrent_sample_t1	10	29	428
sequential_recurrent_sample_t1	10	30	7841
sequential_recurrent_sample_t1	10	31	3575
sequential_recurrent_sample_t1	10	32	427
sequential_recurrent_sample_t1	10	33	573
sequential_recurrent_sample_t1	10	34	4490
sequential_recurrent_sample_t1	10	35	744
sequential_recurrent_sample_t1	10	36	5400
sequential_recurrent_sample_t1	10	37	1190
sequential_recurrent_sample_t1	10	38	1798
sequential_recurrent_sample_t1	10	39	202
sequential_recurrent_sample_t1	10	40	4089
sequential_recurrent_sample_t1	10	41	7440
sequential_recurrent_sample_t1	10	42	4107
sequential_recurrent_sample_t1	10	43	6575
sequential_recurrent_sample_t1	10	44	5473
sequential_recurrent_sample_t1	10	45	2255
sequential_recurrent_sample_t1	10	46	4532
sequential_recurrent_sample_t1	10	47	940
sequential_recurrent_sample_t1	10	48	4032
sequential_recurrent_sample_t1	10	49	3036
sequential_recurrent_sample_t1	10	50	4293
sequential_recurrent_sample_t1	10	51	8010
sequential_recurrent_sample_t1	10	52	4836
sequential_recurrent_sample_t1	10	53	4209
sequential_recurrent_sample_t1	10	54	3439
sequential_recurrent_sample_t1	10	55	8093
sequential_recurrent_sample_t1	10	56	21
sequential_recurrent_sample_t1	10	57	2118
sequential_recurrent_sample_t1	10	58	1027
sequential_recurrent_sample_t1	10	59	1489
sequential_recurrent_sample_t1	10	60	1796
sequential_recurrent_sample_t1	10	61	6067
sequential_recurrent_sample_t1	10	62	1372
sequential_recurrent_sample_t1	10	63	7819
sequential_recurrent_sample_t1	10	64	4628
sequential_recurrent_sample_t1	11	1	337
sequential_recurrent_sample_t1	11	2	2404
sequential_recurrent_sample_t1	11	3	551
sequential_recurrent_sample_t1	11	4	6003
sequential_recurrent_sample_t1	11	5	231
sequential_recurrent_sample_t1	11	6	439
sequential_recurrent_sample_t1	11	7	224
sequential_recurrent_sample_t1	11	8	6154
sequential_recurrent_sample_t1	11	9	577
sequential_recurrent_sample_t1	11	10	212
sequential_recurrent_sample_t1	11	11	938
sequential_recurrent_sample_t1	11	12	370
sequential_recurrent_sample_t1	11	13	7637
sequential_recurrent_sample_t1	11	14	4001
sequential_recurrent_sample_t1	11	15	3969
sequential_recurrent_sample_t1	11	16	5829
sequential_recurrent_sample_t1	11	17	7795
sequential_recurrent_sample_t1	11	18	3027
sequential_recurrent_sample_t1	11	19	953
sequential_recurrent_sample_t1	11	20	310
sequential_recurrent_sample_t1	11	21	3333
sequential_recurrent_sample_t1	11	22	3740
sequential_recurrent_sample_t1	11	23	1145
sequential_recurrent_sample_t1	11	24	2019
sequential_recurrent_sample_t1	11	25	6764
sequential_recurrent_sample_t1	11	26	5228
sequential_recurrent_sample_t1	11	27	6745
sequential_recurrent_sample_t1	11	28	1363
sequential_recurrent_sample_t1	11	29	888
sequential_recurrent_sample_t1	11	30	7547
sequential_recurrent_sample_t1	11	31	3377
sequential_recurrent_sample_t1	11	32	4484
sequential_recurrent_sample_t1	11	33	1866
sequential_recurrent_sample_t1	11	34	7930
sequential_recurrent_sample_t1	11	35	7842
sequential_recurrent_sample_t1	11	36	1267
sequential_recurrent_sample_t1	11	37	1853
sequential_recurrent_sample_t1	11	38	5500
sequential_recurrent_sample_t1	11	39	3928
sequential_recurrent_sample_t1	11	40	4703
sequential_recurrent_sample_t1	11	41	5003
sequential_recurrent_sample_t1	11	42	418
sequential_recurrent_sample_t1	11	43	3137
sequential_recurrent_sample_t1	11	44	108
sequential_recurrent_sample_t1	11	45	2550
sequential_recurrent_sample_t1	11	46	1353
sequential_recurrent_sample_t1	11	47	764
sequential_recurrent_sample_t1	11	48	7240
sequential_recurrent_sample_t1	11	49	3599
sequential_recurrent_sample_t1	11	50	1273
sequential_recurrent_sample_t1	11	51	4596
sequential_recurrent_sample_t1	11	52	7567
sequential_recurrent_sample_t1	11	53	2533
sequential_recurrent_sample_t1	11	54	3003
sequential_recurrent_sample_t1	11	55	2539
sequential_recurrent_sample_t1	11	56	4639
sequential_recurrent_sample_t1	11	57	2245
sequential_recurrent_sample_t1	11	58	659
sequential_recurrent_sample_t1	11	59	606
sequential_recurrent_sample_t1	11	60	6539
sequential_recurrent_sample_t1	11	61	6672
sequential_recurrent_sample_t1	11	62	6054
sequential_recurrent_sample_t1	11	63	7808
sequential_recurrent_sample_t1	11	64	1270
sequential_recurrent_sample_t1	12	1	522
sequential_recurrent_sample_t1	12	2	233
sequential_recurrent_sample_t1	12	3	7705
sequential_recurrent_sample_t1	12	4	736
sequential_recurrent_sample_t1	12	5	210
sequential_recurrent_sample_t1	12	6	1461
sequential_recurrent_sample_t1	12	7	3412
sequential_recurrent_sample_t1	12	8	221
sequential_recurrent_sample_t1	12	9	804
sequential_recurrent_sample_t1	12	10	529
sequential_recurrent_sample_t1	12	11	1360
sequential_recurrent_sample_t1	12	12	279
sequential_recurrent_sample_t1	12	13	7533
sequential_recurrent_sample_t1	12	14	4047
sequential_recurrent_sample_t1	12	15	6977
sequential_recurrent_sample_t1	12	16	1338
sequential_recurrent_sample_t1	12	17	323
sequential_recurrent_sample_t1	12	18	337
sequential_recurrent_sample_t1	12	19	596
sequential_recurrent_sample_t1	12	20	1872
sequential_recurrent_sample_t1	12	21	2503
sequential_recurrent_sample_t1	12	22	266
sequential_recurrent_sample_t1	12	23	6021
sequential_recurrent_sample_t1	12	24	1612
sequential_recurrent_sample_t1	12	25	479
sequential_recurrent_sample_t1	12	26	1607
sequential_recurrent_sample_t1	12	27	2274
sequential_recurrent_sample_t1	12	28	1759
sequential_recurrent_sample_t1	12	29	1353
sequential_recurrent_sample_t1	12	30	650
sequential_recurrent_sample_t1	12	31	2827
sequential_recurrent_sample_t1	12	32	820
sequential_recurrent_sample_t1	12	33	5107
sequential_recurrent_sample_t1	12	34	66
sequential_recurrent_sample_t1	12	35	57
sequential_recurrent_sample_t1	12	36	3473
sequential_recurrent_sample_t1	12	37	2305
sequential_recurrent_sample_t1	12	38	6037
sequential_recurrent_sample_t1	12	39	6822
sequential_recurrent_sample_t1	12	40	3274
sequential_recurrent_sample_t1	12	41	2902
sequential_recurrent_sample_t1	12	42	483
sequential_recurrent_sample_t1	12	43	5287
sequential_recurrent_sample_t1	12	44	3123
sequential_recurrent_sample_t1	12	45	7096
sequential_recurrent_sample_t1	12	46	5231
sequential_recurrent_sample_t1	12	47	282
sequential_recurrent_sample_t1	12	48	6560
sequential_recurrent_sample_t1	12	49	7813
sequential_recurrent_sample_t1	12	50	1133
sequential_recurrent_sample_t1	12	51	3864
sequential_recurrent_sample_t1	12	52	1219
sequential_recurrent_sample_t1	12	53	3146
sequential_recurrent_sample_t1	12	54	6215
sequential_recurrent_sample_t1	12	55	570
sequential_recurrent_sample_t1	12	56	3221
sequential_recurrent_sample_t1	12	57	100
sequential_recurrent_sample_t1	12	58	2206
sequential_recurrent_sample_t1	12	59	7628
sequential_recurrent_sample_t1	12	60	3489
sequential_recurrent_sample_t1	12	61	3587
sequential_recurrent_sample_t1	12	62	7060
sequential_recurrent_sample_t1	12	63	3723
sequential_recurrent_sample_t1	12	64	6527
sequential_recurrent_sample_t1	13	1	1196
sequential_recurrent_sample_t1	13	2	7326
sequential_recurrent_sample_t1	13	3	5752
sequential_recurrent_sample_t1	13	4	470
sequential_recurrent_sample_t1	13	5	695
sequential_recurrent_sample_t1	13	6	893
sequential_recurrent_sample_t1	13	7	213
sequential_recurrent_sample_t1	13	8	1543
sequential_recurrent_sample_t1	13	9	1813
sequential_recurrent_sample_t1	13	10	1202
sequential_recurrent_sample_t1	13	11	66
sequential_recurrent_sample_t1	13	12	5928
sequential_recurrent_sample_t1	13	13	288
sequential_recurrent_sample_t1	13	14	5440
sequential_recurrent_sample_t1	13	15	430
sequential_recurrent_sample_t1	13	16	6891
sequential_recurrent_sample_t1	13	17	1834
sequential_recurrent_sample_t1	13	18	363
sequential_recurrent_sample_t1	13	19	6134
sequential_recurrent_sample_t1	13	20	954
sequential_recurrent_sample_t1	13	21	327
sequential_recurrent_sample_t1	13	22	7504
sequential_recurrent_sample_t1	13	23	4920
sequential_recurrent_sample_t1	13	24	1123
sequential_recurrent_sample_t1	13	25	436
sequential_recurrent_sample_t1	13	26	3829
sequential_recurrent_sample_t1	13	27	5435
sequential_recurrent_sample_t1	13	28	7106
sequential_recurrent_sample_t1	13	29	1144
sequential_recurrent_sample_t1	13	30	273
sequential_recurrent_sample_t1	13	31	3771
sequential_recurrent_sample_t1	13	32	1555
sequential_recurrent_sample_t1	13	33	1551
sequential_recurrent_sample_t1	13	34	6430
sequential_recurrent_sample_t1	13	35	401
sequential_recurrent_sample_t1	13	36	8149
sequential_recurrent_sample_t1	13	37	989
sequential_recurrent_sample_t1	13	38	4219
sequential_recurrent_sample_t1	13	39	3836
sequential_recurrent_sample_t1	13	40	7633
sequential_recurrent_sample_t1	13	41	1145
sequential_recurrent_sample_t1	13	42	4543
sequential_recurrent_sample_t1	13	43	149
sequential_recurrent_sample_t1	13	44	5694
sequential_recurrent_sample_t1	13	45	1321
sequential_recurrent_sample_t1	13	46	5309
sequential_recurrent_sample_t1	13	47	2506
sequential_recurrent_sample_t1	13	48	4910
sequential_recurrent_sample_t1	13	49	4193
sequential_recurrent_sample_t1	13	50	1419
sequential_recurrent_sample_t1	13	51	2482
sequential_recurrent_sample_t1	13	52	1409
sequential_recurrent_sample_t1	13	53	4498
sequential_recurrent_sample_t1	13	54	6743
sequential_recurrent_sample_t1	13	55	1319
sequential_recurrent_sample_t1	13	56	1092
sequential_recurrent_sample_t1	13	57	3949
sequential_recurrent_sample_t1	13	58	5156
sequential_recurrent_sample_t1	13	59	2604
sequential_recurrent_sample_t1	13	60	5344
sequential_recurrent_sample_t1	13	61	4862
sequential_recurrent_sample_t1	13	62	4751
sequential_recurrent_sample_t1	13	63	4246
sequential_recurrent_sample_t1	13	64	4775
sequential_recurrent_sample_t1	14	1	1365
sequential_recurrent_sample_t1	14	2	2124
sequential_recurrent_sample_t1	14	3	221
sequential_recurrent_sample_t1	14	4	255
sequential_recurrent_sample_t1	14	5	251
sequential_recurrent_sample_t1	14	6	3812
sequential_recurrent_sample_t1	14	7	1018
sequential_recurrent_sample_t1	14	8	211
sequential_recurrent_sample_t1	14	9	1290
sequential_recurrent_sample_t1	14	10	794
sequential_recurrent_sample_t1	14	11	7353
sequential_recurrent_sample_t1	14	12	221
sequential_recurrent_sample_t1	14	13	1749
sequential_recurrent_sample_t1	14	14	714
sequential_recurrent_sample_t1	14	15	5146
sequential_recurrent_sample_t1	14	16	1794
sequential_recurrent_sample_t1	14	17	233
sequential_recurrent_sample_t1	14	18	283
sequential_recurrent_sample_t1	14	19	4779
sequential_recurrent_sample_t1	14	20	83
sequential_recurrent_sample_t1	14	21	403
sequential_recurrent_sample_t1	14	22	777
sequential_recurrent_sample_t1	14	23	6730
sequential_recurrent_sample_t1	14	24	4233
sequential_recurrent_sample_t1	14	25	1280
sequential_recurrent_sample_t1	14	26	8097
sequential_recurrent_sample_t1	14	27	2254
sequential_recurrent_sample_t1	14	28	1404
sequential_recurrent_sample_t1	14	29	5990
sequential_recurrent_sample_t1	14	30	791
sequential_recurrent_sample_t1	14	31	258
sequential_recurrent_sample_t1	14	32	6206
sequential_recurrent_sample_t1	14	33	288
sequential_recurrent_sample_t1	14	34	965
sequential_recurrent_sample_t1	14	35	855
sequential_recurrent_sample_t1	14	36	1297
sequential_recurrent_sample_t1	14	37	7841
sequential_recurrent_sample_t1	14	38	4865
sequential_recurrent_sample_t1	14	39	2692
sequential_recurrent_sample_t1	14	40	7287
sequential_recurrent_sample_t1	14	41	2963
sequential_recurrent_sample_t1	14	42	3359
sequential_recurrent_sample_t1	14	43	3915
sequential_recurrent_sample_t1	14	44	7211
sequential_recurrent_sample_t1	14	45	571
sequential_recurrent_sample_t1	14	46	5981
sequential_recurrent_sample_t1	14	47	6664
sequential_recurrent_sample_t1	14	48	3285
sequential_recurrent_sample_t1	14	49	2163
sequential_recurrent_sample_t1	14	50	7128
sequential_recurrent_sample_t1	14	51	1919
sequential_recurrent_sample_t1	14	52	687
sequential_recurrent_sample_t1	14	53	3541
sequential_recurrent_sample_t1	14	54	997
sequential_recurrent_sample_t1	14	55	2877
sequential_recurrent_sample_t1	14	56	6297
sequential_recurrent_sample_t1	14	57	2883
sequential_recurrent_sample_t1	14	58	5006
sequential_recurrent_sample_t1	14	59	3460
sequential_recurrent_sample_t1	14	60	1994
sequential_recurrent_sample_t1	14	61	786
sequential_recurrent_sample_t1	14	62	1007
sequential_recurrent_sample_t1	14	63	3756
sequential_recurrent_sample_t1	14	64	347
sequential_recurrent_sample_t1	15	1	496
sequential_recurrent_sample_t1	15	2	4891
sequential_recurrent_sample_t1	15	3	213
sequential_recurrent_sample_t1	15	4	725
sequential_recurrent_sample_t1	15	5	345
sequential_recurrent_sample_t1	15	6	596
sequential_recurrent_sample_t1	15	7	221
sequential_recurrent_sample_t1	15	8	266
sequential_recurrent_sample_t1	15	9	1
sequential_recurrent_sample_t1	15	10	250
sequential_recurrent_sample_t1	15	11	250
sequential_recurrent_sample_t1	15	12	2547
sequential_recurrent_sample_t1	15	13	353
sequential_recurrent_sample_t1	15	14	1090
sequential_recurrent_sample_t1	15	15	215
sequential_recurrent_sample_t1	15	16	7341
sequential_recurrent_sample_t1	15	17	2143
sequential_recurrent_sample_t1	15	18	6825
sequential_recurrent_sample_t1	15	19	2393
sequential_recurrent_sample_t1	15	20	3161
sequential_recurrent_sample_t1	15	21	1200
sequential_recurrent_sample_t1	15	22	1928
sequential_recurrent_sample_t1	15	23	4023
sequential_recurrent_sample_t1	15	24	2610
sequential_recurrent_sample_t1	15	25	239
sequential_recurrent_sample_t1	15	26	6331
sequential_recurrent_sample_t1	15	27	4839
sequential_recurrent_sample_t1	15	28	7369
sequential_recurrent_sample_t1	15	29	2987
sequential_recurrent_sample_t1	15	30	6378
sequential_recurrent_sample_t1	15	31	4296
sequential_recurrent_sample_t1	15	32	5171
sequential_recurrent_sample_t1	15	33	3377
sequential_recurrent_sample_t1	15	34	551
sequential_recurrent_sample_t1	15	35	5725
sequential_recurrent_sample_t1	15	36	8053
sequential_recurrent_sample_t1	15	37	2976
sequential_recurrent_sample_t1	15	38	2896
sequential_recurrent_sample_t1	15	39	2324
sequential_recurrent_sample_t1	15	40	7147
sequential_recurrent_sample_t1	15	41	296
sequential_recurrent_sample_t1	15	42	4187
sequential_recurrent_sample_t1	15	43	3745
sequential_recurrent_sample_t1	15	44	1538
sequential_recurrent_sample_t1	15	45	3534
sequential_recurrent_sample_t1	15	46	6495
sequential_recurrent_sample_t1	15	47	5167
sequential_recurrent_sample_t1	15	48	2464
sequential_recurrent_sample_t1	15	49	6042
sequential_recurrent_sample_t1	15	50	2759
sequential_recurrent_sample_t1	15	51	5568
sequential_recurrent_sample_t1	15	52	7431
sequential_recurrent_sample_t1	15	53	4315
sequential_recurrent_sample_t1	15	54	2202
sequential_recurrent_sample_t1	15	55	1119
sequential_recurrent_sample_t1	15	56	6731
sequential_recurrent_sample_t1	15	57	1975
sequential_recurrent_sample_t1	15	58	5758
sequential_recurrent_sample_t1	15	59	6866
sequential_recurrent_sample_t1	15	60	2480
sequential_recurrent_sample_t1	15	61	519
sequential_recurrent_sample_t1	15	62	2856
sequential_recurrent_sample_t1	15	63	941
sequential_recurrent_sample_t1	15	64	5137
sequential_recurrent_sample_t1	16	1	1340
sequential_recurrent_sample_t1	16	2	2327
sequential_recurrent_sample_t1	16	3	1780
sequential_recurrent_sample_t1	16	4	520
sequential_recurrent_sample_t1	16	5	269
sequential_recurrent_sample_t1	16	6	292
sequential_recurrent_sample_t1	16	7	69
sequential_recurrent_sample_t1	16	8	329
sequential_recurrent_sample_t1	16	9	70
sequential_recurrent_sample_t1	16	10	491
sequential_recurrent_sample_t1	16	11	5798
sequential_recurrent_sample_t1	16	12	1351
sequential_recurrent_sample_t1	16	13	6871
sequential_recurrent_sample_t1	16	14	2023
sequential_recurrent_sample_t1	16	15	216
sequential_recurrent_sample_t1	16	16	732
sequential_recurrent_sample_t1	16	17	323
sequential_recurrent_sample_t1	16	18	699
sequential_recurrent_sample_t1	16	19	1538
sequential_recurrent_sample_t1	16	20	394
sequential_recurrent_sample_t1	16	21	4486
sequential_recurrent_sample_t1	16	22	4751
sequential_recurrent_sample_t1	16	23	2506
sequential_recurrent_sample_t1	16	24	866
sequential_recurrent_sample_t1	16	25	5292
sequential_recurrent_sample_t1	16	26	231
sequential_recurrent_sample_t1	16	27	7440
sequential_recurrent_sample_t1	16	28	704
sequential_recurrent_sample_t1	16	29	3637
sequential_recurrent_sample_t1	16	30	7792
sequential_recurrent_sample_t1	16	31	2023
sequential_recurrent_sample_t1	16	32	6237
sequential_recurrent_sample_t1	16	33	320
sequential_recurrent_sample_t1	16	34	917
sequential_recurrent_sample_t1	16	35	163
sequential_recurrent_sample_t1	16	36	3543
sequential_recurrent_sample_t1	16	37	4840
sequential_recurrent_sample_t1	16	38	3536
sequential_recurrent_sample_t1	16	39	5581
sequential_recurrent_sample_t1	16	40	800
sequential_recurrent_sample_t1	16	41	231
sequential_recurrent_sample_t1	16	42	6636
sequential_recurrent_sample_t1	16	43	8086
sequential_recurrent_sample_t1	16	44	916
sequential_recurrent_sample_t1	16	45	3313
sequential_recurrent_sample_t1	16	46	5905
sequential_recurrent_sample_t1	16	47	496
sequential_recurrent_sample_t1	16	48	112
sequential_recurrent_sample_t1	16	49	2922
sequential_recurrent_sample_t1	16	50	3335
sequential_recurrent_sample_t1	16	51	3251
sequential_recurrent_sample_t1	16	52	1915
sequential_recurrent_sample_t1	16	53	6907
sequential_recurrent_sample_t1	16	54	5627
sequential_recurrent_sample_t1	16	55	2306
sequential_recurrent_sample_t1	16	56	4411
sequential_recurrent_sample_t1	16	57	4063
sequential_recurrent_sample_t1	16	58	5748
sequential_recurrent_sample_t1	16	59	2239
sequential_recurrent_sample_t1	16	60	4803
sequential_recurrent_sample_t1	16	61	3659
sequential_recurrent_sample_t1	16	62	216
sequential_recurrent_sample_t1	16	63	4624
sequential_recurrent_sample_t1	16	64	4010
sequential_recurrent_sample_t1	17	1	1170
sequential_recurrent_sample_t1	17	2	3596
sequential_recurrent_sample_t1	17	3	231
sequential_recurrent_sample_t1	17	4	3950
sequential_recurrent_sample_t1	17	5	231
sequential_recurrent_sample_t1	17	6	408
sequential_recurrent_sample_t1	17	7	229
sequential_recurrent_sample_t1	17	8	293
sequential_recurrent_sample_t1	17	9	279
sequential_recurrent_sample_t1	17	10	84
sequential_recurrent_sample_t1	17	11	7112
sequential_recurrent_sample_t1	17	12	2119
sequential_recurrent_sample_t1	17	13	470
sequential_recurrent_sample_t1	17	14	7569
sequential_recurrent_sample_t1	17	15	1558
sequential_recurrent_sample_t1	17	16	238
sequential_recurrent_sample_t1	17	17	4145
sequential_recurrent_sample_t1	17	18	540
sequential_recurrent_sample_t1	17	19	8170
sequential_recurrent_sample_t1	17	20	6531
sequential_recurrent_sample_t1	17	21	312
sequential_recurrent_sample_t1	17	22	255
sequential_recurrent_sample_t1	17	23	7802
sequential_recurrent_sample_t1	17	24	5572
sequential_recurrent_sample_t1	17	25	3775
sequential_recurrent_sample_t1	17	26	1253
sequential_recurrent_sample_t1	17	27	1420
sequential_recurrent_sample_t1	17	28	3024
sequential_recurrent_sample_t1	17	29	7962
sequential_recurrent_sample_t1	17	30	7080
sequential_recurrent_sample_t1	17	31	4224
sequential_recurrent_sample_t1	17	32	8080
sequential_recurrent_sample_t1	17	33	5060
sequential_recurrent_sample_t1	17	34	2073
sequential_recurrent_sample_t1	17	35	7793
sequential_recurrent_sample_t1	17	36	4121
sequential_recurrent_sample_t1	17	37	3213
sequential_recurrent_sample_t1	17	38	107
sequential_recurrent_sample_t1	17	39	7421
sequential_recurrent_sample_t1	17	40	1044
sequential_recurrent_sample_t1	17	41	1526
sequential_recurrent_sample_t1	17	42	7444
sequential_recurrent_sample_t1	17	43	3419
sequential_recurrent_sample_t1	17	44	5068
sequential_recurrent_sample_t1	17	45	491
sequential_recurrent_sample_t1	17	46	4399
sequential_recurrent_sample_t1	17	47	4469
sequential_recurrent_sample_t1	17	48	1949
sequential_recurrent_sample_t1	17	49	965
sequential_recurrent_sample_t1	17	50	7559
sequential_recurrent_sample_t1	17	51	6630
sequential_recurrent_sample_t1	17	52	2679
sequential_recurrent_sample_t1	17	53	8153
sequential_recurrent_sample_t1	17	54	7908
sequential_recurrent_sample_t1	17	55	785
sequential_recurrent_sample_t1	17	56	319
sequential_recurrent_sample_t1	17	57	4354
sequential_recurrent_sample_t1	17	58	332
sequential_recurrent_sample_t1	17	59	5607
sequential_recurrent_sample_t1	17	60	2461
sequential_recurrent_sample_t1	17	61	2728
sequential_recurrent_sample_t1	17	62	5654
sequential_recurrent_sample_t1	17	63	7875
sequential_recurrent_sample_t1	17	64	5201
sequential_recurrent_sample_t1	18	1	6345
sequential_recurrent_sample_t1	18	2	213
sequential_recurrent_sample_t1	18	3	238
sequential_recurrent_sample_t1	18	4	309
sequential_recurrent_sample_t1	18	5	48
sequential_recurrent_sample_t1	18	6	7602
sequential_recurrent_sample_t1	18	7	1282
sequential_recurrent_sample_t1	18	8	631
sequential_recurrent_sample_t1	18	9	83
sequential_recurrent_sample_t1	18	10	339
sequential_recurrent_sample_t1	18	11	281
sequential_recurrent_sample_t1	18	12	2353
sequential_recurrent_sample_t1	18	13	3322
sequential_recurrent_sample_t1	18	14	2001
sequential_recurrent_sample_t1	18	15	5341
sequential_recurrent_sample_t1	18	16	281
sequential_recurrent_sample_t1	18	17	1115
sequential_recurrent_sample_t1	18	18	6973
sequential_recurrent_sample_t1	18	19	255
sequential_recurrent_sample_t1	18	20	1207
sequential_recurrent_sample_t1	18	21	2028
sequential_recurrent_sample_t1	18	22	4024
sequential_recurrent_sample_t1	18	23	6704
sequential_recurrent_sample_t1	18	24	2044
sequential_recurrent_sample_t1	18	25	190
sequential_recurrent_sample_t1	18	26	4434
sequential_recurrent_sample_t1	18	27	2695
sequential_recurrent_sample_t1	18	28	6482
sequential_recurrent_sample_t1	18	29	7541
sequential_recurrent_sample_t1	18	30	4920
sequential_recurrent_sample_t1	18	31	728
sequential_recurrent_sample_t1	18	32	1751
sequential_recurrent_sample_t1	18	33	1269
sequential_recurrent_sample_t1	18	34	3260
sequential_recurrent_sample_t1	18	35	833
sequential_recurrent_sample_t1	18	36	7394
sequential_recurrent_sample_t1	18	37	1948
sequential_recurrent_sample_t1	18	38	4821
sequential_recurrent_sample_t1	18	39	1470
sequential_recurrent_sample_t1	18	40	5351
sequential_recurrent_sample_t1	18	41	279
sequential_recurrent_sample_t1	18	42	3910
sequential_recurrent_sample_t1	18	43	3821
sequential_recurrent_sample_t1	18	44	3257
sequential_recurrent_sample_t1	18	45	3510
sequential_recurrent_sample_t1	18	46	306
sequential_recurrent_sample_t1	18	47	422
sequential_recurrent_sample_t1	18	48	1636
sequential_recurrent_sample_t1	18	49	5837
sequential_recurrent_sample_t1	18	50	427
sequential_recurrent_sample_t1	18	51	3758
sequential_recurrent_sample_t1	18	52	6935
sequential_recurrent_sample_t1	18	53	7959
sequential_recurrent_sample_t1	18	54	5198
sequential_recurrent_sample_t1	18	55	1730
sequential_recurrent_sample_t1	18	56	3554
sequential_recurrent_sample_t1	18	57	5178
sequential_recurrent_sample_t1	18	58	3702
sequential_recurrent_sample_t1	18	59	4831
sequential_recurrent_sample_t1	18	60	299
sequential_recurrent_sample_t1	18	61	5350
sequential_recurrent_sample_t1	18	62	5738
sequential_recurrent_sample_t1	18	63	6829
sequential_recurrent_sample_t1	18	64	2530
sequential_recurrent_sample_t1	19	1	74
sequential_recurrent_sample_t1	19	2	221
sequential_recurrent_sample_t1	19	3	1756
sequential_recurrent_sample_t1	19	4	382
sequential_recurrent_sample_t1	19	5	232
sequential_recurrent_sample_t1	19	6	6428
sequential_recurrent_sample_t1	19	7	1352
sequential_recurrent_sample_t1	19	8	1187
sequential_recurrent_sample_t1	19	9	238
sequential_recurrent_sample_t1	19	10	2134
sequential_recurrent_sample_t1	19	11	233
sequential_recurrent_sample_t1	19	12	6986
sequential_recurrent_sample_t1	19	13	557
sequential_recurrent_sample_t1	19	14	599
sequential_recurrent_sample_t1	19	15	4421
sequential_recurrent_sample_t1	19	16	5268
sequential_recurrent_sample_t1	19	17	235
sequential_recurrent_sample_t1	19	18	233
sequential_recurrent_sample_t1	19	19	1877
sequential_recurrent_sample_t1	19	20	242
sequential_recurrent_sample_t1	19	21	1102
sequential_recurrent_sample_t1	19	22	1217
sequential_recurrent_sample_t1	19	23	6018
sequential_recurrent_sample_t1	19	24	3152
sequential_recurrent_sample_t1	19	25	310
sequential_recurrent_sample_t1	19	26	1372
sequential_recurrent_sample_t1	19	27	395
sequential_recurrent_sample_t1	19	28	578
sequential_recurrent_sample_t1	19	29	3381
sequential_recurrent_sample_t1	19	30	384
sequential_recurrent_sample_t1	19	31	729
sequential_recurrent_sample_t1	19	32	2206
sequential_recurrent_sample_t1	19	33	4442
sequential_recurrent_sample_t1	19	34	1458
sequential_recurrent_sample_t1	19	35	7136
sequential_recurrent_sample_t1	19	36	358
sequential_recurrent_sample_t1	19	37	1385
sequential_recurrent_sample_t1	19	38	2911
sequential_recurrent_sample_t1	19	39	3011
sequential_recurrent_sample_t1	19	40	1380
sequential_recurrent_sample_t1	19	41	5928
sequential_recurrent_sample_t1	19	42	4814
sequential_recurrent_sample_t1	19	43	7532
sequential_recurrent_sample_t1	19	44	2075
sequential_recurrent_sample_t1	19	45	6536
sequential_recurrent_sample_t1	19	46	5465
sequential_recurrent_sample_t1	19	47	693
sequential_recurrent_sample_t1	19	48	296
sequential_recurrent_sample_t1	19	49	4749
sequential_recurrent_sample_t1	19	50	2080
sequential_recurrent_sample_t1	19	51	7486
sequential_recurrent_sample_t1	19	52	2354
sequential_recurrent_sample_t1	19	53	1106
sequential_recurrent_sample_t1	19	54	7827
sequential_recurrent_sample_t1	19	55	318
sequential_recurrent_sample_t1	19	56	7042
sequential_recurrent_sample_t1	19	57	2781
sequential_recurrent_sample_t1	19	58	8181
sequential_recurrent_sample_t1	19	59	7398
sequential_recurrent_sample_t1	19	60	3696
sequential_recurrent_sample_t1	19	61	4610
sequential_recurrent_sample_t1	19	62	5324
sequential_recurrent_sample_t1	19	63	2755
sequential_recurrent_sample_t1	19	64	6375
sequential_recurrent_sample_t1	20	1	84
sequential_recurrent_sample_t1	20	2	4534
sequential_recurrent_sample_t1	20	3	638
sequential_recurrent_sample_t1	20	4	3512
sequential_recurrent_sample_t1	20	5	233
sequential_recurrent_sample_t1	20	6	682
sequential_recurrent_sample_t1	20	7	1325
sequential_recurrent_sample_t1	20	8	1306
sequential_recurrent_sample_t1	20	9	993
sequential_recurrent_sample_t1	20	10	709
sequential_recurrent_sample_t1	20	11	4354
sequential_recurrent_sample_t1	20	12	66
sequential_recurrent_sample_t1	20	13	322
sequential_recurrent_sample_t1	20	14	302
sequential_recurrent_sample_t1	20	15	227
sequential_recurrent_sample_t1	20	16	4056
sequential_recurrent_sample_t1	20	17	5778
sequential_recurrent_sample_t1	20	18	6376
sequential_recurrent_sample_t1	20	19	3352
sequential_recurrent_sample_t1	20	20	8010
sequential_recurrent_sample_t1	20	21	8097
sequential_recurrent_sample_t1	20	22	5521
sequential_recurrent_sample_t1	20	23	3562
sequential_recurrent_sample_t1	20	24	1169
sequential_recurrent_sample_t1	20	25	1961
sequential_recurrent_sample_t1	20	26	310
sequential_recurrent_sample_t1	20	27	326
sequential_recurrent_sample_t1	20	28	661
sequential_recurrent_sample_t1	20	29	4134
sequential_recurrent_sample_t1	20	30	4605
sequential_recurrent_sample_t1	20	31	1244
sequential_recurrent_sample_t1	20	32	3970
sequential_recurrent_sample_t1	20	33	2551
sequential_recurrent_sample_t1	20	34	2104
sequential_recurrent_sample_t1	20	35	3469
sequential_recurrent_sample_t1	20	36	7232
sequential_recurrent_sample_t1	20	37	3720
sequential_recurrent_sample_t1	20	38	4923
sequential_recurrent_sample_t1	20	39	1895
sequential_recurrent_sample_t1	20	40	7270
sequential_recurrent_sample_t1	20	41	3769
sequential_recurrent_sample_t1	20	42	7470
sequential_recurrent_sample_t1	20	43	5026
sequential_recurrent_sample_t1	20	44	2110
sequential_recurrent_sample_t1	20	45	1622
sequential_recurrent_sample_t1	20	46	7658
sequential_recurrent_sample_t1	20	47	1915
sequential_recurrent_sample_t1	20	48	7928
sequential_recurrent_sample_t1	20	49	2843
sequential_recurrent_sample_t1	20	50	5341
sequential_recurrent_sample_t1	20	51	5901
sequential_recurrent_sample_t1	20	52	849
sequential_recurrent_sample_t1	20	53	5789
sequential_recurrent_sample_t1	20	54	1680
sequential_recurrent_sample_t1	20	55	162
sequential_recurrent_sample_t1	20	56	928
sequential_recurrent_sample_t1	20	57	1741
sequential_recurrent_sample_t1	20	58	4751
sequential_recurrent_sample_t1	20	59	4584
sequential_recurrent_sample_t1	20	60	4708
sequential_recurrent_sample_t1	20	61	5224
sequential_recurrent_sample_t1	20	62	7156
sequential_recurrent_sample_t1	20	63	7780
sequential_recurrent_sample_t1	20	64	7756
sequential_recurrent_sample_t1	21	1	4441
sequential_recurrent_sample_t1	21	2	4265
sequential_recurrent_sample_t1	21	3	322
sequential_recurrent_sample_t1	21	4	213
sequential_recurrent_sample_t1	21	5	1954
sequential_recurrent_sample_t1	21	6	211
sequential_recurrent_sample_t1	21	7	282
sequential_recurrent_sample_t1	21	8	336
sequential_recurrent_sample_t1	21	9	686
sequential_recurrent_sample_t1	21	10	7652
sequential_recurrent_sample_t1	21	11	3401
sequential_recurrent_sample_t1	21	12	951
sequential_recurrent_sample_t1	21	13	4341
sequential_recurrent_sample_t1	21	14	1380
sequential_recurrent_sample_t1	21	15	6248
sequential_recurrent_sample_t1	21	16	3541
sequential_recurrent_sample_t1	21	17	1196
sequential_recurrent_sample_t1	21	18	1641
sequential_recurrent_sample_t1	21	19	454
sequential_recurrent_sample_t1	21	20	2015
sequential_recurrent_sample_t1	21	21	322
sequential_recurrent_sample_t1	21	22	210
sequential_recurrent_sample_t1	21	23	6203
sequential_recurrent_sample_t1	21	24	2184
sequential_recurrent_sample_t1	21	25	1240
sequential_recurrent_sample_t1	21	26	85
sequential_recurrent_sample_t1	21	27	122
sequential_recurrent_sample_t1	21	28	7032
sequential_recurrent_sample_t1	21	29	564
sequential_recurrent_sample_t1	21	30	2298
sequential_recurrent_sample_t1	21	31	3370
sequential_recurrent_sample_t1	21	32	2457
sequential_recurrent_sample_t1	21	33	6986
sequential_recurrent_sample_t1	21	34	8077
sequential_recurrent_sample_t1	21	35	5714
sequential_recurrent_sample_t1	21	36	7562
sequential_recurrent_sample_t1	21	37	1300
sequential_recurrent_sample_t1	21	38	2626
sequential_recurrent_sample_t1	21	39	1273
sequential_recurrent_sample_t1	21	40	5849
sequential_recurrent_sample_t1	21	41	5705
sequential_recurrent_sample_t1	21	42	6238
sequential_recurrent_sample_t1	21	43	816
sequential_recurrent_sample_t1	21	44	1127
sequential_recurrent_sample_t1	21	45	5259
sequential_recurrent_sample_t1	21	46	2947
sequential_recurrent_sample_t1	21	47	3206
sequential_recurrent_sample_t1	21	48	1984
sequential_recurrent_sample_t1	21	49	2700
sequential_recurrent_sample_t1	21	50	5713
sequential_recurrent_sample_t1	21	51	3212
sequential_recurrent_sample_t1	21	52	4128
sequential_recurrent_sample_t1	21	53	2907
sequential_recurrent_sample_t1	21	54	570
sequential_recurrent_sample_t1	21	55	7166
sequential_recurrent_sample_t1	21	56	4933
sequential_recurrent_sample_t1	21	57	1375
sequential_recurrent_sample_t1	21	58	739
sequential_recurrent_sample_t1	21	59	1200
sequential_recurrent_sample_t1	21	60	337
sequential_recurrent_sample_t1	21	61	1000
sequential_recurrent_sample_t1	21	62	5085
sequential_recurrent_sample_t1	21	63	7429
sequential_recurrent_sample_t1	21	64	2919
sequential_recurrent_sample_t1	22	1	8038
sequential_recurrent_sample_t1	22	2	278
sequential_recurrent_sample_t1	22	3	83
sequential_recurrent_sample_t1	22	4	516
sequential_recurrent_sample_t1	22	5	222
sequential_recurrent_sample_t1	22	6	270
sequential_recurrent_sample_t1	22	7	292
sequential_recurrent_sample_t1	22	8	1591
sequential_recurrent_sample_t1	22	9	2013
sequential_recurrent_sample_t1	22	10	7259
sequential_recurrent_sample_t1	22	11	322
sequential_recurrent_sample_t1	22	12	5594
sequential_recurrent_sample_t1	22	13	352
sequential_recurrent_sample_t1	22	14	1795
sequential_recurrent_sample_t1	22	15	2618
sequential_recurrent_sample_t1	22	16	7937
sequential_recurrent_sample_t1	22	17	4506
sequential_recurrent_sample_t1	22	18	3944
sequential_recurrent_sample_t1	22	19	296
sequential_recurrent_sample_t1	22	20	7555
sequential_recurrent_sample_t1	22	21	1648
sequential_recurrent_sample_t1	22	22	1873
sequential_recurrent_sample_t1	22	23	4228
sequential_recurrent_sample_t1	22	24	7448
sequential_recurrent_sample_t1	22	25	296
sequential_recurrent_sample_t1	22	26	3096
sequential_recurrent_sample_t1	22	27	379
sequential_recurrent_sample_t1	22	28	5420
sequential_recurrent_sample_t1	22	29	1997
sequential_recurrent_sample_t1	22	30	3747
sequential_recurrent_sample_t1	22	31	3824
sequential_recurrent_sample_t1	22	32	1862
sequential_recurrent_sample_t1	22	33	2145
sequential_recurrent_sample_t1	22	34	8076
sequential_recurrent_sample_t1	22	35	591
sequential_recurrent_sample_t1	22	36	2252
sequential_recurrent_sample_t1	22	37	6285
sequential_recurrent_sample_t1	22	38	7799
sequential_recurrent_sample_t1	22	39	4192
sequential_recurrent_sample_t1	22	40	2943
sequential_recurrent_sample_t1	22	41	1310
sequential_recurrent_sample_t1	22	42	1915
sequential_recurrent_sample_t1	22	43	6764
sequential_recurrent_sample_t1	22	44	4334
sequential_recurrent_sample_t1	22	45	5016
sequential_recurrent_sample_t1	22	46	7780
sequential_recurrent_sample_t1	22	47	4121
sequential_recurrent_sample_t1	22	48	2731
sequential_recurrent_sample_t1	22	49	2305
sequential_recurrent_sample_t1	22	50	2191
sequential_recurrent_sample_t1	22	51	4729
sequential_recurrent_sample_t1	22	52	1207
sequential_recurrent_sample_t1	22	53	1715
sequential_recurrent_sample_t1	22	54	6697
sequential_recurrent_sample_t1	22	55	1197
sequential_recurrent_sample_t1	22	56	2998
sequential_recurrent_sample_t1	22	57	7795
sequential_recurrent_sample_t1	22	58	129
sequential_recurrent_sample_t1	22	59	7763
sequential_recurrent_sample_t1	22	60	1711
sequential_recurrent_sample_t1	22	61	2978
sequential_recurrent_sample_t1	22	62	6617
sequential_recurrent_sample_t1	22	63	7684
sequential_recurrent_sample_t1	22	64	3681
sequential_recurrent_sample_t1	23	1	1562
sequential_recurrent_sample_t1	23	2	741
sequential_recurrent_sample_t1	23	3	372
sequential_recurrent_sample_t1	23	4	760
sequential_recurrent_sample_t1	23	5	73
sequential_recurrent_sample_t1	23	6	3931
sequential_recurrent_sample_t1	23	7	5581
sequential_recurrent_sample_t1	23	8	2533
sequential_recurrent_sample_t1	23	9	246
sequential_recurrent_sample_t1	23	10	1407
sequential_recurrent_sample_t1	23	11	665
sequential_recurrent_sample_t1	23	12	79
sequential_recurrent_sample_t1	23	13	1547
sequential_recurrent_sample_t1	23	14	279
sequential_recurrent_sample_t1	23	15	7982
sequential_recurrent_sample_t1	23	16	7830
sequential_recurrent_sample_t1	23	17	323
sequential_recurrent_sample_t1	23	18	3775
sequential_recurrent_sample_t1	23	19	7795
sequential_recurrent_sample_t1	23	20	5043
sequential_recurrent_sample_t1	23	21	1675
sequential_recurrent_sample_t1	23	22	3059
sequential_recurrent_sample_t1	23	23	4244
sequential_recurrent_sample_t1	23	24	2795
sequential_recurrent_sample_t1	23	25	5556
sequential_recurrent_sample_t1	23	26	7297
sequential_recurrent_sample_t1	23	27	2639
sequential_recurrent_sample_t1	23	28	6641
sequential_recurrent_sample_t1	23	29	2407
sequential_recurrent_sample_t1	23	30	7891
sequential_recurrent_sample_t1	23	31	7669
sequential_recurrent_sample_t1	23	32	2886
sequential_recurrent_sample_t1	23	33	3213
sequential_recurrent_sample_t1	23	34	519
sequential_recurrent_sample_t1	23	35	6597
sequential_recurrent_sample_t1	23	36	4309
sequential_recurrent_sample_t1	23	37	332
sequential_recurrent_sample_t1	23	38	206
sequential_recurrent_sample_t1	23	39	3734
sequential_recurrent_sample_t1	23	40	1119
sequential_recurrent_sample_t1	23	41	7628
sequential_recurrent_sample_t1	23	42	546
sequential_recurrent_sample_t1	23	43	2157
sequential_recurrent_sample_t1	23	44	2540
sequential_recurrent_sample_t1	23	45	7047
sequential_recurrent_sample_t1	23	46	4739
sequential_recurrent_sample_t1	23	47	5969
sequential_recurrent_sample_t1	23	48	3850
sequential_recurrent_sample_t1	23	49	3622
sequential_recurrent_sample_t1	23	50	7489
sequential_recurrent_sample_t1	23	51	4973
sequential_recurrent_sample_t1	23	52	3133
sequential_recurrent_sample_t1	23	53	3083
sequential_recurrent_sample_t1	23	54	3060
sequential_recurrent_sample_t1	23	55	2194
sequential_recurrent_sample_t1	23	56	3243
sequential_recurrent_sample_t1	23	57	2899
sequential_recurrent_sample_t1	23	58	2550
sequential_recurrent_sample_t1	23	59	5464
sequential_recurrent_sample_t1	23	60	4854
sequential_recurrent_sample_t1	23	61	5621
sequential_recurrent_sample_t1	23	62	1596
sequential_recurrent_sample_t1	23	63	488
sequential_recurrent_sample_t1	23	64	1303
sequential_recurrent_sample_t1	24	1	3474
sequential_recurrent_sample_t1	24	2	78
sequential_recurrent_sample_t1	24	3	616
sequential_recurrent_sample_t1	24	4	213
sequential_recurrent_sample_t1	24	5	6488
sequential_recurrent_sample_t1	24	6	1432
sequential_recurrent_sample_t1	24	7	496
sequential_recurrent_sample_t1	24	8	3754
sequential_recurrent_sample_t1	24	9	4361
sequential_recurrent_sample_t1	24	10	1815
sequential_recurrent_sample_t1	24	11	2530
sequential_recurrent_sample_t1	24	12	6999
sequential_recurrent_sample_t1	24	13	1987
sequential_recurrent_sample_t1	24	14	5311
sequential_recurrent_sample_t1	24	15	3159
sequential_recurrent_sample_t1	24	16	442
sequential_recurrent_sample_t1	24	17	1953
sequential_recurrent_sample_t1	24	18	322
sequential_recurrent_sample_t1	24	19	5855
sequential_recurrent_sample_t1	24	20	5117
sequential_recurrent_sample_t1	24	21	213
sequential_recurrent_sample_t1	24	22	1857
sequential_recurrent_sample_t1	24	23	253
sequential_recurrent_sample_t1	24	24	5869
sequential_recurrent_sample_t1	24	25	7520
sequential_recurrent_sample_t1	24	26	3454
sequential_recurrent_sample_t1	24	27	7979
sequential_recurrent_sample_t1	24	28	4964
sequential_recurrent_sample_t1	24	29	4121
sequential_recurrent_sample_t1	24	30	1966
sequential_recurrent_sample_t1	24	31	1943
sequential_recurrent_sample_t1	24	32	3947
sequential_recurrent_sample_t1	24	33	1563
sequential_recurrent_sample_t1	24	34	6157
sequential_recurrent_sample_t1	24	35	7324
sequential_recurrent_sample_t1	24	36	8054
sequential_recurrent_sample_t1	24	37	2401
sequential_recurrent_sample_t1	24	38	3781
sequential_recurrent_sample_t1	24	39	4560
sequential_recurrent_sample_t1	24	40	4013
sequential_recurrent_sample_t1	24	41	2744
sequential_recurrent_sample_t1	24	42	2691
sequential_recurrent_sample_t1	24	43	485
sequential_recurrent_sample_t1	24	44	986
sequential_recurrent_sample_t1	24	45	6246
sequential_recurrent_sample_t1	24	46	1737
sequential_recurrent_sample_t1	24	47	300
sequential_recurrent_sample_t1	24	48	4312
sequential_recurrent_sample_t1	24	49	3954
sequential_recurrent_sample_t1	24	50	3124
sequential_recurrent_sample_t1	24	51	4566
sequential_recurrent_sample_t1	24	52	3599
sequential_recurrent_sample_t1	24	53	5153
sequential_recurrent_sample_t1	24	54	7136
sequential_recurrent_sample_t1	24	55	646
sequential_recurrent_sample_t1	24	56	2809
sequential_recurrent_sample_t1	24	57	6123
sequential_recurrent_sample_t1	24	58	6916
sequential_recurrent_sample_t1	24	59	2410
sequential_recurrent_sample_t1	24	60	3389
sequential_recurrent_sample_t1	24	61	1573
sequential_recurrent_sample_t1	24	62	5390
sequential_recurrent_sample_t1	24	63	3140
sequential_recurrent_sample_t1	24	64	4154
sequential_recurrent_sample_t1	25	1	3512
sequential_recurrent_sample_t1	25	2	231
sequential_recurrent_sample_t1	25	3	2058
sequential_recurrent_sample_t1	25	4	3495
sequential_recurrent_sample_t1	25	5	312
sequential_recurrent_sample_t1	25	6	312
sequential_recurrent_sample_t1	25	7	233
sequential_recurrent_sample_t1	25	8	1470
sequential_recurrent_sample_t1	25	9	2312
sequential_recurrent_sample_t1	25	10	479
sequential_recurrent_sample_t1	25	11	3122
sequential_recurrent_sample_t1	25	12	323
sequential_recurrent_sample_t1	25	13	4717
sequential_recurrent_sample_t1	25	14	849
sequential_recurrent_sample_t1	25	15	4009
sequential_recurrent_sample_t1	25	16	2418
sequential_recurrent_sample_t1	25	17	4793
sequential_recurrent_sample_t1	25	18	1125
sequential_recurrent_sample_t1	25	19	818
sequential_recurrent_sample_t1	25	20	8087
sequential_recurrent_sample_t1	25	21	6069
sequential_recurrent_sample_t1	25	22	4298
sequential_recurrent_sample_t1	25	23	6780
sequential_recurrent_sample_t1	25	24	7337
sequential_recurrent_sample_t1	25	25	467
sequential_recurrent_sample_t1	25	26	1469
sequential_recurrent_sample_t1	25	27	5377
sequential_recurrent_sample_t1	25	28	966
sequential_recurrent_sample_t1	25	29	6771
sequential_recurrent_sample_t1	25	30	7852
sequential_recurrent_sample_t1	25	31	3877
sequential_recurrent_sample_t1	25	32	571
sequential_recurrent_sample_t1	25	33	888
sequential_recurrent_sample_t1	25	34	1821
sequential_recurrent_sample_t1	25	35	4035
sequential_recurrent_sample_t1	25	36	657
sequential_recurrent_sample_t1	25	37	7569
sequential_recurrent_sample_t1	25	38	5157
sequential_recurrent_sample_t1	25	39	2291
sequential_recurrent_sample_t1	25	40	2676
sequential_recurrent_sample_t1	25	41	4027
sequential_recurrent_sample_t1	25	42	4094
sequential_recurrent_sample_t1	25	43	3340
sequential_recurrent_sample_t1	25	44	4977
sequential_recurrent_sample_t1	25	45	4125
sequential_recurrent_sample_t1	25	46	1671
sequential_recurrent_sample_t1	25	47	6946
sequential_recurrent_sample_t1	25	48	6577
sequential_recurrent_sample_t1	25	49	1645
sequential_recurrent_sample_t1	25	50	671
sequential_recurrent_sample_t1	25	51	3761
sequential_recurrent_sample_t1	25	52	270
sequential_recurrent_sample_t1	25	53	4072
sequential_recurrent_sample_t1	25	54	7804
sequential_recurrent_sample_t1	25	55	2511
sequential_recurrent_sample_t1	25	56	1535
sequential_recurrent_sample_t1	25	57	4721
sequential_recurrent_sample_t1	25	58	1002
sequential_recurrent_sample_t1	25	59	6335
sequential_recurrent_sample_t1	25	60	2512
sequential_recurrent_sample_t1	25	61	7218
sequential_recurrent_sample_t1	25	62	808
sequential_recurrent_sample_t1	25	63	1345
sequential_recurrent_sample_t1	25	64	3667
sequential_recurrent_sample_t1	26	1	423
sequential_recurrent_sample_t1	26	2	3405
sequential_recurrent_sample_t1	26	3	231
sequential_recurrent_sample_t1	26	4	210
sequential_recurrent_sample_t1	26	5	818
sequential_recurrent_sample_t1	26	6	4514
sequential_recurrent_sample_t1	26	7	51
sequential_recurrent_sample_t1	26	8	6761
sequential_recurrent_sample_t1	26	9	1288
sequential_recurrent_sample_t1	26	10	1063
sequential_recurrent_sample_t1	26	11	6767
sequential_recurrent_sample_t1	26	12	378
sequential_recurrent_sample_t1	26	13	279
sequential_recurrent_sample_t1	26	14	206
sequential_recurrent_sample_t1	26	15	1282
sequential_recurrent_sample_t1	26	16	915
sequential_recurrent_sample_t1	26	17	6006
sequential_recurrent_sample_t1	26	18	6228
sequential_recurrent_sample_t1	26	19	6631
sequential_recurrent_sample_t1	26	20	1144
sequential_recurrent_sample_t1	26	21	1205
sequential_recurrent_sample_t1	26	22	3966
sequential_recurrent_sample_t1	26	23	1052
sequential_recurrent_sample_t1	26	24	3256
sequential_recurrent_sample_t1	26	25	255
sequential_recurrent_sample_t1	26	26	2986
sequential_recurrent_sample_t1	26	27	2653
sequential_recurrent_sample_t1	26	28	6606
sequential_recurrent_sample_t1	26	29	746
sequential_recurrent_sample_t1	26	30	7981
sequential_recurrent_sample_t1	26	31	3299
sequential_recurrent_sample_t1	26	32	4403
sequential_recurrent_sample_t1	26	33	7767
sequential_recurrent_sample_t1	26	34	7689
sequential_recurrent_sample_t1	26	35	1529
sequential_recurrent_sample_t1	26	36	239
sequential_recurrent_sample_t1	26	37	1472
sequential_recurrent_sample_t1	26	38	1524
sequential_recurrent_sample_t1	26	39	408
sequential_recurrent_sample_t1	26	40	2270
sequential_recurrent_sample_t1	26	41	4866
sequential_recurrent_sample_t1	26	42	4463
sequential_recurrent_sample_t1	26	43	3815
sequential_recurrent_sample_t1	26	44	389
sequential_recurrent_sample_t1	26	45	4612
sequential_recurrent_sample_t1	26	46	899
sequential_recurrent_sample_t1	26	47	1118
sequential_recurrent_sample_t1	26	48	7286
sequential_recurrent_sample_t1	26	49	6591
sequential_recurrent_sample_t1	26	50	7776
sequential_recurrent_sample_t1	26	51	3565
sequential_recurrent_sample_t1	26	52	317
sequential_recurrent_sample_t1	26	53	7624
sequential_recurrent_sample_t1	26	54	456
sequential_recurrent_sample_t1	26	55	2180
sequential_recurrent_sample_t1	26	56	591
sequential_recurrent_sample_t1	26	57	6340
sequential_recurrent_sample_t1	26	58	6152
sequential_recurrent_sample_t1	26	59	5473
sequential_recurrent_sample_t1	26	60	2308
sequential_recurrent_sample_t1	26	61	7410
sequential_recurrent_sample_t1	26	62	658
sequential_recurrent_sample_t1	26	63	3423
sequential_recurrent_sample_t1	26	64	5371
sequential_recurrent_sample_t1	27	1	278
sequential_recurrent_sample_t1	27	2	531
sequential_recurrent_sample_t1	27	3	5587
sequential_recurrent_sample_t1	27	4	233
sequential_recurrent_sample_t1	27	5	958
sequential_recurrent_sample_t1	27	6	653
sequential_recurrent_sample_t1	27	7	6141
sequential_recurrent_sample_t1	27	8	238
sequential_recurrent_sample_t1	27	9	1201
sequential_recurrent_sample_t1	27	10	961
sequential_recurrent_sample_t1	27	11	4322
sequential_recurrent_sample_t1	27	12	246
sequential_recurrent_sample_t1	27	13	2141
sequential_recurrent_sample_t1	27	14	600
sequential_recurrent_sample_t1	27	15	2639
sequential_recurrent_sample_t1	27	16	3472
sequential_recurrent_sample_t1	27	17	3478
sequential_recurrent_sample_t1	27	18	691
sequential_recurrent_sample_t1	27	19	451
sequential_recurrent_sample_t1	27	20	3186
sequential_recurrent_sample_t1	27	21	6928
sequential_recurrent_sample_t1	27	22	941
sequential_recurrent_sample_t1	27	23	290
sequential_recurrent_sample_t1	27	24	4995
sequential_recurrent_sample_t1	27	25	1112
sequential_recurrent_sample_t1	27	26	3213
sequential_recurrent_sample_t1	27	27	849
sequential_recurrent_sample_t1	27	28	1974
sequential_recurrent_sample_t1	27	29	6589
sequential_recurrent_sample_t1	27	30	3256
sequential_recurrent_sample_t1	27	31	3392
sequential_recurrent_sample_t1	27	32	3945
sequential_recurrent_sample_t1	27	33	5008
sequential_recurrent_sample_t1	27	34	7812
sequential_recurrent_sample_t1	27	35	2112
sequential_recurrent_sample_t1	27	36	346
sequential_recurrent_sample_t1	27	37	5630
sequential_recurrent_sample_t1	27	38	49
sequential_recurrent_sample_t1	27	39	2112
sequential_recurrent_sample_t1	27	40	7182
sequential_recurrent_sample_t1	27	41	3478
sequential_recurrent_sample_t1	27	42	5735
sequential_recurrent_sample_t1	27	43	5191
sequential_recurrent_sample_t1	27	44	4054
sequential_recurrent_sample_t1	27	45	5323
sequential_recurrent_sample_t1	27	46	253
sequential_recurrent_sample_t1	27	47	3608
sequential_recurrent_sample_t1	27	48	7756
sequential_recurrent_sample_t1	27	49	6112
sequential_recurrent_sample_t1	27	50	1212
sequential_recurrent_sample_t1	27	51	6526
sequential_recurrent_sample_t1	27	52	3875
sequential_recurrent_sample_t1	27	53	7168
sequential_recurrent_sample_t1	27	54	5648
sequential_recurrent_sample_t1	27	55	6099
sequential_recurrent_sample_t1	27	56	994
sequential_recurrent_sample_t1	27	57	3410
sequential_recurrent_sample_t1	27	58	1939
sequential_recurrent_sample_t1	27	59	953
sequential_recurrent_sample_t1	27	60	2751
sequential_recurrent_sample_t1	27	61	2935
sequential_recurrent_sample_t1	27	62	4310
sequential_recurrent_sample_t1	27	63	1444
sequential_recurrent_sample_t1	27	64	323
sequential_recurrent_sample_t1	28	1	319
sequential_recurrent_sample_t1	28	2	3991
sequential_recurrent_sample_t1	28	3	1528
sequential_recurrent_sample_t1	28	4	2756
sequential_recurrent_sample_t1	28	5	1378
sequential_recurrent_sample_t1	28	6	275
sequential_recurrent_sample_t1	28	7	4448
sequential_recurrent_sample_t1	28	8	3437
sequential_recurrent_sample_t1	28	9	208
sequential_recurrent_sample_t1	28	10	3257
sequential_recurrent_sample_t1	28	11	7164
sequential_recurrent_sample_t1	28	12	7258
sequential_recurrent_sample_t1	28	13	2018
sequential_recurrent_sample_t1	28	14	7572
sequential_recurrent_sample_t1	28	15	4325
sequential_recurrent_sample_t1	28	16	664
sequential_recurrent_sample_t1	28	17	1270
sequential_recurrent_sample_t1	28	18	216
sequential_recurrent_sample_t1	28	19	2603
sequential_recurrent_sample_t1	28	20	2467
sequential_recurrent_sample_t1	28	21	6172
sequential_recurrent_sample_t1	28	22	5373
sequential_recurrent_sample_t1	28	23	2343
sequential_recurrent_sample_t1	28	24	5903
sequential_recurrent_sample_t1	28	25	5725
sequential_recurrent_sample_t1	28	26	6492
sequential_recurrent_sample_t1	28	27	4114
sequential_recurrent_sample_t1	28	28	314
sequential_recurrent_sample_t1	28	29	980
sequential_recurrent_sample_t1	28	30	5034
sequential_recurrent_sample_t1	28	31	1882
sequential_recurrent_sample_t1	28	32	1419
sequential_recurrent_sample_t1	28	33	3829
sequential_recurrent_sample_t1	28	34	2101
sequential_recurrent_sample_t1	28	35	7072
sequential_recurrent_sample_t1	28	36	1305
sequential_recurrent_sample_t1	28	37	5814
sequential_recurrent_sample_t1	28	38	811
sequential_recurrent_sample_t1	28	39	390
sequential_recurrent_sample_t1	28	40	1572
sequential_recurrent_sample_t1	28	41	6373
sequential_recurrent_sample_t1	28	42	5185
sequential_recurrent_sample_t1	28	43	4030
sequential_recurrent_sample_t1	28	44	1948
sequential_recurrent_sample_t1	28	45	4048
sequential_recurrent_sample_t1	28	46	2514
sequential_recurrent_sample_t1	28	47	1230
sequential_recurrent_sample_t1	28	48	1226
sequential_recurrent_sample_t1	28	49	4182
sequential_recurrent_sample_t1	28	50	5121
sequential_recurrent_sample_t1	28	51	631
sequential_recurrent_sample_t1	28	52	4276
sequential_recurrent_sample_t1	28	53	3557
sequential_recurrent_sample_t1	28	54	3133
sequential_recurrent_sample_t1	28	55	4794
sequential_recurrent_sample_t1	28	56	6630
sequential_recurrent_sample_t1	28	57	7531
sequential_recurrent_sample_t1	28	58	727
sequential_recurrent_sample_t1	28	59	7037
sequential_recurrent_sample_t1	28	60	920
sequential_recurrent_sample_t1	28	61	470
sequential_recurrent_sample_t1	28	62	218
sequential_recurrent_sample_t1	28	63	7362
sequential_recurrent_sample_t1	28	64	1142
sequential_recurrent_sample_t1	29	1	689
sequential_recurrent_sample_t1	29	2	210
sequential_recurrent_sample_t1	29	3	3091
sequential_recurrent_sample_t1	29	4	983
sequential_recurrent_sample_t1	29	5	84
sequential_recurrent_sample_t1	29	6	4154
sequential_recurrent_sample_t1	29	7	531
sequential_recurrent_sample_t1	29	8	2715
sequential_recurrent_sample_t1	29	9	330
sequential_recurrent_sample_t1	29	10	72
sequential_recurrent_sample_t1	29	11	2651
sequential_recurrent_sample_t1	29	12	2031
sequential_recurrent_sample_t1	29	13	2843
sequential_recurrent_sample_t1	29	14	5356
sequential_recurrent_sample_t1	29	15	2605
sequential_recurrent_sample_t1	29	16	245
sequential_recurrent_sample_t1	29	17	248
sequential_recurrent_sample_t1	29	18	7367
sequential_recurrent_sample_t1	29	19	483
sequential_recurrent_sample_t1	29	20	5716
sequential_recurrent_sample_t1	29	21	1961
sequential_recurrent_sample_t1	29	22	2139
sequential_recurrent_sample_t1	29	23	7770
sequential_recurrent_sample_t1	29	24	5814
sequential_recurrent_sample_t1	29	25	238
sequential_recurrent_sample_t1	29	26	425
sequential_recurrent_sample_t1	29	27	7335
sequential_recurrent_sample_t1	29	28	3834
sequential_recurrent_sample_t1	29	29	7058
sequential_recurrent_sample_t1	29	30	5958
sequential_recurrent_sample_t1	29	31	2436
sequential_recurrent_sample_t1	29	32	7994
sequential_recurrent_sample_t1	29	33	6604
sequential_recurrent_sample_t1	29	34	5541
sequential_recurrent_sample_t1	29	35	6913
sequential_recurrent_sample_t1	29	36	2182
sequential_recurrent_sample_t1	29	37	4211
sequential_recurrent_sample_t1	29	38	4211
sequential_recurrent_sample_t1	29	39	1014
sequential_recurrent_sample_t1	29	40	565
sequential_recurrent_sample_t1	29	41	4145
sequential_recurrent_sample_t1	29	42	3887
sequential_recurrent_sample_t1	29	43	8089
sequential_recurrent_sample_t1	29	44	3780
sequential_recurrent_sample_t1	29	45	213
sequential_recurrent_sample_t1	29	46	4653
sequential_recurrent_sample_t1	29	47	459
sequential_recurrent_sample_t1	29	48	3652
sequential_recurrent_sample_t1	29	49	6790
sequential_recurrent_sample_t1	29	50	2042
sequential_recurrent_sample_t1	29	51	6752
sequential_recurrent_sample_t1	29	52	2755
sequential_recurrent_sample_t1	29	53	371
sequential_recurrent_sample_t1	29	54	1717
sequential_recurrent_sample_t1	29	55	800
sequential_recurrent_sample_t1	29	56	7521
sequential_recurrent_sample_t1	29	57	4410
sequential_recurrent_sample_t1	29	58	1347
sequential_recurrent_sample_t1	29	59	1169
sequential_recurrent_sample_t1	29	60	6061
sequential_recurrent_sample_t1	29	61	2652
sequential_recurrent_sample_t1	29	62	1889
sequential_recurrent_sample_t1	29	63	5808
sequential_recurrent_sample_t1	29	64	5390
sequential_recurrent_sample_t1	30	1	210
sequential_recurrent_sample_t1	30	2	1557
sequential_recurrent_sample_t1	30	3	231
sequential_recurrent_sample_t1	30	4	2395
sequential_recurrent_sample_t1	30	5	1713
sequential_recurrent_sample_t1	30	6	270
sequential_recurrent_sample_t1	30	7	3816
sequential_recurrent_sample_t1	30	8	648
sequential_recurrent_sample_t1	30	9	211
sequential_recurrent_sample_t1	30	10	503
sequential_recurrent_sample_t1	30	11	221
sequential_recurrent_sample_t1	30	12	431
sequential_recurrent_sample_t1	30	13	1080
sequential_recurrent_sample_t1	30	14	279
sequential_recurrent_sample_t1	30	15	329
sequential_recurrent_sample_t1	30	16	492
sequential_recurrent_sample_t1	30	17	2342
sequential_recurrent_sample_t1	30	18	2261
sequential_recurrent_sample_t1	30	19	6895
sequential_recurrent_sample_t1	30	20	3600
sequential_recurrent_sample_t1	30	21	3978
sequential_recurrent_sample_t1	30	22	1108
sequential_recurrent_sample_t1	30	23	688
sequential_recurrent_sample_t1	30	24	2370
sequential_recurrent_sample_t1	30	25	7302
sequential_recurrent_sample_t1	30	26	212
sequential_recurrent_sample_t1	30	27	8043
sequential_recurrent_sample_t1	30	28	438
sequential_recurrent_sample_t1	30	29	511
sequential_recurrent_sample_t1	30	30	3001
sequential_recurrent_sample_t1	30	31	2035
sequential_recurrent_sample_t1	30	32	7030
sequential_recurrent_sample_t1	30	33	7110
sequential_recurrent_sample_t1	30	34	3364
sequential_recurrent_sample_t1	30	35	5281
sequential_recurrent_sample_t1	30	36	2200
sequential_recurrent_sample_t1	30	37	1835
sequential_recurrent_sample_t1	30	38	2934
sequential_recurrent_sample_t1	30	39	3961
sequential_recurrent_sample_t1	30	40	383
sequential_recurrent_sample_t1	30	41	1273
sequential_recurrent_sample_t1	30	42	5188
sequential_recurrent_sample_t1	30	43	7684
sequential_recurrent_sample_t1	30	44	3475
sequential_recurrent_sample_t1	30	45	5818
sequential_recurrent_sample_t1	30	46	7743
sequential_recurrent_sample_t1	30	47	3743
sequential_recurrent_sample_t1	30	48	1158
sequential_recurrent_sample_t1	30	49	113
sequential_recurrent_sample_t1	30	50	7450
sequential_recurrent_sample_t1	30	51	2142
sequential_recurrent_sample_t1	30	52	7925
sequential_recurrent_sample_t1	30	53	6075
sequential_recurrent_sample_t1	30	54	464
sequential_recurrent_sample_t1	30	55	7081
sequential_recurrent_sample_t1	30	56	7243
sequential_recurrent_sample_t1	30	57	7958
sequential_recurrent_sample_t1	30	58	6394
sequential_recurrent_sample_t1	30	59	1591
sequential_recurrent_sample_t1	30	60	969
sequential_recurrent_sample_t1	30	61	671
sequential_recurrent_sample_t1	30	62	1326
sequential_recurrent_sample_t1	30	63	2566
sequential_recurrent_sample_t1	30	64	3169
sequential_recurrent_sample_t1	31	1	276
sequential_recurrent_sample_t1	31	2	1225
sequential_recurrent_sample_t1	31	3	279
sequential_recurrent_sample_t1	31	4	84
sequential_recurrent_sample_t1	31	5	4368
sequential_recurrent_sample_t1	31	6	84
sequential_recurrent_sample_t1	31	7	762
sequential_recurrent_sample_t1	31	8	327
sequential_recurrent_sample_t1	31	9	217
sequential_recurrent_sample_t1	31	10	2552
sequential_recurrent_sample_t1	31	11	1475
sequential_recurrent_sample_t1	31	12	216
sequential_recurrent_sample_t1	31	13	233
sequential_recurrent_sample_t1	31	14	6036
sequential_recurrent_sample_t1	31	15	894
sequential_recurrent_sample_t1	31	16	1726
sequential_recurrent_sample_t1	31	17	1019
sequential_recurrent_sample_t1	31	18	2340
sequential_recurrent_sample_t1	31	19	3781
sequential_recurrent_sample_t1	31	20	258
sequential_recurrent_sample_t1	31	21	653
sequential_recurrent_sample_t1	31	22	2280
sequential_recurrent_sample_t1	31	23	1866
sequential_recurrent_sample_t1	31	24	6809
sequential_recurrent_sample_t1	31	25	508
sequential_recurrent_sample_t1	31	26	6337
sequential_recurrent_sample_t1	31	27	5986
sequential_recurrent_sample_t1	31	28	208
sequential_recurrent_sample_t1	31	29	3699
sequential_recurrent_sample_t1	31	30	7361
sequential_recurrent_sample_t1	31	31	760
sequential_recurrent_sample_t1	31	32	3278
sequential_recurrent_sample_t1	31	33	289
sequential_recurrent_sample_t1	31	34	4932
sequential_recurrent_sample_t1	31	35	6413
sequential_recurrent_sample_t1	31	36	4977
sequential_recurrent_sample_t1	31	37	1455
sequential_recurrent_sample_t1	31	38	233
sequential_recurrent_sample_t1	31	39	4104
sequential_recurrent_sample_t1	31	40	3662
sequential_recurrent_sample_t1	31	41	1633
sequential_recurrent_sample_t1	31	42	7959
sequential_recurrent_sample_t1	31	43	3559
sequential_recurrent_sample_t1	31	44	7022
sequential_recurrent_sample_t1	31	45	4074
sequential_recurrent_sample_t1	31	46	6124
sequential_recurrent_sample_t1	31	47	1269
sequential_recurrent_sample_t1	31	48	4105
sequential_recurrent_sample_t1	31	49	6048
sequential_recurrent_sample_t1	31	50	924
sequential_recurrent_sample_t1	31	51	6235
sequential_recurrent_sample_t1	31	52	2167
sequential_recurrent_sample_t1	31	53	821
sequential_recurrent_sample_t1	31	54	6476
sequential_recurrent_sample_t1	31	55	7800
sequential_recurrent_sample_t1	31	56	3098
sequential_recurrent_sample_t1	31	57	1837
sequential_recurrent_sample_t1	31	58	2492
sequential_recurrent_sample_t1	31	59	5173
sequential_recurrent_sample_t1	31	60	5717
sequential_recurrent_sample_t1	31	61	1184
sequential_recurrent_sample_t1	31	62	3812
sequential_recurrent_sample_t1	31	63	2265
sequential_recurrent_sample_t1	31	64	4815
sequential_recurrent_sample_t1	32	1	1
sequential_recurrent_sample_t1	32	2	276
sequential_recurrent_sample_t1	32	3	356
sequential_recurrent_sample_t1	32	4	354
sequential_recurrent_sample_t1	32	5	299
sequential_recurrent_sample_t1	32	6	4322
sequential_recurrent_sample_t1	32	7	231
sequential_recurrent_sample_t1	32	8	2026
sequential_recurrent_sample_t1	32	9	853
sequential_recurrent_sample_t1	32	10	323
sequential_recurrent_sample_t1	32	11	7874
sequential_recurrent_sample_t1	32	12	213
sequential_recurrent_sample_t1	32	13	3689
sequential_recurrent_sample_t1	32	14	5567
sequential_recurrent_sample_t1	32	15	85
sequential_recurrent_sample_t1	32	16	1925
sequential_recurrent_sample_t1	32	17	1742
sequential_recurrent_sample_t1	32	18	454
sequential_recurrent_sample_t1	32	19	6635
sequential_recurrent_sample_t1	32	20	7988
sequential_recurrent_sample_t1	32	21	4252
sequential_recurrent_sample_t1	32	22	3242
sequential_recurrent_sample_t1	32	23	4821
sequential_recurrent_sample_t1	32	24	1391
sequential_recurrent_sample_t1	32	25	3052
sequential_recurrent_sample_t1	32	26	3298
sequential_recurrent_sample_t1	32	27	851
sequential_recurrent_sample_t1	32	28	1957
sequential_recurrent_sample_t1	32	29	4636
sequential_recurrent_sample_t1	32	30	706
sequential_recurrent_sample_t1	32	31	6019
sequential_recurrent_sample_t1	32	32	6757
sequential_recurrent_sample_t1	32	33	7743
sequential_recurrent_sample_t1	32	34	7744
sequential_recurrent_sample_t1	32	35	2394
sequential_recurrent_sample_t1	32	36	7799
sequential_recurrent_sample_t1	32	37	5976
sequential_recurrent_sample_t1	32	38	4114
sequential_recurrent_sample_t1	32	39	4776
sequential_recurrent_sample_t1	32	40	2320
sequential_recurrent_sample_t1	32	41	6255
sequential_recurrent_sample_t1	32	42	36
sequential_recurrent_sample_t1	32	43	1233
sequential_recurrent_sample_t1	32	44	2373
sequential_recurrent_sample_t1	32	45	1361
sequential_recurrent_sample_t1	32	46	313
sequential_recurrent_sample_t1	32	47	7812
sequential_recurrent_sample_t1	32	48	3932
sequential_recurrent_sample_t1	32	49	1019
sequential_recurrent_sample_t1	32	50	7934
sequential_recurrent_sample_t1	32	51	7136
sequential_recurrent_sample_t1	32	52	6067
sequential_recurrent_sample_t1	32	53	2910
sequential_recurrent_sample_t1	32	54	6081
sequential_recurrent_sample_t1	32	55	3228
sequential_recurrent_sample_t1	32	56	1814
sequential_recurrent_sample_t1	32	57	3644
sequential_recurrent_sample_t1	32	58	5377
sequential_recurrent_sample_t1	32	59	6165
sequential_recurrent_sample_t1	32	60	2540
sequential_recurrent_sample_t1	32	61	7018
sequential_recurrent_sample_t1	32	62	4136
sequential_recurrent_sample_t1	32	63	7835
sequential_recurrent_sample_t1	32	64	3320
sequential_recurrent_sample_t1	33	1	213
sequential_recurrent_sample_t1	33	2	233
sequential_recurrent_sample_t1	33	3	7520
sequential_recurrent_sample_t1	33	4	238
sequential_recurrent_sample_t1	33	5	213
sequential_recurrent_sample_t1	33	6	210
sequential_recurrent_sample_t1	33	7	577
sequential_recurrent_sample_t1	33	8	3623
sequential_recurrent_sample_t1	33	9	213
sequential_recurrent_sample_t1	33	10	6747
sequential_recurrent_sample_t1	33	11	5812
sequential_recurrent_sample_t1	33	12	997
sequential_recurrent_sample_t1	33	13	4138
sequential_recurrent_sample_t1	33	14	3047
sequential_recurrent_sample_t1	33	15	7960
sequential_recurrent_sample_t1	33	16	79
sequential_recurrent_sample_t1	33	17	3415
sequential_recurrent_sample_t1	33	18	5119
sequential_recurrent_sample_t1	33	19	601
sequential_recurrent_sample_t1	33	20	4906
sequential_recurrent_sample_t1	33	21	1923
sequential_recurrent_sample_t1	33	22	17
sequential_recurrent_sample_t1	33	23	4504
sequential_recurrent_sample_t1	33	24	1225
sequential_recurrent_sample_t1	33	25	3504
sequential_recurrent_sample_t1	33	26	1178
sequential_recurrent_sample_t1	33	27	392
sequential_recurrent_sample_t1	33	28	2757
sequential_recurrent_sample_t1	33	29	7488
sequential_recurrent_sample_t1	33	30	5589
sequential_recurrent_sample_t1	33	31	5964
sequential_recurrent_sample_t1	33	32	6861
sequential_recurrent_sample_t1	33	33	488
sequential_recurrent_sample_t1	33	34	3435
sequential_recurrent_sample_t1	33	35	3475
sequential_recurrent_sample_t1	33	36	5793
sequential_recurrent_sample_t1	33	37	3089
sequential_recurrent_sample_t1	33	38	87
sequential_recurrent_sample_t1	33	39	8042
sequential_recurrent_sample_t1	33	40	1014
sequential_recurrent_sample_t1	33	41	1376
sequential_recurrent_sample_t1	33	42	2160
sequential_recurrent_sample_t1	33	43	6934
sequential_recurrent_sample_t1	33	44	3216
sequential_recurrent_sample_t1	33	45	935
sequential_recurrent_sample_t1	33	46	220
sequential_recurrent_sample_t1	33	47	2305
sequential_recurrent_sample_t1	33	48	2254
sequential_recurrent_sample_t1	33	49	5442
sequential_recurrent_sample_t1	33	50	7256
sequential_recurrent_sample_t1	33	51	1258
sequential_recurrent_sample_t1	33	52	4781
sequential_recurrent_sample_t1	33	53	6978
sequential_recurrent_sample_t1	33	54	2799
sequential_recurrent_sample_t1	33	55	6937
sequential_recurrent_sample_t1	33	56	7700
sequential_recurrent_sample_t1	33	57	4872
sequential_recurrent_sample_t1	33	58	2306
sequential_recurrent_sample_t1	33	59	1797
sequential_recurrent_sample_t1	33	60	1786
sequential_recurrent_sample_t1	33	61	4361
sequential_recurrent_sample_t1	33	62	5040
sequential_recurrent_sample_t1	33	63	2493
sequential_recurrent_sample_t1	33	64	41
sequential_recurrent_sample_t1	34	1	944
sequential_recurrent_sample_t1	34	2	503
sequential_recurrent_sample_t1	34	3	221
sequential_recurrent_sample_t1	34	4	266
sequential_recurrent_sample_t1	34	5	1
sequential_recurrent_sample_t1	34	6	250
sequential_recurrent_sample_t1	34	7	250
sequential_recurrent_sample_t1	34	8	6410
sequential_recurrent_sample_t1	34	9	116
sequential_recurrent_sample_t1	34	10	66
sequential_recurrent_sample_t1	34	11	285
sequential_recurrent_sample_t1	34	12	2719
sequential_recurrent_sample_t1	34	13	1524
sequential_recurrent_sample_t1	34	14	7572
sequential_recurrent_sample_t1	34	15	3536
sequential_recurrent_sample_t1	34	16	6907
sequential_recurrent_sample_t1	34	17	2783
sequential_recurrent_sample_t1	34	18	3771
sequential_recurrent_sample_t1	34	19	4946
sequential_recurrent_sample_t1	34	20	233
sequential_recurrent_sample_t1	34	21	2458
sequential_recurrent_sample_t1	34	22	387
sequential_recurrent_sample_t1	34	23	6840
sequential_recurrent_sample_t1	34	24	6536
sequential_recurrent_sample_t1	34	25	8064
sequential_recurrent_sample_t1	34	26	2298
sequential_recurrent_sample_t1	34	27	214
sequential_recurrent_sample_t1	34	28	3348
sequential_recurrent_sample_t1	34	29	1979
sequential_recurrent_sample_t1	34	30	2331
sequential_recurrent_sample_t1	34	31	4353
sequential_recurrent_sample_t1	34	32	1815
sequential_recurrent_sample_t1	34	33	354
sequential_recurrent_sample_t1	34	34	850
sequential_recurrent_sample_t1	34	35	310
sequential_recurrent_sample_t1	34	36	2817
sequential_recurrent_sample_t1	34	37	6651
sequential_recurrent_sample_t1	34	38	352
sequential_recurrent_sample_t1	34	39	1587
sequential_recurrent_sample_t1	34	40	7536
sequential_recurrent_sample_t1	34	41	5534
sequential_recurrent_sample_t1	34	42	5104
sequential_recurrent_sample_t1	34	43	345
sequential_recurrent_sample_t1	34	44	5283
sequential_recurrent_sample_t1	34	45	5483
sequential_recurrent_sample_t1	34	46	7346
sequential_recurrent_sample_t1	34	47	5428
sequential_recurrent_sample_t1	34	48	6365
sequential_recurrent_sample_t1	34	49	7297
sequential_recurrent_sample_t1	34	50	6282
sequential_recurrent_sample_t1	34	51	6469
sequential_recurrent_sample_t1	34	52	5811
sequential_recurrent_sample_t1	34	53	2433
sequential_recurrent_sample_t1	34	54	302
sequential_recurrent_sample_t1	34	55	38
sequential_recurrent_sample_t1	34	56	4074
sequential_recurrent_sample_t1	34	57	6509
sequential_recurrent_sample_t1	34	58	7095
sequential_recurrent_sample_t1	34	59	1896
sequential_recurrent_sample_t1	34	60	167
sequential_recurrent_sample_t1	34	61	2644
sequential_recurrent_sample_t1	34	62	319
sequential_recurrent_sample_t1	34	63	5094
sequential_recurrent_sample_t1	34	64	4829
sequential_recurrent_sample_t1	35	1	1821
sequential_recurrent_sample_t1	35	2	796
sequential_recurrent_sample_t1	35	3	294
sequential_recurrent_sample_t1	35	4	977
sequential_recurrent_sample_t1	35	5	359
sequential_recurrent_sample_t1	35	6	340
sequential_recurrent_sample_t1	35	7	337
sequential_recurrent_sample_t1	35	8	2037
sequential_recurrent_sample_t1	35	9	1365
sequential_recurrent_sample_t1	35	10	228
sequential_recurrent_sample_t1	35	11	2847
sequential_recurrent_sample_t1	35	12	3911
sequential_recurrent_sample_t1	35	13	5411
sequential_recurrent_sample_t1	35	14	1082
sequential_recurrent_sample_t1	35	15	335
sequential_recurrent_sample_t1	35	16	4192
sequential_recurrent_sample_t1	35	17	213
sequential_recurrent_sample_t1	35	18	6125
sequential_recurrent_sample_t1	35	19	1662
sequential_recurrent_sample_t1	35	20	7163
sequential_recurrent_sample_t1	35	21	4598
sequential_recurrent_sample_t1	35	22	7121
sequential_recurrent_sample_t1	35	23	882
sequential_recurrent_sample_t1	35	24	2103
sequential_recurrent_sample_t1	35	25	4990
sequential_recurrent_sample_t1	35	26	5712
sequential_recurrent_sample_t1	35	27	3374
sequential_recurrent_sample_t1	35	28	1979
sequential_recurrent_sample_t1	35	29	1505
sequential_recurrent_sample_t1	35	30	7704
sequential_recurrent_sample_t1	35	31	981
sequential_recurrent_sample_t1	35	32	322
sequential_recurrent_sample_t1	35	33	266
sequential_recurrent_sample_t1	35	34	1
sequential_recurrent_sample_t1	35	35	1229
sequential_recurrent_sample_t1	35	36	3241
sequential_recurrent_sample_t1	35	37	444
sequential_recurrent_sample_t1	35	38	4046
sequential_recurrent_sample_t1	35	39	411
sequential_recurrent_sample_t1	35	40	3205
sequential_recurrent_sample_t1	35	41	719
sequential_recurrent_sample_t1	35	42	7926
sequential_recurrent_sample_t1	35	43	806
sequential_recurrent_sample_t1	35	44	2121
sequential_recurrent_sample_t1	35	45	1606
sequential_recurrent_sample_t1	35	46	680
sequential_recurrent_sample_t1	35	47	1536
sequential_recurrent_sample_t1	35	48	3229
sequential_recurrent_sample_t1	35	49	2424
sequential_recurrent_sample_t1	35	50	4191
sequential_recurrent_sample_t1	35	51	5880
sequential_recurrent_sample_t1	35	52	5410
sequential_recurrent_sample_t1	35	53	7331
sequential_recurrent_sample_t1	35	54	4340
sequential_recurrent_sample_t1	35	55	846
sequential_recurrent_sample_t1	35	56	5078
sequential_recurrent_sample_t1	35	57	7896
sequential_recurrent_sample_t1	35	58	1477
sequential_recurrent_sample_t1	35	59	3744
sequential_recurrent_sample_t1	35	60	2859
sequential_recurrent_sample_t1	35	61	968
sequential_recurrent_sample_t1	35	62	4032
sequential_recurrent_sample_t1	35	63	4130
sequential_recurrent_sample_t1	35	64	3221
sequential_recurrent_sample_t1	36	1	208
sequential_recurrent_sample_t1	36	2	1196
sequential_recurrent_sample_t1	36	3	2274
sequential_recurrent_sample_t1	36	4	401
sequential_recurrent_sample_t1	36	5	233
sequential_recurrent_sample_t1	36	6	1889
sequential_recurrent_sample_t1	36	7	637
sequential_recurrent_sample_t1	36	8	5521
sequential_recurrent_sample_t1	36	9	5355
sequential_recurrent_sample_t1	36	10	248
sequential_recurrent_sample_t1	36	11	83
sequential_recurrent_sample_t1	36	12	3371
sequential_recurrent_sample_t1	36	13	8073
sequential_recurrent_sample_t1	36	14	183
sequential_recurrent_sample_t1	36	15	6692
sequential_recurrent_sample_t1	36	16	279
sequential_recurrent_sample_t1	36	17	2390
sequential_recurrent_sample_t1	36	18	238
sequential_recurrent_sample_t1	36	19	6821
sequential_recurrent_sample_t1	36	20	78
sequential_recurrent_sample_t1	36	21	2436
sequential_recurrent_sample_t1	36	22	5167
sequential_recurrent_sample_t1	36	23	1833
sequential_recurrent_sample_t1	36	24	384
sequential_recurrent_sample_t1	36	25	327
sequential_recurrent_sample_t1	36	26	1485
sequential_recurrent_sample_t1	36	27	127
sequential_recurrent_sample_t1	36	28	1370
sequential_recurrent_sample_t1	36	29	5777
sequential_recurrent_sample_t1	36	30	5071
sequential_recurrent_sample_t1	36	31	5763
sequential_recurrent_sample_t1	36	32	4119
sequential_recurrent_sample_t1	36	33	327
sequential_recurrent_sample_t1	36	34	6705
sequential_recurrent_sample_t1	36	35	2717
sequential_recurrent_sample_t1	36	36	91
sequential_recurrent_sample_t1	36	37	6983
sequential_recurrent_sample_t1	36	38	6593
sequential_recurrent_sample_t1	36	39	441
sequential_recurrent_sample_t1	36	40	6917
sequential_recurrent_sample_t1	36	41	2532
sequential_recurrent_sample_t1	36	42	649
sequential_recurrent_sample_t1	36	43	3203
sequential_recurrent_sample_t1	36	44	4639
sequential_recurrent_sample_t1	36	45	5151
sequential_recurrent_sample_t1	36	46	2745
sequential_recurrent_sample_t1	36	47	3737
sequential_recurrent_sample_t1	36	48	7232
sequential_recurrent_sample_t1	36	49	1067
sequential_recurrent_sample_t1	36	50	5757
sequential_recurrent_sample_t1	36	51	7681
sequential_recurrent_sample_t1	36	52	4821
sequential_recurrent_sample_t1	36	53	5170
sequential_recurrent_sample_t1	36	54	2202
sequential_recurrent_sample_t1	36	55	689
sequential_recurrent_sample_t1	36	56	1568
sequential_recurrent_sample_t1	36	57	6579
sequential_recurrent_sample_t1	36	58	5032
sequential_recurrent_sample_t1	36	59	605
sequential_recurrent_sample_t1	36	60	4962
sequential_recurrent_sample_t1	36	61	1181
sequential_recurrent_sample_t1	36	62	1212
sequential_recurrent_sample_t1	36	63	7184
sequential_recurrent_sample_t1	36	64	7118
sequential_recurrent_sample_t1	37	1	7372
sequential_recurrent_sample_t1	37	2	2612
sequential_recurrent_sample_t1	37	3	1359
sequential_recurrent_sample_t1	37	4	210
sequential_recurrent_sample_t1	37	5	3267
sequential_recurrent_sample_t1	37	6	436
sequential_recurrent_sample_t1	37	7	1627
sequential_recurrent_sample_t1	37	8	2664
sequential_recurrent_sample_t1	37	9	279
sequential_recurrent_sample_t1	37	10	5973
sequential_recurrent_sample_t1	37	11	954
sequential_recurrent_sample_t1	37	12	6010
sequential_recurrent_sample_t1	37	13	7163
sequential_recurrent_sample_t1	37	14	2250
sequential_recurrent_sample_t1	37	15	1120
sequential_recurrent_sample_t1	37	16	7382
sequential_recurrent_sample_t1	37	17	74
sequential_recurrent_sample_t1	37	18	2294
sequential_recurrent_sample_t1	37	19	7668
sequential_recurrent_sample_t1	37	20	4402
sequential_recurrent_sample_t1	37	21	3159
sequential_recurrent_sample_t1	37	22	3888
sequential_recurrent_sample_t1	37	23	3475
sequential_recurrent_sample_t1	37	24	3363
sequential_recurrent_sample_t1	37	25	7138
sequential_recurrent_sample_t1	37	26	2473
sequential_recurrent_sample_t1	37	27	3858
sequential_recurrent_sample_t1	37	28	410
sequential_recurrent_sample_t1	37	29	606
sequential_recurrent_sample_t1	37	30	2128
sequential_recurrent_sample_t1	37	31	2752
sequential_recurrent_sample_t1	37	32	7880
sequential_recurrent_sample_t1	37	33	442
sequential_recurrent_sample_t1	37	34	2273
sequential_recurrent_sample_t1	37	35	6460
sequential_recurrent_sample_t1	37	36	3044
sequential_recurrent_sample_t1	37	37	4285
sequential_recurrent_sample_t1	37	38	315
sequential_recurrent_sample_t1	37	39	4224
sequential_recurrent_sample_t1	37	40	5197
sequential_recurrent_sample_t1	37	41	5943
sequential_recurrent_sample_t1	37	42	3602
sequential_recurrent_sample_t1	37	43	4172
sequential_recurrent_sample_t1	37	44	1142
sequential_recurrent_sample_t1	37	45	3750
sequential_recurrent_sample_t1	37	46	5526
sequential_recurrent_sample_t1	37	47	709
sequential_recurrent_sample_t1	37	48	414
sequential_recurrent_sample_t1	37	49	7281
sequential_recurrent_sample_t1	37	50	2903
sequential_recurrent_sample_t1	37	51	7392
sequential_recurrent_sample_t1	37	52	1635
sequential_recurrent_sample_t1	37	53	3229
sequential_recurrent_sample_t1	37	54	4989
sequential_recurrent_sample_t1	37	55	4251
sequential_recurrent_sample_t1	37	56	275
sequential_recurrent_sample_t1	37	57	3734
sequential_recurrent_sample_t1	37	58	7527
sequential_recurrent_sample_t1	37	59	4405
sequential_recurrent_sample_t1	37	60	2582
sequential_recurrent_sample_t1	37	61	4597
sequential_recurrent_sample_t1	37	62	1551
sequential_recurrent_sample_t1	37	63	6773
sequential_recurrent_sample_t1	37	64	1045
sequential_recurrent_sample_t1	38	1	85
sequential_recurrent_sample_t1	38	2	546
sequential_recurrent_sample_t1	38	3	4685
sequential_recurrent_sample_t1	38	4	278
sequential_recurrent_sample_t1	38	5	455
sequential_recurrent_sample_t1	38	6	1744
sequential_recurrent_sample_t1	38	7	209
sequential_recurrent_sample_t1	38	8	1142
sequential_recurrent_sample_t1	38	9	213
sequential_recurrent_sample_t1	38	10	452
sequential_recurrent_sample_t1	38	11	983
sequential_recurrent_sample_t1	38	12	1828
sequential_recurrent_sample_t1	38	13	275
sequential_recurrent_sample_t1	38	14	7483
sequential_recurrent_sample_t1	38	15	2084
sequential_recurrent_sample_t1	38	16	384
sequential_recurrent_sample_t1	38	17	5354
sequential_recurrent_sample_t1	38	18	296
sequential_recurrent_sample_t1	38	19	81
sequential_recurrent_sample_t1	38	20	6154
sequential_recurrent_sample_t1	38	21	3718
sequential_recurrent_sample_t1	38	22	7325
sequential_recurrent_sample_t1	38	23	4932
sequential_recurrent_sample_t1	38	24	2087
sequential_recurrent_sample_t1	38	25	2988
sequential_recurrent_sample_t1	38	26	4486
sequential_recurrent_sample_t1	38	27	323
sequential_recurrent_sample_t1	38	28	363
sequential_recurrent_sample_t1	38	29	44
sequential_recurrent_sample_t1	38	30	6910
sequential_recurrent_sample_t1	38	31	1808
sequential_recurrent_sample_t1	38	32	7853
sequential_recurrent_sample_t1	38	33	3359
sequential_recurrent_sample_t1	38	34	3333
sequential_recurrent_sample_t1	38	35	1123
sequential_recurrent_sample_t1	38	36	4620
sequential_recurrent_sample_t1	38	37	5131
sequential_recurrent_sample_t1	38	38	5708
sequential_recurrent_sample_t1	38	39	6987
sequential_recurrent_sample_t1	38	40	2739
sequential_recurrent_sample_t1	38	41	5654
sequential_recurrent_sample_t1	38	42	5096
sequential_recurrent_sample_t1	38	43	6206
sequential_recurrent_sample_t1	38	44	8016
sequential_recurrent_sample_t1	38	45	2783
sequential_recurrent_sample_t1	38	46	688
sequential_recurrent_sample_t1	38	47	3429
sequential_recurrent_sample_t1	38	48	4641
sequential_recurrent_sample_t1	38	49	1115
sequential_recurrent_sample_t1	38	50	1828
sequential_recurrent_sample_t1	38	51	3443
sequential_recurrent_sample_t1	38	52	121
sequential_recurrent_sample_t1	38	53	7854
sequential_recurrent_sample_t1	38	54	4470
sequential_recurrent_sample_t1	38	55	7978
sequential_recurrent_sample_t1	38	56	3513
sequential_recurrent_sample_t1	38	57	4733
sequential_recurrent_sample_t1	38	58	3540
sequential_recurrent_sample_t1	38	59	3615
sequential_recurrent_sample_t1	38	60	1234
sequential_recurrent_sample_t1	38	61	8131
sequential_recurrent_sample_t1	38	62	4042
sequential_recurrent_sample_t1	38	63	1676
sequential_recurrent_sample_t1	38	64	5220
sequential_recurrent_sample_t1	39	1	6351
sequential_recurrent_sample_t1	39	2	245
sequential_recurrent_sample_t1	39	3	456
sequential_recurrent_sample_t1	39	4	66
sequential_recurrent_sample_t1	39	5	329
sequential_recurrent_sample_t1	39	6	682
sequential_recurrent_sample_t1	39	7	1027
sequential_recurrent_sample_t1	39	8	213
sequential_recurrent_sample_t1	39	9	2872
sequential_recurrent_sample_t1	39	10	2734
sequential_recurrent_sample_t1	39	11	4908
sequential_recurrent_sample_t1	39	12	5232
sequential_recurrent_sample_t1	39	13	478
sequential_recurrent_sample_t1	39	14	4722
sequential_recurrent_sample_t1	39	15	274
sequential_recurrent_sample_t1	39	16	5678
sequential_recurrent_sample_t1	39	17	3664
sequential_recurrent_sample_t1	39	18	2340
sequential_recurrent_sample_t1	39	19	7349
sequential_recurrent_sample_t1	39	20	8190
sequential_recurrent_sample_t1	39	21	4142
sequential_recurrent_sample_t1	39	22	3865
sequential_recurrent_sample_t1	39	23	1470
sequential_recurrent_sample_t1	39	24	6925
sequential_recurrent_sample_t1	39	25	3045
sequential_recurrent_sample_t1	39	26	4598
sequential_recurrent_sample_t1	39	27	5207
sequential_recurrent_sample_t1	39	28	2657
sequential_recurrent_sample_t1	39	29	3452
sequential_recurrent_sample_t1	39	30	341
sequential_recurrent_sample_t1	39	31	1370
sequential_recurrent_sample_t1	39	32	5003
sequential_recurrent_sample_t1	39	33	6867
sequential_recurrent_sample_t1	39	34	1422
sequential_recurrent_sample_t1	39	35	7098
sequential_recurrent_sample_t1	39	36	5870
sequential_recurrent_sample_t1	39	37	1458
sequential_recurrent_sample_t1	39	38	8015
sequential_recurrent_sample_t1	39	39	1897
sequential_recurrent_sample_t1	39	40	1641
sequential_recurrent_sample_t1	39	41	7085
sequential_recurrent_sample_t1	39	42	6827
sequential_recurrent_sample_t1	39	43	3435
sequential_recurrent_sample_t1	39	44	6485
sequential_recurrent_sample_t1	39	45	7711
sequential_recurrent_sample_t1	39	46	8102
sequential_recurrent_sample_t1	39	47	6199
sequential_recurrent_sample_t1	39	48	4834
sequential_recurrent_sample_t1	39	49	1995
sequential_recurrent_sample_t1	39	50	5664
sequential_recurrent_sample_t1	39	51	2423
sequential_recurrent_sample_t1	39	52	2765
sequential_recurrent_sample_t1	39	53	268
sequential_recurrent_sample_t1	39	54	263
sequential_recurrent_sample_t1	39	55	6101
sequential_recurrent_sample_t1	39	56	4106
sequential_recurrent_sample_t1	39	57	3318
sequential_recurrent_sample_t1	39	58	6485
sequential_recurrent_sample_t1	39	59	5672
sequential_recurrent_sample_t1	39	60	7416
sequential_recurrent_sample_t1	39	61	717
sequential_recurrent_sample_t1	39	62	4577
sequential_recurrent_sample_t1	39	63	1260
sequential_recurrent_sample_t1	39	64	3053
sequential_recurrent_sample_t1	40	1	279
sequential_recurrent_sample_t1	40	2	84
sequential_recurrent_sample_t1	40	3	2914
sequential_recurrent_sample_t1	40	4	221
sequential_recurrent_sample_t1	40	5	1339
sequential_recurrent_sample_t1	40	6	4937
sequential_recurrent_sample_t1	40	7	277
sequential_recurrent_sample_t1	40	8	1742
sequential_recurrent_sample_t1	40	9	1054
sequential_recurrent_sample_t1	40	10	210
sequential_recurrent_sample_t1	40	11	2227
sequential_recurrent_sample_t1	40	12	616
sequential_recurrent_sample_t1	40	13	4972
sequential_recurrent_sample_t1	40	14	213
sequential_recurrent_sample_t1	40	15	296
sequential_recurrent_sample_t1	40	16	2466
sequential_recurrent_sample_t1	40	17	5427
sequential_recurrent_sample_t1	40	18	3639
sequential_recurrent_sample_t1	40	19	2252
sequential_recurrent_sample_t1	40	20	4797
sequential_recurrent_sample_t1	40	21	85
sequential_recurrent_sample_t1	40	22	3073
sequential_recurrent_sample_t1	40	23	311
sequential_recurrent_sample_t1	40	24	2189
sequential_recurrent_sample_t1	40	25	743
sequential_recurrent_sample_t1	40	26	692
sequential_recurrent_sample_t1	40	27	5411
sequential_recurrent_sample_t1	40	28	1991
sequential_recurrent_sample_t1	40	29	2123
sequential_recurrent_sample_t1	40	30	1554
sequential_recurrent_sample_t1	40	31	495
sequential_recurrent_sample_t1	40	32	2370
sequential_recurrent_sample_t1	40	33	7141
sequential_recurrent_sample_t1	40	34	2244
sequential_recurrent_sample_t1	40	35	3554
sequential_recurrent_sample_t1	40	36	5572
sequential_recurrent_sample_t1	40	37	5104
sequential_recurrent_sample_t1	40	38	3773
sequential_recurrent_sample_t1	40	39	3749
sequential_recurrent_sample_t1	40	40	1003
sequential_recurrent_sample_t1	40	41	873
sequential_recurrent_sample_t1	40	42	2487
sequential_recurrent_sample_t1	40	43	5471
sequential_recurrent_sample_t1	40	44	3936
sequential_recurrent_sample_t1	40	45	289
sequential_recurrent_sample_t1	40	46	8186
sequential_recurrent_sample_t1	40	47	1465
sequential_recurrent_sample_t1	40	48	2808
sequential_recurrent_sample_t1	40	49	3964
sequential_recurrent_sample_t1	40	50	2337
sequential_recurrent_sample_t1	40	51	692
sequential_recurrent_sample_t1	40	52	421
sequential_recurrent_sample_t1	40	53	5278
sequential_recurrent_sample_t1	40	54	4704
sequential_recurrent_sample_t1	40	55	4519
sequential_recurrent_sample_t1	40	56	4504
sequential_recurrent_sample_t1	40	57	273
sequential_recurrent_sample_t1	40	58	3183
sequential_recurrent_sample_t1	40	59	3452
sequential_recurrent_sample_t1	40	60	4172
sequential_recurrent_sample_t1	40	61	3449
sequential_recurrent_sample_t1	40	62	7734
sequential_recurrent_sample_t1	40	63	1653
sequential_recurrent_sample_t1	40	64	3797
sequential_recurrent_sample_t1	41	1	1645
sequential_recurrent_sample_t1	41	2	211
sequential_recurrent_sample_t1	41	3	815
sequential_recurrent_sample_t1	41	4	743
sequential_recurrent_sample_t1	41	5	6596
sequential_recurrent_sample_t1	41	6	306
sequential_recurrent_sample_t1	41	7	231
sequential_recurrent_sample_t1	41	8	2134
sequential_recurrent_sample_t1	41	9	255
sequential_recurrent_sample_t1	41	10	381
sequential_recurrent_sample_t1	41	11	70
sequential_recurrent_sample_t1	41	12	224
sequential_recurrent_sample_t1	41	13	224
sequential_recurrent_sample_t1	41	14	1685
sequential_recurrent_sample_t1	41	15	216
sequential_recurrent_sample_t1	41	16	87
sequential_recurrent_sample_t1	41	17	1923
sequential_recurrent_sample_t1	41	18	5864
sequential_recurrent_sample_t1	41	19	4529
sequential_recurrent_sample_t1	41	20	1790
sequential_recurrent_sample_t1	41	21	1532
sequential_recurrent_sample_t1	41	22	603
sequential_recurrent_sample_t1	41	23	475
sequential_recurrent_sample_t1	41	24	1636
sequential_recurrent_sample_t1	41	25	827
sequential_recurrent_sample_t1	41	26	2954
sequential_recurrent_sample_t1	41	27	3640
sequential_recurrent_sample_t1	41	28	6303
sequential_recurrent_sample_t1	41	29	4892
sequential_recurrent_sample_t1	41	30	7324
sequential_recurrent_sample_t1	41	31	1041
sequential_recurrent_sample_t1	41	32	5100
sequential_recurrent_sample_t1	41	33	5121
sequential_recurrent_sample_t1	41	34	1857
sequential_recurrent_sample_t1	41	35	3141
sequential_recurrent_sample_t1	41	36	2640
sequential_recurrent_sample_t1	41	37	266
sequential_recurrent_sample_t1	41	38	712
sequential_recurrent_sample_t1	41	39	978
sequential_recurrent_sample_t1	41	40	2163
sequential_recurrent_sample_t1	41	41	2725
sequential_recurrent_sample_t1	41	42	7678
sequential_recurrent_sample_t1	41	43	2716
sequential_recurrent_sample_t1	41	44	4486
sequential_recurrent_sample_t1	41	45	322
sequential_recurrent_sample_t1	41	46	4514
sequential_recurrent_sample_t1	41	47	250
sequential_recurrent_sample_t1	41	48	6705
sequential_recurrent_sample_t1	41	49	6078
sequential_recurrent_sample_t1	41	50	549
sequential_recurrent_sample_t1	41	51	5812
sequential_recurrent_sample_t1	41	52	6624
sequential_recurrent_sample_t1	41	53	5618
sequential_recurrent_sample_t1	41	54	6851
sequential_recurrent_sample_t1	41	55	4457
sequential_recurrent_sample_t1	41	56	3206
sequential_recurrent_sample_t1	41	57	4745
sequential_recurrent_sample_t1	41	58	1411
sequential_recurrent_sample_t1	41	59	638
sequential_recurrent_sample_t1	41	60	4407
sequential_recurrent_sample_t1	41	61	410
sequential_recurrent_sample_t1	41	62	3120
sequential_recurrent_sample_t1	41	63	4403
sequential_recurrent_sample_t1	41	64	6583
sequential_recurrent_sample_t1	42	1	210
sequential_recurrent_sample_t1	42	2	1515
sequential_recurrent_sample_t1	42	3	287
sequential_recurrent_sample_t1	42	4	667
sequential_recurrent_sample_t1	42	5	323
sequential_recurrent_sample_t1	42	6	3769
sequential_recurrent_sample_t1	42	7	1608
sequential_recurrent_sample_t1	42	8	941
sequential_recurrent_sample_t1	42	9	319
sequential_recurrent_sample_t1	42	10	4075
sequential_recurrent_sample_t1	42	11	294
sequential_recurrent_sample_t1	42	12	42
sequential_recurrent_sample_t1	42	13	2439
sequential_recurrent_sample_t1	42	14	233
sequential_recurrent_sample_t1	42	15	42
sequential_recurrent_sample_t1	42	16	641
sequential_recurrent_sample_t1	42	17	320
sequential_recurrent_sample_t1	42	18	6404
sequential_recurrent_sample_t1	42	19	3528
sequential_recurrent_sample_t1	42	20	7060
sequential_recurrent_sample_t1	42	21	6812
sequential_recurrent_sample_t1	42	22	3205
sequential_recurrent_sample_t1	42	23	2103
sequential_recurrent_sample_t1	42	24	4505
sequential_recurrent_sample_t1	42	25	591
sequential_recurrent_sample_t1	42	26	85
sequential_recurrent_sample_t1	42	27	2718
sequential_recurrent_sample_t1	42	28	1778
sequential_recurrent_sample_t1	42	29	809
sequential_recurrent_sample_t1	42	30	19
sequential_recurrent_sample_t1	42	31	3753
sequential_recurrent_sample_t1	42	32	5706
sequential_recurrent_sample_t1	42	33	6025
sequential_recurrent_sample_t1	42	34	6011
sequential_recurrent_sample_t1	42	35	6608
sequential_recurrent_sample_t1	42	36	7782
sequential_recurrent_sample_t1	42	37	3639
sequential_recurrent_sample_t1	42	38	665
sequential_recurrent_sample_t1	42	39	6874
sequential_recurrent_sample_t1	42	40	3761
sequential_recurrent_sample_t1	42	41	255
sequential_recurrent_sample_t1	42	42	3045
sequential_recurrent_sample_t1	42	43	1874
sequential_recurrent_sample_t1	42	44	5988
sequential_recurrent_sample_t1	42	45	4910
sequential_recurrent_sample_t1	42	46	5624
sequential_recurrent_sample_t1	42	47	7290
sequential_recurrent_sample_t1	42	48	5798
sequential_recurrent_sample_t1	42	49	1981
sequential_recurrent_sample_t1	42	50	7295
sequential_recurrent_sample_t1	42	51	1331
sequential_recurrent_sample_t1	42	52	882
sequential_recurrent_sample_t1	42	53	8008
sequential_recurrent_sample_t1	42	54	2165
sequential_recurrent_sample_t1	42	55	1806
sequential_recurrent_sample_t1	42	56	3541
sequential_recurrent_sample_t1	42	57	1992
sequential_recurrent_sample_t1	42	58	5121
sequential_recurrent_sample_t1	42	59	585
sequential_recurrent_sample_t1	42	60	5640
sequential_recurrent_sample_t1	42	61	615
sequential_recurrent_sample_t1	42	62	927
sequential_recurrent_sample_t1	42	63	4134
sequential_recurrent_sample_t1	42	64	392
sequential_recurrent_sample_t1	43	1	236
sequential_recurrent_sample_t1	43	2	269
sequential_recurrent_sample_t1	43	3	642
sequential_recurrent_sample_t1	43	4	327
sequential_recurrent_sample_t1	43	5	876
sequential_recurrent_sample_t1	43	6	4219
sequential_recurrent_sample_t1	43	7	239
sequential_recurrent_sample_t1	43	8	1621
sequential_recurrent_sample_t1	43	9	221
sequential_recurrent_sample_t1	43	10	1605
sequential_recurrent_sample_t1	43	11	1213
sequential_recurrent_sample_t1	43	12	2373
sequential_recurrent_sample_t1	43	13	537
sequential_recurrent_sample_t1	43	14	3211
sequential_recurrent_sample_t1	43	15	271
sequential_recurrent_sample_t1	43	16	577
sequential_recurrent_sample_t1	43	17	627
sequential_recurrent_sample_t1	43	18	1101
sequential_recurrent_sample_t1	43	19	5835
sequential_recurrent_sample_t1	43	20	368
sequential_recurrent_sample_t1	43	21	228
sequential_recurrent_sample_t1	43	22	2559
sequential_recurrent_sample_t1	43	23	437
sequential_recurrent_sample_t1	43	24	6536
sequential_recurrent_sample_t1	43	25	3306
sequential_recurrent_sample_t1	43	26	1234
sequential_recurrent_sample_t1	43	27	6492
sequential_recurrent_sample_t1	43	28	3677
sequential_recurrent_sample_t1	43	29	6850
sequential_recurrent_sample_t1	43	30	4664
sequential_recurrent_sample_t1	43	31	2236
sequential_recurrent_sample_t1	43	32	7672
sequential_recurrent_sample_t1	43	33	556
sequential_recurrent_sample_t1	43	34	922
sequential_recurrent_sample_t1	43	35	1165
sequential_recurrent_sample_t1	43	36	67
sequential_recurrent_sample_t1	43	37	612
sequential_recurrent_sample_t1	43	38	894
sequential_recurrent_sample_t1	43	39	1712
sequential_recurrent_sample_t1	43	40	288
sequential_recurrent_sample_t1	43	41	4480
sequential_recurrent_sample_t1	43	42	6500
sequential_recurrent_sample_t1	43	43	878
sequential_recurrent_sample_t1	43	44	361
sequential_recurrent_sample_t1	43	45	139
sequential_recurrent_sample_t1	43	46	6048
sequential_recurrent_sample_t1	43	47	221
sequential_recurrent_sample_t1	43	48	7303
sequential_recurrent_sample_t1	43	49	8186
sequential_recurrent_sample_t1	43	50	8087
sequential_recurrent_sample_t1	43	51	597
sequential_recurrent_sample_t1	43	52	4751
sequential_recurrent_sample_t1	43	53	2342
sequential_recurrent_sample_t1	43	54	5236
sequential_recurrent_sample_t1	43	55	7930
sequential_recurrent_sample_t1	43	56	8120
sequential_recurrent_sample_t1	43	57	4736
sequential_recurrent_sample_t1	43	58	4632
sequential_recurrent_sample_t1	43	59	89
sequential_recurrent_sample_t1	43	60	7609
sequential_recurrent_sample_t1	43	61	2526
sequential_recurrent_sample_t1	43	62	4980
sequential_recurrent_sample_t1	43	63	7285
sequential_recurrent_sample_t1	43	64	3785
sequential_recurrent_sample_t1	44	1	403
sequential_recurrent_sample_t1	44	2	4209
sequential_recurrent_sample_t1	44	3	213
sequential_recurrent_sample_t1	44	4	5140
sequential_recurrent_sample_t1	44	5	20
sequential_recurrent_sample_t1	44	6	7115
sequential_recurrent_sample_t1	44	7	2267
sequential_recurrent_sample_t1	44	8	2925
sequential_recurrent_sample_t1	44	9	74
sequential_recurrent_sample_t1	44	10	238
sequential_recurrent_sample_t1	44	11	229
sequential_recurrent_sample_t1	44	12	986
sequential_recurrent_sample_t1	44	13	2625
sequential_recurrent_sample_t1	44	14	346
sequential_recurrent_sample_t1	44	15	44
sequential_recurrent_sample_t1	44	16	312
sequential_recurrent_sample_t1	44	17	1217
sequential_recurrent_sample_t1	44	18	7784
sequential_recurrent_sample_t1	44	19	228
sequential_recurrent_sample_t1	44	20	567
sequential_recurrent_sample_t1	44	21	213
sequential_recurrent_sample_t1	44	22	2394
sequential_recurrent_sample_t1	44	23	483
sequential_recurrent_sample_t1	44	24	1579
sequential_recurrent_sample_t1	44	25	5264
sequential_recurrent_sample_t1	44	26	7198
sequential_recurrent_sample_t1	44	27	287
sequential_recurrent_sample_t1	44	28	4429
sequential_recurrent_sample_t1	44	29	1289
sequential_recurrent_sample_t1	44	30	4491
sequential_recurrent_sample_t1	44	31	8037
sequential_recurrent_sample_t1	44	32	6384
sequential_recurrent_sample_t1	44	33	1340
sequential_recurrent_sample_t1	44	34	938
sequential_recurrent_sample_t1	44	35	4587
sequential_recurrent_sample_t1	44	36	2774
sequential_recurrent_sample_t1	44	37	5534
sequential_recurrent_sample_t1	44	38	1863
sequential_recurrent_sample_t1	44	39	2988
sequential_recurrent_sample_t1	44	40	871
sequential_recurrent_sample_t1	44	41	5682
sequential_recurrent_sample_t1	44	42	4652
sequential_recurrent_sample_t1	44	43	7821
sequential_recurrent_sample_t1	44	44	5199
sequential_recurrent_sample_t1	44	45	4844
sequential_recurrent_sample_t1	44	46	5441
sequential_recurrent_sample_t1	44	47	1213
sequential_recurrent_sample_t1	44	48	6122
sequential_recurrent_sample_t1	44	49	3284
sequential_recurrent_sample_t1	44	50	2548
sequential_recurrent_sample_t1	44	51	1101
sequential_recurrent_sample_t1	44	52	3504
sequential_recurrent_sample_t1	44	53	5116
sequential_recurrent_sample_t1	44	54	6099
sequential_recurrent_sample_t1	44	55	894
sequential_recurrent_sample_t1	44	56	1395
sequential_recurrent_sample_t1	44	57	7138
sequential_recurrent_sample_t1	44	58	1441
sequential_recurrent_sample_t1	44	59	5612
sequential_recurrent_sample_t1	44	60	7137
sequential_recurrent_sample_t1	44	61	1627
sequential_recurrent_sample_t1	44	62	2600
sequential_recurrent_sample_t1	44	63	1185
sequential_recurrent_sample_t1	44	64	5521
sequential_recurrent_sample_t1	45	1	7790
sequential_recurrent_sample_t1	45	2	250
sequential_recurrent_sample_t1	45	3	2516
sequential_recurrent_sample_t1	45	4	234
sequential_recurrent_sample_t1	45	5	5280
sequential_recurrent_sample_t1	45	6	90
sequential_recurrent_sample_t1	45	7	238
sequential_recurrent_sample_t1	45	8	6722
sequential_recurrent_sample_t1	45	9	7840
sequential_recurrent_sample_t1	45	10	709
sequential_recurrent_sample_t1	45	11	573
sequential_recurrent_sample_t1	45	12	238
sequential_recurrent_sample_t1	45	13	249
sequential_recurrent_sample_t1	45	14	81
sequential_recurrent_sample_t1	45	15	1401
sequential_recurrent_sample_t1	45	16	287
sequential_recurrent_sample_t1	45	17	3272
sequential_recurrent_sample_t1	45	18	1545
sequential_recurrent_sample_t1	45	19	4048
sequential_recurrent_sample_t1	45	20	210
sequential_recurrent_sample_t1	45	21	3235
sequential_recurrent_sample_t1	45	22	378
sequential_recurrent_sample_t1	45	23	1234
sequential_recurrent_sample_t1	45	24	7197
sequential_recurrent_sample_t1	45	25	1247
sequential_recurrent_sample_t1	45	26	1758
sequential_recurrent_sample_t1	45	27	297
sequential_recurrent_sample_t1	45	28	2216
sequential_recurrent_sample_t1	45	29	4794
sequential_recurrent_sample_t1	45	30	1877
sequential_recurrent_sample_t1	45	31	1310
sequential_recurrent_sample_t1	45	32	1320
sequential_recurrent_sample_t1	45	33	1338
sequential_recurrent_sample_t1	45	34	4971
sequential_recurrent_sample_t1	45	35	378
sequential_recurrent_sample_t1	45	36	5819
sequential_recurrent_sample_t1	45	37	907
sequential_recurrent_sample_t1	45	38	4381
sequential_recurrent_sample_t1	45	39	6133
sequential_recurrent_sample_t1	45	40	1212
sequential_recurrent_sample_t1	45	41	4522
sequential_recurrent_sample_t1	45	42	2506
sequential_recurrent_sample_t1	45	43	3731
sequential_recurrent_sample_t1	45	44	4265
sequential_recurrent_sample_t1	45	45	7246
sequential_recurrent_sample_t1	45	46	2811
sequential_recurrent_sample_t1	45	47	1765
sequential_recurrent_sample_t1	45	48	2012
sequential_recurrent_sample_t1	45	49	444
sequential_recurrent_sample_t1	45	50	6418
sequential_recurrent_sample_t1	45	51	1685
sequential_recurrent_sample_t1	45	52	2438
sequential_recurrent_sample_t1	45	53	5999
sequential_recurrent_sample_t1	45	54	7488
sequential_recurrent_sample_t1	45	55	2347
sequential_recurrent_sample_t1	45	56	6561
sequential_recurrent_sample_t1	45	57	6486
sequential_recurrent_sample_t1	45	58	3746
sequential_recurrent_sample_t1	45	59	4385
sequential_recurrent_sample_t1	45	60	3423
sequential_recurrent_sample_t1	45	61	319
sequential_recurrent_sample_t1	45	62	790
sequential_recurrent_sample_t1	45	63	1295
sequential_recurrent_sample_t1	45	64	4405
sequential_recurrent_sample_t1	46	1	270
sequential_recurrent_sample_t1	46	2	1501
sequential_recurrent_sample_t1	46	3	75
sequential_recurrent_sample_t1	46	4	222
sequential_recurrent_sample_t1	46	5	240
sequential_recurrent_sample_t1	46	6	2551
sequential_recurrent_sample_t1	46	7	239
sequential_recurrent_sample_t1	46	8	1350
sequential_recurrent_sample_t1	46	9	329
sequential_recurrent_sample_t1	46	10	1842
sequential_recurrent_sample_t1	46	11	531
sequential_recurrent_sample_t1	46	12	271
sequential_recurrent_sample_t1	46	13	1033
sequential_recurrent_sample_t1	46	14	5426
sequential_recurrent_sample_t1	46	15	231
sequential_recurrent_sample_t1	46	16	337
sequential_recurrent_sample_t1	46	17	4659
sequential_recurrent_sample_t1	46	18	234
sequential_recurrent_sample_t1	46	19	5500
sequential_recurrent_sample_t1	46	20	3663
sequential_recurrent_sample_t1	46	21	258
sequential_recurrent_sample_t1	46	22	1801
sequential_recurrent_sample_t1	46	23	3941
sequential_recurrent_sample_t1	46	24	6367
sequential_recurrent_sample_t1	46	25	268
sequential_recurrent_sample_t1	46	26	7716
sequential_recurrent_sample_t1	46	27	5689
sequential_recurrent_sample_t1	46	28	41
sequential_recurrent_sample_t1	46	29	4851
sequential_recurrent_sample_t1	46	30	263
sequential_recurrent_sample_t1	46	31	2220
sequential_recurrent_sample_t1	46	32	7093
sequential_recurrent_sample_t1	46	33	1230
sequential_recurrent_sample_t1	46	34	2223
sequential_recurrent_sample_t1	46	35	4730
sequential_recurrent_sample_t1	46	36	2958
sequential_recurrent_sample_t1	46	37	2622
sequential_recurrent_sample_t1	46	38	305
sequential_recurrent_sample_t1	46	39	399
sequential_recurrent_sample_t1	46	40	2989
sequential_recurrent_sample_t1	46	41	4864
sequential_recurrent_sample_t1	46	42	914
sequential_recurrent_sample_t1	46	43	69
sequential_recurrent_sample_t1	46	44	6043
sequential_recurrent_sample_t1	46	45	816
sequential_recurrent_sample_t1	46	46	5841
sequential_recurrent_sample_t1	46	47	712
sequential_recurrent_sample_t1	46	48	6837
sequential_recurrent_sample_t1	46	49	2788
sequential_recurrent_sample_t1	46	50	8121
sequential_recurrent_sample_t1	46	51	1247
sequential_recurrent_sample_t1	46	52	5193
sequential_recurrent_sample_t1	46	53	990
sequential_recurrent_sample_t1	46	54	4471
sequential_recurrent_sample_t1	46	55	3120
sequential_recurrent_sample_t1	46	56	2182
sequential_recurrent_sample_t1	46	57	2049
sequential_recurrent_sample_t1	46	58	1926
sequential_recurrent_sample_t1	46	59	6754
sequential_recurrent_sample_t1	46	60	4771
sequential_recurrent_sample_t1	46	61	7936
sequential_recurrent_sample_t1	46	62	3351
sequential_recurrent_sample_t1	46	63	6378
sequential_recurrent_sample_t1	46	64	4325
sequential_recurrent_sample_t1	47	1	210
sequential_recurrent_sample_t1	47	2	2540
sequential_recurrent_sample_t1	47	3	691
sequential_recurrent_sample_t1	47	4	279
sequential_recurrent_sample_t1	47	5	3589
sequential_recurrent_sample_t1	47	6	274
sequential_recurrent_sample_t1	47	7	343
sequential_recurrent_sample_t1	47	8	531
sequential_recurrent_sample_t1	47	9	213
sequential_recurrent_sample_t1	47	10	2050
sequential_recurrent_sample_t1	47	11	5128
sequential_recurrent_sample_t1	47	12	239
sequential_recurrent_sample_t1	47	13	1358
sequential_recurrent_sample_t1	47	14	313
sequential_recurrent_sample_t1	47	15	246
sequential_recurrent_sample_t1	47	16	1007
sequential_recurrent_sample_t1	47	17	3739
sequential_recurrent_sample_t1	47	18	3677
sequential_recurrent_sample_t1	47	19	3041
sequential_recurrent_sample_t1	47	20	2693
sequential_recurrent_sample_t1	47	21	18
sequential_recurrent_sample_t1	47	22	322
sequential_recurrent_sample_t1	47	23	3621
sequential_recurrent_sample_t1	47	24	5541
sequential_recurrent_sample_t1	47	25	680
sequential_recurrent_sample_t1	47	26	4482
sequential_recurrent_sample_t1	47	27	4032
sequential_recurrent_sample_t1	47	28	5679
sequential_recurrent_sample_t1	47	29	550
sequential_recurrent_sample_t1	47	30	2131
sequential_recurrent_sample_t1	47	31	6312
sequential_recurrent_sample_t1	47	32	4650
sequential_recurrent_sample_t1	47	33	4086
sequential_recurrent_sample_t1	47	34	7210
sequential_recurrent_sample_t1	47	35	5236
sequential_recurrent_sample_t1	47	36	247
sequential_recurrent_sample_t1	47	37	2833
sequential_recurrent_sample_t1	47	38	803
sequential_recurrent_sample_t1	47	39	5833
sequential_recurrent_sample_t1	47	40	1627
sequential_recurrent_sample_t1	47	41	4903
sequential_recurrent_sample_t1	47	42	3915
sequential_recurrent_sample_t1	47	43	3747
sequential_recurrent_sample_t1	47	44	7706
sequential_recurrent_sample_t1	47	45	1574
sequential_recurrent_sample_t1	47	46	1221
sequential_recurrent_sample_t1	47	47	556
sequential_recurrent_sample_t1	47	48	1014
sequential_recurrent_sample_t1	47	49	4751
sequential_recurrent_sample_t1	47	50	66
sequential_recurrent_sample_t1	47	51	3131
sequential_recurrent_sample_t1	47	52	3758
sequential_recurrent_sample_t1	47	53	392
sequential_recurrent_sample_t1	47	54	134
sequential_recurrent_sample_t1	47	55	2139
sequential_recurrent_sample_t1	47	56	3915
sequential_recurrent_sample_t1	47	57	4009
sequential_recurrent_sample_t1	47	58	1782
sequential_recurrent_sample_t1	47	59	2244
sequential_recurrent_sample_t1	47	60	2786
sequential_recurrent_sample_t1	47	61	3031
sequential_recurrent_sample_t1	47	62	957
sequential_recurrent_sample_t1	47	63	545
sequential_recurrent_sample_t1	47	64	4110
sequential_recurrent_sample_t1	48	1	2051
sequential_recurrent_sample_t1	48	2	287
sequential_recurrent_sample_t1	48	3	1230
sequential_recurrent_sample_t1	48	4	540
sequential_recurrent_sample_t1	48	5	1577
sequential_recurrent_sample_t1	48	6	221
sequential_recurrent_sample_t1	48	7	859
sequential_recurrent_sample_t1	48	8	800
sequential_recurrent_sample_t1	48	9	1327
sequential_recurrent_sample_t1	48	10	238
sequential_recurrent_sample_t1	48	11	947
sequential_recurrent_sample_t1	48	12	843
sequential_recurrent_sample_t1	48	13	1051
sequential_recurrent_sample_t1	48	14	489
sequential_recurrent_sample_t1	48	15	2928
sequential_recurrent_sample_t1	48	16	4986
sequential_recurrent_sample_t1	48	17	865
sequential_recurrent_sample_t1	48	18	369
sequential_recurrent_sample_t1	48	19	3911
sequential_recurrent_sample_t1	48	20	567
sequential_recurrent_sample_t1	48	21	259
sequential_recurrent_sample_t1	48	22	117
sequential_recurrent_sample_t1	48	23	2366
sequential_recurrent_sample_t1	48	24	815
sequential_recurrent_sample_t1	48	25	2143
sequential_recurrent_sample_t1	48	26	2621
sequential_recurrent_sample_t1	48	27	4135
sequential_recurrent_sample_t1	48	28	7008
sequential_recurrent_sample_t1	48	29	1370
sequential_recurrent_sample_t1	48	30	323
sequential_recurrent_sample_t1	48	31	5300
sequential_recurrent_sample_t1	48	32	3280
sequential_recurrent_sample_t1	48	33	1700
sequential_recurrent_sample_t1	48	34	1899
sequential_recurrent_sample_t1	48	35	991
sequential_recurrent_sample_t1	48	36	3242
sequential_recurrent_sample_t1	48	37	5284
sequential_recurrent_sample_t1	48	38	4880
sequential_recurrent_sample_t1	48	39	2684
sequential_recurrent_sample_t1	48	40	5009
sequential_recurrent_sample_t1	48	41	2964
sequential_recurrent_sample_t1	48	42	489
sequential_recurrent_sample_t1	48	43	1777
sequential_recurrent_sample_t1	48	44	71
sequential_recurrent_sample_t1	48	45	3680
sequential_recurrent_sample_t1	48	46	7802
sequential_recurrent_sample_t1	48	47	5751
sequential_recurrent_sample_t1	48	48	7648
sequential_recurrent_sample_t1	48	49	1430
sequential_recurrent_sample_t1	48	50	3870
sequential_recurrent_sample_t1	48	51	710
sequential_recurrent_sample_t1	48	52	246
sequential_recurrent_sample_t1	48	53	25
sequential_recurrent_sample_t1	48	54	4057
sequential_recurrent_sample_t1	48	55	4928
sequential_recurrent_sample_t1	48	56	5293
sequential_recurrent_sample_t1	48	57	2899
sequential_recurrent_sample_t1	48	58	7904
sequential_recurrent_sample_t1	48	59	877
sequential_recurrent_sample_t1	48	60	2632
sequential_recurrent_sample_t1	48	61	830
sequential_recurrent_sample_t1	48	62	2164
sequential_recurrent_sample_t1	48	63	7752
sequential_recurrent_sample_t1	48	64	7440
sequential_recurrent_sample_t1	49	1	1296
sequential_recurrent_sample_t1	49	2	210
sequential_recurrent_sample_t1	49	3	1169
sequential_recurrent_sample_t1	49	4	3687
sequential_recurrent_sample_t1	49	5	213
sequential_recurrent_sample_t1	49	6	296
sequential_recurrent_sample_t1	49	7	210
sequential_recurrent_sample_t1	49	8	7971
sequential_recurrent_sample_t1	49	9	287
sequential_recurrent_sample_t1	49	10	1751
sequential_recurrent_sample_t1	49	11	1289
sequential_recurrent_sample_t1	49	12	675
sequential_recurrent_sample_t1	49	13	1642
sequential_recurrent_sample_t1	49	14	5020
sequential_recurrent_sample_t1	49	15	1842
sequential_recurrent_sample_t1	49	16	7759
sequential_recurrent_sample_t1	49	17	1403
sequential_recurrent_sample_t1	49	18	293
sequential_recurrent_sample_t1	49	19	323
sequential_recurrent_sample_t1	49	20	3051
sequential_recurrent_sample_t1	49	21	215
sequential_recurrent_sample_t1	49	22	382
sequential_recurrent_sample_t1	49	23	5756
sequential_recurrent_sample_t1	49	24	6234
sequential_recurrent_sample_t1	49	25	1971
sequential_recurrent_sample_t1	49	26	1063
sequential_recurrent_sample_t1	49	27	2118
sequential_recurrent_sample_t1	49	28	2639
sequential_recurrent_sample_t1	49	29	1949
sequential_recurrent_sample_t1	49	30	2618
sequential_recurrent_sample_t1	49	31	363
sequential_recurrent_sample_t1	49	32	5436
sequential_recurrent_sample_t1	49	33	326
sequential_recurrent_sample_t1	49	34	6269
sequential_recurrent_sample_t1	49	35	5229
sequential_recurrent_sample_t1	49	36	1388
sequential_recurrent_sample_t1	49	37	3379
sequential_recurrent_sample_t1	49	38	575
sequential_recurrent_sample_t1	49	39	630
sequential_recurrent_sample_t1	49	40	526
sequential_recurrent_sample_t1	49	41	3479
sequential_recurrent_sample_t1	49	42	1926
sequential_recurrent_sample_t1	49	43	7914
sequential_recurrent_sample_t1	49	44	490
sequential_recurrent_sample_t1	49	45	470
sequential_recurrent_sample_t1	49	46	6558
sequential_recurrent_sample_t1	49	47	5634
sequential_recurrent_sample_t1	49	48	7480
sequential_recurrent_sample_t1	49	49	4995
sequential_recurrent_sample_t1	49	50	5150
sequential_recurrent_sample_t1	49	51	7744
sequential_recurrent_sample_t1	49	52	288
sequential_recurrent_sample_t1	49	53	6251
sequential_recurrent_sample_t1	49	54	3541
sequential_recurrent_sample_t1	49	55	6200
sequential_recurrent_sample_t1	49	56	4516
sequential_recurrent_sample_t1	49	57	7722
sequential_recurrent_sample_t1	49	58	259
sequential_recurrent_sample_t1	49	59	3494
sequential_recurrent_sample_t1	49	60	4206
sequential_recurrent_sample_t1	49	61	3592
sequential_recurrent_sample_t1	49	62	4903
sequential_recurrent_sample_t1	49	63	2778
sequential_recurrent_sample_t1	49	64	7451
sequential_recurrent_sample_t1	50	1	312
sequential_recurrent_sample_t1	50	2	660
sequential_recurrent_sample_t1	50	3	3766
sequential_recurrent_sample_t1	50	4	1115
sequential_recurrent_sample_t1	50	5	66
sequential_recurrent_sample_t1	50	6	323
sequential_recurrent_sample_t1	50	7	884
sequential_recurrent_sample_t1	50	8	213
sequential_recurrent_sample_t1	50	9	2106
sequential_recurrent_sample_t1	50	10	301
sequential_recurrent_sample_t1	50	11	4161
sequential_recurrent_sample_t1	50	12	4647
sequential_recurrent_sample_t1	50	13	469
sequential_recurrent_sample_t1	50	14	4880
sequential_recurrent_sample_t1	50	15	978
sequential_recurrent_sample_t1	50	16	83
sequential_recurrent_sample_t1	50	17	246
sequential_recurrent_sample_t1	50	18	1747
sequential_recurrent_sample_t1	50	19	1776
sequential_recurrent_sample_t1	50	20	3078
sequential_recurrent_sample_t1	50	21	1925
sequential_recurrent_sample_t1	50	22	5462
sequential_recurrent_sample_t1	50	23	4184
sequential_recurrent_sample_t1	50	24	436
sequential_recurrent_sample_t1	50	25	353
sequential_recurrent_sample_t1	50	26	2283
sequential_recurrent_sample_t1	50	27	436
sequential_recurrent_sample_t1	50	28	3319
sequential_recurrent_sample_t1	50	29	2612
sequential_recurrent_sample_t1	50	30	488
sequential_recurrent_sample_t1	50	31	4810
sequential_recurrent_sample_t1	50	32	888
sequential_recurrent_sample_t1	50	33	287
sequential_recurrent_sample_t1	50	34	2370
sequential_recurrent_sample_t1	50	35	1450
sequential_recurrent_sample_t1	50	36	764
sequential_recurrent_sample_t1	50	37	4903
sequential_recurrent_sample_t1	50	38	6070
sequential_recurrent_sample_t1	50	39	2934
sequential_recurrent_sample_t1	50	40	1454
sequential_recurrent_sample_t1	50	41	138
sequential_recurrent_sample_t1	50	42	2117
sequential_recurrent_sample_t1	50	43	6747
sequential_recurrent_sample_t1	50	44	535
sequential_recurrent_sample_t1	50	45	962
sequential_recurrent_sample_t1	50	46	505
sequential_recurrent_sample_t1	50	47	5820
sequential_recurrent_sample_t1	50	48	3723
sequential_recurrent_sample_t1	50	49	7158
sequential_recurrent_sample_t1	50	50	4325
sequential_recurrent_sample_t1	50	51	5342
sequential_recurrent_sample_t1	50	52	1286
sequential_recurrent_sample_t1	50	53	1438
sequential_recurrent_sample_t1	50	54	5234
sequential_recurrent_sample_t1	50	55	4013
sequential_recurrent_sample_t1	50	56	6538
sequential_recurrent_sample_t1	50	57	143
sequential_recurrent_sample_t1	50	58	7815
sequential_recurrent_sample_t1	50	59	827
sequential_recurrent_sample_t1	50	60	2441
sequential_recurrent_sample_t1	50	61	2630
sequential_recurrent_sample_t1	50	62	5916
sequential_recurrent_sample_t1	50	63	2758
sequential_recurrent_sample_t1	50	64	6683
sequential_recurrent_sample_t1	51	1	2803
sequential_recurrent_sample_t1	51	2	2800
sequential_recurrent_sample_t1	51	3	221
sequential_recurrent_sample_t1	51	4	2520
sequential_recurrent_sample_t1	51	5	227
sequential_recurrent_sample_t1	51	6	1404
sequential_recurrent_sample_t1	51	7	6021
sequential_recurrent_sample_t1	51	8	84
sequential_recurrent_sample_t1	51	9	458
sequential_recurrent_sample_t1	51	10	239
sequential_recurrent_sample_t1	51	11	800
sequential_recurrent_sample_t1	51	12	914
sequential_recurrent_sample_t1	51	13	305
sequential_recurrent_sample_t1	51	14	3520
sequential_recurrent_sample_t1	51	15	270
sequential_recurrent_sample_t1	51	16	5288
sequential_recurrent_sample_t1	51	17	4309
sequential_recurrent_sample_t1	51	18	2568
sequential_recurrent_sample_t1	51	19	576
sequential_recurrent_sample_t1	51	20	238
sequential_recurrent_sample_t1	51	21	4206
sequential_recurrent_sample_t1	51	22	1165
sequential_recurrent_sample_t1	51	23	7200
sequential_recurrent_sample_t1	51	24	7416
sequential_recurrent_sample_t1	51	25	3308
sequential_recurrent_sample_t1	51	26	1603
sequential_recurrent_sample_t1	51	27	1632
sequential_recurrent_sample_t1	51	28	216
sequential_recurrent_sample_t1	51	29	188
sequential_recurrent_sample_t1	51	30	5343
sequential_recurrent_sample_t1	51	31	2143
sequential_recurrent_sample_t1	51	32	611
sequential_recurrent_sample_t1	51	33	1136
sequential_recurrent_sample_t1	51	34	4134
sequential_recurrent_sample_t1	51	35	538
sequential_recurrent_sample_t1	51	36	5487
sequential_recurrent_sample_t1	51	37	284
sequential_recurrent_sample_t1	51	38	276
sequential_recurrent_sample_t1	51	39	7363
sequential_recurrent_sample_t1	51	40	4553
sequential_recurrent_sample_t1	51	41	7342
sequential_recurrent_sample_t1	51	42	5636
sequential_recurrent_sample_t1	51	43	6157
sequential_recurrent_sample_t1	51	44	4997
sequential_recurrent_sample_t1	51	45	6759
sequential_recurrent_sample_t1	51	46	2550
sequential_recurrent_sample_t1	51	47	5290
sequential_recurrent_sample_t1	51	48	1102
sequential_recurrent_sample_t1	51	49	5662
sequential_recurrent_sample_t1	51	50	1372
sequential_recurrent_sample_t1	51	51	2563
sequential_recurrent_sample_t1	51	52	311
sequential_recurrent_sample_t1	51	53	7424
sequential_recurrent_sample_t1	51	54	3313
sequential_recurrent_sample_t1	51	55	1381
sequential_recurrent_sample_t1	51	56	2670
sequential_recurrent_sample_t1	51	57	5748
sequential_recurrent_sample_t1	51	58	4261
sequential_recurrent_sample_t1	51	59	2804
sequential_recurrent_sample_t1	51	60	6266
sequential_recurrent_sample_t1	51	61	4613
sequential_recurrent_sample_t1	51	62	3266
sequential_recurrent_sample_t1	51	63	1411
sequential_recurrent_sample_t1	51	64	1739
sequential_recurrent_sample_t1	52	1	238
sequential_recurrent_sample_t1	52	2	1553
sequential_recurrent_sample_t1	52	3	211
sequential_recurrent_sample_t1	52	4	3262
sequential_recurrent_sample_t1	52	5	4594
sequential_recurrent_sample_t1	52	6	213
sequential_recurrent_sample_t1	52	7	783
sequential_recurrent_sample_t1	52	8	221
sequential_recurrent_sample_t1	52	9	2829
sequential_recurrent_sample_t1	52	10	596
sequential_recurrent_sample_t1	52	11	8083
sequential_recurrent_sample_t1	52	12	405
sequential_recurrent_sample_t1	52	13	5435
sequential_recurrent_sample_t1	52	14	135
sequential_recurrent_sample_t1	52	15	270
sequential_recurrent_sample_t1	52	16	20
sequential_recurrent_sample_t1	52	17	39
sequential_recurrent_sample_t1	52	18	1373
sequential_recurrent_sample_t1	52	19	6990
sequential_recurrent_sample_t1	52	20	228
sequential_recurrent_sample_t1	52	21	352
sequential_recurrent_sample_t1	52	22	1333
sequential_recurrent_sample_t1	52	23	2144
sequential_recurrent_sample_t1	52	24	213
sequential_recurrent_sample_t1	52	25	2300
sequential_recurrent_sample_t1	52	26	1475
sequential_recurrent_sample_t1	52	27	6973
sequential_recurrent_sample_t1	52	28	1298
sequential_recurrent_sample_t1	52	29	3228
sequential_recurrent_sample_t1	52	30	85
sequential_recurrent_sample_t1	52	31	2679
sequential_recurrent_sample_t1	52	32	4336
sequential_recurrent_sample_t1	52	33	5894
sequential_recurrent_sample_t1	52	34	3160
sequential_recurrent_sample_t1	52	35	8109
sequential_recurrent_sample_t1	52	36	2180
sequential_recurrent_sample_t1	52	37	1155
sequential_recurrent_sample_t1	52	38	4172
sequential_recurrent_sample_t1	52	39	6064
sequential_recurrent_sample_t1	52	40	851
sequential_recurrent_sample_t1	52	41	208
sequential_recurrent_sample_t1	52	42	2575
sequential_recurrent_sample_t1	52	43	3762
sequential_recurrent_sample_t1	52	44	3648
sequential_recurrent_sample_t1	52	45	2977
sequential_recurrent_sample_t1	52	46	322
sequential_recurrent_sample_t1	52	47	8050
sequential_recurrent_sample_t1	52	48	466
sequential_recurrent_sample_t1	52	49	249
sequential_recurrent_sample_t1	52	50	4660
sequential_recurrent_sample_t1	52	51	624
sequential_recurrent_sample_t1	52	52	4715
sequential_recurrent_sample_t1	52	53	5309
sequential_recurrent_sample_t1	52	54	2495
sequential_recurrent_sample_t1	52	55	8144
sequential_recurrent_sample_t1	52	56	1817
sequential_recurrent_sample_t1	52	57	4662
sequential_recurrent_sample_t1	52	58	3396
sequential_recurrent_sample_t1	52	59	5094
sequential_recurrent_sample_t1	52	60	7430
sequential_recurrent_sample_t1	52	61	8155
sequential_recurrent_sample_t1	52	62	1731
sequential_recurrent_sample_t1	52	63	6338
sequential_recurrent_sample_t1	52	64	2139
sequential_recurrent_sample_t1	53	1	231
sequential_recurrent_sample_t1	53	2	210
sequential_recurrent_sample_t1	53	3	1425
sequential_recurrent_sample_t1	53	4	221
sequential_recurrent_sample_t1	53	5	311
sequential_recurrent_sample_t1	53	6	4528
sequential_recurrent_sample_t1	53	7	238
sequential_recurrent_sample_t1	53	8	3817
sequential_recurrent_sample_t1	53	9	1472
sequential_recurrent_sample_t1	53	10	237
sequential_recurrent_sample_t1	53	11	4203
sequential_recurrent_sample_t1	53	12	4149
sequential_recurrent_sample_t1	53	13	220
sequential_recurrent_sample_t1	53	14	1036
sequential_recurrent_sample_t1	53	15	4909
sequential_recurrent_sample_t1	53	16	1673
sequential_recurrent_sample_t1	53	17	6054
sequential_recurrent_sample_t1	53	18	4088
sequential_recurrent_sample_t1	53	19	3242
sequential_recurrent_sample_t1	53	20	255
sequential_recurrent_sample_t1	53	21	2657
sequential_recurrent_sample_t1	53	22	7081
sequential_recurrent_sample_t1	53	23	511
sequential_recurrent_sample_t1	53	24	7694
sequential_recurrent_sample_t1	53	25	4941
sequential_recurrent_sample_t1	53	26	2901
sequential_recurrent_sample_t1	53	27	6007
sequential_recurrent_sample_t1	53	28	2970
sequential_recurrent_sample_t1	53	29	6523
sequential_recurrent_sample_t1	53	30	2623
sequential_recurrent_sample_t1	53	31	5481
sequential_recurrent_sample_t1	53	32	4410
sequential_recurrent_sample_t1	53	33	6836
sequential_recurrent_sample_t1	53	34	936
sequential_recurrent_sample_t1	53	35	6559
sequential_recurrent_sample_t1	53	36	6926
sequential_recurrent_sample_t1	53	37	6593
sequential_recurrent_sample_t1	53	38	3159
sequential_recurrent_sample_t1	53	39	4147
sequential_recurrent_sample_t1	53	40	2702
sequential_recurrent_sample_t1	53	41	5615
sequential_recurrent_sample_t1	53	42	3908
sequential_recurrent_sample_t1	53	43	5009
sequential_recurrent_sample_t1	53	44	2338
sequential_recurrent_sample_t1	53	45	2182
sequential_recurrent_sample_t1	53	46	7828
sequential_recurrent_sample_t1	53	47	6757
sequential_recurrent_sample_t1	53	48	7634
sequential_recurrent_sample_t1	53	49	297
sequential_recurrent_sample_t1	53	50	4056
sequential_recurrent_sample_t1	53	51	1044
sequential_recurrent_sample_t1	53	52	1984
sequential_recurrent_sample_t1	53	53	2905
sequential_recurrent_sample_t1	53	54	3357
sequential_recurrent_sample_t1	53	55	3674
sequential_recurrent_sample_t1	53	56	5388
sequential_recurrent_sample_t1	53	57	1530
sequential_recurrent_sample_t1	53	58	1322
sequential_recurrent_sample_t1	53	59	7420
sequential_recurrent_sample_t1	53	60	1615
sequential_recurrent_sample_t1	53	61	1448
sequential_recurrent_sample_t1	53	62	1887
sequential_recurrent_sample_t1	53	63	7110
sequential_recurrent_sample_t1	53	64	1826
sequential_recurrent_sample_t1	54	1	2947
sequential_recurrent_sample_t1	54	2	1580
sequential_recurrent_sample_t1	54	3	757
sequential_recurrent_sample_t1	54	4	1273
sequential_recurrent_sample_t1	54	5	228
sequential_recurrent_sample_t1	54	6	1240
sequential_recurrent_sample_t1	54	7	849
sequential_recurrent_sample_t1	54	8	4427
sequential_recurrent_sample_t1	54	9	296
sequential_recurrent_sample_t1	54	10	208
sequential_recurrent_sample_t1	54	11	4342
sequential_recurrent_sample_t1	54	12	3369
sequential_recurrent_sample_t1	54	13	2220
sequential_recurrent_sample_t1	54	14	319
sequential_recurrent_sample_t1	54	15	5252
sequential_recurrent_sample_t1	54	16	6531
sequential_recurrent_sample_t1	54	17	8015
sequential_recurrent_sample_t1	54	18	239
sequential_recurrent_sample_t1	54	19	1351
sequential_recurrent_sample_t1	54	20	6976
sequential_recurrent_sample_t1	54	21	370
sequential_recurrent_sample_t1	54	22	2913
sequential_recurrent_sample_t1	54	23	4455
sequential_recurrent_sample_t1	54	24	2734
sequential_recurrent_sample_t1	54	25	6018
sequential_recurrent_sample_t1	54	26	381
sequential_recurrent_sample_t1	54	27	4215
sequential_recurrent_sample_t1	54	28	1613
sequential_recurrent_sample_t1	54	29	4333
sequential_recurrent_sample_t1	54	30	818
sequential_recurrent_sample_t1	54	31	7274
sequential_recurrent_sample_t1	54	32	114
sequential_recurrent_sample_t1	54	33	990
sequential_recurrent_sample_t1	54	34	6107
sequential_recurrent_sample_t1	54	35	152
sequential_recurrent_sample_t1	54	36	3160
sequential_recurrent_sample_t1	54	37	2105
sequential_recurrent_sample_t1	54	38	6202
sequential_recurrent_sample_t1	54	39	851
sequential_recurrent_sample_t1	54	40	6934
sequential_recurrent_sample_t1	54	41	6501
sequential_recurrent_sample_t1	54	42	4626
sequential_recurrent_sample_t1	54	43	3726
sequential_recurrent_sample_t1	54	44	7425
sequential_recurrent_sample_t1	54	45	7119
sequential_recurrent_sample_t1	54	46	6047
sequential_recurrent_sample_t1	54	47	7635
sequential_recurrent_sample_t1	54	48	7152
sequential_recurrent_sample_t1	54	49	4035
sequential_recurrent_sample_t1	54	50	1342
sequential_recurrent_sample_t1	54	51	7807
sequential_recurrent_sample_t1	54	52	8161
sequential_recurrent_sample_t1	54	53	1257
sequential_recurrent_sample_t1	54	54	311
sequential_recurrent_sample_t1	54	55	7947
sequential_recurrent_sample_t1	54	56	2798
sequential_recurrent_sample_t1	54	57	6776
sequential_recurrent_sample_t1	54	58	2488
sequential_recurrent_sample_t1	54	59	255
sequential_recurrent_sample_t1	54	60	438
sequential_recurrent_sample_t1	54	61	4685
sequential_recurrent_sample_t1	54	62	4378
sequential_recurrent_sample_t1	54	63	727
sequential_recurrent_sample_t1	54	64	7519
sequential_recurrent_sample_t1	55	1	3803
sequential_recurrent_sample_t1	55	2	350
sequential_recurrent_sample_t1	55	3	385
sequential_recurrent_sample_t1	55	4	1123
sequential_recurrent_sample_t1	55	5	1516
sequential_recurrent_sample_t1	55	6	1910
sequential_recurrent_sample_t1	55	7	6904
sequential_recurrent_sample_t1	55	8	1516
sequential_recurrent_sample_t1	55	9	353
sequential_recurrent_sample_t1	55	10	1547
sequential_recurrent_sample_t1	55	11	213
sequential_recurrent_sample_t1	55	12	1986
sequential_recurrent_sample_t1	55	13	3325
sequential_recurrent_sample_t1	55	14	2875
sequential_recurrent_sample_t1	55	15	7342
sequential_recurrent_sample_t1	55	16	4753
sequential_recurrent_sample_t1	55	17	83
sequential_recurrent_sample_t1	55	18	297
sequential_recurrent_sample_t1	55	19	1420
sequential_recurrent_sample_t1	55	20	6005
sequential_recurrent_sample_t1	55	21	4797
sequential_recurrent_sample_t1	55	22	3416
sequential_recurrent_sample_t1	55	23	3219
sequential_recurrent_sample_t1	55	24	5498
sequential_recurrent_sample_t1	55	25	3486
sequential_recurrent_sample_t1	55	26	3113
sequential_recurrent_sample_t1	55	27	238
sequential_recurrent_sample_t1	55	28	467
sequential_recurrent_sample_t1	55	29	4430
sequential_recurrent_sample_t1	55	30	5298
sequential_recurrent_sample_t1	55	31	2391
sequential_recurrent_sample_t1	55	32	288
sequential_recurrent_sample_t1	55	33	210
sequential_recurrent_sample_t1	55	34	5259
sequential_recurrent_sample_t1	55	35	6488
sequential_recurrent_sample_t1	55	36	538
sequential_recurrent_sample_t1	55	37	3391
sequential_recurrent_sample_t1	55	38	509
sequential_recurrent_sample_t1	55	39	6368
sequential_recurrent_sample_t1	55	40	3975
sequential_recurrent_sample_t1	55	41	4715
sequential_recurrent_sample_t1	55	42	7898
sequential_recurrent_sample_t1	55	43	2558
sequential_recurrent_sample_t1	55	44	1401
sequential_recurrent_sample_t1	55	45	7913
sequential_recurrent_sample_t1	55	46	5191
sequential_recurrent_sample_t1	55	47	1084
sequential_recurrent_sample_t1	55	48	1936
sequential_recurrent_sample_t1	55	49	7064
sequential_recurrent_sample_t1	55	50	4231
sequential_recurrent_sample_t1	55	51	1738
sequential_recurrent_sample_t1	55	52	4244
sequential_recurrent_sample_t1	55	53	7407
sequential_recurrent_sample_t1	55	54	4995
sequential_recurrent_sample_t1	55	55	2324
sequential_recurrent_sample_t1	55	56	959
sequential_recurrent_sample_t1	55	57	4802
sequential_recurrent_sample_t1	55	58	5845
sequential_recurrent_sample_t1	55	59	1590
sequential_recurrent_sample_t1	55	60	3933
sequential_recurrent_sample_t1	55	61	1217
sequential_recurrent_sample_t1	55	62	6567
sequential_recurrent_sample_t1	55	63	6804
sequential_recurrent_sample_t1	55	64	479
sequential_recurrent_sample_t1	56	1	1603
sequential_recurrent_sample_t1	56	2	674
sequential_recurrent_sample_t1	56	3	472
sequential_recurrent_sample_t1	56	4	90
sequential_recurrent_sample_t1	56	5	1615
sequential_recurrent_sample_t1	56	6	221
sequential_recurrent_sample_t1	56	7	276
sequential_recurrent_sample_t1	56	8	3280
sequential_recurrent_sample_t1	56	9	5673
sequential_recurrent_sample_t1	56	10	70
sequential_recurrent_sample_t1	56	11	1416
sequential_recurrent_sample_t1	56	12	238
sequential_recurrent_sample_t1	56	13	3587
sequential_recurrent_sample_t1	56	14	2892
sequential_recurrent_sample_t1	56	15	356
sequential_recurrent_sample_t1	56	16	217
sequential_recurrent_sample_t1	56	17	4012
sequential_recurrent_sample_t1	56	18	2463
sequential_recurrent_sample_t1	56	19	303
sequential_recurrent_sample_t1	56	20	3595
sequential_recurrent_sample_t1	56	21	5236
sequential_recurrent_sample_t1	56	22	2239
sequential_recurrent_sample_t1	56	23	6700
sequential_recurrent_sample_t1	56	24	302
sequential_recurrent_sample_t1	56	25	100
sequential_recurrent_sample_t1	56	26	3696
sequential_recurrent_sample_t1	56	27	295
sequential_recurrent_sample_t1	56	28	4823
sequential_recurrent_sample_t1	56	29	2373
sequential_recurrent_sample_t1	56	30	950
sequential_recurrent_sample_t1	56	31	6866
sequential_recurrent_sample_t1	56	32	3579
sequential_recurrent_sample_t1	56	33	1394
sequential_recurrent_sample_t1	56	34	4107
sequential_recurrent_sample_t1	56	35	4161
sequential_recurrent_sample_t1	56	36	1200
sequential_recurrent_sample_t1	56	37	1305
sequential_recurrent_sample_t1	56	38	7186
sequential_recurrent_sample_t1	56	39	3306
sequential_recurrent_sample_t1	56	40	6294
sequential_recurrent_sample_t1	56	41	281
sequential_recurrent_sample_t1	56	42	1056
sequential_recurrent_sample_t1	56	43	1694
sequential_recurrent_sample_t1	56	44	3961
sequential_recurrent_sample_t1	56	45	4147
sequential_recurrent_sample_t1	56	46	4174
sequential_recurrent_sample_t1	56	47	6443
sequential_recurrent_sample_t1	56	48	2119
sequential_recurrent_sample_t1	56	49	1591
sequential_recurrent_sample_t1	56	50	3205
sequential_recurrent_sample_t1	56	51	6358
sequential_recurrent_sample_t1	56	52	3470
sequential_recurrent_sample_t1	56	53	2411
sequential_recurrent_sample_t1	56	54	6457
sequential_recurrent_sample_t1	56	55	329
sequential_recurrent_sample_t1	56	56	1955
sequential_recurrent_sample_t1	56	57	6216
sequential_recurrent_sample_t1	56	58	6158
sequential_recurrent_sample_t1	56	59	6177
sequential_recurrent_sample_t1	56	60	3212
sequential_recurrent_sample_t1	56	61	7318
sequential_recurrent_sample_t1	56	62	4865
sequential_recurrent_sample_t1	56	63	4500
sequential_recurrent_sample_t1	56	64	3765
sequential_recurrent_sample_t1	57	1	1061
sequential_recurrent_sample_t1	57	2	557
sequential_recurrent_sample_t1	57	3	231
sequential_recurrent_sample_t1	57	4	4168
sequential_recurrent_sample_t1	57	5	4068
sequential_recurrent_sample_t1	57	6	418
sequential_recurrent_sample_t1	57	7	213
sequential_recurrent_sample_t1	57	8	238
sequential_recurrent_sample_t1	57	9	388
sequential_recurrent_sample_t1	57	10	2585
sequential_recurrent_sample_t1	57	11	5504
sequential_recurrent_sample_t1	57	12	727
sequential_recurrent_sample_t1	57	13	5619
sequential_recurrent_sample_t1	57	14	3467
sequential_recurrent_sample_t1	57	15	6195
sequential_recurrent_sample_t1	57	16	1824
sequential_recurrent_sample_t1	57	17	4127
sequential_recurrent_sample_t1	57	18	1768
sequential_recurrent_sample_t1	57	19	645
sequential_recurrent_sample_t1	57	20	1067
sequential_recurrent_sample_t1	57	21	4060
sequential_recurrent_sample_t1	57	22	1653
sequential_recurrent_sample_t1	57	23	695
sequential_recurrent_sample_t1	57	24	430
sequential_recurrent_sample_t1	57	25	7168
sequential_recurrent_sample_t1	57	26	252
sequential_recurrent_sample_t1	57	27	2713
sequential_recurrent_sample_t1	57	28	6174
sequential_recurrent_sample_t1	57	29	386
sequential_recurrent_sample_t1	57	30	2096
sequential_recurrent_sample_t1	57	31	493
sequential_recurrent_sample_t1	57	32	4986
sequential_recurrent_sample_t1	57	33	337
sequential_recurrent_sample_t1	57	34	721
sequential_recurrent_sample_t1	57	35	7840
sequential_recurrent_sample_t1	57	36	3045
sequential_recurrent_sample_t1	57	37	2881
sequential_recurrent_sample_t1	57	38	1827
sequential_recurrent_sample_t1	57	39	2622
sequential_recurrent_sample_t1	57	40	8022
sequential_recurrent_sample_t1	57	41	520
sequential_recurrent_sample_t1	57	42	560
sequential_recurrent_sample_t1	57	43	514
sequential_recurrent_sample_t1	57	44	762
sequential_recurrent_sample_t1	57	45	85
sequential_recurrent_sample_t1	57	46	3640
sequential_recurrent_sample_t1	57	47	4314
sequential_recurrent_sample_t1	57	48	6105
sequential_recurrent_sample_t1	57	49	6935
sequential_recurrent_sample_t1	57	50	5190
sequential_recurrent_sample_t1	57	51	6730
sequential_recurrent_sample_t1	57	52	2733
sequential_recurrent_sample_t1	57	53	2481
sequential_recurrent_sample_t1	57	54	3642
sequential_recurrent_sample_t1	57	55	1595
sequential_recurrent_sample_t1	57	56	5129
sequential_recurrent_sample_t1	57	57	4731
sequential_recurrent_sample_t1	57	58	7870
sequential_recurrent_sample_t1	57	59	732
sequential_recurrent_sample_t1	57	60	4362
sequential_recurrent_sample_t1	57	61	7364
sequential_recurrent_sample_t1	57	62	7063
sequential_recurrent_sample_t1	57	63	6040
sequential_recurrent_sample_t1	57	64	1983
sequential_recurrent_sample_t1	58	1	1
sequential_recurrent_sample_t1	58	2	1040
sequential_recurrent_sample_t1	58	3	371
sequential_recurrent_sample_t1	58	4	601
sequential_recurrent_sample_t1	58	5	1233
sequential_recurrent_sample_t1	58	6	461
sequential_recurrent_sample_t1	58	7	213
sequential_recurrent_sample_t1	58	8	1902
sequential_recurrent_sample_t1	58	9	213
sequential_recurrent_sample_t1	58	10	1109
sequential_recurrent_sample_t1	58	11	349
sequential_recurrent_sample_t1	58	12	293
sequential_recurrent_sample_t1	58	13	1808
sequential_recurrent_sample_t1	58	14	3564
sequential_recurrent_sample_t1	58	15	1661
sequential_recurrent_sample_t1	58	16	303
sequential_recurrent_sample_t1	58	17	1200
sequential_recurrent_sample_t1	58	18	1829
sequential_recurrent_sample_t1	58	19	213
sequential_recurrent_sample_t1	58	20	5641
sequential_recurrent_sample_t1	58	21	171
sequential_recurrent_sample_t1	58	22	7756
sequential_recurrent_sample_t1	58	23	1929
sequential_recurrent_sample_t1	58	24	210
sequential_recurrent_sample_t1	58	25	4905
sequential_recurrent_sample_t1	58	26	6121
sequential_recurrent_sample_t1	58	27	5679
sequential_recurrent_sample_t1	58	28	3363
sequential_recurrent_sample_t1	58	29	2539
sequential_recurrent_sample_t1	58	30	7169
sequential_recurrent_sample_t1	58	31	1012
sequential_recurrent_sample_t1	58	32	210
sequential_recurrent_sample_t1	58	33	3337
sequential_recurrent_sample_t1	58	34	2970
sequential_recurrent_sample_t1	58	35	7656
sequential_recurrent_sample_t1	58	36	323
sequential_recurrent_sample_t1	58	37	4691
sequential_recurrent_sample_t1	58	38	4651
sequential_recurrent_sample_t1	58	39	5920
sequential_recurrent_sample_t1	58	40	1615
sequential_recurrent_sample_t1	58	41	2601
sequential_recurrent_sample_t1	58	42	4316
sequential_recurrent_sample_t1	58	43	421
sequential_recurrent_sample_t1	58	44	1634
sequential_recurrent_sample_t1	58	45	4207
sequential_recurrent_sample_t1	58	46	1930
sequential_recurrent_sample_t1	58	47	6446
sequential_recurrent_sample_t1	58	48	5997
sequential_recurrent_sample_t1	58	49	1487
sequential_recurrent_sample_t1	58	50	7865
sequential_recurrent_sample_t1	58	51	920
sequential_recurrent_sample_t1	58	52	689
sequential_recurrent_sample_t1	58	53	4995
sequential_recurrent_sample_t1	58	54	1202
sequential_recurrent_sample_t1	58	55	4052
sequential_recurrent_sample_t1	58	56	8083
sequential_recurrent_sample_t1	58	57	834
sequential_recurrent_sample_t1	58	58	7740
sequential_recurrent_sample_t1	58	59	4446
sequential_recurrent_sample_t1	58	60	5571
sequential_recurrent_sample_t1	58	61	2031
sequential_recurrent_sample_t1	58	62	962
sequential_recurrent_sample_t1	58	63	2104
sequential_recurrent_sample_t1	58	64	7837
sequential_recurrent_sample_t1	59	1	72
sequential_recurrent_sample_t1	59	2	207
sequential_recurrent_sample_t1	59	3	2903
sequential_recurrent_sample_t1	59	4	493
sequential_recurrent_sample_t1	59	5	280
sequential_recurrent_sample_t1	59	6	269
sequential_recurrent_sample_t1	59	7	7138
sequential_recurrent_sample_t1	59	8	658
sequential_recurrent_sample_t1	59	9	228
sequential_recurrent_sample_t1	59	10	2994
sequential_recurrent_sample_t1	59	11	802
sequential_recurrent_sample_t1	59	12	1397
sequential_recurrent_sample_t1	59	13	5811
sequential_recurrent_sample_t1	59	14	1667
sequential_recurrent_sample_t1	59	15	2860
sequential_recurrent_sample_t1	59	16	7938
sequential_recurrent_sample_t1	59	17	4675
sequential_recurrent_sample_t1	59	18	2141
sequential_recurrent_sample_t1	59	19	391
sequential_recurrent_sample_t1	59	20	6056
sequential_recurrent_sample_t1	59	21	2144
sequential_recurrent_sample_t1	59	22	352
sequential_recurrent_sample_t1	59	23	2325
sequential_recurrent_sample_t1	59	24	4708
sequential_recurrent_sample_t1	59	25	2439
sequential_recurrent_sample_t1	59	26	4345
sequential_recurrent_sample_t1	59	27	5844
sequential_recurrent_sample_t1	59	28	3690
sequential_recurrent_sample_t1	59	29	2291
sequential_recurrent_sample_t1	59	30	90
sequential_recurrent_sample_t1	59	31	2042
sequential_recurrent_sample_t1	59	32	3315
sequential_recurrent_sample_t1	59	33	4434
sequential_recurrent_sample_t1	59	34	1633
sequential_recurrent_sample_t1	59	35	626
sequential_recurrent_sample_t1	59	36	909
sequential_recurrent_sample_t1	59	37	1981
sequential_recurrent_sample_t1	59	38	3687
sequential_recurrent_sample_t1	59	39	263
sequential_recurrent_sample_t1	59	40	8022
sequential_recurrent_sample_t1	59	41	331
sequential_recurrent_sample_t1	59	42	278
sequential_recurrent_sample_t1	59	43	853
sequential_recurrent_sample_t1	59	44	2308
sequential_recurrent_sample_t1	59	45	2010
sequential_recurrent_sample_t1	59	46	2914
sequential_recurrent_sample_t1	59	47	473
sequential_recurrent_sample_t1	59	48	7530
sequential_recurrent_sample_t1	59	49	6008
sequential_recurrent_sample_t1	59	50	4130
sequential_recurrent_sample_t1	59	51	7194
sequential_recurrent_sample_t1	59	52	4783
sequential_recurrent_sample_t1	59	53	533
sequential_recurrent_sample_t1	59	54	1326
sequential_recurrent_sample_t1	59	55	2373
sequential_recurrent_sample_t1	59	56	7398
sequential_recurrent_sample_t1	59	57	4503
sequential_recurrent_sample_t1	59	58	3509
sequential_recurrent_sample_t1	59	59	970
sequential_recurrent_sample_t1	59	60	3424
sequential_recurrent_sample_t1	59	61	8158
sequential_recurrent_sample_t1	59	62	3433
sequential_recurrent_sample_t1	59	63	1405
sequential_recurrent_sample_t1	59	64	6099
sequential_recurrent_sample_t1	60	1	429
sequential_recurrent_sample_t1	60	2	1181
sequential_recurrent_sample_t1	60	3	3455
sequential_recurrent_sample_t1	60	4	575
sequential_recurrent_sample_t1	60	5	4152
sequential_recurrent_sample_t1	60	6	653
sequential_recurrent_sample_t1	60	7	2247
sequential_recurrent_sample_t1	60	8	287
sequential_recurrent_sample_t1	60	9	320
sequential_recurrent_sample_t1	60	10	5396
sequential_recurrent_sample_t1	60	11	392
sequential_recurrent_sample_t1	60	12	4944
sequential_recurrent_sample_t1	60	13	1226
sequential_recurrent_sample_t1	60	14	1960
sequential_recurrent_sample_t1	60	15	3198
sequential_recurrent_sample_t1	60	16	481
sequential_recurrent_sample_t1	60	17	1300
sequential_recurrent_sample_t1	60	18	2286
sequential_recurrent_sample_t1	60	19	4191
sequential_recurrent_sample_t1	60	20	2936
sequential_recurrent_sample_t1	60	21	4903
sequential_recurrent_sample_t1	60	22	5892
sequential_recurrent_sample_t1	60	23	91
sequential_recurrent_sample_t1	60	24	266
sequential_recurrent_sample_t1	60	25	258
sequential_recurrent_sample_t1	60	26	7029
sequential_recurrent_sample_t1	60	27	7507
sequential_recurrent_sample_t1	60	28	8121
sequential_recurrent_sample_t1	60	29	230
sequential_recurrent_sample_t1	60	30	712
sequential_recurrent_sample_t1	60	31	5530
sequential_recurrent_sample_t1	60	32	594
sequential_recurrent_sample_t1	60	33	5376
sequential_recurrent_sample_t1	60	34	439
sequential_recurrent_sample_t1	60	35	4069
sequential_recurrent_sample_t1	60	36	2070
sequential_recurrent_sample_t1	60	37	1207
sequential_recurrent_sample_t1	60	38	7223
sequential_recurrent_sample_t1	60	39	7934
sequential_recurrent_sample_t1	60	40	1370
sequential_recurrent_sample_t1	60	41	356
sequential_recurrent_sample_t1	60	42	495
sequential_recurrent_sample_t1	60	43	4501
sequential_recurrent_sample_t1	60	44	5044
sequential_recurrent_sample_t1	60	45	5515
sequential_recurrent_sample_t1	60	46	1003
sequential_recurrent_sample_t1	60	47	4810
sequential_recurrent_sample_t1	60	48	5705
sequential_recurrent_sample_t1	60	49	1920
sequential_recurrent_sample_t1	60	50	6106
sequential_recurrent_sample_t1	60	51	4544
sequential_recurrent_sample_t1	60	52	1148
sequential_recurrent_sample_t1	60	53	5850
sequential_recurrent_sample_t1	60	54	6898
sequential_recurrent_sample_t1	60	55	3389
sequential_recurrent_sample_t1	60	56	653
sequential_recurrent_sample_t1	60	57	1592
sequential_recurrent_sample_t1	60	58	5795
sequential_recurrent_sample_t1	60	59	750
sequential_recurrent_sample_t1	60	60	2861
sequential_recurrent_sample_t1	60	61	1350
sequential_recurrent_sample_t1	60	62	826
sequential_recurrent_sample_t1	60	63	5110
sequential_recurrent_sample_t1	60	64	3259
sequential_recurrent_sample_t1	61	1	79
sequential_recurrent_sample_t1	61	2	280
sequential_recurrent_sample_t1	61	3	245
sequential_recurrent_sample_t1	61	4	594
sequential_recurrent_sample_t1	61	5	3111
sequential_recurrent_sample_t1	61	6	4700
sequential_recurrent_sample_t1	61	7	985
sequential_recurrent_sample_t1	61	8	307
sequential_recurrent_sample_t1	61	9	708
sequential_recurrent_sample_t1	61	10	729
sequential_recurrent_sample_t1	61	11	1829
sequential_recurrent_sample_t1	61	12	3411
sequential_recurrent_sample_t1	61	13	653
sequential_recurrent_sample_t1	61	14	210
sequential_recurrent_sample_t1	61	15	1758
sequential_recurrent_sample_t1	61	16	5479
sequential_recurrent_sample_t1	61	17	4786
sequential_recurrent_sample_t1	61	18	245
sequential_recurrent_sample_t1	61	19	849
sequential_recurrent_sample_t1	61	20	7967
sequential_recurrent_sample_t1	61	21	7868
sequential_recurrent_sample_t1	61	22	3417
sequential_recurrent_sample_t1	61	23	790
sequential_recurrent_sample_t1	61	24	6148
sequential_recurrent_sample_t1	61	25	6273
sequential_recurrent_sample_t1	61	26	4929
sequential_recurrent_sample_t1	61	27	2320
sequential_recurrent_sample_t1	61	28	1889
sequential_recurrent_sample_t1	61	29	866
sequential_recurrent_sample_t1	61	30	7672
sequential_recurrent_sample_t1	61	31	2626
sequential_recurrent_sample_t1	61	32	6519
sequential_recurrent_sample_t1	61	33	916
sequential_recurrent_sample_t1	61	34	2002
sequential_recurrent_sample_t1	61	35	211
sequential_recurrent_sample_t1	61	36	736
sequential_recurrent_sample_t1	61	37	1622
sequential_recurrent_sample_t1	61	38	7882
sequential_recurrent_sample_t1	61	39	208
sequential_recurrent_sample_t1	61	40	1929
sequential_recurrent_sample_t1	61	41	6776
sequential_recurrent_sample_t1	61	42	72
sequential_recurrent_sample_t1	61	43	6693
sequential_recurrent_sample_t1	61	44	7986
sequential_recurrent_sample_t1	61	45	5523
sequential_recurrent_sample_t1	61	46	776
sequential_recurrent_sample_t1	61	47	4652
sequential_recurrent_sample_t1	61	48	6617
sequential_recurrent_sample_t1	61	49	2261
sequential_recurrent_sample_t1	61	50	632
sequential_recurrent_sample_t1	61	51	2303
sequential_recurrent_sample_t1	61	52	513
sequential_recurrent_sample_t1	61	53	2445
sequential_recurrent_sample_t1	61	54	1938
sequential_recurrent_sample_t1	61	55	3336
sequential_recurrent_sample_t1	61	56	3193
sequential_recurrent_sample_t1	61	57	554
sequential_recurrent_sample_t1	61	58	5794
sequential_recurrent_sample_t1	61	59	3427
sequential_recurrent_sample_t1	61	60	668
sequential_recurrent_sample_t1	61	61	6941
sequential_recurrent_sample_t1	61	62	1689
sequential_recurrent_sample_t1	61	63	5607
sequential_recurrent_sample_t1	61	64	3823
sequential_recurrent_sample_t1	62	1	919
sequential_recurrent_sample_t1	62	2	267
sequential_recurrent_sample_t1	62	3	370
sequential_recurrent_sample_t1	62	4	352
sequential_recurrent_sample_t1	62	5	210
sequential_recurrent_sample_t1	62	6	3431
sequential_recurrent_sample_t1	62	7	6489
sequential_recurrent_sample_t1	62	8	6495
sequential_recurrent_sample_t1	62	9	2757
sequential_recurrent_sample_t1	62	10	2035
sequential_recurrent_sample_t1	62	11	706
sequential_recurrent_sample_t1	62	12	222
sequential_recurrent_sample_t1	62	13	7954
sequential_recurrent_sample_t1	62	14	332
sequential_recurrent_sample_t1	62	15	5381
sequential_recurrent_sample_t1	62	16	4550
sequential_recurrent_sample_t1	62	17	956
sequential_recurrent_sample_t1	62	18	315
sequential_recurrent_sample_t1	62	19	4381
sequential_recurrent_sample_t1	62	20	6990
sequential_recurrent_sample_t1	62	21	80
sequential_recurrent_sample_t1	62	22	4069
sequential_recurrent_sample_t1	62	23	975
sequential_recurrent_sample_t1	62	24	370
sequential_recurrent_sample_t1	62	25	1900
sequential_recurrent_sample_t1	62	26	6743
sequential_recurrent_sample_t1	62	27	3206
sequential_recurrent_sample_t1	62	28	4194
sequential_recurrent_sample_t1	62	29	1130
sequential_recurrent_sample_t1	62	30	4208
sequential_recurrent_sample_t1	62	31	2396
sequential_recurrent_sample_t1	62	32	3282
sequential_recurrent_sample_t1	62	33	3285
sequential_recurrent_sample_t1	62	34	7724
sequential_recurrent_sample_t1	62	35	1302
sequential_recurrent_sample_t1	62	36	302
sequential_recurrent_sample_t1	62	37	6587
sequential_recurrent_sample_t1	62	38	447
sequential_recurrent_sample_t1	62	39	6861
sequential_recurrent_sample_t1	62	40	7738
sequential_recurrent_sample_t1	62	41	6009
sequential_recurrent_sample_t1	62	42	3170
sequential_recurrent_sample_t1	62	43	948
sequential_recurrent_sample_t1	62	44	2
sequential_recurrent_sample_t1	62	45	6771
sequential_recurrent_sample_t1	62	46	84
sequential_recurrent_sample_t1	62	47	4500
sequential_recurrent_sample_t1	62	48	7861
sequential_recurrent_sample_t1	62	49	858
sequential_recurrent_sample_t1	62	50	3783
sequential_recurrent_sample_t1	62	51	2778
sequential_recurrent_sample_t1	62	52	5817
sequential_recurrent_sample_t1	62	53	1681
sequential_recurrent_sample_t1	62	54	94
sequential_recurrent_sample_t1	62	55	6208
sequential_recurrent_sample_t1	62	56	3878
sequential_recurrent_sample_t1	62	57	6051
sequential_recurrent_sample_t1	62	58	5344
sequential_recurrent_sample_t1	62	59	3011
sequential_recurrent_sample_t1	62	60	8190
sequential_recurrent_sample_t1	62	61	5414
sequential_recurrent_sample_t1	62	62	627
sequential_recurrent_sample_t1	62	63	1292
sequential_recurrent_sample_t1	62	64	188
sequential_recurrent_sample_t1	63	1	311
sequential_recurrent_sample_t1	63	2	1123
sequential_recurrent_sample_t1	63	3	212
sequential_recurrent_sample_t1	63	4	66
sequential_recurrent_sample_t1	63	5	322
sequential_recurrent_sample_t1	63	6	213
sequential_recurrent_sample_t1	63	7	2572
sequential_recurrent_sample_t1	63	8	1404
sequential_recurrent_sample_t1	63	9	786
sequential_recurrent_sample_t1	63	10	5316
sequential_recurrent_sample_t1	63	11	208
sequential_recurrent_sample_t1	63	12	6144
sequential_recurrent_sample_t1	63	13	73
sequential_recurrent_sample_t1	63	14	297
sequential_recurrent_sample_t1	63	15	7306
sequential_recurrent_sample_t1	63	16	4501
sequential_recurrent_sample_t1	63	17	6908
sequential_recurrent_sample_t1	63	18	2522
sequential_recurrent_sample_t1	63	19	3224
sequential_recurrent_sample_t1	63	20	1018
sequential_recurrent_sample_t1	63	21	352
sequential_recurrent_sample_t1	63	22	1855
sequential_recurrent_sample_t1	63	23	7506
sequential_recurrent_sample_t1	63	24	6441
sequential_recurrent_sample_t1	63	25	739
sequential_recurrent_sample_t1	63	26	7575
sequential_recurrent_sample_t1	63	27	2813
sequential_recurrent_sample_t1	63	28	83
sequential_recurrent_sample_t1	63	29	638
sequential_recurrent_sample_t1	63	30	4793
sequential_recurrent_sample_t1	63	31	1270
sequential_recurrent_sample_t1	63	32	2634
sequential_recurrent_sample_t1	63	33	3590
sequential_recurrent_sample_t1	63	34	2807
sequential_recurrent_sample_t1	63	35	3548
sequential_recurrent_sample_t1	63	36	3806
sequential_recurrent_sample_t1	63	37	3544
sequential_recurrent_sample_t1	63	38	6962
sequential_recurrent_sample_t1	63	39	6481
sequential_recurrent_sample_t1	63	40	5597
sequential_recurrent_sample_t1	63	41	252
sequential_recurrent_sample_t1	63	42	3738
sequential_recurrent_sample_t1	63	43	454
sequential_recurrent_sample_t1	63	44	7869
sequential_recurrent_sample_t1	63	45	2578
sequential_recurrent_sample_t1	63	46	363
sequential_recurrent_sample_t1	63	47	763
sequential_recurrent_sample_t1	63	48	4243
sequential_recurrent_sample_t1	63	49	7397
sequential_recurrent_sample_t1	63	50	3600
sequential_recurrent_sample_t1	63	51	2555
sequential_recurrent_sample_t1	63	52	296
sequential_recurrent_sample_t1	63	53	5708
sequential_recurrent_sample_t1	63	54	7840
sequential_recurrent_sample_t1	63	55	2100
sequential_recurrent_sample_t1	63	56	4589
sequential_recurrent_sample_t1	63	57	2152
sequential_recurrent_sample_t1	63	58	6278
sequential_recurrent_sample_t1	63	59	4226
sequential_recurrent_sample_t1	63	60	622
sequential_recurrent_sample_t1	63	61	505
sequential_recurrent_sample_t1	63	62	993
sequential_recurrent_sample_t1	63	63	4190
sequential_recurrent_sample_t1	63	64	462
sequential_reanchored_greedy	0	1	884
sequential_reanchored_greedy	0	2	1105
sequential_reanchored_greedy	0	3	213
sequential_reanchored_greedy	0	4	238
sequential_reanchored_greedy	0	5	210
sequential_reanchored_greedy	0	6	473
sequential_reanchored_greedy	0	7	287
sequential_reanchored_greedy	0	8	287
sequential_reanchored_greedy	0	9	287
sequential_reanchored_greedy	0	10	287
sequential_reanchored_greedy	0	11	287
sequential_reanchored_greedy	0	12	287
sequential_reanchored_greedy	0	13	287
sequential_reanchored_greedy	0	14	287
sequential_reanchored_greedy	0	15	287
sequential_reanchored_greedy	0	16	287
sequential_reanchored_greedy	0	17	287
sequential_reanchored_greedy	0	18	287
sequential_reanchored_greedy	0	19	287
sequential_reanchored_greedy	0	20	287
sequential_reanchored_greedy	0	21	287
sequential_reanchored_greedy	0	22	287
sequential_reanchored_greedy	0	23	287
sequential_reanchored_greedy	0	24	287
sequential_reanchored_greedy	0	25	287
sequential_reanchored_greedy	0	26	287
sequential_reanchored_greedy	0	27	287
sequential_reanchored_greedy	0	28	287
sequential_reanchored_greedy	0	29	287
sequential_reanchored_greedy	0	30	287
sequential_reanchored_greedy	0	31	287
sequential_reanchored_greedy	0	32	287
sequential_reanchored_greedy	0	33	287
sequential_reanchored_greedy	0	34	287
sequential_reanchored_greedy	0	35	287
sequential_reanchored_greedy	0	36	287
sequential_reanchored_greedy	0	37	287
sequential_reanchored_greedy	0	38	287
sequential_reanchored_greedy	0	39	287
sequential_reanchored_greedy	0	40	287
sequential_reanchored_greedy	0	41	287
sequential_reanchored_greedy	0	42	287
sequential_reanchored_greedy	0	43	287
sequential_reanchored_greedy	0	44	287
sequential_reanchored_greedy	0	45	287
sequential_reanchored_greedy	0	46	287
sequential_reanchored_greedy	0	47	287
sequential_reanchored_greedy	0	48	287
sequential_reanchored_greedy	0	49	287
sequential_reanchored_greedy	0	50	287
sequential_reanchored_greedy	0	51	287
sequential_reanchored_greedy	0	52	287
sequential_reanchored_greedy	0	53	287
sequential_reanchored_greedy	0	54	287
sequential_reanchored_greedy	0	55	287
sequential_reanchored_greedy	0	56	287
sequential_reanchored_greedy	0	57	287
sequential_reanchored_greedy	0	58	287
sequential_reanchored_greedy	0	59	287
sequential_reanchored_greedy	0	60	287
sequential_reanchored_greedy	0	61	287
sequential_reanchored_greedy	0	62	287
sequential_reanchored_greedy	0	63	287
sequential_reanchored_greedy	0	64	287
sequential_reanchored_greedy	1	1	908
sequential_reanchored_greedy	1	2	216
sequential_reanchored_greedy	1	3	213
sequential_reanchored_greedy	1	4	238
sequential_reanchored_greedy	1	5	210
sequential_reanchored_greedy	1	6	473
sequential_reanchored_greedy	1	7	231
sequential_reanchored_greedy	1	8	210
sequential_reanchored_greedy	1	9	473
sequential_reanchored_greedy	1	10	287
sequential_reanchored_greedy	1	11	287
sequential_reanchored_greedy	1	12	287
sequential_reanchored_greedy	1	13	287
sequential_reanchored_greedy	1	14	287
sequential_reanchored_greedy	1	15	287
sequential_reanchored_greedy	1	16	287
sequential_reanchored_greedy	1	17	287
sequential_reanchored_greedy	1	18	287
sequential_reanchored_greedy	1	19	287
sequential_reanchored_greedy	1	20	287
sequential_reanchored_greedy	1	21	287
sequential_reanchored_greedy	1	22	287
sequential_reanchored_greedy	1	23	287
sequential_reanchored_greedy	1	24	287
sequential_reanchored_greedy	1	25	287
sequential_reanchored_greedy	1	26	287
sequential_reanchored_greedy	1	27	287
sequential_reanchored_greedy	1	28	287
sequential_reanchored_greedy	1	29	287
sequential_reanchored_greedy	1	30	287
sequential_reanchored_greedy	1	31	287
sequential_reanchored_greedy	1	32	287
sequential_reanchored_greedy	1	33	287
sequential_reanchored_greedy	1	34	287
sequential_reanchored_greedy	1	35	287
sequential_reanchored_greedy	1	36	287
sequential_reanchored_greedy	1	37	287
sequential_reanchored_greedy	1	38	287
sequential_reanchored_greedy	1	39	287
sequential_reanchored_greedy	1	40	287
sequential_reanchored_greedy	1	41	287
sequential_reanchored_greedy	1	42	287
sequential_reanchored_greedy	1	43	287
sequential_reanchored_greedy	1	44	287
sequential_reanchored_greedy	1	45	287
sequential_reanchored_greedy	1	46	287
sequential_reanchored_greedy	1	47	287
sequential_reanchored_greedy	1	48	287
sequential_reanchored_greedy	1	49	287
sequential_reanchored_greedy	1	50	287
sequential_reanchored_greedy	1	51	287
sequential_reanchored_greedy	1	52	287
sequential_reanchored_greedy	1	53	287
sequential_reanchored_greedy	1	54	287
sequential_reanchored_greedy	1	55	287
sequential_reanchored_greedy	1	56	287
sequential_reanchored_greedy	1	57	287
sequential_reanchored_greedy	1	58	287
sequential_reanchored_greedy	1	59	287
sequential_reanchored_greedy	1	60	287
sequential_reanchored_greedy	1	61	287
sequential_reanchored_greedy	1	62	287
sequential_reanchored_greedy	1	63	287
sequential_reanchored_greedy	1	64	287
sequential_reanchored_greedy	2	1	255
sequential_reanchored_greedy	2	2	221
sequential_reanchored_greedy	2	3	266
sequential_reanchored_greedy	2	4	1
sequential_reanchored_greedy	2	5	250
sequential_reanchored_greedy	2	6	250
sequential_reanchored_greedy	2	7	250
sequential_reanchored_greedy	2	8	250
sequential_reanchored_greedy	2	9	250
sequential_reanchored_greedy	2	10	266
sequential_reanchored_greedy	2	11	1
sequential_reanchored_greedy	2	12	276
sequential_reanchored_greedy	2	13	953
sequential_reanchored_greedy	2	14	231
sequential_reanchored_greedy	2	15	276
sequential_reanchored_greedy	2	16	953
sequential_reanchored_greedy	2	17	271
sequential_reanchored_greedy	2	18	208
sequential_reanchored_greedy	2	19	255
sequential_reanchored_greedy	2	20	231
sequential_reanchored_greedy	2	21	255
sequential_reanchored_greedy	2	22	276
sequential_reanchored_greedy	2	23	953
sequential_reanchored_greedy	2	24	255
sequential_reanchored_greedy	2	25	255
sequential_reanchored_greedy	2	26	213
sequential_reanchored_greedy	2	27	255
sequential_reanchored_greedy	2	28	255
sequential_reanchored_greedy	2	29	255
sequential_reanchored_greedy	2	30	255
sequential_reanchored_greedy	2	31	255
sequential_reanchored_greedy	2	32	255
sequential_reanchored_greedy	2	33	255
sequential_reanchored_greedy	2	34	255
sequential_reanchored_greedy	2	35	255
sequential_reanchored_greedy	2	36	255
sequential_reanchored_greedy	2	37	255
sequential_reanchored_greedy	2	38	255
sequential_reanchored_greedy	2	39	255
sequential_reanchored_greedy	2	40	255
sequential_reanchored_greedy	2	41	255
sequential_reanchored_greedy	2	42	255
sequential_reanchored_greedy	2	43	255
sequential_reanchored_greedy	2	44	255
sequential_reanchored_greedy	2	45	255
sequential_reanchored_greedy	2	46	255
sequential_reanchored_greedy	2	47	255
sequential_reanchored_greedy	2	48	255
sequential_reanchored_greedy	2	49	255
sequential_reanchored_greedy	2	50	255
sequential_reanchored_greedy	2	51	255
sequential_reanchored_greedy	2	52	255
sequential_reanchored_greedy	2	53	255
sequential_reanchored_greedy	2	54	255
sequential_reanchored_greedy	2	55	255
sequential_reanchored_greedy	2	56	255
sequential_reanchored_greedy	2	57	255
sequential_reanchored_greedy	2	58	255
sequential_reanchored_greedy	2	59	255
sequential_reanchored_greedy	2	60	255
sequential_reanchored_greedy	2	61	255
sequential_reanchored_greedy	2	62	255
sequential_reanchored_greedy	2	63	255
sequential_reanchored_greedy	2	64	255
sequential_reanchored_greedy	3	1	24
sequential_reanchored_greedy	3	2	221
sequential_reanchored_greedy	3	3	266
sequential_reanchored_greedy	3	4	1
sequential_reanchored_greedy	3	5	250
sequential_reanchored_greedy	3	6	250
sequential_reanchored_greedy	3	7	250
sequential_reanchored_greedy	3	8	250
sequential_reanchored_greedy	3	9	250
sequential_reanchored_greedy	3	10	266
sequential_reanchored_greedy	3	11	1
sequential_reanchored_greedy	3	12	369
sequential_reanchored_greedy	3	13	210
sequential_reanchored_greedy	3	14	1069
sequential_reanchored_greedy	3	15	1909
sequential_reanchored_greedy	3	16	231
sequential_reanchored_greedy	3	17	210
sequential_reanchored_greedy	3	18	1069
sequential_reanchored_greedy	3	19	1909
sequential_reanchored_greedy	3	20	231
sequential_reanchored_greedy	3	21	210
sequential_reanchored_greedy	3	22	1909
sequential_reanchored_greedy	3	23	1909
sequential_reanchored_greedy	3	24	213
sequential_reanchored_greedy	3	25	210
sequential_reanchored_greedy	3	26	1909
sequential_reanchored_greedy	3	27	1909
sequential_reanchored_greedy	3	28	1909
sequential_reanchored_greedy	3	29	1909
sequential_reanchored_greedy	3	30	1909
sequential_reanchored_greedy	3	31	1909
sequential_reanchored_greedy	3	32	1909
sequential_reanchored_greedy	3	33	1909
sequential_reanchored_greedy	3	34	1909
sequential_reanchored_greedy	3	35	1909
sequential_reanchored_greedy	3	36	1909
sequential_reanchored_greedy	3	37	1909
sequential_reanchored_greedy	3	38	1909
sequential_reanchored_greedy	3	39	1909
sequential_reanchored_greedy	3	40	1909
sequential_reanchored_greedy	3	41	1909
sequential_reanchored_greedy	3	42	1909
sequential_reanchored_greedy	3	43	1909
sequential_reanchored_greedy	3	44	1909
sequential_reanchored_greedy	3	45	1909
sequential_reanchored_greedy	3	46	1909
sequential_reanchored_greedy	3	47	1909
sequential_reanchored_greedy	3	48	1909
sequential_reanchored_greedy	3	49	1909
sequential_reanchored_greedy	3	50	1909
sequential_reanchored_greedy	3	51	1909
sequential_reanchored_greedy	3	52	1909
sequential_reanchored_greedy	3	53	1909
sequential_reanchored_greedy	3	54	1909
sequential_reanchored_greedy	3	55	1909
sequential_reanchored_greedy	3	56	1909
sequential_reanchored_greedy	3	57	1909
sequential_reanchored_greedy	3	58	1909
sequential_reanchored_greedy	3	59	1909
sequential_reanchored_greedy	3	60	1909
sequential_reanchored_greedy	3	61	1909
sequential_reanchored_greedy	3	62	1909
sequential_reanchored_greedy	3	63	1909
sequential_reanchored_greedy	3	64	1909
sequential_reanchored_greedy	4	1	231
sequential_reanchored_greedy	4	2	210
sequential_reanchored_greedy	4	3	473
sequential_reanchored_greedy	4	4	596
sequential_reanchored_greedy	4	5	213
sequential_reanchored_greedy	4	6	238
sequential_reanchored_greedy	4	7	210
sequential_reanchored_greedy	4	8	473
sequential_reanchored_greedy	4	9	596
sequential_reanchored_greedy	4	10	271
sequential_reanchored_greedy	4	11	210
sequential_reanchored_greedy	4	12	473
sequential_reanchored_greedy	4	13	473
sequential_reanchored_greedy	4	14	473
sequential_reanchored_greedy	4	15	596
sequential_reanchored_greedy	4	16	221
sequential_reanchored_greedy	4	17	266
sequential_reanchored_greedy	4	18	1
sequential_reanchored_greedy	4	19	250
sequential_reanchored_greedy	4	20	250
sequential_reanchored_greedy	4	21	250
sequential_reanchored_greedy	4	22	250
sequential_reanchored_greedy	4	23	250
sequential_reanchored_greedy	4	24	266
sequential_reanchored_greedy	4	25	1
sequential_reanchored_greedy	4	26	276
sequential_reanchored_greedy	4	27	473
sequential_reanchored_greedy	4	28	473
sequential_reanchored_greedy	4	29	473
sequential_reanchored_greedy	4	30	473
sequential_reanchored_greedy	4	31	473
sequential_reanchored_greedy	4	32	233
sequential_reanchored_greedy	4	33	210
sequential_reanchored_greedy	4	34	473
sequential_reanchored_greedy	4	35	596
sequential_reanchored_greedy	4	36	231
sequential_reanchored_greedy	4	37	210
sequential_reanchored_greedy	4	38	473
sequential_reanchored_greedy	4	39	473
sequential_reanchored_greedy	4	40	473
sequential_reanchored_greedy	4	41	473
sequential_reanchored_greedy	4	42	473
sequential_reanchored_greedy	4	43	233
sequential_reanchored_greedy	4	44	210
sequential_reanchored_greedy	4	45	473
sequential_reanchored_greedy	4	46	596
sequential_reanchored_greedy	4	47	221
sequential_reanchored_greedy	4	48	276
sequential_reanchored_greedy	4	49	473
sequential_reanchored_greedy	4	50	473
sequential_reanchored_greedy	4	51	473
sequential_reanchored_greedy	4	52	473
sequential_reanchored_greedy	4	53	473
sequential_reanchored_greedy	4	54	233
sequential_reanchored_greedy	4	55	210
sequential_reanchored_greedy	4	56	473
sequential_reanchored_greedy	4	57	473
sequential_reanchored_greedy	4	58	473
sequential_reanchored_greedy	4	59	233
sequential_reanchored_greedy	4	60	210
sequential_reanchored_greedy	4	61	473
sequential_reanchored_greedy	4	62	473
sequential_reanchored_greedy	4	63	233
sequential_reanchored_greedy	4	64	210
sequential_reanchored_greedy	5	1	473
sequential_reanchored_greedy	5	2	953
sequential_reanchored_greedy	5	3	213
sequential_reanchored_greedy	5	4	238
sequential_reanchored_greedy	5	5	271
sequential_reanchored_greedy	5	6	1034
sequential_reanchored_greedy	5	7	233
sequential_reanchored_greedy	5	8	210
sequential_reanchored_greedy	5	9	953
sequential_reanchored_greedy	5	10	221
sequential_reanchored_greedy	5	11	276
sequential_reanchored_greedy	5	12	953
sequential_reanchored_greedy	5	13	271
sequential_reanchored_greedy	5	14	1034
sequential_reanchored_greedy	5	15	233
sequential_reanchored_greedy	5	16	210
sequential_reanchored_greedy	5	17	953
sequential_reanchored_greedy	5	18	213
sequential_reanchored_greedy	5	19	238
sequential_reanchored_greedy	5	20	271
sequential_reanchored_greedy	5	21	1034
sequential_reanchored_greedy	5	22	233
sequential_reanchored_greedy	5	23	210
sequential_reanchored_greedy	5	24	953
sequential_reanchored_greedy	5	25	221
sequential_reanchored_greedy	5	26	276
sequential_reanchored_greedy	5	27	953
sequential_reanchored_greedy	5	28	271
sequential_reanchored_greedy	5	29	1034
sequential_reanchored_greedy	5	30	233
sequential_reanchored_greedy	5	31	210
sequential_reanchored_greedy	5	32	953
sequential_reanchored_greedy	5	33	213
sequential_reanchored_greedy	5	34	238
sequential_reanchored_greedy	5	35	271
sequential_reanchored_greedy	5	36	1034
sequential_reanchored_greedy	5	37	233
sequential_reanchored_greedy	5	38	210
sequential_reanchored_greedy	5	39	953
sequential_reanchored_greedy	5	40	221
sequential_reanchored_greedy	5	41	276
sequential_reanchored_greedy	5	42	953
sequential_reanchored_greedy	5	43	271
sequential_reanchored_greedy	5	44	1034
sequential_reanchored_greedy	5	45	233
sequential_reanchored_greedy	5	46	210
sequential_reanchored_greedy	5	47	953
sequential_reanchored_greedy	5	48	213
sequential_reanchored_greedy	5	49	238
sequential_reanchored_greedy	5	50	271
sequential_reanchored_greedy	5	51	1034
sequential_reanchored_greedy	5	52	233
sequential_reanchored_greedy	5	53	210
sequential_reanchored_greedy	5	54	953
sequential_reanchored_greedy	5	55	221
sequential_reanchored_greedy	5	56	276
sequential_reanchored_greedy	5	57	953
sequential_reanchored_greedy	5	58	271
sequential_reanchored_greedy	5	59	1034
sequential_reanchored_greedy	5	60	233
sequential_reanchored_greedy	5	61	210
sequential_reanchored_greedy	5	62	953
sequential_reanchored_greedy	5	63	213
sequential_reanchored_greedy	5	64	238
sequential_reanchored_greedy	6	1	1909
sequential_reanchored_greedy	6	2	1909
sequential_reanchored_greedy	6	3	213
sequential_reanchored_greedy	6	4	238
sequential_reanchored_greedy	6	5	210
sequential_reanchored_greedy	6	6	1069
sequential_reanchored_greedy	6	7	1909
sequential_reanchored_greedy	6	8	1909
sequential_reanchored_greedy	6	9	1909
sequential_reanchored_greedy	6	10	221
sequential_reanchored_greedy	6	11	276
sequential_reanchored_greedy	6	12	1909
sequential_reanchored_greedy	6	13	1909
sequential_reanchored_greedy	6	14	1909
sequential_reanchored_greedy	6	15	1909
sequential_reanchored_greedy	6	16	213
sequential_reanchored_greedy	6	17	238
sequential_reanchored_greedy	6	18	210
sequential_reanchored_greedy	6	19	1909
sequential_reanchored_greedy	6	20	1909
sequential_reanchored_greedy	6	21	1909
sequential_reanchored_greedy	6	22	1909
sequential_reanchored_greedy	6	23	1909
sequential_reanchored_greedy	6	24	1909
sequential_reanchored_greedy	6	25	238
sequential_reanchored_greedy	6	26	1909
sequential_reanchored_greedy	6	27	1909
sequential_reanchored_greedy	6	28	1909
sequential_reanchored_greedy	6	29	1909
sequential_reanchored_greedy	6	30	1909
sequential_reanchored_greedy	6	31	221
sequential_reanchored_greedy	6	32	276
sequential_reanchored_greedy	6	33	1909
sequential_reanchored_greedy	6	34	1909
sequential_reanchored_greedy	6	35	1909
sequential_reanchored_greedy	6	36	1909
sequential_reanchored_greedy	6	37	238
sequential_reanchored_greedy	6	38	1909
sequential_reanchored_greedy	6	39	1909
sequential_reanchored_greedy	6	40	1909
sequential_reanchored_greedy	6	41	238
sequential_reanchored_greedy	6	42	1909
sequential_reanchored_greedy	6	43	1909
sequential_reanchored_greedy	6	44	1909
sequential_reanchored_greedy	6	45	238
sequential_reanchored_greedy	6	46	1909
sequential_reanchored_greedy	6	47	1909
sequential_reanchored_greedy	6	48	221
sequential_reanchored_greedy	6	49	276
sequential_reanchored_greedy	6	50	1909
sequential_reanchored_greedy	6	51	1909
sequential_reanchored_greedy	6	52	1909
sequential_reanchored_greedy	6	53	1909
sequential_reanchored_greedy	6	54	238
sequential_reanchored_greedy	6	55	1909
sequential_reanchored_greedy	6	56	1909
sequential_reanchored_greedy	6	57	1909
sequential_reanchored_greedy	6	58	238
sequential_reanchored_greedy	6	59	1909
sequential_reanchored_greedy	6	60	1909
sequential_reanchored_greedy	6	61	238
sequential_reanchored_greedy	6	62	1909
sequential_reanchored_greedy	6	63	1909
sequential_reanchored_greedy	6	64	1909
sequential_reanchored_greedy	7	1	80
sequential_reanchored_greedy	7	2	80
sequential_reanchored_greedy	7	3	80
sequential_reanchored_greedy	7	4	80
sequential_reanchored_greedy	7	5	80
sequential_reanchored_greedy	7	6	80
sequential_reanchored_greedy	7	7	80
sequential_reanchored_greedy	7	8	80
sequential_reanchored_greedy	7	9	80
sequential_reanchored_greedy	7	10	80
sequential_reanchored_greedy	7	11	80
sequential_reanchored_greedy	7	12	80
sequential_reanchored_greedy	7	13	80
sequential_reanchored_greedy	7	14	80
sequential_reanchored_greedy	7	15	80
sequential_reanchored_greedy	7	16	80
sequential_reanchored_greedy	7	17	80
sequential_reanchored_greedy	7	18	80
sequential_reanchored_greedy	7	19	80
sequential_reanchored_greedy	7	20	80
sequential_reanchored_greedy	7	21	80
sequential_reanchored_greedy	7	22	80
sequential_reanchored_greedy	7	23	80
sequential_reanchored_greedy	7	24	80
sequential_reanchored_greedy	7	25	80
sequential_reanchored_greedy	7	26	80
sequential_reanchored_greedy	7	27	80
sequential_reanchored_greedy	7	28	80
sequential_reanchored_greedy	7	29	80
sequential_reanchored_greedy	7	30	80
sequential_reanchored_greedy	7	31	80
sequential_reanchored_greedy	7	32	80
sequential_reanchored_greedy	7	33	80
sequential_reanchored_greedy	7	34	80
sequential_reanchored_greedy	7	35	80
sequential_reanchored_greedy	7	36	80
sequential_reanchored_greedy	7	37	80
sequential_reanchored_greedy	7	38	80
sequential_reanchored_greedy	7	39	80
sequential_reanchored_greedy	7	40	80
sequential_reanchored_greedy	7	41	80
sequential_reanchored_greedy	7	42	80
sequential_reanchored_greedy	7	43	80
sequential_reanchored_greedy	7	44	80
sequential_reanchored_greedy	7	45	80
sequential_reanchored_greedy	7	46	80
sequential_reanchored_greedy	7	47	80
sequential_reanchored_greedy	7	48	80
sequential_reanchored_greedy	7	49	80
sequential_reanchored_greedy	7	50	80
sequential_reanchored_greedy	7	51	80
sequential_reanchored_greedy	7	52	80
sequential_reanchored_greedy	7	53	80
sequential_reanchored_greedy	7	54	80
sequential_reanchored_greedy	7	55	80
sequential_reanchored_greedy	7	56	80
sequential_reanchored_greedy	7	57	80
sequential_reanchored_greedy	7	58	80
sequential_reanchored_greedy	7	59	80
sequential_reanchored_greedy	7	60	80
sequential_reanchored_greedy	7	61	80
sequential_reanchored_greedy	7	62	80
sequential_reanchored_greedy	7	63	80
sequential_reanchored_greedy	7	64	80
sequential_reanchored_greedy	8	1	210
sequential_reanchored_greedy	8	2	1040
sequential_reanchored_greedy	8	3	1040
sequential_reanchored_greedy	8	4	1040
sequential_reanchored_greedy	8	5	1040
sequential_reanchored_greedy	8	6	1040
sequential_reanchored_greedy	8	7	1040
sequential_reanchored_greedy	8	8	1040
sequential_reanchored_greedy	8	9	1040
sequential_reanchored_greedy	8	10	1040
sequential_reanchored_greedy	8	11	1040
sequential_reanchored_greedy	8	12	1040
sequential_reanchored_greedy	8	13	1040
sequential_reanchored_greedy	8	14	1040
sequential_reanchored_greedy	8	15	1040
sequential_reanchored_greedy	8	16	1040
sequential_reanchored_greedy	8	17	1040
sequential_reanchored_greedy	8	18	1040
sequential_reanchored_greedy	8	19	1040
sequential_reanchored_greedy	8	20	1040
sequential_reanchored_greedy	8	21	1040
sequential_reanchored_greedy	8	22	1040
sequential_reanchored_greedy	8	23	1040
sequential_reanchored_greedy	8	24	1040
sequential_reanchored_greedy	8	25	1040
sequential_reanchored_greedy	8	26	1040
sequential_reanchored_greedy	8	27	1040
sequential_reanchored_greedy	8	28	1040
sequential_reanchored_greedy	8	29	1040
sequential_reanchored_greedy	8	30	1040
sequential_reanchored_greedy	8	31	1040
sequential_reanchored_greedy	8	32	1040
sequential_reanchored_greedy	8	33	1040
sequential_reanchored_greedy	8	34	1040
sequential_reanchored_greedy	8	35	1040
sequential_reanchored_greedy	8	36	1040
sequential_reanchored_greedy	8	37	1040
sequential_reanchored_greedy	8	38	1040
sequential_reanchored_greedy	8	39	1040
sequential_reanchored_greedy	8	40	1040
sequential_reanchored_greedy	8	41	1040
sequential_reanchored_greedy	8	42	1040
sequential_reanchored_greedy	8	43	1040
sequential_reanchored_greedy	8	44	1040
sequential_reanchored_greedy	8	45	1040
sequential_reanchored_greedy	8	46	1040
sequential_reanchored_greedy	8	47	1040
sequential_reanchored_greedy	8	48	1040
sequential_reanchored_greedy	8	49	1040
sequential_reanchored_greedy	8	50	1040
sequential_reanchored_greedy	8	51	1040
sequential_reanchored_greedy	8	52	1040
sequential_reanchored_greedy	8	53	1040
sequential_reanchored_greedy	8	54	1040
sequential_reanchored_greedy	8	55	1040
sequential_reanchored_greedy	8	56	1040
sequential_reanchored_greedy	8	57	1040
sequential_reanchored_greedy	8	58	1040
sequential_reanchored_greedy	8	59	1040
sequential_reanchored_greedy	8	60	1040
sequential_reanchored_greedy	8	61	1040
sequential_reanchored_greedy	8	62	1040
sequential_reanchored_greedy	8	63	1040
sequential_reanchored_greedy	8	64	1040
sequential_reanchored_greedy	9	1	221
sequential_reanchored_greedy	9	2	266
sequential_reanchored_greedy	9	3	1
sequential_reanchored_greedy	9	4	250
sequential_reanchored_greedy	9	5	250
sequential_reanchored_greedy	9	6	250
sequential_reanchored_greedy	9	7	250
sequential_reanchored_greedy	9	8	266
sequential_reanchored_greedy	9	9	1
sequential_reanchored_greedy	9	10	369
sequential_reanchored_greedy	9	11	210
sequential_reanchored_greedy	9	12	473
sequential_reanchored_greedy	9	13	231
sequential_reanchored_greedy	9	14	210
sequential_reanchored_greedy	9	15	473
sequential_reanchored_greedy	9	16	231
sequential_reanchored_greedy	9	17	210
sequential_reanchored_greedy	9	18	473
sequential_reanchored_greedy	9	19	231
sequential_reanchored_greedy	9	20	210
sequential_reanchored_greedy	9	21	473
sequential_reanchored_greedy	9	22	231
sequential_reanchored_greedy	9	23	210
sequential_reanchored_greedy	9	24	473
sequential_reanchored_greedy	9	25	231
sequential_reanchored_greedy	9	26	210
sequential_reanchored_greedy	9	27	473
sequential_reanchored_greedy	9	28	231
sequential_reanchored_greedy	9	29	210
sequential_reanchored_greedy	9	30	473
sequential_reanchored_greedy	9	31	231
sequential_reanchored_greedy	9	32	210
sequential_reanchored_greedy	9	33	473
sequential_reanchored_greedy	9	34	231
sequential_reanchored_greedy	9	35	210
sequential_reanchored_greedy	9	36	473
sequential_reanchored_greedy	9	37	231
sequential_reanchored_greedy	9	38	210
sequential_reanchored_greedy	9	39	473
sequential_reanchored_greedy	9	40	231
sequential_reanchored_greedy	9	41	210
sequential_reanchored_greedy	9	42	473
sequential_reanchored_greedy	9	43	221
sequential_reanchored_greedy	9	44	276
sequential_reanchored_greedy	9	45	473
sequential_reanchored_greedy	9	46	231
sequential_reanchored_greedy	9	47	210
sequential_reanchored_greedy	9	48	473
sequential_reanchored_greedy	9	49	271
sequential_reanchored_greedy	9	50	828
sequential_reanchored_greedy	9	51	233
sequential_reanchored_greedy	9	52	210
sequential_reanchored_greedy	9	53	473
sequential_reanchored_greedy	9	54	231
sequential_reanchored_greedy	9	55	210
sequential_reanchored_greedy	9	56	473
sequential_reanchored_greedy	9	57	231
sequential_reanchored_greedy	9	58	210
sequential_reanchored_greedy	9	59	473
sequential_reanchored_greedy	9	60	231
sequential_reanchored_greedy	9	61	210
sequential_reanchored_greedy	9	62	473
sequential_reanchored_greedy	9	63	231
sequential_reanchored_greedy	9	64	210
sequential_reanchored_greedy	10	1	231
sequential_reanchored_greedy	10	2	210
sequential_reanchored_greedy	10	3	718
sequential_reanchored_greedy	10	4	279
sequential_reanchored_greedy	10	5	84
sequential_reanchored_greedy	10	6	255
sequential_reanchored_greedy	10	7	255
sequential_reanchored_greedy	10	8	213
sequential_reanchored_greedy	10	9	255
sequential_reanchored_greedy	10	10	238
sequential_reanchored_greedy	10	11	255
sequential_reanchored_greedy	10	12	255
sequential_reanchored_greedy	10	13	213
sequential_reanchored_greedy	10	14	255
sequential_reanchored_greedy	10	15	238
sequential_reanchored_greedy	10	16	255
sequential_reanchored_greedy	10	17	255
sequential_reanchored_greedy	10	18	213
sequential_reanchored_greedy	10	19	255
sequential_reanchored_greedy	10	20	255
sequential_reanchored_greedy	10	21	255
sequential_reanchored_greedy	10	22	255
sequential_reanchored_greedy	10	23	255
sequential_reanchored_greedy	10	24	255
sequential_reanchored_greedy	10	25	255
sequential_reanchored_greedy	10	26	255
sequential_reanchored_greedy	10	27	255
sequential_reanchored_greedy	10	28	255
sequential_reanchored_greedy	10	29	255
sequential_reanchored_greedy	10	30	255
sequential_reanchored_greedy	10	31	255
sequential_reanchored_greedy	10	32	255
sequential_reanchored_greedy	10	33	255
sequential_reanchored_greedy	10	34	255
sequential_reanchored_greedy	10	35	255
sequential_reanchored_greedy	10	36	255
sequential_reanchored_greedy	10	37	255
sequential_reanchored_greedy	10	38	255
sequential_reanchored_greedy	10	39	255
sequential_reanchored_greedy	10	40	255
sequential_reanchored_greedy	10	41	255
sequential_reanchored_greedy	10	42	255
sequential_reanchored_greedy	10	43	255
sequential_reanchored_greedy	10	44	255
sequential_reanchored_greedy	10	45	255
sequential_reanchored_greedy	10	46	255
sequential_reanchored_greedy	10	47	255
sequential_reanchored_greedy	10	48	255
sequential_reanchored_greedy	10	49	255
sequential_reanchored_greedy	10	50	255
sequential_reanchored_greedy	10	51	255
sequential_reanchored_greedy	10	52	255
sequential_reanchored_greedy	10	53	255
sequential_reanchored_greedy	10	54	255
sequential_reanchored_greedy	10	55	255
sequential_reanchored_greedy	10	56	255
sequential_reanchored_greedy	10	57	255
sequential_reanchored_greedy	10	58	255
sequential_reanchored_greedy	10	59	255
sequential_reanchored_greedy	10	60	255
sequential_reanchored_greedy	10	61	255
sequential_reanchored_greedy	10	62	255
sequential_reanchored_greedy	10	63	255
sequential_reanchored_greedy	10	64	255
sequential_reanchored_greedy	11	1	208
sequential_reanchored_greedy	11	2	1530
sequential_reanchored_greedy	11	3	231
sequential_reanchored_greedy	11	4	210
sequential_reanchored_greedy	11	5	1513
sequential_reanchored_greedy	11	6	213
sequential_reanchored_greedy	11	7	210
sequential_reanchored_greedy	11	8	1513
sequential_reanchored_greedy	11	9	271
sequential_reanchored_greedy	11	10	208
sequential_reanchored_greedy	11	11	2071
sequential_reanchored_greedy	11	12	1513
sequential_reanchored_greedy	11	13	213
sequential_reanchored_greedy	11	14	238
sequential_reanchored_greedy	11	15	210
sequential_reanchored_greedy	11	16	1513
sequential_reanchored_greedy	11	17	221
sequential_reanchored_greedy	11	18	276
sequential_reanchored_greedy	11	19	1513
sequential_reanchored_greedy	11	20	231
sequential_reanchored_greedy	11	21	210
sequential_reanchored_greedy	11	22	1513
sequential_reanchored_greedy	11	23	213
sequential_reanchored_greedy	11	24	210
sequential_reanchored_greedy	11	25	1513
sequential_reanchored_greedy	11	26	213
sequential_reanchored_greedy	11	27	238
sequential_reanchored_greedy	11	28	210
sequential_reanchored_greedy	11	29	1513
sequential_reanchored_greedy	11	30	213
sequential_reanchored_greedy	11	31	238
sequential_reanchored_greedy	11	32	210
sequential_reanchored_greedy	11	33	1513
sequential_reanchored_greedy	11	34	213
sequential_reanchored_greedy	11	35	238
sequential_reanchored_greedy	11	36	210
sequential_reanchored_greedy	11	37	1513
sequential_reanchored_greedy	11	38	221
sequential_reanchored_greedy	11	39	276
sequential_reanchored_greedy	11	40	1513
sequential_reanchored_greedy	11	41	231
sequential_reanchored_greedy	11	42	210
sequential_reanchored_greedy	11	43	1513
sequential_reanchored_greedy	11	44	213
sequential_reanchored_greedy	11	45	210
sequential_reanchored_greedy	11	46	1513
sequential_reanchored_greedy	11	47	213
sequential_reanchored_greedy	11	48	238
sequential_reanchored_greedy	11	49	2727
sequential_reanchored_greedy	11	50	231
sequential_reanchored_greedy	11	51	210
sequential_reanchored_greedy	11	52	1513
sequential_reanchored_greedy	11	53	213
sequential_reanchored_greedy	11	54	238
sequential_reanchored_greedy	11	55	2727
sequential_reanchored_greedy	11	56	231
sequential_reanchored_greedy	11	57	210
sequential_reanchored_greedy	11	58	1513
sequential_reanchored_greedy	11	59	221
sequential_reanchored_greedy	11	60	276
sequential_reanchored_greedy	11	61	1513
sequential_reanchored_greedy	11	62	231
sequential_reanchored_greedy	11	63	210
sequential_reanchored_greedy	11	64	1513
sequential_reanchored_greedy	12	1	522
sequential_reanchored_greedy	12	2	210
sequential_reanchored_greedy	12	3	473
sequential_reanchored_greedy	12	4	231
sequential_reanchored_greedy	12	5	210
sequential_reanchored_greedy	12	6	473
sequential_reanchored_greedy	12	7	596
sequential_reanchored_greedy	12	8	213
sequential_reanchored_greedy	12	9	238
sequential_reanchored_greedy	12	10	210
sequential_reanchored_greedy	12	11	473
sequential_reanchored_greedy	12	12	231
sequential_reanchored_greedy	12	13	210
sequential_reanchored_greedy	12	14	473
sequential_reanchored_greedy	12	15	596
sequential_reanchored_greedy	12	16	221
sequential_reanchored_greedy	12	17	276
sequential_reanchored_greedy	12	18	473
sequential_reanchored_greedy	12	19	231
sequential_reanchored_greedy	12	20	210
sequential_reanchored_greedy	12	21	473
sequential_reanchored_greedy	12	22	287
sequential_reanchored_greedy	12	23	473
sequential_reanchored_greedy	12	24	287
sequential_reanchored_greedy	12	25	473
sequential_reanchored_greedy	12	26	287
sequential_reanchored_greedy	12	27	1171
sequential_reanchored_greedy	12	28	213
sequential_reanchored_greedy	12	29	210
sequential_reanchored_greedy	12	30	473
sequential_reanchored_greedy	12	31	287
sequential_reanchored_greedy	12	32	473
sequential_reanchored_greedy	12	33	287
sequential_reanchored_greedy	12	34	287
sequential_reanchored_greedy	12	35	287
sequential_reanchored_greedy	12	36	287
sequential_reanchored_greedy	12	37	287
sequential_reanchored_greedy	12	38	287
sequential_reanchored_greedy	12	39	287
sequential_reanchored_greedy	12	40	287
sequential_reanchored_greedy	12	41	287
sequential_reanchored_greedy	12	42	287
sequential_reanchored_greedy	12	43	287
sequential_reanchored_greedy	12	44	287
sequential_reanchored_greedy	12	45	287
sequential_reanchored_greedy	12	46	287
sequential_reanchored_greedy	12	47	287
sequential_reanchored_greedy	12	48	287
sequential_reanchored_greedy	12	49	287
sequential_reanchored_greedy	12	50	287
sequential_reanchored_greedy	12	51	287
sequential_reanchored_greedy	12	52	287
sequential_reanchored_greedy	12	53	287
sequential_reanchored_greedy	12	54	287
sequential_reanchored_greedy	12	55	287
sequential_reanchored_greedy	12	56	287
sequential_reanchored_greedy	12	57	287
sequential_reanchored_greedy	12	58	287
sequential_reanchored_greedy	12	59	287
sequential_reanchored_greedy	12	60	287
sequential_reanchored_greedy	12	61	287
sequential_reanchored_greedy	12	62	287
sequential_reanchored_greedy	12	63	287
sequential_reanchored_greedy	12	64	287
sequential_reanchored_greedy	13	1	473
sequential_reanchored_greedy	13	2	786
sequential_reanchored_greedy	13	3	221
sequential_reanchored_greedy	13	4	266
sequential_reanchored_greedy	13	5	1
sequential_reanchored_greedy	13	6	250
sequential_reanchored_greedy	13	7	250
sequential_reanchored_greedy	13	8	250
sequential_reanchored_greedy	13	9	250
sequential_reanchored_greedy	13	10	250
sequential_reanchored_greedy	13	11	266
sequential_reanchored_greedy	13	12	1
sequential_reanchored_greedy	13	13	276
sequential_reanchored_greedy	13	14	473
sequential_reanchored_greedy	13	15	473
sequential_reanchored_greedy	13	16	473
sequential_reanchored_greedy	13	17	473
sequential_reanchored_greedy	13	18	473
sequential_reanchored_greedy	13	19	473
sequential_reanchored_greedy	13	20	233
sequential_reanchored_greedy	13	21	210
sequential_reanchored_greedy	13	22	473
sequential_reanchored_greedy	13	23	786
sequential_reanchored_greedy	13	24	213
sequential_reanchored_greedy	13	25	238
sequential_reanchored_greedy	13	26	271
sequential_reanchored_greedy	13	27	208
sequential_reanchored_greedy	13	28	473
sequential_reanchored_greedy	13	29	287
sequential_reanchored_greedy	13	30	473
sequential_reanchored_greedy	13	31	287
sequential_reanchored_greedy	13	32	812
sequential_reanchored_greedy	13	33	233
sequential_reanchored_greedy	13	34	210
sequential_reanchored_greedy	13	35	473
sequential_reanchored_greedy	13	36	786
sequential_reanchored_greedy	13	37	221
sequential_reanchored_greedy	13	38	276
sequential_reanchored_greedy	13	39	473
sequential_reanchored_greedy	13	40	473
sequential_reanchored_greedy	13	41	473
sequential_reanchored_greedy	13	42	473
sequential_reanchored_greedy	13	43	473
sequential_reanchored_greedy	13	44	233
sequential_reanchored_greedy	13	45	210
sequential_reanchored_greedy	13	46	473
sequential_reanchored_greedy	13	47	786
sequential_reanchored_greedy	13	48	213
sequential_reanchored_greedy	13	49	238
sequential_reanchored_greedy	13	50	271
sequential_reanchored_greedy	13	51	233
sequential_reanchored_greedy	13	52	210
sequential_reanchored_greedy	13	53	473
sequential_reanchored_greedy	13	54	786
sequential_reanchored_greedy	13	55	221
sequential_reanchored_greedy	13	56	276
sequential_reanchored_greedy	13	57	473
sequential_reanchored_greedy	13	58	473
sequential_reanchored_greedy	13	59	473
sequential_reanchored_greedy	13	60	473
sequential_reanchored_greedy	13	61	473
sequential_reanchored_greedy	13	62	233
sequential_reanchored_greedy	13	63	210
sequential_reanchored_greedy	13	64	473
sequential_reanchored_greedy	14	1	308
sequential_reanchored_greedy	14	2	828
sequential_reanchored_greedy	14	3	239
sequential_reanchored_greedy	14	4	308
sequential_reanchored_greedy	14	5	828
sequential_reanchored_greedy	14	6	296
sequential_reanchored_greedy	14	7	208
sequential_reanchored_greedy	14	8	255
sequential_reanchored_greedy	14	9	255
sequential_reanchored_greedy	14	10	221
sequential_reanchored_greedy	14	11	266
sequential_reanchored_greedy	14	12	1
sequential_reanchored_greedy	14	13	250
sequential_reanchored_greedy	14	14	250
sequential_reanchored_greedy	14	15	250
sequential_reanchored_greedy	14	16	250
sequential_reanchored_greedy	14	17	250
sequential_reanchored_greedy	14	18	266
sequential_reanchored_greedy	14	19	1
sequential_reanchored_greedy	14	20	276
sequential_reanchored_greedy	14	21	473
sequential_reanchored_greedy	14	22	231
sequential_reanchored_greedy	14	23	210
sequential_reanchored_greedy	14	24	473
sequential_reanchored_greedy	14	25	287
sequential_reanchored_greedy	14	26	1199
sequential_reanchored_greedy	14	27	271
sequential_reanchored_greedy	14	28	208
sequential_reanchored_greedy	14	29	255
sequential_reanchored_greedy	14	30	231
sequential_reanchored_greedy	14	31	210
sequential_reanchored_greedy	14	32	473
sequential_reanchored_greedy	14	33	255
sequential_reanchored_greedy	14	34	213
sequential_reanchored_greedy	14	35	238
sequential_reanchored_greedy	14	36	255
sequential_reanchored_greedy	14	37	213
sequential_reanchored_greedy	14	38	255
sequential_reanchored_greedy	14	39	213
sequential_reanchored_greedy	14	40	255
sequential_reanchored_greedy	14	41	213
sequential_reanchored_greedy	14	42	255
sequential_reanchored_greedy	14	43	213
sequential_reanchored_greedy	14	44	255
sequential_reanchored_greedy	14	45	213
sequential_reanchored_greedy	14	46	255
sequential_reanchored_greedy	14	47	213
sequential_reanchored_greedy	14	48	255
sequential_reanchored_greedy	14	49	213
sequential_reanchored_greedy	14	50	255
sequential_reanchored_greedy	14	51	213
sequential_reanchored_greedy	14	52	255
sequential_reanchored_greedy	14	53	213
sequential_reanchored_greedy	14	54	255
sequential_reanchored_greedy	14	55	255
sequential_reanchored_greedy	14	56	213
sequential_reanchored_greedy	14	57	255
sequential_reanchored_greedy	14	58	255
sequential_reanchored_greedy	14	59	255
sequential_reanchored_greedy	14	60	255
sequential_reanchored_greedy	14	61	255
sequential_reanchored_greedy	14	62	255
sequential_reanchored_greedy	14	63	255
sequential_reanchored_greedy	14	64	255
sequential_reanchored_greedy	15	1	287
sequential_reanchored_greedy	15	2	287
sequential_reanchored_greedy	15	3	287
sequential_reanchored_greedy	15	4	287
sequential_reanchored_greedy	15	5	287
sequential_reanchored_greedy	15	6	287
sequential_reanchored_greedy	15	7	287
sequential_reanchored_greedy	15	8	287
sequential_reanchored_greedy	15	9	287
sequential_reanchored_greedy	15	10	287
sequential_reanchored_greedy	15	11	287
sequential_reanchored_greedy	15	12	287
sequential_reanchored_greedy	15	13	287
sequential_reanchored_greedy	15	14	287
sequential_reanchored_greedy	15	15	287
sequential_reanchored_greedy	15	16	287
sequential_reanchored_greedy	15	17	287
sequential_reanchored_greedy	15	18	287
sequential_reanchored_greedy	15	19	287
sequential_reanchored_greedy	15	20	287
sequential_reanchored_greedy	15	21	287
sequential_reanchored_greedy	15	22	287
sequential_reanchored_greedy	15	23	287
sequential_reanchored_greedy	15	24	287
sequential_reanchored_greedy	15	25	287
sequential_reanchored_greedy	15	26	287
sequential_reanchored_greedy	15	27	287
sequential_reanchored_greedy	15	28	287
sequential_reanchored_greedy	15	29	287
sequential_reanchored_greedy	15	30	287
sequential_reanchored_greedy	15	31	287
sequential_reanchored_greedy	15	32	287
sequential_reanchored_greedy	15	33	287
sequential_reanchored_greedy	15	34	287
sequential_reanchored_greedy	15	35	287
sequential_reanchored_greedy	15	36	287
sequential_reanchored_greedy	15	37	287
sequential_reanchored_greedy	15	38	287
sequential_reanchored_greedy	15	39	287
sequential_reanchored_greedy	15	40	287
sequential_reanchored_greedy	15	41	287
sequential_reanchored_greedy	15	42	287
sequential_reanchored_greedy	15	43	287
sequential_reanchored_greedy	15	44	287
sequential_reanchored_greedy	15	45	287
sequential_reanchored_greedy	15	46	287
sequential_reanchored_greedy	15	47	287
sequential_reanchored_greedy	15	48	287
sequential_reanchored_greedy	15	49	287
sequential_reanchored_greedy	15	50	287
sequential_reanchored_greedy	15	51	287
sequential_reanchored_greedy	15	52	287
sequential_reanchored_greedy	15	53	287
sequential_reanchored_greedy	15	54	287
sequential_reanchored_greedy	15	55	287
sequential_reanchored_greedy	15	56	287
sequential_reanchored_greedy	15	57	287
sequential_reanchored_greedy	15	58	287
sequential_reanchored_greedy	15	59	287
sequential_reanchored_greedy	15	60	287
sequential_reanchored_greedy	15	61	287
sequential_reanchored_greedy	15	62	287
sequential_reanchored_greedy	15	63	287
sequential_reanchored_greedy	15	64	287
sequential_reanchored_greedy	16	1	210
sequential_reanchored_greedy	16	2	473
sequential_reanchored_greedy	16	3	231
sequential_reanchored_greedy	16	4	210
sequential_reanchored_greedy	16	5	473
sequential_reanchored_greedy	16	6	596
sequential_reanchored_greedy	16	7	231
sequential_reanchored_greedy	16	8	210
sequential_reanchored_greedy	16	9	473
sequential_reanchored_greedy	16	10	596
sequential_reanchored_greedy	16	11	213
sequential_reanchored_greedy	16	12	210
sequential_reanchored_greedy	16	13	473
sequential_reanchored_greedy	16	14	231
sequential_reanchored_greedy	16	15	210
sequential_reanchored_greedy	16	16	473
sequential_reanchored_greedy	16	17	596
sequential_reanchored_greedy	16	18	213
sequential_reanchored_greedy	16	19	210
sequential_reanchored_greedy	16	20	473
sequential_reanchored_greedy	16	21	231
sequential_reanchored_greedy	16	22	210
sequential_reanchored_greedy	16	23	473
sequential_reanchored_greedy	16	24	596
sequential_reanchored_greedy	16	25	221
sequential_reanchored_greedy	16	26	266
sequential_reanchored_greedy	16	27	1
sequential_reanchored_greedy	16	28	250
sequential_reanchored_greedy	16	29	250
sequential_reanchored_greedy	16	30	250
sequential_reanchored_greedy	16	31	250
sequential_reanchored_greedy	16	32	250
sequential_reanchored_greedy	16	33	266
sequential_reanchored_greedy	16	34	1
sequential_reanchored_greedy	16	35	369
sequential_reanchored_greedy	16	36	210
sequential_reanchored_greedy	16	37	473
sequential_reanchored_greedy	16	38	596
sequential_reanchored_greedy	16	39	231
sequential_reanchored_greedy	16	40	210
sequential_reanchored_greedy	16	41	473
sequential_reanchored_greedy	16	42	596
sequential_reanchored_greedy	16	43	231
sequential_reanchored_greedy	16	44	210
sequential_reanchored_greedy	16	45	473
sequential_reanchored_greedy	16	46	596
sequential_reanchored_greedy	16	47	213
sequential_reanchored_greedy	16	48	210
sequential_reanchored_greedy	16	49	473
sequential_reanchored_greedy	16	50	473
sequential_reanchored_greedy	16	51	473
sequential_reanchored_greedy	16	52	287
sequential_reanchored_greedy	16	53	473
sequential_reanchored_greedy	16	54	287
sequential_reanchored_greedy	16	55	287
sequential_reanchored_greedy	16	56	287
sequential_reanchored_greedy	16	57	287
sequential_reanchored_greedy	16	58	287
sequential_reanchored_greedy	16	59	287
sequential_reanchored_greedy	16	60	287
sequential_reanchored_greedy	16	61	287
sequential_reanchored_greedy	16	62	287
sequential_reanchored_greedy	16	63	287
sequential_reanchored_greedy	16	64	287
sequential_reanchored_greedy	17	1	213
sequential_reanchored_greedy	17	2	251
sequential_reanchored_greedy	17	3	15
sequential_reanchored_greedy	17	4	52
sequential_reanchored_greedy	17	5	15
sequential_reanchored_greedy	17	6	52
sequential_reanchored_greedy	17	7	15
sequential_reanchored_greedy	17	8	52
sequential_reanchored_greedy	17	9	15
sequential_reanchored_greedy	17	10	52
sequential_reanchored_greedy	17	11	15
sequential_reanchored_greedy	17	12	15
sequential_reanchored_greedy	17	13	15
sequential_reanchored_greedy	17	14	15
sequential_reanchored_greedy	17	15	15
sequential_reanchored_greedy	17	16	15
sequential_reanchored_greedy	17	17	15
sequential_reanchored_greedy	17	18	15
sequential_reanchored_greedy	17	19	15
sequential_reanchored_greedy	17	20	15
sequential_reanchored_greedy	17	21	15
sequential_reanchored_greedy	17	22	15
sequential_reanchored_greedy	17	23	15
sequential_reanchored_greedy	17	24	15
sequential_reanchored_greedy	17	25	15
sequential_reanchored_greedy	17	26	15
sequential_reanchored_greedy	17	27	15
sequential_reanchored_greedy	17	28	15
sequential_reanchored_greedy	17	29	15
sequential_reanchored_greedy	17	30	15
sequential_reanchored_greedy	17	31	15
sequential_reanchored_greedy	17	32	15
sequential_reanchored_greedy	17	33	15
sequential_reanchored_greedy	17	34	15
sequential_reanchored_greedy	17	35	15
sequential_reanchored_greedy	17	36	15
sequential_reanchored_greedy	17	37	15
sequential_reanchored_greedy	17	38	15
sequential_reanchored_greedy	17	39	15
sequential_reanchored_greedy	17	40	15
sequential_reanchored_greedy	17	41	15
sequential_reanchored_greedy	17	42	15
sequential_reanchored_greedy	17	43	15
sequential_reanchored_greedy	17	44	15
sequential_reanchored_greedy	17	45	15
sequential_reanchored_greedy	17	46	15
sequential_reanchored_greedy	17	47	15
sequential_reanchored_greedy	17	48	15
sequential_reanchored_greedy	17	49	15
sequential_reanchored_greedy	17	50	15
sequential_reanchored_greedy	17	51	15
sequential_reanchored_greedy	17	52	15
sequential_reanchored_greedy	17	53	15
sequential_reanchored_greedy	17	54	15
sequential_reanchored_greedy	17	55	15
sequential_reanchored_greedy	17	56	15
sequential_reanchored_greedy	17	57	15
sequential_reanchored_greedy	17	58	15
sequential_reanchored_greedy	17	59	15
sequential_reanchored_greedy	17	60	15
sequential_reanchored_greedy	17	61	15
sequential_reanchored_greedy	17	62	15
sequential_reanchored_greedy	17	63	15
sequential_reanchored_greedy	17	64	15
sequential_reanchored_greedy	18	1	84
sequential_reanchored_greedy	18	2	213
sequential_reanchored_greedy	18	3	238
sequential_reanchored_greedy	18	4	304
sequential_reanchored_greedy	18	5	271
sequential_reanchored_greedy	18	6	208
sequential_reanchored_greedy	18	7	255
sequential_reanchored_greedy	18	8	230
sequential_reanchored_greedy	18	9	382
sequential_reanchored_greedy	18	10	255
sequential_reanchored_greedy	18	11	221
sequential_reanchored_greedy	18	12	266
sequential_reanchored_greedy	18	13	1
sequential_reanchored_greedy	18	14	250
sequential_reanchored_greedy	18	15	250
sequential_reanchored_greedy	18	16	250
sequential_reanchored_greedy	18	17	250
sequential_reanchored_greedy	18	18	250
sequential_reanchored_greedy	18	19	266
sequential_reanchored_greedy	18	20	1
sequential_reanchored_greedy	18	21	276
sequential_reanchored_greedy	18	22	473
sequential_reanchored_greedy	18	23	231
sequential_reanchored_greedy	18	24	210
sequential_reanchored_greedy	18	25	473
sequential_reanchored_greedy	18	26	287
sequential_reanchored_greedy	18	27	287
sequential_reanchored_greedy	18	28	287
sequential_reanchored_greedy	18	29	287
sequential_reanchored_greedy	18	30	287
sequential_reanchored_greedy	18	31	287
sequential_reanchored_greedy	18	32	287
sequential_reanchored_greedy	18	33	287
sequential_reanchored_greedy	18	34	287
sequential_reanchored_greedy	18	35	287
sequential_reanchored_greedy	18	36	287
sequential_reanchored_greedy	18	37	287
sequential_reanchored_greedy	18	38	287
sequential_reanchored_greedy	18	39	287
sequential_reanchored_greedy	18	40	287
sequential_reanchored_greedy	18	41	287
sequential_reanchored_greedy	18	42	287
sequential_reanchored_greedy	18	43	287
sequential_reanchored_greedy	18	44	287
sequential_reanchored_greedy	18	45	287
sequential_reanchored_greedy	18	46	287
sequential_reanchored_greedy	18	47	287
sequential_reanchored_greedy	18	48	287
sequential_reanchored_greedy	18	49	287
sequential_reanchored_greedy	18	50	287
sequential_reanchored_greedy	18	51	287
sequential_reanchored_greedy	18	52	287
sequential_reanchored_greedy	18	53	287
sequential_reanchored_greedy	18	54	287
sequential_reanchored_greedy	18	55	287
sequential_reanchored_greedy	18	56	287
sequential_reanchored_greedy	18	57	287
sequential_reanchored_greedy	18	58	287
sequential_reanchored_greedy	18	59	287
sequential_reanchored_greedy	18	60	287
sequential_reanchored_greedy	18	61	287
sequential_reanchored_greedy	18	62	287
sequential_reanchored_greedy	18	63	287
sequential_reanchored_greedy	18	64	287
sequential_reanchored_greedy	19	1	213
sequential_reanchored_greedy	19	2	238
sequential_reanchored_greedy	19	3	210
sequential_reanchored_greedy	19	4	656
sequential_reanchored_greedy	19	5	221
sequential_reanchored_greedy	19	6	276
sequential_reanchored_greedy	19	7	656
sequential_reanchored_greedy	19	8	327
sequential_reanchored_greedy	19	9	208
sequential_reanchored_greedy	19	10	656
sequential_reanchored_greedy	19	11	656
sequential_reanchored_greedy	19	12	233
sequential_reanchored_greedy	19	13	210
sequential_reanchored_greedy	19	14	656
sequential_reanchored_greedy	19	15	656
sequential_reanchored_greedy	19	16	213
sequential_reanchored_greedy	19	17	238
sequential_reanchored_greedy	19	18	327
sequential_reanchored_greedy	19	19	208
sequential_reanchored_greedy	19	20	656
sequential_reanchored_greedy	19	21	656
sequential_reanchored_greedy	19	22	221
sequential_reanchored_greedy	19	23	276
sequential_reanchored_greedy	19	24	656
sequential_reanchored_greedy	19	25	656
sequential_reanchored_greedy	19	26	327
sequential_reanchored_greedy	19	27	208
sequential_reanchored_greedy	19	28	656
sequential_reanchored_greedy	19	29	656
sequential_reanchored_greedy	19	30	213
sequential_reanchored_greedy	19	31	238
sequential_reanchored_greedy	19	32	327
sequential_reanchored_greedy	19	33	208
sequential_reanchored_greedy	19	34	656
sequential_reanchored_greedy	19	35	656
sequential_reanchored_greedy	19	36	656
sequential_reanchored_greedy	19	37	221
sequential_reanchored_greedy	19	38	276
sequential_reanchored_greedy	19	39	656
sequential_reanchored_greedy	19	40	327
sequential_reanchored_greedy	19	41	208
sequential_reanchored_greedy	19	42	656
sequential_reanchored_greedy	19	43	656
sequential_reanchored_greedy	19	44	656
sequential_reanchored_greedy	19	45	213
sequential_reanchored_greedy	19	46	238
sequential_reanchored_greedy	19	47	327
sequential_reanchored_greedy	19	48	208
sequential_reanchored_greedy	19	49	656
sequential_reanchored_greedy	19	50	656
sequential_reanchored_greedy	19	51	656
sequential_reanchored_greedy	19	52	221
sequential_reanchored_greedy	19	53	266
sequential_reanchored_greedy	19	54	1
sequential_reanchored_greedy	19	55	250
sequential_reanchored_greedy	19	56	250
sequential_reanchored_greedy	19	57	250
sequential_reanchored_greedy	19	58	250
sequential_reanchored_greedy	19	59	250
sequential_reanchored_greedy	19	60	266
sequential_reanchored_greedy	19	61	1
sequential_reanchored_greedy	19	62	276
sequential_reanchored_greedy	19	63	656
sequential_reanchored_greedy	19	64	327
sequential_reanchored_greedy	20	1	841
sequential_reanchored_greedy	20	2	255
sequential_reanchored_greedy	20	3	213
sequential_reanchored_greedy	20	4	255
sequential_reanchored_greedy	20	5	213
sequential_reanchored_greedy	20	6	255
sequential_reanchored_greedy	20	7	255
sequential_reanchored_greedy	20	8	213
sequential_reanchored_greedy	20	9	255
sequential_reanchored_greedy	20	10	255
sequential_reanchored_greedy	20	11	255
sequential_reanchored_greedy	20	12	255
sequential_reanchored_greedy	20	13	255
sequential_reanchored_greedy	20	14	255
sequential_reanchored_greedy	20	15	255
sequential_reanchored_greedy	20	16	255
sequential_reanchored_greedy	20	17	255
sequential_reanchored_greedy	20	18	255
sequential_reanchored_greedy	20	19	255
sequential_reanchored_greedy	20	20	255
sequential_reanchored_greedy	20	21	255
sequential_reanchored_greedy	20	22	255
sequential_reanchored_greedy	20	23	255
sequential_reanchored_greedy	20	24	255
sequential_reanchored_greedy	20	25	255
sequential_reanchored_greedy	20	26	255
sequential_reanchored_greedy	20	27	255
sequential_reanchored_greedy	20	28	255
sequential_reanchored_greedy	20	29	255
sequential_reanchored_greedy	20	30	255
sequential_reanchored_greedy	20	31	255
sequential_reanchored_greedy	20	32	255
sequential_reanchored_greedy	20	33	255
sequential_reanchored_greedy	20	34	255
sequential_reanchored_greedy	20	35	255
sequential_reanchored_greedy	20	36	255
sequential_reanchored_greedy	20	37	255
sequential_reanchored_greedy	20	38	255
sequential_reanchored_greedy	20	39	255
sequential_reanchored_greedy	20	40	255
sequential_reanchored_greedy	20	41	255
sequential_reanchored_greedy	20	42	255
sequential_reanchored_greedy	20	43	255
sequential_reanchored_greedy	20	44	255
sequential_reanchored_greedy	20	45	255
sequential_reanchored_greedy	20	46	255
sequential_reanchored_greedy	20	47	255
sequential_reanchored_greedy	20	48	255
sequential_reanchored_greedy	20	49	255
sequential_reanchored_greedy	20	50	255
sequential_reanchored_greedy	20	51	255
sequential_reanchored_greedy	20	52	255
sequential_reanchored_greedy	20	53	255
sequential_reanchored_greedy	20	54	255
sequential_reanchored_greedy	20	55	255
sequential_reanchored_greedy	20	56	255
sequential_reanchored_greedy	20	57	255
sequential_reanchored_greedy	20	58	255
sequential_reanchored_greedy	20	59	255
sequential_reanchored_greedy	20	60	255
sequential_reanchored_greedy	20	61	255
sequential_reanchored_greedy	20	62	255
sequential_reanchored_greedy	20	63	255
sequential_reanchored_greedy	20	64	255
sequential_reanchored_greedy	21	1	210
sequential_reanchored_greedy	21	2	884
sequential_reanchored_greedy	21	3	1105
sequential_reanchored_greedy	21	4	322
sequential_reanchored_greedy	21	5	231
sequential_reanchored_greedy	21	6	210
sequential_reanchored_greedy	21	7	884
sequential_reanchored_greedy	21	8	1105
sequential_reanchored_greedy	21	9	213
sequential_reanchored_greedy	21	10	210
sequential_reanchored_greedy	21	11	884
sequential_reanchored_greedy	21	12	1105
sequential_reanchored_greedy	21	13	213
sequential_reanchored_greedy	21	14	238
sequential_reanchored_greedy	21	15	210
sequential_reanchored_greedy	21	16	884
sequential_reanchored_greedy	21	17	1105
sequential_reanchored_greedy	21	18	213
sequential_reanchored_greedy	21	19	238
sequential_reanchored_greedy	21	20	210
sequential_reanchored_greedy	21	21	884
sequential_reanchored_greedy	21	22	1105
sequential_reanchored_greedy	21	23	221
sequential_reanchored_greedy	21	24	276
sequential_reanchored_greedy	21	25	473
sequential_reanchored_greedy	21	26	231
sequential_reanchored_greedy	21	27	210
sequential_reanchored_greedy	21	28	884
sequential_reanchored_greedy	21	29	1105
sequential_reanchored_greedy	21	30	213
sequential_reanchored_greedy	21	31	210
sequential_reanchored_greedy	21	32	884
sequential_reanchored_greedy	21	33	1105
sequential_reanchored_greedy	21	34	213
sequential_reanchored_greedy	21	35	238
sequential_reanchored_greedy	21	36	210
sequential_reanchored_greedy	21	37	884
sequential_reanchored_greedy	21	38	1105
sequential_reanchored_greedy	21	39	213
sequential_reanchored_greedy	21	40	238
sequential_reanchored_greedy	21	41	210
sequential_reanchored_greedy	21	42	884
sequential_reanchored_greedy	21	43	1105
sequential_reanchored_greedy	21	44	221
sequential_reanchored_greedy	21	45	276
sequential_reanchored_greedy	21	46	1105
sequential_reanchored_greedy	21	47	231
sequential_reanchored_greedy	21	48	210
sequential_reanchored_greedy	21	49	884
sequential_reanchored_greedy	21	50	1105
sequential_reanchored_greedy	21	51	213
sequential_reanchored_greedy	21	52	210
sequential_reanchored_greedy	21	53	884
sequential_reanchored_greedy	21	54	1105
sequential_reanchored_greedy	21	55	213
sequential_reanchored_greedy	21	56	238
sequential_reanchored_greedy	21	57	210
sequential_reanchored_greedy	21	58	884
sequential_reanchored_greedy	21	59	1105
sequential_reanchored_greedy	21	60	213
sequential_reanchored_greedy	21	61	238
sequential_reanchored_greedy	21	62	210
sequential_reanchored_greedy	21	63	884
sequential_reanchored_greedy	21	64	1105
sequential_reanchored_greedy	22	1	1287
sequential_reanchored_greedy	22	2	287
sequential_reanchored_greedy	22	3	1452
sequential_reanchored_greedy	22	4	213
sequential_reanchored_greedy	22	5	238
sequential_reanchored_greedy	22	6	327
sequential_reanchored_greedy	22	7	208
sequential_reanchored_greedy	22	8	1287
sequential_reanchored_greedy	22	9	287
sequential_reanchored_greedy	22	10	1452
sequential_reanchored_greedy	22	11	221
sequential_reanchored_greedy	22	12	276
sequential_reanchored_greedy	22	13	1452
sequential_reanchored_greedy	22	14	327
sequential_reanchored_greedy	22	15	208
sequential_reanchored_greedy	22	16	1287
sequential_reanchored_greedy	22	17	287
sequential_reanchored_greedy	22	18	1452
sequential_reanchored_greedy	22	19	213
sequential_reanchored_greedy	22	20	238
sequential_reanchored_greedy	22	21	327
sequential_reanchored_greedy	22	22	208
sequential_reanchored_greedy	22	23	1287
sequential_reanchored_greedy	22	24	287
sequential_reanchored_greedy	22	25	1452
sequential_reanchored_greedy	22	26	213
sequential_reanchored_greedy	22	27	238
sequential_reanchored_greedy	22	28	327
sequential_reanchored_greedy	22	29	208
sequential_reanchored_greedy	22	30	1287
sequential_reanchored_greedy	22	31	287
sequential_reanchored_greedy	22	32	1452
sequential_reanchored_greedy	22	33	221
sequential_reanchored_greedy	22	34	276
sequential_reanchored_greedy	22	35	1452
sequential_reanchored_greedy	22	36	327
sequential_reanchored_greedy	22	37	208
sequential_reanchored_greedy	22	38	1452
sequential_reanchored_greedy	22	39	231
sequential_reanchored_greedy	22	40	210
sequential_reanchored_greedy	22	41	1452
sequential_reanchored_greedy	22	42	213
sequential_reanchored_greedy	22	43	238
sequential_reanchored_greedy	22	44	327
sequential_reanchored_greedy	22	45	208
sequential_reanchored_greedy	22	46	1452
sequential_reanchored_greedy	22	47	213
sequential_reanchored_greedy	22	48	238
sequential_reanchored_greedy	22	49	327
sequential_reanchored_greedy	22	50	208
sequential_reanchored_greedy	22	51	1452
sequential_reanchored_greedy	22	52	221
sequential_reanchored_greedy	22	53	266
sequential_reanchored_greedy	22	54	1
sequential_reanchored_greedy	22	55	250
sequential_reanchored_greedy	22	56	250
sequential_reanchored_greedy	22	57	250
sequential_reanchored_greedy	22	58	250
sequential_reanchored_greedy	22	59	250
sequential_reanchored_greedy	22	60	266
sequential_reanchored_greedy	22	61	1
sequential_reanchored_greedy	22	62	276
sequential_reanchored_greedy	22	63	1452
sequential_reanchored_greedy	22	64	327
sequential_reanchored_greedy	23	1	308
sequential_reanchored_greedy	23	2	255
sequential_reanchored_greedy	23	3	221
sequential_reanchored_greedy	23	4	255
sequential_reanchored_greedy	23	5	266
sequential_reanchored_greedy	23	6	1
sequential_reanchored_greedy	23	7	250
sequential_reanchored_greedy	23	8	250
sequential_reanchored_greedy	23	9	250
sequential_reanchored_greedy	23	10	250
sequential_reanchored_greedy	23	11	250
sequential_reanchored_greedy	23	12	266
sequential_reanchored_greedy	23	13	1
sequential_reanchored_greedy	23	14	276
sequential_reanchored_greedy	23	15	953
sequential_reanchored_greedy	23	16	271
sequential_reanchored_greedy	23	17	1034
sequential_reanchored_greedy	23	18	275
sequential_reanchored_greedy	23	19	210
sequential_reanchored_greedy	23	20	953
sequential_reanchored_greedy	23	21	279
sequential_reanchored_greedy	23	22	84
sequential_reanchored_greedy	23	23	473
sequential_reanchored_greedy	23	24	953
sequential_reanchored_greedy	23	25	213
sequential_reanchored_greedy	23	26	255
sequential_reanchored_greedy	23	27	276
sequential_reanchored_greedy	23	28	953
sequential_reanchored_greedy	23	29	255
sequential_reanchored_greedy	23	30	213
sequential_reanchored_greedy	23	31	255
sequential_reanchored_greedy	23	32	255
sequential_reanchored_greedy	23	33	213
sequential_reanchored_greedy	23	34	255
sequential_reanchored_greedy	23	35	255
sequential_reanchored_greedy	23	36	213
sequential_reanchored_greedy	23	37	255
sequential_reanchored_greedy	23	38	255
sequential_reanchored_greedy	23	39	255
sequential_reanchored_greedy	23	40	255
sequential_reanchored_greedy	23	41	255
sequential_reanchored_greedy	23	42	255
sequential_reanchored_greedy	23	43	255
sequential_reanchored_greedy	23	44	255
sequential_reanchored_greedy	23	45	255
sequential_reanchored_greedy	23	46	255
sequential_reanchored_greedy	23	47	255
sequential_reanchored_greedy	23	48	255
sequential_reanchored_greedy	23	49	255
sequential_reanchored_greedy	23	50	255
sequential_reanchored_greedy	23	51	255
sequential_reanchored_greedy	23	52	255
sequential_reanchored_greedy	23	53	255
sequential_reanchored_greedy	23	54	255
sequential_reanchored_greedy	23	55	255
sequential_reanchored_greedy	23	56	255
sequential_reanchored_greedy	23	57	255
sequential_reanchored_greedy	23	58	255
sequential_reanchored_greedy	23	59	255
sequential_reanchored_greedy	23	60	255
sequential_reanchored_greedy	23	61	255
sequential_reanchored_greedy	23	62	255
sequential_reanchored_greedy	23	63	255
sequential_reanchored_greedy	23	64	255
sequential_reanchored_greedy	24	1	327
sequential_reanchored_greedy	24	2	208
sequential_reanchored_greedy	24	3	1287
sequential_reanchored_greedy	24	4	287
sequential_reanchored_greedy	24	5	1287
sequential_reanchored_greedy	24	6	287
sequential_reanchored_greedy	24	7	287
sequential_reanchored_greedy	24	8	287
sequential_reanchored_greedy	24	9	287
sequential_reanchored_greedy	24	10	287
sequential_reanchored_greedy	24	11	287
sequential_reanchored_greedy	24	12	287
sequential_reanchored_greedy	24	13	287
sequential_reanchored_greedy	24	14	287
sequential_reanchored_greedy	24	15	287
sequential_reanchored_greedy	24	16	287
sequential_reanchored_greedy	24	17	287
sequential_reanchored_greedy	24	18	287
sequential_reanchored_greedy	24	19	287
sequential_reanchored_greedy	24	20	287
sequential_reanchored_greedy	24	21	287
sequential_reanchored_greedy	24	22	287
sequential_reanchored_greedy	24	23	287
sequential_reanchored_greedy	24	24	287
sequential_reanchored_greedy	24	25	287
sequential_reanchored_greedy	24	26	287
sequential_reanchored_greedy	24	27	287
sequential_reanchored_greedy	24	28	287
sequential_reanchored_greedy	24	29	287
sequential_reanchored_greedy	24	30	287
sequential_reanchored_greedy	24	31	287
sequential_reanchored_greedy	24	32	287
sequential_reanchored_greedy	24	33	287
sequential_reanchored_greedy	24	34	287
sequential_reanchored_greedy	24	35	287
sequential_reanchored_greedy	24	36	287
sequential_reanchored_greedy	24	37	287
sequential_reanchored_greedy	24	38	287
sequential_reanchored_greedy	24	39	287
sequential_reanchored_greedy	24	40	287
sequential_reanchored_greedy	24	41	287
sequential_reanchored_greedy	24	42	287
sequential_reanchored_greedy	24	43	287
sequential_reanchored_greedy	24	44	287
sequential_reanchored_greedy	24	45	287
sequential_reanchored_greedy	24	46	287
sequential_reanchored_greedy	24	47	287
sequential_reanchored_greedy	24	48	287
sequential_reanchored_greedy	24	49	287
sequential_reanchored_greedy	24	50	287
sequential_reanchored_greedy	24	51	287
sequential_reanchored_greedy	24	52	287
sequential_reanchored_greedy	24	53	287
sequential_reanchored_greedy	24	54	287
sequential_reanchored_greedy	24	55	287
sequential_reanchored_greedy	24	56	287
sequential_reanchored_greedy	24	57	287
sequential_reanchored_greedy	24	58	287
sequential_reanchored_greedy	24	59	287
sequential_reanchored_greedy	24	60	287
sequential_reanchored_greedy	24	61	287
sequential_reanchored_greedy	24	62	287
sequential_reanchored_greedy	24	63	287
sequential_reanchored_greedy	24	64	287
sequential_reanchored_greedy	25	1	405
sequential_reanchored_greedy	25	2	534
sequential_reanchored_greedy	25	3	208
sequential_reanchored_greedy	25	4	255
sequential_reanchored_greedy	25	5	231
sequential_reanchored_greedy	25	6	210
sequential_reanchored_greedy	25	7	255
sequential_reanchored_greedy	25	8	231
sequential_reanchored_greedy	25	9	255
sequential_reanchored_greedy	25	10	221
sequential_reanchored_greedy	25	11	276
sequential_reanchored_greedy	25	12	473
sequential_reanchored_greedy	25	13	231
sequential_reanchored_greedy	25	14	210
sequential_reanchored_greedy	25	15	473
sequential_reanchored_greedy	25	16	231
sequential_reanchored_greedy	25	17	210
sequential_reanchored_greedy	25	18	473
sequential_reanchored_greedy	25	19	231
sequential_reanchored_greedy	25	20	210
sequential_reanchored_greedy	25	21	473
sequential_reanchored_greedy	25	22	231
sequential_reanchored_greedy	25	23	210
sequential_reanchored_greedy	25	24	473
sequential_reanchored_greedy	25	25	287
sequential_reanchored_greedy	25	26	1199
sequential_reanchored_greedy	25	27	213
sequential_reanchored_greedy	25	28	238
sequential_reanchored_greedy	25	29	210
sequential_reanchored_greedy	25	30	473
sequential_reanchored_greedy	25	31	231
sequential_reanchored_greedy	25	32	210
sequential_reanchored_greedy	25	33	473
sequential_reanchored_greedy	25	34	287
sequential_reanchored_greedy	25	35	1199
sequential_reanchored_greedy	25	36	213
sequential_reanchored_greedy	25	37	238
sequential_reanchored_greedy	25	38	210
sequential_reanchored_greedy	25	39	473
sequential_reanchored_greedy	25	40	231
sequential_reanchored_greedy	25	41	210
sequential_reanchored_greedy	25	42	473
sequential_reanchored_greedy	25	43	287
sequential_reanchored_greedy	25	44	1199
sequential_reanchored_greedy	25	45	221
sequential_reanchored_greedy	25	46	276
sequential_reanchored_greedy	25	47	473
sequential_reanchored_greedy	25	48	231
sequential_reanchored_greedy	25	49	210
sequential_reanchored_greedy	25	50	473
sequential_reanchored_greedy	25	51	271
sequential_reanchored_greedy	25	52	208
sequential_reanchored_greedy	25	53	473
sequential_reanchored_greedy	25	54	287
sequential_reanchored_greedy	25	55	287
sequential_reanchored_greedy	25	56	287
sequential_reanchored_greedy	25	57	287
sequential_reanchored_greedy	25	58	287
sequential_reanchored_greedy	25	59	287
sequential_reanchored_greedy	25	60	287
sequential_reanchored_greedy	25	61	287
sequential_reanchored_greedy	25	62	287
sequential_reanchored_greedy	25	63	287
sequential_reanchored_greedy	25	64	287
sequential_reanchored_greedy	26	1	3648
sequential_reanchored_greedy	26	2	213
sequential_reanchored_greedy	26	3	210
sequential_reanchored_greedy	26	4	1513
sequential_reanchored_greedy	26	5	213
sequential_reanchored_greedy	26	6	238
sequential_reanchored_greedy	26	7	3200
sequential_reanchored_greedy	26	8	839
sequential_reanchored_greedy	26	9	2727
sequential_reanchored_greedy	26	10	231
sequential_reanchored_greedy	26	11	2727
sequential_reanchored_greedy	26	12	2485
sequential_reanchored_greedy	26	13	323
sequential_reanchored_greedy	26	14	2485
sequential_reanchored_greedy	26	15	322
sequential_reanchored_greedy	26	16	221
sequential_reanchored_greedy	26	17	276
sequential_reanchored_greedy	26	18	1513
sequential_reanchored_greedy	26	19	2727
sequential_reanchored_greedy	26	20	231
sequential_reanchored_greedy	26	21	2727
sequential_reanchored_greedy	26	22	2727
sequential_reanchored_greedy	26	23	2485
sequential_reanchored_greedy	26	24	2485
sequential_reanchored_greedy	26	25	818
sequential_reanchored_greedy	26	26	244
sequential_reanchored_greedy	26	27	2485
sequential_reanchored_greedy	26	28	818
sequential_reanchored_greedy	26	29	244
sequential_reanchored_greedy	26	30	2485
sequential_reanchored_greedy	26	31	818
sequential_reanchored_greedy	26	32	818
sequential_reanchored_greedy	26	33	244
sequential_reanchored_greedy	26	34	244
sequential_reanchored_greedy	26	35	244
sequential_reanchored_greedy	26	36	244
sequential_reanchored_greedy	26	37	244
sequential_reanchored_greedy	26	38	244
sequential_reanchored_greedy	26	39	244
sequential_reanchored_greedy	26	40	244
sequential_reanchored_greedy	26	41	244
sequential_reanchored_greedy	26	42	244
sequential_reanchored_greedy	26	43	244
sequential_reanchored_greedy	26	44	244
sequential_reanchored_greedy	26	45	244
sequential_reanchored_greedy	26	46	244
sequential_reanchored_greedy	26	47	244
sequential_reanchored_greedy	26	48	244
sequential_reanchored_greedy	26	49	244
sequential_reanchored_greedy	26	50	244
sequential_reanchored_greedy	26	51	244
sequential_reanchored_greedy	26	52	244
sequential_reanchored_greedy	26	53	244
sequential_reanchored_greedy	26	54	244
sequential_reanchored_greedy	26	55	244
sequential_reanchored_greedy	26	56	244
sequential_reanchored_greedy	26	57	244
sequential_reanchored_greedy	26	58	244
sequential_reanchored_greedy	26	59	244
sequential_reanchored_greedy	26	60	244
sequential_reanchored_greedy	26	61	244
sequential_reanchored_greedy	26	62	244
sequential_reanchored_greedy	26	63	244
sequential_reanchored_greedy	26	64	244
sequential_reanchored_greedy	27	1	80
sequential_reanchored_greedy	27	2	213
sequential_reanchored_greedy	27	3	238
sequential_reanchored_greedy	27	4	210
sequential_reanchored_greedy	27	5	691
sequential_reanchored_greedy	27	6	327
sequential_reanchored_greedy	27	7	208
sequential_reanchored_greedy	27	8	255
sequential_reanchored_greedy	27	9	1438
sequential_reanchored_greedy	27	10	255
sequential_reanchored_greedy	27	11	221
sequential_reanchored_greedy	27	12	266
sequential_reanchored_greedy	27	13	1
sequential_reanchored_greedy	27	14	250
sequential_reanchored_greedy	27	15	250
sequential_reanchored_greedy	27	16	250
sequential_reanchored_greedy	27	17	250
sequential_reanchored_greedy	27	18	250
sequential_reanchored_greedy	27	19	266
sequential_reanchored_greedy	27	20	1
sequential_reanchored_greedy	27	21	276
sequential_reanchored_greedy	27	22	691
sequential_reanchored_greedy	27	23	327
sequential_reanchored_greedy	27	24	208
sequential_reanchored_greedy	27	25	255
sequential_reanchored_greedy	27	26	231
sequential_reanchored_greedy	27	27	210
sequential_reanchored_greedy	27	28	691
sequential_reanchored_greedy	27	29	255
sequential_reanchored_greedy	27	30	327
sequential_reanchored_greedy	27	31	208
sequential_reanchored_greedy	27	32	255
sequential_reanchored_greedy	27	33	231
sequential_reanchored_greedy	27	34	210
sequential_reanchored_greedy	27	35	691
sequential_reanchored_greedy	27	36	255
sequential_reanchored_greedy	27	37	213
sequential_reanchored_greedy	27	38	238
sequential_reanchored_greedy	27	39	255
sequential_reanchored_greedy	27	40	255
sequential_reanchored_greedy	27	41	213
sequential_reanchored_greedy	27	42	255
sequential_reanchored_greedy	27	43	255
sequential_reanchored_greedy	27	44	255
sequential_reanchored_greedy	27	45	255
sequential_reanchored_greedy	27	46	255
sequential_reanchored_greedy	27	47	255
sequential_reanchored_greedy	27	48	255
sequential_reanchored_greedy	27	49	255
sequential_reanchored_greedy	27	50	255
sequential_reanchored_greedy	27	51	255
sequential_reanchored_greedy	27	52	255
sequential_reanchored_greedy	27	53	255
sequential_reanchored_greedy	27	54	255
sequential_reanchored_greedy	27	55	255
sequential_reanchored_greedy	27	56	255
sequential_reanchored_greedy	27	57	255
sequential_reanchored_greedy	27	58	255
sequential_reanchored_greedy	27	59	255
sequential_reanchored_greedy	27	60	255
sequential_reanchored_greedy	27	61	255
sequential_reanchored_greedy	27	62	255
sequential_reanchored_greedy	27	63	255
sequential_reanchored_greedy	27	64	255
sequential_reanchored_greedy	28	1	210
sequential_reanchored_greedy	28	2	473
sequential_reanchored_greedy	28	3	596
sequential_reanchored_greedy	28	4	213
sequential_reanchored_greedy	28	5	210
sequential_reanchored_greedy	28	6	473
sequential_reanchored_greedy	28	7	473
sequential_reanchored_greedy	28	8	596
sequential_reanchored_greedy	28	9	271
sequential_reanchored_greedy	28	10	210
sequential_reanchored_greedy	28	11	473
sequential_reanchored_greedy	28	12	473
sequential_reanchored_greedy	28	13	473
sequential_reanchored_greedy	28	14	596
sequential_reanchored_greedy	28	15	233
sequential_reanchored_greedy	28	16	210
sequential_reanchored_greedy	28	17	473
sequential_reanchored_greedy	28	18	596
sequential_reanchored_greedy	28	19	221
sequential_reanchored_greedy	28	20	266
sequential_reanchored_greedy	28	21	1
sequential_reanchored_greedy	28	22	250
sequential_reanchored_greedy	28	23	250
sequential_reanchored_greedy	28	24	250
sequential_reanchored_greedy	28	25	250
sequential_reanchored_greedy	28	26	250
sequential_reanchored_greedy	28	27	266
sequential_reanchored_greedy	28	28	1
sequential_reanchored_greedy	28	29	276
sequential_reanchored_greedy	28	30	473
sequential_reanchored_greedy	28	31	473
sequential_reanchored_greedy	28	32	473
sequential_reanchored_greedy	28	33	473
sequential_reanchored_greedy	28	34	473
sequential_reanchored_greedy	28	35	473
sequential_reanchored_greedy	28	36	473
sequential_reanchored_greedy	28	37	473
sequential_reanchored_greedy	28	38	473
sequential_reanchored_greedy	28	39	473
sequential_reanchored_greedy	28	40	473
sequential_reanchored_greedy	28	41	233
sequential_reanchored_greedy	28	42	210
sequential_reanchored_greedy	28	43	473
sequential_reanchored_greedy	28	44	596
sequential_reanchored_greedy	28	45	231
sequential_reanchored_greedy	28	46	210
sequential_reanchored_greedy	28	47	473
sequential_reanchored_greedy	28	48	473
sequential_reanchored_greedy	28	49	473
sequential_reanchored_greedy	28	50	473
sequential_reanchored_greedy	28	51	233
sequential_reanchored_greedy	28	52	210
sequential_reanchored_greedy	28	53	473
sequential_reanchored_greedy	28	54	596
sequential_reanchored_greedy	28	55	221
sequential_reanchored_greedy	28	56	276
sequential_reanchored_greedy	28	57	473
sequential_reanchored_greedy	28	58	473
sequential_reanchored_greedy	28	59	473
sequential_reanchored_greedy	28	60	473
sequential_reanchored_greedy	28	61	233
sequential_reanchored_greedy	28	62	210
sequential_reanchored_greedy	28	63	473
sequential_reanchored_greedy	28	64	473
sequential_reanchored_greedy	29	1	276
sequential_reanchored_greedy	29	2	473
sequential_reanchored_greedy	29	3	327
sequential_reanchored_greedy	29	4	208
sequential_reanchored_greedy	29	5	1207
sequential_reanchored_greedy	29	6	287
sequential_reanchored_greedy	29	7	5210
sequential_reanchored_greedy	29	8	323
sequential_reanchored_greedy	29	9	256
sequential_reanchored_greedy	29	10	524
sequential_reanchored_greedy	29	11	511
sequential_reanchored_greedy	29	12	1144
sequential_reanchored_greedy	29	13	322
sequential_reanchored_greedy	29	14	213
sequential_reanchored_greedy	29	15	238
sequential_reanchored_greedy	29	16	210
sequential_reanchored_greedy	29	17	473
sequential_reanchored_greedy	29	18	327
sequential_reanchored_greedy	29	19	208
sequential_reanchored_greedy	29	20	1207
sequential_reanchored_greedy	29	21	287
sequential_reanchored_greedy	29	22	5210
sequential_reanchored_greedy	29	23	323
sequential_reanchored_greedy	29	24	256
sequential_reanchored_greedy	29	25	1144
sequential_reanchored_greedy	29	26	322
sequential_reanchored_greedy	29	27	322
sequential_reanchored_greedy	29	28	221
sequential_reanchored_greedy	29	29	276
sequential_reanchored_greedy	29	30	1646
sequential_reanchored_greedy	29	31	327
sequential_reanchored_greedy	29	32	208
sequential_reanchored_greedy	29	33	1207
sequential_reanchored_greedy	29	34	287
sequential_reanchored_greedy	29	35	5210
sequential_reanchored_greedy	29	36	323
sequential_reanchored_greedy	29	37	256
sequential_reanchored_greedy	29	38	1144
sequential_reanchored_greedy	29	39	322
sequential_reanchored_greedy	29	40	213
sequential_reanchored_greedy	29	41	210
sequential_reanchored_greedy	29	42	1646
sequential_reanchored_greedy	29	43	1646
sequential_reanchored_greedy	29	44	1646
sequential_reanchored_greedy	29	45	210
sequential_reanchored_greedy	29	46	1646
sequential_reanchored_greedy	29	47	1646
sequential_reanchored_greedy	29	48	1646
sequential_reanchored_greedy	29	49	221
sequential_reanchored_greedy	29	50	276
sequential_reanchored_greedy	29	51	1646
sequential_reanchored_greedy	29	52	1646
sequential_reanchored_greedy	29	53	1646
sequential_reanchored_greedy	29	54	210
sequential_reanchored_greedy	29	55	1646
sequential_reanchored_greedy	29	56	1646
sequential_reanchored_greedy	29	57	1646
sequential_reanchored_greedy	29	58	210
sequential_reanchored_greedy	29	59	1646
sequential_reanchored_greedy	29	60	1646
sequential_reanchored_greedy	29	61	1646
sequential_reanchored_greedy	29	62	1646
sequential_reanchored_greedy	29	63	210
sequential_reanchored_greedy	29	64	1646
sequential_reanchored_greedy	30	1	210
sequential_reanchored_greedy	30	2	2346
sequential_reanchored_greedy	30	3	231
sequential_reanchored_greedy	30	4	210
sequential_reanchored_greedy	30	5	2346
sequential_reanchored_greedy	30	6	231
sequential_reanchored_greedy	30	7	210
sequential_reanchored_greedy	30	8	2346
sequential_reanchored_greedy	30	9	231
sequential_reanchored_greedy	30	10	210
sequential_reanchored_greedy	30	11	2346
sequential_reanchored_greedy	30	12	231
sequential_reanchored_greedy	30	13	210
sequential_reanchored_greedy	30	14	2346
sequential_reanchored_greedy	30	15	231
sequential_reanchored_greedy	30	16	210
sequential_reanchored_greedy	30	17	2346
sequential_reanchored_greedy	30	18	231
sequential_reanchored_greedy	30	19	210
sequential_reanchored_greedy	30	20	2346
sequential_reanchored_greedy	30	21	231
sequential_reanchored_greedy	30	22	210
sequential_reanchored_greedy	30	23	2346
sequential_reanchored_greedy	30	24	231
sequential_reanchored_greedy	30	25	210
sequential_reanchored_greedy	30	26	2346
sequential_reanchored_greedy	30	27	231
sequential_reanchored_greedy	30	28	210
sequential_reanchored_greedy	30	29	2346
sequential_reanchored_greedy	30	30	231
sequential_reanchored_greedy	30	31	210
sequential_reanchored_greedy	30	32	2346
sequential_reanchored_greedy	30	33	231
sequential_reanchored_greedy	30	34	210
sequential_reanchored_greedy	30	35	2346
sequential_reanchored_greedy	30	36	231
sequential_reanchored_greedy	30	37	210
sequential_reanchored_greedy	30	38	2346
sequential_reanchored_greedy	30	39	231
sequential_reanchored_greedy	30	40	210
sequential_reanchored_greedy	30	41	2346
sequential_reanchored_greedy	30	42	231
sequential_reanchored_greedy	30	43	210
sequential_reanchored_greedy	30	44	2346
sequential_reanchored_greedy	30	45	231
sequential_reanchored_greedy	30	46	210
sequential_reanchored_greedy	30	47	2346
sequential_reanchored_greedy	30	48	231
sequential_reanchored_greedy	30	49	210
sequential_reanchored_greedy	30	50	2346
sequential_reanchored_greedy	30	51	231
sequential_reanchored_greedy	30	52	210
sequential_reanchored_greedy	30	53	2346
sequential_reanchored_greedy	30	54	231
sequential_reanchored_greedy	30	55	210
sequential_reanchored_greedy	30	56	2346
sequential_reanchored_greedy	30	57	231
sequential_reanchored_greedy	30	58	210
sequential_reanchored_greedy	30	59	2346
sequential_reanchored_greedy	30	60	231
sequential_reanchored_greedy	30	61	210
sequential_reanchored_greedy	30	62	2346
sequential_reanchored_greedy	30	63	231
sequential_reanchored_greedy	30	64	210
sequential_reanchored_greedy	31	1	210
sequential_reanchored_greedy	31	2	1225
sequential_reanchored_greedy	31	3	238
sequential_reanchored_greedy	31	4	210
sequential_reanchored_greedy	31	5	473
sequential_reanchored_greedy	31	6	287
sequential_reanchored_greedy	31	7	287
sequential_reanchored_greedy	31	8	287
sequential_reanchored_greedy	31	9	287
sequential_reanchored_greedy	31	10	287
sequential_reanchored_greedy	31	11	287
sequential_reanchored_greedy	31	12	287
sequential_reanchored_greedy	31	13	287
sequential_reanchored_greedy	31	14	287
sequential_reanchored_greedy	31	15	287
sequential_reanchored_greedy	31	16	287
sequential_reanchored_greedy	31	17	287
sequential_reanchored_greedy	31	18	287
sequential_reanchored_greedy	31	19	287
sequential_reanchored_greedy	31	20	287
sequential_reanchored_greedy	31	21	287
sequential_reanchored_greedy	31	22	287
sequential_reanchored_greedy	31	23	287
sequential_reanchored_greedy	31	24	287
sequential_reanchored_greedy	31	25	287
sequential_reanchored_greedy	31	26	287
sequential_reanchored_greedy	31	27	287
sequential_reanchored_greedy	31	28	287
sequential_reanchored_greedy	31	29	287
sequential_reanchored_greedy	31	30	287
sequential_reanchored_greedy	31	31	287
sequential_reanchored_greedy	31	32	287
sequential_reanchored_greedy	31	33	287
sequential_reanchored_greedy	31	34	287
sequential_reanchored_greedy	31	35	287
sequential_reanchored_greedy	31	36	287
sequential_reanchored_greedy	31	37	287
sequential_reanchored_greedy	31	38	287
sequential_reanchored_greedy	31	39	287
sequential_reanchored_greedy	31	40	287
sequential_reanchored_greedy	31	41	287
sequential_reanchored_greedy	31	42	287
sequential_reanchored_greedy	31	43	287
sequential_reanchored_greedy	31	44	287
sequential_reanchored_greedy	31	45	287
sequential_reanchored_greedy	31	46	287
sequential_reanchored_greedy	31	47	287
sequential_reanchored_greedy	31	48	287
sequential_reanchored_greedy	31	49	287
sequential_reanchored_greedy	31	50	287
sequential_reanchored_greedy	31	51	287
sequential_reanchored_greedy	31	52	287
sequential_reanchored_greedy	31	53	287
sequential_reanchored_greedy	31	54	287
sequential_reanchored_greedy	31	55	287
sequential_reanchored_greedy	31	56	287
sequential_reanchored_greedy	31	57	287
sequential_reanchored_greedy	31	58	287
sequential_reanchored_greedy	31	59	287
sequential_reanchored_greedy	31	60	287
sequential_reanchored_greedy	31	61	287
sequential_reanchored_greedy	31	62	287
sequential_reanchored_greedy	31	63	287
sequential_reanchored_greedy	31	64	287
sequential_reanchored_greedy	32	1	1
sequential_reanchored_greedy	32	2	276
sequential_reanchored_greedy	32	3	473
sequential_reanchored_greedy	32	4	231
sequential_reanchored_greedy	32	5	210
sequential_reanchored_greedy	32	6	473
sequential_reanchored_greedy	32	7	231
sequential_reanchored_greedy	32	8	210
sequential_reanchored_greedy	32	9	473
sequential_reanchored_greedy	32	10	287
sequential_reanchored_greedy	32	11	1171
sequential_reanchored_greedy	32	12	231
sequential_reanchored_greedy	32	13	210
sequential_reanchored_greedy	32	14	473
sequential_reanchored_greedy	32	15	287
sequential_reanchored_greedy	32	16	1171
sequential_reanchored_greedy	32	17	213
sequential_reanchored_greedy	32	18	210
sequential_reanchored_greedy	32	19	473
sequential_reanchored_greedy	32	20	287
sequential_reanchored_greedy	32	21	1171
sequential_reanchored_greedy	32	22	271
sequential_reanchored_greedy	32	23	208
sequential_reanchored_greedy	32	24	473
sequential_reanchored_greedy	32	25	287
sequential_reanchored_greedy	32	26	287
sequential_reanchored_greedy	32	27	287
sequential_reanchored_greedy	32	28	287
sequential_reanchored_greedy	32	29	287
sequential_reanchored_greedy	32	30	287
sequential_reanchored_greedy	32	31	287
sequential_reanchored_greedy	32	32	287
sequential_reanchored_greedy	32	33	287
sequential_reanchored_greedy	32	34	287
sequential_reanchored_greedy	32	35	287
sequential_reanchored_greedy	32	36	287
sequential_reanchored_greedy	32	37	287
sequential_reanchored_greedy	32	38	287
sequential_reanchored_greedy	32	39	287
sequential_reanchored_greedy	32	40	287
sequential_reanchored_greedy	32	41	287
sequential_reanchored_greedy	32	42	287
sequential_reanchored_greedy	32	43	287
sequential_reanchored_greedy	32	44	287
sequential_reanchored_greedy	32	45	287
sequential_reanchored_greedy	32	46	287
sequential_reanchored_greedy	32	47	287
sequential_reanchored_greedy	32	48	287
sequential_reanchored_greedy	32	49	287
sequential_reanchored_greedy	32	50	287
sequential_reanchored_greedy	32	51	287
sequential_reanchored_greedy	32	52	287
sequential_reanchored_greedy	32	53	287
sequential_reanchored_greedy	32	54	287
sequential_reanchored_greedy	32	55	287
sequential_reanchored_greedy	32	56	287
sequential_reanchored_greedy	32	57	287
sequential_reanchored_greedy	32	58	287
sequential_reanchored_greedy	32	59	287
sequential_reanchored_greedy	32	60	287
sequential_reanchored_greedy	32	61	287
sequential_reanchored_greedy	32	62	287
sequential_reanchored_greedy	32	63	287
sequential_reanchored_greedy	32	64	287
sequential_reanchored_greedy	33	1	231
sequential_reanchored_greedy	33	2	210
sequential_reanchored_greedy	33	3	473
sequential_reanchored_greedy	33	4	231
sequential_reanchored_greedy	33	5	210
sequential_reanchored_greedy	33	6	473
sequential_reanchored_greedy	33	7	596
sequential_reanchored_greedy	33	8	231
sequential_reanchored_greedy	33	9	210
sequential_reanchored_greedy	33	10	473
sequential_reanchored_greedy	33	11	596
sequential_reanchored_greedy	33	12	213
sequential_reanchored_greedy	33	13	210
sequential_reanchored_greedy	33	14	473
sequential_reanchored_greedy	33	15	231
sequential_reanchored_greedy	33	16	210
sequential_reanchored_greedy	33	17	473
sequential_reanchored_greedy	33	18	596
sequential_reanchored_greedy	33	19	231
sequential_reanchored_greedy	33	20	210
sequential_reanchored_greedy	33	21	473
sequential_reanchored_greedy	33	22	596
sequential_reanchored_greedy	33	23	221
sequential_reanchored_greedy	33	24	276
sequential_reanchored_greedy	33	25	473
sequential_reanchored_greedy	33	26	231
sequential_reanchored_greedy	33	27	210
sequential_reanchored_greedy	33	28	473
sequential_reanchored_greedy	33	29	596
sequential_reanchored_greedy	33	30	213
sequential_reanchored_greedy	33	31	210
sequential_reanchored_greedy	33	32	473
sequential_reanchored_greedy	33	33	271
sequential_reanchored_greedy	33	34	208
sequential_reanchored_greedy	33	35	473
sequential_reanchored_greedy	33	36	287
sequential_reanchored_greedy	33	37	287
sequential_reanchored_greedy	33	38	287
sequential_reanchored_greedy	33	39	287
sequential_reanchored_greedy	33	40	287
sequential_reanchored_greedy	33	41	287
sequential_reanchored_greedy	33	42	287
sequential_reanchored_greedy	33	43	287
sequential_reanchored_greedy	33	44	287
sequential_reanchored_greedy	33	45	287
sequential_reanchored_greedy	33	46	287
sequential_reanchored_greedy	33	47	287
sequential_reanchored_greedy	33	48	287
sequential_reanchored_greedy	33	49	287
sequential_reanchored_greedy	33	50	287
sequential_reanchored_greedy	33	51	287
sequential_reanchored_greedy	33	52	287
sequential_reanchored_greedy	33	53	287
sequential_reanchored_greedy	33	54	287
sequential_reanchored_greedy	33	55	287
sequential_reanchored_greedy	33	56	287
sequential_reanchored_greedy	33	57	287
sequential_reanchored_greedy	33	58	287
sequential_reanchored_greedy	33	59	287
sequential_reanchored_greedy	33	60	287
sequential_reanchored_greedy	33	61	287
sequential_reanchored_greedy	33	62	287
sequential_reanchored_greedy	33	63	287
sequential_reanchored_greedy	33	64	287
sequential_reanchored_greedy	34	1	382
sequential_reanchored_greedy	34	2	212
sequential_reanchored_greedy	34	3	221
sequential_reanchored_greedy	34	4	266
sequential_reanchored_greedy	34	5	1
sequential_reanchored_greedy	34	6	250
sequential_reanchored_greedy	34	7	250
sequential_reanchored_greedy	34	8	250
sequential_reanchored_greedy	34	9	250
sequential_reanchored_greedy	34	10	250
sequential_reanchored_greedy	34	11	266
sequential_reanchored_greedy	34	12	1
sequential_reanchored_greedy	34	13	276
sequential_reanchored_greedy	34	14	473
sequential_reanchored_greedy	34	15	473
sequential_reanchored_greedy	34	16	473
sequential_reanchored_greedy	34	17	473
sequential_reanchored_greedy	34	18	233
sequential_reanchored_greedy	34	19	210
sequential_reanchored_greedy	34	20	473
sequential_reanchored_greedy	34	21	473
sequential_reanchored_greedy	34	22	473
sequential_reanchored_greedy	34	23	473
sequential_reanchored_greedy	34	24	233
sequential_reanchored_greedy	34	25	210
sequential_reanchored_greedy	34	26	473
sequential_reanchored_greedy	34	27	473
sequential_reanchored_greedy	34	28	473
sequential_reanchored_greedy	34	29	233
sequential_reanchored_greedy	34	30	210
sequential_reanchored_greedy	34	31	473
sequential_reanchored_greedy	34	32	473
sequential_reanchored_greedy	34	33	473
sequential_reanchored_greedy	34	34	233
sequential_reanchored_greedy	34	35	210
sequential_reanchored_greedy	34	36	473
sequential_reanchored_greedy	34	37	221
sequential_reanchored_greedy	34	38	276
sequential_reanchored_greedy	34	39	473
sequential_reanchored_greedy	34	40	473
sequential_reanchored_greedy	34	41	473
sequential_reanchored_greedy	34	42	233
sequential_reanchored_greedy	34	43	210
sequential_reanchored_greedy	34	44	473
sequential_reanchored_greedy	34	45	473
sequential_reanchored_greedy	34	46	233
sequential_reanchored_greedy	34	47	210
sequential_reanchored_greedy	34	48	473
sequential_reanchored_greedy	34	49	233
sequential_reanchored_greedy	34	50	210
sequential_reanchored_greedy	34	51	473
sequential_reanchored_greedy	34	52	233
sequential_reanchored_greedy	34	53	210
sequential_reanchored_greedy	34	54	473
sequential_reanchored_greedy	34	55	233
sequential_reanchored_greedy	34	56	210
sequential_reanchored_greedy	34	57	473
sequential_reanchored_greedy	34	58	221
sequential_reanchored_greedy	34	59	276
sequential_reanchored_greedy	34	60	473
sequential_reanchored_greedy	34	61	271
sequential_reanchored_greedy	34	62	233
sequential_reanchored_greedy	34	63	210
sequential_reanchored_greedy	34	64	473
sequential_reanchored_greedy	35	1	221
sequential_reanchored_greedy	35	2	276
sequential_reanchored_greedy	35	3	1513
sequential_reanchored_greedy	35	4	271
sequential_reanchored_greedy	35	5	239
sequential_reanchored_greedy	35	6	210
sequential_reanchored_greedy	35	7	1513
sequential_reanchored_greedy	35	8	213
sequential_reanchored_greedy	35	9	238
sequential_reanchored_greedy	35	10	210
sequential_reanchored_greedy	35	11	1513
sequential_reanchored_greedy	35	12	271
sequential_reanchored_greedy	35	13	239
sequential_reanchored_greedy	35	14	210
sequential_reanchored_greedy	35	15	1513
sequential_reanchored_greedy	35	16	213
sequential_reanchored_greedy	35	17	238
sequential_reanchored_greedy	35	18	210
sequential_reanchored_greedy	35	19	1513
sequential_reanchored_greedy	35	20	221
sequential_reanchored_greedy	35	21	276
sequential_reanchored_greedy	35	22	1513
sequential_reanchored_greedy	35	23	231
sequential_reanchored_greedy	35	24	210
sequential_reanchored_greedy	35	25	1513
sequential_reanchored_greedy	35	26	213
sequential_reanchored_greedy	35	27	210
sequential_reanchored_greedy	35	28	1513
sequential_reanchored_greedy	35	29	213
sequential_reanchored_greedy	35	30	238
sequential_reanchored_greedy	35	31	210
sequential_reanchored_greedy	35	32	1513
sequential_reanchored_greedy	35	33	213
sequential_reanchored_greedy	35	34	238
sequential_reanchored_greedy	35	35	210
sequential_reanchored_greedy	35	36	1513
sequential_reanchored_greedy	35	37	213
sequential_reanchored_greedy	35	38	238
sequential_reanchored_greedy	35	39	210
sequential_reanchored_greedy	35	40	1513
sequential_reanchored_greedy	35	41	221
sequential_reanchored_greedy	35	42	276
sequential_reanchored_greedy	35	43	1513
sequential_reanchored_greedy	35	44	231
sequential_reanchored_greedy	35	45	210
sequential_reanchored_greedy	35	46	1513
sequential_reanchored_greedy	35	47	213
sequential_reanchored_greedy	35	48	210
sequential_reanchored_greedy	35	49	1513
sequential_reanchored_greedy	35	50	213
sequential_reanchored_greedy	35	51	238
sequential_reanchored_greedy	35	52	210
sequential_reanchored_greedy	35	53	1513
sequential_reanchored_greedy	35	54	213
sequential_reanchored_greedy	35	55	238
sequential_reanchored_greedy	35	56	210
sequential_reanchored_greedy	35	57	1513
sequential_reanchored_greedy	35	58	231
sequential_reanchored_greedy	35	59	210
sequential_reanchored_greedy	35	60	1513
sequential_reanchored_greedy	35	61	221
sequential_reanchored_greedy	35	62	276
sequential_reanchored_greedy	35	63	1513
sequential_reanchored_greedy	35	64	231
sequential_reanchored_greedy	36	1	210
sequential_reanchored_greedy	36	2	473
sequential_reanchored_greedy	36	3	287
sequential_reanchored_greedy	36	4	1199
sequential_reanchored_greedy	36	5	213
sequential_reanchored_greedy	36	6	210
sequential_reanchored_greedy	36	7	473
sequential_reanchored_greedy	36	8	287
sequential_reanchored_greedy	36	9	1199
sequential_reanchored_greedy	36	10	213
sequential_reanchored_greedy	36	11	238
sequential_reanchored_greedy	36	12	210
sequential_reanchored_greedy	36	13	473
sequential_reanchored_greedy	36	14	287
sequential_reanchored_greedy	36	15	1199
sequential_reanchored_greedy	36	16	213
sequential_reanchored_greedy	36	17	238
sequential_reanchored_greedy	36	18	210
sequential_reanchored_greedy	36	19	473
sequential_reanchored_greedy	36	20	287
sequential_reanchored_greedy	36	21	1199
sequential_reanchored_greedy	36	22	221
sequential_reanchored_greedy	36	23	276
sequential_reanchored_greedy	36	24	473
sequential_reanchored_greedy	36	25	287
sequential_reanchored_greedy	36	26	1199
sequential_reanchored_greedy	36	27	213
sequential_reanchored_greedy	36	28	210
sequential_reanchored_greedy	36	29	473
sequential_reanchored_greedy	36	30	287
sequential_reanchored_greedy	36	31	1199
sequential_reanchored_greedy	36	32	213
sequential_reanchored_greedy	36	33	238
sequential_reanchored_greedy	36	34	210
sequential_reanchored_greedy	36	35	473
sequential_reanchored_greedy	36	36	287
sequential_reanchored_greedy	36	37	1199
sequential_reanchored_greedy	36	38	213
sequential_reanchored_greedy	36	39	238
sequential_reanchored_greedy	36	40	210
sequential_reanchored_greedy	36	41	473
sequential_reanchored_greedy	36	42	287
sequential_reanchored_greedy	36	43	1199
sequential_reanchored_greedy	36	44	221
sequential_reanchored_greedy	36	45	276
sequential_reanchored_greedy	36	46	473
sequential_reanchored_greedy	36	47	287
sequential_reanchored_greedy	36	48	1199
sequential_reanchored_greedy	36	49	213
sequential_reanchored_greedy	36	50	210
sequential_reanchored_greedy	36	51	473
sequential_reanchored_greedy	36	52	287
sequential_reanchored_greedy	36	53	287
sequential_reanchored_greedy	36	54	287
sequential_reanchored_greedy	36	55	287
sequential_reanchored_greedy	36	56	287
sequential_reanchored_greedy	36	57	287
sequential_reanchored_greedy	36	58	287
sequential_reanchored_greedy	36	59	287
sequential_reanchored_greedy	36	60	287
sequential_reanchored_greedy	36	61	287
sequential_reanchored_greedy	36	62	287
sequential_reanchored_greedy	36	63	287
sequential_reanchored_greedy	36	64	287
sequential_reanchored_greedy	37	1	473
sequential_reanchored_greedy	37	2	231
sequential_reanchored_greedy	37	3	210
sequential_reanchored_greedy	37	4	473
sequential_reanchored_greedy	37	5	287
sequential_reanchored_greedy	37	6	287
sequential_reanchored_greedy	37	7	287
sequential_reanchored_greedy	37	8	287
sequential_reanchored_greedy	37	9	287
sequential_reanchored_greedy	37	10	287
sequential_reanchored_greedy	37	11	287
sequential_reanchored_greedy	37	12	287
sequential_reanchored_greedy	37	13	287
sequential_reanchored_greedy	37	14	287
sequential_reanchored_greedy	37	15	287
sequential_reanchored_greedy	37	16	287
sequential_reanchored_greedy	37	17	287
sequential_reanchored_greedy	37	18	287
sequential_reanchored_greedy	37	19	287
sequential_reanchored_greedy	37	20	287
sequential_reanchored_greedy	37	21	287
sequential_reanchored_greedy	37	22	287
sequential_reanchored_greedy	37	23	287
sequential_reanchored_greedy	37	24	287
sequential_reanchored_greedy	37	25	287
sequential_reanchored_greedy	37	26	287
sequential_reanchored_greedy	37	27	287
sequential_reanchored_greedy	37	28	287
sequential_reanchored_greedy	37	29	287
sequential_reanchored_greedy	37	30	287
sequential_reanchored_greedy	37	31	287
sequential_reanchored_greedy	37	32	287
sequential_reanchored_greedy	37	33	287
sequential_reanchored_greedy	37	34	287
sequential_reanchored_greedy	37	35	287
sequential_reanchored_greedy	37	36	287
sequential_reanchored_greedy	37	37	287
sequential_reanchored_greedy	37	38	287
sequential_reanchored_greedy	37	39	287
sequential_reanchored_greedy	37	40	287
sequential_reanchored_greedy	37	41	287
sequential_reanchored_greedy	37	42	287
sequential_reanchored_greedy	37	43	287
sequential_reanchored_greedy	37	44	287
sequential_reanchored_greedy	37	45	287
sequential_reanchored_greedy	37	46	287
sequential_reanchored_greedy	37	47	287
sequential_reanchored_greedy	37	48	287
sequential_reanchored_greedy	37	49	287
sequential_reanchored_greedy	37	50	287
sequential_reanchored_greedy	37	51	287
sequential_reanchored_greedy	37	52	287
sequential_reanchored_greedy	37	53	287
sequential_reanchored_greedy	37	54	287
sequential_reanchored_greedy	37	55	287
sequential_reanchored_greedy	37	56	287
sequential_reanchored_greedy	37	57	287
sequential_reanchored_greedy	37	58	287
sequential_reanchored_greedy	37	59	287
sequential_reanchored_greedy	37	60	287
sequential_reanchored_greedy	37	61	287
sequential_reanchored_greedy	37	62	287
sequential_reanchored_greedy	37	63	287
sequential_reanchored_greedy	37	64	287
sequential_reanchored_greedy	38	1	235
sequential_reanchored_greedy	38	2	231
sequential_reanchored_greedy	38	3	210
sequential_reanchored_greedy	38	4	473
sequential_reanchored_greedy	38	5	596
sequential_reanchored_greedy	38	6	221
sequential_reanchored_greedy	38	7	276
sequential_reanchored_greedy	38	8	473
sequential_reanchored_greedy	38	9	231
sequential_reanchored_greedy	38	10	210
sequential_reanchored_greedy	38	11	473
sequential_reanchored_greedy	38	12	596
sequential_reanchored_greedy	38	13	213
sequential_reanchored_greedy	38	14	210
sequential_reanchored_greedy	38	15	473
sequential_reanchored_greedy	38	16	231
sequential_reanchored_greedy	38	17	210
sequential_reanchored_greedy	38	18	473
sequential_reanchored_greedy	38	19	596
sequential_reanchored_greedy	38	20	213
sequential_reanchored_greedy	38	21	238
sequential_reanchored_greedy	38	22	210
sequential_reanchored_greedy	38	23	473
sequential_reanchored_greedy	38	24	231
sequential_reanchored_greedy	38	25	210
sequential_reanchored_greedy	38	26	473
sequential_reanchored_greedy	38	27	596
sequential_reanchored_greedy	38	28	221
sequential_reanchored_greedy	38	29	276
sequential_reanchored_greedy	38	30	473
sequential_reanchored_greedy	38	31	231
sequential_reanchored_greedy	38	32	210
sequential_reanchored_greedy	38	33	473
sequential_reanchored_greedy	38	34	596
sequential_reanchored_greedy	38	35	271
sequential_reanchored_greedy	38	36	208
sequential_reanchored_greedy	38	37	473
sequential_reanchored_greedy	38	38	233
sequential_reanchored_greedy	38	39	210
sequential_reanchored_greedy	38	40	473
sequential_reanchored_greedy	38	41	596
sequential_reanchored_greedy	38	42	213
sequential_reanchored_greedy	38	43	238
sequential_reanchored_greedy	38	44	210
sequential_reanchored_greedy	38	45	473
sequential_reanchored_greedy	38	46	271
sequential_reanchored_greedy	38	47	233
sequential_reanchored_greedy	38	48	210
sequential_reanchored_greedy	38	49	473
sequential_reanchored_greedy	38	50	596
sequential_reanchored_greedy	38	51	221
sequential_reanchored_greedy	38	52	276
sequential_reanchored_greedy	38	53	473
sequential_reanchored_greedy	38	54	473
sequential_reanchored_greedy	38	55	473
sequential_reanchored_greedy	38	56	233
sequential_reanchored_greedy	38	57	210
sequential_reanchored_greedy	38	58	473
sequential_reanchored_greedy	38	59	596
sequential_reanchored_greedy	38	60	213
sequential_reanchored_greedy	38	61	238
sequential_reanchored_greedy	38	62	210
sequential_reanchored_greedy	38	63	473
sequential_reanchored_greedy	38	64	473
sequential_reanchored_greedy	39	1	221
sequential_reanchored_greedy	39	2	276
sequential_reanchored_greedy	39	3	473
sequential_reanchored_greedy	39	4	231
sequential_reanchored_greedy	39	5	210
sequential_reanchored_greedy	39	6	1161
sequential_reanchored_greedy	39	7	231
sequential_reanchored_greedy	39	8	210
sequential_reanchored_greedy	39	9	1161
sequential_reanchored_greedy	39	10	231
sequential_reanchored_greedy	39	11	210
sequential_reanchored_greedy	39	12	1647
sequential_reanchored_greedy	39	13	231
sequential_reanchored_greedy	39	14	210
sequential_reanchored_greedy	39	15	1647
sequential_reanchored_greedy	39	16	231
sequential_reanchored_greedy	39	17	210
sequential_reanchored_greedy	39	18	1647
sequential_reanchored_greedy	39	19	231
sequential_reanchored_greedy	39	20	210
sequential_reanchored_greedy	39	21	1647
sequential_reanchored_greedy	39	22	231
sequential_reanchored_greedy	39	23	210
sequential_reanchored_greedy	39	24	1647
sequential_reanchored_greedy	39	25	231
sequential_reanchored_greedy	39	26	210
sequential_reanchored_greedy	39	27	1647
sequential_reanchored_greedy	39	28	231
sequential_reanchored_greedy	39	29	210
sequential_reanchored_greedy	39	30	1647
sequential_reanchored_greedy	39	31	231
sequential_reanchored_greedy	39	32	210
sequential_reanchored_greedy	39	33	1647
sequential_reanchored_greedy	39	34	231
sequential_reanchored_greedy	39	35	210
sequential_reanchored_greedy	39	36	1647
sequential_reanchored_greedy	39	37	231
sequential_reanchored_greedy	39	38	210
sequential_reanchored_greedy	39	39	1161
sequential_reanchored_greedy	39	40	231
sequential_reanchored_greedy	39	41	210
sequential_reanchored_greedy	39	42	1161
sequential_reanchored_greedy	39	43	231
sequential_reanchored_greedy	39	44	210
sequential_reanchored_greedy	39	45	1161
sequential_reanchored_greedy	39	46	231
sequential_reanchored_greedy	39	47	210
sequential_reanchored_greedy	39	48	1161
sequential_reanchored_greedy	39	49	231
sequential_reanchored_greedy	39	50	210
sequential_reanchored_greedy	39	51	1161
sequential_reanchored_greedy	39	52	231
sequential_reanchored_greedy	39	53	210
sequential_reanchored_greedy	39	54	1161
sequential_reanchored_greedy	39	55	231
sequential_reanchored_greedy	39	56	210
sequential_reanchored_greedy	39	57	1161
sequential_reanchored_greedy	39	58	231
sequential_reanchored_greedy	39	59	210
sequential_reanchored_greedy	39	60	1161
sequential_reanchored_greedy	39	61	231
sequential_reanchored_greedy	39	62	210
sequential_reanchored_greedy	39	63	1161
sequential_reanchored_greedy	39	64	231
sequential_reanchored_greedy	40	1	213
sequential_reanchored_greedy	40	2	238
sequential_reanchored_greedy	40	3	210
sequential_reanchored_greedy	40	4	473
sequential_reanchored_greedy	40	5	287
sequential_reanchored_greedy	40	6	972
sequential_reanchored_greedy	40	7	1335
sequential_reanchored_greedy	40	8	221
sequential_reanchored_greedy	40	9	266
sequential_reanchored_greedy	40	10	1
sequential_reanchored_greedy	40	11	250
sequential_reanchored_greedy	40	12	250
sequential_reanchored_greedy	40	13	250
sequential_reanchored_greedy	40	14	250
sequential_reanchored_greedy	40	15	250
sequential_reanchored_greedy	40	16	266
sequential_reanchored_greedy	40	17	1
sequential_reanchored_greedy	40	18	276
sequential_reanchored_greedy	40	19	473
sequential_reanchored_greedy	40	20	231
sequential_reanchored_greedy	40	21	210
sequential_reanchored_greedy	40	22	473
sequential_reanchored_greedy	40	23	287
sequential_reanchored_greedy	40	24	972
sequential_reanchored_greedy	40	25	972
sequential_reanchored_greedy	40	26	972
sequential_reanchored_greedy	40	27	972
sequential_reanchored_greedy	40	28	972
sequential_reanchored_greedy	40	29	972
sequential_reanchored_greedy	40	30	972
sequential_reanchored_greedy	40	31	972
sequential_reanchored_greedy	40	32	972
sequential_reanchored_greedy	40	33	972
sequential_reanchored_greedy	40	34	972
sequential_reanchored_greedy	40	35	972
sequential_reanchored_greedy	40	36	972
sequential_reanchored_greedy	40	37	972
sequential_reanchored_greedy	40	38	972
sequential_reanchored_greedy	40	39	972
sequential_reanchored_greedy	40	40	972
sequential_reanchored_greedy	40	41	972
sequential_reanchored_greedy	40	42	972
sequential_reanchored_greedy	40	43	972
sequential_reanchored_greedy	40	44	972
sequential_reanchored_greedy	40	45	972
sequential_reanchored_greedy	40	46	972
sequential_reanchored_greedy	40	47	972
sequential_reanchored_greedy	40	48	972
sequential_reanchored_greedy	40	49	972
sequential_reanchored_greedy	40	50	972
sequential_reanchored_greedy	40	51	972
sequential_reanchored_greedy	40	52	972
sequential_reanchored_greedy	40	53	972
sequential_reanchored_greedy	40	54	972
sequential_reanchored_greedy	40	55	972
sequential_reanchored_greedy	40	56	972
sequential_reanchored_greedy	40	57	972
sequential_reanchored_greedy	40	58	972
sequential_reanchored_greedy	40	59	972
sequential_reanchored_greedy	40	60	213
sequential_reanchored_greedy	40	61	238
sequential_reanchored_greedy	40	62	210
sequential_reanchored_greedy	40	63	972
sequential_reanchored_greedy	40	64	972
sequential_reanchored_greedy	41	1	1287
sequential_reanchored_greedy	41	2	287
sequential_reanchored_greedy	41	3	287
sequential_reanchored_greedy	41	4	287
sequential_reanchored_greedy	41	5	287
sequential_reanchored_greedy	41	6	287
sequential_reanchored_greedy	41	7	287
sequential_reanchored_greedy	41	8	287
sequential_reanchored_greedy	41	9	287
sequential_reanchored_greedy	41	10	287
sequential_reanchored_greedy	41	11	287
sequential_reanchored_greedy	41	12	287
sequential_reanchored_greedy	41	13	287
sequential_reanchored_greedy	41	14	287
sequential_reanchored_greedy	41	15	287
sequential_reanchored_greedy	41	16	287
sequential_reanchored_greedy	41	17	287
sequential_reanchored_greedy	41	18	287
sequential_reanchored_greedy	41	19	287
sequential_reanchored_greedy	41	20	287
sequential_reanchored_greedy	41	21	287
sequential_reanchored_greedy	41	22	287
sequential_reanchored_greedy	41	23	287
sequential_reanchored_greedy	41	24	287
sequential_reanchored_greedy	41	25	287
sequential_reanchored_greedy	41	26	287
sequential_reanchored_greedy	41	27	287
sequential_reanchored_greedy	41	28	287
sequential_reanchored_greedy	41	29	287
sequential_reanchored_greedy	41	30	287
sequential_reanchored_greedy	41	31	287
sequential_reanchored_greedy	41	32	287
sequential_reanchored_greedy	41	33	287
sequential_reanchored_greedy	41	34	287
sequential_reanchored_greedy	41	35	287
sequential_reanchored_greedy	41	36	287
sequential_reanchored_greedy	41	37	287
sequential_reanchored_greedy	41	38	287
sequential_reanchored_greedy	41	39	287
sequential_reanchored_greedy	41	40	287
sequential_reanchored_greedy	41	41	287
sequential_reanchored_greedy	41	42	287
sequential_reanchored_greedy	41	43	287
sequential_reanchored_greedy	41	44	287
sequential_reanchored_greedy	41	45	287
sequential_reanchored_greedy	41	46	287
sequential_reanchored_greedy	41	47	287
sequential_reanchored_greedy	41	48	287
sequential_reanchored_greedy	41	49	287
sequential_reanchored_greedy	41	50	287
sequential_reanchored_greedy	41	51	287
sequential_reanchored_greedy	41	52	287
sequential_reanchored_greedy	41	53	287
sequential_reanchored_greedy	41	54	287
sequential_reanchored_greedy	41	55	287
sequential_reanchored_greedy	41	56	287
sequential_reanchored_greedy	41	57	287
sequential_reanchored_greedy	41	58	287
sequential_reanchored_greedy	41	59	287
sequential_reanchored_greedy	41	60	287
sequential_reanchored_greedy	41	61	287
sequential_reanchored_greedy	41	62	287
sequential_reanchored_greedy	41	63	287
sequential_reanchored_greedy	41	64	287
sequential_reanchored_greedy	42	1	210
sequential_reanchored_greedy	42	2	473
sequential_reanchored_greedy	42	3	596
sequential_reanchored_greedy	42	4	213
sequential_reanchored_greedy	42	5	238
sequential_reanchored_greedy	42	6	210
sequential_reanchored_greedy	42	7	473
sequential_reanchored_greedy	42	8	596
sequential_reanchored_greedy	42	9	271
sequential_reanchored_greedy	42	10	208
sequential_reanchored_greedy	42	11	255
sequential_reanchored_greedy	42	12	1438
sequential_reanchored_greedy	42	13	255
sequential_reanchored_greedy	42	14	221
sequential_reanchored_greedy	42	15	266
sequential_reanchored_greedy	42	16	1
sequential_reanchored_greedy	42	17	250
sequential_reanchored_greedy	42	18	250
sequential_reanchored_greedy	42	19	250
sequential_reanchored_greedy	42	20	250
sequential_reanchored_greedy	42	21	250
sequential_reanchored_greedy	42	22	266
sequential_reanchored_greedy	42	23	1
sequential_reanchored_greedy	42	24	276
sequential_reanchored_greedy	42	25	473
sequential_reanchored_greedy	42	26	231
sequential_reanchored_greedy	42	27	210
sequential_reanchored_greedy	42	28	473
sequential_reanchored_greedy	42	29	596
sequential_reanchored_greedy	42	30	231
sequential_reanchored_greedy	42	31	210
sequential_reanchored_greedy	42	32	473
sequential_reanchored_greedy	42	33	596
sequential_reanchored_greedy	42	34	271
sequential_reanchored_greedy	42	35	208
sequential_reanchored_greedy	42	36	473
sequential_reanchored_greedy	42	37	287
sequential_reanchored_greedy	42	38	473
sequential_reanchored_greedy	42	39	287
sequential_reanchored_greedy	42	40	287
sequential_reanchored_greedy	42	41	287
sequential_reanchored_greedy	42	42	287
sequential_reanchored_greedy	42	43	287
sequential_reanchored_greedy	42	44	287
sequential_reanchored_greedy	42	45	287
sequential_reanchored_greedy	42	46	287
sequential_reanchored_greedy	42	47	287
sequential_reanchored_greedy	42	48	287
sequential_reanchored_greedy	42	49	287
sequential_reanchored_greedy	42	50	287
sequential_reanchored_greedy	42	51	287
sequential_reanchored_greedy	42	52	287
sequential_reanchored_greedy	42	53	287
sequential_reanchored_greedy	42	54	287
sequential_reanchored_greedy	42	55	287
sequential_reanchored_greedy	42	56	287
sequential_reanchored_greedy	42	57	287
sequential_reanchored_greedy	42	58	287
sequential_reanchored_greedy	42	59	287
sequential_reanchored_greedy	42	60	287
sequential_reanchored_greedy	42	61	287
sequential_reanchored_greedy	42	62	287
sequential_reanchored_greedy	42	63	287
sequential_reanchored_greedy	42	64	287
sequential_reanchored_greedy	43	1	238
sequential_reanchored_greedy	43	2	210
sequential_reanchored_greedy	43	3	473
sequential_reanchored_greedy	43	4	327
sequential_reanchored_greedy	43	5	208
sequential_reanchored_greedy	43	6	1207
sequential_reanchored_greedy	43	7	287
sequential_reanchored_greedy	43	8	1207
sequential_reanchored_greedy	43	9	287
sequential_reanchored_greedy	43	10	230
sequential_reanchored_greedy	43	11	267
sequential_reanchored_greedy	43	12	240
sequential_reanchored_greedy	43	13	221
sequential_reanchored_greedy	43	14	276
sequential_reanchored_greedy	43	15	473
sequential_reanchored_greedy	43	16	327
sequential_reanchored_greedy	43	17	208
sequential_reanchored_greedy	43	18	1207
sequential_reanchored_greedy	43	19	287
sequential_reanchored_greedy	43	20	1207
sequential_reanchored_greedy	43	21	287
sequential_reanchored_greedy	43	22	4861
sequential_reanchored_greedy	43	23	287
sequential_reanchored_greedy	43	24	4861
sequential_reanchored_greedy	43	25	213
sequential_reanchored_greedy	43	26	238
sequential_reanchored_greedy	43	27	210
sequential_reanchored_greedy	43	28	473
sequential_reanchored_greedy	43	29	327
sequential_reanchored_greedy	43	30	208
sequential_reanchored_greedy	43	31	1207
sequential_reanchored_greedy	43	32	287
sequential_reanchored_greedy	43	33	4861
sequential_reanchored_greedy	43	34	287
sequential_reanchored_greedy	43	35	4861
sequential_reanchored_greedy	43	36	221
sequential_reanchored_greedy	43	37	276
sequential_reanchored_greedy	43	38	473
sequential_reanchored_greedy	43	39	327
sequential_reanchored_greedy	43	40	208
sequential_reanchored_greedy	43	41	1207
sequential_reanchored_greedy	43	42	287
sequential_reanchored_greedy	43	43	4861
sequential_reanchored_greedy	43	44	287
sequential_reanchored_greedy	43	45	4861
sequential_reanchored_greedy	43	46	287
sequential_reanchored_greedy	43	47	4861
sequential_reanchored_greedy	43	48	287
sequential_reanchored_greedy	43	49	4861
sequential_reanchored_greedy	43	50	287
sequential_reanchored_greedy	43	51	4861
sequential_reanchored_greedy	43	52	287
sequential_reanchored_greedy	43	53	4861
sequential_reanchored_greedy	43	54	287
sequential_reanchored_greedy	43	55	4861
sequential_reanchored_greedy	43	56	221
sequential_reanchored_greedy	43	57	276
sequential_reanchored_greedy	43	58	473
sequential_reanchored_greedy	43	59	327
sequential_reanchored_greedy	43	60	208
sequential_reanchored_greedy	43	61	4861
sequential_reanchored_greedy	43	62	287
sequential_reanchored_greedy	43	63	4861
sequential_reanchored_greedy	43	64	287
sequential_reanchored_greedy	44	1	473
sequential_reanchored_greedy	44	2	231
sequential_reanchored_greedy	44	3	210
sequential_reanchored_greedy	44	4	473
sequential_reanchored_greedy	44	5	287
sequential_reanchored_greedy	44	6	1844
sequential_reanchored_greedy	44	7	213
sequential_reanchored_greedy	44	8	238
sequential_reanchored_greedy	44	9	210
sequential_reanchored_greedy	44	10	473
sequential_reanchored_greedy	44	11	287
sequential_reanchored_greedy	44	12	1844
sequential_reanchored_greedy	44	13	271
sequential_reanchored_greedy	44	14	239
sequential_reanchored_greedy	44	15	210
sequential_reanchored_greedy	44	16	473
sequential_reanchored_greedy	44	17	287
sequential_reanchored_greedy	44	18	1844
sequential_reanchored_greedy	44	19	221
sequential_reanchored_greedy	44	20	276
sequential_reanchored_greedy	44	21	473
sequential_reanchored_greedy	44	22	287
sequential_reanchored_greedy	44	23	1844
sequential_reanchored_greedy	44	24	271
sequential_reanchored_greedy	44	25	239
sequential_reanchored_greedy	44	26	210
sequential_reanchored_greedy	44	27	1844
sequential_reanchored_greedy	44	28	213
sequential_reanchored_greedy	44	29	238
sequential_reanchored_greedy	44	30	210
sequential_reanchored_greedy	44	31	1844
sequential_reanchored_greedy	44	32	271
sequential_reanchored_greedy	44	33	239
sequential_reanchored_greedy	44	34	210
sequential_reanchored_greedy	44	35	1844
sequential_reanchored_greedy	44	36	221
sequential_reanchored_greedy	44	37	276
sequential_reanchored_greedy	44	38	1844
sequential_reanchored_greedy	44	39	271
sequential_reanchored_greedy	44	40	239
sequential_reanchored_greedy	44	41	210
sequential_reanchored_greedy	44	42	1844
sequential_reanchored_greedy	44	43	1844
sequential_reanchored_greedy	44	44	213
sequential_reanchored_greedy	44	45	238
sequential_reanchored_greedy	44	46	210
sequential_reanchored_greedy	44	47	1844
sequential_reanchored_greedy	44	48	1844
sequential_reanchored_greedy	44	49	1844
sequential_reanchored_greedy	44	50	1844
sequential_reanchored_greedy	44	51	1844
sequential_reanchored_greedy	44	52	1844
sequential_reanchored_greedy	44	53	1844
sequential_reanchored_greedy	44	54	1844
sequential_reanchored_greedy	44	55	1844
sequential_reanchored_greedy	44	56	1844
sequential_reanchored_greedy	44	57	1844
sequential_reanchored_greedy	44	58	1844
sequential_reanchored_greedy	44	59	1844
sequential_reanchored_greedy	44	60	1844
sequential_reanchored_greedy	44	61	1844
sequential_reanchored_greedy	44	62	1844
sequential_reanchored_greedy	44	63	1844
sequential_reanchored_greedy	44	64	1844
sequential_reanchored_greedy	45	1	250
sequential_reanchored_greedy	45	2	250
sequential_reanchored_greedy	45	3	250
sequential_reanchored_greedy	45	4	250
sequential_reanchored_greedy	45	5	266
sequential_reanchored_greedy	45	6	1
sequential_reanchored_greedy	45	7	276
sequential_reanchored_greedy	45	8	718
sequential_reanchored_greedy	45	9	271
sequential_reanchored_greedy	45	10	1034
sequential_reanchored_greedy	45	11	275
sequential_reanchored_greedy	45	12	210
sequential_reanchored_greedy	45	13	718
sequential_reanchored_greedy	45	14	279
sequential_reanchored_greedy	45	15	84
sequential_reanchored_greedy	45	16	473
sequential_reanchored_greedy	45	17	820
sequential_reanchored_greedy	45	18	213
sequential_reanchored_greedy	45	19	238
sequential_reanchored_greedy	45	20	1034
sequential_reanchored_greedy	45	21	275
sequential_reanchored_greedy	45	22	210
sequential_reanchored_greedy	45	23	718
sequential_reanchored_greedy	45	24	221
sequential_reanchored_greedy	45	25	276
sequential_reanchored_greedy	45	26	718
sequential_reanchored_greedy	45	27	271
sequential_reanchored_greedy	45	28	1034
sequential_reanchored_greedy	45	29	275
sequential_reanchored_greedy	45	30	210
sequential_reanchored_greedy	45	31	718
sequential_reanchored_greedy	45	32	279
sequential_reanchored_greedy	45	33	84
sequential_reanchored_greedy	45	34	718
sequential_reanchored_greedy	45	35	213
sequential_reanchored_greedy	45	36	238
sequential_reanchored_greedy	45	37	1034
sequential_reanchored_greedy	45	38	275
sequential_reanchored_greedy	45	39	210
sequential_reanchored_greedy	45	40	718
sequential_reanchored_greedy	45	41	279
sequential_reanchored_greedy	45	42	84
sequential_reanchored_greedy	45	43	718
sequential_reanchored_greedy	45	44	213
sequential_reanchored_greedy	45	45	238
sequential_reanchored_greedy	45	46	210
sequential_reanchored_greedy	45	47	718
sequential_reanchored_greedy	45	48	279
sequential_reanchored_greedy	45	49	84
sequential_reanchored_greedy	45	50	718
sequential_reanchored_greedy	45	51	221
sequential_reanchored_greedy	45	52	571
sequential_reanchored_greedy	45	53	271
sequential_reanchored_greedy	45	54	1034
sequential_reanchored_greedy	45	55	275
sequential_reanchored_greedy	45	56	210
sequential_reanchored_greedy	45	57	718
sequential_reanchored_greedy	45	58	279
sequential_reanchored_greedy	45	59	84
sequential_reanchored_greedy	45	60	718
sequential_reanchored_greedy	45	61	213
sequential_reanchored_greedy	45	62	238
sequential_reanchored_greedy	45	63	210
sequential_reanchored_greedy	45	64	718
sequential_reanchored_greedy	46	1	74
sequential_reanchored_greedy	46	2	213
sequential_reanchored_greedy	46	3	238
sequential_reanchored_greedy	46	4	210
sequential_reanchored_greedy	46	5	1909
sequential_reanchored_greedy	46	6	231
sequential_reanchored_greedy	46	7	210
sequential_reanchored_greedy	46	8	1909
sequential_reanchored_greedy	46	9	1909
sequential_reanchored_greedy	46	10	221
sequential_reanchored_greedy	46	11	276
sequential_reanchored_greedy	46	12	1909
sequential_reanchored_greedy	46	13	1909
sequential_reanchored_greedy	46	14	1909
sequential_reanchored_greedy	46	15	213
sequential_reanchored_greedy	46	16	210
sequential_reanchored_greedy	46	17	1909
sequential_reanchored_greedy	46	18	1909
sequential_reanchored_greedy	46	19	231
sequential_reanchored_greedy	46	20	210
sequential_reanchored_greedy	46	21	1909
sequential_reanchored_greedy	46	22	1909
sequential_reanchored_greedy	46	23	1909
sequential_reanchored_greedy	46	24	238
sequential_reanchored_greedy	46	25	210
sequential_reanchored_greedy	46	26	1909
sequential_reanchored_greedy	46	27	1909
sequential_reanchored_greedy	46	28	231
sequential_reanchored_greedy	46	29	210
sequential_reanchored_greedy	46	30	1909
sequential_reanchored_greedy	46	31	1909
sequential_reanchored_greedy	46	32	221
sequential_reanchored_greedy	46	33	276
sequential_reanchored_greedy	46	34	1909
sequential_reanchored_greedy	46	35	1909
sequential_reanchored_greedy	46	36	213
sequential_reanchored_greedy	46	37	238
sequential_reanchored_greedy	46	38	210
sequential_reanchored_greedy	46	39	1909
sequential_reanchored_greedy	46	40	1909
sequential_reanchored_greedy	46	41	1909
sequential_reanchored_greedy	46	42	238
sequential_reanchored_greedy	46	43	210
sequential_reanchored_greedy	46	44	1909
sequential_reanchored_greedy	46	45	1909
sequential_reanchored_greedy	46	46	1909
sequential_reanchored_greedy	46	47	238
sequential_reanchored_greedy	46	48	210
sequential_reanchored_greedy	46	49	1909
sequential_reanchored_greedy	46	50	1909
sequential_reanchored_greedy	46	51	221
sequential_reanchored_greedy	46	52	276
sequential_reanchored_greedy	46	53	1909
sequential_reanchored_greedy	46	54	1909
sequential_reanchored_greedy	46	55	238
sequential_reanchored_greedy	46	56	210
sequential_reanchored_greedy	46	57	1909
sequential_reanchored_greedy	46	58	1909
sequential_reanchored_greedy	46	59	238
sequential_reanchored_greedy	46	60	210
sequential_reanchored_greedy	46	61	1909
sequential_reanchored_greedy	46	62	1909
sequential_reanchored_greedy	46	63	238
sequential_reanchored_greedy	46	64	210
sequential_reanchored_greedy	47	1	208
sequential_reanchored_greedy	47	2	255
sequential_reanchored_greedy	47	3	255
sequential_reanchored_greedy	47	4	221
sequential_reanchored_greedy	47	5	276
sequential_reanchored_greedy	47	6	691
sequential_reanchored_greedy	47	7	255
sequential_reanchored_greedy	47	8	271
sequential_reanchored_greedy	47	9	1034
sequential_reanchored_greedy	47	10	233
sequential_reanchored_greedy	47	11	210
sequential_reanchored_greedy	47	12	691
sequential_reanchored_greedy	47	13	213
sequential_reanchored_greedy	47	14	238
sequential_reanchored_greedy	47	15	210
sequential_reanchored_greedy	47	16	691
sequential_reanchored_greedy	47	17	691
sequential_reanchored_greedy	47	18	213
sequential_reanchored_greedy	47	19	238
sequential_reanchored_greedy	47	20	691
sequential_reanchored_greedy	47	21	691
sequential_reanchored_greedy	47	22	221
sequential_reanchored_greedy	47	23	276
sequential_reanchored_greedy	47	24	691
sequential_reanchored_greedy	47	25	691
sequential_reanchored_greedy	47	26	691
sequential_reanchored_greedy	47	27	691
sequential_reanchored_greedy	47	28	691
sequential_reanchored_greedy	47	29	691
sequential_reanchored_greedy	47	30	691
sequential_reanchored_greedy	47	31	691
sequential_reanchored_greedy	47	32	691
sequential_reanchored_greedy	47	33	691
sequential_reanchored_greedy	47	34	691
sequential_reanchored_greedy	47	35	691
sequential_reanchored_greedy	47	36	691
sequential_reanchored_greedy	47	37	691
sequential_reanchored_greedy	47	38	691
sequential_reanchored_greedy	47	39	691
sequential_reanchored_greedy	47	40	691
sequential_reanchored_greedy	47	41	691
sequential_reanchored_greedy	47	42	691
sequential_reanchored_greedy	47	43	691
sequential_reanchored_greedy	47	44	691
sequential_reanchored_greedy	47	45	691
sequential_reanchored_greedy	47	46	691
sequential_reanchored_greedy	47	47	691
sequential_reanchored_greedy	47	48	691
sequential_reanchored_greedy	47	49	691
sequential_reanchored_greedy	47	50	691
sequential_reanchored_greedy	47	51	691
sequential_reanchored_greedy	47	52	691
sequential_reanchored_greedy	47	53	691
sequential_reanchored_greedy	47	54	691
sequential_reanchored_greedy	47	55	691
sequential_reanchored_greedy	47	56	691
sequential_reanchored_greedy	47	57	691
sequential_reanchored_greedy	47	58	691
sequential_reanchored_greedy	47	59	691
sequential_reanchored_greedy	47	60	691
sequential_reanchored_greedy	47	61	691
sequential_reanchored_greedy	47	62	691
sequential_reanchored_greedy	47	63	691
sequential_reanchored_greedy	47	64	691
sequential_reanchored_greedy	48	1	208
sequential_reanchored_greedy	48	2	2128
sequential_reanchored_greedy	48	3	231
sequential_reanchored_greedy	48	4	210
sequential_reanchored_greedy	48	5	473
sequential_reanchored_greedy	48	6	287
sequential_reanchored_greedy	48	7	556
sequential_reanchored_greedy	48	8	213
sequential_reanchored_greedy	48	9	208
sequential_reanchored_greedy	48	10	2128
sequential_reanchored_greedy	48	11	231
sequential_reanchored_greedy	48	12	210
sequential_reanchored_greedy	48	13	473
sequential_reanchored_greedy	48	14	287
sequential_reanchored_greedy	48	15	556
sequential_reanchored_greedy	48	16	213
sequential_reanchored_greedy	48	17	208
sequential_reanchored_greedy	48	18	2128
sequential_reanchored_greedy	48	19	231
sequential_reanchored_greedy	48	20	210
sequential_reanchored_greedy	48	21	473
sequential_reanchored_greedy	48	22	287
sequential_reanchored_greedy	48	23	556
sequential_reanchored_greedy	48	24	213
sequential_reanchored_greedy	48	25	238
sequential_reanchored_greedy	48	26	208
sequential_reanchored_greedy	48	27	2128
sequential_reanchored_greedy	48	28	231
sequential_reanchored_greedy	48	29	210
sequential_reanchored_greedy	48	30	473
sequential_reanchored_greedy	48	31	287
sequential_reanchored_greedy	48	32	556
sequential_reanchored_greedy	48	33	221
sequential_reanchored_greedy	48	34	369
sequential_reanchored_greedy	48	35	210
sequential_reanchored_greedy	48	36	473
sequential_reanchored_greedy	48	37	287
sequential_reanchored_greedy	48	38	556
sequential_reanchored_greedy	48	39	213
sequential_reanchored_greedy	48	40	210
sequential_reanchored_greedy	48	41	473
sequential_reanchored_greedy	48	42	287
sequential_reanchored_greedy	48	43	556
sequential_reanchored_greedy	48	44	287
sequential_reanchored_greedy	48	45	556
sequential_reanchored_greedy	48	46	287
sequential_reanchored_greedy	48	47	556
sequential_reanchored_greedy	48	48	287
sequential_reanchored_greedy	48	49	556
sequential_reanchored_greedy	48	50	213
sequential_reanchored_greedy	48	51	208
sequential_reanchored_greedy	48	52	473
sequential_reanchored_greedy	48	53	287
sequential_reanchored_greedy	48	54	287
sequential_reanchored_greedy	48	55	287
sequential_reanchored_greedy	48	56	287
sequential_reanchored_greedy	48	57	287
sequential_reanchored_greedy	48	58	287
sequential_reanchored_greedy	48	59	287
sequential_reanchored_greedy	48	60	287
sequential_reanchored_greedy	48	61	287
sequential_reanchored_greedy	48	62	287
sequential_reanchored_greedy	48	63	287
sequential_reanchored_greedy	48	64	287
sequential_reanchored_greedy	49	1	266
sequential_reanchored_greedy	49	2	1
sequential_reanchored_greedy	49	3	250
sequential_reanchored_greedy	49	4	250
sequential_reanchored_greedy	49	5	250
sequential_reanchored_greedy	49	6	250
sequential_reanchored_greedy	49	7	250
sequential_reanchored_greedy	49	8	266
sequential_reanchored_greedy	49	9	1
sequential_reanchored_greedy	49	10	369
sequential_reanchored_greedy	49	11	210
sequential_reanchored_greedy	49	12	884
sequential_reanchored_greedy	49	13	1105
sequential_reanchored_greedy	49	14	213
sequential_reanchored_greedy	49	15	210
sequential_reanchored_greedy	49	16	473
sequential_reanchored_greedy	49	17	287
sequential_reanchored_greedy	49	18	972
sequential_reanchored_greedy	49	19	972
sequential_reanchored_greedy	49	20	972
sequential_reanchored_greedy	49	21	972
sequential_reanchored_greedy	49	22	972
sequential_reanchored_greedy	49	23	972
sequential_reanchored_greedy	49	24	972
sequential_reanchored_greedy	49	25	972
sequential_reanchored_greedy	49	26	972
sequential_reanchored_greedy	49	27	972
sequential_reanchored_greedy	49	28	972
sequential_reanchored_greedy	49	29	972
sequential_reanchored_greedy	49	30	972
sequential_reanchored_greedy	49	31	972
sequential_reanchored_greedy	49	32	972
sequential_reanchored_greedy	49	33	972
sequential_reanchored_greedy	49	34	972
sequential_reanchored_greedy	49	35	972
sequential_reanchored_greedy	49	36	972
sequential_reanchored_greedy	49	37	972
sequential_reanchored_greedy	49	38	972
sequential_reanchored_greedy	49	39	972
sequential_reanchored_greedy	49	40	972
sequential_reanchored_greedy	49	41	972
sequential_reanchored_greedy	49	42	972
sequential_reanchored_greedy	49	43	972
sequential_reanchored_greedy	49	44	972
sequential_reanchored_greedy	49	45	972
sequential_reanchored_greedy	49	46	972
sequential_reanchored_greedy	49	47	972
sequential_reanchored_greedy	49	48	972
sequential_reanchored_greedy	49	49	213
sequential_reanchored_greedy	49	50	238
sequential_reanchored_greedy	49	51	271
sequential_reanchored_greedy	49	52	210
sequential_reanchored_greedy	49	53	473
sequential_reanchored_greedy	49	54	287
sequential_reanchored_greedy	49	55	972
sequential_reanchored_greedy	49	56	972
sequential_reanchored_greedy	49	57	972
sequential_reanchored_greedy	49	58	972
sequential_reanchored_greedy	49	59	972
sequential_reanchored_greedy	49	60	972
sequential_reanchored_greedy	49	61	221
sequential_reanchored_greedy	49	62	369
sequential_reanchored_greedy	49	63	210
sequential_reanchored_greedy	49	64	972
sequential_reanchored_greedy	50	1	66
sequential_reanchored_greedy	50	2	213
sequential_reanchored_greedy	50	3	238
sequential_reanchored_greedy	50	4	210
sequential_reanchored_greedy	50	5	2657
sequential_reanchored_greedy	50	6	2657
sequential_reanchored_greedy	50	7	210
sequential_reanchored_greedy	50	8	2657
sequential_reanchored_greedy	50	9	2657
sequential_reanchored_greedy	50	10	210
sequential_reanchored_greedy	50	11	2657
sequential_reanchored_greedy	50	12	2657
sequential_reanchored_greedy	50	13	210
sequential_reanchored_greedy	50	14	2657
sequential_reanchored_greedy	50	15	2657
sequential_reanchored_greedy	50	16	210
sequential_reanchored_greedy	50	17	2657
sequential_reanchored_greedy	50	18	2657
sequential_reanchored_greedy	50	19	2657
sequential_reanchored_greedy	50	20	210
sequential_reanchored_greedy	50	21	2657
sequential_reanchored_greedy	50	22	2657
sequential_reanchored_greedy	50	23	2657
sequential_reanchored_greedy	50	24	210
sequential_reanchored_greedy	50	25	2657
sequential_reanchored_greedy	50	26	2657
sequential_reanchored_greedy	50	27	2657
sequential_reanchored_greedy	50	28	2657
sequential_reanchored_greedy	50	29	210
sequential_reanchored_greedy	50	30	2657
sequential_reanchored_greedy	50	31	2657
sequential_reanchored_greedy	50	32	2657
sequential_reanchored_greedy	50	33	2657
sequential_reanchored_greedy	50	34	2657
sequential_reanchored_greedy	50	35	2657
sequential_reanchored_greedy	50	36	2657
sequential_reanchored_greedy	50	37	2657
sequential_reanchored_greedy	50	38	2657
sequential_reanchored_greedy	50	39	2657
sequential_reanchored_greedy	50	40	2657
sequential_reanchored_greedy	50	41	2657
sequential_reanchored_greedy	50	42	2657
sequential_reanchored_greedy	50	43	2657
sequential_reanchored_greedy	50	44	2657
sequential_reanchored_greedy	50	45	2657
sequential_reanchored_greedy	50	46	2657
sequential_reanchored_greedy	50	47	2657
sequential_reanchored_greedy	50	48	2657
sequential_reanchored_greedy	50	49	2657
sequential_reanchored_greedy	50	50	2657
sequential_reanchored_greedy	50	51	2657
sequential_reanchored_greedy	50	52	2657
sequential_reanchored_greedy	50	53	2657
sequential_reanchored_greedy	50	54	2657
sequential_reanchored_greedy	50	55	2657
sequential_reanchored_greedy	50	56	2657
sequential_reanchored_greedy	50	57	2657
sequential_reanchored_greedy	50	58	2657
sequential_reanchored_greedy	50	59	2657
sequential_reanchored_greedy	50	60	2657
sequential_reanchored_greedy	50	61	2657
sequential_reanchored_greedy	50	62	2657
sequential_reanchored_greedy	50	63	2657
sequential_reanchored_greedy	50	64	2657
sequential_reanchored_greedy	51	1	287
sequential_reanchored_greedy	51	2	287
sequential_reanchored_greedy	51	3	287
sequential_reanchored_greedy	51	4	287
sequential_reanchored_greedy	51	5	287
sequential_reanchored_greedy	51	6	287
sequential_reanchored_greedy	51	7	2568
sequential_reanchored_greedy	51	8	2568
sequential_reanchored_greedy	51	9	221
sequential_reanchored_greedy	51	10	266
sequential_reanchored_greedy	51	11	1
sequential_reanchored_greedy	51	12	250
sequential_reanchored_greedy	51	13	250
sequential_reanchored_greedy	51	14	250
sequential_reanchored_greedy	51	15	250
sequential_reanchored_greedy	51	16	250
sequential_reanchored_greedy	51	17	266
sequential_reanchored_greedy	51	18	1
sequential_reanchored_greedy	51	19	276
sequential_reanchored_greedy	51	20	2568
sequential_reanchored_greedy	51	21	2568
sequential_reanchored_greedy	51	22	2568
sequential_reanchored_greedy	51	23	2568
sequential_reanchored_greedy	51	24	2568
sequential_reanchored_greedy	51	25	2568
sequential_reanchored_greedy	51	26	2568
sequential_reanchored_greedy	51	27	2568
sequential_reanchored_greedy	51	28	2568
sequential_reanchored_greedy	51	29	2568
sequential_reanchored_greedy	51	30	2568
sequential_reanchored_greedy	51	31	2568
sequential_reanchored_greedy	51	32	2568
sequential_reanchored_greedy	51	33	2568
sequential_reanchored_greedy	51	34	221
sequential_reanchored_greedy	51	35	276
sequential_reanchored_greedy	51	36	2568
sequential_reanchored_greedy	51	37	2568
sequential_reanchored_greedy	51	38	2568
sequential_reanchored_greedy	51	39	2568
sequential_reanchored_greedy	51	40	2568
sequential_reanchored_greedy	51	41	2568
sequential_reanchored_greedy	51	42	2568
sequential_reanchored_greedy	51	43	2568
sequential_reanchored_greedy	51	44	2568
sequential_reanchored_greedy	51	45	2568
sequential_reanchored_greedy	51	46	2568
sequential_reanchored_greedy	51	47	2568
sequential_reanchored_greedy	51	48	2568
sequential_reanchored_greedy	51	49	2568
sequential_reanchored_greedy	51	50	2568
sequential_reanchored_greedy	51	51	2568
sequential_reanchored_greedy	51	52	2568
sequential_reanchored_greedy	51	53	2568
sequential_reanchored_greedy	51	54	2568
sequential_reanchored_greedy	51	55	2568
sequential_reanchored_greedy	51	56	2568
sequential_reanchored_greedy	51	57	2568
sequential_reanchored_greedy	51	58	2568
sequential_reanchored_greedy	51	59	2568
sequential_reanchored_greedy	51	60	2568
sequential_reanchored_greedy	51	61	2568
sequential_reanchored_greedy	51	62	2568
sequential_reanchored_greedy	51	63	2568
sequential_reanchored_greedy	51	64	2568
sequential_reanchored_greedy	52	1	213
sequential_reanchored_greedy	52	2	238
sequential_reanchored_greedy	52	3	210
sequential_reanchored_greedy	52	4	473
sequential_reanchored_greedy	52	5	473
sequential_reanchored_greedy	52	6	473
sequential_reanchored_greedy	52	7	473
sequential_reanchored_greedy	52	8	473
sequential_reanchored_greedy	52	9	473
sequential_reanchored_greedy	52	10	233
sequential_reanchored_greedy	52	11	210
sequential_reanchored_greedy	52	12	473
sequential_reanchored_greedy	52	13	231
sequential_reanchored_greedy	52	14	210
sequential_reanchored_greedy	52	15	473
sequential_reanchored_greedy	52	16	473
sequential_reanchored_greedy	52	17	473
sequential_reanchored_greedy	52	18	233
sequential_reanchored_greedy	52	19	210
sequential_reanchored_greedy	52	20	473
sequential_reanchored_greedy	52	21	221
sequential_reanchored_greedy	52	22	266
sequential_reanchored_greedy	52	23	1
sequential_reanchored_greedy	52	24	250
sequential_reanchored_greedy	52	25	250
sequential_reanchored_greedy	52	26	250
sequential_reanchored_greedy	52	27	250
sequential_reanchored_greedy	52	28	250
sequential_reanchored_greedy	52	29	266
sequential_reanchored_greedy	52	30	1
sequential_reanchored_greedy	52	31	276
sequential_reanchored_greedy	52	32	473
sequential_reanchored_greedy	52	33	231
sequential_reanchored_greedy	52	34	210
sequential_reanchored_greedy	52	35	473
sequential_reanchored_greedy	52	36	473
sequential_reanchored_greedy	52	37	473
sequential_reanchored_greedy	52	38	473
sequential_reanchored_greedy	52	39	473
sequential_reanchored_greedy	52	40	233
sequential_reanchored_greedy	52	41	210
sequential_reanchored_greedy	52	42	473
sequential_reanchored_greedy	52	43	473
sequential_reanchored_greedy	52	44	473
sequential_reanchored_greedy	52	45	233
sequential_reanchored_greedy	52	46	210
sequential_reanchored_greedy	52	47	473
sequential_reanchored_greedy	52	48	473
sequential_reanchored_greedy	52	49	233
sequential_reanchored_greedy	52	50	210
sequential_reanchored_greedy	52	51	473
sequential_reanchored_greedy	52	52	221
sequential_reanchored_greedy	52	53	276
sequential_reanchored_greedy	52	54	473
sequential_reanchored_greedy	52	55	473
sequential_reanchored_greedy	52	56	473
sequential_reanchored_greedy	52	57	233
sequential_reanchored_greedy	52	58	210
sequential_reanchored_greedy	52	59	473
sequential_reanchored_greedy	52	60	473
sequential_reanchored_greedy	52	61	233
sequential_reanchored_greedy	52	62	210
sequential_reanchored_greedy	52	63	473
sequential_reanchored_greedy	52	64	233
sequential_reanchored_greedy	53	1	221
sequential_reanchored_greedy	53	2	266
sequential_reanchored_greedy	53	3	1
sequential_reanchored_greedy	53	4	250
sequential_reanchored_greedy	53	5	250
sequential_reanchored_greedy	53	6	250
sequential_reanchored_greedy	53	7	250
sequential_reanchored_greedy	53	8	250
sequential_reanchored_greedy	53	9	266
sequential_reanchored_greedy	53	10	1
sequential_reanchored_greedy	53	11	276
sequential_reanchored_greedy	53	12	473
sequential_reanchored_greedy	53	13	596
sequential_reanchored_greedy	53	14	231
sequential_reanchored_greedy	53	15	210
sequential_reanchored_greedy	53	16	473
sequential_reanchored_greedy	53	17	596
sequential_reanchored_greedy	53	18	213
sequential_reanchored_greedy	53	19	210
sequential_reanchored_greedy	53	20	473
sequential_reanchored_greedy	53	21	596
sequential_reanchored_greedy	53	22	271
sequential_reanchored_greedy	53	23	208
sequential_reanchored_greedy	53	24	473
sequential_reanchored_greedy	53	25	287
sequential_reanchored_greedy	53	26	473
sequential_reanchored_greedy	53	27	287
sequential_reanchored_greedy	53	28	1171
sequential_reanchored_greedy	53	29	287
sequential_reanchored_greedy	53	30	1171
sequential_reanchored_greedy	53	31	287
sequential_reanchored_greedy	53	32	1171
sequential_reanchored_greedy	53	33	287
sequential_reanchored_greedy	53	34	1171
sequential_reanchored_greedy	53	35	287
sequential_reanchored_greedy	53	36	1171
sequential_reanchored_greedy	53	37	221
sequential_reanchored_greedy	53	38	276
sequential_reanchored_greedy	53	39	473
sequential_reanchored_greedy	53	40	287
sequential_reanchored_greedy	53	41	1171
sequential_reanchored_greedy	53	42	287
sequential_reanchored_greedy	53	43	1171
sequential_reanchored_greedy	53	44	287
sequential_reanchored_greedy	53	45	1171
sequential_reanchored_greedy	53	46	287
sequential_reanchored_greedy	53	47	1171
sequential_reanchored_greedy	53	48	287
sequential_reanchored_greedy	53	49	1171
sequential_reanchored_greedy	53	50	287
sequential_reanchored_greedy	53	51	1171
sequential_reanchored_greedy	53	52	287
sequential_reanchored_greedy	53	53	1171
sequential_reanchored_greedy	53	54	287
sequential_reanchored_greedy	53	55	1171
sequential_reanchored_greedy	53	56	287
sequential_reanchored_greedy	53	57	1171
sequential_reanchored_greedy	53	58	287
sequential_reanchored_greedy	53	59	1171
sequential_reanchored_greedy	53	60	287
sequential_reanchored_greedy	53	61	1171
sequential_reanchored_greedy	53	62	287
sequential_reanchored_greedy	53	63	1171
sequential_reanchored_greedy	53	64	287
sequential_reanchored_greedy	54	1	476
sequential_reanchored_greedy	54	2	2372
sequential_reanchored_greedy	54	3	213
sequential_reanchored_greedy	54	4	611
sequential_reanchored_greedy	54	5	271
sequential_reanchored_greedy	54	6	208
sequential_reanchored_greedy	54	7	215
sequential_reanchored_greedy	54	8	289
sequential_reanchored_greedy	54	9	216
sequential_reanchored_greedy	54	10	213
sequential_reanchored_greedy	54	11	238
sequential_reanchored_greedy	54	12	611
sequential_reanchored_greedy	54	13	271
sequential_reanchored_greedy	54	14	208
sequential_reanchored_greedy	54	15	215
sequential_reanchored_greedy	54	16	289
sequential_reanchored_greedy	54	17	216
sequential_reanchored_greedy	54	18	221
sequential_reanchored_greedy	54	19	266
sequential_reanchored_greedy	54	20	1
sequential_reanchored_greedy	54	21	250
sequential_reanchored_greedy	54	22	250
sequential_reanchored_greedy	54	23	250
sequential_reanchored_greedy	54	24	250
sequential_reanchored_greedy	54	25	250
sequential_reanchored_greedy	54	26	266
sequential_reanchored_greedy	54	27	1
sequential_reanchored_greedy	54	28	276
sequential_reanchored_greedy	54	29	473
sequential_reanchored_greedy	54	30	287
sequential_reanchored_greedy	54	31	473
sequential_reanchored_greedy	54	32	287
sequential_reanchored_greedy	54	33	287
sequential_reanchored_greedy	54	34	287
sequential_reanchored_greedy	54	35	287
sequential_reanchored_greedy	54	36	287
sequential_reanchored_greedy	54	37	287
sequential_reanchored_greedy	54	38	287
sequential_reanchored_greedy	54	39	287
sequential_reanchored_greedy	54	40	287
sequential_reanchored_greedy	54	41	287
sequential_reanchored_greedy	54	42	287
sequential_reanchored_greedy	54	43	287
sequential_reanchored_greedy	54	44	287
sequential_reanchored_greedy	54	45	287
sequential_reanchored_greedy	54	46	287
sequential_reanchored_greedy	54	47	287
sequential_reanchored_greedy	54	48	287
sequential_reanchored_greedy	54	49	287
sequential_reanchored_greedy	54	50	287
sequential_reanchored_greedy	54	51	287
sequential_reanchored_greedy	54	52	287
sequential_reanchored_greedy	54	53	287
sequential_reanchored_greedy	54	54	287
sequential_reanchored_greedy	54	55	287
sequential_reanchored_greedy	54	56	287
sequential_reanchored_greedy	54	57	287
sequential_reanchored_greedy	54	58	287
sequential_reanchored_greedy	54	59	287
sequential_reanchored_greedy	54	60	287
sequential_reanchored_greedy	54	61	287
sequential_reanchored_greedy	54	62	287
sequential_reanchored_greedy	54	63	287
sequential_reanchored_greedy	54	64	287
sequential_reanchored_greedy	55	1	210
sequential_reanchored_greedy	55	2	473
sequential_reanchored_greedy	55	3	231
sequential_reanchored_greedy	55	4	210
sequential_reanchored_greedy	55	5	473
sequential_reanchored_greedy	55	6	231
sequential_reanchored_greedy	55	7	210
sequential_reanchored_greedy	55	8	473
sequential_reanchored_greedy	55	9	231
sequential_reanchored_greedy	55	10	210
sequential_reanchored_greedy	55	11	473
sequential_reanchored_greedy	55	12	231
sequential_reanchored_greedy	55	13	210
sequential_reanchored_greedy	55	14	473
sequential_reanchored_greedy	55	15	287
sequential_reanchored_greedy	55	16	1171
sequential_reanchored_greedy	55	17	213
sequential_reanchored_greedy	55	18	238
sequential_reanchored_greedy	55	19	210
sequential_reanchored_greedy	55	20	473
sequential_reanchored_greedy	55	21	231
sequential_reanchored_greedy	55	22	210
sequential_reanchored_greedy	55	23	473
sequential_reanchored_greedy	55	24	287
sequential_reanchored_greedy	55	25	1171
sequential_reanchored_greedy	55	26	221
sequential_reanchored_greedy	55	27	276
sequential_reanchored_greedy	55	28	473
sequential_reanchored_greedy	55	29	231
sequential_reanchored_greedy	55	30	210
sequential_reanchored_greedy	55	31	473
sequential_reanchored_greedy	55	32	287
sequential_reanchored_greedy	55	33	1171
sequential_reanchored_greedy	55	34	213
sequential_reanchored_greedy	55	35	210
sequential_reanchored_greedy	55	36	473
sequential_reanchored_greedy	55	37	287
sequential_reanchored_greedy	55	38	473
sequential_reanchored_greedy	55	39	287
sequential_reanchored_greedy	55	40	287
sequential_reanchored_greedy	55	41	287
sequential_reanchored_greedy	55	42	287
sequential_reanchored_greedy	55	43	287
sequential_reanchored_greedy	55	44	287
sequential_reanchored_greedy	55	45	287
sequential_reanchored_greedy	55	46	287
sequential_reanchored_greedy	55	47	287
sequential_reanchored_greedy	55	48	287
sequential_reanchored_greedy	55	49	287
sequential_reanchored_greedy	55	50	287
sequential_reanchored_greedy	55	51	287
sequential_reanchored_greedy	55	52	287
sequential_reanchored_greedy	55	53	287
sequential_reanchored_greedy	55	54	287
sequential_reanchored_greedy	55	55	287
sequential_reanchored_greedy	55	56	287
sequential_reanchored_greedy	55	57	287
sequential_reanchored_greedy	55	58	287
sequential_reanchored_greedy	55	59	287
sequential_reanchored_greedy	55	60	287
sequential_reanchored_greedy	55	61	287
sequential_reanchored_greedy	55	62	287
sequential_reanchored_greedy	55	63	287
sequential_reanchored_greedy	55	64	287
sequential_reanchored_greedy	56	1	1359
sequential_reanchored_greedy	56	2	210
sequential_reanchored_greedy	56	3	473
sequential_reanchored_greedy	56	4	786
sequential_reanchored_greedy	56	5	221
sequential_reanchored_greedy	56	6	488
sequential_reanchored_greedy	56	7	271
sequential_reanchored_greedy	56	8	1315
sequential_reanchored_greedy	56	9	233
sequential_reanchored_greedy	56	10	210
sequential_reanchored_greedy	56	11	473
sequential_reanchored_greedy	56	12	786
sequential_reanchored_greedy	56	13	213
sequential_reanchored_greedy	56	14	238
sequential_reanchored_greedy	56	15	1359
sequential_reanchored_greedy	56	16	210
sequential_reanchored_greedy	56	17	473
sequential_reanchored_greedy	56	18	786
sequential_reanchored_greedy	56	19	233
sequential_reanchored_greedy	56	20	210
sequential_reanchored_greedy	56	21	786
sequential_reanchored_greedy	56	22	221
sequential_reanchored_greedy	56	23	488
sequential_reanchored_greedy	56	24	271
sequential_reanchored_greedy	56	25	1315
sequential_reanchored_greedy	56	26	233
sequential_reanchored_greedy	56	27	210
sequential_reanchored_greedy	56	28	473
sequential_reanchored_greedy	56	29	786
sequential_reanchored_greedy	56	30	213
sequential_reanchored_greedy	56	31	238
sequential_reanchored_greedy	56	32	271
sequential_reanchored_greedy	56	33	1315
sequential_reanchored_greedy	56	34	233
sequential_reanchored_greedy	56	35	210
sequential_reanchored_greedy	56	36	473
sequential_reanchored_greedy	56	37	786
sequential_reanchored_greedy	56	38	221
sequential_reanchored_greedy	56	39	488
sequential_reanchored_greedy	56	40	271
sequential_reanchored_greedy	56	41	1315
sequential_reanchored_greedy	56	42	233
sequential_reanchored_greedy	56	43	210
sequential_reanchored_greedy	56	44	473
sequential_reanchored_greedy	56	45	786
sequential_reanchored_greedy	56	46	213
sequential_reanchored_greedy	56	47	238
sequential_reanchored_greedy	56	48	271
sequential_reanchored_greedy	56	49	1315
sequential_reanchored_greedy	56	50	233
sequential_reanchored_greedy	56	51	210
sequential_reanchored_greedy	56	52	786
sequential_reanchored_greedy	56	53	221
sequential_reanchored_greedy	56	54	488
sequential_reanchored_greedy	56	55	271
sequential_reanchored_greedy	56	56	1315
sequential_reanchored_greedy	56	57	233
sequential_reanchored_greedy	56	58	210
sequential_reanchored_greedy	56	59	786
sequential_reanchored_greedy	56	60	213
sequential_reanchored_greedy	56	61	238
sequential_reanchored_greedy	56	62	271
sequential_reanchored_greedy	56	63	1315
sequential_reanchored_greedy	56	64	233
sequential_reanchored_greedy	57	1	210
sequential_reanchored_greedy	57	2	1335
sequential_reanchored_greedy	57	3	221
sequential_reanchored_greedy	57	4	266
sequential_reanchored_greedy	57	5	1
sequential_reanchored_greedy	57	6	250
sequential_reanchored_greedy	57	7	250
sequential_reanchored_greedy	57	8	250
sequential_reanchored_greedy	57	9	250
sequential_reanchored_greedy	57	10	266
sequential_reanchored_greedy	57	11	1
sequential_reanchored_greedy	57	12	276
sequential_reanchored_greedy	57	13	473
sequential_reanchored_greedy	57	14	231
sequential_reanchored_greedy	57	15	210
sequential_reanchored_greedy	57	16	473
sequential_reanchored_greedy	57	17	231
sequential_reanchored_greedy	57	18	210
sequential_reanchored_greedy	57	19	473
sequential_reanchored_greedy	57	20	231
sequential_reanchored_greedy	57	21	210
sequential_reanchored_greedy	57	22	473
sequential_reanchored_greedy	57	23	287
sequential_reanchored_greedy	57	24	287
sequential_reanchored_greedy	57	25	287
sequential_reanchored_greedy	57	26	287
sequential_reanchored_greedy	57	27	287
sequential_reanchored_greedy	57	28	287
sequential_reanchored_greedy	57	29	287
sequential_reanchored_greedy	57	30	287
sequential_reanchored_greedy	57	31	287
sequential_reanchored_greedy	57	32	287
sequential_reanchored_greedy	57	33	287
sequential_reanchored_greedy	57	34	287
sequential_reanchored_greedy	57	35	287
sequential_reanchored_greedy	57	36	287
sequential_reanchored_greedy	57	37	287
sequential_reanchored_greedy	57	38	287
sequential_reanchored_greedy	57	39	287
sequential_reanchored_greedy	57	40	287
sequential_reanchored_greedy	57	41	287
sequential_reanchored_greedy	57	42	287
sequential_reanchored_greedy	57	43	287
sequential_reanchored_greedy	57	44	287
sequential_reanchored_greedy	57	45	287
sequential_reanchored_greedy	57	46	287
sequential_reanchored_greedy	57	47	287
sequential_reanchored_greedy	57	48	287
sequential_reanchored_greedy	57	49	287
sequential_reanchored_greedy	57	50	287
sequential_reanchored_greedy	57	51	287
sequential_reanchored_greedy	57	52	287
sequential_reanchored_greedy	57	53	287
sequential_reanchored_greedy	57	54	287
sequential_reanchored_greedy	57	55	287
sequential_reanchored_greedy	57	56	287
sequential_reanchored_greedy	57	57	287
sequential_reanchored_greedy	57	58	287
sequential_reanchored_greedy	57	59	287
sequential_reanchored_greedy	57	60	287
sequential_reanchored_greedy	57	61	287
sequential_reanchored_greedy	57	62	287
sequential_reanchored_greedy	57	63	287
sequential_reanchored_greedy	57	64	287
sequential_reanchored_greedy	58	1	1
sequential_reanchored_greedy	58	2	276
sequential_reanchored_greedy	58	3	2568
sequential_reanchored_greedy	58	4	231
sequential_reanchored_greedy	58	5	210
sequential_reanchored_greedy	58	6	2568
sequential_reanchored_greedy	58	7	231
sequential_reanchored_greedy	58	8	210
sequential_reanchored_greedy	58	9	2568
sequential_reanchored_greedy	58	10	231
sequential_reanchored_greedy	58	11	210
sequential_reanchored_greedy	58	12	2568
sequential_reanchored_greedy	58	13	231
sequential_reanchored_greedy	58	14	210
sequential_reanchored_greedy	58	15	2568
sequential_reanchored_greedy	58	16	231
sequential_reanchored_greedy	58	17	210
sequential_reanchored_greedy	58	18	2568
sequential_reanchored_greedy	58	19	221
sequential_reanchored_greedy	58	20	276
sequential_reanchored_greedy	58	21	2568
sequential_reanchored_greedy	58	22	327
sequential_reanchored_greedy	58	23	210
sequential_reanchored_greedy	58	24	2568
sequential_reanchored_greedy	58	25	231
sequential_reanchored_greedy	58	26	210
sequential_reanchored_greedy	58	27	2568
sequential_reanchored_greedy	58	28	213
sequential_reanchored_greedy	58	29	238
sequential_reanchored_greedy	58	30	210
sequential_reanchored_greedy	58	31	2568
sequential_reanchored_greedy	58	32	231
sequential_reanchored_greedy	58	33	210
sequential_reanchored_greedy	58	34	2568
sequential_reanchored_greedy	58	35	221
sequential_reanchored_greedy	58	36	276
sequential_reanchored_greedy	58	37	2568
sequential_reanchored_greedy	58	38	327
sequential_reanchored_greedy	58	39	210
sequential_reanchored_greedy	58	40	2568
sequential_reanchored_greedy	58	41	231
sequential_reanchored_greedy	58	42	210
sequential_reanchored_greedy	58	43	2568
sequential_reanchored_greedy	58	44	213
sequential_reanchored_greedy	58	45	238
sequential_reanchored_greedy	58	46	210
sequential_reanchored_greedy	58	47	2568
sequential_reanchored_greedy	58	48	231
sequential_reanchored_greedy	58	49	210
sequential_reanchored_greedy	58	50	2568
sequential_reanchored_greedy	58	51	221
sequential_reanchored_greedy	58	52	276
sequential_reanchored_greedy	58	53	2568
sequential_reanchored_greedy	58	54	327
sequential_reanchored_greedy	58	55	210
sequential_reanchored_greedy	58	56	2568
sequential_reanchored_greedy	58	57	231
sequential_reanchored_greedy	58	58	210
sequential_reanchored_greedy	58	59	2568
sequential_reanchored_greedy	58	60	213
sequential_reanchored_greedy	58	61	238
sequential_reanchored_greedy	58	62	210
sequential_reanchored_greedy	58	63	2568
sequential_reanchored_greedy	58	64	231
sequential_reanchored_greedy	59	1	68
sequential_reanchored_greedy	59	2	297
sequential_reanchored_greedy	59	3	297
sequential_reanchored_greedy	59	4	213
sequential_reanchored_greedy	59	5	238
sequential_reanchored_greedy	59	6	210
sequential_reanchored_greedy	59	7	473
sequential_reanchored_greedy	59	8	231
sequential_reanchored_greedy	59	9	210
sequential_reanchored_greedy	59	10	473
sequential_reanchored_greedy	59	11	231
sequential_reanchored_greedy	59	12	210
sequential_reanchored_greedy	59	13	473
sequential_reanchored_greedy	59	14	231
sequential_reanchored_greedy	59	15	210
sequential_reanchored_greedy	59	16	473
sequential_reanchored_greedy	59	17	231
sequential_reanchored_greedy	59	18	210
sequential_reanchored_greedy	59	19	473
sequential_reanchored_greedy	59	20	221
sequential_reanchored_greedy	59	21	276
sequential_reanchored_greedy	59	22	473
sequential_reanchored_greedy	59	23	231
sequential_reanchored_greedy	59	24	210
sequential_reanchored_greedy	59	25	473
sequential_reanchored_greedy	59	26	231
sequential_reanchored_greedy	59	27	210
sequential_reanchored_greedy	59	28	473
sequential_reanchored_greedy	59	29	231
sequential_reanchored_greedy	59	30	210
sequential_reanchored_greedy	59	31	473
sequential_reanchored_greedy	59	32	231
sequential_reanchored_greedy	59	33	210
sequential_reanchored_greedy	59	34	473
sequential_reanchored_greedy	59	35	231
sequential_reanchored_greedy	59	36	210
sequential_reanchored_greedy	59	37	473
sequential_reanchored_greedy	59	38	231
sequential_reanchored_greedy	59	39	210
sequential_reanchored_greedy	59	40	473
sequential_reanchored_greedy	59	41	231
sequential_reanchored_greedy	59	42	210
sequential_reanchored_greedy	59	43	473
sequential_reanchored_greedy	59	44	221
sequential_reanchored_greedy	59	45	276
sequential_reanchored_greedy	59	46	473
sequential_reanchored_greedy	59	47	231
sequential_reanchored_greedy	59	48	210
sequential_reanchored_greedy	59	49	473
sequential_reanchored_greedy	59	50	231
sequential_reanchored_greedy	59	51	210
sequential_reanchored_greedy	59	52	473
sequential_reanchored_greedy	59	53	231
sequential_reanchored_greedy	59	54	210
sequential_reanchored_greedy	59	55	473
sequential_reanchored_greedy	59	56	231
sequential_reanchored_greedy	59	57	210
sequential_reanchored_greedy	59	58	473
sequential_reanchored_greedy	59	59	231
sequential_reanchored_greedy	59	60	210
sequential_reanchored_greedy	59	61	473
sequential_reanchored_greedy	59	62	231
sequential_reanchored_greedy	59	63	210
sequential_reanchored_greedy	59	64	473
sequential_reanchored_greedy	60	1	510
sequential_reanchored_greedy	60	2	271
sequential_reanchored_greedy	60	3	1034
sequential_reanchored_greedy	60	4	319
sequential_reanchored_greedy	60	5	210
sequential_reanchored_greedy	60	6	718
sequential_reanchored_greedy	60	7	221
sequential_reanchored_greedy	60	8	266
sequential_reanchored_greedy	60	9	1
sequential_reanchored_greedy	60	10	250
sequential_reanchored_greedy	60	11	250
sequential_reanchored_greedy	60	12	250
sequential_reanchored_greedy	60	13	250
sequential_reanchored_greedy	60	14	250
sequential_reanchored_greedy	60	15	266
sequential_reanchored_greedy	60	16	1
sequential_reanchored_greedy	60	17	276
sequential_reanchored_greedy	60	18	718
sequential_reanchored_greedy	60	19	271
sequential_reanchored_greedy	60	20	1034
sequential_reanchored_greedy	60	21	233
sequential_reanchored_greedy	60	22	1257
sequential_reanchored_greedy	60	23	213
sequential_reanchored_greedy	60	24	1661
sequential_reanchored_greedy	60	25	213
sequential_reanchored_greedy	60	26	1034
sequential_reanchored_greedy	60	27	275
sequential_reanchored_greedy	60	28	1100
sequential_reanchored_greedy	60	29	1100
sequential_reanchored_greedy	60	30	213
sequential_reanchored_greedy	60	31	1661
sequential_reanchored_greedy	60	32	213
sequential_reanchored_greedy	60	33	238
sequential_reanchored_greedy	60	34	1034
sequential_reanchored_greedy	60	35	275
sequential_reanchored_greedy	60	36	1100
sequential_reanchored_greedy	60	37	1100
sequential_reanchored_greedy	60	38	213
sequential_reanchored_greedy	60	39	1574
sequential_reanchored_greedy	60	40	213
sequential_reanchored_greedy	60	41	238
sequential_reanchored_greedy	60	42	1034
sequential_reanchored_greedy	60	43	275
sequential_reanchored_greedy	60	44	1100
sequential_reanchored_greedy	60	45	1100
sequential_reanchored_greedy	60	46	213
sequential_reanchored_greedy	60	47	1574
sequential_reanchored_greedy	60	48	213
sequential_reanchored_greedy	60	49	238
sequential_reanchored_greedy	60	50	1034
sequential_reanchored_greedy	60	51	275
sequential_reanchored_greedy	60	52	1100
sequential_reanchored_greedy	60	53	1100
sequential_reanchored_greedy	60	54	213
sequential_reanchored_greedy	60	55	1574
sequential_reanchored_greedy	60	56	213
sequential_reanchored_greedy	60	57	238
sequential_reanchored_greedy	60	58	1034
sequential_reanchored_greedy	60	59	275
sequential_reanchored_greedy	60	60	1100
sequential_reanchored_greedy	60	61	1100
sequential_reanchored_greedy	60	62	213
sequential_reanchored_greedy	60	63	1574
sequential_reanchored_greedy	60	64	213
sequential_reanchored_greedy	61	1	231
sequential_reanchored_greedy	61	2	210
sequential_reanchored_greedy	61	3	473
sequential_reanchored_greedy	61	4	596
sequential_reanchored_greedy	61	5	213
sequential_reanchored_greedy	61	6	238
sequential_reanchored_greedy	61	7	210
sequential_reanchored_greedy	61	8	473
sequential_reanchored_greedy	61	9	596
sequential_reanchored_greedy	61	10	221
sequential_reanchored_greedy	61	11	266
sequential_reanchored_greedy	61	12	1
sequential_reanchored_greedy	61	13	250
sequential_reanchored_greedy	61	14	250
sequential_reanchored_greedy	61	15	250
sequential_reanchored_greedy	61	16	250
sequential_reanchored_greedy	61	17	250
sequential_reanchored_greedy	61	18	266
sequential_reanchored_greedy	61	19	1
sequential_reanchored_greedy	61	20	276
sequential_reanchored_greedy	61	21	473
sequential_reanchored_greedy	61	22	231
sequential_reanchored_greedy	61	23	210
sequential_reanchored_greedy	61	24	473
sequential_reanchored_greedy	61	25	596
sequential_reanchored_greedy	61	26	231
sequential_reanchored_greedy	61	27	210
sequential_reanchored_greedy	61	28	473
sequential_reanchored_greedy	61	29	596
sequential_reanchored_greedy	61	30	213
sequential_reanchored_greedy	61	31	210
sequential_reanchored_greedy	61	32	473
sequential_reanchored_greedy	61	33	473
sequential_reanchored_greedy	61	34	473
sequential_reanchored_greedy	61	35	473
sequential_reanchored_greedy	61	36	287
sequential_reanchored_greedy	61	37	1171
sequential_reanchored_greedy	61	38	213
sequential_reanchored_greedy	61	39	271
sequential_reanchored_greedy	61	40	233
sequential_reanchored_greedy	61	41	210
sequential_reanchored_greedy	61	42	473
sequential_reanchored_greedy	61	43	596
sequential_reanchored_greedy	61	44	221
sequential_reanchored_greedy	61	45	276
sequential_reanchored_greedy	61	46	473
sequential_reanchored_greedy	61	47	473
sequential_reanchored_greedy	61	48	473
sequential_reanchored_greedy	61	49	473
sequential_reanchored_greedy	61	50	233
sequential_reanchored_greedy	61	51	210
sequential_reanchored_greedy	61	52	473
sequential_reanchored_greedy	61	53	596
sequential_reanchored_greedy	61	54	213
sequential_reanchored_greedy	61	55	238
sequential_reanchored_greedy	61	56	271
sequential_reanchored_greedy	61	57	233
sequential_reanchored_greedy	61	58	210
sequential_reanchored_greedy	61	59	473
sequential_reanchored_greedy	61	60	596
sequential_reanchored_greedy	61	61	233
sequential_reanchored_greedy	61	62	210
sequential_reanchored_greedy	61	63	473
sequential_reanchored_greedy	61	64	596
sequential_reanchored_greedy	62	1	210
sequential_reanchored_greedy	62	2	473
sequential_reanchored_greedy	62	3	764
sequential_reanchored_greedy	62	4	213
sequential_reanchored_greedy	62	5	452
sequential_reanchored_greedy	62	6	271
sequential_reanchored_greedy	62	7	425
sequential_reanchored_greedy	62	8	425
sequential_reanchored_greedy	62	9	425
sequential_reanchored_greedy	62	10	308
sequential_reanchored_greedy	62	11	239
sequential_reanchored_greedy	62	12	308
sequential_reanchored_greedy	62	13	828
sequential_reanchored_greedy	62	14	239
sequential_reanchored_greedy	62	15	308
sequential_reanchored_greedy	62	16	828
sequential_reanchored_greedy	62	17	221
sequential_reanchored_greedy	62	18	266
sequential_reanchored_greedy	62	19	1
sequential_reanchored_greedy	62	20	250
sequential_reanchored_greedy	62	21	250
sequential_reanchored_greedy	62	22	250
sequential_reanchored_greedy	62	23	250
sequential_reanchored_greedy	62	24	250
sequential_reanchored_greedy	62	25	266
sequential_reanchored_greedy	62	26	1
sequential_reanchored_greedy	62	27	276
sequential_reanchored_greedy	62	28	473
sequential_reanchored_greedy	62	29	231
sequential_reanchored_greedy	62	30	210
sequential_reanchored_greedy	62	31	473
sequential_reanchored_greedy	62	32	231
sequential_reanchored_greedy	62	33	210
sequential_reanchored_greedy	62	34	473
sequential_reanchored_greedy	62	35	596
sequential_reanchored_greedy	62	36	213
sequential_reanchored_greedy	62	37	210
sequential_reanchored_greedy	62	38	473
sequential_reanchored_greedy	62	39	271
sequential_reanchored_greedy	62	40	208
sequential_reanchored_greedy	62	41	473
sequential_reanchored_greedy	62	42	287
sequential_reanchored_greedy	62	43	473
sequential_reanchored_greedy	62	44	287
sequential_reanchored_greedy	62	45	1171
sequential_reanchored_greedy	62	46	213
sequential_reanchored_greedy	62	47	238
sequential_reanchored_greedy	62	48	271
sequential_reanchored_greedy	62	49	208
sequential_reanchored_greedy	62	50	473
sequential_reanchored_greedy	62	51	287
sequential_reanchored_greedy	62	52	287
sequential_reanchored_greedy	62	53	287
sequential_reanchored_greedy	62	54	287
sequential_reanchored_greedy	62	55	287
sequential_reanchored_greedy	62	56	287
sequential_reanchored_greedy	62	57	287
sequential_reanchored_greedy	62	58	287
sequential_reanchored_greedy	62	59	287
sequential_reanchored_greedy	62	60	287
sequential_reanchored_greedy	62	61	287
sequential_reanchored_greedy	62	62	287
sequential_reanchored_greedy	62	63	287
sequential_reanchored_greedy	62	64	287
sequential_reanchored_greedy	63	1	210
sequential_reanchored_greedy	63	2	1909
sequential_reanchored_greedy	63	3	322
sequential_reanchored_greedy	63	4	221
sequential_reanchored_greedy	63	5	276
sequential_reanchored_greedy	63	6	1485
sequential_reanchored_greedy	63	7	1909
sequential_reanchored_greedy	63	8	1909
sequential_reanchored_greedy	63	9	213
sequential_reanchored_greedy	63	10	210
sequential_reanchored_greedy	63	11	1909
sequential_reanchored_greedy	63	12	1909
sequential_reanchored_greedy	63	13	213
sequential_reanchored_greedy	63	14	238
sequential_reanchored_greedy	63	15	210
sequential_reanchored_greedy	63	16	1909
sequential_reanchored_greedy	63	17	1909
sequential_reanchored_greedy	63	18	238
sequential_reanchored_greedy	63	19	210
sequential_reanchored_greedy	63	20	1909
sequential_reanchored_greedy	63	21	1909
sequential_reanchored_greedy	63	22	1909
sequential_reanchored_greedy	63	23	238
sequential_reanchored_greedy	63	24	210
sequential_reanchored_greedy	63	25	1909
sequential_reanchored_greedy	63	26	1909
sequential_reanchored_greedy	63	27	221
sequential_reanchored_greedy	63	28	276
sequential_reanchored_greedy	63	29	1909
sequential_reanchored_greedy	63	30	1909
sequential_reanchored_greedy	63	31	213
sequential_reanchored_greedy	63	32	210
sequential_reanchored_greedy	63	33	1909
sequential_reanchored_greedy	63	34	1909
sequential_reanchored_greedy	63	35	238
sequential_reanchored_greedy	63	36	210
sequential_reanchored_greedy	63	37	1909
sequential_reanchored_greedy	63	38	1909
sequential_reanchored_greedy	63	39	238
sequential_reanchored_greedy	63	40	210
sequential_reanchored_greedy	63	41	1909
sequential_reanchored_greedy	63	42	1909
sequential_reanchored_greedy	63	43	1909
sequential_reanchored_greedy	63	44	238
sequential_reanchored_greedy	63	45	210
sequential_reanchored_greedy	63	46	1909
sequential_reanchored_greedy	63	47	1909
sequential_reanchored_greedy	63	48	221
sequential_reanchored_greedy	63	49	276
sequential_reanchored_greedy	63	50	1909
sequential_reanchored_greedy	63	51	1909
sequential_reanchored_greedy	63	52	213
sequential_reanchored_greedy	63	53	238
sequential_reanchored_greedy	63	54	210
sequential_reanchored_greedy	63	55	1909
sequential_reanchored_greedy	63	56	1909
sequential_reanchored_greedy	63	57	238
sequential_reanchored_greedy	63	58	210
sequential_reanchored_greedy	63	59	1909
sequential_reanchored_greedy	63	60	1909
sequential_reanchored_greedy	63	61	238
sequential_reanchored_greedy	63	62	210
sequential_reanchored_greedy	63	63	1909
sequential_reanchored_greedy	63	64	1909
selective_prior_ar_greedy	0	1	884
selective_prior_ar_greedy	0	2	1105
selective_prior_ar_greedy	0	3	213
selective_prior_ar_greedy	0	4	416
selective_prior_ar_greedy	0	5	271
selective_prior_ar_greedy	0	6	1034
selective_prior_ar_greedy	0	7	233
selective_prior_ar_greedy	0	8	210
selective_prior_ar_greedy	0	9	884
selective_prior_ar_greedy	0	10	1105
selective_prior_ar_greedy	0	11	213
selective_prior_ar_greedy	0	12	238
selective_prior_ar_greedy	0	13	271
selective_prior_ar_greedy	0	14	1034
selective_prior_ar_greedy	0	15	233
selective_prior_ar_greedy	0	16	210
selective_prior_ar_greedy	0	17	884
selective_prior_ar_greedy	0	18	1105
selective_prior_ar_greedy	0	19	221
selective_prior_ar_greedy	0	20	276
selective_prior_ar_greedy	0	21	473
selective_prior_ar_greedy	0	22	1668
selective_prior_ar_greedy	0	23	271
selective_prior_ar_greedy	0	24	1034
selective_prior_ar_greedy	0	25	233
selective_prior_ar_greedy	0	26	210
selective_prior_ar_greedy	0	27	884
selective_prior_ar_greedy	0	28	1105
selective_prior_ar_greedy	0	29	213
selective_prior_ar_greedy	0	30	238
selective_prior_ar_greedy	0	31	271
selective_prior_ar_greedy	0	32	1034
selective_prior_ar_greedy	0	33	233
selective_prior_ar_greedy	0	34	210
selective_prior_ar_greedy	0	35	884
selective_prior_ar_greedy	0	36	1105
selective_prior_ar_greedy	0	37	221
selective_prior_ar_greedy	0	38	369
selective_prior_ar_greedy	0	39	1490
selective_prior_ar_greedy	0	40	213
selective_prior_ar_greedy	0	41	337
selective_prior_ar_greedy	0	42	271
selective_prior_ar_greedy	0	43	1034
selective_prior_ar_greedy	0	44	233
selective_prior_ar_greedy	0	45	210
selective_prior_ar_greedy	0	46	884
selective_prior_ar_greedy	0	47	1105
selective_prior_ar_greedy	0	48	213
selective_prior_ar_greedy	0	49	238
selective_prior_ar_greedy	0	50	271
selective_prior_ar_greedy	0	51	491
selective_prior_ar_greedy	0	52	1034
selective_prior_ar_greedy	0	53	233
selective_prior_ar_greedy	0	54	210
selective_prior_ar_greedy	0	55	884
selective_prior_ar_greedy	0	56	1105
selective_prior_ar_greedy	0	57	221
selective_prior_ar_greedy	0	58	369
selective_prior_ar_greedy	0	59	210
selective_prior_ar_greedy	0	60	473
selective_prior_ar_greedy	0	61	473
selective_prior_ar_greedy	0	62	473
selective_prior_ar_greedy	0	63	473
selective_prior_ar_greedy	0	64	473
selective_prior_ar_greedy	1	1	466
selective_prior_ar_greedy	1	2	66
selective_prior_ar_greedy	1	3	213
selective_prior_ar_greedy	1	4	238
selective_prior_ar_greedy	1	5	210
selective_prior_ar_greedy	1	6	1452
selective_prior_ar_greedy	1	7	231
selective_prior_ar_greedy	1	8	210
selective_prior_ar_greedy	1	9	1452
selective_prior_ar_greedy	1	10	213
selective_prior_ar_greedy	1	11	238
selective_prior_ar_greedy	1	12	327
selective_prior_ar_greedy	1	13	491
selective_prior_ar_greedy	1	14	491
selective_prior_ar_greedy	1	15	491
selective_prior_ar_greedy	1	16	828
selective_prior_ar_greedy	1	17	239
selective_prior_ar_greedy	1	18	308
selective_prior_ar_greedy	1	19	208
selective_prior_ar_greedy	1	20	230
selective_prior_ar_greedy	1	21	267
selective_prior_ar_greedy	1	22	66
selective_prior_ar_greedy	1	23	221
selective_prior_ar_greedy	1	24	276
selective_prior_ar_greedy	1	25	1452
selective_prior_ar_greedy	1	26	327
selective_prior_ar_greedy	1	27	491
selective_prior_ar_greedy	1	28	491
selective_prior_ar_greedy	1	29	491
selective_prior_ar_greedy	1	30	491
selective_prior_ar_greedy	1	31	491
selective_prior_ar_greedy	1	32	491
selective_prior_ar_greedy	1	33	491
selective_prior_ar_greedy	1	34	491
selective_prior_ar_greedy	1	35	491
selective_prior_ar_greedy	1	36	491
selective_prior_ar_greedy	1	37	491
selective_prior_ar_greedy	1	38	491
selective_prior_ar_greedy	1	39	491
selective_prior_ar_greedy	1	40	491
selective_prior_ar_greedy	1	41	828
selective_prior_ar_greedy	1	42	233
selective_prior_ar_greedy	1	43	210
selective_prior_ar_greedy	1	44	1114
selective_prior_ar_greedy	1	45	1452
selective_prior_ar_greedy	1	46	221
selective_prior_ar_greedy	1	47	276
selective_prior_ar_greedy	1	48	1452
selective_prior_ar_greedy	1	49	327
selective_prior_ar_greedy	1	50	491
selective_prior_ar_greedy	1	51	491
selective_prior_ar_greedy	1	52	491
selective_prior_ar_greedy	1	53	491
selective_prior_ar_greedy	1	54	491
selective_prior_ar_greedy	1	55	491
selective_prior_ar_greedy	1	56	491
selective_prior_ar_greedy	1	57	491
selective_prior_ar_greedy	1	58	491
selective_prior_ar_greedy	1	59	828
selective_prior_ar_greedy	1	60	233
selective_prior_ar_greedy	1	61	210
selective_prior_ar_greedy	1	62	1452
selective_prior_ar_greedy	1	63	221
selective_prior_ar_greedy	1	64	276
selective_prior_ar_greedy	2	1	213
selective_prior_ar_greedy	2	2	238
selective_prior_ar_greedy	2	3	271
selective_prior_ar_greedy	2	4	491
selective_prior_ar_greedy	2	5	491
selective_prior_ar_greedy	2	6	491
selective_prior_ar_greedy	2	7	491
selective_prior_ar_greedy	2	8	239
selective_prior_ar_greedy	2	9	1143
selective_prior_ar_greedy	2	10	233
selective_prior_ar_greedy	2	11	210
selective_prior_ar_greedy	2	12	473
selective_prior_ar_greedy	2	13	473
selective_prior_ar_greedy	2	14	596
selective_prior_ar_greedy	2	15	221
selective_prior_ar_greedy	2	16	488
selective_prior_ar_greedy	2	17	271
selective_prior_ar_greedy	2	18	491
selective_prior_ar_greedy	2	19	491
selective_prior_ar_greedy	2	20	491
selective_prior_ar_greedy	2	21	491
selective_prior_ar_greedy	2	22	1315
selective_prior_ar_greedy	2	23	233
selective_prior_ar_greedy	2	24	210
selective_prior_ar_greedy	2	25	473
selective_prior_ar_greedy	2	26	786
selective_prior_ar_greedy	2	27	221
selective_prior_ar_greedy	2	28	369
selective_prior_ar_greedy	2	29	210
selective_prior_ar_greedy	2	30	473
selective_prior_ar_greedy	2	31	596
selective_prior_ar_greedy	2	32	213
selective_prior_ar_greedy	2	33	304
selective_prior_ar_greedy	2	34	271
selective_prior_ar_greedy	2	35	1315
selective_prior_ar_greedy	2	36	233
selective_prior_ar_greedy	2	37	210
selective_prior_ar_greedy	2	38	473
selective_prior_ar_greedy	2	39	473
selective_prior_ar_greedy	2	40	786
selective_prior_ar_greedy	2	41	213
selective_prior_ar_greedy	2	42	238
selective_prior_ar_greedy	2	43	271
selective_prior_ar_greedy	2	44	1315
selective_prior_ar_greedy	2	45	233
selective_prior_ar_greedy	2	46	210
selective_prior_ar_greedy	2	47	473
selective_prior_ar_greedy	2	48	473
selective_prior_ar_greedy	2	49	786
selective_prior_ar_greedy	2	50	221
selective_prior_ar_greedy	2	51	488
selective_prior_ar_greedy	2	52	271
selective_prior_ar_greedy	2	53	491
selective_prior_ar_greedy	2	54	491
selective_prior_ar_greedy	2	55	1315
selective_prior_ar_greedy	2	56	233
selective_prior_ar_greedy	2	57	210
selective_prior_ar_greedy	2	58	473
selective_prior_ar_greedy	2	59	786
selective_prior_ar_greedy	2	60	213
selective_prior_ar_greedy	2	61	238
selective_prior_ar_greedy	2	62	271
selective_prior_ar_greedy	2	63	491
selective_prior_ar_greedy	2	64	491
selective_prior_ar_greedy	3	1	213
selective_prior_ar_greedy	3	2	238
selective_prior_ar_greedy	3	3	271
selective_prior_ar_greedy	3	4	425
selective_prior_ar_greedy	3	5	425
selective_prior_ar_greedy	3	6	239
selective_prior_ar_greedy	3	7	308
selective_prior_ar_greedy	3	8	208
selective_prior_ar_greedy	3	9	1556
selective_prior_ar_greedy	3	10	811
selective_prior_ar_greedy	3	11	221
selective_prior_ar_greedy	3	12	266
selective_prior_ar_greedy	3	13	1
selective_prior_ar_greedy	3	14	369
selective_prior_ar_greedy	3	15	210
selective_prior_ar_greedy	3	16	596
selective_prior_ar_greedy	3	17	213
selective_prior_ar_greedy	3	18	304
selective_prior_ar_greedy	3	19	271
selective_prior_ar_greedy	3	20	425
selective_prior_ar_greedy	3	21	425
selective_prior_ar_greedy	3	22	239
selective_prior_ar_greedy	3	23	210
selective_prior_ar_greedy	3	24	968
selective_prior_ar_greedy	3	25	213
selective_prior_ar_greedy	3	26	210
selective_prior_ar_greedy	3	27	1909
selective_prior_ar_greedy	3	28	271
selective_prior_ar_greedy	3	29	271
selective_prior_ar_greedy	3	30	425
selective_prior_ar_greedy	3	31	425
selective_prior_ar_greedy	3	32	239
selective_prior_ar_greedy	3	33	210
selective_prior_ar_greedy	3	34	1069
selective_prior_ar_greedy	3	35	1909
selective_prior_ar_greedy	3	36	213
selective_prior_ar_greedy	3	37	238
selective_prior_ar_greedy	3	38	210
selective_prior_ar_greedy	3	39	1909
selective_prior_ar_greedy	3	40	1909
selective_prior_ar_greedy	3	41	213
selective_prior_ar_greedy	3	42	238
selective_prior_ar_greedy	3	43	210
selective_prior_ar_greedy	3	44	1909
selective_prior_ar_greedy	3	45	1909
selective_prior_ar_greedy	3	46	221
selective_prior_ar_greedy	3	47	369
selective_prior_ar_greedy	3	48	210
selective_prior_ar_greedy	3	49	968
selective_prior_ar_greedy	3	50	213
selective_prior_ar_greedy	3	51	210
selective_prior_ar_greedy	3	52	1909
selective_prior_ar_greedy	3	53	1909
selective_prior_ar_greedy	3	54	213
selective_prior_ar_greedy	3	55	210
selective_prior_ar_greedy	3	56	1909
selective_prior_ar_greedy	3	57	1909
selective_prior_ar_greedy	3	58	213
selective_prior_ar_greedy	3	59	210
selective_prior_ar_greedy	3	60	210
selective_prior_ar_greedy	3	61	1909
selective_prior_ar_greedy	3	62	1909
selective_prior_ar_greedy	3	63	213
selective_prior_ar_greedy	3	64	238
selective_prior_ar_greedy	4	1	231
selective_prior_ar_greedy	4	2	210
selective_prior_ar_greedy	4	3	473
selective_prior_ar_greedy	4	4	287
selective_prior_ar_greedy	4	5	556
selective_prior_ar_greedy	4	6	213
selective_prior_ar_greedy	4	7	416
selective_prior_ar_greedy	4	8	271
selective_prior_ar_greedy	4	9	491
selective_prior_ar_greedy	4	10	491
selective_prior_ar_greedy	4	11	491
selective_prior_ar_greedy	4	12	491
selective_prior_ar_greedy	4	13	491
selective_prior_ar_greedy	4	14	216
selective_prior_ar_greedy	4	15	319
selective_prior_ar_greedy	4	16	210
selective_prior_ar_greedy	4	17	473
selective_prior_ar_greedy	4	18	596
selective_prior_ar_greedy	4	19	231
selective_prior_ar_greedy	4	20	210
selective_prior_ar_greedy	4	21	473
selective_prior_ar_greedy	4	22	556
selective_prior_ar_greedy	4	23	221
selective_prior_ar_greedy	4	24	276
selective_prior_ar_greedy	4	25	473
selective_prior_ar_greedy	4	26	271
selective_prior_ar_greedy	4	27	491
selective_prior_ar_greedy	4	28	491
selective_prior_ar_greedy	4	29	491
selective_prior_ar_greedy	4	30	491
selective_prior_ar_greedy	4	31	491
selective_prior_ar_greedy	4	32	491
selective_prior_ar_greedy	4	33	1315
selective_prior_ar_greedy	4	34	233
selective_prior_ar_greedy	4	35	210
selective_prior_ar_greedy	4	36	473
selective_prior_ar_greedy	4	37	556
selective_prior_ar_greedy	4	38	221
selective_prior_ar_greedy	4	39	369
selective_prior_ar_greedy	4	40	210
selective_prior_ar_greedy	4	41	596
selective_prior_ar_greedy	4	42	213
selective_prior_ar_greedy	4	43	304
selective_prior_ar_greedy	4	44	271
selective_prior_ar_greedy	4	45	491
selective_prior_ar_greedy	4	46	491
selective_prior_ar_greedy	4	47	491
selective_prior_ar_greedy	4	48	491
selective_prior_ar_greedy	4	49	491
selective_prior_ar_greedy	4	50	210
selective_prior_ar_greedy	4	51	473
selective_prior_ar_greedy	4	52	812
selective_prior_ar_greedy	4	53	233
selective_prior_ar_greedy	4	54	210
selective_prior_ar_greedy	4	55	473
selective_prior_ar_greedy	4	56	556
selective_prior_ar_greedy	4	57	221
selective_prior_ar_greedy	4	58	488
selective_prior_ar_greedy	4	59	271
selective_prior_ar_greedy	4	60	491
selective_prior_ar_greedy	4	61	491
selective_prior_ar_greedy	4	62	491
selective_prior_ar_greedy	4	63	491
selective_prior_ar_greedy	4	64	491
selective_prior_ar_greedy	5	1	953
selective_prior_ar_greedy	5	2	213
selective_prior_ar_greedy	5	3	238
selective_prior_ar_greedy	5	4	210
selective_prior_ar_greedy	5	5	953
selective_prior_ar_greedy	5	6	213
selective_prior_ar_greedy	5	7	238
selective_prior_ar_greedy	5	8	210
selective_prior_ar_greedy	5	9	953
selective_prior_ar_greedy	5	10	231
selective_prior_ar_greedy	5	11	210
selective_prior_ar_greedy	5	12	953
selective_prior_ar_greedy	5	13	221
selective_prior_ar_greedy	5	14	571
selective_prior_ar_greedy	5	15	271
selective_prior_ar_greedy	5	16	491
selective_prior_ar_greedy	5	17	491
selective_prior_ar_greedy	5	18	208
selective_prior_ar_greedy	5	19	255
selective_prior_ar_greedy	5	20	255
selective_prior_ar_greedy	5	21	213
selective_prior_ar_greedy	5	22	255
selective_prior_ar_greedy	5	23	255
selective_prior_ar_greedy	5	24	238
selective_prior_ar_greedy	5	25	255
selective_prior_ar_greedy	5	26	213
selective_prior_ar_greedy	5	27	255
selective_prior_ar_greedy	5	28	255
selective_prior_ar_greedy	5	29	213
selective_prior_ar_greedy	5	30	255
selective_prior_ar_greedy	5	31	255
selective_prior_ar_greedy	5	32	213
selective_prior_ar_greedy	5	33	255
selective_prior_ar_greedy	5	34	255
selective_prior_ar_greedy	5	35	255
selective_prior_ar_greedy	5	36	255
selective_prior_ar_greedy	5	37	255
selective_prior_ar_greedy	5	38	255
selective_prior_ar_greedy	5	39	255
selective_prior_ar_greedy	5	40	255
selective_prior_ar_greedy	5	41	255
selective_prior_ar_greedy	5	42	255
selective_prior_ar_greedy	5	43	255
selective_prior_ar_greedy	5	44	255
selective_prior_ar_greedy	5	45	255
selective_prior_ar_greedy	5	46	255
selective_prior_ar_greedy	5	47	255
selective_prior_ar_greedy	5	48	255
selective_prior_ar_greedy	5	49	255
selective_prior_ar_greedy	5	50	255
selective_prior_ar_greedy	5	51	255
selective_prior_ar_greedy	5	52	255
selective_prior_ar_greedy	5	53	255
selective_prior_ar_greedy	5	54	255
selective_prior_ar_greedy	5	55	255
selective_prior_ar_greedy	5	56	255
selective_prior_ar_greedy	5	57	255
selective_prior_ar_greedy	5	58	255
selective_prior_ar_greedy	5	59	255
selective_prior_ar_greedy	5	60	255
selective_prior_ar_greedy	5	61	255
selective_prior_ar_greedy	5	62	255
selective_prior_ar_greedy	5	63	255
selective_prior_ar_greedy	5	64	255
selective_prior_ar_greedy	6	1	1909
selective_prior_ar_greedy	6	2	213
selective_prior_ar_greedy	6	3	238
selective_prior_ar_greedy	6	4	271
selective_prior_ar_greedy	6	5	425
selective_prior_ar_greedy	6	6	425
selective_prior_ar_greedy	6	7	239
selective_prior_ar_greedy	6	8	606
selective_prior_ar_greedy	6	9	239
selective_prior_ar_greedy	6	10	210
selective_prior_ar_greedy	6	11	968
selective_prior_ar_greedy	6	12	231
selective_prior_ar_greedy	6	13	210
selective_prior_ar_greedy	6	14	968
selective_prior_ar_greedy	6	15	213
selective_prior_ar_greedy	6	16	238
selective_prior_ar_greedy	6	17	210
selective_prior_ar_greedy	6	18	1909
selective_prior_ar_greedy	6	19	1909
selective_prior_ar_greedy	6	20	221
selective_prior_ar_greedy	6	21	488
selective_prior_ar_greedy	6	22	271
selective_prior_ar_greedy	6	23	210
selective_prior_ar_greedy	6	24	473
selective_prior_ar_greedy	6	25	1430
selective_prior_ar_greedy	6	26	231
selective_prior_ar_greedy	6	27	210
selective_prior_ar_greedy	6	28	1069
selective_prior_ar_greedy	6	29	1909
selective_prior_ar_greedy	6	30	213
selective_prior_ar_greedy	6	31	238
selective_prior_ar_greedy	6	32	271
selective_prior_ar_greedy	6	33	425
selective_prior_ar_greedy	6	34	425
selective_prior_ar_greedy	6	35	239
selective_prior_ar_greedy	6	36	210
selective_prior_ar_greedy	6	37	1430
selective_prior_ar_greedy	6	38	231
selective_prior_ar_greedy	6	39	210
selective_prior_ar_greedy	6	40	1909
selective_prior_ar_greedy	6	41	221
selective_prior_ar_greedy	6	42	369
selective_prior_ar_greedy	6	43	1264
selective_prior_ar_greedy	6	44	213
selective_prior_ar_greedy	6	45	304
selective_prior_ar_greedy	6	46	271
selective_prior_ar_greedy	6	47	425
selective_prior_ar_greedy	6	48	425
selective_prior_ar_greedy	6	49	239
selective_prior_ar_greedy	6	50	210
selective_prior_ar_greedy	6	51	1430
selective_prior_ar_greedy	6	52	231
selective_prior_ar_greedy	6	53	210
selective_prior_ar_greedy	6	54	1909
selective_prior_ar_greedy	6	55	213
selective_prior_ar_greedy	6	56	238
selective_prior_ar_greedy	6	57	210
selective_prior_ar_greedy	6	58	1069
selective_prior_ar_greedy	6	59	1909
selective_prior_ar_greedy	6	60	213
selective_prior_ar_greedy	6	61	238
selective_prior_ar_greedy	6	62	210
selective_prior_ar_greedy	6	63	1909
selective_prior_ar_greedy	6	64	213
selective_prior_ar_greedy	7	1	691
selective_prior_ar_greedy	7	2	279
selective_prior_ar_greedy	7	3	84
selective_prior_ar_greedy	7	4	1491
selective_prior_ar_greedy	7	5	213
selective_prior_ar_greedy	7	6	238
selective_prior_ar_greedy	7	7	691
selective_prior_ar_greedy	7	8	213
selective_prior_ar_greedy	7	9	238
selective_prior_ar_greedy	7	10	210
selective_prior_ar_greedy	7	11	691
selective_prior_ar_greedy	7	12	691
selective_prior_ar_greedy	7	13	221
selective_prior_ar_greedy	7	14	276
selective_prior_ar_greedy	7	15	691
selective_prior_ar_greedy	7	16	271
selective_prior_ar_greedy	7	17	1034
selective_prior_ar_greedy	7	18	233
selective_prior_ar_greedy	7	19	210
selective_prior_ar_greedy	7	20	691
selective_prior_ar_greedy	7	21	213
selective_prior_ar_greedy	7	22	238
selective_prior_ar_greedy	7	23	691
selective_prior_ar_greedy	7	24	691
selective_prior_ar_greedy	7	25	691
selective_prior_ar_greedy	7	26	691
selective_prior_ar_greedy	7	27	691
selective_prior_ar_greedy	7	28	691
selective_prior_ar_greedy	7	29	691
selective_prior_ar_greedy	7	30	691
selective_prior_ar_greedy	7	31	691
selective_prior_ar_greedy	7	32	691
selective_prior_ar_greedy	7	33	691
selective_prior_ar_greedy	7	34	691
selective_prior_ar_greedy	7	35	691
selective_prior_ar_greedy	7	36	691
selective_prior_ar_greedy	7	37	691
selective_prior_ar_greedy	7	38	691
selective_prior_ar_greedy	7	39	691
selective_prior_ar_greedy	7	40	691
selective_prior_ar_greedy	7	41	691
selective_prior_ar_greedy	7	42	691
selective_prior_ar_greedy	7	43	691
selective_prior_ar_greedy	7	44	691
selective_prior_ar_greedy	7	45	691
selective_prior_ar_greedy	7	46	691
selective_prior_ar_greedy	7	47	691
selective_prior_ar_greedy	7	48	691
selective_prior_ar_greedy	7	49	691
selective_prior_ar_greedy	7	50	691
selective_prior_ar_greedy	7	51	691
selective_prior_ar_greedy	7	52	691
selective_prior_ar_greedy	7	53	691
selective_prior_ar_greedy	7	54	691
selective_prior_ar_greedy	7	55	691
selective_prior_ar_greedy	7	56	691
selective_prior_ar_greedy	7	57	691
selective_prior_ar_greedy	7	58	691
selective_prior_ar_greedy	7	59	691
selective_prior_ar_greedy	7	60	691
selective_prior_ar_greedy	7	61	691
selective_prior_ar_greedy	7	62	691
selective_prior_ar_greedy	7	63	691
selective_prior_ar_greedy	7	64	691
selective_prior_ar_greedy	8	1	210
selective_prior_ar_greedy	8	2	1646
selective_prior_ar_greedy	8	3	213
selective_prior_ar_greedy	8	4	238
selective_prior_ar_greedy	8	5	337
selective_prior_ar_greedy	8	6	271
selective_prior_ar_greedy	8	7	208
selective_prior_ar_greedy	8	8	535
selective_prior_ar_greedy	8	9	231
selective_prior_ar_greedy	8	10	210
selective_prior_ar_greedy	8	11	1646
selective_prior_ar_greedy	8	12	221
selective_prior_ar_greedy	8	13	276
selective_prior_ar_greedy	8	14	2568
selective_prior_ar_greedy	8	15	271
selective_prior_ar_greedy	8	16	271
selective_prior_ar_greedy	8	17	491
selective_prior_ar_greedy	8	18	491
selective_prior_ar_greedy	8	19	491
selective_prior_ar_greedy	8	20	491
selective_prior_ar_greedy	8	21	491
selective_prior_ar_greedy	8	22	2480
selective_prior_ar_greedy	8	23	319
selective_prior_ar_greedy	8	24	210
selective_prior_ar_greedy	8	25	2568
selective_prior_ar_greedy	8	26	231
selective_prior_ar_greedy	8	27	210
selective_prior_ar_greedy	8	28	2568
selective_prior_ar_greedy	8	29	221
selective_prior_ar_greedy	8	30	369
selective_prior_ar_greedy	8	31	210
selective_prior_ar_greedy	8	32	2568
selective_prior_ar_greedy	8	33	213
selective_prior_ar_greedy	8	34	210
selective_prior_ar_greedy	8	35	2568
selective_prior_ar_greedy	8	36	231
selective_prior_ar_greedy	8	37	210
selective_prior_ar_greedy	8	38	2568
selective_prior_ar_greedy	8	39	231
selective_prior_ar_greedy	8	40	210
selective_prior_ar_greedy	8	41	2568
selective_prior_ar_greedy	8	42	213
selective_prior_ar_greedy	8	43	210
selective_prior_ar_greedy	8	44	2568
selective_prior_ar_greedy	8	45	213
selective_prior_ar_greedy	8	46	238
selective_prior_ar_greedy	8	47	210
selective_prior_ar_greedy	8	48	2568
selective_prior_ar_greedy	8	49	213
selective_prior_ar_greedy	8	50	238
selective_prior_ar_greedy	8	51	210
selective_prior_ar_greedy	8	52	2568
selective_prior_ar_greedy	8	53	221
selective_prior_ar_greedy	8	54	276
selective_prior_ar_greedy	8	55	2568
selective_prior_ar_greedy	8	56	327
selective_prior_ar_greedy	8	57	208
selective_prior_ar_greedy	8	58	2568
selective_prior_ar_greedy	8	59	213
selective_prior_ar_greedy	8	60	238
selective_prior_ar_greedy	8	61	210
selective_prior_ar_greedy	8	62	2568
selective_prior_ar_greedy	8	63	221
selective_prior_ar_greedy	8	64	276
selective_prior_ar_greedy	9	1	213
selective_prior_ar_greedy	9	2	238
selective_prior_ar_greedy	9	3	210
selective_prior_ar_greedy	9	4	898
selective_prior_ar_greedy	9	5	231
selective_prior_ar_greedy	9	6	210
selective_prior_ar_greedy	9	7	1248
selective_prior_ar_greedy	9	8	84
selective_prior_ar_greedy	9	9	213
selective_prior_ar_greedy	9	10	238
selective_prior_ar_greedy	9	11	538
selective_prior_ar_greedy	9	12	534
selective_prior_ar_greedy	9	13	534
selective_prior_ar_greedy	9	14	534
selective_prior_ar_greedy	9	15	534
selective_prior_ar_greedy	9	16	983
selective_prior_ar_greedy	9	17	296
selective_prior_ar_greedy	9	18	208
selective_prior_ar_greedy	9	19	255
selective_prior_ar_greedy	9	20	255
selective_prior_ar_greedy	9	21	221
selective_prior_ar_greedy	9	22	276
selective_prior_ar_greedy	9	23	656
selective_prior_ar_greedy	9	24	327
selective_prior_ar_greedy	9	25	491
selective_prior_ar_greedy	9	26	491
selective_prior_ar_greedy	9	27	491
selective_prior_ar_greedy	9	28	491
selective_prior_ar_greedy	9	29	828
selective_prior_ar_greedy	9	30	233
selective_prior_ar_greedy	9	31	210
selective_prior_ar_greedy	9	32	884
selective_prior_ar_greedy	9	33	1105
selective_prior_ar_greedy	9	34	213
selective_prior_ar_greedy	9	35	238
selective_prior_ar_greedy	9	36	271
selective_prior_ar_greedy	9	37	491
selective_prior_ar_greedy	9	38	491
selective_prior_ar_greedy	9	39	491
selective_prior_ar_greedy	9	40	491
selective_prior_ar_greedy	9	41	216
selective_prior_ar_greedy	9	42	216
selective_prior_ar_greedy	9	43	216
selective_prior_ar_greedy	9	44	216
selective_prior_ar_greedy	9	45	233
selective_prior_ar_greedy	9	46	210
selective_prior_ar_greedy	9	47	884
selective_prior_ar_greedy	9	48	1105
selective_prior_ar_greedy	9	49	221
selective_prior_ar_greedy	9	50	369
selective_prior_ar_greedy	9	51	1574
selective_prior_ar_greedy	9	52	213
selective_prior_ar_greedy	9	53	210
selective_prior_ar_greedy	9	54	473
selective_prior_ar_greedy	9	55	473
selective_prior_ar_greedy	9	56	473
selective_prior_ar_greedy	9	57	473
selective_prior_ar_greedy	9	58	473
selective_prior_ar_greedy	9	59	473
selective_prior_ar_greedy	9	60	473
selective_prior_ar_greedy	9	61	271
selective_prior_ar_greedy	9	62	491
selective_prior_ar_greedy	9	63	491
selective_prior_ar_greedy	9	64	491
selective_prior_ar_greedy	10	1	231
selective_prior_ar_greedy	10	2	210
selective_prior_ar_greedy	10	3	473
selective_prior_ar_greedy	10	4	718
selective_prior_ar_greedy	10	5	213
selective_prior_ar_greedy	10	6	238
selective_prior_ar_greedy	10	7	210
selective_prior_ar_greedy	10	8	718
selective_prior_ar_greedy	10	9	279
selective_prior_ar_greedy	10	10	84
selective_prior_ar_greedy	10	11	718
selective_prior_ar_greedy	10	12	213
selective_prior_ar_greedy	10	13	238
selective_prior_ar_greedy	10	14	210
selective_prior_ar_greedy	10	15	718
selective_prior_ar_greedy	10	16	213
selective_prior_ar_greedy	10	17	238
selective_prior_ar_greedy	10	18	718
selective_prior_ar_greedy	10	19	213
selective_prior_ar_greedy	10	20	238
selective_prior_ar_greedy	10	21	210
selective_prior_ar_greedy	10	22	718
selective_prior_ar_greedy	10	23	213
selective_prior_ar_greedy	10	24	238
selective_prior_ar_greedy	10	25	718
selective_prior_ar_greedy	10	26	221
selective_prior_ar_greedy	10	27	571
selective_prior_ar_greedy	10	28	271
selective_prior_ar_greedy	10	29	1034
selective_prior_ar_greedy	10	30	275
selective_prior_ar_greedy	10	31	210
selective_prior_ar_greedy	10	32	820
selective_prior_ar_greedy	10	33	213
selective_prior_ar_greedy	10	34	238
selective_prior_ar_greedy	10	35	718
selective_prior_ar_greedy	10	36	213
selective_prior_ar_greedy	10	37	238
selective_prior_ar_greedy	10	38	210
selective_prior_ar_greedy	10	39	718
selective_prior_ar_greedy	10	40	213
selective_prior_ar_greedy	10	41	238
selective_prior_ar_greedy	10	42	210
selective_prior_ar_greedy	10	43	718
selective_prior_ar_greedy	10	44	213
selective_prior_ar_greedy	10	45	210
selective_prior_ar_greedy	10	46	718
selective_prior_ar_greedy	10	47	221
selective_prior_ar_greedy	10	48	571
selective_prior_ar_greedy	10	49	271
selective_prior_ar_greedy	10	50	1034
selective_prior_ar_greedy	10	51	233
selective_prior_ar_greedy	10	52	210
selective_prior_ar_greedy	10	53	820
selective_prior_ar_greedy	10	54	213
selective_prior_ar_greedy	10	55	238
selective_prior_ar_greedy	10	56	210
selective_prior_ar_greedy	10	57	718
selective_prior_ar_greedy	10	58	213
selective_prior_ar_greedy	10	59	238
selective_prior_ar_greedy	10	60	718
selective_prior_ar_greedy	10	61	213
selective_prior_ar_greedy	10	62	238
selective_prior_ar_greedy	10	63	718
selective_prior_ar_greedy	10	64	213
selective_prior_ar_greedy	11	1	208
selective_prior_ar_greedy	11	2	1530
selective_prior_ar_greedy	11	3	231
selective_prior_ar_greedy	11	4	210
selective_prior_ar_greedy	11	5	968
selective_prior_ar_greedy	11	6	213
selective_prior_ar_greedy	11	7	238
selective_prior_ar_greedy	11	8	337
selective_prior_ar_greedy	11	9	271
selective_prior_ar_greedy	11	10	425
selective_prior_ar_greedy	11	11	425
selective_prior_ar_greedy	11	12	239
selective_prior_ar_greedy	11	13	210
selective_prior_ar_greedy	11	14	968
selective_prior_ar_greedy	11	15	221
selective_prior_ar_greedy	11	16	276
selective_prior_ar_greedy	11	17	906
selective_prior_ar_greedy	11	18	271
selective_prior_ar_greedy	11	19	425
selective_prior_ar_greedy	11	20	425
selective_prior_ar_greedy	11	21	239
selective_prior_ar_greedy	11	22	308
selective_prior_ar_greedy	11	23	2072
selective_prior_ar_greedy	11	24	239
selective_prior_ar_greedy	11	25	308
selective_prior_ar_greedy	11	26	566
selective_prior_ar_greedy	11	27	221
selective_prior_ar_greedy	11	28	1165
selective_prior_ar_greedy	11	29	213
selective_prior_ar_greedy	11	30	304
selective_prior_ar_greedy	11	31	271
selective_prior_ar_greedy	11	32	425
selective_prior_ar_greedy	11	33	425
selective_prior_ar_greedy	11	34	239
selective_prior_ar_greedy	11	35	210
selective_prior_ar_greedy	11	36	968
selective_prior_ar_greedy	11	37	213
selective_prior_ar_greedy	11	38	238
selective_prior_ar_greedy	11	39	210
selective_prior_ar_greedy	11	40	968
selective_prior_ar_greedy	11	41	271
selective_prior_ar_greedy	11	42	425
selective_prior_ar_greedy	11	43	239
selective_prior_ar_greedy	11	44	308
selective_prior_ar_greedy	11	45	208
selective_prior_ar_greedy	11	46	1530
selective_prior_ar_greedy	11	47	231
selective_prior_ar_greedy	11	48	210
selective_prior_ar_greedy	11	49	968
selective_prior_ar_greedy	11	50	221
selective_prior_ar_greedy	11	51	276
selective_prior_ar_greedy	11	52	906
selective_prior_ar_greedy	11	53	271
selective_prior_ar_greedy	11	54	425
selective_prior_ar_greedy	11	55	239
selective_prior_ar_greedy	11	56	308
selective_prior_ar_greedy	11	57	566
selective_prior_ar_greedy	11	58	239
selective_prior_ar_greedy	11	59	210
selective_prior_ar_greedy	11	60	968
selective_prior_ar_greedy	11	61	213
selective_prior_ar_greedy	11	62	452
selective_prior_ar_greedy	11	63	271
selective_prior_ar_greedy	11	64	425
selective_prior_ar_greedy	12	1	228
selective_prior_ar_greedy	12	2	213
selective_prior_ar_greedy	12	3	238
selective_prior_ar_greedy	12	4	210
selective_prior_ar_greedy	12	5	656
selective_prior_ar_greedy	12	6	327
selective_prior_ar_greedy	12	7	208
selective_prior_ar_greedy	12	8	535
selective_prior_ar_greedy	12	9	231
selective_prior_ar_greedy	12	10	210
selective_prior_ar_greedy	12	11	656
selective_prior_ar_greedy	12	12	221
selective_prior_ar_greedy	12	13	276
selective_prior_ar_greedy	12	14	656
selective_prior_ar_greedy	12	15	327
selective_prior_ar_greedy	12	16	208
selective_prior_ar_greedy	12	17	2732
selective_prior_ar_greedy	12	18	287
selective_prior_ar_greedy	12	19	287
selective_prior_ar_greedy	12	20	287
selective_prior_ar_greedy	12	21	287
selective_prior_ar_greedy	12	22	287
selective_prior_ar_greedy	12	23	287
selective_prior_ar_greedy	12	24	287
selective_prior_ar_greedy	12	25	287
selective_prior_ar_greedy	12	26	287
selective_prior_ar_greedy	12	27	287
selective_prior_ar_greedy	12	28	287
selective_prior_ar_greedy	12	29	287
selective_prior_ar_greedy	12	30	287
selective_prior_ar_greedy	12	31	287
selective_prior_ar_greedy	12	32	287
selective_prior_ar_greedy	12	33	287
selective_prior_ar_greedy	12	34	287
selective_prior_ar_greedy	12	35	287
selective_prior_ar_greedy	12	36	287
selective_prior_ar_greedy	12	37	287
selective_prior_ar_greedy	12	38	287
selective_prior_ar_greedy	12	39	287
selective_prior_ar_greedy	12	40	287
selective_prior_ar_greedy	12	41	287
selective_prior_ar_greedy	12	42	287
selective_prior_ar_greedy	12	43	287
selective_prior_ar_greedy	12	44	287
selective_prior_ar_greedy	12	45	287
selective_prior_ar_greedy	12	46	287
selective_prior_ar_greedy	12	47	287
selective_prior_ar_greedy	12	48	287
selective_prior_ar_greedy	12	49	287
selective_prior_ar_greedy	12	50	287
selective_prior_ar_greedy	12	51	287
selective_prior_ar_greedy	12	52	287
selective_prior_ar_greedy	12	53	287
selective_prior_ar_greedy	12	54	287
selective_prior_ar_greedy	12	55	287
selective_prior_ar_greedy	12	56	287
selective_prior_ar_greedy	12	57	287
selective_prior_ar_greedy	12	58	287
selective_prior_ar_greedy	12	59	287
selective_prior_ar_greedy	12	60	287
selective_prior_ar_greedy	12	61	287
selective_prior_ar_greedy	12	62	287
selective_prior_ar_greedy	12	63	287
selective_prior_ar_greedy	12	64	287
selective_prior_ar_greedy	13	1	812
selective_prior_ar_greedy	13	2	213
selective_prior_ar_greedy	13	3	238
selective_prior_ar_greedy	13	4	304
selective_prior_ar_greedy	13	5	271
selective_prior_ar_greedy	13	6	425
selective_prior_ar_greedy	13	7	425
selective_prior_ar_greedy	13	8	239
selective_prior_ar_greedy	13	9	210
selective_prior_ar_greedy	13	10	691
selective_prior_ar_greedy	13	11	221
selective_prior_ar_greedy	13	12	488
selective_prior_ar_greedy	13	13	271
selective_prior_ar_greedy	13	14	491
selective_prior_ar_greedy	13	15	491
selective_prior_ar_greedy	13	16	491
selective_prior_ar_greedy	13	17	239
selective_prior_ar_greedy	13	18	210
selective_prior_ar_greedy	13	19	691
selective_prior_ar_greedy	13	20	213
selective_prior_ar_greedy	13	21	238
selective_prior_ar_greedy	13	22	304
selective_prior_ar_greedy	13	23	271
selective_prior_ar_greedy	13	24	425
selective_prior_ar_greedy	13	25	425
selective_prior_ar_greedy	13	26	239
selective_prior_ar_greedy	13	27	606
selective_prior_ar_greedy	13	28	239
selective_prior_ar_greedy	13	29	210
selective_prior_ar_greedy	13	30	473
selective_prior_ar_greedy	13	31	691
selective_prior_ar_greedy	13	32	221
selective_prior_ar_greedy	13	33	488
selective_prior_ar_greedy	13	34	271
selective_prior_ar_greedy	13	35	491
selective_prior_ar_greedy	13	36	491
selective_prior_ar_greedy	13	37	210
selective_prior_ar_greedy	13	38	691
selective_prior_ar_greedy	13	39	213
selective_prior_ar_greedy	13	40	238
selective_prior_ar_greedy	13	41	304
selective_prior_ar_greedy	13	42	271
selective_prior_ar_greedy	13	43	425
selective_prior_ar_greedy	13	44	425
selective_prior_ar_greedy	13	45	239
selective_prior_ar_greedy	13	46	210
selective_prior_ar_greedy	13	47	691
selective_prior_ar_greedy	13	48	221
selective_prior_ar_greedy	13	49	488
selective_prior_ar_greedy	13	50	271
selective_prior_ar_greedy	13	51	491
selective_prior_ar_greedy	13	52	491
selective_prior_ar_greedy	13	53	1315
selective_prior_ar_greedy	13	54	233
selective_prior_ar_greedy	13	55	210
selective_prior_ar_greedy	13	56	691
selective_prior_ar_greedy	13	57	213
selective_prior_ar_greedy	13	58	238
selective_prior_ar_greedy	13	59	304
selective_prior_ar_greedy	13	60	271
selective_prior_ar_greedy	13	61	210
selective_prior_ar_greedy	13	62	691
selective_prior_ar_greedy	13	63	221
selective_prior_ar_greedy	13	64	488
selective_prior_ar_greedy	14	1	606
selective_prior_ar_greedy	14	2	239
selective_prior_ar_greedy	14	3	308
selective_prior_ar_greedy	14	4	606
selective_prior_ar_greedy	14	5	239
selective_prior_ar_greedy	14	6	606
selective_prior_ar_greedy	14	7	606
selective_prior_ar_greedy	14	8	239
selective_prior_ar_greedy	14	9	606
selective_prior_ar_greedy	14	10	606
selective_prior_ar_greedy	14	11	606
selective_prior_ar_greedy	14	12	606
selective_prior_ar_greedy	14	13	606
selective_prior_ar_greedy	14	14	239
selective_prior_ar_greedy	14	15	345
selective_prior_ar_greedy	14	16	1349
selective_prior_ar_greedy	14	17	221
selective_prior_ar_greedy	14	18	488
selective_prior_ar_greedy	14	19	271
selective_prior_ar_greedy	14	20	304
selective_prior_ar_greedy	14	21	304
selective_prior_ar_greedy	14	22	304
selective_prior_ar_greedy	14	23	304
selective_prior_ar_greedy	14	24	304
selective_prior_ar_greedy	14	25	304
selective_prior_ar_greedy	14	26	304
selective_prior_ar_greedy	14	27	304
selective_prior_ar_greedy	14	28	304
selective_prior_ar_greedy	14	29	304
selective_prior_ar_greedy	14	30	304
selective_prior_ar_greedy	14	31	304
selective_prior_ar_greedy	14	32	304
selective_prior_ar_greedy	14	33	304
selective_prior_ar_greedy	14	34	304
selective_prior_ar_greedy	14	35	279
selective_prior_ar_greedy	14	36	84
selective_prior_ar_greedy	14	37	1850
selective_prior_ar_greedy	14	38	213
selective_prior_ar_greedy	14	39	304
selective_prior_ar_greedy	14	40	304
selective_prior_ar_greedy	14	41	304
selective_prior_ar_greedy	14	42	304
selective_prior_ar_greedy	14	43	304
selective_prior_ar_greedy	14	44	304
selective_prior_ar_greedy	14	45	304
selective_prior_ar_greedy	14	46	304
selective_prior_ar_greedy	14	47	304
selective_prior_ar_greedy	14	48	304
selective_prior_ar_greedy	14	49	304
selective_prior_ar_greedy	14	50	304
selective_prior_ar_greedy	14	51	304
selective_prior_ar_greedy	14	52	304
selective_prior_ar_greedy	14	53	304
selective_prior_ar_greedy	14	54	304
selective_prior_ar_greedy	14	55	304
selective_prior_ar_greedy	14	56	304
selective_prior_ar_greedy	14	57	304
selective_prior_ar_greedy	14	58	304
selective_prior_ar_greedy	14	59	304
selective_prior_ar_greedy	14	60	304
selective_prior_ar_greedy	14	61	279
selective_prior_ar_greedy	14	62	84
selective_prior_ar_greedy	14	63	345
selective_prior_ar_greedy	14	64	1628
selective_prior_ar_greedy	15	1	3654
selective_prior_ar_greedy	15	2	210
selective_prior_ar_greedy	15	3	473
selective_prior_ar_greedy	15	4	473
selective_prior_ar_greedy	15	5	287
selective_prior_ar_greedy	15	6	906
selective_prior_ar_greedy	15	7	221
selective_prior_ar_greedy	15	8	276
selective_prior_ar_greedy	15	9	906
selective_prior_ar_greedy	15	10	271
selective_prior_ar_greedy	15	11	491
selective_prior_ar_greedy	15	12	491
selective_prior_ar_greedy	15	13	491
selective_prior_ar_greedy	15	14	491
selective_prior_ar_greedy	15	15	491
selective_prior_ar_greedy	15	16	491
selective_prior_ar_greedy	15	17	491
selective_prior_ar_greedy	15	18	491
selective_prior_ar_greedy	15	19	491
selective_prior_ar_greedy	15	20	491
selective_prior_ar_greedy	15	21	216
selective_prior_ar_greedy	15	22	319
selective_prior_ar_greedy	15	23	210
selective_prior_ar_greedy	15	24	1069
selective_prior_ar_greedy	15	25	1909
selective_prior_ar_greedy	15	26	213
selective_prior_ar_greedy	15	27	238
selective_prior_ar_greedy	15	28	271
selective_prior_ar_greedy	15	29	491
selective_prior_ar_greedy	15	30	491
selective_prior_ar_greedy	15	31	491
selective_prior_ar_greedy	15	32	491
selective_prior_ar_greedy	15	33	491
selective_prior_ar_greedy	15	34	491
selective_prior_ar_greedy	15	35	491
selective_prior_ar_greedy	15	36	216
selective_prior_ar_greedy	15	37	216
selective_prior_ar_greedy	15	38	221
selective_prior_ar_greedy	15	39	276
selective_prior_ar_greedy	15	40	1909
selective_prior_ar_greedy	15	41	1909
selective_prior_ar_greedy	15	42	271
selective_prior_ar_greedy	15	43	491
selective_prior_ar_greedy	15	44	491
selective_prior_ar_greedy	15	45	491
selective_prior_ar_greedy	15	46	491
selective_prior_ar_greedy	15	47	491
selective_prior_ar_greedy	15	48	491
selective_prior_ar_greedy	15	49	491
selective_prior_ar_greedy	15	50	491
selective_prior_ar_greedy	15	51	491
selective_prior_ar_greedy	15	52	216
selective_prior_ar_greedy	15	53	319
selective_prior_ar_greedy	15	54	210
selective_prior_ar_greedy	15	55	1909
selective_prior_ar_greedy	15	56	1909
selective_prior_ar_greedy	15	57	221
selective_prior_ar_greedy	15	58	369
selective_prior_ar_greedy	15	59	210
selective_prior_ar_greedy	15	60	1909
selective_prior_ar_greedy	15	61	1909
selective_prior_ar_greedy	15	62	1909
selective_prior_ar_greedy	15	63	213
selective_prior_ar_greedy	15	64	210
selective_prior_ar_greedy	16	1	304
selective_prior_ar_greedy	16	2	271
selective_prior_ar_greedy	16	3	491
selective_prior_ar_greedy	16	4	491
selective_prior_ar_greedy	16	5	491
selective_prior_ar_greedy	16	6	1969
selective_prior_ar_greedy	16	7	310
selective_prior_ar_greedy	16	8	304
selective_prior_ar_greedy	16	9	405
selective_prior_ar_greedy	16	10	534
selective_prior_ar_greedy	16	11	534
selective_prior_ar_greedy	16	12	239
selective_prior_ar_greedy	16	13	210
selective_prior_ar_greedy	16	14	1232
selective_prior_ar_greedy	16	15	231
selective_prior_ar_greedy	16	16	210
selective_prior_ar_greedy	16	17	1335
selective_prior_ar_greedy	16	18	213
selective_prior_ar_greedy	16	19	238
selective_prior_ar_greedy	16	20	210
selective_prior_ar_greedy	16	21	1335
selective_prior_ar_greedy	16	22	231
selective_prior_ar_greedy	16	23	1335
selective_prior_ar_greedy	16	24	213
selective_prior_ar_greedy	16	25	238
selective_prior_ar_greedy	16	26	271
selective_prior_ar_greedy	16	27	425
selective_prior_ar_greedy	16	28	425
selective_prior_ar_greedy	16	29	239
selective_prior_ar_greedy	16	30	606
selective_prior_ar_greedy	16	31	239
selective_prior_ar_greedy	16	32	606
selective_prior_ar_greedy	16	33	221
selective_prior_ar_greedy	16	34	276
selective_prior_ar_greedy	16	35	1335
selective_prior_ar_greedy	16	36	271
selective_prior_ar_greedy	16	37	425
selective_prior_ar_greedy	16	38	239
selective_prior_ar_greedy	16	39	606
selective_prior_ar_greedy	16	40	239
selective_prior_ar_greedy	16	41	606
selective_prior_ar_greedy	16	42	239
selective_prior_ar_greedy	16	43	210
selective_prior_ar_greedy	16	44	1622
selective_prior_ar_greedy	16	45	213
selective_prior_ar_greedy	16	46	238
selective_prior_ar_greedy	16	47	304
selective_prior_ar_greedy	16	48	405
selective_prior_ar_greedy	16	49	534
selective_prior_ar_greedy	16	50	534
selective_prior_ar_greedy	16	51	239
selective_prior_ar_greedy	16	52	210
selective_prior_ar_greedy	16	53	1335
selective_prior_ar_greedy	16	54	221
selective_prior_ar_greedy	16	55	369
selective_prior_ar_greedy	16	56	210
selective_prior_ar_greedy	16	57	1335
selective_prior_ar_greedy	16	58	213
selective_prior_ar_greedy	16	59	210
selective_prior_ar_greedy	16	60	1335
selective_prior_ar_greedy	16	61	271
selective_prior_ar_greedy	16	62	3059
selective_prior_ar_greedy	16	63	239
selective_prior_ar_greedy	16	64	210
selective_prior_ar_greedy	17	1	271
selective_prior_ar_greedy	17	2	425
selective_prior_ar_greedy	17	3	425
selective_prior_ar_greedy	17	4	239
selective_prior_ar_greedy	17	5	210
selective_prior_ar_greedy	17	6	884
selective_prior_ar_greedy	17	7	1105
selective_prior_ar_greedy	17	8	213
selective_prior_ar_greedy	17	9	238
selective_prior_ar_greedy	17	10	271
selective_prior_ar_greedy	17	11	425
selective_prior_ar_greedy	17	12	425
selective_prior_ar_greedy	17	13	239
selective_prior_ar_greedy	17	14	308
selective_prior_ar_greedy	17	15	208
selective_prior_ar_greedy	17	16	1556
selective_prior_ar_greedy	17	17	811
selective_prior_ar_greedy	17	18	221
selective_prior_ar_greedy	17	19	276
selective_prior_ar_greedy	17	20	1335
selective_prior_ar_greedy	17	21	271
selective_prior_ar_greedy	17	22	491
selective_prior_ar_greedy	17	23	491
selective_prior_ar_greedy	17	24	491
selective_prior_ar_greedy	17	25	491
selective_prior_ar_greedy	17	26	1483
selective_prior_ar_greedy	17	27	239
selective_prior_ar_greedy	17	28	210
selective_prior_ar_greedy	17	29	1335
selective_prior_ar_greedy	17	30	213
selective_prior_ar_greedy	17	31	238
selective_prior_ar_greedy	17	32	271
selective_prior_ar_greedy	17	33	425
selective_prior_ar_greedy	17	34	425
selective_prior_ar_greedy	17	35	425
selective_prior_ar_greedy	17	36	239
selective_prior_ar_greedy	17	37	308
selective_prior_ar_greedy	17	38	208
selective_prior_ar_greedy	17	39	2128
selective_prior_ar_greedy	17	40	231
selective_prior_ar_greedy	17	41	210
selective_prior_ar_greedy	17	42	1335
selective_prior_ar_greedy	17	43	221
selective_prior_ar_greedy	17	44	369
selective_prior_ar_greedy	17	45	1470
selective_prior_ar_greedy	17	46	239
selective_prior_ar_greedy	17	47	210
selective_prior_ar_greedy	17	48	1335
selective_prior_ar_greedy	17	49	213
selective_prior_ar_greedy	17	50	238
selective_prior_ar_greedy	17	51	304
selective_prior_ar_greedy	17	52	271
selective_prior_ar_greedy	17	53	491
selective_prior_ar_greedy	17	54	491
selective_prior_ar_greedy	17	55	491
selective_prior_ar_greedy	17	56	491
selective_prior_ar_greedy	17	57	216
selective_prior_ar_greedy	17	58	239
selective_prior_ar_greedy	17	59	210
selective_prior_ar_greedy	17	60	1335
selective_prior_ar_greedy	17	61	213
selective_prior_ar_greedy	17	62	238
selective_prior_ar_greedy	17	63	271
selective_prior_ar_greedy	17	64	425
selective_prior_ar_greedy	18	1	279
selective_prior_ar_greedy	18	2	84
selective_prior_ar_greedy	18	3	309
selective_prior_ar_greedy	18	4	259
selective_prior_ar_greedy	18	5	259
selective_prior_ar_greedy	18	6	213
selective_prior_ar_greedy	18	7	510
selective_prior_ar_greedy	18	8	405
selective_prior_ar_greedy	18	9	534
selective_prior_ar_greedy	18	10	534
selective_prior_ar_greedy	18	11	983
selective_prior_ar_greedy	18	12	296
selective_prior_ar_greedy	18	13	208
selective_prior_ar_greedy	18	14	255
selective_prior_ar_greedy	18	15	208
selective_prior_ar_greedy	18	16	255
selective_prior_ar_greedy	18	17	255
selective_prior_ar_greedy	18	18	255
selective_prior_ar_greedy	18	19	221
selective_prior_ar_greedy	18	20	488
selective_prior_ar_greedy	18	21	271
selective_prior_ar_greedy	18	22	491
selective_prior_ar_greedy	18	23	491
selective_prior_ar_greedy	18	24	491
selective_prior_ar_greedy	18	25	491
selective_prior_ar_greedy	18	26	255
selective_prior_ar_greedy	18	27	210
selective_prior_ar_greedy	18	28	255
selective_prior_ar_greedy	18	29	255
selective_prior_ar_greedy	18	30	255
selective_prior_ar_greedy	18	31	238
selective_prior_ar_greedy	18	32	255
selective_prior_ar_greedy	18	33	255
selective_prior_ar_greedy	18	34	255
selective_prior_ar_greedy	18	35	255
selective_prior_ar_greedy	18	36	255
selective_prior_ar_greedy	18	37	255
selective_prior_ar_greedy	18	38	255
selective_prior_ar_greedy	18	39	255
selective_prior_ar_greedy	18	40	255
selective_prior_ar_greedy	18	41	255
selective_prior_ar_greedy	18	42	255
selective_prior_ar_greedy	18	43	255
selective_prior_ar_greedy	18	44	255
selective_prior_ar_greedy	18	45	255
selective_prior_ar_greedy	18	46	255
selective_prior_ar_greedy	18	47	255
selective_prior_ar_greedy	18	48	255
selective_prior_ar_greedy	18	49	255
selective_prior_ar_greedy	18	50	255
selective_prior_ar_greedy	18	51	255
selective_prior_ar_greedy	18	52	255
selective_prior_ar_greedy	18	53	255
selective_prior_ar_greedy	18	54	255
selective_prior_ar_greedy	18	55	255
selective_prior_ar_greedy	18	56	255
selective_prior_ar_greedy	18	57	255
selective_prior_ar_greedy	18	58	255
selective_prior_ar_greedy	18	59	255
selective_prior_ar_greedy	18	60	255
selective_prior_ar_greedy	18	61	255
selective_prior_ar_greedy	18	62	255
selective_prior_ar_greedy	18	63	255
selective_prior_ar_greedy	18	64	255
selective_prior_ar_greedy	19	1	74
selective_prior_ar_greedy	19	2	74
selective_prior_ar_greedy	19	3	74
selective_prior_ar_greedy	19	4	74
selective_prior_ar_greedy	19	5	74
selective_prior_ar_greedy	19	6	74
selective_prior_ar_greedy	19	7	74
selective_prior_ar_greedy	19	8	74
selective_prior_ar_greedy	19	9	74
selective_prior_ar_greedy	19	10	74
selective_prior_ar_greedy	19	11	74
selective_prior_ar_greedy	19	12	74
selective_prior_ar_greedy	19	13	74
selective_prior_ar_greedy	19	14	74
selective_prior_ar_greedy	19	15	74
selective_prior_ar_greedy	19	16	74
selective_prior_ar_greedy	19	17	74
selective_prior_ar_greedy	19	18	74
selective_prior_ar_greedy	19	19	74
selective_prior_ar_greedy	19	20	74
selective_prior_ar_greedy	19	21	74
selective_prior_ar_greedy	19	22	74
selective_prior_ar_greedy	19	23	74
selective_prior_ar_greedy	19	24	74
selective_prior_ar_greedy	19	25	74
selective_prior_ar_greedy	19	26	74
selective_prior_ar_greedy	19	27	74
selective_prior_ar_greedy	19	28	74
selective_prior_ar_greedy	19	29	74
selective_prior_ar_greedy	19	30	74
selective_prior_ar_greedy	19	31	74
selective_prior_ar_greedy	19	32	74
selective_prior_ar_greedy	19	33	74
selective_prior_ar_greedy	19	34	74
selective_prior_ar_greedy	19	35	74
selective_prior_ar_greedy	19	36	74
selective_prior_ar_greedy	19	37	74
selective_prior_ar_greedy	19	38	74
selective_prior_ar_greedy	19	39	74
selective_prior_ar_greedy	19	40	74
selective_prior_ar_greedy	19	41	74
selective_prior_ar_greedy	19	42	74
selective_prior_ar_greedy	19	43	74
selective_prior_ar_greedy	19	44	74
selective_prior_ar_greedy	19	45	74
selective_prior_ar_greedy	19	46	74
selective_prior_ar_greedy	19	47	74
selective_prior_ar_greedy	19	48	74
selective_prior_ar_greedy	19	49	74
selective_prior_ar_greedy	19	50	74
selective_prior_ar_greedy	19	51	74
selective_prior_ar_greedy	19	52	74
selective_prior_ar_greedy	19	53	74
selective_prior_ar_greedy	19	54	74
selective_prior_ar_greedy	19	55	74
selective_prior_ar_greedy	19	56	74
selective_prior_ar_greedy	19	57	74
selective_prior_ar_greedy	19	58	74
selective_prior_ar_greedy	19	59	74
selective_prior_ar_greedy	19	60	74
selective_prior_ar_greedy	19	61	74
selective_prior_ar_greedy	19	62	74
selective_prior_ar_greedy	19	63	74
selective_prior_ar_greedy	19	64	74
selective_prior_ar_greedy	20	1	216
selective_prior_ar_greedy	20	2	255
selective_prior_ar_greedy	20	3	213
selective_prior_ar_greedy	20	4	238
selective_prior_ar_greedy	20	5	304
selective_prior_ar_greedy	20	6	405
selective_prior_ar_greedy	20	7	534
selective_prior_ar_greedy	20	8	534
selective_prior_ar_greedy	20	9	255
selective_prior_ar_greedy	20	10	239
selective_prior_ar_greedy	20	11	210
selective_prior_ar_greedy	20	12	255
selective_prior_ar_greedy	20	13	206
selective_prior_ar_greedy	20	14	255
selective_prior_ar_greedy	20	15	221
selective_prior_ar_greedy	20	16	488
selective_prior_ar_greedy	20	17	271
selective_prior_ar_greedy	20	18	491
selective_prior_ar_greedy	20	19	491
selective_prior_ar_greedy	20	20	491
selective_prior_ar_greedy	20	21	255
selective_prior_ar_greedy	20	22	213
selective_prior_ar_greedy	20	23	238
selective_prior_ar_greedy	20	24	255
selective_prior_ar_greedy	20	25	210
selective_prior_ar_greedy	20	26	255
selective_prior_ar_greedy	20	27	255
selective_prior_ar_greedy	20	28	255
selective_prior_ar_greedy	20	29	255
selective_prior_ar_greedy	20	30	255
selective_prior_ar_greedy	20	31	255
selective_prior_ar_greedy	20	32	255
selective_prior_ar_greedy	20	33	255
selective_prior_ar_greedy	20	34	255
selective_prior_ar_greedy	20	35	255
selective_prior_ar_greedy	20	36	255
selective_prior_ar_greedy	20	37	255
selective_prior_ar_greedy	20	38	255
selective_prior_ar_greedy	20	39	255
selective_prior_ar_greedy	20	40	255
selective_prior_ar_greedy	20	41	255
selective_prior_ar_greedy	20	42	255
selective_prior_ar_greedy	20	43	255
selective_prior_ar_greedy	20	44	255
selective_prior_ar_greedy	20	45	255
selective_prior_ar_greedy	20	46	255
selective_prior_ar_greedy	20	47	255
selective_prior_ar_greedy	20	48	255
selective_prior_ar_greedy	20	49	255
selective_prior_ar_greedy	20	50	255
selective_prior_ar_greedy	20	51	255
selective_prior_ar_greedy	20	52	255
selective_prior_ar_greedy	20	53	255
selective_prior_ar_greedy	20	54	255
selective_prior_ar_greedy	20	55	255
selective_prior_ar_greedy	20	56	255
selective_prior_ar_greedy	20	57	255
selective_prior_ar_greedy	20	58	255
selective_prior_ar_greedy	20	59	255
selective_prior_ar_greedy	20	60	255
selective_prior_ar_greedy	20	61	255
selective_prior_ar_greedy	20	62	255
selective_prior_ar_greedy	20	63	255
selective_prior_ar_greedy	20	64	255
selective_prior_ar_greedy	21	1	210
selective_prior_ar_greedy	21	2	1909
selective_prior_ar_greedy	21	3	322
selective_prior_ar_greedy	21	4	213
selective_prior_ar_greedy	21	5	238
selective_prior_ar_greedy	21	6	210
selective_prior_ar_greedy	21	7	1069
selective_prior_ar_greedy	21	8	1909
selective_prior_ar_greedy	21	9	1909
selective_prior_ar_greedy	21	10	213
selective_prior_ar_greedy	21	11	210
selective_prior_ar_greedy	21	12	1909
selective_prior_ar_greedy	21	13	1909
selective_prior_ar_greedy	21	14	1909
selective_prior_ar_greedy	21	15	213
selective_prior_ar_greedy	21	16	210
selective_prior_ar_greedy	21	17	1909
selective_prior_ar_greedy	21	18	1909
selective_prior_ar_greedy	21	19	1909
selective_prior_ar_greedy	21	20	213
selective_prior_ar_greedy	21	21	210
selective_prior_ar_greedy	21	22	1909
selective_prior_ar_greedy	21	23	1909
selective_prior_ar_greedy	21	24	1909
selective_prior_ar_greedy	21	25	213
selective_prior_ar_greedy	21	26	238
selective_prior_ar_greedy	21	27	210
selective_prior_ar_greedy	21	28	1909
selective_prior_ar_greedy	21	29	1909
selective_prior_ar_greedy	21	30	213
selective_prior_ar_greedy	21	31	210
selective_prior_ar_greedy	21	32	1909
selective_prior_ar_greedy	21	33	1909
selective_prior_ar_greedy	21	34	1909
selective_prior_ar_greedy	21	35	238
selective_prior_ar_greedy	21	36	210
selective_prior_ar_greedy	21	37	1909
selective_prior_ar_greedy	21	38	1909
selective_prior_ar_greedy	21	39	213
selective_prior_ar_greedy	21	40	238
selective_prior_ar_greedy	21	41	210
selective_prior_ar_greedy	21	42	1909
selective_prior_ar_greedy	21	43	1909
selective_prior_ar_greedy	21	44	221
selective_prior_ar_greedy	21	45	601
selective_prior_ar_greedy	21	46	210
selective_prior_ar_greedy	21	47	1909
selective_prior_ar_greedy	21	48	213
selective_prior_ar_greedy	21	49	210
selective_prior_ar_greedy	21	50	1909
selective_prior_ar_greedy	21	51	1909
selective_prior_ar_greedy	21	52	1909
selective_prior_ar_greedy	21	53	213
selective_prior_ar_greedy	21	54	210
selective_prior_ar_greedy	21	55	1909
selective_prior_ar_greedy	21	56	1909
selective_prior_ar_greedy	21	57	213
selective_prior_ar_greedy	21	58	210
selective_prior_ar_greedy	21	59	1909
selective_prior_ar_greedy	21	60	1909
selective_prior_ar_greedy	21	61	213
selective_prior_ar_greedy	21	62	238
selective_prior_ar_greedy	21	63	210
selective_prior_ar_greedy	21	64	1909
selective_prior_ar_greedy	22	1	1207
selective_prior_ar_greedy	22	2	1452
selective_prior_ar_greedy	22	3	231
selective_prior_ar_greedy	22	4	210
selective_prior_ar_greedy	22	5	1452
selective_prior_ar_greedy	22	6	231
selective_prior_ar_greedy	22	7	210
selective_prior_ar_greedy	22	8	1452
selective_prior_ar_greedy	22	9	231
selective_prior_ar_greedy	22	10	210
selective_prior_ar_greedy	22	11	1452
selective_prior_ar_greedy	22	12	231
selective_prior_ar_greedy	22	13	210
selective_prior_ar_greedy	22	14	1452
selective_prior_ar_greedy	22	15	221
selective_prior_ar_greedy	22	16	276
selective_prior_ar_greedy	22	17	1452
selective_prior_ar_greedy	22	18	327
selective_prior_ar_greedy	22	19	327
selective_prior_ar_greedy	22	20	491
selective_prior_ar_greedy	22	21	491
selective_prior_ar_greedy	22	22	491
selective_prior_ar_greedy	22	23	491
selective_prior_ar_greedy	22	24	491
selective_prior_ar_greedy	22	25	491
selective_prior_ar_greedy	22	26	491
selective_prior_ar_greedy	22	27	828
selective_prior_ar_greedy	22	28	239
selective_prior_ar_greedy	22	29	308
selective_prior_ar_greedy	22	30	828
selective_prior_ar_greedy	22	31	239
selective_prior_ar_greedy	22	32	308
selective_prior_ar_greedy	22	33	828
selective_prior_ar_greedy	22	34	319
selective_prior_ar_greedy	22	35	210
selective_prior_ar_greedy	22	36	1452
selective_prior_ar_greedy	22	37	231
selective_prior_ar_greedy	22	38	210
selective_prior_ar_greedy	22	39	226
selective_prior_ar_greedy	22	40	297
selective_prior_ar_greedy	22	41	297
selective_prior_ar_greedy	22	42	297
selective_prior_ar_greedy	22	43	221
selective_prior_ar_greedy	22	44	276
selective_prior_ar_greedy	22	45	1452
selective_prior_ar_greedy	22	46	327
selective_prior_ar_greedy	22	47	327
selective_prior_ar_greedy	22	48	491
selective_prior_ar_greedy	22	49	491
selective_prior_ar_greedy	22	50	491
selective_prior_ar_greedy	22	51	491
selective_prior_ar_greedy	22	52	491
selective_prior_ar_greedy	22	53	491
selective_prior_ar_greedy	22	54	491
selective_prior_ar_greedy	22	55	491
selective_prior_ar_greedy	22	56	491
selective_prior_ar_greedy	22	57	491
selective_prior_ar_greedy	22	58	491
selective_prior_ar_greedy	22	59	828
selective_prior_ar_greedy	22	60	233
selective_prior_ar_greedy	22	61	210
selective_prior_ar_greedy	22	62	1452
selective_prior_ar_greedy	22	63	231
selective_prior_ar_greedy	22	64	210
selective_prior_ar_greedy	23	1	1736
selective_prior_ar_greedy	23	2	239
selective_prior_ar_greedy	23	3	308
selective_prior_ar_greedy	23	4	208
selective_prior_ar_greedy	23	5	718
selective_prior_ar_greedy	23	6	213
selective_prior_ar_greedy	23	7	238
selective_prior_ar_greedy	23	8	337
selective_prior_ar_greedy	23	9	327
selective_prior_ar_greedy	23	10	425
selective_prior_ar_greedy	23	11	425
selective_prior_ar_greedy	23	12	239
selective_prior_ar_greedy	23	13	308
selective_prior_ar_greedy	23	14	208
selective_prior_ar_greedy	23	15	1761
selective_prior_ar_greedy	23	16	221
selective_prior_ar_greedy	23	17	255
selective_prior_ar_greedy	23	18	255
selective_prior_ar_greedy	23	19	571
selective_prior_ar_greedy	23	20	327
selective_prior_ar_greedy	23	21	255
selective_prior_ar_greedy	23	22	239
selective_prior_ar_greedy	23	23	308
selective_prior_ar_greedy	23	24	255
selective_prior_ar_greedy	23	25	213
selective_prior_ar_greedy	23	26	238
selective_prior_ar_greedy	23	27	337
selective_prior_ar_greedy	23	28	327
selective_prior_ar_greedy	23	29	208
selective_prior_ar_greedy	23	30	255
selective_prior_ar_greedy	23	31	718
selective_prior_ar_greedy	23	32	255
selective_prior_ar_greedy	23	33	221
selective_prior_ar_greedy	23	34	255
selective_prior_ar_greedy	23	35	276
selective_prior_ar_greedy	23	36	718
selective_prior_ar_greedy	23	37	255
selective_prior_ar_greedy	23	38	271
selective_prior_ar_greedy	23	39	255
selective_prior_ar_greedy	23	40	1034
selective_prior_ar_greedy	23	41	233
selective_prior_ar_greedy	23	42	210
selective_prior_ar_greedy	23	43	820
selective_prior_ar_greedy	23	44	213
selective_prior_ar_greedy	23	45	238
selective_prior_ar_greedy	23	46	210
selective_prior_ar_greedy	23	47	820
selective_prior_ar_greedy	23	48	820
selective_prior_ar_greedy	23	49	213
selective_prior_ar_greedy	23	50	238
selective_prior_ar_greedy	23	51	820
selective_prior_ar_greedy	23	52	221
selective_prior_ar_greedy	23	53	571
selective_prior_ar_greedy	23	54	271
selective_prior_ar_greedy	23	55	1034
selective_prior_ar_greedy	23	56	233
selective_prior_ar_greedy	23	57	210
selective_prior_ar_greedy	23	58	820
selective_prior_ar_greedy	23	59	213
selective_prior_ar_greedy	23	60	238
selective_prior_ar_greedy	23	61	210
selective_prior_ar_greedy	23	62	820
selective_prior_ar_greedy	23	63	279
selective_prior_ar_greedy	23	64	84
selective_prior_ar_greedy	24	1	327
selective_prior_ar_greedy	24	2	491
selective_prior_ar_greedy	24	3	491
selective_prior_ar_greedy	24	4	491
selective_prior_ar_greedy	24	5	491
selective_prior_ar_greedy	24	6	491
selective_prior_ar_greedy	24	7	491
selective_prior_ar_greedy	24	8	491
selective_prior_ar_greedy	24	9	491
selective_prior_ar_greedy	24	10	491
selective_prior_ar_greedy	24	11	491
selective_prior_ar_greedy	24	12	491
selective_prior_ar_greedy	24	13	828
selective_prior_ar_greedy	24	14	239
selective_prior_ar_greedy	24	15	308
selective_prior_ar_greedy	24	16	208
selective_prior_ar_greedy	24	17	1207
selective_prior_ar_greedy	24	18	1452
selective_prior_ar_greedy	24	19	221
selective_prior_ar_greedy	24	20	276
selective_prior_ar_greedy	24	21	1452
selective_prior_ar_greedy	24	22	327
selective_prior_ar_greedy	24	23	491
selective_prior_ar_greedy	24	24	491
selective_prior_ar_greedy	24	25	491
selective_prior_ar_greedy	24	26	491
selective_prior_ar_greedy	24	27	491
selective_prior_ar_greedy	24	28	491
selective_prior_ar_greedy	24	29	491
selective_prior_ar_greedy	24	30	491
selective_prior_ar_greedy	24	31	828
selective_prior_ar_greedy	24	32	239
selective_prior_ar_greedy	24	33	308
selective_prior_ar_greedy	24	34	208
selective_prior_ar_greedy	24	35	1452
selective_prior_ar_greedy	24	36	233
selective_prior_ar_greedy	24	37	416
selective_prior_ar_greedy	24	38	327
selective_prior_ar_greedy	24	39	983
selective_prior_ar_greedy	24	40	296
selective_prior_ar_greedy	24	41	296
selective_prior_ar_greedy	24	42	208
selective_prior_ar_greedy	24	43	1452
selective_prior_ar_greedy	24	44	231
selective_prior_ar_greedy	24	45	1452
selective_prior_ar_greedy	24	46	221
selective_prior_ar_greedy	24	47	369
selective_prior_ar_greedy	24	48	210
selective_prior_ar_greedy	24	49	1452
selective_prior_ar_greedy	24	50	213
selective_prior_ar_greedy	24	51	208
selective_prior_ar_greedy	24	52	1452
selective_prior_ar_greedy	24	53	327
selective_prior_ar_greedy	24	54	208
selective_prior_ar_greedy	24	55	1452
selective_prior_ar_greedy	24	56	231
selective_prior_ar_greedy	24	57	210
selective_prior_ar_greedy	24	58	1452
selective_prior_ar_greedy	24	59	213
selective_prior_ar_greedy	24	60	238
selective_prior_ar_greedy	24	61	327
selective_prior_ar_greedy	24	62	208
selective_prior_ar_greedy	24	63	226
selective_prior_ar_greedy	24	64	466
selective_prior_ar_greedy	25	1	271
selective_prior_ar_greedy	25	2	2271
selective_prior_ar_greedy	25	3	233
selective_prior_ar_greedy	25	4	210
selective_prior_ar_greedy	25	5	1349
selective_prior_ar_greedy	25	6	231
selective_prior_ar_greedy	25	7	210
selective_prior_ar_greedy	25	8	1349
selective_prior_ar_greedy	25	9	221
selective_prior_ar_greedy	25	10	369
selective_prior_ar_greedy	25	11	210
selective_prior_ar_greedy	25	12	1349
selective_prior_ar_greedy	25	13	213
selective_prior_ar_greedy	25	14	304
selective_prior_ar_greedy	25	15	271
selective_prior_ar_greedy	25	16	491
selective_prior_ar_greedy	25	17	491
selective_prior_ar_greedy	25	18	491
selective_prior_ar_greedy	25	19	491
selective_prior_ar_greedy	25	20	491
selective_prior_ar_greedy	25	21	983
selective_prior_ar_greedy	25	22	296
selective_prior_ar_greedy	25	23	296
selective_prior_ar_greedy	25	24	208
selective_prior_ar_greedy	25	25	255
selective_prior_ar_greedy	25	26	255
selective_prior_ar_greedy	25	27	255
selective_prior_ar_greedy	25	28	255
selective_prior_ar_greedy	25	29	255
selective_prior_ar_greedy	25	30	255
selective_prior_ar_greedy	25	31	255
selective_prior_ar_greedy	25	32	255
selective_prior_ar_greedy	25	33	255
selective_prior_ar_greedy	25	34	255
selective_prior_ar_greedy	25	35	255
selective_prior_ar_greedy	25	36	255
selective_prior_ar_greedy	25	37	255
selective_prior_ar_greedy	25	38	255
selective_prior_ar_greedy	25	39	255
selective_prior_ar_greedy	25	40	255
selective_prior_ar_greedy	25	41	255
selective_prior_ar_greedy	25	42	255
selective_prior_ar_greedy	25	43	255
selective_prior_ar_greedy	25	44	255
selective_prior_ar_greedy	25	45	255
selective_prior_ar_greedy	25	46	255
selective_prior_ar_greedy	25	47	255
selective_prior_ar_greedy	25	48	255
selective_prior_ar_greedy	25	49	255
selective_prior_ar_greedy	25	50	255
selective_prior_ar_greedy	25	51	255
selective_prior_ar_greedy	25	52	255
selective_prior_ar_greedy	25	53	255
selective_prior_ar_greedy	25	54	255
selective_prior_ar_greedy	25	55	255
selective_prior_ar_greedy	25	56	255
selective_prior_ar_greedy	25	57	255
selective_prior_ar_greedy	25	58	255
selective_prior_ar_greedy	25	59	255
selective_prior_ar_greedy	25	60	255
selective_prior_ar_greedy	25	61	255
selective_prior_ar_greedy	25	62	255
selective_prior_ar_greedy	25	63	255
selective_prior_ar_greedy	25	64	255
selective_prior_ar_greedy	26	1	245
selective_prior_ar_greedy	26	2	213
selective_prior_ar_greedy	26	3	238
selective_prior_ar_greedy	26	4	208
selective_prior_ar_greedy	26	5	1513
selective_prior_ar_greedy	26	6	213
selective_prior_ar_greedy	26	7	238
selective_prior_ar_greedy	26	8	208
selective_prior_ar_greedy	26	9	1513
selective_prior_ar_greedy	26	10	221
selective_prior_ar_greedy	26	11	276
selective_prior_ar_greedy	26	12	1513
selective_prior_ar_greedy	26	13	271
selective_prior_ar_greedy	26	14	491
selective_prior_ar_greedy	26	15	1785
selective_prior_ar_greedy	26	16	239
selective_prior_ar_greedy	26	17	210
selective_prior_ar_greedy	26	18	1513
selective_prior_ar_greedy	26	19	213
selective_prior_ar_greedy	26	20	238
selective_prior_ar_greedy	26	21	271
selective_prior_ar_greedy	26	22	1785
selective_prior_ar_greedy	26	23	239
selective_prior_ar_greedy	26	24	308
selective_prior_ar_greedy	26	25	2727
selective_prior_ar_greedy	26	26	221
selective_prior_ar_greedy	26	27	276
selective_prior_ar_greedy	26	28	1513
selective_prior_ar_greedy	26	29	271
selective_prior_ar_greedy	26	30	1785
selective_prior_ar_greedy	26	31	239
selective_prior_ar_greedy	26	32	2727
selective_prior_ar_greedy	26	33	323
selective_prior_ar_greedy	26	34	2485
selective_prior_ar_greedy	26	35	322
selective_prior_ar_greedy	26	36	213
selective_prior_ar_greedy	26	37	238
selective_prior_ar_greedy	26	38	208
selective_prior_ar_greedy	26	39	1513
selective_prior_ar_greedy	26	40	322
selective_prior_ar_greedy	26	41	213
selective_prior_ar_greedy	26	42	238
selective_prior_ar_greedy	26	43	208
selective_prior_ar_greedy	26	44	2071
selective_prior_ar_greedy	26	45	1513
selective_prior_ar_greedy	26	46	221
selective_prior_ar_greedy	26	47	276
selective_prior_ar_greedy	26	48	1513
selective_prior_ar_greedy	26	49	271
selective_prior_ar_greedy	26	50	1785
selective_prior_ar_greedy	26	51	239
selective_prior_ar_greedy	26	52	208
selective_prior_ar_greedy	26	53	2071
selective_prior_ar_greedy	26	54	1513
selective_prior_ar_greedy	26	55	213
selective_prior_ar_greedy	26	56	238
selective_prior_ar_greedy	26	57	208
selective_prior_ar_greedy	26	58	2071
selective_prior_ar_greedy	26	59	1513
selective_prior_ar_greedy	26	60	221
selective_prior_ar_greedy	26	61	276
selective_prior_ar_greedy	26	62	1513
selective_prior_ar_greedy	26	63	271
selective_prior_ar_greedy	26	64	491
selective_prior_ar_greedy	27	1	240
selective_prior_ar_greedy	27	2	213
selective_prior_ar_greedy	27	3	238
selective_prior_ar_greedy	27	4	327
selective_prior_ar_greedy	27	5	208
selective_prior_ar_greedy	27	6	858
selective_prior_ar_greedy	27	7	231
selective_prior_ar_greedy	27	8	210
selective_prior_ar_greedy	27	9	691
selective_prior_ar_greedy	27	10	221
selective_prior_ar_greedy	27	11	276
selective_prior_ar_greedy	27	12	691
selective_prior_ar_greedy	27	13	327
selective_prior_ar_greedy	27	14	491
selective_prior_ar_greedy	27	15	491
selective_prior_ar_greedy	27	16	491
selective_prior_ar_greedy	27	17	491
selective_prior_ar_greedy	27	18	1034
selective_prior_ar_greedy	27	19	233
selective_prior_ar_greedy	27	20	210
selective_prior_ar_greedy	27	21	691
selective_prior_ar_greedy	27	22	213
selective_prior_ar_greedy	27	23	238
selective_prior_ar_greedy	27	24	271
selective_prior_ar_greedy	27	25	1034
selective_prior_ar_greedy	27	26	233
selective_prior_ar_greedy	27	27	210
selective_prior_ar_greedy	27	28	691
selective_prior_ar_greedy	27	29	221
selective_prior_ar_greedy	27	30	276
selective_prior_ar_greedy	27	31	691
selective_prior_ar_greedy	27	32	271
selective_prior_ar_greedy	27	33	491
selective_prior_ar_greedy	27	34	1034
selective_prior_ar_greedy	27	35	233
selective_prior_ar_greedy	27	36	210
selective_prior_ar_greedy	27	37	691
selective_prior_ar_greedy	27	38	213
selective_prior_ar_greedy	27	39	238
selective_prior_ar_greedy	27	40	210
selective_prior_ar_greedy	27	41	691
selective_prior_ar_greedy	27	42	691
selective_prior_ar_greedy	27	43	279
selective_prior_ar_greedy	27	44	84
selective_prior_ar_greedy	27	45	691
selective_prior_ar_greedy	27	46	691
selective_prior_ar_greedy	27	47	691
selective_prior_ar_greedy	27	48	691
selective_prior_ar_greedy	27	49	691
selective_prior_ar_greedy	27	50	691
selective_prior_ar_greedy	27	51	691
selective_prior_ar_greedy	27	52	691
selective_prior_ar_greedy	27	53	691
selective_prior_ar_greedy	27	54	691
selective_prior_ar_greedy	27	55	691
selective_prior_ar_greedy	27	56	691
selective_prior_ar_greedy	27	57	691
selective_prior_ar_greedy	27	58	691
selective_prior_ar_greedy	27	59	691
selective_prior_ar_greedy	27	60	691
selective_prior_ar_greedy	27	61	691
selective_prior_ar_greedy	27	62	691
selective_prior_ar_greedy	27	63	691
selective_prior_ar_greedy	27	64	691
selective_prior_ar_greedy	28	1	210
selective_prior_ar_greedy	28	2	473
selective_prior_ar_greedy	28	3	473
selective_prior_ar_greedy	28	4	596
selective_prior_ar_greedy	28	5	233
selective_prior_ar_greedy	28	6	210
selective_prior_ar_greedy	28	7	473
selective_prior_ar_greedy	28	8	596
selective_prior_ar_greedy	28	9	213
selective_prior_ar_greedy	28	10	416
selective_prior_ar_greedy	28	11	271
selective_prior_ar_greedy	28	12	491
selective_prior_ar_greedy	28	13	491
selective_prior_ar_greedy	28	14	491
selective_prior_ar_greedy	28	15	491
selective_prior_ar_greedy	28	16	2480
selective_prior_ar_greedy	28	17	319
selective_prior_ar_greedy	28	18	210
selective_prior_ar_greedy	28	19	473
selective_prior_ar_greedy	28	20	473
selective_prior_ar_greedy	28	21	473
selective_prior_ar_greedy	28	22	287
selective_prior_ar_greedy	28	23	812
selective_prior_ar_greedy	28	24	233
selective_prior_ar_greedy	28	25	210
selective_prior_ar_greedy	28	26	473
selective_prior_ar_greedy	28	27	596
selective_prior_ar_greedy	28	28	221
selective_prior_ar_greedy	28	29	276
selective_prior_ar_greedy	28	30	473
selective_prior_ar_greedy	28	31	473
selective_prior_ar_greedy	28	32	271
selective_prior_ar_greedy	28	33	491
selective_prior_ar_greedy	28	34	491
selective_prior_ar_greedy	28	35	491
selective_prior_ar_greedy	28	36	491
selective_prior_ar_greedy	28	37	1315
selective_prior_ar_greedy	28	38	233
selective_prior_ar_greedy	28	39	210
selective_prior_ar_greedy	28	40	473
selective_prior_ar_greedy	28	41	473
selective_prior_ar_greedy	28	42	473
selective_prior_ar_greedy	28	43	473
selective_prior_ar_greedy	28	44	473
selective_prior_ar_greedy	28	45	473
selective_prior_ar_greedy	28	46	786
selective_prior_ar_greedy	28	47	233
selective_prior_ar_greedy	28	48	210
selective_prior_ar_greedy	28	49	473
selective_prior_ar_greedy	28	50	473
selective_prior_ar_greedy	28	51	473
selective_prior_ar_greedy	28	52	786
selective_prior_ar_greedy	28	53	221
selective_prior_ar_greedy	28	54	369
selective_prior_ar_greedy	28	55	210
selective_prior_ar_greedy	28	56	473
selective_prior_ar_greedy	28	57	473
selective_prior_ar_greedy	28	58	473
selective_prior_ar_greedy	28	59	473
selective_prior_ar_greedy	28	60	473
selective_prior_ar_greedy	28	61	473
selective_prior_ar_greedy	28	62	473
selective_prior_ar_greedy	28	63	473
selective_prior_ar_greedy	28	64	473
selective_prior_ar_greedy	29	1	276
selective_prior_ar_greedy	29	2	1646
selective_prior_ar_greedy	29	3	327
selective_prior_ar_greedy	29	4	208
selective_prior_ar_greedy	29	5	1207
selective_prior_ar_greedy	29	6	2136
selective_prior_ar_greedy	29	7	231
selective_prior_ar_greedy	29	8	210
selective_prior_ar_greedy	29	9	1161
selective_prior_ar_greedy	29	10	231
selective_prior_ar_greedy	29	11	210
selective_prior_ar_greedy	29	12	1161
selective_prior_ar_greedy	29	13	213
selective_prior_ar_greedy	29	14	238
selective_prior_ar_greedy	29	15	210
selective_prior_ar_greedy	29	16	1161
selective_prior_ar_greedy	29	17	231
selective_prior_ar_greedy	29	18	210
selective_prior_ar_greedy	29	19	210
selective_prior_ar_greedy	29	20	1225
selective_prior_ar_greedy	29	21	213
selective_prior_ar_greedy	29	22	238
selective_prior_ar_greedy	29	23	337
selective_prior_ar_greedy	29	24	327
selective_prior_ar_greedy	29	25	2196
selective_prior_ar_greedy	29	26	233
selective_prior_ar_greedy	29	27	210
selective_prior_ar_greedy	29	28	1225
selective_prior_ar_greedy	29	29	231
selective_prior_ar_greedy	29	30	210
selective_prior_ar_greedy	29	31	1225
selective_prior_ar_greedy	29	32	221
selective_prior_ar_greedy	29	33	276
selective_prior_ar_greedy	29	34	1225
selective_prior_ar_greedy	29	35	327
selective_prior_ar_greedy	29	36	208
selective_prior_ar_greedy	29	37	535
selective_prior_ar_greedy	29	38	231
selective_prior_ar_greedy	29	39	210
selective_prior_ar_greedy	29	40	1225
selective_prior_ar_greedy	29	41	213
selective_prior_ar_greedy	29	42	327
selective_prior_ar_greedy	29	43	208
selective_prior_ar_greedy	29	44	208
selective_prior_ar_greedy	29	45	535
selective_prior_ar_greedy	29	46	231
selective_prior_ar_greedy	29	47	210
selective_prior_ar_greedy	29	48	1225
selective_prior_ar_greedy	29	49	213
selective_prior_ar_greedy	29	50	238
selective_prior_ar_greedy	29	51	337
selective_prior_ar_greedy	29	52	327
selective_prior_ar_greedy	29	53	208
selective_prior_ar_greedy	29	54	535
selective_prior_ar_greedy	29	55	231
selective_prior_ar_greedy	29	56	210
selective_prior_ar_greedy	29	57	210
selective_prior_ar_greedy	29	58	1225
selective_prior_ar_greedy	29	59	221
selective_prior_ar_greedy	29	60	276
selective_prior_ar_greedy	29	61	1225
selective_prior_ar_greedy	29	62	327
selective_prior_ar_greedy	29	63	327
selective_prior_ar_greedy	29	64	208
selective_prior_ar_greedy	30	1	210
selective_prior_ar_greedy	30	2	884
selective_prior_ar_greedy	30	3	1105
selective_prior_ar_greedy	30	4	221
selective_prior_ar_greedy	30	5	276
selective_prior_ar_greedy	30	6	1909
selective_prior_ar_greedy	30	7	271
selective_prior_ar_greedy	30	8	491
selective_prior_ar_greedy	30	9	491
selective_prior_ar_greedy	30	10	491
selective_prior_ar_greedy	30	11	491
selective_prior_ar_greedy	30	12	491
selective_prior_ar_greedy	30	13	239
selective_prior_ar_greedy	30	14	210
selective_prior_ar_greedy	30	15	1069
selective_prior_ar_greedy	30	16	1909
selective_prior_ar_greedy	30	17	1909
selective_prior_ar_greedy	30	18	238
selective_prior_ar_greedy	30	19	210
selective_prior_ar_greedy	30	20	1909
selective_prior_ar_greedy	30	21	1909
selective_prior_ar_greedy	30	22	213
selective_prior_ar_greedy	30	23	238
selective_prior_ar_greedy	30	24	210
selective_prior_ar_greedy	30	25	1909
selective_prior_ar_greedy	30	26	1909
selective_prior_ar_greedy	30	27	1909
selective_prior_ar_greedy	30	28	221
selective_prior_ar_greedy	30	29	369
selective_prior_ar_greedy	30	30	210
selective_prior_ar_greedy	30	31	1909
selective_prior_ar_greedy	30	32	213
selective_prior_ar_greedy	30	33	210
selective_prior_ar_greedy	30	34	1909
selective_prior_ar_greedy	30	35	1909
selective_prior_ar_greedy	30	36	213
selective_prior_ar_greedy	30	37	210
selective_prior_ar_greedy	30	38	1909
selective_prior_ar_greedy	30	39	1909
selective_prior_ar_greedy	30	40	213
selective_prior_ar_greedy	30	41	238
selective_prior_ar_greedy	30	42	210
selective_prior_ar_greedy	30	43	1909
selective_prior_ar_greedy	30	44	1909
selective_prior_ar_greedy	30	45	213
selective_prior_ar_greedy	30	46	238
selective_prior_ar_greedy	30	47	210
selective_prior_ar_greedy	30	48	210
selective_prior_ar_greedy	30	49	1909
selective_prior_ar_greedy	30	50	1909
selective_prior_ar_greedy	30	51	213
selective_prior_ar_greedy	30	52	210
selective_prior_ar_greedy	30	53	1909
selective_prior_ar_greedy	30	54	1909
selective_prior_ar_greedy	30	55	213
selective_prior_ar_greedy	30	56	210
selective_prior_ar_greedy	30	57	1909
selective_prior_ar_greedy	30	58	1909
selective_prior_ar_greedy	30	59	213
selective_prior_ar_greedy	30	60	238
selective_prior_ar_greedy	30	61	210
selective_prior_ar_greedy	30	62	1909
selective_prior_ar_greedy	30	63	1909
selective_prior_ar_greedy	30	64	213
selective_prior_ar_greedy	31	1	210
selective_prior_ar_greedy	31	2	2274
selective_prior_ar_greedy	31	3	231
selective_prior_ar_greedy	31	4	210
selective_prior_ar_greedy	31	5	884
selective_prior_ar_greedy	31	6	1105
selective_prior_ar_greedy	31	7	213
selective_prior_ar_greedy	31	8	238
selective_prior_ar_greedy	31	9	271
selective_prior_ar_greedy	31	10	491
selective_prior_ar_greedy	31	11	491
selective_prior_ar_greedy	31	12	828
selective_prior_ar_greedy	31	13	239
selective_prior_ar_greedy	31	14	210
selective_prior_ar_greedy	31	15	884
selective_prior_ar_greedy	31	16	1105
selective_prior_ar_greedy	31	17	221
selective_prior_ar_greedy	31	18	276
selective_prior_ar_greedy	31	19	473
selective_prior_ar_greedy	31	20	271
selective_prior_ar_greedy	31	21	491
selective_prior_ar_greedy	31	22	491
selective_prior_ar_greedy	31	23	491
selective_prior_ar_greedy	31	24	1034
selective_prior_ar_greedy	31	25	233
selective_prior_ar_greedy	31	26	210
selective_prior_ar_greedy	31	27	884
selective_prior_ar_greedy	31	28	1105
selective_prior_ar_greedy	31	29	213
selective_prior_ar_greedy	31	30	238
selective_prior_ar_greedy	31	31	271
selective_prior_ar_greedy	31	32	1034
selective_prior_ar_greedy	31	33	233
selective_prior_ar_greedy	31	34	210
selective_prior_ar_greedy	31	35	884
selective_prior_ar_greedy	31	36	1105
selective_prior_ar_greedy	31	37	221
selective_prior_ar_greedy	31	38	369
selective_prior_ar_greedy	31	39	1470
selective_prior_ar_greedy	31	40	239
selective_prior_ar_greedy	31	41	210
selective_prior_ar_greedy	31	42	473
selective_prior_ar_greedy	31	43	473
selective_prior_ar_greedy	31	44	473
selective_prior_ar_greedy	31	45	473
selective_prior_ar_greedy	31	46	596
selective_prior_ar_greedy	31	47	213
selective_prior_ar_greedy	31	48	238
selective_prior_ar_greedy	31	49	271
selective_prior_ar_greedy	31	50	491
selective_prior_ar_greedy	31	51	491
selective_prior_ar_greedy	31	52	491
selective_prior_ar_greedy	31	53	491
selective_prior_ar_greedy	31	54	491
selective_prior_ar_greedy	31	55	1034
selective_prior_ar_greedy	31	56	233
selective_prior_ar_greedy	31	57	210
selective_prior_ar_greedy	31	58	884
selective_prior_ar_greedy	31	59	1105
selective_prior_ar_greedy	31	60	221
selective_prior_ar_greedy	31	61	276
selective_prior_ar_greedy	31	62	473
selective_prior_ar_greedy	31	63	271
selective_prior_ar_greedy	31	64	491
selective_prior_ar_greedy	32	1	1
selective_prior_ar_greedy	32	2	276
selective_prior_ar_greedy	32	3	473
selective_prior_ar_greedy	32	4	473
selective_prior_ar_greedy	32	5	473
selective_prior_ar_greedy	32	6	473
selective_prior_ar_greedy	32	7	287
selective_prior_ar_greedy	32	8	473
selective_prior_ar_greedy	32	9	473
selective_prior_ar_greedy	32	10	473
selective_prior_ar_greedy	32	11	473
selective_prior_ar_greedy	32	12	473
selective_prior_ar_greedy	32	13	473
selective_prior_ar_greedy	32	14	473
selective_prior_ar_greedy	32	15	473
selective_prior_ar_greedy	32	16	473
selective_prior_ar_greedy	32	17	473
selective_prior_ar_greedy	32	18	473
selective_prior_ar_greedy	32	19	473
selective_prior_ar_greedy	32	20	473
selective_prior_ar_greedy	32	21	786
selective_prior_ar_greedy	32	22	233
selective_prior_ar_greedy	32	23	210
selective_prior_ar_greedy	32	24	473
selective_prior_ar_greedy	32	25	473
selective_prior_ar_greedy	32	26	786
selective_prior_ar_greedy	32	27	221
selective_prior_ar_greedy	32	28	276
selective_prior_ar_greedy	32	29	691
selective_prior_ar_greedy	32	30	271
selective_prior_ar_greedy	32	31	491
selective_prior_ar_greedy	32	32	491
selective_prior_ar_greedy	32	33	1315
selective_prior_ar_greedy	32	34	233
selective_prior_ar_greedy	32	35	210
selective_prior_ar_greedy	32	36	473
selective_prior_ar_greedy	32	37	473
selective_prior_ar_greedy	32	38	473
selective_prior_ar_greedy	32	39	691
selective_prior_ar_greedy	32	40	233
selective_prior_ar_greedy	32	41	210
selective_prior_ar_greedy	32	42	691
selective_prior_ar_greedy	32	43	221
selective_prior_ar_greedy	32	44	276
selective_prior_ar_greedy	32	45	691
selective_prior_ar_greedy	32	46	271
selective_prior_ar_greedy	32	47	491
selective_prior_ar_greedy	32	48	491
selective_prior_ar_greedy	32	49	491
selective_prior_ar_greedy	32	50	1315
selective_prior_ar_greedy	32	51	233
selective_prior_ar_greedy	32	52	210
selective_prior_ar_greedy	32	53	691
selective_prior_ar_greedy	32	54	213
selective_prior_ar_greedy	32	55	238
selective_prior_ar_greedy	32	56	210
selective_prior_ar_greedy	32	57	691
selective_prior_ar_greedy	32	58	691
selective_prior_ar_greedy	32	59	691
selective_prior_ar_greedy	32	60	691
selective_prior_ar_greedy	32	61	691
selective_prior_ar_greedy	32	62	221
selective_prior_ar_greedy	32	63	276
selective_prior_ar_greedy	32	64	691
selective_prior_ar_greedy	33	1	319
selective_prior_ar_greedy	33	2	210
selective_prior_ar_greedy	33	3	1513
selective_prior_ar_greedy	33	4	213
selective_prior_ar_greedy	33	5	416
selective_prior_ar_greedy	33	6	271
selective_prior_ar_greedy	33	7	491
selective_prior_ar_greedy	33	8	491
selective_prior_ar_greedy	33	9	828
selective_prior_ar_greedy	33	10	239
selective_prior_ar_greedy	33	11	210
selective_prior_ar_greedy	33	12	1513
selective_prior_ar_greedy	33	13	213
selective_prior_ar_greedy	33	14	238
selective_prior_ar_greedy	33	15	210
selective_prior_ar_greedy	33	16	1513
selective_prior_ar_greedy	33	17	213
selective_prior_ar_greedy	33	18	238
selective_prior_ar_greedy	33	19	210
selective_prior_ar_greedy	33	20	1513
selective_prior_ar_greedy	33	21	213
selective_prior_ar_greedy	33	22	238
selective_prior_ar_greedy	33	23	210
selective_prior_ar_greedy	33	24	1513
selective_prior_ar_greedy	33	25	221
selective_prior_ar_greedy	33	26	276
selective_prior_ar_greedy	33	27	1513
selective_prior_ar_greedy	33	28	271
selective_prior_ar_greedy	33	29	491
selective_prior_ar_greedy	33	30	491
selective_prior_ar_greedy	33	31	491
selective_prior_ar_greedy	33	32	491
selective_prior_ar_greedy	33	33	1785
selective_prior_ar_greedy	33	34	239
selective_prior_ar_greedy	33	35	210
selective_prior_ar_greedy	33	36	1513
selective_prior_ar_greedy	33	37	213
selective_prior_ar_greedy	33	38	238
selective_prior_ar_greedy	33	39	210
selective_prior_ar_greedy	33	40	1513
selective_prior_ar_greedy	33	41	213
selective_prior_ar_greedy	33	42	238
selective_prior_ar_greedy	33	43	210
selective_prior_ar_greedy	33	44	1513
selective_prior_ar_greedy	33	45	213
selective_prior_ar_greedy	33	46	238
selective_prior_ar_greedy	33	47	210
selective_prior_ar_greedy	33	48	1513
selective_prior_ar_greedy	33	49	213
selective_prior_ar_greedy	33	50	238
selective_prior_ar_greedy	33	51	210
selective_prior_ar_greedy	33	52	1513
selective_prior_ar_greedy	33	53	221
selective_prior_ar_greedy	33	54	276
selective_prior_ar_greedy	33	55	1513
selective_prior_ar_greedy	33	56	271
selective_prior_ar_greedy	33	57	491
selective_prior_ar_greedy	33	58	491
selective_prior_ar_greedy	33	59	1785
selective_prior_ar_greedy	33	60	239
selective_prior_ar_greedy	33	61	210
selective_prior_ar_greedy	33	62	1513
selective_prior_ar_greedy	33	63	213
selective_prior_ar_greedy	33	64	238
selective_prior_ar_greedy	34	1	36
selective_prior_ar_greedy	34	2	36
selective_prior_ar_greedy	34	3	36
selective_prior_ar_greedy	34	4	221
selective_prior_ar_greedy	34	5	488
selective_prior_ar_greedy	34	6	271
selective_prior_ar_greedy	34	7	491
selective_prior_ar_greedy	34	8	491
selective_prior_ar_greedy	34	9	1315
selective_prior_ar_greedy	34	10	233
selective_prior_ar_greedy	34	11	210
selective_prior_ar_greedy	34	12	473
selective_prior_ar_greedy	34	13	786
selective_prior_ar_greedy	34	14	213
selective_prior_ar_greedy	34	15	238
selective_prior_ar_greedy	34	16	271
selective_prior_ar_greedy	34	17	491
selective_prior_ar_greedy	34	18	1315
selective_prior_ar_greedy	34	19	233
selective_prior_ar_greedy	34	20	210
selective_prior_ar_greedy	34	21	473
selective_prior_ar_greedy	34	22	786
selective_prior_ar_greedy	34	23	221
selective_prior_ar_greedy	34	24	266
selective_prior_ar_greedy	34	25	1
selective_prior_ar_greedy	34	26	369
selective_prior_ar_greedy	34	27	1490
selective_prior_ar_greedy	34	28	213
selective_prior_ar_greedy	34	29	304
selective_prior_ar_greedy	34	30	271
selective_prior_ar_greedy	34	31	208
selective_prior_ar_greedy	34	32	473
selective_prior_ar_greedy	34	33	2128
selective_prior_ar_greedy	34	34	231
selective_prior_ar_greedy	34	35	210
selective_prior_ar_greedy	34	36	812
selective_prior_ar_greedy	34	37	213
selective_prior_ar_greedy	34	38	210
selective_prior_ar_greedy	34	39	812
selective_prior_ar_greedy	34	40	271
selective_prior_ar_greedy	34	41	208
selective_prior_ar_greedy	34	42	473
selective_prior_ar_greedy	34	43	287
selective_prior_ar_greedy	34	44	812
selective_prior_ar_greedy	34	45	812
selective_prior_ar_greedy	34	46	233
selective_prior_ar_greedy	34	47	210
selective_prior_ar_greedy	34	48	473
selective_prior_ar_greedy	34	49	786
selective_prior_ar_greedy	34	50	221
selective_prior_ar_greedy	34	51	488
selective_prior_ar_greedy	34	52	271
selective_prior_ar_greedy	34	53	1315
selective_prior_ar_greedy	34	54	233
selective_prior_ar_greedy	34	55	210
selective_prior_ar_greedy	34	56	786
selective_prior_ar_greedy	34	57	213
selective_prior_ar_greedy	34	58	238
selective_prior_ar_greedy	34	59	271
selective_prior_ar_greedy	34	60	210
selective_prior_ar_greedy	34	61	473
selective_prior_ar_greedy	34	62	473
selective_prior_ar_greedy	34	63	812
selective_prior_ar_greedy	34	64	233
selective_prior_ar_greedy	35	1	221
selective_prior_ar_greedy	35	2	276
selective_prior_ar_greedy	35	3	906
selective_prior_ar_greedy	35	4	271
selective_prior_ar_greedy	35	5	2060
selective_prior_ar_greedy	35	6	239
selective_prior_ar_greedy	35	7	210
selective_prior_ar_greedy	35	8	906
selective_prior_ar_greedy	35	9	213
selective_prior_ar_greedy	35	10	238
selective_prior_ar_greedy	35	11	378
selective_prior_ar_greedy	35	12	2060
selective_prior_ar_greedy	35	13	239
selective_prior_ar_greedy	35	14	210
selective_prior_ar_greedy	35	15	906
selective_prior_ar_greedy	35	16	221
selective_prior_ar_greedy	35	17	276
selective_prior_ar_greedy	35	18	1825
selective_prior_ar_greedy	35	19	378
selective_prior_ar_greedy	35	20	2060
selective_prior_ar_greedy	35	21	213
selective_prior_ar_greedy	35	22	210
selective_prior_ar_greedy	35	23	1825
selective_prior_ar_greedy	35	24	378
selective_prior_ar_greedy	35	25	2060
selective_prior_ar_greedy	35	26	213
selective_prior_ar_greedy	35	27	238
selective_prior_ar_greedy	35	28	2060
selective_prior_ar_greedy	35	29	210
selective_prior_ar_greedy	35	30	906
selective_prior_ar_greedy	35	31	213
selective_prior_ar_greedy	35	32	238
selective_prior_ar_greedy	35	33	2060
selective_prior_ar_greedy	35	34	221
selective_prior_ar_greedy	35	35	276
selective_prior_ar_greedy	35	36	906
selective_prior_ar_greedy	35	37	271
selective_prior_ar_greedy	35	38	2060
selective_prior_ar_greedy	35	39	213
selective_prior_ar_greedy	35	40	238
selective_prior_ar_greedy	35	41	210
selective_prior_ar_greedy	35	42	1825
selective_prior_ar_greedy	35	43	378
selective_prior_ar_greedy	35	44	2060
selective_prior_ar_greedy	35	45	221
selective_prior_ar_greedy	35	46	276
selective_prior_ar_greedy	35	47	1825
selective_prior_ar_greedy	35	48	378
selective_prior_ar_greedy	35	49	378
selective_prior_ar_greedy	35	50	2060
selective_prior_ar_greedy	35	51	213
selective_prior_ar_greedy	35	52	238
selective_prior_ar_greedy	35	53	378
selective_prior_ar_greedy	35	54	2060
selective_prior_ar_greedy	35	55	213
selective_prior_ar_greedy	35	56	238
selective_prior_ar_greedy	35	57	210
selective_prior_ar_greedy	35	58	1825
selective_prior_ar_greedy	35	59	378
selective_prior_ar_greedy	35	60	378
selective_prior_ar_greedy	35	61	239
selective_prior_ar_greedy	35	62	2060
selective_prior_ar_greedy	35	63	221
selective_prior_ar_greedy	35	64	276
selective_prior_ar_greedy	36	1	238
selective_prior_ar_greedy	36	2	210
selective_prior_ar_greedy	36	3	1225
selective_prior_ar_greedy	36	4	271
selective_prior_ar_greedy	36	5	1484
selective_prior_ar_greedy	36	6	233
selective_prior_ar_greedy	36	7	210
selective_prior_ar_greedy	36	8	1225
selective_prior_ar_greedy	36	9	221
selective_prior_ar_greedy	36	10	276
selective_prior_ar_greedy	36	11	1225
selective_prior_ar_greedy	36	12	271
selective_prior_ar_greedy	36	13	491
selective_prior_ar_greedy	36	14	491
selective_prior_ar_greedy	36	15	491
selective_prior_ar_greedy	36	16	491
selective_prior_ar_greedy	36	17	491
selective_prior_ar_greedy	36	18	1484
selective_prior_ar_greedy	36	19	233
selective_prior_ar_greedy	36	20	210
selective_prior_ar_greedy	36	21	1225
selective_prior_ar_greedy	36	22	231
selective_prior_ar_greedy	36	23	210
selective_prior_ar_greedy	36	24	1225
selective_prior_ar_greedy	36	25	231
selective_prior_ar_greedy	36	26	210
selective_prior_ar_greedy	36	27	1225
selective_prior_ar_greedy	36	28	221
selective_prior_ar_greedy	36	29	369
selective_prior_ar_greedy	36	30	210
selective_prior_ar_greedy	36	31	1225
selective_prior_ar_greedy	36	32	213
selective_prior_ar_greedy	36	33	210
selective_prior_ar_greedy	36	34	1225
selective_prior_ar_greedy	36	35	271
selective_prior_ar_greedy	36	36	491
selective_prior_ar_greedy	36	37	1484
selective_prior_ar_greedy	36	38	233
selective_prior_ar_greedy	36	39	210
selective_prior_ar_greedy	36	40	1225
selective_prior_ar_greedy	36	41	213
selective_prior_ar_greedy	36	42	238
selective_prior_ar_greedy	36	43	210
selective_prior_ar_greedy	36	44	1225
selective_prior_ar_greedy	36	45	213
selective_prior_ar_greedy	36	46	238
selective_prior_ar_greedy	36	47	210
selective_prior_ar_greedy	36	48	1225
selective_prior_ar_greedy	36	49	221
selective_prior_ar_greedy	36	50	276
selective_prior_ar_greedy	36	51	1225
selective_prior_ar_greedy	36	52	271
selective_prior_ar_greedy	36	53	491
selective_prior_ar_greedy	36	54	491
selective_prior_ar_greedy	36	55	491
selective_prior_ar_greedy	36	56	491
selective_prior_ar_greedy	36	57	1484
selective_prior_ar_greedy	36	58	319
selective_prior_ar_greedy	36	59	210
selective_prior_ar_greedy	36	60	1225
selective_prior_ar_greedy	36	61	213
selective_prior_ar_greedy	36	62	238
selective_prior_ar_greedy	36	63	210
selective_prior_ar_greedy	36	64	1225
selective_prior_ar_greedy	37	1	473
selective_prior_ar_greedy	37	2	953
selective_prior_ar_greedy	37	3	271
selective_prior_ar_greedy	37	4	1034
selective_prior_ar_greedy	37	5	275
selective_prior_ar_greedy	37	6	210
selective_prior_ar_greedy	37	7	820
selective_prior_ar_greedy	37	8	820
selective_prior_ar_greedy	37	9	213
selective_prior_ar_greedy	37	10	238
selective_prior_ar_greedy	37	11	210
selective_prior_ar_greedy	37	12	820
selective_prior_ar_greedy	37	13	820
selective_prior_ar_greedy	37	14	213
selective_prior_ar_greedy	37	15	238
selective_prior_ar_greedy	37	16	1034
selective_prior_ar_greedy	37	17	275
selective_prior_ar_greedy	37	18	1100
selective_prior_ar_greedy	37	19	1100
selective_prior_ar_greedy	37	20	213
selective_prior_ar_greedy	37	21	1490
selective_prior_ar_greedy	37	22	221
selective_prior_ar_greedy	37	23	571
selective_prior_ar_greedy	37	24	271
selective_prior_ar_greedy	37	25	1034
selective_prior_ar_greedy	37	26	275
selective_prior_ar_greedy	37	27	210
selective_prior_ar_greedy	37	28	820
selective_prior_ar_greedy	37	29	213
selective_prior_ar_greedy	37	30	238
selective_prior_ar_greedy	37	31	210
selective_prior_ar_greedy	37	32	820
selective_prior_ar_greedy	37	33	820
selective_prior_ar_greedy	37	34	213
selective_prior_ar_greedy	37	35	238
selective_prior_ar_greedy	37	36	820
selective_prior_ar_greedy	37	37	213
selective_prior_ar_greedy	37	38	238
selective_prior_ar_greedy	37	39	820
selective_prior_ar_greedy	37	40	221
selective_prior_ar_greedy	37	41	571
selective_prior_ar_greedy	37	42	271
selective_prior_ar_greedy	37	43	1034
selective_prior_ar_greedy	37	44	233
selective_prior_ar_greedy	37	45	210
selective_prior_ar_greedy	37	46	820
selective_prior_ar_greedy	37	47	213
selective_prior_ar_greedy	37	48	238
selective_prior_ar_greedy	37	49	820
selective_prior_ar_greedy	37	50	213
selective_prior_ar_greedy	37	51	238
selective_prior_ar_greedy	37	52	820
selective_prior_ar_greedy	37	53	213
selective_prior_ar_greedy	37	54	238
selective_prior_ar_greedy	37	55	820
selective_prior_ar_greedy	37	56	221
selective_prior_ar_greedy	37	57	571
selective_prior_ar_greedy	37	58	271
selective_prior_ar_greedy	37	59	1034
selective_prior_ar_greedy	37	60	275
selective_prior_ar_greedy	37	61	210
selective_prior_ar_greedy	37	62	820
selective_prior_ar_greedy	37	63	213
selective_prior_ar_greedy	37	64	238
selective_prior_ar_greedy	38	1	245
selective_prior_ar_greedy	38	2	231
selective_prior_ar_greedy	38	3	210
selective_prior_ar_greedy	38	4	968
selective_prior_ar_greedy	38	5	221
selective_prior_ar_greedy	38	6	276
selective_prior_ar_greedy	38	7	906
selective_prior_ar_greedy	38	8	271
selective_prior_ar_greedy	38	9	491
selective_prior_ar_greedy	38	10	491
selective_prior_ar_greedy	38	11	491
selective_prior_ar_greedy	38	12	828
selective_prior_ar_greedy	38	13	239
selective_prior_ar_greedy	38	14	210
selective_prior_ar_greedy	38	15	968
selective_prior_ar_greedy	38	16	238
selective_prior_ar_greedy	38	17	405
selective_prior_ar_greedy	38	18	534
selective_prior_ar_greedy	38	19	534
selective_prior_ar_greedy	38	20	983
selective_prior_ar_greedy	38	21	296
selective_prior_ar_greedy	38	22	296
selective_prior_ar_greedy	38	23	208
selective_prior_ar_greedy	38	24	255
selective_prior_ar_greedy	38	25	255
selective_prior_ar_greedy	38	26	255
selective_prior_ar_greedy	38	27	255
selective_prior_ar_greedy	38	28	255
selective_prior_ar_greedy	38	29	255
selective_prior_ar_greedy	38	30	255
selective_prior_ar_greedy	38	31	255
selective_prior_ar_greedy	38	32	255
selective_prior_ar_greedy	38	33	221
selective_prior_ar_greedy	38	34	276
selective_prior_ar_greedy	38	35	718
selective_prior_ar_greedy	38	36	271
selective_prior_ar_greedy	38	37	491
selective_prior_ar_greedy	38	38	491
selective_prior_ar_greedy	38	39	491
selective_prior_ar_greedy	38	40	491
selective_prior_ar_greedy	38	41	255
selective_prior_ar_greedy	38	42	213
selective_prior_ar_greedy	38	43	255
selective_prior_ar_greedy	38	44	238
selective_prior_ar_greedy	38	45	255
selective_prior_ar_greedy	38	46	213
selective_prior_ar_greedy	38	47	255
selective_prior_ar_greedy	38	48	255
selective_prior_ar_greedy	38	49	255
selective_prior_ar_greedy	38	50	255
selective_prior_ar_greedy	38	51	255
selective_prior_ar_greedy	38	52	255
selective_prior_ar_greedy	38	53	213
selective_prior_ar_greedy	38	54	255
selective_prior_ar_greedy	38	55	255
selective_prior_ar_greedy	38	56	255
selective_prior_ar_greedy	38	57	255
selective_prior_ar_greedy	38	58	255
selective_prior_ar_greedy	38	59	255
selective_prior_ar_greedy	38	60	255
selective_prior_ar_greedy	38	61	255
selective_prior_ar_greedy	38	62	255
selective_prior_ar_greedy	38	63	255
selective_prior_ar_greedy	38	64	255
selective_prior_ar_greedy	39	1	213
selective_prior_ar_greedy	39	2	238
selective_prior_ar_greedy	39	3	210
selective_prior_ar_greedy	39	4	1161
selective_prior_ar_greedy	39	5	1161
selective_prior_ar_greedy	39	6	231
selective_prior_ar_greedy	39	7	210
selective_prior_ar_greedy	39	8	1161
selective_prior_ar_greedy	39	9	221
selective_prior_ar_greedy	39	10	276
selective_prior_ar_greedy	39	11	1161
selective_prior_ar_greedy	39	12	231
selective_prior_ar_greedy	39	13	210
selective_prior_ar_greedy	39	14	1161
selective_prior_ar_greedy	39	15	1161
selective_prior_ar_greedy	39	16	231
selective_prior_ar_greedy	39	17	210
selective_prior_ar_greedy	39	18	210
selective_prior_ar_greedy	39	19	1161
selective_prior_ar_greedy	39	20	231
selective_prior_ar_greedy	39	21	210
selective_prior_ar_greedy	39	22	210
selective_prior_ar_greedy	39	23	2657
selective_prior_ar_greedy	39	24	1715
selective_prior_ar_greedy	39	25	1715
selective_prior_ar_greedy	39	26	213
selective_prior_ar_greedy	39	27	238
selective_prior_ar_greedy	39	28	210
selective_prior_ar_greedy	39	29	1161
selective_prior_ar_greedy	39	30	231
selective_prior_ar_greedy	39	31	210
selective_prior_ar_greedy	39	32	1161
selective_prior_ar_greedy	39	33	231
selective_prior_ar_greedy	39	34	210
selective_prior_ar_greedy	39	35	1161
selective_prior_ar_greedy	39	36	221
selective_prior_ar_greedy	39	37	276
selective_prior_ar_greedy	39	38	2657
selective_prior_ar_greedy	39	39	2657
selective_prior_ar_greedy	39	40	2657
selective_prior_ar_greedy	39	41	1161
selective_prior_ar_greedy	39	42	1161
selective_prior_ar_greedy	39	43	213
selective_prior_ar_greedy	39	44	210
selective_prior_ar_greedy	39	45	1161
selective_prior_ar_greedy	39	46	1161
selective_prior_ar_greedy	39	47	213
selective_prior_ar_greedy	39	48	238
selective_prior_ar_greedy	39	49	210
selective_prior_ar_greedy	39	50	1161
selective_prior_ar_greedy	39	51	231
selective_prior_ar_greedy	39	52	210
selective_prior_ar_greedy	39	53	1161
selective_prior_ar_greedy	39	54	231
selective_prior_ar_greedy	39	55	210
selective_prior_ar_greedy	39	56	1161
selective_prior_ar_greedy	39	57	213
selective_prior_ar_greedy	39	58	238
selective_prior_ar_greedy	39	59	210
selective_prior_ar_greedy	39	60	1161
selective_prior_ar_greedy	39	61	231
selective_prior_ar_greedy	39	62	210
selective_prior_ar_greedy	39	63	1161
selective_prior_ar_greedy	39	64	231
selective_prior_ar_greedy	40	1	213
selective_prior_ar_greedy	40	2	238
selective_prior_ar_greedy	40	3	210
selective_prior_ar_greedy	40	4	1335
selective_prior_ar_greedy	40	5	213
selective_prior_ar_greedy	40	6	238
selective_prior_ar_greedy	40	7	210
selective_prior_ar_greedy	40	8	1335
selective_prior_ar_greedy	40	9	213
selective_prior_ar_greedy	40	10	238
selective_prior_ar_greedy	40	11	210
selective_prior_ar_greedy	40	12	1335
selective_prior_ar_greedy	40	13	213
selective_prior_ar_greedy	40	14	210
selective_prior_ar_greedy	40	15	1335
selective_prior_ar_greedy	40	16	213
selective_prior_ar_greedy	40	17	238
selective_prior_ar_greedy	40	18	1335
selective_prior_ar_greedy	40	19	221
selective_prior_ar_greedy	40	20	276
selective_prior_ar_greedy	40	21	1335
selective_prior_ar_greedy	40	22	271
selective_prior_ar_greedy	40	23	491
selective_prior_ar_greedy	40	24	491
selective_prior_ar_greedy	40	25	491
selective_prior_ar_greedy	40	26	216
selective_prior_ar_greedy	40	27	239
selective_prior_ar_greedy	40	28	1156
selective_prior_ar_greedy	40	29	210
selective_prior_ar_greedy	40	30	1335
selective_prior_ar_greedy	40	31	213
selective_prior_ar_greedy	40	32	238
selective_prior_ar_greedy	40	33	210
selective_prior_ar_greedy	40	34	1335
selective_prior_ar_greedy	40	35	1335
selective_prior_ar_greedy	40	36	213
selective_prior_ar_greedy	40	37	238
selective_prior_ar_greedy	40	38	210
selective_prior_ar_greedy	40	39	1335
selective_prior_ar_greedy	40	40	231
selective_prior_ar_greedy	40	41	210
selective_prior_ar_greedy	40	42	1335
selective_prior_ar_greedy	40	43	213
selective_prior_ar_greedy	40	44	238
selective_prior_ar_greedy	40	45	1335
selective_prior_ar_greedy	40	46	213
selective_prior_ar_greedy	40	47	238
selective_prior_ar_greedy	40	48	1335
selective_prior_ar_greedy	40	49	221
selective_prior_ar_greedy	40	50	276
selective_prior_ar_greedy	40	51	1335
selective_prior_ar_greedy	40	52	1335
selective_prior_ar_greedy	40	53	1335
selective_prior_ar_greedy	40	54	213
selective_prior_ar_greedy	40	55	238
selective_prior_ar_greedy	40	56	210
selective_prior_ar_greedy	40	57	1335
selective_prior_ar_greedy	40	58	1335
selective_prior_ar_greedy	40	59	213
selective_prior_ar_greedy	40	60	238
selective_prior_ar_greedy	40	61	1335
selective_prior_ar_greedy	40	62	1335
selective_prior_ar_greedy	40	63	213
selective_prior_ar_greedy	40	64	238
selective_prior_ar_greedy	41	1	1530
selective_prior_ar_greedy	41	2	231
selective_prior_ar_greedy	41	3	210
selective_prior_ar_greedy	41	4	473
selective_prior_ar_greedy	41	5	473
selective_prior_ar_greedy	41	6	287
selective_prior_ar_greedy	41	7	556
selective_prior_ar_greedy	41	8	287
selective_prior_ar_greedy	41	9	473
selective_prior_ar_greedy	41	10	473
selective_prior_ar_greedy	41	11	287
selective_prior_ar_greedy	41	12	287
selective_prior_ar_greedy	41	13	287
selective_prior_ar_greedy	41	14	287
selective_prior_ar_greedy	41	15	287
selective_prior_ar_greedy	41	16	287
selective_prior_ar_greedy	41	17	287
selective_prior_ar_greedy	41	18	287
selective_prior_ar_greedy	41	19	287
selective_prior_ar_greedy	41	20	287
selective_prior_ar_greedy	41	21	287
selective_prior_ar_greedy	41	22	287
selective_prior_ar_greedy	41	23	287
selective_prior_ar_greedy	41	24	287
selective_prior_ar_greedy	41	25	287
selective_prior_ar_greedy	41	26	287
selective_prior_ar_greedy	41	27	287
selective_prior_ar_greedy	41	28	287
selective_prior_ar_greedy	41	29	287
selective_prior_ar_greedy	41	30	287
selective_prior_ar_greedy	41	31	287
selective_prior_ar_greedy	41	32	287
selective_prior_ar_greedy	41	33	287
selective_prior_ar_greedy	41	34	287
selective_prior_ar_greedy	41	35	287
selective_prior_ar_greedy	41	36	287
selective_prior_ar_greedy	41	37	287
selective_prior_ar_greedy	41	38	287
selective_prior_ar_greedy	41	39	287
selective_prior_ar_greedy	41	40	287
selective_prior_ar_greedy	41	41	287
selective_prior_ar_greedy	41	42	287
selective_prior_ar_greedy	41	43	287
selective_prior_ar_greedy	41	44	287
selective_prior_ar_greedy	41	45	287
selective_prior_ar_greedy	41	46	287
selective_prior_ar_greedy	41	47	287
selective_prior_ar_greedy	41	48	287
selective_prior_ar_greedy	41	49	287
selective_prior_ar_greedy	41	50	287
selective_prior_ar_greedy	41	51	287
selective_prior_ar_greedy	41	52	287
selective_prior_ar_greedy	41	53	287
selective_prior_ar_greedy	41	54	287
selective_prior_ar_greedy	41	55	287
selective_prior_ar_greedy	41	56	287
selective_prior_ar_greedy	41	57	287
selective_prior_ar_greedy	41	58	287
selective_prior_ar_greedy	41	59	287
selective_prior_ar_greedy	41	60	287
selective_prior_ar_greedy	41	61	287
selective_prior_ar_greedy	41	62	287
selective_prior_ar_greedy	41	63	287
selective_prior_ar_greedy	41	64	287
selective_prior_ar_greedy	42	1	210
selective_prior_ar_greedy	42	2	596
selective_prior_ar_greedy	42	3	213
selective_prior_ar_greedy	42	4	210
selective_prior_ar_greedy	42	5	596
selective_prior_ar_greedy	42	6	231
selective_prior_ar_greedy	42	7	210
selective_prior_ar_greedy	42	8	596
selective_prior_ar_greedy	42	9	213
selective_prior_ar_greedy	42	10	304
selective_prior_ar_greedy	42	11	271
selective_prior_ar_greedy	42	12	425
selective_prior_ar_greedy	42	13	425
selective_prior_ar_greedy	42	14	239
selective_prior_ar_greedy	42	15	308
selective_prior_ar_greedy	42	16	208
selective_prior_ar_greedy	42	17	2128
selective_prior_ar_greedy	42	18	231
selective_prior_ar_greedy	42	19	210
selective_prior_ar_greedy	42	20	596
selective_prior_ar_greedy	42	21	221
selective_prior_ar_greedy	42	22	369
selective_prior_ar_greedy	42	23	1470
selective_prior_ar_greedy	42	24	213
selective_prior_ar_greedy	42	25	210
selective_prior_ar_greedy	42	26	473
selective_prior_ar_greedy	42	27	271
selective_prior_ar_greedy	42	28	1034
selective_prior_ar_greedy	42	29	233
selective_prior_ar_greedy	42	30	210
selective_prior_ar_greedy	42	31	473
selective_prior_ar_greedy	42	32	596
selective_prior_ar_greedy	42	33	213
selective_prior_ar_greedy	42	34	304
selective_prior_ar_greedy	42	35	271
selective_prior_ar_greedy	42	36	208
selective_prior_ar_greedy	42	37	2128
selective_prior_ar_greedy	42	38	231
selective_prior_ar_greedy	42	39	210
selective_prior_ar_greedy	42	40	473
selective_prior_ar_greedy	42	41	596
selective_prior_ar_greedy	42	42	213
selective_prior_ar_greedy	42	43	238
selective_prior_ar_greedy	42	44	271
selective_prior_ar_greedy	42	45	208
selective_prior_ar_greedy	42	46	2128
selective_prior_ar_greedy	42	47	231
selective_prior_ar_greedy	42	48	210
selective_prior_ar_greedy	42	49	473
selective_prior_ar_greedy	42	50	596
selective_prior_ar_greedy	42	51	213
selective_prior_ar_greedy	42	52	238
selective_prior_ar_greedy	42	53	271
selective_prior_ar_greedy	42	54	208
selective_prior_ar_greedy	42	55	473
selective_prior_ar_greedy	42	56	2128
selective_prior_ar_greedy	42	57	231
selective_prior_ar_greedy	42	58	210
selective_prior_ar_greedy	42	59	473
selective_prior_ar_greedy	42	60	596
selective_prior_ar_greedy	42	61	221
selective_prior_ar_greedy	42	62	488
selective_prior_ar_greedy	42	63	271
selective_prior_ar_greedy	42	64	491
selective_prior_ar_greedy	43	1	238
selective_prior_ar_greedy	43	2	210
selective_prior_ar_greedy	43	3	1452
selective_prior_ar_greedy	43	4	327
selective_prior_ar_greedy	43	5	491
selective_prior_ar_greedy	43	6	491
selective_prior_ar_greedy	43	7	491
selective_prior_ar_greedy	43	8	491
selective_prior_ar_greedy	43	9	828
selective_prior_ar_greedy	43	10	239
selective_prior_ar_greedy	43	11	210
selective_prior_ar_greedy	43	12	210
selective_prior_ar_greedy	43	13	1452
selective_prior_ar_greedy	43	14	221
selective_prior_ar_greedy	43	15	276
selective_prior_ar_greedy	43	16	1452
selective_prior_ar_greedy	43	17	327
selective_prior_ar_greedy	43	18	327
selective_prior_ar_greedy	43	19	208
selective_prior_ar_greedy	43	20	1207
selective_prior_ar_greedy	43	21	1452
selective_prior_ar_greedy	43	22	231
selective_prior_ar_greedy	43	23	210
selective_prior_ar_greedy	43	24	1452
selective_prior_ar_greedy	43	25	213
selective_prior_ar_greedy	43	26	238
selective_prior_ar_greedy	43	27	327
selective_prior_ar_greedy	43	28	327
selective_prior_ar_greedy	43	29	327
selective_prior_ar_greedy	43	30	327
selective_prior_ar_greedy	43	31	208
selective_prior_ar_greedy	43	32	1452
selective_prior_ar_greedy	43	33	221
selective_prior_ar_greedy	43	34	276
selective_prior_ar_greedy	43	35	1452
selective_prior_ar_greedy	43	36	327
selective_prior_ar_greedy	43	37	327
selective_prior_ar_greedy	43	38	327
selective_prior_ar_greedy	43	39	327
selective_prior_ar_greedy	43	40	208
selective_prior_ar_greedy	43	41	208
selective_prior_ar_greedy	43	42	1452
selective_prior_ar_greedy	43	43	231
selective_prior_ar_greedy	43	44	210
selective_prior_ar_greedy	43	45	1452
selective_prior_ar_greedy	43	46	213
selective_prior_ar_greedy	43	47	238
selective_prior_ar_greedy	43	48	327
selective_prior_ar_greedy	43	49	327
selective_prior_ar_greedy	43	50	327
selective_prior_ar_greedy	43	51	327
selective_prior_ar_greedy	43	52	327
selective_prior_ar_greedy	43	53	327
selective_prior_ar_greedy	43	54	327
selective_prior_ar_greedy	43	55	327
selective_prior_ar_greedy	43	56	327
selective_prior_ar_greedy	43	57	327
selective_prior_ar_greedy	43	58	208
selective_prior_ar_greedy	43	59	1452
selective_prior_ar_greedy	43	60	231
selective_prior_ar_greedy	43	61	210
selective_prior_ar_greedy	43	62	1452
selective_prior_ar_greedy	43	63	221
selective_prior_ar_greedy	43	64	571
selective_prior_ar_greedy	44	1	906
selective_prior_ar_greedy	44	2	271
selective_prior_ar_greedy	44	3	491
selective_prior_ar_greedy	44	4	491
selective_prior_ar_greedy	44	5	491
selective_prior_ar_greedy	44	6	772
selective_prior_ar_greedy	44	7	239
selective_prior_ar_greedy	44	8	210
selective_prior_ar_greedy	44	9	968
selective_prior_ar_greedy	44	10	238
selective_prior_ar_greedy	44	11	271
selective_prior_ar_greedy	44	12	2060
selective_prior_ar_greedy	44	13	233
selective_prior_ar_greedy	44	14	210
selective_prior_ar_greedy	44	15	968
selective_prior_ar_greedy	44	16	221
selective_prior_ar_greedy	44	17	276
selective_prior_ar_greedy	44	18	906
selective_prior_ar_greedy	44	19	271
selective_prior_ar_greedy	44	20	491
selective_prior_ar_greedy	44	21	491
selective_prior_ar_greedy	44	22	491
selective_prior_ar_greedy	44	23	239
selective_prior_ar_greedy	44	24	210
selective_prior_ar_greedy	44	25	968
selective_prior_ar_greedy	44	26	213
selective_prior_ar_greedy	44	27	238
selective_prior_ar_greedy	44	28	271
selective_prior_ar_greedy	44	29	2060
selective_prior_ar_greedy	44	30	233
selective_prior_ar_greedy	44	31	210
selective_prior_ar_greedy	44	32	968
selective_prior_ar_greedy	44	33	213
selective_prior_ar_greedy	44	34	238
selective_prior_ar_greedy	44	35	378
selective_prior_ar_greedy	44	36	378
selective_prior_ar_greedy	44	37	2060
selective_prior_ar_greedy	44	38	221
selective_prior_ar_greedy	44	39	276
selective_prior_ar_greedy	44	40	906
selective_prior_ar_greedy	44	41	271
selective_prior_ar_greedy	44	42	271
selective_prior_ar_greedy	44	43	239
selective_prior_ar_greedy	44	44	210
selective_prior_ar_greedy	44	45	968
selective_prior_ar_greedy	44	46	213
selective_prior_ar_greedy	44	47	238
selective_prior_ar_greedy	44	48	378
selective_prior_ar_greedy	44	49	2060
selective_prior_ar_greedy	44	50	233
selective_prior_ar_greedy	44	51	210
selective_prior_ar_greedy	44	52	968
selective_prior_ar_greedy	44	53	221
selective_prior_ar_greedy	44	54	276
selective_prior_ar_greedy	44	55	906
selective_prior_ar_greedy	44	56	271
selective_prior_ar_greedy	44	57	2060
selective_prior_ar_greedy	44	58	233
selective_prior_ar_greedy	44	59	210
selective_prior_ar_greedy	44	60	968
selective_prior_ar_greedy	44	61	213
selective_prior_ar_greedy	44	62	238
selective_prior_ar_greedy	44	63	378
selective_prior_ar_greedy	44	64	2060
selective_prior_ar_greedy	45	1	250
selective_prior_ar_greedy	45	2	4739
selective_prior_ar_greedy	45	3	238
selective_prior_ar_greedy	45	4	4467
selective_prior_ar_greedy	45	5	250
selective_prior_ar_greedy	45	6	250
selective_prior_ar_greedy	45	7	266
selective_prior_ar_greedy	45	8	1
selective_prior_ar_greedy	45	9	276
selective_prior_ar_greedy	45	10	718
selective_prior_ar_greedy	45	11	271
selective_prior_ar_greedy	45	12	1034
selective_prior_ar_greedy	45	13	233
selective_prior_ar_greedy	45	14	210
selective_prior_ar_greedy	45	15	820
selective_prior_ar_greedy	45	16	213
selective_prior_ar_greedy	45	17	238
selective_prior_ar_greedy	45	18	271
selective_prior_ar_greedy	45	19	1034
selective_prior_ar_greedy	45	20	233
selective_prior_ar_greedy	45	21	210
selective_prior_ar_greedy	45	22	820
selective_prior_ar_greedy	45	23	213
selective_prior_ar_greedy	45	24	238
selective_prior_ar_greedy	45	25	210
selective_prior_ar_greedy	45	26	820
selective_prior_ar_greedy	45	27	820
selective_prior_ar_greedy	45	28	221
selective_prior_ar_greedy	45	29	571
selective_prior_ar_greedy	45	30	271
selective_prior_ar_greedy	45	31	1034
selective_prior_ar_greedy	45	32	233
selective_prior_ar_greedy	45	33	210
selective_prior_ar_greedy	45	34	820
selective_prior_ar_greedy	45	35	213
selective_prior_ar_greedy	45	36	238
selective_prior_ar_greedy	45	37	1034
selective_prior_ar_greedy	45	38	233
selective_prior_ar_greedy	45	39	210
selective_prior_ar_greedy	45	40	820
selective_prior_ar_greedy	45	41	213
selective_prior_ar_greedy	45	42	238
selective_prior_ar_greedy	45	43	210
selective_prior_ar_greedy	45	44	820
selective_prior_ar_greedy	45	45	213
selective_prior_ar_greedy	45	46	238
selective_prior_ar_greedy	45	47	820
selective_prior_ar_greedy	45	48	213
selective_prior_ar_greedy	45	49	238
selective_prior_ar_greedy	45	50	820
selective_prior_ar_greedy	45	51	221
selective_prior_ar_greedy	45	52	276
selective_prior_ar_greedy	45	53	820
selective_prior_ar_greedy	45	54	271
selective_prior_ar_greedy	45	55	1034
selective_prior_ar_greedy	45	56	275
selective_prior_ar_greedy	45	57	210
selective_prior_ar_greedy	45	58	820
selective_prior_ar_greedy	45	59	213
selective_prior_ar_greedy	45	60	238
selective_prior_ar_greedy	45	61	1034
selective_prior_ar_greedy	45	62	233
selective_prior_ar_greedy	45	63	210
selective_prior_ar_greedy	45	64	820
selective_prior_ar_greedy	46	1	91
selective_prior_ar_greedy	46	2	91
selective_prior_ar_greedy	46	3	91
selective_prior_ar_greedy	46	4	213
selective_prior_ar_greedy	46	5	210
selective_prior_ar_greedy	46	6	1909
selective_prior_ar_greedy	46	7	1909
selective_prior_ar_greedy	46	8	1909
selective_prior_ar_greedy	46	9	1909
selective_prior_ar_greedy	46	10	1909
selective_prior_ar_greedy	46	11	213
selective_prior_ar_greedy	46	12	210
selective_prior_ar_greedy	46	13	1909
selective_prior_ar_greedy	46	14	1909
selective_prior_ar_greedy	46	15	1909
selective_prior_ar_greedy	46	16	213
selective_prior_ar_greedy	46	17	210
selective_prior_ar_greedy	46	18	1909
selective_prior_ar_greedy	46	19	1909
selective_prior_ar_greedy	46	20	1909
selective_prior_ar_greedy	46	21	213
selective_prior_ar_greedy	46	22	210
selective_prior_ar_greedy	46	23	1909
selective_prior_ar_greedy	46	24	1909
selective_prior_ar_greedy	46	25	1909
selective_prior_ar_greedy	46	26	213
selective_prior_ar_greedy	46	27	210
selective_prior_ar_greedy	46	28	1909
selective_prior_ar_greedy	46	29	1909
selective_prior_ar_greedy	46	30	1909
selective_prior_ar_greedy	46	31	213
selective_prior_ar_greedy	46	32	238
selective_prior_ar_greedy	46	33	210
selective_prior_ar_greedy	46	34	1909
selective_prior_ar_greedy	46	35	1909
selective_prior_ar_greedy	46	36	221
selective_prior_ar_greedy	46	37	601
selective_prior_ar_greedy	46	38	210
selective_prior_ar_greedy	46	39	210
selective_prior_ar_greedy	46	40	1909
selective_prior_ar_greedy	46	41	1909
selective_prior_ar_greedy	46	42	213
selective_prior_ar_greedy	46	43	210
selective_prior_ar_greedy	46	44	1909
selective_prior_ar_greedy	46	45	1909
selective_prior_ar_greedy	46	46	1909
selective_prior_ar_greedy	46	47	213
selective_prior_ar_greedy	46	48	238
selective_prior_ar_greedy	46	49	210
selective_prior_ar_greedy	46	50	1909
selective_prior_ar_greedy	46	51	1909
selective_prior_ar_greedy	46	52	1909
selective_prior_ar_greedy	46	53	213
selective_prior_ar_greedy	46	54	238
selective_prior_ar_greedy	46	55	210
selective_prior_ar_greedy	46	56	1909
selective_prior_ar_greedy	46	57	1909
selective_prior_ar_greedy	46	58	213
selective_prior_ar_greedy	46	59	238
selective_prior_ar_greedy	46	60	210
selective_prior_ar_greedy	46	61	1909
selective_prior_ar_greedy	46	62	1909
selective_prior_ar_greedy	46	63	1909
selective_prior_ar_greedy	46	64	213
selective_prior_ar_greedy	47	1	887
selective_prior_ar_greedy	47	2	296
selective_prior_ar_greedy	47	3	887
selective_prior_ar_greedy	47	4	296
selective_prior_ar_greedy	47	5	208
selective_prior_ar_greedy	47	6	650
selective_prior_ar_greedy	47	7	691
selective_prior_ar_greedy	47	8	221
selective_prior_ar_greedy	47	9	276
selective_prior_ar_greedy	47	10	691
selective_prior_ar_greedy	47	11	271
selective_prior_ar_greedy	47	12	1034
selective_prior_ar_greedy	47	13	233
selective_prior_ar_greedy	47	14	1490
selective_prior_ar_greedy	47	15	213
selective_prior_ar_greedy	47	16	238
selective_prior_ar_greedy	47	17	271
selective_prior_ar_greedy	47	18	491
selective_prior_ar_greedy	47	19	1034
selective_prior_ar_greedy	47	20	319
selective_prior_ar_greedy	47	21	210
selective_prior_ar_greedy	47	22	691
selective_prior_ar_greedy	47	23	279
selective_prior_ar_greedy	47	24	84
selective_prior_ar_greedy	47	25	473
selective_prior_ar_greedy	47	26	691
selective_prior_ar_greedy	47	27	213
selective_prior_ar_greedy	47	28	238
selective_prior_ar_greedy	47	29	210
selective_prior_ar_greedy	47	30	691
selective_prior_ar_greedy	47	31	691
selective_prior_ar_greedy	47	32	691
selective_prior_ar_greedy	47	33	221
selective_prior_ar_greedy	47	34	276
selective_prior_ar_greedy	47	35	691
selective_prior_ar_greedy	47	36	271
selective_prior_ar_greedy	47	37	1034
selective_prior_ar_greedy	47	38	233
selective_prior_ar_greedy	47	39	210
selective_prior_ar_greedy	47	40	691
selective_prior_ar_greedy	47	41	213
selective_prior_ar_greedy	47	42	238
selective_prior_ar_greedy	47	43	691
selective_prior_ar_greedy	47	44	691
selective_prior_ar_greedy	47	45	691
selective_prior_ar_greedy	47	46	691
selective_prior_ar_greedy	47	47	691
selective_prior_ar_greedy	47	48	691
selective_prior_ar_greedy	47	49	691
selective_prior_ar_greedy	47	50	691
selective_prior_ar_greedy	47	51	691
selective_prior_ar_greedy	47	52	238
selective_prior_ar_greedy	47	53	691
selective_prior_ar_greedy	47	54	691
selective_prior_ar_greedy	47	55	691
selective_prior_ar_greedy	47	56	691
selective_prior_ar_greedy	47	57	691
selective_prior_ar_greedy	47	58	691
selective_prior_ar_greedy	47	59	691
selective_prior_ar_greedy	47	60	691
selective_prior_ar_greedy	47	61	691
selective_prior_ar_greedy	47	62	691
selective_prior_ar_greedy	47	63	691
selective_prior_ar_greedy	47	64	691
selective_prior_ar_greedy	48	1	208
selective_prior_ar_greedy	48	2	2128
selective_prior_ar_greedy	48	3	231
selective_prior_ar_greedy	48	4	210
selective_prior_ar_greedy	48	5	473
selective_prior_ar_greedy	48	6	473
selective_prior_ar_greedy	48	7	556
selective_prior_ar_greedy	48	8	213
selective_prior_ar_greedy	48	9	304
selective_prior_ar_greedy	48	10	271
selective_prior_ar_greedy	48	11	425
selective_prior_ar_greedy	48	12	425
selective_prior_ar_greedy	48	13	239
selective_prior_ar_greedy	48	14	210
selective_prior_ar_greedy	48	15	2914
selective_prior_ar_greedy	48	16	231
selective_prior_ar_greedy	48	17	210
selective_prior_ar_greedy	48	18	2914
selective_prior_ar_greedy	48	19	221
selective_prior_ar_greedy	48	20	488
selective_prior_ar_greedy	48	21	271
selective_prior_ar_greedy	48	22	425
selective_prior_ar_greedy	48	23	239
selective_prior_ar_greedy	48	24	239
selective_prior_ar_greedy	48	25	210
selective_prior_ar_greedy	48	26	1622
selective_prior_ar_greedy	48	27	213
selective_prior_ar_greedy	48	28	238
selective_prior_ar_greedy	48	29	304
selective_prior_ar_greedy	48	30	271
selective_prior_ar_greedy	48	31	425
selective_prior_ar_greedy	48	32	425
selective_prior_ar_greedy	48	33	239
selective_prior_ar_greedy	48	34	606
selective_prior_ar_greedy	48	35	239
selective_prior_ar_greedy	48	36	606
selective_prior_ar_greedy	48	37	239
selective_prior_ar_greedy	48	38	606
selective_prior_ar_greedy	48	39	239
selective_prior_ar_greedy	48	40	345
selective_prior_ar_greedy	48	41	1628
selective_prior_ar_greedy	48	42	221
selective_prior_ar_greedy	48	43	488
selective_prior_ar_greedy	48	44	271
selective_prior_ar_greedy	48	45	208
selective_prior_ar_greedy	48	46	2128
selective_prior_ar_greedy	48	47	231
selective_prior_ar_greedy	48	48	345
selective_prior_ar_greedy	48	49	1628
selective_prior_ar_greedy	48	50	213
selective_prior_ar_greedy	48	51	304
selective_prior_ar_greedy	48	52	304
selective_prior_ar_greedy	48	53	271
selective_prior_ar_greedy	48	54	208
selective_prior_ar_greedy	48	55	2128
selective_prior_ar_greedy	48	56	231
selective_prior_ar_greedy	48	57	345
selective_prior_ar_greedy	48	58	1628
selective_prior_ar_greedy	48	59	213
selective_prior_ar_greedy	48	60	238
selective_prior_ar_greedy	48	61	304
selective_prior_ar_greedy	48	62	271
selective_prior_ar_greedy	48	63	208
selective_prior_ar_greedy	48	64	2128
selective_prior_ar_greedy	49	1	369
selective_prior_ar_greedy	49	2	1264
selective_prior_ar_greedy	49	3	213
selective_prior_ar_greedy	49	4	304
selective_prior_ar_greedy	49	5	271
selective_prior_ar_greedy	49	6	491
selective_prior_ar_greedy	49	7	3059
selective_prior_ar_greedy	49	8	239
selective_prior_ar_greedy	49	9	210
selective_prior_ar_greedy	49	10	884
selective_prior_ar_greedy	49	11	1105
selective_prior_ar_greedy	49	12	213
selective_prior_ar_greedy	49	13	304
selective_prior_ar_greedy	49	14	271
selective_prior_ar_greedy	49	15	425
selective_prior_ar_greedy	49	16	208
selective_prior_ar_greedy	49	17	2128
selective_prior_ar_greedy	49	18	231
selective_prior_ar_greedy	49	19	210
selective_prior_ar_greedy	49	20	884
selective_prior_ar_greedy	49	21	1105
selective_prior_ar_greedy	49	22	221
selective_prior_ar_greedy	49	23	488
selective_prior_ar_greedy	49	24	271
selective_prior_ar_greedy	49	25	491
selective_prior_ar_greedy	49	26	491
selective_prior_ar_greedy	49	27	491
selective_prior_ar_greedy	49	28	239
selective_prior_ar_greedy	49	29	210
selective_prior_ar_greedy	49	30	2914
selective_prior_ar_greedy	49	31	231
selective_prior_ar_greedy	49	32	210
selective_prior_ar_greedy	49	33	2914
selective_prior_ar_greedy	49	34	213
selective_prior_ar_greedy	49	35	238
selective_prior_ar_greedy	49	36	304
selective_prior_ar_greedy	49	37	271
selective_prior_ar_greedy	49	38	3059
selective_prior_ar_greedy	49	39	239
selective_prior_ar_greedy	49	40	606
selective_prior_ar_greedy	49	41	239
selective_prior_ar_greedy	49	42	210
selective_prior_ar_greedy	49	43	2914
selective_prior_ar_greedy	49	44	221
selective_prior_ar_greedy	49	45	488
selective_prior_ar_greedy	49	46	271
selective_prior_ar_greedy	49	47	425
selective_prior_ar_greedy	49	48	208
selective_prior_ar_greedy	49	49	2128
selective_prior_ar_greedy	49	50	231
selective_prior_ar_greedy	49	51	210
selective_prior_ar_greedy	49	52	2914
selective_prior_ar_greedy	49	53	213
selective_prior_ar_greedy	49	54	238
selective_prior_ar_greedy	49	55	304
selective_prior_ar_greedy	49	56	271
selective_prior_ar_greedy	49	57	425
selective_prior_ar_greedy	49	58	425
selective_prior_ar_greedy	49	59	239
selective_prior_ar_greedy	49	60	606
selective_prior_ar_greedy	49	61	239
selective_prior_ar_greedy	49	62	606
selective_prior_ar_greedy	49	63	221
selective_prior_ar_greedy	49	64	488
selective_prior_ar_greedy	50	1	66
selective_prior_ar_greedy	50	2	213
selective_prior_ar_greedy	50	3	238
selective_prior_ar_greedy	50	4	210
selective_prior_ar_greedy	50	5	2657
selective_prior_ar_greedy	50	6	1647
selective_prior_ar_greedy	50	7	231
selective_prior_ar_greedy	50	8	210
selective_prior_ar_greedy	50	9	210
selective_prior_ar_greedy	50	10	1647
selective_prior_ar_greedy	50	11	231
selective_prior_ar_greedy	50	12	210
selective_prior_ar_greedy	50	13	210
selective_prior_ar_greedy	50	14	1647
selective_prior_ar_greedy	50	15	221
selective_prior_ar_greedy	50	16	276
selective_prior_ar_greedy	50	17	1225
selective_prior_ar_greedy	50	18	327
selective_prior_ar_greedy	50	19	327
selective_prior_ar_greedy	50	20	491
selective_prior_ar_greedy	50	21	491
selective_prior_ar_greedy	50	22	491
selective_prior_ar_greedy	50	23	491
selective_prior_ar_greedy	50	24	491
selective_prior_ar_greedy	50	25	491
selective_prior_ar_greedy	50	26	491
selective_prior_ar_greedy	50	27	491
selective_prior_ar_greedy	50	28	491
selective_prior_ar_greedy	50	29	491
selective_prior_ar_greedy	50	30	1484
selective_prior_ar_greedy	50	31	233
selective_prior_ar_greedy	50	32	210
selective_prior_ar_greedy	50	33	210
selective_prior_ar_greedy	50	34	2657
selective_prior_ar_greedy	50	35	1204
selective_prior_ar_greedy	50	36	221
selective_prior_ar_greedy	50	37	276
selective_prior_ar_greedy	50	38	1225
selective_prior_ar_greedy	50	39	327
selective_prior_ar_greedy	50	40	491
selective_prior_ar_greedy	50	41	491
selective_prior_ar_greedy	50	42	491
selective_prior_ar_greedy	50	43	491
selective_prior_ar_greedy	50	44	491
selective_prior_ar_greedy	50	45	491
selective_prior_ar_greedy	50	46	491
selective_prior_ar_greedy	50	47	491
selective_prior_ar_greedy	50	48	1484
selective_prior_ar_greedy	50	49	233
selective_prior_ar_greedy	50	50	210
selective_prior_ar_greedy	50	51	1225
selective_prior_ar_greedy	50	52	221
selective_prior_ar_greedy	50	53	276
selective_prior_ar_greedy	50	54	1225
selective_prior_ar_greedy	50	55	327
selective_prior_ar_greedy	50	56	491
selective_prior_ar_greedy	50	57	491
selective_prior_ar_greedy	50	58	491
selective_prior_ar_greedy	50	59	491
selective_prior_ar_greedy	50	60	491
selective_prior_ar_greedy	50	61	491
selective_prior_ar_greedy	50	62	491
selective_prior_ar_greedy	50	63	491
selective_prior_ar_greedy	50	64	491
selective_prior_ar_greedy	51	1	287
selective_prior_ar_greedy	51	2	858
selective_prior_ar_greedy	51	3	231
selective_prior_ar_greedy	51	4	210
selective_prior_ar_greedy	51	5	2568
selective_prior_ar_greedy	51	6	213
selective_prior_ar_greedy	51	7	210
selective_prior_ar_greedy	51	8	2568
selective_prior_ar_greedy	51	9	327
selective_prior_ar_greedy	51	10	2196
selective_prior_ar_greedy	51	11	233
selective_prior_ar_greedy	51	12	210
selective_prior_ar_greedy	51	13	2568
selective_prior_ar_greedy	51	14	221
selective_prior_ar_greedy	51	15	369
selective_prior_ar_greedy	51	16	210
selective_prior_ar_greedy	51	17	2568
selective_prior_ar_greedy	51	18	213
selective_prior_ar_greedy	51	19	210
selective_prior_ar_greedy	51	20	2568
selective_prior_ar_greedy	51	21	327
selective_prior_ar_greedy	51	22	2196
selective_prior_ar_greedy	51	23	233
selective_prior_ar_greedy	51	24	210
selective_prior_ar_greedy	51	25	2568
selective_prior_ar_greedy	51	26	213
selective_prior_ar_greedy	51	27	210
selective_prior_ar_greedy	51	28	2568
selective_prior_ar_greedy	51	29	231
selective_prior_ar_greedy	51	30	210
selective_prior_ar_greedy	51	31	2568
selective_prior_ar_greedy	51	32	221
selective_prior_ar_greedy	51	33	276
selective_prior_ar_greedy	51	34	2568
selective_prior_ar_greedy	51	35	327
selective_prior_ar_greedy	51	36	208
selective_prior_ar_greedy	51	37	2568
selective_prior_ar_greedy	51	38	231
selective_prior_ar_greedy	51	39	210
selective_prior_ar_greedy	51	40	2568
selective_prior_ar_greedy	51	41	231
selective_prior_ar_greedy	51	42	210
selective_prior_ar_greedy	51	43	2568
selective_prior_ar_greedy	51	44	213
selective_prior_ar_greedy	51	45	210
selective_prior_ar_greedy	51	46	2568
selective_prior_ar_greedy	51	47	231
selective_prior_ar_greedy	51	48	210
selective_prior_ar_greedy	51	49	2568
selective_prior_ar_greedy	51	50	221
selective_prior_ar_greedy	51	51	276
selective_prior_ar_greedy	51	52	2568
selective_prior_ar_greedy	51	53	327
selective_prior_ar_greedy	51	54	327
selective_prior_ar_greedy	51	55	208
selective_prior_ar_greedy	51	56	2568
selective_prior_ar_greedy	51	57	213
selective_prior_ar_greedy	51	58	238
selective_prior_ar_greedy	51	59	337
selective_prior_ar_greedy	51	60	327
selective_prior_ar_greedy	51	61	208
selective_prior_ar_greedy	51	62	2568
selective_prior_ar_greedy	51	63	221
selective_prior_ar_greedy	51	64	276
selective_prior_ar_greedy	52	1	213
selective_prior_ar_greedy	52	2	238
selective_prior_ar_greedy	52	3	708
selective_prior_ar_greedy	52	4	1198
selective_prior_ar_greedy	52	5	213
selective_prior_ar_greedy	52	6	416
selective_prior_ar_greedy	52	7	327
selective_prior_ar_greedy	52	8	208
selective_prior_ar_greedy	52	9	2128
selective_prior_ar_greedy	52	10	231
selective_prior_ar_greedy	52	11	210
selective_prior_ar_greedy	52	12	1738
selective_prior_ar_greedy	52	13	231
selective_prior_ar_greedy	52	14	210
selective_prior_ar_greedy	52	15	1738
selective_prior_ar_greedy	52	16	231
selective_prior_ar_greedy	52	17	210
selective_prior_ar_greedy	52	18	884
selective_prior_ar_greedy	52	19	1105
selective_prior_ar_greedy	52	20	221
selective_prior_ar_greedy	52	21	276
selective_prior_ar_greedy	52	22	1738
selective_prior_ar_greedy	52	23	231
selective_prior_ar_greedy	52	24	210
selective_prior_ar_greedy	52	25	1738
selective_prior_ar_greedy	52	26	231
selective_prior_ar_greedy	52	27	210
selective_prior_ar_greedy	52	28	1738
selective_prior_ar_greedy	52	29	231
selective_prior_ar_greedy	52	30	210
selective_prior_ar_greedy	52	31	1738
selective_prior_ar_greedy	52	32	231
selective_prior_ar_greedy	52	33	210
selective_prior_ar_greedy	52	34	1738
selective_prior_ar_greedy	52	35	231
selective_prior_ar_greedy	52	36	210
selective_prior_ar_greedy	52	37	1738
selective_prior_ar_greedy	52	38	231
selective_prior_ar_greedy	52	39	210
selective_prior_ar_greedy	52	40	1738
selective_prior_ar_greedy	52	41	213
selective_prior_ar_greedy	52	42	238
selective_prior_ar_greedy	52	43	210
selective_prior_ar_greedy	52	44	1738
selective_prior_ar_greedy	52	45	231
selective_prior_ar_greedy	52	46	210
selective_prior_ar_greedy	52	47	1738
selective_prior_ar_greedy	52	48	231
selective_prior_ar_greedy	52	49	1738
selective_prior_ar_greedy	52	50	231
selective_prior_ar_greedy	52	51	210
selective_prior_ar_greedy	52	52	1738
selective_prior_ar_greedy	52	53	213
selective_prior_ar_greedy	52	54	238
selective_prior_ar_greedy	52	55	1738
selective_prior_ar_greedy	52	56	231
selective_prior_ar_greedy	52	57	210
selective_prior_ar_greedy	52	58	1738
selective_prior_ar_greedy	52	59	231
selective_prior_ar_greedy	52	60	210
selective_prior_ar_greedy	52	61	1738
selective_prior_ar_greedy	52	62	231
selective_prior_ar_greedy	52	63	210
selective_prior_ar_greedy	52	64	1738
selective_prior_ar_greedy	53	1	213
selective_prior_ar_greedy	53	2	238
selective_prior_ar_greedy	53	3	405
selective_prior_ar_greedy	53	4	534
selective_prior_ar_greedy	53	5	534
selective_prior_ar_greedy	53	6	534
selective_prior_ar_greedy	53	7	239
selective_prior_ar_greedy	53	8	308
selective_prior_ar_greedy	53	9	2480
selective_prior_ar_greedy	53	10	319
selective_prior_ar_greedy	53	11	210
selective_prior_ar_greedy	53	12	906
selective_prior_ar_greedy	53	13	221
selective_prior_ar_greedy	53	14	276
selective_prior_ar_greedy	53	15	906
selective_prior_ar_greedy	53	16	271
selective_prior_ar_greedy	53	17	491
selective_prior_ar_greedy	53	18	491
selective_prior_ar_greedy	53	19	491
selective_prior_ar_greedy	53	20	491
selective_prior_ar_greedy	53	21	216
selective_prior_ar_greedy	53	22	319
selective_prior_ar_greedy	53	23	210
selective_prior_ar_greedy	53	24	906
selective_prior_ar_greedy	53	25	213
selective_prior_ar_greedy	53	26	238
selective_prior_ar_greedy	53	27	210
selective_prior_ar_greedy	53	28	1825
selective_prior_ar_greedy	53	29	378
selective_prior_ar_greedy	53	30	2060
selective_prior_ar_greedy	53	31	221
selective_prior_ar_greedy	53	32	276
selective_prior_ar_greedy	53	33	906
selective_prior_ar_greedy	53	34	271
selective_prior_ar_greedy	53	35	2060
selective_prior_ar_greedy	53	36	213
selective_prior_ar_greedy	53	37	238
selective_prior_ar_greedy	53	38	210
selective_prior_ar_greedy	53	39	1825
selective_prior_ar_greedy	53	40	378
selective_prior_ar_greedy	53	41	2060
selective_prior_ar_greedy	53	42	221
selective_prior_ar_greedy	53	43	276
selective_prior_ar_greedy	53	44	906
selective_prior_ar_greedy	53	45	271
selective_prior_ar_greedy	53	46	271
selective_prior_ar_greedy	53	47	2060
selective_prior_ar_greedy	53	48	213
selective_prior_ar_greedy	53	49	238
selective_prior_ar_greedy	53	50	2060
selective_prior_ar_greedy	53	51	213
selective_prior_ar_greedy	53	52	238
selective_prior_ar_greedy	53	53	378
selective_prior_ar_greedy	53	54	2060
selective_prior_ar_greedy	53	55	213
selective_prior_ar_greedy	53	56	238
selective_prior_ar_greedy	53	57	378
selective_prior_ar_greedy	53	58	2060
selective_prior_ar_greedy	53	59	213
selective_prior_ar_greedy	53	60	238
selective_prior_ar_greedy	53	61	2060
selective_prior_ar_greedy	53	62	213
selective_prior_ar_greedy	53	63	238
selective_prior_ar_greedy	53	64	378
selective_prior_ar_greedy	54	1	476
selective_prior_ar_greedy	54	2	213
selective_prior_ar_greedy	54	3	611
selective_prior_ar_greedy	54	4	611
selective_prior_ar_greedy	54	5	611
selective_prior_ar_greedy	54	6	611
selective_prior_ar_greedy	54	7	611
selective_prior_ar_greedy	54	8	611
selective_prior_ar_greedy	54	9	611
selective_prior_ar_greedy	54	10	611
selective_prior_ar_greedy	54	11	611
selective_prior_ar_greedy	54	12	611
selective_prior_ar_greedy	54	13	611
selective_prior_ar_greedy	54	14	611
selective_prior_ar_greedy	54	15	611
selective_prior_ar_greedy	54	16	611
selective_prior_ar_greedy	54	17	611
selective_prior_ar_greedy	54	18	611
selective_prior_ar_greedy	54	19	611
selective_prior_ar_greedy	54	20	611
selective_prior_ar_greedy	54	21	611
selective_prior_ar_greedy	54	22	611
selective_prior_ar_greedy	54	23	611
selective_prior_ar_greedy	54	24	611
selective_prior_ar_greedy	54	25	611
selective_prior_ar_greedy	54	26	611
selective_prior_ar_greedy	54	27	611
selective_prior_ar_greedy	54	28	611
selective_prior_ar_greedy	54	29	611
selective_prior_ar_greedy	54	30	611
selective_prior_ar_greedy	54	31	611
selective_prior_ar_greedy	54	32	611
selective_prior_ar_greedy	54	33	611
selective_prior_ar_greedy	54	34	611
selective_prior_ar_greedy	54	35	611
selective_prior_ar_greedy	54	36	611
selective_prior_ar_greedy	54	37	611
selective_prior_ar_greedy	54	38	611
selective_prior_ar_greedy	54	39	611
selective_prior_ar_greedy	54	40	611
selective_prior_ar_greedy	54	41	611
selective_prior_ar_greedy	54	42	611
selective_prior_ar_greedy	54	43	611
selective_prior_ar_greedy	54	44	611
selective_prior_ar_greedy	54	45	611
selective_prior_ar_greedy	54	46	611
selective_prior_ar_greedy	54	47	611
selective_prior_ar_greedy	54	48	611
selective_prior_ar_greedy	54	49	611
selective_prior_ar_greedy	54	50	611
selective_prior_ar_greedy	54	51	611
selective_prior_ar_greedy	54	52	476
selective_prior_ar_greedy	54	53	476
selective_prior_ar_greedy	54	54	476
selective_prior_ar_greedy	54	55	476
selective_prior_ar_greedy	54	56	476
selective_prior_ar_greedy	54	57	476
selective_prior_ar_greedy	54	58	476
selective_prior_ar_greedy	54	59	476
selective_prior_ar_greedy	54	60	476
selective_prior_ar_greedy	54	61	476
selective_prior_ar_greedy	54	62	476
selective_prior_ar_greedy	54	63	476
selective_prior_ar_greedy	54	64	476
selective_prior_ar_greedy	55	1	210
selective_prior_ar_greedy	55	2	525
selective_prior_ar_greedy	55	3	1468
selective_prior_ar_greedy	55	4	84
selective_prior_ar_greedy	55	5	213
selective_prior_ar_greedy	55	6	238
selective_prior_ar_greedy	55	7	210
selective_prior_ar_greedy	55	8	1225
selective_prior_ar_greedy	55	9	231
selective_prior_ar_greedy	55	10	210
selective_prior_ar_greedy	55	11	1225
selective_prior_ar_greedy	55	12	213
selective_prior_ar_greedy	55	13	238
selective_prior_ar_greedy	55	14	210
selective_prior_ar_greedy	55	15	1225
selective_prior_ar_greedy	55	16	213
selective_prior_ar_greedy	55	17	238
selective_prior_ar_greedy	55	18	210
selective_prior_ar_greedy	55	19	1225
selective_prior_ar_greedy	55	20	221
selective_prior_ar_greedy	55	21	276
selective_prior_ar_greedy	55	22	1225
selective_prior_ar_greedy	55	23	327
selective_prior_ar_greedy	55	24	491
selective_prior_ar_greedy	55	25	491
selective_prior_ar_greedy	55	26	491
selective_prior_ar_greedy	55	27	491
selective_prior_ar_greedy	55	28	491
selective_prior_ar_greedy	55	29	491
selective_prior_ar_greedy	55	30	491
selective_prior_ar_greedy	55	31	491
selective_prior_ar_greedy	55	32	828
selective_prior_ar_greedy	55	33	239
selective_prior_ar_greedy	55	34	210
selective_prior_ar_greedy	55	35	1225
selective_prior_ar_greedy	55	36	231
selective_prior_ar_greedy	55	37	210
selective_prior_ar_greedy	55	38	1225
selective_prior_ar_greedy	55	39	221
selective_prior_ar_greedy	55	40	276
selective_prior_ar_greedy	55	41	1225
selective_prior_ar_greedy	55	42	327
selective_prior_ar_greedy	55	43	491
selective_prior_ar_greedy	55	44	491
selective_prior_ar_greedy	55	45	491
selective_prior_ar_greedy	55	46	491
selective_prior_ar_greedy	55	47	828
selective_prior_ar_greedy	55	48	239
selective_prior_ar_greedy	55	49	210
selective_prior_ar_greedy	55	50	1225
selective_prior_ar_greedy	55	51	213
selective_prior_ar_greedy	55	52	238
selective_prior_ar_greedy	55	53	210
selective_prior_ar_greedy	55	54	1225
selective_prior_ar_greedy	55	55	231
selective_prior_ar_greedy	55	56	210
selective_prior_ar_greedy	55	57	1225
selective_prior_ar_greedy	55	58	213
selective_prior_ar_greedy	55	59	238
selective_prior_ar_greedy	55	60	210
selective_prior_ar_greedy	55	61	1225
selective_prior_ar_greedy	55	62	231
selective_prior_ar_greedy	55	63	210
selective_prior_ar_greedy	55	64	1225
selective_prior_ar_greedy	56	1	1315
selective_prior_ar_greedy	56	2	233
selective_prior_ar_greedy	56	3	210
selective_prior_ar_greedy	56	4	786
selective_prior_ar_greedy	56	5	221
selective_prior_ar_greedy	56	6	488
selective_prior_ar_greedy	56	7	271
selective_prior_ar_greedy	56	8	491
selective_prior_ar_greedy	56	9	491
selective_prior_ar_greedy	56	10	1315
selective_prior_ar_greedy	56	11	233
selective_prior_ar_greedy	56	12	210
selective_prior_ar_greedy	56	13	473
selective_prior_ar_greedy	56	14	473
selective_prior_ar_greedy	56	15	786
selective_prior_ar_greedy	56	16	221
selective_prior_ar_greedy	56	17	488
selective_prior_ar_greedy	56	18	271
selective_prior_ar_greedy	56	19	208
selective_prior_ar_greedy	56	20	473
selective_prior_ar_greedy	56	21	812
selective_prior_ar_greedy	56	22	233
selective_prior_ar_greedy	56	23	210
selective_prior_ar_greedy	56	24	786
selective_prior_ar_greedy	56	25	213
selective_prior_ar_greedy	56	26	238
selective_prior_ar_greedy	56	27	271
selective_prior_ar_greedy	56	28	208
selective_prior_ar_greedy	56	29	812
selective_prior_ar_greedy	56	30	233
selective_prior_ar_greedy	56	31	210
selective_prior_ar_greedy	56	32	786
selective_prior_ar_greedy	56	33	221
selective_prior_ar_greedy	56	34	488
selective_prior_ar_greedy	56	35	1315
selective_prior_ar_greedy	56	36	233
selective_prior_ar_greedy	56	37	210
selective_prior_ar_greedy	56	38	786
selective_prior_ar_greedy	56	39	213
selective_prior_ar_greedy	56	40	238
selective_prior_ar_greedy	56	41	304
selective_prior_ar_greedy	56	42	271
selective_prior_ar_greedy	56	43	1315
selective_prior_ar_greedy	56	44	233
selective_prior_ar_greedy	56	45	233
selective_prior_ar_greedy	56	46	210
selective_prior_ar_greedy	56	47	786
selective_prior_ar_greedy	56	48	221
selective_prior_ar_greedy	56	49	488
selective_prior_ar_greedy	56	50	271
selective_prior_ar_greedy	56	51	491
selective_prior_ar_greedy	56	52	1315
selective_prior_ar_greedy	56	53	233
selective_prior_ar_greedy	56	54	210
selective_prior_ar_greedy	56	55	473
selective_prior_ar_greedy	56	56	786
selective_prior_ar_greedy	56	57	233
selective_prior_ar_greedy	56	58	210
selective_prior_ar_greedy	56	59	786
selective_prior_ar_greedy	56	60	213
selective_prior_ar_greedy	56	61	238
selective_prior_ar_greedy	56	62	271
selective_prior_ar_greedy	56	63	1315
selective_prior_ar_greedy	56	64	233
selective_prior_ar_greedy	57	1	337
selective_prior_ar_greedy	57	2	271
selective_prior_ar_greedy	57	3	425
selective_prior_ar_greedy	57	4	425
selective_prior_ar_greedy	57	5	239
selective_prior_ar_greedy	57	6	308
selective_prior_ar_greedy	57	7	208
selective_prior_ar_greedy	57	8	1530
selective_prior_ar_greedy	57	9	231
selective_prior_ar_greedy	57	10	513
selective_prior_ar_greedy	57	11	231
selective_prior_ar_greedy	57	12	210
selective_prior_ar_greedy	57	13	968
selective_prior_ar_greedy	57	14	221
selective_prior_ar_greedy	57	15	276
selective_prior_ar_greedy	57	16	1335
selective_prior_ar_greedy	57	17	271
selective_prior_ar_greedy	57	18	491
selective_prior_ar_greedy	57	19	1785
selective_prior_ar_greedy	57	20	239
selective_prior_ar_greedy	57	21	308
selective_prior_ar_greedy	57	22	828
selective_prior_ar_greedy	57	23	239
selective_prior_ar_greedy	57	24	308
selective_prior_ar_greedy	57	25	208
selective_prior_ar_greedy	57	26	1556
selective_prior_ar_greedy	57	27	287
selective_prior_ar_greedy	57	28	287
selective_prior_ar_greedy	57	29	287
selective_prior_ar_greedy	57	30	287
selective_prior_ar_greedy	57	31	287
selective_prior_ar_greedy	57	32	287
selective_prior_ar_greedy	57	33	287
selective_prior_ar_greedy	57	34	287
selective_prior_ar_greedy	57	35	287
selective_prior_ar_greedy	57	36	287
selective_prior_ar_greedy	57	37	287
selective_prior_ar_greedy	57	38	287
selective_prior_ar_greedy	57	39	287
selective_prior_ar_greedy	57	40	287
selective_prior_ar_greedy	57	41	287
selective_prior_ar_greedy	57	42	287
selective_prior_ar_greedy	57	43	287
selective_prior_ar_greedy	57	44	287
selective_prior_ar_greedy	57	45	287
selective_prior_ar_greedy	57	46	287
selective_prior_ar_greedy	57	47	287
selective_prior_ar_greedy	57	48	287
selective_prior_ar_greedy	57	49	287
selective_prior_ar_greedy	57	50	287
selective_prior_ar_greedy	57	51	287
selective_prior_ar_greedy	57	52	287
selective_prior_ar_greedy	57	53	287
selective_prior_ar_greedy	57	54	287
selective_prior_ar_greedy	57	55	287
selective_prior_ar_greedy	57	56	287
selective_prior_ar_greedy	57	57	287
selective_prior_ar_greedy	57	58	287
selective_prior_ar_greedy	57	59	287
selective_prior_ar_greedy	57	60	287
selective_prior_ar_greedy	57	61	287
selective_prior_ar_greedy	57	62	287
selective_prior_ar_greedy	57	63	287
selective_prior_ar_greedy	57	64	287
selective_prior_ar_greedy	58	1	1
selective_prior_ar_greedy	58	2	276
selective_prior_ar_greedy	58	3	2568
selective_prior_ar_greedy	58	4	327
selective_prior_ar_greedy	58	5	208
selective_prior_ar_greedy	58	6	535
selective_prior_ar_greedy	58	7	231
selective_prior_ar_greedy	58	8	210
selective_prior_ar_greedy	58	9	2568
selective_prior_ar_greedy	58	10	231
selective_prior_ar_greedy	58	11	210
selective_prior_ar_greedy	58	12	2568
selective_prior_ar_greedy	58	13	327
selective_prior_ar_greedy	58	14	208
selective_prior_ar_greedy	58	15	535
selective_prior_ar_greedy	58	16	231
selective_prior_ar_greedy	58	17	210
selective_prior_ar_greedy	58	18	2568
selective_prior_ar_greedy	58	19	221
selective_prior_ar_greedy	58	20	571
selective_prior_ar_greedy	58	21	327
selective_prior_ar_greedy	58	22	208
selective_prior_ar_greedy	58	23	535
selective_prior_ar_greedy	58	24	231
selective_prior_ar_greedy	58	25	210
selective_prior_ar_greedy	58	26	210
selective_prior_ar_greedy	58	27	2568
selective_prior_ar_greedy	58	28	231
selective_prior_ar_greedy	58	29	210
selective_prior_ar_greedy	58	30	2568
selective_prior_ar_greedy	58	31	221
selective_prior_ar_greedy	58	32	571
selective_prior_ar_greedy	58	33	327
selective_prior_ar_greedy	58	34	327
selective_prior_ar_greedy	58	35	208
selective_prior_ar_greedy	58	36	208
selective_prior_ar_greedy	58	37	2568
selective_prior_ar_greedy	58	38	231
selective_prior_ar_greedy	58	39	210
selective_prior_ar_greedy	58	40	2568
selective_prior_ar_greedy	58	41	213
selective_prior_ar_greedy	58	42	238
selective_prior_ar_greedy	58	43	210
selective_prior_ar_greedy	58	44	2568
selective_prior_ar_greedy	58	45	221
selective_prior_ar_greedy	58	46	571
selective_prior_ar_greedy	58	47	327
selective_prior_ar_greedy	58	48	208
selective_prior_ar_greedy	58	49	208
selective_prior_ar_greedy	58	50	2568
selective_prior_ar_greedy	58	51	231
selective_prior_ar_greedy	58	52	210
selective_prior_ar_greedy	58	53	2568
selective_prior_ar_greedy	58	54	213
selective_prior_ar_greedy	58	55	238
selective_prior_ar_greedy	58	56	210
selective_prior_ar_greedy	58	57	2568
selective_prior_ar_greedy	58	58	221
selective_prior_ar_greedy	58	59	276
selective_prior_ar_greedy	58	60	2568
selective_prior_ar_greedy	58	61	327
selective_prior_ar_greedy	58	62	327
selective_prior_ar_greedy	58	63	208
selective_prior_ar_greedy	58	64	208
selective_prior_ar_greedy	59	1	281
selective_prior_ar_greedy	59	2	281
selective_prior_ar_greedy	59	3	234
selective_prior_ar_greedy	59	4	234
selective_prior_ar_greedy	59	5	213
selective_prior_ar_greedy	59	6	416
selective_prior_ar_greedy	59	7	327
selective_prior_ar_greedy	59	8	208
selective_prior_ar_greedy	59	9	535
selective_prior_ar_greedy	59	10	231
selective_prior_ar_greedy	59	11	210
selective_prior_ar_greedy	59	12	473
selective_prior_ar_greedy	59	13	596
selective_prior_ar_greedy	59	14	221
selective_prior_ar_greedy	59	15	276
selective_prior_ar_greedy	59	16	473
selective_prior_ar_greedy	59	17	473
selective_prior_ar_greedy	59	18	271
selective_prior_ar_greedy	59	19	491
selective_prior_ar_greedy	59	20	491
selective_prior_ar_greedy	59	21	491
selective_prior_ar_greedy	59	22	491
selective_prior_ar_greedy	59	23	491
selective_prior_ar_greedy	59	24	828
selective_prior_ar_greedy	59	25	319
selective_prior_ar_greedy	59	26	210
selective_prior_ar_greedy	59	27	473
selective_prior_ar_greedy	59	28	473
selective_prior_ar_greedy	59	29	287
selective_prior_ar_greedy	59	30	287
selective_prior_ar_greedy	59	31	287
selective_prior_ar_greedy	59	32	287
selective_prior_ar_greedy	59	33	287
selective_prior_ar_greedy	59	34	287
selective_prior_ar_greedy	59	35	287
selective_prior_ar_greedy	59	36	287
selective_prior_ar_greedy	59	37	287
selective_prior_ar_greedy	59	38	287
selective_prior_ar_greedy	59	39	287
selective_prior_ar_greedy	59	40	287
selective_prior_ar_greedy	59	41	287
selective_prior_ar_greedy	59	42	287
selective_prior_ar_greedy	59	43	287
selective_prior_ar_greedy	59	44	287
selective_prior_ar_greedy	59	45	287
selective_prior_ar_greedy	59	46	287
selective_prior_ar_greedy	59	47	287
selective_prior_ar_greedy	59	48	287
selective_prior_ar_greedy	59	49	287
selective_prior_ar_greedy	59	50	287
selective_prior_ar_greedy	59	51	287
selective_prior_ar_greedy	59	52	287
selective_prior_ar_greedy	59	53	287
selective_prior_ar_greedy	59	54	287
selective_prior_ar_greedy	59	55	287
selective_prior_ar_greedy	59	56	287
selective_prior_ar_greedy	59	57	287
selective_prior_ar_greedy	59	58	287
selective_prior_ar_greedy	59	59	287
selective_prior_ar_greedy	59	60	287
selective_prior_ar_greedy	59	61	287
selective_prior_ar_greedy	59	62	287
selective_prior_ar_greedy	59	63	287
selective_prior_ar_greedy	59	64	287
selective_prior_ar_greedy	60	1	416
selective_prior_ar_greedy	60	2	271
selective_prior_ar_greedy	60	3	1034
selective_prior_ar_greedy	60	4	319
selective_prior_ar_greedy	60	5	210
selective_prior_ar_greedy	60	6	820
selective_prior_ar_greedy	60	7	820
selective_prior_ar_greedy	60	8	213
selective_prior_ar_greedy	60	9	238
selective_prior_ar_greedy	60	10	210
selective_prior_ar_greedy	60	11	820
selective_prior_ar_greedy	60	12	820
selective_prior_ar_greedy	60	13	221
selective_prior_ar_greedy	60	14	369
selective_prior_ar_greedy	60	15	210
selective_prior_ar_greedy	60	16	820
selective_prior_ar_greedy	60	17	271
selective_prior_ar_greedy	60	18	1034
selective_prior_ar_greedy	60	19	233
selective_prior_ar_greedy	60	20	210
selective_prior_ar_greedy	60	21	820
selective_prior_ar_greedy	60	22	213
selective_prior_ar_greedy	60	23	210
selective_prior_ar_greedy	60	24	820
selective_prior_ar_greedy	60	25	271
selective_prior_ar_greedy	60	26	1034
selective_prior_ar_greedy	60	27	275
selective_prior_ar_greedy	60	28	210
selective_prior_ar_greedy	60	29	820
selective_prior_ar_greedy	60	30	213
selective_prior_ar_greedy	60	31	238
selective_prior_ar_greedy	60	32	820
selective_prior_ar_greedy	60	33	213
selective_prior_ar_greedy	60	34	238
selective_prior_ar_greedy	60	35	820
selective_prior_ar_greedy	60	36	221
selective_prior_ar_greedy	60	37	571
selective_prior_ar_greedy	60	38	271
selective_prior_ar_greedy	60	39	1034
selective_prior_ar_greedy	60	40	275
selective_prior_ar_greedy	60	41	210
selective_prior_ar_greedy	60	42	820
selective_prior_ar_greedy	60	43	213
selective_prior_ar_greedy	60	44	238
selective_prior_ar_greedy	60	45	820
selective_prior_ar_greedy	60	46	213
selective_prior_ar_greedy	60	47	238
selective_prior_ar_greedy	60	48	820
selective_prior_ar_greedy	60	49	213
selective_prior_ar_greedy	60	50	238
selective_prior_ar_greedy	60	51	820
selective_prior_ar_greedy	60	52	213
selective_prior_ar_greedy	60	53	238
selective_prior_ar_greedy	60	54	820
selective_prior_ar_greedy	60	55	221
selective_prior_ar_greedy	60	56	369
selective_prior_ar_greedy	60	57	820
selective_prior_ar_greedy	60	58	271
selective_prior_ar_greedy	60	59	1034
selective_prior_ar_greedy	60	60	275
selective_prior_ar_greedy	60	61	210
selective_prior_ar_greedy	60	62	820
selective_prior_ar_greedy	60	63	820
selective_prior_ar_greedy	60	64	213
selective_prior_ar_greedy	61	1	213
selective_prior_ar_greedy	61	2	304
selective_prior_ar_greedy	61	3	405
selective_prior_ar_greedy	61	4	534
selective_prior_ar_greedy	61	5	534
selective_prior_ar_greedy	61	6	239
selective_prior_ar_greedy	61	7	308
selective_prior_ar_greedy	61	8	208
selective_prior_ar_greedy	61	9	1556
selective_prior_ar_greedy	61	10	811
selective_prior_ar_greedy	61	11	221
selective_prior_ar_greedy	61	12	276
selective_prior_ar_greedy	61	13	2341
selective_prior_ar_greedy	61	14	271
selective_prior_ar_greedy	61	15	491
selective_prior_ar_greedy	61	16	491
selective_prior_ar_greedy	61	17	491
selective_prior_ar_greedy	61	18	239
selective_prior_ar_greedy	61	19	606
selective_prior_ar_greedy	61	20	239
selective_prior_ar_greedy	61	21	210
selective_prior_ar_greedy	61	22	1622
selective_prior_ar_greedy	61	23	213
selective_prior_ar_greedy	61	24	238
selective_prior_ar_greedy	61	25	304
selective_prior_ar_greedy	61	26	405
selective_prior_ar_greedy	61	27	534
selective_prior_ar_greedy	61	28	3059
selective_prior_ar_greedy	61	29	239
selective_prior_ar_greedy	61	30	210
selective_prior_ar_greedy	61	31	1622
selective_prior_ar_greedy	61	32	221
selective_prior_ar_greedy	61	33	369
selective_prior_ar_greedy	61	34	1264
selective_prior_ar_greedy	61	35	213
selective_prior_ar_greedy	61	36	304
selective_prior_ar_greedy	61	37	271
selective_prior_ar_greedy	61	38	208
selective_prior_ar_greedy	61	39	2128
selective_prior_ar_greedy	61	40	231
selective_prior_ar_greedy	61	41	210
selective_prior_ar_greedy	61	42	1622
selective_prior_ar_greedy	61	43	213
selective_prior_ar_greedy	61	44	304
selective_prior_ar_greedy	61	45	405
selective_prior_ar_greedy	61	46	534
selective_prior_ar_greedy	61	47	534
selective_prior_ar_greedy	61	48	239
selective_prior_ar_greedy	61	49	606
selective_prior_ar_greedy	61	50	239
selective_prior_ar_greedy	61	51	345
selective_prior_ar_greedy	61	52	1349
selective_prior_ar_greedy	61	53	221
selective_prior_ar_greedy	61	54	488
selective_prior_ar_greedy	61	55	271
selective_prior_ar_greedy	61	56	491
selective_prior_ar_greedy	61	57	491
selective_prior_ar_greedy	61	58	3059
selective_prior_ar_greedy	61	59	239
selective_prior_ar_greedy	61	60	606
selective_prior_ar_greedy	61	61	239
selective_prior_ar_greedy	61	62	606
selective_prior_ar_greedy	61	63	239
selective_prior_ar_greedy	61	64	345
selective_prior_ar_greedy	62	1	210
selective_prior_ar_greedy	62	2	906
selective_prior_ar_greedy	62	3	84
selective_prior_ar_greedy	62	4	213
selective_prior_ar_greedy	62	5	238
selective_prior_ar_greedy	62	6	210
selective_prior_ar_greedy	62	7	906
selective_prior_ar_greedy	62	8	271
selective_prior_ar_greedy	62	9	2060
selective_prior_ar_greedy	62	10	239
selective_prior_ar_greedy	62	11	210
selective_prior_ar_greedy	62	12	906
selective_prior_ar_greedy	62	13	221
selective_prior_ar_greedy	62	14	369
selective_prior_ar_greedy	62	15	210
selective_prior_ar_greedy	62	16	596
selective_prior_ar_greedy	62	17	213
selective_prior_ar_greedy	62	18	210
selective_prior_ar_greedy	62	19	906
selective_prior_ar_greedy	62	20	271
selective_prior_ar_greedy	62	21	491
selective_prior_ar_greedy	62	22	491
selective_prior_ar_greedy	62	23	491
selective_prior_ar_greedy	62	24	1785
selective_prior_ar_greedy	62	25	239
selective_prior_ar_greedy	62	26	210
selective_prior_ar_greedy	62	27	1825
selective_prior_ar_greedy	62	28	213
selective_prior_ar_greedy	62	29	238
selective_prior_ar_greedy	62	30	378
selective_prior_ar_greedy	62	31	2060
selective_prior_ar_greedy	62	32	221
selective_prior_ar_greedy	62	33	276
selective_prior_ar_greedy	62	34	906
selective_prior_ar_greedy	62	35	271
selective_prior_ar_greedy	62	36	2060
selective_prior_ar_greedy	62	37	213
selective_prior_ar_greedy	62	38	238
selective_prior_ar_greedy	62	39	2060
selective_prior_ar_greedy	62	40	213
selective_prior_ar_greedy	62	41	238
selective_prior_ar_greedy	62	42	2060
selective_prior_ar_greedy	62	43	221
selective_prior_ar_greedy	62	44	276
selective_prior_ar_greedy	62	45	906
selective_prior_ar_greedy	62	46	271
selective_prior_ar_greedy	62	47	271
selective_prior_ar_greedy	62	48	2060
selective_prior_ar_greedy	62	49	319
selective_prior_ar_greedy	62	50	210
selective_prior_ar_greedy	62	51	906
selective_prior_ar_greedy	62	52	213
selective_prior_ar_greedy	62	53	238
selective_prior_ar_greedy	62	54	378
selective_prior_ar_greedy	62	55	378
selective_prior_ar_greedy	62	56	2060
selective_prior_ar_greedy	62	57	213
selective_prior_ar_greedy	62	58	238
selective_prior_ar_greedy	62	59	378
selective_prior_ar_greedy	62	60	2060
selective_prior_ar_greedy	62	61	221
selective_prior_ar_greedy	62	62	276
selective_prior_ar_greedy	62	63	906
selective_prior_ar_greedy	62	64	271
selective_prior_ar_greedy	63	1	210
selective_prior_ar_greedy	63	2	1430
selective_prior_ar_greedy	63	3	322
selective_prior_ar_greedy	63	4	221
selective_prior_ar_greedy	63	5	276
selective_prior_ar_greedy	63	6	1909
selective_prior_ar_greedy	63	7	1909
selective_prior_ar_greedy	63	8	1909
selective_prior_ar_greedy	63	9	271
selective_prior_ar_greedy	63	10	210
selective_prior_ar_greedy	63	11	1430
selective_prior_ar_greedy	63	12	231
selective_prior_ar_greedy	63	13	210
selective_prior_ar_greedy	63	14	1909
selective_prior_ar_greedy	63	15	213
selective_prior_ar_greedy	63	16	238
selective_prior_ar_greedy	63	17	210
selective_prior_ar_greedy	63	18	1909
selective_prior_ar_greedy	63	19	1909
selective_prior_ar_greedy	63	20	213
selective_prior_ar_greedy	63	21	238
selective_prior_ar_greedy	63	22	210
selective_prior_ar_greedy	63	23	1909
selective_prior_ar_greedy	63	24	1909
selective_prior_ar_greedy	63	25	213
selective_prior_ar_greedy	63	26	210
selective_prior_ar_greedy	63	27	1909
selective_prior_ar_greedy	63	28	1909
selective_prior_ar_greedy	63	29	213
selective_prior_ar_greedy	63	30	210
selective_prior_ar_greedy	63	31	1909
selective_prior_ar_greedy	63	32	1909
selective_prior_ar_greedy	63	33	213
selective_prior_ar_greedy	63	34	238
selective_prior_ar_greedy	63	35	210
selective_prior_ar_greedy	63	36	1909
selective_prior_ar_greedy	63	37	1909
selective_prior_ar_greedy	63	38	213
selective_prior_ar_greedy	63	39	238
selective_prior_ar_greedy	63	40	210
selective_prior_ar_greedy	63	41	1909
selective_prior_ar_greedy	63	42	1909
selective_prior_ar_greedy	63	43	213
selective_prior_ar_greedy	63	44	238
selective_prior_ar_greedy	63	45	210
selective_prior_ar_greedy	63	46	1909
selective_prior_ar_greedy	63	47	1909
selective_prior_ar_greedy	63	48	213
selective_prior_ar_greedy	63	49	238
selective_prior_ar_greedy	63	50	210
selective_prior_ar_greedy	63	51	1909
selective_prior_ar_greedy	63	52	1909
selective_prior_ar_greedy	63	53	213
selective_prior_ar_greedy	63	54	238
selective_prior_ar_greedy	63	55	210
selective_prior_ar_greedy	63	56	1909
selective_prior_ar_greedy	63	57	1909
selective_prior_ar_greedy	63	58	213
selective_prior_ar_greedy	63	59	238
selective_prior_ar_greedy	63	60	210
selective_prior_ar_greedy	63	61	1909
selective_prior_ar_greedy	63	62	221
selective_prior_ar_greedy	63	63	276
selective_prior_ar_greedy	63	64	1909
