example	anchor	energy	start	step	active_energy	centered_logit_energy	inverse_hidden_energy	confidence	relative_distance	proposal_relative_distance	fixed_token_top1
0	63	centered_logit	proposal	0	5.834407329559326	5.834407329559326	0.03404970094561577	0.01726253144443035	0.03210507333278656	0.03210507333278656	1
0	127	centered_logit	proposal	0	5.788263320922852	5.788263320922852	0.05660852789878845	0.14359383285045624	0.04028069227933884	0.04028069227933884	1
0	191	centered_logit	proposal	0	3.5767898559570312	3.5767898559570312	0.04128829389810562	0.5173067450523376	0.03239716589450836	0.03239716589450836	1
0	255	centered_logit	proposal	0	3.612163543701172	3.612163543701172	0.034320373088121414	0.040323395282030106	0.02944701723754406	0.02944701723754406	1
0	63	centered_logit	canonical_perturbation	0	4.300205230712891	4.300205230712891	0.18422693014144897	0.0025126433465629816	0.03210507333278656	0.03210507333278656	0
0	127	centered_logit	canonical_perturbation	0	4.2193756103515625	4.2193756103515625	0.26235318183898926	0.0005173677345737815	0.04028069227933884	0.04028069227933884	0
0	191	centered_logit	canonical_perturbation	0	6.554587364196777	6.554587364196777	0.1810949146747589	0.0035400204360485077	0.03239716589450836	0.03239716589450836	1
0	255	centered_logit	canonical_perturbation	0	1.5669244527816772	1.5669244527816772	0.19491997361183167	0.0032828329131007195	0.02944701723754406	0.02944701723754406	1
0	63	centered_logit	random_sphere	0	3.194594621658325	3.194594621658325	25.344175338745117	1.9677241652971134e-05	1.3874109983444214	0.03210507333278656	0
0	127	centered_logit	random_sphere	0	3.373450994491577	3.373450994491577	24.61604118347168	4.908118717139587e-05	1.469436526298523	0.04028069227933884	0
0	191	centered_logit	random_sphere	0	9.019674301147461	9.019674301147461	23.45087242126465	7.710765930823982e-05	1.472707986831665	0.03239716589450836	0
0	255	centered_logit	random_sphere	0	2.2177464962005615	2.2177464962005615	24.230775833129883	4.8844194679986686e-05	1.4434151649475098	0.02944701723754406	0
0	63	inverse_hidden	proposal	0	0.03404970094561577	5.834407329559326	0.03404970094561577	0.01726253144443035	0.03210507333278656	0.03210507333278656	1
0	127	inverse_hidden	proposal	0	0.05660852789878845	5.788263320922852	0.05660852789878845	0.14359383285045624	0.04028069227933884	0.04028069227933884	1
0	191	inverse_hidden	proposal	0	0.04128829389810562	3.5767898559570312	0.04128829389810562	0.5173067450523376	0.03239716589450836	0.03239716589450836	1
0	255	inverse_hidden	proposal	0	0.034320373088121414	3.612163543701172	0.034320373088121414	0.040323395282030106	0.02944701723754406	0.02944701723754406	1
0	63	inverse_hidden	canonical_perturbation	0	0.18422693014144897	4.300205230712891	0.18422693014144897	0.0025126433465629816	0.03210507333278656	0.03210507333278656	0
0	127	inverse_hidden	canonical_perturbation	0	0.26235318183898926	4.2193756103515625	0.26235318183898926	0.0005173677345737815	0.04028069227933884	0.04028069227933884	0
0	191	inverse_hidden	canonical_perturbation	0	0.1810949146747589	6.554587364196777	0.1810949146747589	0.0035400204360485077	0.03239716589450836	0.03239716589450836	1
0	255	inverse_hidden	canonical_perturbation	0	0.19491997361183167	1.5669244527816772	0.19491997361183167	0.0032828329131007195	0.02944701723754406	0.02944701723754406	1
0	63	inverse_hidden	random_sphere	0	25.344175338745117	3.194594621658325	25.344175338745117	1.9677241652971134e-05	1.3874109983444214	0.03210507333278656	0
0	127	inverse_hidden	random_sphere	0	24.61604118347168	3.373450994491577	24.61604118347168	4.908118717139587e-05	1.469436526298523	0.04028069227933884	0
0	191	inverse_hidden	random_sphere	0	23.45087242126465	9.019674301147461	23.45087242126465	7.710765930823982e-05	1.472707986831665	0.03239716589450836	0
0	255	inverse_hidden	random_sphere	0	24.230775833129883	2.2177464962005615	24.230775833129883	4.8844194679986686e-05	1.4434151649475098	0.02944701723754406	0
1	63	centered_logit	proposal	0	3.894191265106201	3.894191265106201	0.046917881816625595	0.44575026631355286	0.027011550962924957	0.027011550962924957	1
1	127	centered_logit	proposal	0	2.499236583709717	2.499236583709717	0.0408783033490181	0.1116841733455658	0.028052475303411484	0.028052475303411484	1
1	191	centered_logit	proposal	0	3.3953166007995605	3.3953166007995605	0.03871073201298714	0.08159908652305603	0.02728215977549553	0.02728215977549553	1
1	255	centered_logit	proposal	0	3.545894145965576	3.545894145965576	0.034391384571790695	0.16385085880756378	0.021826952695846558	0.021826952695846558	1
1	63	centered_logit	canonical_perturbation	0	6.715298175811768	6.715298175811768	0.12157057225704193	0.004374571144580841	0.02701154723763466	0.027011550962924957	1
1	127	centered_logit	canonical_perturbation	0	2.45808744430542	2.45808744430542	0.2813475728034973	0.001955559244379401	0.028052477166056633	0.028052475303411484	0
1	191	centered_logit	canonical_perturbation	0	5.995831489562988	5.995831489562988	0.19599686563014984	0.007390710059553385	0.02728215605020523	0.02728215977549553	1
1	255	centered_logit	canonical_perturbation	0	3.7858142852783203	3.7858142852783203	0.10209023207426071	0.012252161279320717	0.021826952695846558	0.021826952695846558	1
1	63	centered_logit	random_sphere	0	8.152000427246094	8.152000427246094	31.402538299560547	0.0004705483152065426	1.412010669708252	0.027011550962924957	0
1	127	centered_logit	random_sphere	0	2.870776653289795	2.870776653289795	30.314334869384766	8.004785922821611e-05	1.3788148164749146	0.028052475303411484	0
1	191	centered_logit	random_sphere	0	8.471131324768066	8.471131324768066	31.12565040588379	0.0004518470377661288	1.44390869140625	0.02728215977549553	0
1	255	centered_logit	random_sphere	0	7.434123992919922	7.434123992919922	30.90717124938965	2.8248317903489806e-05	1.4040719270706177	0.021826952695846558	0
1	63	inverse_hidden	proposal	0	0.046917881816625595	3.894191265106201	0.046917881816625595	0.44575026631355286	0.027011550962924957	0.027011550962924957	1
1	127	inverse_hidden	proposal	0	0.0408783033490181	2.499236583709717	0.0408783033490181	0.1116841733455658	0.028052475303411484	0.028052475303411484	1
1	191	inverse_hidden	proposal	0	0.03871073201298714	3.3953166007995605	0.03871073201298714	0.08159908652305603	0.02728215977549553	0.02728215977549553	1
1	255	inverse_hidden	proposal	0	0.034391384571790695	3.545894145965576	0.034391384571790695	0.16385085880756378	0.021826952695846558	0.021826952695846558	1
1	63	inverse_hidden	canonical_perturbation	0	0.12157057225704193	6.715298175811768	0.12157057225704193	0.004374571144580841	0.02701154723763466	0.027011550962924957	1
1	127	inverse_hidden	canonical_perturbation	0	0.2813475728034973	2.45808744430542	0.2813475728034973	0.001955559244379401	0.028052477166056633	0.028052475303411484	0
1	191	inverse_hidden	canonical_perturbation	0	0.19599686563014984	5.995831489562988	0.19599686563014984	0.007390710059553385	0.02728215605020523	0.02728215977549553	1
1	255	inverse_hidden	canonical_perturbation	0	0.10209023207426071	3.7858142852783203	0.10209023207426071	0.012252161279320717	0.021826952695846558	0.021826952695846558	1
1	63	inverse_hidden	random_sphere	0	31.402538299560547	8.152000427246094	31.402538299560547	0.0004705483152065426	1.412010669708252	0.027011550962924957	0
1	127	inverse_hidden	random_sphere	0	30.314334869384766	2.870776653289795	30.314334869384766	8.004785922821611e-05	1.3788148164749146	0.028052475303411484	0
1	191	inverse_hidden	random_sphere	0	31.12565040588379	8.471131324768066	31.12565040588379	0.0004518470377661288	1.44390869140625	0.02728215977549553	0
1	255	inverse_hidden	random_sphere	0	30.90717124938965	7.434123992919922	30.90717124938965	2.8248317903489806e-05	1.4040719270706177	0.021826952695846558	0
0	63	centered_logit	proposal	1	2.8679616451263428	2.8679616451263428	0.051422134041786194	0.0013635697541758418	0.03217562288045883	0.03210507333278656	0
0	127	centered_logit	proposal	1	2.965876579284668	2.965876579284668	0.04439135268330574	0.0015608692774549127	0.04020434990525246	0.04028069227933884	0
0	191	centered_logit	proposal	1	1.834341287612915	1.834341287612915	0.043801624327898026	0.7897770404815674	0.032924577593803406	0.03239716589450836	1
0	255	centered_logit	proposal	1	2.199803352355957	2.199803352355957	0.039391059428453445	0.0001302780001424253	0.02940111607313156	0.02944701723754406	0
0	63	centered_logit	canonical_perturbation	1	3.3375468254089355	3.3375468254089355	0.19293799996376038	0.0028691445477306843	0.03238612785935402	0.03210507333278656	1
0	127	centered_logit	canonical_perturbation	1	3.3830301761627197	3.3830301761627197	0.17379173636436462	0.0009906695922836661	0.04028814658522606	0.04028069227933884	0
0	191	centered_logit	canonical_perturbation	1	4.972136497497559	4.972136497497559	0.14533309638500214	0.0214424729347229	0.032502900809049606	0.03239716589450836	1
0	255	centered_logit	canonical_perturbation	1	1.198657512664795	1.198657512664795	0.11130866408348083	0.004153333138674498	0.029453862458467484	0.02944701723754406	1
0	63	centered_logit	random_sphere	1	3.1590018272399902	3.1590018272399902	25.338268280029297	1.9946983229601756e-05	1.3875597715377808	0.03210507333278656	0
0	127	centered_logit	random_sphere	1	3.3374252319335938	3.3374252319335938	24.61585807800293	5.0398713938193396e-05	1.4696089029312134	0.04028069227933884	0
0	191	centered_logit	random_sphere	1	8.903732299804688	8.903732299804688	23.451316833496094	8.343213994521648e-05	1.4726245403289795	0.03239716589450836	0
0	255	centered_logit	random_sphere	1	2.196967601776123	2.196967601776123	24.229814529418945	5.0956616178154945e-05	1.4433362483978271	0.02944701723754406	0
0	63	inverse_hidden	proposal	1	0.013552958145737648	4.71633768081665	0.013552958145737648	0.0059754448011517525	0.031602103263139725	0.03210507333278656	0
0	127	inverse_hidden	proposal	1	0.02557806484401226	4.9854416847229	0.02557806484401226	0.007390574552118778	0.04006680101156235	0.04028069227933884	0
0	191	inverse_hidden	proposal	1	0.017361601814627647	5.306895732879639	0.017361601814627647	0.00993663351982832	0.03213943541049957	0.03239716589450836	0
0	255	inverse_hidden	proposal	1	0.046654924750328064	2.504603385925293	0.046654924750328064	7.722544251009822e-05	0.029039038345217705	0.02944701723754406	0
0	63	inverse_hidden	canonical_perturbation	1	0.0838451236486435	4.206675052642822	0.0838451236486435	0.006439642980694771	0.03141273558139801	0.03210507333278656	1
0	127	inverse_hidden	canonical_perturbation	1	0.11465360224246979	3.802765130996704	0.11465360224246979	0.0017133037326857448	0.03947974368929863	0.04028069227933884	0
0	191	inverse_hidden	canonical_perturbation	1	0.06599299609661102	6.347299575805664	0.06599299609661102	0.007513030432164669	0.03156406059861183	0.03239716589450836	1
0	255	inverse_hidden	canonical_perturbation	1	0.07531628012657166	1.4242658615112305	0.07531628012657166	0.005610672757029533	0.028653966262936592	0.02944701723754406	1
0	63	inverse_hidden	random_sphere	1	25.338558197021484	3.1932528018951416	25.338558197021484	1.961264933925122e-05	1.3874949216842651	0.03210507333278656	0
0	127	inverse_hidden	random_sphere	1	24.61426544189453	3.3729403018951416	24.61426544189453	4.914688179269433e-05	1.4695371389389038	0.04028069227933884	0
0	191	inverse_hidden	random_sphere	1	23.449934005737305	9.020904541015625	23.449934005737305	7.715838000876829e-05	1.472642183303833	0.03239716589450836	0
0	255	inverse_hidden	random_sphere	1	24.229459762573242	2.217867851257324	24.229459762573242	4.872882709605619e-05	1.443596601486206	0.02944701723754406	0
1	63	centered_logit	proposal	1	2.339729070663452	2.339729070663452	0.060037292540073395	0.5953282713890076	0.027726830914616585	0.027011550962924957	1
1	127	centered_logit	proposal	1	1.6712145805358887	1.6712145805358887	0.03281549736857414	0.00465896213427186	0.028085127472877502	0.028052475303411484	0
1	191	centered_logit	proposal	1	1.7815296649932861	1.7815296649932861	0.052087269723415375	0.19843395054340363	0.027736542746424675	0.02728215977549553	1
1	255	centered_logit	proposal	1	2.0307788848876953	2.0307788848876953	0.038191091269254684	0.4934256970882416	0.022375788539648056	0.021826952695846558	1
1	63	centered_logit	canonical_perturbation	1	5.109631061553955	5.109631061553955	0.15796658396720886	0.018235648050904274	0.027223609387874603	0.027011550962924957	1
1	127	centered_logit	canonical_perturbation	1	2.065279006958008	2.065279006958008	0.2294888198375702	0.004885475616902113	0.02805691584944725	0.028052475303411484	1
1	191	centered_logit	canonical_perturbation	1	4.356573581695557	4.356573581695557	0.14669576287269592	0.03567804768681526	0.027297955006361008	0.02728215977549553	1
1	255	centered_logit	canonical_perturbation	1	2.57619571685791	2.57619571685791	0.09573421627283096	0.07300607115030289	0.021885966882109642	0.021826952695846558	1
1	63	centered_logit	random_sphere	1	8.058151245117188	8.058151245117188	31.406190872192383	0.000502166454680264	1.4119261503219604	0.027011550962924957	0
1	127	centered_logit	random_sphere	1	2.8420205116271973	2.8420205116271973	30.312267303466797	8.440758392680436e-05	1.378748893737793	0.028052475303411484	0
1	191	centered_logit	random_sphere	1	8.370410919189453	8.370410919189453	31.125879287719727	0.0004846382944379002	1.4438285827636719	0.02728215977549553	0
1	255	centered_logit	random_sphere	1	7.339759826660156	7.339759826660156	30.904184341430664	3.0302386221592315e-05	1.4039241075515747	0.021826952695846558	0
1	63	inverse_hidden	proposal	1	0.028470763936638832	5.773620128631592	0.028470763936638832	0.0038760313764214516	0.026517868041992188	0.027011550962924957	0
1	127	inverse_hidden	proposal	1	0.029437314718961716	2.572986602783203	0.029437314718961716	0.00012696496560238302	0.027536433190107346	0.028052475303411484	0
1	191	inverse_hidden	proposal	1	0.029305269941687584	6.550770282745361	0.029305269941687584	0.004954742733389139	0.026798930019140244	0.02728215977549553	0
1	255	inverse_hidden	proposal	1	0.022001024335622787	5.625927448272705	0.022001024335622787	0.0005402765818871558	0.021408315747976303	0.021826952695846558	0
1	63	inverse_hidden	canonical_perturbation	1	0.06115023046731949	8.350048065185547	0.06115023046731949	0.0005453237099573016	0.026462223380804062	0.027011550962924957	0
1	127	inverse_hidden	canonical_perturbation	1	0.14079689979553223	2.332712411880493	0.14079689979553223	0.005214555189013481	0.027237696573138237	0.028052475303411484	0
1	191	inverse_hidden	canonical_perturbation	1	0.09065926820039749	5.799408912658691	0.09065926820039749	0.014741873368620872	0.02661667950451374	0.02728215977549553	1
1	255	inverse_hidden	canonical_perturbation	1	0.0429660826921463	4.25371789932251	0.0429660826921463	0.016965648159384727	0.021387383341789246	0.021826952695846558	1
1	63	inverse_hidden	random_sphere	1	31.40076446533203	8.152563095092773	31.40076446533203	0.00047000646009109914	1.4120745658874512	0.027011550962924957	0
1	127	inverse_hidden	random_sphere	1	30.312387466430664	2.870656728744507	30.312387466430664	8.011815953068435e-05	1.3786879777908325	0.028052475303411484	0
1	191	inverse_hidden	random_sphere	1	31.124526977539062	8.470329284667969	31.124526977539062	0.0004528662539087236	1.4438682794570923	0.02728215977549553	0
1	255	inverse_hidden	random_sphere	1	30.904163360595703	7.432885646820068	30.904163360595703	2.8287056920817122e-05	1.403930425643921	0.021826952695846558	0
0	63	centered_logit	proposal	2	2.0710978507995605	2.0710978507995605	0.1103866845369339	0.0007537666242569685	0.03247968852519989	0.03210507333278656	0
0	127	centered_logit	proposal	2	2.3407087326049805	2.3407087326049805	0.06863747537136078	0.00039736891631036997	0.040388304740190506	0.04028069227933884	0
0	191	centered_logit	proposal	2	1.37579345703125	1.37579345703125	0.06011314317584038	0.6748011708259583	0.03375633805990219	0.03239716589450836	1
0	255	centered_logit	proposal	2	1.6625900268554688	1.6625900268554688	0.07699785381555557	0.0001510305592091754	0.029643163084983826	0.02944701723754406	0
0	63	centered_logit	canonical_perturbation	2	2.503775119781494	2.503775119781494	0.1663578748703003	0.004117051605135202	0.032817527651786804	0.03210507333278656	1
0	127	centered_logit	canonical_perturbation	2	2.5151853561401367	2.5151853561401367	0.10334209352731705	0.0015891998773440719	0.04051883518695831	0.04028069227933884	0
0	191	centered_logit	canonical_perturbation	2	3.3731777667999268	3.3731777667999268	0.10006900876760483	0.1695297211408615	0.03285056725144386	0.03239716589450836	1
0	255	centered_logit	canonical_perturbation	2	1.1885673999786377	1.1885673999786377	0.07414674758911133	0.003407552605494857	0.029596077278256416	0.02944701723754406	1
0	63	centered_logit	random_sphere	2	3.1240415573120117	3.1240415573120117	25.332433700561523	2.021464388235472e-05	1.3877134323120117	0.03210507333278656	0
0	127	centered_logit	random_sphere	2	3.3019285202026367	3.3019285202026367	24.615650177001953	5.178664287086576e-05	1.469784140586853	0.04028069227933884	0
0	191	centered_logit	random_sphere	2	8.788765907287598	8.788765907287598	23.45181655883789	9.024384780786932e-05	1.4725422859191895	0.03239716589450836	0
0	255	centered_logit	random_sphere	2	2.1764016151428223	2.1764016151428223	24.228878021240234	5.31582954863552e-05	1.443252444267273	0.02944701723754406	0
0	63	inverse_hidden	proposal	2	0.01851351000368595	3.549201488494873	0.01851351000368595	5.878121010027826e-05	0.03137291967868805	0.03210507333278656	0
0	127	inverse_hidden	proposal	2	0.01894490234553814	4.561626434326172	0.01894490234553814	0.13010600209236145	0.039995089173316956	0.04028069227933884	1
0	191	inverse_hidden	proposal	2	0.020147869363427162	5.188608169555664	0.020147869363427162	0.18109489977359772	0.03190280869603157	0.03239716589450836	1
0	255	inverse_hidden	proposal	2	0.011456898413598537	3.027416229248047	0.011456898413598537	0.0001470081479055807	0.028680376708507538	0.02944701723754406	0
0	63	inverse_hidden	canonical_perturbation	2	0.05915495753288269	3.5233209133148193	0.05915495753288269	0.0062308525666594505	0.030906300991773605	0.03210507333278656	1
0	127	inverse_hidden	canonical_perturbation	2	0.06181073188781738	3.5550098419189453	0.06181073188781738	0.001034392393194139	0.038833390921354294	0.04028069227933884	0
0	191	inverse_hidden	canonical_perturbation	2	0.04860474541783333	8.519768714904785	0.04860474541783333	0.0003723900590557605	0.030976224690675735	0.03239716589450836	0
0	255	inverse_hidden	canonical_perturbation	2	0.050268933176994324	2.7623701095581055	0.050268933176994324	0.00046917592408135533	0.02810712717473507	0.02944701723754406	0
0	63	inverse_hidden	random_sphere	2	25.332969665527344	3.1919612884521484	25.332969665527344	1.955765219463501e-05	1.3875776529312134	0.03210507333278656	0
0	127	inverse_hidden	random_sphere	2	24.61250877380371	3.372459888458252	24.61250877380371	4.9211183068109676e-05	1.4696388244628906	0.04028069227933884	0
0	191	inverse_hidden	random_sphere	2	23.448970794677734	9.021867752075195	23.448970794677734	7.721204747213051e-05	1.4725754261016846	0.03239716589450836	0
0	255	inverse_hidden	random_sphere	2	24.22806167602539	2.2178659439086914	24.22806167602539	4.862662171944976e-05	1.4437792301177979	0.02944701723754406	0
1	63	centered_logit	proposal	2	1.7459681034088135	1.7459681034088135	0.07326623052358627	0.5661510825157166	0.028620991855859756	0.027011550962924957	1
1	127	centered_logit	proposal	2	1.0625927448272705	1.0625927448272705	0.039811871945858	0.15752345323562622	0.028358658775687218	0.028052475303411484	1
1	191	centered_logit	proposal	2	1.2902095317840576	1.2902095317840576	0.06466881930828094	0.25693169236183167	0.028377704322338104	0.02728215977549553	1
1	255	centered_logit	proposal	2	1.3081209659576416	1.3081209659576416	0.04254388064146042	0.6506907343864441	0.023175425827503204	0.021826952695846558	1
1	63	centered_logit	canonical_perturbation	2	3.8482441902160645	3.8482441902160645	0.15179036557674408	0.06955339759588242	0.027469448745250702	0.027011550962924957	1
1	127	centered_logit	canonical_perturbation	2	1.6577868461608887	1.6577868461608887	0.17113454639911652	0.015615953132510185	0.02828957885503769	0.028052475303411484	1
1	191	centered_logit	canonical_perturbation	2	2.773252248764038	2.773252248764038	0.1043025478720665	0.17012880742549896	0.027586795389652252	0.02728215977549553	1
1	255	centered_logit	canonical_perturbation	2	1.7346184253692627	1.7346184253692627	0.08003950119018555	0.3414303660392761	0.02228504978120327	0.021826952695846558	1
1	63	centered_logit	random_sphere	2	7.965048789978027	7.965048789978027	31.40993881225586	0.0005357780610211194	1.4118415117263794	0.027011550962924957	0
1	127	centered_logit	random_sphere	2	2.813687324523926	2.813687324523926	30.310279846191406	8.899503154680133e-05	1.3786919116973877	0.028052475303411484	0
1	191	centered_logit	random_sphere	2	8.270441055297852	8.270441055297852	31.126174926757812	0.0005196505226194859	1.4437484741210938	0.02728215977549553	0
1	255	centered_logit	random_sphere	2	7.246135711669922	7.246135711669922	30.901281356811523	3.249159635743126e-05	1.4037762880325317	0.021826952695846558	0
1	63	inverse_hidden	proposal	2	0.016656631603837013	4.574038028717041	0.016656631603837013	0.13534432649612427	0.02615133672952652	0.027011550962924957	1
1	127	inverse_hidden	proposal	2	0.010558108799159527	2.474872589111328	0.010558108799159527	0.004232073202729225	0.02715926617383957	0.028052475303411484	0
1	191	inverse_hidden	proposal	2	0.011608264409005642	4.425266742706299	0.011608264409005642	0.013928267173469067	0.026361573487520218	0.02728215977549553	0
1	255	inverse_hidden	proposal	2	0.009030542336404324	3.0527946949005127	0.009030542336404324	0.10986894369125366	0.02116001583635807	0.021826952695846558	1
1	63	inverse_hidden	canonical_perturbation	2	0.05670005455613136	10.102548599243164	0.05670005455613136	9.308127482654527e-05	0.02591836452484131	0.027011550962924957	0
1	127	inverse_hidden	canonical_perturbation	2	0.07010243833065033	2.1088931560516357	0.07010243833065033	0.009816037490963936	0.026631997898221016	0.028052475303411484	1
1	191	inverse_hidden	canonical_perturbation	2	0.04608159884810448	7.281149387359619	0.04608159884810448	0.004932072479277849	0.026145771145820618	0.02728215977549553	1
1	255	inverse_hidden	canonical_perturbation	2	0.045497577637434006	6.664730548858643	0.045497577637434006	0.0006417665281333029	0.021160421893000603	0.021826952695846558	0
1	63	inverse_hidden	random_sphere	2	31.399011611938477	8.153215408325195	31.399011611938477	0.0004695093957707286	1.4121389389038086	0.027011550962924957	0
1	127	inverse_hidden	random_sphere	2	30.310409545898438	2.870727062225342	30.310409545898438	8.014271588763222e-05	1.3785549402236938	0.028052475303411484	0
1	191	inverse_hidden	random_sphere	2	31.123390197753906	8.469804763793945	31.123390197753906	0.0004537606437224895	1.4438271522521973	0.02728215977549553	0
1	255	inverse_hidden	random_sphere	2	30.901155471801758	7.43161678314209	30.901155471801758	2.8326112442300655e-05	1.403788447380066	0.021826952695846558	0
0	63	centered_logit	proposal	4	1.516890287399292	1.516890287399292	0.18500104546546936	0.0007152415928430855	0.03365020453929901	0.03210507333278656	0
0	127	centered_logit	proposal	4	1.6459331512451172	1.6459331512451172	0.06266801804304123	0.0005088493344374001	0.04114197567105293	0.04028069227933884	0
0	191	centered_logit	proposal	4	0.8092870116233826	0.8092870116233826	0.057111889123916626	0.7972472906112671	0.03557829186320305	0.03239716589450836	1
0	255	centered_logit	proposal	4	1.3386684656143188	1.3386684656143188	0.11283598840236664	0.00030789116863161325	0.030576126649975777	0.02944701723754406	0
0	63	centered_logit	canonical_perturbation	4	1.3208286762237549	1.3208286762237549	0.08841928839683533	0.0033436324447393417	0.034037742763757706	0.03210507333278656	0
0	127	centered_logit	canonical_perturbation	4	1.6717617511749268	1.6717617511749268	0.07486483454704285	0.0016350973164662719	0.041262056678533554	0.04028069227933884	0
0	191	centered_logit	canonical_perturbation	4	1.9671692848205566	1.9671692848205566	0.08321210741996765	0.48057258129119873	0.03412613272666931	0.03239716589450836	1
0	255	centered_logit	canonical_perturbation	4	0.9797182083129883	0.9797182083129883	0.12757259607315063	0.01679457537829876	0.030232226476073265	0.02944701723754406	1
0	63	centered_logit	random_sphere	4	3.056030511856079	3.056030511856079	25.321054458618164	2.0749950635945424e-05	1.3880321979522705	0.03210507333278656	0
0	127	centered_logit	random_sphere	4	3.2325165271759033	3.2325165271759033	24.615318298339844	5.473427154356614e-05	1.4701367616653442	0.04028069227933884	0
0	191	centered_logit	random_sphere	4	8.561817169189453	8.561817169189453	23.453113555908203	0.0001054485619533807	1.4723764657974243	0.03239716589450836	0
0	255	centered_logit	random_sphere	4	2.1359145641326904	2.1359145641326904	24.227123260498047	5.785659595858306e-05	1.443082571029663	0.02944701723754406	0
0	63	inverse_hidden	proposal	4	0.017356259748339653	3.1221890449523926	0.017356259748339653	0.0009398450492881238	0.031167149543762207	0.03210507333278656	0
0	127	inverse_hidden	proposal	4	0.0133903156965971	4.98609733581543	0.0133903156965971	3.162314897053875e-05	0.04013877362012863	0.04028069227933884	0
0	191	inverse_hidden	proposal	4	0.01338450238108635	14.202930450439453	0.01338450238108635	3.9461897927139944e-07	0.03174784034490585	0.03239716589450836	0
0	255	inverse_hidden	proposal	4	0.031947195529937744	1.9701776504516602	0.031947195529937744	0.011724290437996387	0.028268001973628998	0.02944701723754406	0
0	63	inverse_hidden	canonical_perturbation	4	0.08495167642831802	2.6993319988250732	0.08495167642831802	0.0022017525043338537	0.030131803825497627	0.03210507333278656	0
0	127	inverse_hidden	canonical_perturbation	4	0.09685615450143814	2.946471691131592	0.09685615450143814	0.0005063352873548865	0.037741854786872864	0.04028069227933884	0
0	191	inverse_hidden	canonical_perturbation	4	0.08772648125886917	10.329545974731445	0.08772648125886917	0.00013647439482156187	0.030055304989218712	0.03239716589450836	0
0	255	inverse_hidden	canonical_perturbation	4	0.0826285257935524	2.3679285049438477	0.0826285257935524	0.00024076539557427168	0.027413511648774147	0.02944701723754406	0
0	63	inverse_hidden	random_sphere	4	25.322071075439453	3.1892638206481934	25.322071075439453	1.9451859770924784e-05	1.3877357244491577	0.03210507333278656	0
0	127	inverse_hidden	random_sphere	4	24.6090145111084	3.371605157852173	24.6090145111084	4.934152093483135e-05	1.4698460102081299	0.04028069227933884	0
0	191	inverse_hidden	random_sphere	4	23.447032928466797	9.023252487182617	23.447032928466797	7.733349048066884e-05	1.4724425077438354	0.03239716589450836	0
0	255	inverse_hidden	random_sphere	4	24.225421905517578	2.217792510986328	24.225421905517578	4.8430370952701196e-05	1.4441419839859009	0.02944701723754406	0
1	63	centered_logit	proposal	4	1.1024917364120483	1.1024917364120483	0.07657904922962189	0.619118332862854	0.030584560707211494	0.027011550962924957	1
1	127	centered_logit	proposal	4	0.8563734292984009	0.8563734292984009	0.05610877647995949	0.421232134103775	0.029056420549750328	0.028052475303411484	1
1	191	centered_logit	proposal	4	0.8246763348579407	0.8246763348579407	0.0670129582285881	0.45389559864997864	0.029964487999677658	0.02728215977549553	1
1	255	centered_logit	proposal	4	0.8829302787780762	0.8829302787780762	0.05539269372820854	0.7985741496086121	0.024946294724941254	0.021826952695846558	1
1	63	centered_logit	canonical_perturbation	4	2.1461987495422363	2.1461987495422363	0.12397988885641098	0.37478724122047424	0.028516996651887894	0.027011550962924957	1
1	127	centered_logit	canonical_perturbation	4	1.1288504600524902	1.1288504600524902	0.09474488347768784	0.10637637972831726	0.029290683567523956	0.028052475303411484	1
1	191	centered_logit	canonical_perturbation	4	1.2812790870666504	1.2812790870666504	0.07598944753408432	0.579391360282898	0.028917433694005013	0.02728215977549553	1
1	255	centered_logit	canonical_perturbation	4	1.0085763931274414	1.0085763931274414	0.070354163646698	0.8393438458442688	0.023889850825071335	0.021826952695846558	1
1	63	centered_logit	random_sphere	4	7.781136989593506	7.781136989593506	31.417823791503906	0.0006094811833463609	1.4116722345352173	0.027011550962924957	0
1	127	centered_logit	random_sphere	4	2.758301019668579	2.758301019668579	30.30657196044922	9.890909132082015e-05	1.3785971403121948	0.028052475303411484	0
1	191	centered_logit	random_sphere	4	8.072806358337402	8.072806358337402	31.126970291137695	0.0005969156045466661	1.4435878992080688	0.02728215977549553	0
1	255	centered_logit	random_sphere	4	7.061169624328613	7.061169624328613	30.895763397216797	3.731281321961433e-05	1.4034806489944458	0.021826952695846558	0
1	63	inverse_hidden	proposal	4	0.010890833102166653	9.636726379394531	0.010890833102166653	5.8546756918076426e-05	0.02577308751642704	0.027011550962924957	0
1	127	inverse_hidden	proposal	4	0.007421931717544794	3.4702377319335938	0.007421931717544794	4.017934770672582e-05	0.026773601770401	0.028052475303411484	0
1	191	inverse_hidden	proposal	4	0.01432239543646574	6.1621880531311035	0.01432239543646574	0.0004626863228622824	0.02579820714890957	0.02728215977549553	0
1	255	inverse_hidden	proposal	4	0.006832777056843042	5.339066505432129	0.006832777056843042	0.00667551951482892	0.02087811380624771	0.021826952695846558	0
1	63	inverse_hidden	canonical_perturbation	4	0.05679755657911301	10.60477066040039	0.05679755657911301	7.638017268618569e-05	0.025107644498348236	0.027011550962924957	0
1	127	inverse_hidden	canonical_perturbation	4	0.06308971345424652	2.377549886703491	0.06308971345424652	0.0006392202340066433	0.02593962848186493	0.028052475303411484	0
1	191	inverse_hidden	canonical_perturbation	4	0.06348798424005508	9.939908981323242	0.06348798424005508	0.0007633650675415993	0.02555866725742817	0.02728215977549553	0
1	255	inverse_hidden	canonical_perturbation	4	0.04507405683398247	6.942317008972168	0.04507405683398247	0.0008281775517389178	0.020820198580622673	0.021826952695846558	0
1	63	inverse_hidden	random_sphere	4	31.39554786682129	8.154571533203125	31.39554786682129	0.0004685430321842432	1.4122662544250488	0.027011550962924957	0
1	127	inverse_hidden	random_sphere	4	30.30638885498047	2.8709754943847656	30.30638885498047	8.016721403691918e-05	1.3782849311828613	0.028052475303411484	0
1	191	inverse_hidden	random_sphere	4	31.121116638183594	8.469184875488281	31.121116638183594	0.0004554110346361995	1.443739652633667	0.02728215977549553	0
1	255	inverse_hidden	random_sphere	4	30.895177841186523	7.428830146789551	30.895177841186523	2.8405374905560166e-05	1.4035030603408813	0.021826952695846558	0
0	63	centered_logit	proposal	8	1.0450317859649658	1.0450317859649658	0.18582311272621155	0.00114293466322124	0.03679114580154419	0.03210507333278656	0
0	127	centered_logit	proposal	8	0.8655447959899902	0.8655447959899902	0.08658941090106964	0.23463088274002075	0.04310891032218933	0.04028069227933884	1
0	191	centered_logit	proposal	8	0.6911589503288269	0.6911589503288269	0.07231828570365906	0.8248887658119202	0.03904262185096741	0.03239716589450836	1
0	255	centered_logit	proposal	8	1.0929667949676514	1.0929667949676514	0.12264151126146317	0.002360088285058737	0.032907333225011826	0.02944701723754406	0
0	63	centered_logit	canonical_perturbation	8	1.0349712371826172	1.0349712371826172	0.09491398185491562	0.005004831124097109	0.03698450326919556	0.03210507333278656	0
0	127	centered_logit	canonical_perturbation	8	0.9548448920249939	0.9548448920249939	0.09819109737873077	0.09510936588048935	0.043716710060834885	0.04028069227933884	1
0	191	centered_logit	canonical_perturbation	8	0.8660755157470703	0.8660755157470703	0.12212474644184113	0.8147025108337402	0.03840159624814987	0.03239716589450836	1
0	255	centered_logit	canonical_perturbation	8	0.8347344398498535	0.8347344398498535	0.14086198806762695	0.047392621636390686	0.03212634101510048	0.02944701723754406	1
0	63	centered_logit	random_sphere	8	2.9276394844055176	2.9276394844055176	25.299463272094727	2.1856425519217737e-05	1.3887135982513428	0.03210507333278656	0
0	127	centered_logit	random_sphere	8	3.099928379058838	3.099928379058838	24.615243911743164	6.13700394751504e-05	1.4708176851272583	0.04028069227933884	0
0	191	centered_logit	random_sphere	8	8.120378494262695	8.120378494262695	23.457069396972656	0.0001433559664292261	1.4720395803451538	0.03239716589450836	0
0	255	centered_logit	random_sphere	8	2.057572603225708	2.057572603225708	24.223960876464844	6.844357267254964e-05	1.4427776336669922	0.02944701723754406	0
0	63	inverse_hidden	proposal	8	0.007378172129392624	3.0759594440460205	0.007378172129392624	4.925053144688718e-05	0.030460175126791	0.03210507333278656	0
0	127	inverse_hidden	proposal	8	0.008211138658225536	3.645925998687744	0.008211138658225536	0.00016959392814897	0.039984721690416336	0.04028069227933884	0
0	191	inverse_hidden	proposal	8	0.011529126204550266	16.425607681274414	0.011529126204550266	3.553919469823086e-08	0.03160245716571808	0.03239716589450836	0
0	255	inverse_hidden	proposal	8	0.013735535554587841	3.3614606857299805	0.013735535554587841	2.898682168961386e-06	0.027885377407073975	0.02944701723754406	0
0	63	inverse_hidden	canonical_perturbation	8	0.028970057144761086	2.691391944885254	0.028970057144761086	0.00394701212644577	0.029635395854711533	0.03210507333278656	1
0	127	inverse_hidden	canonical_perturbation	8	0.051211848855018616	2.911026954650879	0.051211848855018616	0.0007727912743575871	0.03638004884123802	0.04028069227933884	0
0	191	inverse_hidden	canonical_perturbation	8	0.02460760809481144	8.305785179138184	0.02460760809481144	0.0006110765971243382	0.029071515426039696	0.03239716589450836	0
0	255	inverse_hidden	canonical_perturbation	8	0.02841143310070038	2.3361423015594482	0.02841143310070038	0.001739853760227561	0.0272330641746521	0.02944701723754406	0
0	63	inverse_hidden	random_sphere	8	25.30130386352539	3.183030128479004	25.30130386352539	1.9250035620643757e-05	1.388001561164856	0.03210507333278656	0
0	127	inverse_hidden	random_sphere	8	24.602094650268555	3.3698840141296387	24.602094650268555	4.965303742210381e-05	1.4702544212341309	0.04028069227933884	0
0	191	inverse_hidden	random_sphere	8	23.443185806274414	9.025278091430664	23.443185806274414	7.761436427244917e-05	1.4721661806106567	0.03239716589450836	0
0	255	inverse_hidden	random_sphere	8	24.22065544128418	2.217319965362549	24.22065544128418	4.809685924556106e-05	1.444831132888794	0.02944701723754406	0
1	63	centered_logit	proposal	8	0.7746952772140503	0.7746952772140503	0.08594712615013123	0.6762909889221191	0.034447912126779556	0.027011550962924957	1
1	127	centered_logit	proposal	8	0.6731730699539185	0.6731730699539185	0.07281976193189621	0.6219809651374817	0.030668484047055244	0.028052475303411484	1
1	191	centered_logit	proposal	8	0.6853613257408142	0.6853613257408142	0.08697924017906189	0.6611378192901611	0.032820604741573334	0.02728215977549553	1
1	255	centered_logit	proposal	8	0.7106282114982605	0.7106282114982605	0.08450128883123398	0.9179631471633911	0.028326377272605896	0.021826952695846558	1
1	63	centered_logit	canonical_perturbation	8	1.1636300086975098	1.1636300086975098	0.13800889253616333	0.5528459548950195	0.03219452127814293	0.027011550962924957	1
1	127	centered_logit	canonical_perturbation	8	0.749667763710022	0.749667763710022	0.13331164419651031	0.5418139100074768	0.03212904930114746	0.028052475303411484	1
1	191	centered_logit	canonical_perturbation	8	0.7555885314941406	0.7555885314941406	0.10721614211797714	0.7128803730010986	0.0330498069524765	0.02728215977549553	1
1	255	centered_logit	canonical_perturbation	8	0.7646287083625793	0.7646287083625793	0.10074072331190109	0.9338405132293701	0.027982596307992935	0.021826952695846558	1
1	63	centered_logit	random_sphere	8	7.422832489013672	7.422832489013672	31.43490219116211	0.0007861577323637903	1.4113212823867798	0.027011550962924957	0
1	127	centered_logit	random_sphere	8	2.6526989936828613	2.6526989936828613	30.299827575683594	0.0001220161429955624	1.3784394264221191	0.028052475303411484	0
1	191	centered_logit	random_sphere	8	7.687138557434082	7.687138557434082	31.12936019897461	0.0007850044057704508	1.44326651096344	0.02728215977549553	0
1	255	centered_logit	random_sphere	8	6.7007598876953125	6.7007598876953125	30.885896682739258	4.901019565295428e-05	1.4028857946395874	0.021826952695846558	0
1	63	inverse_hidden	proposal	8	0.00790533609688282	7.984420299530029	0.00790533609688282	0.0006419821875169873	0.02530907839536667	0.027011550962924957	0
1	127	inverse_hidden	proposal	8	0.00646741921082139	3.9544448852539062	0.00646741921082139	5.5735632486175746e-05	0.02638287842273712	0.028052475303411484	0
1	191	inverse_hidden	proposal	8	0.010269880294799805	13.731866836547852	0.010269880294799805	2.7696736651705578e-05	0.025489522144198418	0.02728215977549553	0
1	255	inverse_hidden	proposal	8	0.005531186703592539	10.379751205444336	0.005531186703592539	0.0002823632094077766	0.020623374730348587	0.021826952695846558	0
1	63	inverse_hidden	canonical_perturbation	8	0.0266684852540493	7.206816673278809	0.0266684852540493	0.0029633233789354563	0.024800876155495644	0.027011550962924957	1
1	127	inverse_hidden	canonical_perturbation	8	0.06627299636602402	2.447993278503418	0.06627299636602402	0.00046581108472310007	0.02531873621046543	0.028052475303411484	0
1	191	inverse_hidden	canonical_perturbation	8	0.04007631540298462	9.593745231628418	0.04007631540298462	0.0013541266089305282	0.02534717693924904	0.02728215977549553	0
1	255	inverse_hidden	canonical_perturbation	8	0.024882791563868523	2.939509391784668	0.024882791563868523	0.40146076679229736	0.02119642123579979	0.021826952695846558	1
1	63	inverse_hidden	random_sphere	8	31.388818740844727	8.1578369140625	31.388818740844727	0.00046644173562526703	1.4125102758407593	0.027011550962924957	0
1	127	inverse_hidden	random_sphere	8	30.29816436767578	2.8714733123779297	30.29816436767578	8.02187278168276e-05	1.377730369567871	0.028052475303411484	0
1	191	inverse_hidden	random_sphere	8	31.11669921875	8.468916893005371	31.11669921875	0.000458717520814389	1.4435385465621948	0.02728215977549553	0
1	255	inverse_hidden	random_sphere	8	30.883468627929688	7.422325134277344	30.883468627929688	2.8561509680002928e-05	1.4029302597045898	0.021826952695846558	0
0	63	centered_logit	proposal	16	0.8378029465675354	0.8378029465675354	0.17621690034866333	0.016951706260442734	0.04211602732539177	0.03210507333278656	1
0	127	centered_logit	proposal	16	0.6635714173316956	0.6635714173316956	0.10491766780614853	0.3679521977901459	0.04631364345550537	0.04028069227933884	1
0	191	centered_logit	proposal	16	0.536832332611084	0.536832332611084	0.1018427312374115	0.9236104488372803	0.04328836500644684	0.03239716589450836	1
0	255	centered_logit	proposal	16	0.8833180665969849	0.8833180665969849	0.1906953901052475	0.008137121796607971	0.0370175875723362	0.02944701723754406	1
0	63	centered_logit	canonical_perturbation	16	0.7554387450218201	0.7554387450218201	0.17405003309249878	0.19255217909812927	0.04223811626434326	0.03210507333278656	1
0	127	centered_logit	canonical_perturbation	16	0.6599524021148682	0.6599524021148682	0.1420632004737854	0.3084997236728668	0.04908107593655586	0.04028069227933884	1
0	191	centered_logit	canonical_perturbation	16	0.64280104637146	0.64280104637146	0.16225013136863708	0.8435508012771606	0.045516449958086014	0.03239716589450836	1
0	255	centered_logit	canonical_perturbation	16	0.6349491477012634	0.6349491477012634	0.14294202625751495	0.3591534495353699	0.036437638103961945	0.02944701723754406	1
0	63	centered_logit	random_sphere	16	2.7003650665283203	2.7003650665283203	25.260730743408203	2.4338245566468686e-05	1.3901722431182861	0.03210507333278656	0
0	127	centered_logit	random_sphere	16	2.8586254119873047	2.8586254119873047	24.616830825805664	7.843314233468845e-05	1.4721357822418213	0.04028069227933884	0
0	191	centered_logit	random_sphere	16	7.290633678436279	7.290633678436279	23.470378875732422	0.00026023166719824076	1.471360206604004	0.03239716589450836	0
0	255	centered_logit	random_sphere	16	1.9116148948669434	1.9116148948669434	24.21858024597168	9.511068492429331e-05	1.442263126373291	0.02944701723754406	0
0	63	inverse_hidden	proposal	16	0.00318827829323709	1.9099619388580322	0.00318827829323709	0.10215725749731064	0.03005816973745823	0.03210507333278656	1
0	127	inverse_hidden	proposal	16	0.004061939660459757	4.529661178588867	0.004061939660459757	0.07126447558403015	0.039860256016254425	0.04028069227933884	0
0	191	inverse_hidden	proposal	16	0.0050946432165801525	4.311052322387695	0.0050946432165801525	0.3182627260684967	0.03133312612771988	0.03239716589450836	1
0	255	inverse_hidden	proposal	16	0.006417498458176851	1.7125849723815918	0.006417498458176851	0.002308168448507786	0.027275115251541138	0.02944701723754406	0
0	63	inverse_hidden	canonical_perturbation	16	0.018647829070687294	2.17403244972229	0.018647829070687294	0.0017212264938279986	0.030415179207921028	0.03210507333278656	0
0	127	inverse_hidden	canonical_perturbation	16	0.02794678509235382	2.8302791118621826	0.02794678509235382	0.002106203930452466	0.036306850612163544	0.04028069227933884	0
0	191	inverse_hidden	canonical_perturbation	16	0.016660645604133606	11.166542053222656	0.016660645604133606	0.0001897835754789412	0.030122248455882072	0.03239716589450836	0
0	255	inverse_hidden	canonical_perturbation	16	0.015257659368216991	2.1566052436828613	0.015257659368216991	0.002907741582021117	0.02916835807263851	0.02944701723754406	0
0	63	inverse_hidden	random_sphere	16	25.26355743408203	3.170513868331909	25.26355743408203	1.892279578896705e-05	1.38832688331604	0.03210507333278656	0
0	127	inverse_hidden	random_sphere	16	24.588838577270508	3.3657760620117188	24.588838577270508	5.0414062570780516e-05	1.4709587097167969	0.04028069227933884	0
0	191	inverse_hidden	random_sphere	16	23.435321807861328	9.029085159301758	23.435321807861328	7.817750156391412e-05	1.4715681076049805	0.03239716589450836	0
0	255	inverse_hidden	random_sphere	16	24.211824417114258	2.215569019317627	24.211824417114258	4.7748195356689394e-05	1.4460023641586304	0.02944701723754406	0
1	63	centered_logit	proposal	16	0.6036179065704346	0.6036179065704346	0.12356340885162354	0.7950626015663147	0.03936905786395073	0.027011550962924957	1
1	127	centered_logit	proposal	16	0.5335216522216797	0.5335216522216797	0.09617123007774353	0.8898135423660278	0.03388456255197525	0.028052475303411484	1
1	191	centered_logit	proposal	16	0.5346337556838989	0.5346337556838989	0.14116796851158142	0.828859806060791	0.03651556372642517	0.02728215977549553	1
1	255	centered_logit	proposal	16	0.5432478189468384	0.5432478189468384	0.11969977617263794	0.9911325573921204	0.03308228775858879	0.021826952695846558	1
1	63	centered_logit	canonical_perturbation	16	0.7358783483505249	0.7358783483505249	0.21003128588199615	0.5326138138771057	0.039711836725473404	0.027011550962924957	1
1	127	centered_logit	canonical_perturbation	16	0.5711990594863892	0.5711990594863892	0.1436811089515686	0.8641996383666992	0.036949094384908676	0.028052475303411484	1
1	191	centered_logit	canonical_perturbation	16	0.6301677227020264	0.6301677227020264	0.2137935906648636	0.7109295725822449	0.03947269171476364	0.02728215977549553	1
1	255	centered_logit	canonical_perturbation	16	0.5916439294815063	0.5916439294815063	0.14630869030952454	0.9867402911186218	0.03357095271348953	0.021826952695846558	1
1	63	centered_logit	random_sphere	16	6.74652099609375	6.74652099609375	31.473634719848633	0.001290304004214704	1.410567283630371	0.027011550962924957	0
1	127	centered_logit	random_sphere	16	2.461859941482544	2.461859941482544	30.288240432739258	0.00018414121586829424	1.3781450986862183	0.028052475303411484	0
1	191	centered_logit	random_sphere	16	6.956671714782715	6.956671714782715	31.13698959350586	0.0013348697684705257	1.4426383972167969	0.02728215977549553	0
1	255	centered_logit	random_sphere	16	6.0207061767578125	6.0207061767578125	30.870113372802734	8.310761768370867e-05	1.4016799926757812	0.021826952695846558	0
1	63	inverse_hidden	proposal	16	0.004483615513890982	3.4511938095092773	0.004483615513890982	0.15333107113838196	0.024787448346614838	0.027011550962924957	0
1	127	inverse_hidden	proposal	16	0.003425000701099634	1.635177493095398	0.003425000701099634	0.3724570572376251	0.02598223276436329	0.028052475303411484	1
1	191	inverse_hidden	proposal	16	0.004275584127753973	9.34786319732666	0.004275584127753973	0.01650857925415039	0.025418955832719803	0.02728215977549553	1
1	255	inverse_hidden	proposal	16	0.0030261361971497536	3.3821847438812256	0.0030261361971497536	0.9831171035766602	0.019925953820347786	0.021826952695846558	1
1	63	inverse_hidden	canonical_perturbation	16	0.018470950424671173	9.957754135131836	0.018470950424671173	0.0006414300296455622	0.024997947737574577	0.027011550962924957	0
1	127	inverse_hidden	canonical_perturbation	16	0.03573457524180412	1.9856655597686768	0.03573457524180412	0.021430833265185356	0.02651500143110752	0.028052475303411484	1
1	191	inverse_hidden	canonical_perturbation	16	0.02080782875418663	6.400045394897461	0.02080782875418663	0.023360352963209152	0.027068713679909706	0.02728215977549553	1
1	255	inverse_hidden	canonical_perturbation	16	0.0147981196641922	7.545360565185547	0.0147981196641922	0.008631009608507156	0.022371450439095497	0.021826952695846558	1
1	63	inverse_hidden	random_sphere	16	31.375839233398438	8.164373397827148	31.375839233398438	0.0004630589683074504	1.4128994941711426	0.027011550962924957	0
1	127	inverse_hidden	random_sphere	16	30.281482696533203	2.872668981552124	30.281482696533203	8.024397538974881e-05	1.3766155242919922	0.028052475303411484	0
1	191	inverse_hidden	random_sphere	16	31.108102798461914	8.468208312988281	31.108102798461914	0.0004655411175917834	1.4430029392242432	0.02728215977549553	0
1	255	inverse_hidden	random_sphere	16	30.86174964904785	7.409394264221191	30.86174964904785	2.8797210688935593e-05	1.4018014669418335	0.021826952695846558	0
0	63	centered_logit	proposal	24	0.7176508903503418	0.7176508903503418	0.23444272577762604	0.0321211963891983	0.045316193252801895	0.03210507333278656	1
0	127	centered_logit	proposal	24	0.5691457986831665	0.5691457986831665	0.12578435242176056	0.441487193107605	0.04858151823282242	0.04028069227933884	1
0	191	centered_logit	proposal	24	0.45541104674339294	0.45541104674339294	0.11450347304344177	0.9709448218345642	0.0460297130048275	0.03239716589450836	1
0	255	centered_logit	proposal	24	0.762722373008728	0.762722373008728	0.15143558382987976	0.05090592801570892	0.04016155004501343	0.02944701723754406	1
0	63	centered_logit	canonical_perturbation	24	0.6075364351272583	0.6075364351272583	0.15904253721237183	0.33094102144241333	0.04591430723667145	0.03210507333278656	1
0	127	centered_logit	canonical_perturbation	24	0.5230115652084351	0.5230115652084351	0.16759607195854187	0.5007777214050293	0.05242880433797836	0.04028069227933884	1
0	191	centered_logit	canonical_perturbation	24	0.5708693265914917	0.5708693265914917	0.17991748452186584	0.9020782709121704	0.04932156205177307	0.03239716589450836	1
0	255	centered_logit	canonical_perturbation	24	0.443561851978302	0.443561851978302	0.10472781956195831	0.9476748108863831	0.039782267063856125	0.02944701723754406	1
0	63	centered_logit	random_sphere	24	2.507751941680908	2.507751941680908	25.228116989135742	2.7399491955293342e-05	1.3914974927902222	0.03210507333278656	0
0	127	centered_logit	random_sphere	24	2.645541191101074	2.645541191101074	24.619956970214844	0.00010306688636774197	1.4735065698623657	0.04028069227933884	0
0	191	centered_logit	random_sphere	24	6.53564453125	6.53564453125	23.489850997924805	0.0004596254730131477	1.4706883430480957	0.03239716589450836	0
0	255	centered_logit	random_sphere	24	1.7798351049423218	1.7798351049423218	24.21364974975586	0.00013112393207848072	1.4419037103652954	0.02944701723754406	0
0	63	inverse_hidden	proposal	24	0.0020395321771502495	2.6192684173583984	0.0020395321771502495	0.1406666785478592	0.02988327480852604	0.03210507333278656	1
0	127	inverse_hidden	proposal	24	0.002850332297384739	2.81821870803833	0.002850332297384739	0.2838451564311981	0.03983430564403534	0.04028069227933884	1
0	191	inverse_hidden	proposal	24	0.0037112683057785034	5.43454122543335	0.0037112683057785034	0.27409541606903076	0.031108861789107323	0.03239716589450836	1
0	255	inverse_hidden	proposal	24	0.0032533060293644667	1.5885642766952515	0.0032533060293644667	0.05476996302604675	0.026899293065071106	0.02944701723754406	1
0	63	inverse_hidden	canonical_perturbation	24	0.014700910076498985	2.2214150428771973	0.014700910076498985	0.006688479334115982	0.030563052743673325	0.03210507333278656	1
0	127	inverse_hidden	canonical_perturbation	24	0.021471237763762474	2.679736852645874	0.021471237763762474	0.0007438879110850394	0.03588799014687538	0.04028069227933884	0
0	191	inverse_hidden	canonical_perturbation	24	0.012485519982874393	6.057158470153809	0.012485519982874393	0.028770102187991142	0.030500618740916252	0.03239716589450836	1
0	255	inverse_hidden	canonical_perturbation	24	0.011368414387106895	2.5617361068725586	0.011368414387106895	0.001205876120366156	0.030166923999786377	0.02944701723754406	0
0	63	inverse_hidden	random_sphere	24	25.231412887573242	3.160435199737549	25.231412887573242	1.8712766177486628e-05	1.3883484601974487	0.03210507333278656	0
0	127	inverse_hidden	random_sphere	24	24.576435089111328	3.362607955932617	24.576435089111328	5.127058466314338e-05	1.471543312072754	0.04028069227933884	0
0	191	inverse_hidden	random_sphere	24	23.427650451660156	9.02804946899414	23.427650451660156	7.899454067228362e-05	1.4708970785140991	0.03239716589450836	0
0	255	inverse_hidden	random_sphere	24	24.20339584350586	2.213087797164917	24.20339584350586	4.756017733598128e-05	1.446990966796875	0.02944701723754406	0
1	63	centered_logit	proposal	24	0.513087272644043	0.513087272644043	0.14225523173809052	0.9070074558258057	0.042122434824705124	0.027011550962924957	1
1	127	centered_logit	proposal	24	0.43021178245544434	0.43021178245544434	0.10839053988456726	0.976889967918396	0.0363202765583992	0.028052475303411484	1
1	191	centered_logit	proposal	24	0.4490727484226227	0.4490727484226227	0.13579005002975464	0.9473128914833069	0.03908728063106537	0.02728215977549553	1
1	255	centered_logit	proposal	24	0.419022798538208	0.419022798538208	0.11581668257713318	0.9993731379508972	0.03572666272521019	0.021826952695846558	1
1	63	centered_logit	canonical_perturbation	24	0.6375015377998352	0.6375015377998352	0.22872188687324524	0.667488694190979	0.043717093765735626	0.027011550962924957	1
1	127	centered_logit	canonical_perturbation	24	0.43735021352767944	0.43735021352767944	0.16233141720294952	0.9726393818855286	0.040211256593465805	0.028052475303411484	1
1	191	centered_logit	canonical_perturbation	24	0.5281538963317871	0.5281538963317871	0.21381399035453796	0.8660460710525513	0.04257645457983017	0.02728215977549553	1
1	255	centered_logit	canonical_perturbation	24	0.4493665099143982	0.4493665099143982	0.1496821939945221	0.9987779259681702	0.03700743615627289	0.021826952695846558	1
1	63	centered_logit	random_sphere	24	6.126698017120361	6.126698017120361	31.5174560546875	0.0020746164955198765	1.4097564220428467	0.027011550962924957	0
1	127	centered_logit	random_sphere	24	2.295618772506714	2.295618772506714	30.280033111572266	0.0002739178016781807	1.3778945207595825	0.028052475303411484	0
1	191	centered_logit	random_sphere	24	6.2840118408203125	6.2840118408203125	31.147945404052734	0.0022070484701544046	1.4420382976531982	0.02728215977549553	0
1	255	centered_logit	random_sphere	24	5.398569107055664	5.398569107055664	30.85947036743164	0.00013761589070782065	1.4005004167556763	0.021826952695846558	0
1	63	inverse_hidden	proposal	24	0.0023763244971632957	3.3169312477111816	0.0023763244971632957	0.5527050495147705	0.024587169289588928	0.027011550962924957	1
1	127	inverse_hidden	proposal	24	0.002216172404587269	1.693003535270691	0.002216172404587269	0.6505066156387329	0.02549564652144909	0.028052475303411484	1
1	191	inverse_hidden	proposal	24	0.002773819025605917	6.435317039489746	0.002773819025605917	0.41386646032333374	0.02476053684949875	0.02728215977549553	1
1	255	inverse_hidden	proposal	24	0.001803924678824842	2.8996851444244385	0.001803924678824842	0.9865388870239258	0.01935674622654915	0.021826952695846558	1
1	63	inverse_hidden	canonical_perturbation	24	0.010025370866060257	7.734853744506836	0.010025370866060257	0.01573580875992775	0.024866320192813873	0.027011550962924957	1
1	127	inverse_hidden	canonical_perturbation	24	0.020184416323900223	3.2025399208068848	0.020184416323900223	0.0006578416796401143	0.026852911338210106	0.028052475303411484	0
1	191	inverse_hidden	canonical_perturbation	24	0.014892728067934513	9.510123252868652	0.014892728067934513	0.017773499712347984	0.027644416317343712	0.02728215977549553	1
1	255	inverse_hidden	canonical_perturbation	24	0.006378474645316601	3.3406577110290527	0.006378474645316601	0.9271376729011536	0.022080786526203156	0.021826952695846558	1
1	63	inverse_hidden	random_sphere	24	31.36345672607422	8.167024612426758	31.36345672607422	0.0004615107027348131	1.4131194353103638	0.027011550962924957	0
1	127	inverse_hidden	random_sphere	24	30.26464080810547	2.8748300075531006	30.26464080810547	8.004358096513897e-05	1.3755555152893066	0.028052475303411484	0
1	191	inverse_hidden	random_sphere	24	31.099416732788086	8.469454765319824	31.099416732788086	0.00047184780123643577	1.4424805641174316	0.02728215977549553	0
1	255	inverse_hidden	random_sphere	24	30.842905044555664	7.398761749267578	30.842905044555664	2.8849448426626623e-05	1.4007132053375244	0.021826952695846558	0
0	63	centered_logit	proposal	40	0.5774000883102417	0.5774000883102417	0.16656099259853363	0.3007292151451111	0.04892929270863533	0.03210507333278656	1
0	127	centered_logit	proposal	40	0.4334946274757385	0.4334946274757385	0.12275056540966034	0.6898963451385498	0.050932545214891434	0.04028069227933884	1
0	191	centered_logit	proposal	40	0.3314347267150879	0.3314347267150879	0.10862211883068085	0.9939875602722168	0.04922429099678993	0.03239716589450836	1
0	255	centered_logit	proposal	40	0.5307663679122925	0.5307663679122925	0.1071382388472557	0.7375918626785278	0.044309522956609726	0.02944701723754406	1
0	63	centered_logit	canonical_perturbation	40	0.4616716504096985	0.4616716504096985	0.16450616717338562	0.8263278007507324	0.049189597368240356	0.03210507333278656	1
0	127	centered_logit	canonical_perturbation	40	0.3634524643421173	0.3634524643421173	0.16174587607383728	0.8063957691192627	0.055736444890499115	0.04028069227933884	1
0	191	centered_logit	canonical_perturbation	40	0.4364027976989746	0.4364027976989746	0.18930163979530334	0.9725366234779358	0.052667587995529175	0.03239716589450836	1
0	255	centered_logit	canonical_perturbation	40	0.24671414494514465	0.24671414494514465	0.09000229090452194	0.9991676807403564	0.045371152460575104	0.02944701723754406	1
0	63	centered_logit	random_sphere	40	2.196371078491211	2.196371078491211	25.178150177001953	3.781345367315225e-05	1.3934533596038818	0.03210507333278656	0
0	127	centered_logit	random_sphere	40	2.285910129547119	2.285910129547119	24.627805709838867	0.0001922399824252352	1.4762638807296753	0.04028069227933884	0
0	191	centered_logit	random_sphere	40	5.251798629760742	5.251798629760742	23.544233322143555	0.0013074487214908004	1.4694076776504517	0.03239716589450836	0
0	255	centered_logit	random_sphere	40	1.556092381477356	1.556092381477356	24.204259872436523	0.00024566688807681203	1.4416062831878662	0.02944701723754406	0
0	63	inverse_hidden	proposal	40	0.0009619169868528843	1.8040971755981445	0.0009619169868528843	0.9230854511260986	0.029032932594418526	0.03210507333278656	1
0	127	inverse_hidden	proposal	40	0.0013373532565310597	1.8889466524124146	0.0013373532565310597	0.8104877471923828	0.03913773596286774	0.04028069227933884	1
0	191	inverse_hidden	proposal	40	0.001355751184746623	2.8658623695373535	0.001355751184746623	0.9160104990005493	0.030039023607969284	0.03239716589450836	1
0	255	inverse_hidden	proposal	40	0.0015211364952847362	2.8063693046569824	0.0015211364952847362	0.21753805875778198	0.026388967409729958	0.02944701723754406	1
0	63	inverse_hidden	canonical_perturbation	40	0.0077595096081495285	1.6827977895736694	0.0077595096081495285	0.042495787143707275	0.028085531666874886	0.03210507333278656	1
0	127	inverse_hidden	canonical_perturbation	40	0.010819443501532078	2.523007869720459	0.010819443501532078	0.11840283870697021	0.03389235958456993	0.04028069227933884	1
0	191	inverse_hidden	canonical_perturbation	40	0.0074535273015499115	6.082921981811523	0.0074535273015499115	0.09482476860284805	0.028706584125757217	0.03239716589450836	1
0	255	inverse_hidden	canonical_perturbation	40	0.007724111899733543	1.174182653427124	0.007724111899733543	0.07828018069267273	0.027849145233631134	0.02944701723754406	1
0	63	inverse_hidden	random_sphere	40	25.180950164794922	3.1426844596862793	25.180950164794922	1.872895700216759e-05	1.3875877857208252	0.03210507333278656	0
0	127	inverse_hidden	random_sphere	40	24.55446434020996	3.361056089401245	24.55446434020996	5.3245708841132e-05	1.4724234342575073	0.04028069227933884	0
0	191	inverse_hidden	random_sphere	40	23.415180206298828	9.012531280517578	23.415180206298828	8.113471994874999e-05	1.4694514274597168	0.03239716589450836	0
0	255	inverse_hidden	random_sphere	40	24.18772315979004	2.206869602203369	24.18772315979004	4.700698991655372e-05	1.448731780052185	0.02944701723754406	0
1	63	centered_logit	proposal	40	0.3712944984436035	0.3712944984436035	0.12971678376197815	0.9846696853637695	0.045226480811834335	0.027011550962924957	1
1	127	centered_logit	proposal	40	0.29370108246803284	0.29370108246803284	0.10466237366199493	0.9985539317131042	0.03981136903166771	0.028052475303411484	1
1	191	centered_logit	proposal	40	0.3263447880744934	0.3263447880744934	0.12560836970806122	0.9927297234535217	0.04201913997530937	0.02728215977549553	1
1	255	centered_logit	proposal	40	0.27563661336898804	0.27563661336898804	0.10454771667718887	0.999974250793457	0.03921633958816528	0.021826952695846558	1
1	63	centered_logit	canonical_perturbation	40	0.47697222232818604	0.47697222232818604	0.21429738402366638	0.9182211756706238	0.04730867221951485	0.027011550962924957	1
1	127	centered_logit	canonical_perturbation	40	0.27213209867477417	0.27213209867477417	0.1448546051979065	0.9991347193717957	0.04504265636205673	0.028052475303411484	1
1	191	centered_logit	canonical_perturbation	40	0.39653804898262024	0.39653804898262024	0.21244046092033386	0.9736828804016113	0.04612016677856445	0.02728215977549553	1
1	255	centered_logit	canonical_perturbation	40	0.2888283133506775	0.2888283133506775	0.13389365375041962	0.999961256980896	0.04055473580956459	0.021826952695846558	1
1	63	centered_logit	random_sphere	40	5.058079719543457	5.058079719543457	31.615692138671875	0.00499341543763876	1.4081544876098633	0.027011550962924957	0
1	127	centered_logit	random_sphere	40	2.0199785232543945	2.0199785232543945	30.273818969726562	0.0005802467931061983	1.377540111541748	0.028052475303411484	0
1	191	centered_logit	random_sphere	40	5.116774082183838	5.116774082183838	31.1790828704834	0.005483699031174183	1.4409195184707642	0.02728215977549553	0
1	255	centered_logit	random_sphere	40	4.332955837249756	4.332955837249756	30.85324478149414	0.00035092930193059146	1.3983397483825684	0.021826952695846558	0
1	63	inverse_hidden	proposal	40	0.0011058789677917957	1.772413969039917	0.0011058789677917957	0.9917832612991333	0.02382185496389866	0.027011550962924957	1
1	127	inverse_hidden	proposal	40	0.0009214577730745077	1.2164409160614014	0.0009214577730745077	0.9919780492782593	0.024253562092781067	0.028052475303411484	1
1	191	inverse_hidden	proposal	40	0.0010587306460365653	1.9229493141174316	0.0010587306460365653	0.9943873286247253	0.02332082763314247	0.02728215977549553	1
1	255	inverse_hidden	proposal	40	0.0008141589933075011	2.059281349182129	0.0008141589933075011	0.9999275207519531	0.01748393289744854	0.021826952695846558	1
1	63	inverse_hidden	canonical_perturbation	40	0.005038360599428415	4.5022783279418945	0.005038360599428415	0.6014103293418884	0.02271183580160141	0.027011550962924957	1
1	127	inverse_hidden	canonical_perturbation	40	0.009573690593242645	2.3645191192626953	0.009573690593242645	0.04882815480232239	0.024815933778882027	0.028052475303411484	1
1	191	inverse_hidden	canonical_perturbation	40	0.007125201169401407	3.9957423210144043	0.007125201169401407	0.855961799621582	0.025378087535500526	0.02728215977549553	1
1	255	inverse_hidden	canonical_perturbation	40	0.0036592213436961174	2.1500654220581055	0.0036592213436961174	0.9973239898681641	0.019191188737750053	0.021826952695846558	1
1	63	inverse_hidden	random_sphere	40	31.34200668334961	8.16324234008789	31.34200668334961	0.0004611141630448401	1.4134012460708618	0.027011550962924957	0
1	127	inverse_hidden	random_sphere	40	30.231786727905273	2.8782453536987305	30.231786727905273	7.971793820615858e-05	1.3734363317489624	0.028052475303411484	0
1	191	inverse_hidden	random_sphere	40	31.082260131835938	8.476373672485352	31.082260131835938	0.00048150846851058304	1.4416840076446533	0.02728215977549553	0
1	255	inverse_hidden	random_sphere	40	30.810901641845703	7.390313148498535	30.810901641845703	2.8509239200502634e-05	1.39857017993927	0.021826952695846558	0
2	63	centered_logit	proposal	0	7.038228988647461	7.038228988647461	0.037458643317222595	0.09457997232675552	0.03801135718822479	0.03801135718822479	1
2	127	centered_logit	proposal	0	9.934030532836914	9.934030532836914	0.03655267879366875	0.09989848732948303	0.022959014400839806	0.022959014400839806	1
2	191	centered_logit	proposal	0	2.3583455085754395	2.3583455085754395	0.04173152893781662	0.27836689352989197	0.023786690086126328	0.023786690086126328	1
2	255	centered_logit	proposal	0	2.868973970413208	2.868973970413208	0.03977232053875923	0.4678044319152832	0.04701501131057739	0.04701501131057739	1
2	63	centered_logit	canonical_perturbation	0	4.971030235290527	4.971030235290527	0.31236737966537476	0.0006592212594114244	0.03801135718822479	0.03801135718822479	0
2	127	centered_logit	canonical_perturbation	0	6.638274669647217	6.638274669647217	0.07124097645282745	0.015138649381697178	0.022959014400839806	0.022959014400839806	1
2	191	centered_logit	canonical_perturbation	0	5.329039573669434	5.329039573669434	0.053794506937265396	0.006295671220868826	0.023786690086126328	0.023786690086126328	1
2	255	centered_logit	canonical_perturbation	0	5.860371112823486	5.860371112823486	0.685682475566864	0.0015863453736528754	0.04701501503586769	0.04701501131057739	0
2	63	centered_logit	random_sphere	0	4.821073532104492	4.821073532104492	24.735658645629883	0.00018607125093694776	1.4443596601486206	0.03801135718822479	0
2	127	centered_logit	random_sphere	0	8.045352935791016	8.045352935791016	25.102336883544922	2.5627785362303257e-05	1.3872040510177612	0.022959014400839806	0
2	191	centered_logit	random_sphere	0	7.8041768074035645	7.8041768074035645	26.713842391967773	5.9545302065089345e-05	1.4249802827835083	0.023786690086126328	0
2	255	centered_logit	random_sphere	0	7.222681522369385	7.222681522369385	28.391754150390625	3.858791751554236e-05	1.440544605255127	0.04701501131057739	0
2	63	inverse_hidden	proposal	0	0.037458643317222595	7.038228988647461	0.037458643317222595	0.09457997232675552	0.03801135718822479	0.03801135718822479	1
2	127	inverse_hidden	proposal	0	0.03655267879366875	9.934030532836914	0.03655267879366875	0.09989848732948303	0.022959014400839806	0.022959014400839806	1
2	191	inverse_hidden	proposal	0	0.04173152893781662	2.3583455085754395	0.04173152893781662	0.27836689352989197	0.023786690086126328	0.023786690086126328	1
2	255	inverse_hidden	proposal	0	0.03977232053875923	2.868973970413208	0.03977232053875923	0.4678044319152832	0.04701501131057739	0.04701501131057739	1
2	63	inverse_hidden	canonical_perturbation	0	0.31236737966537476	4.971030235290527	0.31236737966537476	0.0006592212594114244	0.03801135718822479	0.03801135718822479	0
2	127	inverse_hidden	canonical_perturbation	0	0.07124097645282745	6.638274669647217	0.07124097645282745	0.015138649381697178	0.022959014400839806	0.022959014400839806	1
2	191	inverse_hidden	canonical_perturbation	0	0.053794506937265396	5.329039573669434	0.053794506937265396	0.006295671220868826	0.023786690086126328	0.023786690086126328	1
2	255	inverse_hidden	canonical_perturbation	0	0.685682475566864	5.860371112823486	0.685682475566864	0.0015863453736528754	0.04701501503586769	0.04701501131057739	0
2	63	inverse_hidden	random_sphere	0	24.735658645629883	4.821073532104492	24.735658645629883	0.00018607125093694776	1.4443596601486206	0.03801135718822479	0
2	127	inverse_hidden	random_sphere	0	25.102336883544922	8.045352935791016	25.102336883544922	2.5627785362303257e-05	1.3872040510177612	0.022959014400839806	0
2	191	inverse_hidden	random_sphere	0	26.713842391967773	7.8041768074035645	26.713842391967773	5.9545302065089345e-05	1.4249802827835083	0.023786690086126328	0
2	255	inverse_hidden	random_sphere	0	28.391754150390625	7.222681522369385	28.391754150390625	3.858791751554236e-05	1.440544605255127	0.04701501131057739	0
3	63	centered_logit	proposal	0	5.906584739685059	5.906584739685059	0.042938582599163055	0.15569423139095306	0.024031708016991615	0.024031708016991615	1
3	127	centered_logit	proposal	0	8.75707721710205	8.75707721710205	0.036547355353832245	0.17419452965259552	0.02815847285091877	0.02815847285091877	1
3	191	centered_logit	proposal	0	2.845043182373047	2.845043182373047	0.04443158581852913	0.022434717044234276	0.02218714915215969	0.02218714915215969	1
3	255	centered_logit	proposal	0	6.727045059204102	6.727045059204102	0.04251541569828987	0.05396575480699539	0.02352866716682911	0.02352866716682911	1
3	63	centered_logit	canonical_perturbation	0	4.829987525939941	4.829987525939941	0.11114725470542908	0.0068299551494419575	0.024031708016991615	0.024031708016991615	1
3	127	centered_logit	canonical_perturbation	0	7.863681316375732	7.863681316375732	0.30061429738998413	0.0009027449996210635	0.02815847285091877	0.02815847285091877	0
3	191	centered_logit	canonical_perturbation	0	2.5544347763061523	2.5544347763061523	0.09400226175785065	0.009455504827201366	0.02218715101480484	0.02218714915215969	1
3	255	centered_logit	canonical_perturbation	0	5.206838130950928	5.206838130950928	0.14050599932670593	0.02515230141580105	0.02352866902947426	0.02352866716682911	1
3	63	centered_logit	random_sphere	0	3.8893661499023438	3.8893661499023438	29.999826431274414	8.473718480672687e-05	1.4018582105636597	0.024031708016991615	0
3	127	centered_logit	random_sphere	0	7.148670196533203	7.148670196533203	29.119394302368164	0.00011726863158401102	1.430208683013916	0.02815847285091877	0
3	191	centered_logit	random_sphere	0	4.357789993286133	4.357789993286133	28.974079132080078	5.809540016343817e-05	1.4078707695007324	0.02218714915215969	0
3	255	centered_logit	random_sphere	0	5.190712928771973	5.190712928771973	30.001161575317383	3.7334808439482003e-05	1.443081259727478	0.02352866716682911	0
3	63	inverse_hidden	proposal	0	0.042938582599163055	5.906584739685059	0.042938582599163055	0.15569423139095306	0.024031708016991615	0.024031708016991615	1
3	127	inverse_hidden	proposal	0	0.036547355353832245	8.75707721710205	0.036547355353832245	0.17419452965259552	0.02815847285091877	0.02815847285091877	1
3	191	inverse_hidden	proposal	0	0.04443158581852913	2.845043182373047	0.04443158581852913	0.022434717044234276	0.02218714915215969	0.02218714915215969	1
3	255	inverse_hidden	proposal	0	0.04251541569828987	6.727045059204102	0.04251541569828987	0.05396575480699539	0.02352866716682911	0.02352866716682911	1
3	63	inverse_hidden	canonical_perturbation	0	0.11114725470542908	4.829987525939941	0.11114725470542908	0.0068299551494419575	0.024031708016991615	0.024031708016991615	1
3	127	inverse_hidden	canonical_perturbation	0	0.30061429738998413	7.863681316375732	0.30061429738998413	0.0009027449996210635	0.02815847285091877	0.02815847285091877	0
3	191	inverse_hidden	canonical_perturbation	0	0.09400226175785065	2.5544347763061523	0.09400226175785065	0.009455504827201366	0.02218715101480484	0.02218714915215969	1
3	255	inverse_hidden	canonical_perturbation	0	0.14050599932670593	5.206838130950928	0.14050599932670593	0.02515230141580105	0.02352866902947426	0.02352866716682911	1
3	63	inverse_hidden	random_sphere	0	29.999826431274414	3.8893661499023438	29.999826431274414	8.473718480672687e-05	1.4018582105636597	0.024031708016991615	0
3	127	inverse_hidden	random_sphere	0	29.119394302368164	7.148670196533203	29.119394302368164	0.00011726863158401102	1.430208683013916	0.02815847285091877	0
3	191	inverse_hidden	random_sphere	0	28.974079132080078	4.357789993286133	28.974079132080078	5.809540016343817e-05	1.4078707695007324	0.02218714915215969	0
3	255	inverse_hidden	random_sphere	0	30.001161575317383	5.190712928771973	30.001161575317383	3.7334808439482003e-05	1.443081259727478	0.02352866716682911	0
2	63	centered_logit	proposal	1	4.285960674285889	4.285960674285889	0.04466170445084572	0.002068406203761697	0.038026683032512665	0.03801135718822479	0
2	127	centered_logit	proposal	1	6.368807792663574	6.368807792663574	0.03702197223901749	0.0018043220043182373	0.022785646840929985	0.022959014400839806	0
2	191	centered_logit	proposal	1	1.3465991020202637	1.3465991020202637	0.060913752764463425	0.38297760486602783	0.024340521544218063	0.023786690086126328	1
2	255	centered_logit	proposal	1	1.741614818572998	1.741614818572998	0.06737951934337616	0.5703005194664001	0.047211214900016785	0.04701501131057739	1
2	63	centered_logit	canonical_perturbation	1	3.71871280670166	3.71871280670166	0.201457679271698	0.0012945785420015454	0.03806661441922188	0.03801135718822479	0
2	127	centered_logit	canonical_perturbation	1	3.435068368911743	3.435068368911743	0.03898961842060089	0.001578988041728735	0.023088715970516205	0.022959014400839806	0
2	191	centered_logit	canonical_perturbation	1	3.295806407928467	3.295806407928467	0.09791705012321472	0.03838453069329262	0.024122130125761032	0.023786690086126328	1
2	255	centered_logit	canonical_perturbation	1	5.124606609344482	5.124606609344482	0.6708225011825562	0.0034891387913376093	0.04705577343702316	0.04701501131057739	1
2	63	centered_logit	random_sphere	1	4.752601623535156	4.752601623535156	24.736194610595703	0.00018826959421858191	1.4445902109146118	0.03801135718822479	0
2	127	centered_logit	random_sphere	1	7.939657211303711	7.939657211303711	25.09996795654297	2.6119132598978467e-05	1.3873393535614014	0.022959014400839806	0
2	191	centered_logit	random_sphere	1	7.702710151672363	7.702710151672363	26.712812423706055	6.404992018360645e-05	1.4248566627502441	0.023786690086126328	0
2	255	centered_logit	random_sphere	1	7.126314163208008	7.126314163208008	28.393238067626953	4.15652320953086e-05	1.4404573440551758	0.04701501131057739	0
2	63	inverse_hidden	proposal	1	0.04079023748636246	5.439725875854492	0.04079023748636246	0.0006129511748440564	0.03774861991405487	0.03801135718822479	0
2	127	inverse_hidden	proposal	1	0.03348447382450104	8.386777877807617	0.03348447382450104	0.0006962727638892829	0.022615374997258186	0.022959014400839806	0
2	191	inverse_hidden	proposal	1	0.0286913700401783	6.426566123962402	0.0286913700401783	0.0005237438017502427	0.02340610697865486	0.023786690086126328	0
2	255	inverse_hidden	proposal	1	0.04941486194729805	6.088360786437988	0.04941486194729805	0.0011022227117791772	0.04675116017460823	0.04701501131057739	0
2	63	inverse_hidden	canonical_perturbation	1	0.14113512635231018	4.423429012298584	0.14113512635231018	0.002657982287928462	0.03728491812944412	0.03801135718822479	0
2	127	inverse_hidden	canonical_perturbation	1	0.035529524087905884	4.942907810211182	0.035529524087905884	0.004570168908685446	0.022590989246964455	0.022959014400839806	0
2	191	inverse_hidden	canonical_perturbation	1	0.04692317172884941	8.253480911254883	0.04692317172884941	0.00023876983323134482	0.023067854344844818	0.023786690086126328	0
2	255	inverse_hidden	canonical_perturbation	1	0.4005059599876404	5.820019721984863	0.4005059599876404	0.002187932375818491	0.04623894765973091	0.04701501131057739	1
2	63	inverse_hidden	random_sphere	1	24.734071731567383	4.823291778564453	24.734071731567383	0.00018619117327034473	1.4444575309753418	0.03801135718822479	0
2	127	inverse_hidden	random_sphere	1	25.098682403564453	8.040945053100586	25.098682403564453	2.5677427402115427e-05	1.38731050491333	0.022959014400839806	0
2	191	inverse_hidden	random_sphere	1	26.71272087097168	7.803065299987793	26.71272087097168	5.9555961342994124e-05	1.424806833267212	0.023786690086126328	0
2	255	inverse_hidden	random_sphere	1	28.389291763305664	7.224092960357666	28.389291763305664	3.858386480715126e-05	1.4405980110168457	0.04701501131057739	0
3	63	centered_logit	proposal	1	3.016366958618164	3.016366958618164	0.03824368864297867	0.1778409481048584	0.024003203958272934	0.024031708016991615	1
3	127	centered_logit	proposal	1	6.557473659515381	6.557473659515381	0.021133942529559135	0.0012883953750133514	0.028150642290711403	0.02815847285091877	0
3	191	centered_logit	proposal	1	1.8980070352554321	1.8980070352554321	0.04301982372999191	0.07638121396303177	0.022671079263091087	0.02218714915215969	1
3	255	centered_logit	proposal	1	5.72452449798584	5.72452449798584	0.02640988677740097	8.328336116392165e-05	0.023392396047711372	0.02352866716682911	0
3	63	centered_logit	canonical_perturbation	1	3.2485241889953613	3.2485241889953613	0.0841887891292572	0.016369188204407692	0.024135176092386246	0.024031708016991615	1
3	127	centered_logit	canonical_perturbation	1	6.402108192443848	6.402108192443848	0.2463536411523819	0.0016392210964113474	0.02804582752287388	0.02815847285091877	0
3	191	centered_logit	canonical_perturbation	1	1.6559653282165527	1.6559653282165527	0.0754789486527443	0.04937005788087845	0.02221294306218624	0.02218714915215969	1
3	255	centered_logit	canonical_perturbation	1	3.398111581802368	3.398111581802368	0.09055258333683014	0.049597740173339844	0.023487655445933342	0.02352866716682911	1
3	63	centered_logit	random_sphere	1	3.8412246704101562	3.8412246704101562	29.99676513671875	8.548339974367991e-05	1.402065634727478	0.024031708016991615	0
3	127	centered_logit	random_sphere	1	7.058510780334473	7.058510780334473	29.118934631347656	0.00011973193613812327	1.430303692817688	0.02815847285091877	0
3	191	centered_logit	random_sphere	1	4.301540374755859	4.301540374755859	28.976337432861328	6.110982212703675e-05	1.4078208208084106	0.02218714915215969	0
3	255	centered_logit	random_sphere	1	5.120081901550293	5.120081901550293	30.00320816040039	3.759840546990745e-05	1.4432077407836914	0.02352866716682911	0
3	63	inverse_hidden	proposal	1	0.03565663844347	5.438510894775391	0.03565663844347	0.00022674351930618286	0.02386709675192833	0.024031708016991615	0
3	127	inverse_hidden	proposal	1	0.025889819487929344	10.183736801147461	0.025889819487929344	8.626343333162367e-05	0.02790341153740883	0.02815847285091877	0
3	191	inverse_hidden	proposal	1	0.04095103219151497	3.142852783203125	0.04095103219151497	0.0005523552536033094	0.02168641798198223	0.02218714915215969	0
3	255	inverse_hidden	proposal	1	0.04479110613465309	6.7247843742370605	0.04479110613465309	3.683126124087721e-05	0.023164983838796616	0.02352866716682911	0
3	63	inverse_hidden	canonical_perturbation	1	0.0444192998111248	4.748936176300049	0.0444192998111248	0.014637403190135956	0.023327186703681946	0.024031708016991615	1
3	127	inverse_hidden	canonical_perturbation	1	0.13259641826152802	7.574284553527832	0.13259641826152802	0.0035454672761261463	0.02738971635699272	0.02815847285091877	0
3	191	inverse_hidden	canonical_perturbation	1	0.03352220356464386	3.8376410007476807	0.03352220356464386	0.0014079728862270713	0.021753843873739243	0.02218714915215969	0
3	255	inverse_hidden	canonical_perturbation	1	0.052847132086753845	4.571416854858398	0.052847132086753845	0.08180705457925797	0.022878428921103477	0.02352866716682911	1
3	63	inverse_hidden	random_sphere	1	29.99783706665039	3.8883490562438965	29.99783706665039	8.473151683574542e-05	1.401798963546753	0.024031708016991615	0
3	127	inverse_hidden	random_sphere	1	29.118064880371094	7.151793956756592	29.118064880371094	0.00011733040446415544	1.4301385879516602	0.02815847285091877	0
3	191	inverse_hidden	random_sphere	1	28.972312927246094	4.3574700355529785	28.972312927246094	5.818388672196306e-05	1.4079762697219849	0.02218714915215969	0
3	255	inverse_hidden	random_sphere	1	29.993106842041016	5.1915693283081055	29.993106842041016	3.750032919924706e-05	1.4429779052734375	0.02352866716682911	0
2	63	centered_logit	proposal	2	2.9686131477355957	2.9686131477355957	0.09186484664678574	0.0008682392654009163	0.038361988961696625	0.03801135718822479	0
2	127	centered_logit	proposal	2	4.211419105529785	4.211419105529785	0.07488866150379181	0.0009250493021681905	0.023048160597682	0.022959014400839806	0
2	191	centered_logit	proposal	2	1.0533766746520996	1.0533766746520996	0.07568198442459106	0.4043702781200409	0.025121131911873817	0.023786690086126328	1
2	255	centered_logit	proposal	2	1.2546300888061523	1.2546300888061523	0.07373091578483582	0.5713728070259094	0.04747646301984787	0.04701501131057739	1
2	63	centered_logit	canonical_perturbation	2	2.5153961181640625	2.5153961181640625	0.11743222177028656	0.0011538112303242087	0.0383380763232708	0.03801135718822479	0
2	127	centered_logit	canonical_perturbation	2	2.068211078643799	2.068211078643799	0.04952395334839821	0.00016822166799101979	0.02352776564657688	0.022959014400839806	0
2	191	centered_logit	canonical_perturbation	2	2.27699875831604	2.27699875831604	0.11384092271327972	0.09281612187623978	0.02454623021185398	0.023786690086126328	1
2	255	centered_logit	canonical_perturbation	2	4.423583984375	4.423583984375	0.595889687538147	0.008119413629174232	0.04722297191619873	0.04701501131057739	1
2	63	centered_logit	random_sphere	2	4.684988975524902	4.684988975524902	24.736875534057617	0.00019044542568735778	1.4448204040527344	0.03801135718822479	0
2	127	centered_logit	random_sphere	2	7.8348565101623535	7.8348565101623535	25.097761154174805	2.6610103304847144e-05	1.3874746561050415	0.022959014400839806	0
2	191	centered_logit	random_sphere	2	7.602108478546143	7.602108478546143	26.711875915527344	6.88626168994233e-05	1.4247328042984009	0.023786690086126328	0
2	255	centered_logit	random_sphere	2	7.030794143676758	7.030794143676758	28.394821166992188	4.475441528484225e-05	1.440369963645935	0.04701501131057739	0
2	63	inverse_hidden	proposal	2	0.009328881278634071	7.2152509689331055	0.009328881278634071	0.0015419896226376295	0.03751402348279953	0.03801135718822479	0
2	127	inverse_hidden	proposal	2	0.006987408734858036	8.800283432006836	0.006987408734858036	0.013922258280217648	0.02234247513115406	0.022959014400839806	0
2	191	inverse_hidden	proposal	2	0.011002215556800365	4.654948711395264	0.011002215556800365	0.02637740597128868	0.023120038211345673	0.023786690086126328	0
2	255	inverse_hidden	proposal	2	0.018868278712034225	4.918787002563477	0.018868278712034225	0.002805938944220543	0.0464620515704155	0.04701501131057739	0
2	63	inverse_hidden	canonical_perturbation	2	0.07366359233856201	4.268059730529785	0.07366359233856201	0.0025109744165092707	0.036747824400663376	0.03801135718822479	0
2	127	inverse_hidden	canonical_perturbation	2	0.04536905512213707	4.761569976806641	0.04536905512213707	0.004965757019817829	0.022102700546383858	0.022959014400839806	0
2	191	inverse_hidden	canonical_perturbation	2	0.038055419921875	8.486416816711426	0.038055419921875	0.00022489983530249447	0.022507088258862495	0.023786690086126328	0
2	255	inverse_hidden	canonical_perturbation	2	0.22089391946792603	5.884704113006592	0.22089391946792603	0.0026021094527095556	0.0455692857503891	0.04701501131057739	1
2	63	inverse_hidden	random_sphere	2	24.73240089416504	4.8253326416015625	24.73240089416504	0.00018629689293447882	1.4445475339889526	0.03801135718822479	0
2	127	inverse_hidden	random_sphere	2	25.09517478942871	8.036455154418945	25.09517478942871	2.5722447389853187e-05	1.3874187469482422	0.022959014400839806	0
2	191	inverse_hidden	random_sphere	2	26.711641311645508	7.802189826965332	26.711641311645508	5.9571008023340255e-05	1.4246569871902466	0.023786690086126328	0
2	255	inverse_hidden	random_sphere	2	28.38689422607422	7.225424766540527	28.38689422607422	3.858441050397232e-05	1.4406520128250122	0.04701501131057739	0
3	63	centered_logit	proposal	2	1.954418659210205	1.954418659210205	0.019411539658904076	0.0010347680654376745	0.024292223155498505	0.024031708016991615	0
3	127	centered_logit	proposal	2	1.708461046218872	1.708461046218872	0.019579080864787102	0.07432637363672256	0.028406821191310883	0.02815847285091877	1
3	191	centered_logit	proposal	2	1.3445539474487305	1.3445539474487305	0.04233241453766823	0.18942296504974365	0.023346656933426857	0.02218714915215969	1
3	255	centered_logit	proposal	2	3.088644027709961	3.088644027709961	0.05084631219506264	5.6619868701091036e-05	0.023593222722411156	0.02352866716682911	0
3	63	centered_logit	canonical_perturbation	2	2.4126572608947754	2.4126572608947754	0.054430101066827774	0.00366088910959661	0.02450728975236416	0.024031708016991615	0
3	127	centered_logit	canonical_perturbation	2	4.753539085388184	4.753539085388184	0.18145006895065308	0.0034679800737649202	0.028196237981319427	0.02815847285091877	1
3	191	centered_logit	canonical_perturbation	2	1.2985302209854126	1.2985302209854126	0.06433302164077759	0.1507483720779419	0.022575711831450462	0.02218714915215969	1
3	255	centered_logit	canonical_perturbation	2	2.220674514770508	2.220674514770508	0.04951293393969536	0.001076362794265151	0.02384609915316105	0.02352866716682911	0
3	63	centered_logit	random_sphere	2	3.7937564849853516	3.7937564849853516	29.99381446838379	8.621849701739848e-05	1.4022725820541382	0.024031708016991615	0
3	127	centered_logit	random_sphere	2	6.969112396240234	6.969112396240234	29.118576049804688	0.0001222125138156116	1.4303982257843018	0.02815847285091877	0
3	191	centered_logit	random_sphere	2	4.246036529541016	4.246036529541016	28.97866439819336	6.426587060559541e-05	1.4077715873718262	0.02218714915215969	0
3	255	centered_logit	random_sphere	2	5.0502166748046875	5.0502166748046875	30.00521469116211	3.784381624427624e-05	1.4433306455612183	0.02352866716682911	0
3	63	inverse_hidden	proposal	2	0.011748144403100014	6.42331075668335	0.011748144403100014	0.00037038116715848446	0.023698095232248306	0.024031708016991615	0
3	127	inverse_hidden	proposal	2	0.00993917603045702	6.767560005187988	0.00993917603045702	0.11595980077981949	0.027758486568927765	0.02815847285091877	1
3	191	inverse_hidden	proposal	2	0.015533145517110825	2.9123711585998535	0.015533145517110825	0.0006677318015135825	0.02127673290669918	0.02218714915215969	0
3	255	inverse_hidden	proposal	2	0.017939219251275063	7.610793113708496	0.017939219251275063	3.9309554267674685e-05	0.022802280262112617	0.02352866716682911	0
3	63	inverse_hidden	canonical_perturbation	2	0.051803357899188995	5.398446083068848	0.051803357899188995	0.00031414758996106684	0.02278849296271801	0.024031708016991615	0
3	127	inverse_hidden	canonical_perturbation	2	0.05805189162492752	6.804340362548828	0.05805189162492752	0.017665009945631027	0.02686336822807789	0.02815847285091877	1
3	191	inverse_hidden	canonical_perturbation	2	0.04025578498840332	4.1813883781433105	0.04025578498840332	0.0012843606527894735	0.02134355716407299	0.02218714915215969	0
3	255	inverse_hidden	canonical_perturbation	2	0.040735598653554916	5.4217529296875	0.040735598653554916	0.0013864574721083045	0.022696660831570625	0.02352866716682911	0
3	63	inverse_hidden	random_sphere	2	29.995895385742188	3.8876070976257324	29.995895385742188	8.471807814203203e-05	1.4017385244369507	0.024031708016991615	0
3	127	inverse_hidden	random_sphere	2	29.116710662841797	7.154932022094727	29.116710662841797	0.00011736996384570375	1.430068016052246	0.02815847285091877	0
3	191	inverse_hidden	random_sphere	2	28.970529556274414	4.3571600914001465	28.970529556274414	5.827774657518603e-05	1.4080814123153687	0.02218714915215969	0
3	255	inverse_hidden	random_sphere	2	29.98533058166504	5.192174911499023	29.98533058166504	3.766279769479297e-05	1.4428735971450806	0.02352866716682911	0
2	63	centered_logit	proposal	4	1.7502871751785278	1.7502871751785278	0.12179730832576752	0.0002472292399033904	0.03942253440618515	0.03801135718822479	0
2	127	centered_logit	proposal	4	1.9866222143173218	1.9866222143173218	0.08246675878763199	3.425778049859218e-05	0.02435632422566414	0.022959014400839806	0
2	191	centered_logit	proposal	4	0.769990086555481	0.769990086555481	0.07857318222522736	0.5530484318733215	0.026972945779561996	0.023786690086126328	1
2	255	centered_logit	proposal	4	0.954534649848938	0.954534649848938	0.07014377415180206	0.5990031957626343	0.04821326583623886	0.04701501131057739	1
2	63	centered_logit	canonical_perturbation	4	1.4955365657806396	1.4955365657806396	0.08689100295305252	2.8572330847964622e-05	0.039329253137111664	0.03801135718822479	0
2	127	centered_logit	canonical_perturbation	4	1.1888470649719238	1.1888470649719238	0.06383582204580307	7.923867087811232e-06	0.02511167898774147	0.022959014400839806	0
2	191	centered_logit	canonical_perturbation	4	1.180902361869812	1.180902361869812	0.10983843356370926	0.2567265033721924	0.025832463055849075	0.023786690086126328	1
2	255	centered_logit	canonical_perturbation	4	3.0075247287750244	3.0075247287750244	0.3921157717704773	0.05833234265446663	0.047947365790605545	0.04701501131057739	1
2	63	centered_logit	random_sphere	4	4.552404880523682	4.552404880523682	24.73860740661621	0.00019466548110358417	1.4452754259109497	0.03801135718822479	0
2	127	centered_logit	random_sphere	4	7.628017425537109	7.628017425537109	25.09368133544922	2.7586915166466497e-05	1.3877413272857666	0.022959014400839806	0
2	191	centered_logit	random_sphere	4	7.403569221496582	7.403569221496582	26.71030616760254	7.950176950544119e-05	1.4244823455810547	0.023786690086126328	0
2	255	centered_logit	random_sphere	4	6.8423614501953125	6.8423614501953125	28.398235321044922	5.181519372854382e-05	1.4401930570602417	0.04701501131057739	0
2	63	inverse_hidden	proposal	4	0.03248106688261032	4.680220603942871	0.03248106688261032	0.0027551152743399143	0.03733886778354645	0.03801135718822479	0
2	127	inverse_hidden	proposal	4	0.02896033227443695	6.2271928787231445	0.02896033227443695	0.02326752245426178	0.022311972454190254	0.022959014400839806	0
2	191	inverse_hidden	proposal	4	0.013142975978553295	6.2451887130737305	0.013142975978553295	0.00383994122967124	0.022787395864725113	0.023786690086126328	0
2	255	inverse_hidden	proposal	4	0.02117716148495674	3.155181407928467	0.02117716148495674	0.10951749235391617	0.04611193388700485	0.04701501131057739	0
2	63	inverse_hidden	canonical_perturbation	4	0.10147161781787872	3.656907558441162	0.10147161781787872	0.0020378087647259235	0.03584819659590721	0.03801135718822479	0
2	127	inverse_hidden	canonical_perturbation	4	0.021723290905356407	4.929788112640381	0.021723290905356407	0.008967512287199497	0.021332068368792534	0.022959014400839806	1
2	191	inverse_hidden	canonical_perturbation	4	0.02375892363488674	6.061373233795166	0.02375892363488674	0.0027815543580800295	0.0220054779201746	0.023786690086126328	1
2	255	inverse_hidden	canonical_perturbation	4	0.09915731847286224	7.407212734222412	0.09915731847286224	0.0006361542618833482	0.04447006434202194	0.04701501131057739	0
2	63	inverse_hidden	random_sphere	4	24.7289981842041	4.829483985900879	24.7289981842041	0.00018652027938514948	1.4447039365768433	0.03801135718822479	0
2	127	inverse_hidden	random_sphere	4	25.08831024169922	8.027320861816406	25.08831024169922	2.579969441285357e-05	1.3876423835754395	0.022959014400839806	0
2	191	inverse_hidden	random_sphere	4	26.709489822387695	7.8006744384765625	26.709489822387695	5.961249553365633e-05	1.4243659973144531	0.023786690086126328	0
2	255	inverse_hidden	random_sphere	4	28.382204055786133	7.227934837341309	28.382204055786133	3.859922071569599e-05	1.4407613277435303	0.04701501131057739	0
3	63	centered_logit	proposal	4	1.4158037900924683	1.4158037900924683	0.0358695313334465	0.017670031636953354	0.025232525542378426	0.024031708016991615	1
3	127	centered_logit	proposal	4	1.2229827642440796	1.2229827642440796	0.02989938110113144	1.900838287838269e-05	0.0292738676071167	0.02815847285091877	0
3	191	centered_logit	proposal	4	0.9392760992050171	0.9392760992050171	0.061423882842063904	0.2983267307281494	0.02481316216289997	0.02218714915215969	1
3	255	centered_logit	proposal	4	1.3794070482254028	1.3794070482254028	0.055017270147800446	3.804806738116895e-06	0.024617459625005722	0.02352866716682911	0
3	63	centered_logit	canonical_perturbation	4	1.388881802558899	1.388881802558899	0.08555903285741806	0.017718899995088577	0.02539323829114437	0.024031708016991615	1
3	127	centered_logit	canonical_perturbation	4	2.2582497596740723	2.2582497596740723	0.08120666444301605	9.386704186908901e-05	0.029175447300076485	0.02815847285091877	0
3	191	centered_logit	canonical_perturbation	4	0.9730769991874695	0.9730769991874695	0.08656527101993561	0.27103084325790405	0.024040421470999718	0.02218714915215969	1
3	255	centered_logit	canonical_perturbation	4	1.2482519149780273	1.2482519149780273	0.049726154655218124	1.2626169336726889e-05	0.025011468678712845	0.02352866716682911	0
3	63	centered_logit	random_sphere	4	3.7008895874023438	3.7008895874023438	29.98824691772461	8.763838559389114e-05	1.4026877880096436	0.024031708016991615	0
3	127	centered_logit	random_sphere	4	6.792667388916016	6.792667388916016	29.118173599243164	0.00012722126848530024	1.4305862188339233	0.02815847285091877	0
3	191	centered_logit	random_sphere	4	4.137318134307861	4.137318134307861	28.98348617553711	7.103016105247661e-05	1.40767502784729	0.02218714915215969	0
3	255	centered_logit	random_sphere	4	4.912829875946045	4.912829875946045	30.008947372436523	3.828405897365883e-05	1.4435547590255737	0.02352866716682911	0
3	63	inverse_hidden	proposal	4	0.020707691088318825	4.371359825134277	0.020707691088318825	0.014490839093923569	0.023643765598535538	0.024031708016991615	0
3	127	inverse_hidden	proposal	4	0.008611914701759815	5.60793399810791	0.008611914701759815	0.0004966286942362785	0.027521584182977676	0.02815847285091877	0
3	191	inverse_hidden	proposal	4	0.01529739797115326	2.498215675354004	0.01529739797115326	0.016190357506275177	0.020834671333432198	0.02218714915215969	1
3	255	inverse_hidden	proposal	4	0.012991324998438358	4.535852432250977	0.012991324998438358	0.028918713331222534	0.02238023653626442	0.02352866716682911	1
3	63	inverse_hidden	canonical_perturbation	4	0.05688066408038139	4.49254846572876	0.05688066408038139	0.00041877079638652503	0.021861474961042404	0.024031708016991615	0
3	127	inverse_hidden	canonical_perturbation	4	0.06235227733850479	7.140199661254883	0.06235227733850479	0.0002920809492934495	0.026365555822849274	0.02815847285091877	0
3	191	inverse_hidden	canonical_perturbation	4	0.03671848401427269	4.3315253257751465	0.03671848401427269	0.0014153072843328118	0.020748630166053772	0.02218714915215969	0
3	255	inverse_hidden	canonical_perturbation	4	0.06842312961816788	4.660768508911133	0.06842312961816788	0.0003898339346051216	0.02236141450703144	0.02352866716682911	0
3	63	inverse_hidden	random_sphere	4	29.992040634155273	3.8859639167785645	29.992040634155273	8.468966552754864e-05	1.4016072750091553	0.024031708016991615	0
3	127	inverse_hidden	random_sphere	4	29.114063262939453	7.161489963531494	29.114063262939453	0.00011743763752747327	1.4299238920211792	0.02815847285091877	0
3	191	inverse_hidden	random_sphere	4	28.9669246673584	4.356555938720703	28.9669246673584	5.8487865317147225e-05	1.4082897901535034	0.02218714915215969	0
3	255	inverse_hidden	random_sphere	4	29.970272064208984	5.193129539489746	29.970272064208984	3.798741090577096e-05	1.4426642656326294	0.02352866716682911	0
2	63	centered_logit	proposal	8	1.3479430675506592	1.3479430675506592	0.08928634971380234	9.72558518697042e-06	0.041994672268629074	0.03801135718822479	0
2	127	centered_logit	proposal	8	1.6895296573638916	1.6895296573638916	0.06559735536575317	1.4358339228692785e-07	0.027934106066823006	0.022959014400839806	0
2	191	centered_logit	proposal	8	0.6415253281593323	0.6415253281593323	0.11670950800180435	0.6674818992614746	0.03005285933613777	0.023786690086126328	1
2	255	centered_logit	proposal	8	0.7658276557922363	0.7658276557922363	0.10558028519153595	0.7276293039321899	0.050175078213214874	0.04701501131057739	1
2	63	centered_logit	canonical_perturbation	8	1.0971635580062866	1.0971635580062866	0.17109276354312897	7.99067784100771e-05	0.041939787566661835	0.03801135718822479	0
2	127	centered_logit	canonical_perturbation	8	1.0590925216674805	1.0590925216674805	0.0787428542971611	1.6330167227351922e-06	0.028593720868229866	0.022959014400839806	0
2	191	centered_logit	canonical_perturbation	8	0.9927074313163757	0.9927074313163757	0.13331735134124756	0.3314458727836609	0.02910938858985901	0.023786690086126328	1
2	255	centered_logit	canonical_perturbation	8	1.500855803489685	1.500855803489685	0.19120480120182037	0.4920286238193512	0.05078059434890747	0.04701501131057739	1
2	63	centered_logit	random_sphere	8	4.298109531402588	4.298109531402588	24.7434139251709	0.00020253215916454792	1.4461244344711304	0.03801135718822479	0
2	127	centered_logit	random_sphere	8	7.225898265838623	7.225898265838623	25.08671760559082	2.952671275124885e-05	1.3882616758346558	0.022959014400839806	0
2	191	centered_logit	random_sphere	8	7.017573356628418	7.017573356628418	26.70841407775879	0.00010547253623371944	1.4239815473556519	0.023786690086126328	0
2	255	centered_logit	random_sphere	8	6.476357936859131	6.476357936859131	28.406089782714844	6.911580567248166e-05	1.4398356676101685	0.04701501131057739	0
2	63	inverse_hidden	proposal	8	0.022193504497408867	3.258819103240967	0.022193504497408867	3.492683754302561e-05	0.037344492971897125	0.03801135718822479	0
2	127	inverse_hidden	proposal	8	0.013470146805047989	4.267880916595459	0.013470146805047989	0.0005055924411863089	0.022571029141545296	0.022959014400839806	0
2	191	inverse_hidden	proposal	8	0.009751304984092712	12.767362594604492	0.009751304984092712	4.405088020575931e-06	0.022308170795440674	0.023786690086126328	0
2	255	inverse_hidden	proposal	8	0.01302983146160841	7.859102725982666	0.01302983146160841	2.037148988165427e-05	0.045823730528354645	0.04701501131057739	0
2	63	inverse_hidden	canonical_perturbation	8	0.06769835203886032	3.5145978927612305	0.06769835203886032	0.0018706999253481627	0.0345955416560173	0.03801135718822479	0
2	127	inverse_hidden	canonical_perturbation	8	0.013049903325736523	4.9700093269348145	0.013049903325736523	0.015217459760606289	0.02103409729897976	0.022959014400839806	1
2	191	inverse_hidden	canonical_perturbation	8	0.013277296908199787	9.118324279785156	0.013277296908199787	0.0009693875326775014	0.021901503205299377	0.023786690086126328	0
2	255	inverse_hidden	canonical_perturbation	8	0.16697479784488678	8.806207656860352	0.16697479784488678	0.00017319960170425475	0.04287227615714073	0.04701501131057739	0
2	63	inverse_hidden	random_sphere	8	24.722360610961914	4.838847637176514	24.722360610961914	0.00018677508342079818	1.4449679851531982	0.03801135718822479	0
2	127	inverse_hidden	random_sphere	8	25.074861526489258	8.009428024291992	25.074861526489258	2.595890146039892e-05	1.3880871534347534	0.022959014400839806	0
2	191	inverse_hidden	random_sphere	8	26.705110549926758	7.798507213592529	26.705110549926758	5.966997559880838e-05	1.4237192869186401	0.023786690086126328	0
2	255	inverse_hidden	random_sphere	8	28.373022079467773	7.232919216156006	28.373022079467773	3.86470856028609e-05	1.440981149673462	0.04701501131057739	0
3	63	centered_logit	proposal	8	1.0345882177352905	1.0345882177352905	0.06908147037029266	0.13453494012355804	0.027098046615719795	0.024031708016991615	1
3	127	centered_logit	proposal	8	0.9759721755981445	0.9759721755981445	0.0619170144200325	4.972872193320654e-05	0.03146372735500336	0.02815847285091877	0
3	191	centered_logit	proposal	8	0.7990012168884277	0.7990012168884277	0.06905923038721085	0.5955018997192383	0.027481600642204285	0.02218714915215969	1
3	255	centered_logit	proposal	8	1.22599458694458	1.22599458694458	0.08027570694684982	1.091093054128578e-05	0.027373863384127617	0.02352866716682911	0
3	63	centered_logit	canonical_perturbation	8	0.9426321983337402	0.9426321983337402	0.0964779332280159	0.009598908014595509	0.027523163706064224	0.024031708016991615	0
3	127	centered_logit	canonical_perturbation	8	1.312953233718872	1.312953233718872	0.09727807343006134	1.4171041584631894e-06	0.03223155438899994	0.02815847285091877	0
3	191	centered_logit	canonical_perturbation	8	0.7541320323944092	0.7541320323944092	0.10679652541875839	0.5216930508613586	0.026714840903878212	0.02218714915215969	1
3	255	centered_logit	canonical_perturbation	8	0.934362530708313	0.934362530708313	0.07562194019556046	0.00011870356684084982	0.027992909774184227	0.02352866716682911	0
3	63	centered_logit	random_sphere	8	3.523681163787842	3.523681163787842	29.97843360900879	9.029040666064247e-05	1.403527021408081	0.024031708016991615	0
3	127	centered_logit	random_sphere	8	6.449594020843506	6.449594020843506	29.118593215942383	0.00013739634596277028	1.4309577941894531	0.02815847285091877	0
3	191	centered_logit	random_sphere	8	3.9292988777160645	3.9292988777160645	28.9937801361084	8.654586417833343e-05	1.407507061958313	0.02218714915215969	0
3	255	centered_logit	random_sphere	8	4.647743225097656	4.647743225097656	30.016023635864258	3.894356268574484e-05	1.4439454078674316	0.02352866716682911	0
3	63	inverse_hidden	proposal	8	0.013410289771854877	3.757223606109619	0.013410289771854877	6.426971958717331e-05	0.02360556274652481	0.024031708016991615	0
3	127	inverse_hidden	proposal	8	0.005003935191780329	2.067063808441162	0.005003935191780329	0.00026262819301337004	0.027044760063290596	0.02815847285091877	0
3	191	inverse_hidden	proposal	8	0.011507805436849594	7.86718225479126	0.011507805436849594	5.822340972372331e-05	0.020529817789793015	0.02218714915215969	0
3	255	inverse_hidden	proposal	8	0.009350139647722244	2.398716449737549	0.009350139647722244	6.5880041802302e-05	0.02207530289888382	0.02352866716682911	0
3	63	inverse_hidden	canonical_perturbation	8	0.028670495375990868	4.319793701171875	0.028670495375990868	0.10218377411365509	0.02131030708551407	0.024031708016991615	1
3	127	inverse_hidden	canonical_perturbation	8	0.0678945854306221	6.054650783538818	0.0678945854306221	0.00047945071128197014	0.02618533931672573	0.02815847285091877	0
3	191	inverse_hidden	canonical_perturbation	8	0.02336406335234642	2.172184944152832	0.02336406335234642	0.03928005322813988	0.02077486552298069	0.02218714915215969	1
3	255	inverse_hidden	canonical_perturbation	8	0.018656939268112183	3.750692367553711	0.018656939268112183	0.008615218102931976	0.022346843034029007	0.02352866716682911	1
3	63	inverse_hidden	random_sphere	8	29.984310150146484	3.8814773559570312	29.984310150146484	8.465446444461122e-05	1.4013406038284302	0.024031708016991615	0
3	127	inverse_hidden	random_sphere	8	29.108753204345703	7.175965309143066	29.108753204345703	0.00011752970749512315	1.429633378982544	0.02815847285091877	0
3	191	inverse_hidden	random_sphere	8	28.959686279296875	4.355016708374023	28.959686279296875	5.8948222431354225e-05	1.4086858034133911	0.02218714915215969	0
3	255	inverse_hidden	random_sphere	8	29.941865921020508	5.195034027099609	29.941865921020508	3.862736775772646e-05	1.4422516822814941	0.02352866716682911	0
2	63	centered_logit	proposal	16	0.8845162987709045	0.8845162987709045	0.21065762639045715	0.001070469617843628	0.045323483645915985	0.03801135718822479	0
2	127	centered_logit	proposal	16	0.9873070120811462	0.9873070120811462	0.14332111179828644	8.066233931458555e-06	0.03283191844820976	0.022959014400839806	0
2	191	centered_logit	proposal	16	0.5138829350471497	0.5138829350471497	0.13143102824687958	0.9475228190422058	0.034640103578567505	0.023786690086126328	1
2	255	centered_logit	proposal	16	0.6598520278930664	0.6598520278930664	0.15937069058418274	0.8722363114356995	0.05320070683956146	0.04701501131057739	1
2	63	centered_logit	canonical_perturbation	16	0.7869729995727539	0.7869729995727539	0.19029659032821655	0.002207882236689329	0.0471557155251503	0.03801135718822479	0
2	127	centered_logit	canonical_perturbation	16	0.7580591440200806	0.7580591440200806	0.12722419202327728	4.31646840297617e-05	0.03345252946019173	0.022959014400839806	0
2	191	centered_logit	canonical_perturbation	16	0.7789285182952881	0.7789285182952881	0.2501082420349121	0.3482155203819275	0.03448500111699104	0.023786690086126328	1
2	255	centered_logit	canonical_perturbation	16	0.8888801336288452	0.8888801336288452	0.29278913140296936	0.7714165449142456	0.05831378698348999	0.04701501131057739	1
2	63	centered_logit	random_sphere	16	3.834527015686035	3.834527015686035	24.757848739624023	0.00021503424795810133	1.447643518447876	0.03801135718822479	0
2	127	centered_logit	random_sphere	16	6.471215724945068	6.471215724945068	25.07699203491211	3.3296884794253856e-05	1.389299988746643	0.022959014400839806	0
2	191	centered_logit	random_sphere	16	6.292805194854736	6.292805194854736	26.70983123779297	0.00018212063878308982	1.4230238199234009	0.023786690086126328	0
2	255	centered_logit	random_sphere	16	5.790617942810059	5.790617942810059	28.425697326660156	0.00012089919619029388	1.4391329288482666	0.04701501131057739	0
2	63	inverse_hidden	proposal	16	0.0057390774600207806	2.473006248474121	0.0057390774600207806	0.033528219908475876	0.036613162606954575	0.03801135718822479	1
2	127	inverse_hidden	proposal	16	0.0036674223374575377	3.7685635089874268	0.0036674223374575377	0.09190315008163452	0.02227577194571495	0.022959014400839806	1
2	191	inverse_hidden	proposal	16	0.004488350357860327	6.076936721801758	0.004488350357860327	0.012064371258020401	0.0215377788990736	0.023786690086126328	0
2	255	inverse_hidden	proposal	16	0.005161474458873272	2.9159529209136963	0.005161474458873272	0.19605766236782074	0.04564731568098068	0.04701501131057739	0
2	63	inverse_hidden	canonical_perturbation	16	0.03592298924922943	3.6833877563476562	0.03592298924922943	0.002939903177320957	0.034883562475442886	0.03801135718822479	1
2	127	inverse_hidden	canonical_perturbation	16	0.010582380928099155	3.073411703109741	0.010582380928099155	0.009771128185093403	0.021994881331920624	0.022959014400839806	0
2	191	inverse_hidden	canonical_perturbation	16	0.007511906325817108	6.109640598297119	0.007511906325817108	0.05133933946490288	0.0228893980383873	0.023786690086126328	1
2	255	inverse_hidden	canonical_perturbation	16	0.04879138618707657	7.115424633026123	0.04879138618707657	0.0022355481050908566	0.041987232863903046	0.04701501131057739	0
2	63	inverse_hidden	random_sphere	16	24.709531784057617	4.8588948249816895	24.709531784057617	0.00018703870591707528	1.4455586671829224	0.03801135718822479	0
2	127	inverse_hidden	random_sphere	16	25.049091339111328	7.974170207977295	25.049091339111328	2.6431356673128903e-05	1.3888208866119385	0.022959014400839806	0
2	191	inverse_hidden	random_sphere	16	26.69622039794922	7.795802116394043	26.69622039794922	5.982914080959745e-05	1.4224309921264648	0.023786690086126328	0
2	255	inverse_hidden	random_sphere	16	28.3554744720459	7.248076438903809	28.3554744720459	3.865058170049451e-05	1.4413280487060547	0.04701501131057739	0
3	63	centered_logit	proposal	16	0.8313015699386597	0.8313015699386597	0.09152504801750183	0.23079845309257507	0.030232589691877365	0.024031708016991615	1
3	127	centered_logit	proposal	16	0.7731753587722778	0.7731753587722778	0.09412636607885361	0.0005835486808791757	0.034695010632276535	0.02815847285091877	0
3	191	centered_logit	proposal	16	0.5749361515045166	0.5749361515045166	0.0947720855474472	0.9201125502586365	0.032175347208976746	0.02218714915215969	1
3	255	centered_logit	proposal	16	0.8765172958374023	0.8765172958374023	0.1538258194923401	0.00017811993893701583	0.03167895972728729	0.02352866716682911	0
3	63	centered_logit	canonical_perturbation	16	0.7375097274780273	0.7375097274780273	0.13698412477970123	0.19340841472148895	0.03162943199276924	0.024031708016991615	1
3	127	centered_logit	canonical_perturbation	16	0.8722965121269226	0.8722965121269226	0.15193001925945282	0.00011097496462753043	0.037500765174627304	0.02815847285091877	0
3	191	centered_logit	canonical_perturbation	16	0.5700339078903198	0.5700339078903198	0.12451750040054321	0.8895136117935181	0.030849192291498184	0.02218714915215969	1
3	255	centered_logit	canonical_perturbation	16	0.7216933965682983	0.7216933965682983	0.12491381913423538	0.0031430975068360567	0.032690707594156265	0.02352866716682911	0
3	63	centered_logit	random_sphere	16	3.204258918762207	3.204258918762207	29.964000701904297	9.486985800322145e-05	1.4051814079284668	0.024031708016991615	0
3	127	centered_logit	random_sphere	16	5.805416584014893	5.805416584014893	29.124237060546875	0.0001577402144903317	1.4316833019256592	0.02815847285091877	0
3	191	centered_logit	random_sphere	16	3.5520431995391846	3.5520431995391846	29.016284942626953	0.00012715237971860915	1.4072825908660889	0.02218714915215969	0
3	255	centered_logit	random_sphere	16	4.15838623046875	4.15838623046875	30.028793334960938	3.909061342710629e-05	1.4446499347686768	0.02352866716682911	0
3	63	inverse_hidden	proposal	16	0.004060036968439817	2.6827285289764404	0.004060036968439817	0.07854672521352768	0.023127233609557152	0.024031708016991615	1
3	127	inverse_hidden	proposal	16	0.00259766960516572	1.6396064758300781	0.00259766960516572	0.019665436819195747	0.026778534054756165	0.02815847285091877	0
3	191	inverse_hidden	proposal	16	0.005335849244147539	4.2833123207092285	0.005335849244147539	0.01630505733191967	0.020309461280703545	0.02218714915215969	0
3	255	inverse_hidden	proposal	16	0.0037709141615778208	1.377387285232544	0.0037709141615778208	4.4266009354032576e-05	0.02197076380252838	0.02352866716682911	0
3	63	inverse_hidden	canonical_perturbation	16	0.01604905165731907	2.9988648891448975	0.01604905165731907	0.0023298345040529966	0.02195015735924244	0.024031708016991615	0
3	127	inverse_hidden	canonical_perturbation	16	0.03756057471036911	5.128812789916992	0.03756057471036911	0.03980662301182747	0.028065428137779236	0.02815847285091877	1
3	191	inverse_hidden	canonical_perturbation	16	0.009562252089381218	6.315917015075684	0.009562252089381218	0.006192789878696203	0.021485712379217148	0.02218714915215969	0
3	255	inverse_hidden	canonical_perturbation	16	0.013090553693473339	2.6663074493408203	0.013090553693473339	0.01700594089925289	0.023471184074878693	0.02352866716682911	0
3	63	inverse_hidden	random_sphere	16	29.969345092773438	3.870084285736084	29.969345092773438	8.458520460408181e-05	1.4008535146713257	0.024031708016991615	0
3	127	inverse_hidden	random_sphere	16	29.098024368286133	7.204675674438477	29.098024368286133	0.00011762560461647809	1.4291545152664185	0.02815847285091877	0
3	191	inverse_hidden	random_sphere	16	28.945972442626953	4.350376605987549	28.945972442626953	6.003806629450992e-05	1.4093468189239502	0.02218714915215969	0
3	255	inverse_hidden	random_sphere	16	29.891942977905273	5.1973371505737305	29.891942977905273	3.98811353079509e-05	1.4414656162261963	0.02352866716682911	0
2	63	centered_logit	proposal	24	0.7406623363494873	0.7406623363494873	0.16462689638137817	0.005444607697427273	0.04791365936398506	0.03801135718822479	0
2	127	centered_logit	proposal	24	0.8588537573814392	0.8588537573814392	0.15281614661216736	3.0048599001020193e-05	0.03616968169808388	0.022959014400839806	0
2	191	centered_logit	proposal	24	0.3909119963645935	0.3909119963645935	0.13742224872112274	0.9921924471855164	0.03745609149336815	0.023786690086126328	1
2	255	centered_logit	proposal	24	0.5596288442611694	0.5596288442611694	0.16683997213840485	0.9480886459350586	0.05502115935087204	0.04701501131057739	1
2	63	centered_logit	canonical_perturbation	24	0.6714823246002197	0.6714823246002197	0.21147678792476654	0.023508518934249878	0.05083371698856354	0.03801135718822479	0
2	127	centered_logit	canonical_perturbation	24	0.6576799750328064	0.6576799750328064	0.12167857587337494	0.0002098191762343049	0.036680661141872406	0.022959014400839806	0
2	191	centered_logit	canonical_perturbation	24	0.6799149513244629	0.6799149513244629	0.2580646276473999	0.529209554195404	0.03773696720600128	0.023786690086126328	1
2	255	centered_logit	canonical_perturbation	24	0.76282799243927	0.76282799243927	0.4317435622215271	0.814498245716095	0.06383304297924042	0.04701501131057739	1
2	63	centered_logit	random_sphere	24	3.431809186935425	3.431809186935425	24.777305603027344	0.00021858372201677412	1.4491322040557861	0.03801135718822479	0
2	127	centered_logit	random_sphere	24	5.786839485168457	5.786839485168457	25.0728816986084	3.638770431280136e-05	1.390343427658081	0.022959014400839806	0
2	191	centered_logit	random_sphere	24	5.634652614593506	5.634652614593506	26.717876434326172	0.00030572240939363837	1.4220976829528809	0.023786690086126328	0
2	255	centered_logit	random_sphere	24	5.1699724197387695	5.1699724197387695	28.450136184692383	0.00020657398272305727	1.4384595155715942	0.04701501131057739	0
2	63	inverse_hidden	proposal	24	0.0051475344225764275	3.9634432792663574	0.0051475344225764275	0.11161147803068161	0.0368463471531868	0.03801135718822479	1
2	127	inverse_hidden	proposal	24	0.002095632953569293	2.2705016136169434	0.002095632953569293	0.6740023493766785	0.022092431783676147	0.022959014400839806	1
2	191	inverse_hidden	proposal	24	0.0021962039172649384	5.049741744995117	0.0021962039172649384	0.5386191606521606	0.02141674980521202	0.023786690086126328	1
2	255	inverse_hidden	proposal	24	0.003460501553490758	2.63899302482605	0.003460501553490758	0.08678219467401505	0.0456499308347702	0.04701501131057739	0
2	63	inverse_hidden	canonical_perturbation	24	0.023500004783272743	2.716737985610962	0.023500004783272743	0.0023033551406115294	0.035574670881032944	0.03801135718822479	0
2	127	inverse_hidden	canonical_perturbation	24	0.005270099733024836	2.4982690811157227	0.005270099733024836	0.11039445549249649	0.02198369801044464	0.022959014400839806	1
2	191	inverse_hidden	canonical_perturbation	24	0.005034718196839094	4.286646842956543	0.005034718196839094	0.5009453296661377	0.022004708647727966	0.023786690086126328	1
2	255	inverse_hidden	canonical_perturbation	24	0.05140293762087822	5.476521968841553	0.05140293762087822	0.016462793573737144	0.0428125262260437	0.04701501131057739	1
2	63	inverse_hidden	random_sphere	24	24.696922302246094	4.878890037536621	24.696922302246094	0.00018750094750430435	1.4462558031082153	0.03801135718822479	0
2	127	inverse_hidden	random_sphere	24	25.026269912719727	7.940972328186035	25.026269912719727	2.7024083465221338e-05	1.3891918659210205	0.022959014400839806	0
2	191	inverse_hidden	random_sphere	24	26.687313079833984	7.794705867767334	26.687313079833984	5.997466723783873e-05	1.4212101697921753	0.023786690086126328	0
2	255	inverse_hidden	random_sphere	24	28.33892059326172	7.262781620025635	28.33892059326172	3.872143861372024e-05	1.4414514303207397	0.04701501131057739	0
3	63	centered_logit	proposal	24	0.6916823387145996	0.6916823387145996	0.09445814043283463	0.2952999770641327	0.03214535489678383	0.024031708016991615	1
3	127	centered_logit	proposal	24	0.6630542278289795	0.6630542278289795	0.10471530258655548	0.0010246429592370987	0.03656625375151634	0.02815847285091877	0
3	191	centered_logit	proposal	24	0.45535972714424133	0.45535972714424133	0.1073065996170044	0.9804918766021729	0.03535874933004379	0.02218714915215969	1
3	255	centered_logit	proposal	24	0.7367652058601379	0.7367652058601379	0.1455201506614685	0.0004004958609584719	0.03449408710002899	0.02352866716682911	0
3	63	centered_logit	canonical_perturbation	24	0.6093700528144836	0.6093700528144836	0.14757010340690613	0.3202337622642517	0.03458438068628311	0.024031708016991615	1
3	127	centered_logit	canonical_perturbation	24	0.7416214942932129	0.7416214942932129	0.18773993849754333	0.0007817268487997353	0.04091785103082657	0.02815847285091877	0
3	191	centered_logit	canonical_perturbation	24	0.4620102643966675	0.4620102643966675	0.11952582001686096	0.982506275177002	0.03388464078307152	0.02218714915215969	1
3	255	centered_logit	canonical_perturbation	24	0.6064635515213013	0.6064635515213013	0.12500342726707458	0.0030466029420495033	0.03550809994339943	0.02352866716682911	0
3	63	centered_logit	random_sphere	24	2.9306702613830566	2.9306702613830566	29.955368041992188	9.8235766927246e-05	1.4067788124084473	0.024031708016991615	0
3	127	centered_logit	random_sphere	24	5.220480918884277	5.220480918884277	29.136449813842773	0.00017531859339214861	1.4323904514312744	0.02815847285091877	0
3	191	centered_logit	random_sphere	24	3.2260358333587646	3.2260358333587646	29.039596557617188	0.00018418199033476412	1.4071742296218872	0.02218714915215969	0
3	255	centered_logit	random_sphere	24	3.7253096103668213	3.7253096103668213	30.038972854614258	3.705069684656337e-05	1.4453167915344238	0.02352866716682911	0
3	63	inverse_hidden	proposal	24	0.0027617167215794325	3.090761423110962	0.0027617167215794325	0.8289274573326111	0.0224430151283741	0.024031708016991615	1
3	127	inverse_hidden	proposal	24	0.001488218316808343	1.6120284795761108	0.001488218316808343	0.21089115738868713	0.026460397988557816	0.02815847285091877	1
3	191	inverse_hidden	proposal	24	0.0028246159199625254	3.637697219848633	0.0028246159199625254	0.16859343647956848	0.020187146961688995	0.02218714915215969	1
3	255	inverse_hidden	proposal	24	0.00272816582582891	1.1008446216583252	0.00272816582582891	0.015050400048494339	0.021539190784096718	0.02352866716682911	0
3	63	inverse_hidden	canonical_perturbation	24	0.007138350047171116	1.9231796264648438	0.007138350047171116	0.09492114931344986	0.022098932415246964	0.024031708016991615	1
3	127	inverse_hidden	canonical_perturbation	24	0.020432254299521446	2.638246536254883	0.020432254299521446	0.001585987745784223	0.028703002259135246	0.02815847285091877	0
3	191	inverse_hidden	canonical_perturbation	24	0.0059714969247579575	3.004380226135254	0.0059714969247579575	0.306804358959198	0.021149035543203354	0.02218714915215969	1
3	255	inverse_hidden	canonical_perturbation	24	0.009769326075911522	2.9331140518188477	0.009769326075911522	0.1801033318042755	0.024078698828816414	0.02352866716682911	1
3	63	inverse_hidden	random_sphere	24	29.954904556274414	3.8567843437194824	29.954904556274414	8.435572090093046e-05	1.4003335237503052	0.024031708016991615	0
3	127	inverse_hidden	random_sphere	24	29.08785629272461	7.230408668518066	29.08785629272461	0.00011795087630162016	1.4287768602371216	0.02815847285091877	0
3	191	inverse_hidden	random_sphere	24	28.93362045288086	4.343381881713867	28.93362045288086	6.123157072579488e-05	1.4099154472351074	0.02218714915215969	0
3	255	inverse_hidden	random_sphere	24	29.850744247436523	5.197739124298096	29.850744247436523	4.112888564122841e-05	1.4407826662063599	0.02352866716682911	0
2	63	centered_logit	proposal	40	0.5796933174133301	0.5796933174133301	0.15890498459339142	0.04323595389723778	0.050760310143232346	0.03801135718822479	1
2	127	centered_logit	proposal	40	0.672961950302124	0.672961950302124	0.1273297667503357	0.0001450569834560156	0.039573438465595245	0.022959014400839806	0
2	191	centered_logit	proposal	40	0.26363396644592285	0.26363396644592285	0.11102870851755142	0.9996455907821655	0.0412246473133564	0.023786690086126328	1
2	255	centered_logit	proposal	40	0.4106437563896179	0.4106437563896179	0.13262218236923218	0.9945018291473389	0.057186875492334366	0.04701501131057739	1
2	63	centered_logit	canonical_perturbation	40	0.47398751974105835	0.47398751974105835	0.19763964414596558	0.167983278632164	0.0557650588452816	0.03801135718822479	1
2	127	centered_logit	canonical_perturbation	40	0.5060604810714722	0.5060604810714722	0.10942218452692032	0.0026712422259151936	0.04016861319541931	0.022959014400839806	0
2	191	centered_logit	canonical_perturbation	40	0.5249471068382263	0.5249471068382263	0.23606152832508087	0.8883406519889832	0.041698895394802094	0.023786690086126328	1
2	255	centered_logit	canonical_perturbation	40	0.5653223395347595	0.5653223395347595	0.3527477979660034	0.9664888381958008	0.0688263326883316	0.04701501131057739	1
2	63	centered_logit	random_sphere	40	2.795381784439087	2.795381784439087	24.82416534423828	0.00018814418581314385	1.4519602060317993	0.03801135718822479	0
2	127	centered_logit	random_sphere	40	4.63336181640625	4.63336181640625	25.081438064575195	3.543742423062213e-05	1.392447590827942	0.022959014400839806	0
2	191	centered_logit	random_sphere	40	4.520509719848633	4.520509719848633	26.751436233520508	0.0007846346707083285	1.420217514038086	0.023786690086126328	0
2	255	centered_logit	random_sphere	40	4.125428199768066	4.125428199768066	28.5107364654541	0.0005588641506619751	1.4371395111083984	0.04701501131057739	0
2	63	inverse_hidden	proposal	40	0.0033623981289565563	2.563654899597168	0.0033623981289565563	0.40187138319015503	0.03642906993627548	0.03801135718822479	1
2	127	inverse_hidden	proposal	40	0.0011358611518517137	2.014749050140381	0.0011358611518517137	0.9792619943618774	0.0212707482278347	0.022959014400839806	1
2	191	inverse_hidden	proposal	40	0.001096180989407003	2.7940731048583984	0.001096180989407003	0.9926233291625977	0.019953813403844833	0.023786690086126328	1
2	255	inverse_hidden	proposal	40	0.0012179948389530182	1.1248443126678467	0.0012179948389530182	0.5159963965415955	0.04461456090211868	0.04701501131057739	1
2	63	inverse_hidden	canonical_perturbation	40	0.010272637009620667	2.0816750526428223	0.010272637009620667	0.015719354152679443	0.034655164927244186	0.03801135718822479	0
2	127	inverse_hidden	canonical_perturbation	40	0.0031366972252726555	2.4075217247009277	0.0031366972252726555	0.4744148850440979	0.019151262938976288	0.022959014400839806	1
2	191	inverse_hidden	canonical_perturbation	40	0.002601371146738529	1.7472608089447021	0.002601371146738529	0.9815279245376587	0.018509767949581146	0.023786690086126328	1
2	255	inverse_hidden	canonical_perturbation	40	0.02391655184328556	5.262755870819092	0.02391655184328556	0.142272487282753	0.043487902730703354	0.04701501131057739	1
2	63	inverse_hidden	random_sphere	40	24.672285079956055	4.911999225616455	24.672285079956055	0.00018842591089196503	1.4475452899932861	0.03801135718822479	0
2	127	inverse_hidden	random_sphere	40	24.98772621154785	7.891451358795166	24.98772621154785	2.805855001497548e-05	1.3891520500183105	0.022959014400839806	0
2	191	inverse_hidden	random_sphere	40	26.670167922973633	7.792032241821289	26.670167922973633	6.021054650773294e-05	1.4187588691711426	0.023786690086126328	0
2	255	inverse_hidden	random_sphere	40	28.309072494506836	7.279776096343994	28.309072494506836	3.909544466296211e-05	1.4410314559936523	0.04701501131057739	0
3	63	centered_logit	proposal	40	0.5477664470672607	0.5477664470672607	0.09206821024417877	0.8059747815132141	0.03394515439867973	0.024031708016991615	1
3	127	centered_logit	proposal	40	0.5517642498016357	0.5517642498016357	0.10458627343177795	0.005792110227048397	0.038402531296014786	0.02815847285091877	0
3	191	centered_logit	proposal	40	0.30496320128440857	0.30496320128440857	0.10506284981966019	0.9984094500541687	0.039429422467947006	0.02218714915215969	1
3	255	centered_logit	proposal	40	0.6191181540489197	0.6191181540489197	0.14347492158412933	0.0016823707846924663	0.03702554106712341	0.02352866716682911	0
3	63	centered_logit	canonical_perturbation	40	0.44801947474479675	0.44801947474479675	0.12632310390472412	0.9370076656341553	0.037494756281375885	0.024031708016991615	1
3	127	centered_logit	canonical_perturbation	40	0.567844033241272	0.567844033241272	0.18705858290195465	0.0018830924527719617	0.04501424729824066	0.02815847285091877	0
3	191	centered_logit	canonical_perturbation	40	0.2859747111797333	0.2859747111797333	0.1118973046541214	0.9989293217658997	0.038588572293519974	0.02218714915215969	1
3	255	centered_logit	canonical_perturbation	40	0.4528926908969879	0.4528926908969879	0.1264045238494873	0.04080627113580704	0.03815440088510513	0.02352866716682911	0
3	63	centered_logit	random_sphere	40	2.502380132675171	2.502380132675171	29.94940757751465	9.9664852314163e-05	1.4098598957061768	0.024031708016991615	0
3	127	centered_logit	random_sphere	40	4.230795860290527	4.230795860290527	29.177648544311523	0.00018205052765551955	1.4337602853775024	0.02815847285091877	0
3	191	centered_logit	random_sphere	40	2.7111146450042725	2.7111146450042725	29.08354949951172	0.00036857317900285125	1.4072843790054321	0.02218714915215969	0
3	255	centered_logit	random_sphere	40	3.022860050201416	3.022860050201416	30.051294326782227	2.6009232897195034e-05	1.4464884996414185	0.02352866716682911	0
3	63	inverse_hidden	proposal	40	0.0011401724768802524	2.3806517124176025	0.0011401724768802524	0.9959070682525635	0.021473843604326248	0.024031708016991615	1
3	127	inverse_hidden	proposal	40	0.0006866949261166155	1.224820852279663	0.0006866949261166155	0.9875046610832214	0.025483213365077972	0.02815847285091877	1
3	191	inverse_hidden	proposal	40	0.001260095159523189	1.7450026273727417	0.001260095159523189	0.9635130763053894	0.018750477582216263	0.02218714915215969	1
3	255	inverse_hidden	proposal	40	0.0010933773592114449	1.0152809619903564	0.0010933773592114449	0.8398066759109497	0.020096851512789726	0.02352866716682911	1
3	63	inverse_hidden	canonical_perturbation	40	0.0037361825816333294	1.7937136888504028	0.0037361825816333294	0.8853927254676819	0.019819170236587524	0.024031708016991615	1
3	127	inverse_hidden	canonical_perturbation	40	0.009500849060714245	3.735949993133545	0.009500849060714245	0.07664033025503159	0.027184758335351944	0.02815847285091877	1
3	191	inverse_hidden	canonical_perturbation	40	0.003344879252836108	1.3644828796386719	0.003344879252836108	0.8143125176429749	0.01820756494998932	0.02218714915215969	1
3	255	inverse_hidden	canonical_perturbation	40	0.00508539704605937	2.832449436187744	0.00508539704605937	0.6658769249916077	0.022259870544075966	0.02352866716682911	1
3	63	inverse_hidden	random_sphere	40	29.92806053161621	3.832329511642456	29.92806053161621	8.306297240778804e-05	1.399086833000183	0.024031708016991615	0
3	127	inverse_hidden	random_sphere	40	29.069398880004883	7.278083801269531	29.069398880004883	0.00011890529276570305	1.4281480312347412	0.02815847285091877	0
3	191	inverse_hidden	random_sphere	40	28.912033081054688	4.331404685974121	28.912033081054688	6.288845906965435e-05	1.4109829664230347	0.02218714915215969	0
3	255	inverse_hidden	random_sphere	40	29.78916358947754	5.20195198059082	29.78916358947754	4.338194412412122e-05	1.4399068355560303	0.02352866716682911	0
4	63	centered_logit	proposal	0	1.7012803554534912	1.7012803554534912	0.034048836678266525	0.24324549734592438	0.04101957753300667	0.04101957753300667	1
4	127	centered_logit	proposal	0	3.8037219047546387	3.8037219047546387	0.0420980378985405	0.05106842890381813	0.025149639695882797	0.025149639695882797	1
4	191	centered_logit	proposal	0	3.6852500438690186	3.6852500438690186	0.04005202651023865	0.18386919796466827	0.019133662804961205	0.019133662804961205	1
4	255	centered_logit	proposal	0	3.221393346786499	3.221393346786499	0.0508662573993206	0.5280807018280029	0.027866188436746597	0.027866188436746597	1
4	63	centered_logit	canonical_perturbation	0	3.3768529891967773	3.3768529891967773	0.7971604466438293	0.0003743114648386836	0.04101957753300667	0.04101957753300667	0
4	127	centered_logit	canonical_perturbation	0	2.663731098175049	2.663731098175049	0.11096130311489105	0.00365249696187675	0.025149639695882797	0.025149639695882797	0
4	191	centered_logit	canonical_perturbation	0	2.65950870513916	2.65950870513916	0.0679011344909668	0.018421849235892296	0.019133664667606354	0.019133662804961205	1
4	255	centered_logit	canonical_perturbation	0	4.727596282958984	4.727596282958984	0.1900283694267273	0.006473054643720388	0.027866192162036896	0.027866188436746597	1
4	63	centered_logit	random_sphere	0	3.7328591346740723	3.7328591346740723	30.927583694458008	0.00019301682186778635	1.3930784463882446	0.04101957753300667	0
4	127	centered_logit	random_sphere	0	2.563868522644043	2.563868522644043	30.449542999267578	0.00013168726582080126	1.4140886068344116	0.025149639695882797	0
4	191	centered_logit	random_sphere	0	2.85390305519104	2.85390305519104	31.79793930053711	0.00014294360880739987	1.384506344795227	0.019133662804961205	0
4	255	centered_logit	random_sphere	0	6.223384857177734	6.223384857177734	30.763986587524414	0.0001889168779598549	1.4332730770111084	0.027866188436746597	0
4	63	inverse_hidden	proposal	0	0.034048836678266525	1.7012803554534912	0.034048836678266525	0.24324549734592438	0.04101957753300667	0.04101957753300667	1
4	127	inverse_hidden	proposal	0	0.0420980378985405	3.8037219047546387	0.0420980378985405	0.05106842890381813	0.025149639695882797	0.025149639695882797	1
4	191	inverse_hidden	proposal	0	0.04005202651023865	3.6852500438690186	0.04005202651023865	0.18386919796466827	0.019133662804961205	0.019133662804961205	1
4	255	inverse_hidden	proposal	0	0.0508662573993206	3.221393346786499	0.0508662573993206	0.5280807018280029	0.027866188436746597	0.027866188436746597	1
4	63	inverse_hidden	canonical_perturbation	0	0.7971604466438293	3.3768529891967773	0.7971604466438293	0.0003743114648386836	0.04101957753300667	0.04101957753300667	0
4	127	inverse_hidden	canonical_perturbation	0	0.11096130311489105	2.663731098175049	0.11096130311489105	0.00365249696187675	0.025149639695882797	0.025149639695882797	0
4	191	inverse_hidden	canonical_perturbation	0	0.0679011344909668	2.65950870513916	0.0679011344909668	0.018421849235892296	0.019133664667606354	0.019133662804961205	1
4	255	inverse_hidden	canonical_perturbation	0	0.1900283694267273	4.727596282958984	0.1900283694267273	0.006473054643720388	0.027866192162036896	0.027866188436746597	1
4	63	inverse_hidden	random_sphere	0	30.927583694458008	3.7328591346740723	30.927583694458008	0.00019301682186778635	1.3930784463882446	0.04101957753300667	0
4	127	inverse_hidden	random_sphere	0	30.449542999267578	2.563868522644043	30.449542999267578	0.00013168726582080126	1.4140886068344116	0.025149639695882797	0
4	191	inverse_hidden	random_sphere	0	31.79793930053711	2.85390305519104	31.79793930053711	0.00014294360880739987	1.384506344795227	0.019133662804961205	0
4	255	inverse_hidden	random_sphere	0	30.763986587524414	6.223384857177734	30.763986587524414	0.0001889168779598549	1.4332730770111084	0.027866188436746597	0
5	63	centered_logit	proposal	0	6.405738830566406	6.405738830566406	0.03840868920087814	0.01952778548002243	0.031947020441293716	0.031947020441293716	1
5	127	centered_logit	proposal	0	5.68292760848999	5.68292760848999	0.03781057521700859	0.04308190569281578	0.03003077767789364	0.03003077767789364	1
5	191	centered_logit	proposal	0	2.617389440536499	2.617389440536499	0.03828396275639534	0.3718779385089874	0.03616156056523323	0.03616156056523323	1
5	255	centered_logit	proposal	0	4.46636962890625	4.46636962890625	0.05397998169064522	0.20919039845466614	0.02451728656888008	0.02451728656888008	1
5	63	centered_logit	canonical_perturbation	0	8.115890502929688	8.115890502929688	0.2961868643760681	0.0014249255182221532	0.031947020441293716	0.031947020441293716	0
5	127	centered_logit	canonical_perturbation	0	6.39227819442749	6.39227819442749	0.15355530381202698	0.020539429038763046	0.030030779540538788	0.03003077767789364	1
5	191	centered_logit	canonical_perturbation	0	5.401294708251953	5.401294708251953	0.7925514578819275	0.0008919506217353046	0.03616156429052353	0.03616156056523323	0
5	255	centered_logit	canonical_perturbation	0	6.653599739074707	6.653599739074707	0.09946189820766449	0.0007694617961533368	0.02451729029417038	0.02451728656888008	0
5	63	centered_logit	random_sphere	0	11.317207336425781	11.317207336425781	28.986461639404297	4.0704031562199816e-05	1.4486428499221802	0.031947020441293716	0
5	127	centered_logit	random_sphere	0	10.661672592163086	10.661672592163086	29.683629989624023	3.124466820736416e-05	1.4442403316497803	0.03003077767789364	0
5	191	centered_logit	random_sphere	0	6.776749134063721	6.776749134063721	29.421649932861328	0.00026982571580447257	1.43342125415802	0.03616156056523323	0
5	255	centered_logit	random_sphere	0	8.70029067993164	8.70029067993164	26.742530822753906	7.925699901534244e-05	1.391865849494934	0.02451728656888008	0
5	63	inverse_hidden	proposal	0	0.03840868920087814	6.405738830566406	0.03840868920087814	0.01952778548002243	0.031947020441293716	0.031947020441293716	1
5	127	inverse_hidden	proposal	0	0.03781057521700859	5.68292760848999	0.03781057521700859	0.04308190569281578	0.03003077767789364	0.03003077767789364	1
5	191	inverse_hidden	proposal	0	0.03828396275639534	2.617389440536499	0.03828396275639534	0.3718779385089874	0.03616156056523323	0.03616156056523323	1
5	255	inverse_hidden	proposal	0	0.05397998169064522	4.46636962890625	0.05397998169064522	0.20919039845466614	0.02451728656888008	0.02451728656888008	1
5	63	inverse_hidden	canonical_perturbation	0	0.2961868643760681	8.115890502929688	0.2961868643760681	0.0014249255182221532	0.031947020441293716	0.031947020441293716	0
5	127	inverse_hidden	canonical_perturbation	0	0.15355530381202698	6.39227819442749	0.15355530381202698	0.020539429038763046	0.030030779540538788	0.03003077767789364	1
5	191	inverse_hidden	canonical_perturbation	0	0.7925514578819275	5.401294708251953	0.7925514578819275	0.0008919506217353046	0.03616156429052353	0.03616156056523323	0
5	255	inverse_hidden	canonical_perturbation	0	0.09946189820766449	6.653599739074707	0.09946189820766449	0.0007694617961533368	0.02451729029417038	0.02451728656888008	0
5	63	inverse_hidden	random_sphere	0	28.986461639404297	11.317207336425781	28.986461639404297	4.0704031562199816e-05	1.4486428499221802	0.031947020441293716	0
5	127	inverse_hidden	random_sphere	0	29.683629989624023	10.661672592163086	29.683629989624023	3.124466820736416e-05	1.4442403316497803	0.03003077767789364	0
5	191	inverse_hidden	random_sphere	0	29.421649932861328	6.776749134063721	29.421649932861328	0.00026982571580447257	1.43342125415802	0.03616156056523323	0
5	255	inverse_hidden	random_sphere	0	26.742530822753906	8.70029067993164	26.742530822753906	7.925699901534244e-05	1.391865849494934	0.02451728656888008	0
4	63	centered_logit	proposal	1	1.1675258874893188	1.1675258874893188	0.029694583266973495	0.3473483920097351	0.0412309356033802	0.04101957753300667	1
4	127	centered_logit	proposal	1	1.7592196464538574	1.7592196464538574	0.038336098194122314	0.005401914939284325	0.025218527764081955	0.025149639695882797	1
4	191	centered_logit	proposal	1	2.0611138343811035	2.0611138343811035	0.049948953092098236	0.005069687031209469	0.019122663885354996	0.019133662804961205	0
4	255	centered_logit	proposal	1	1.7008610963821411	1.7008610963821411	0.061257630586624146	0.5781562328338623	0.028461288660764694	0.027866188436746597	1
4	63	centered_logit	canonical_perturbation	1	3.012824296951294	3.012824296951294	0.7146823406219482	0.0006989322719164193	0.04112925007939339	0.04101957753300667	0
4	127	centered_logit	canonical_perturbation	1	1.8312795162200928	1.8312795162200928	0.09221627563238144	0.006208218168467283	0.0253627747297287	0.025149639695882797	1
4	191	centered_logit	canonical_perturbation	1	1.523943305015564	1.523943305015564	0.06582805514335632	0.030265148729085922	0.019412102177739143	0.019133662804961205	1
4	255	centered_logit	canonical_perturbation	1	3.445640802383423	3.445640802383423	0.14939360320568085	0.0323527492582798	0.028137214481830597	0.027866188436746597	1
4	63	centered_logit	random_sphere	1	3.6866726875305176	3.6866726875305176	30.935970306396484	0.000203989096917212	1.3929615020751953	0.04101957753300667	0
4	127	centered_logit	random_sphere	1	2.5442168712615967	2.5442168712615967	30.44805908203125	0.00013673887588083744	1.4140669107437134	0.025149639695882797	0
4	191	centered_logit	random_sphere	1	2.831148624420166	2.831148624420166	31.797752380371094	0.00014911459584254771	1.3844969272613525	0.019133662804961205	0
4	255	centered_logit	random_sphere	1	6.143279075622559	6.143279075622559	30.76215171813965	0.00020149198826402426	1.4331557750701904	0.027866188436746597	0
4	63	inverse_hidden	proposal	1	0.0560745894908905	2.7393248081207275	0.0560745894908905	0.002433234127238393	0.040915701538324356	0.04101957753300667	0
4	127	inverse_hidden	proposal	1	0.029599308967590332	2.4836645126342773	0.029599308967590332	0.0019675923977047205	0.024654695764183998	0.025149639695882797	0
4	191	inverse_hidden	proposal	1	0.01648304983973503	3.906106472015381	0.01648304983973503	0.07163495570421219	0.018822994083166122	0.019133662804961205	1
4	255	inverse_hidden	proposal	1	0.02601233310997486	5.022734642028809	0.02601233310997486	0.0002979353885166347	0.02744259126484394	0.027866188436746597	0
4	63	inverse_hidden	canonical_perturbation	1	0.4758073687553406	3.2894105911254883	0.4758073687553406	0.000506784301251173	0.04040681570768356	0.04101957753300667	0
4	127	inverse_hidden	canonical_perturbation	1	0.04658302292227745	2.1205058097839355	0.04658302292227745	0.009157288819551468	0.0244420375674963	0.025149639695882797	1
4	191	inverse_hidden	canonical_perturbation	1	0.026036208495497704	2.3226494789123535	0.026036208495497704	0.01612929068505764	0.01850203238427639	0.019133662804961205	1
4	255	inverse_hidden	canonical_perturbation	1	0.08709344267845154	4.476649761199951	0.08709344267845154	0.012693461962044239	0.027092017233371735	0.027866188436746597	1
4	63	inverse_hidden	random_sphere	1	30.923969268798828	3.7349050045013428	30.923969268798828	0.0001926974655361846	1.3930859565734863	0.04101957753300667	0
4	127	inverse_hidden	random_sphere	1	30.448299407958984	2.5646352767944336	30.448299407958984	0.00013108369603287429	1.4139888286590576	0.025149639695882797	0
4	191	inverse_hidden	random_sphere	1	31.795459747314453	2.8544278144836426	31.795459747314453	0.0001427456591045484	1.3844881057739258	0.019133662804961205	0
4	255	inverse_hidden	random_sphere	1	30.76171112060547	6.224105358123779	30.76171112060547	0.00018867275502998382	1.4331707954406738	0.027866188436746597	0
5	63	centered_logit	proposal	1	3.889068603515625	3.889068603515625	0.0389716774225235	0.23983410000801086	0.032446157187223434	0.031947020441293716	1
5	127	centered_logit	proposal	1	3.1661908626556396	3.1661908626556396	0.04072348400950432	0.2916290760040283	0.03020620532333851	0.03003077767789364	1
5	191	centered_logit	proposal	1	1.5183100700378418	1.5183100700378418	0.04082993417978287	0.5896931290626526	0.036484621465206146	0.03616156056523323	1
5	255	centered_logit	proposal	1	2.791160821914673	2.791160821914673	0.047789596021175385	0.34986183047294617	0.025166882202029228	0.02451728656888008	1
5	63	centered_logit	canonical_perturbation	1	6.742516040802002	6.742516040802002	0.29055100679397583	0.004485676530748606	0.03200599551200867	0.031947020441293716	1
5	127	centered_logit	canonical_perturbation	1	4.910978317260742	4.910978317260742	0.13730445504188538	0.0843178853392601	0.030151300132274628	0.03003077767789364	1
5	191	centered_logit	canonical_perturbation	1	4.792097091674805	4.792097091674805	0.7175883054733276	0.001683565555140376	0.03610340133309364	0.03616156056523323	0
5	255	centered_logit	canonical_perturbation	1	4.683205604553223	4.683205604553223	0.1321782022714615	0.0056869094260036945	0.02473084256052971	0.02451728656888008	1
5	63	centered_logit	random_sphere	1	11.191286087036133	11.191286087036133	28.987194061279297	4.4155331124784425e-05	1.4485431909561157	0.031947020441293716	0
5	127	centered_logit	random_sphere	1	10.543033599853516	10.543033599853516	29.682832717895508	3.38650424964726e-05	1.4441533088684082	0.03003077767789364	0
5	191	centered_logit	random_sphere	1	6.68556547164917	6.68556547164917	29.41891098022461	0.00029001213260926306	1.4332984685897827	0.03616156056523323	0
5	255	centered_logit	random_sphere	1	8.589615821838379	8.589615821838379	26.740816116333008	8.575996616855264e-05	1.3917605876922607	0.02451728656888008	0
5	63	inverse_hidden	proposal	1	0.018200648948550224	5.983931541442871	0.018200648948550224	0.011278437450528145	0.03156513348221779	0.031947020441293716	1
5	127	inverse_hidden	proposal	1	0.02289780229330063	6.502366542816162	0.02289780229330063	0.000989172956906259	0.029948247596621513	0.03003077767789364	0
5	191	inverse_hidden	proposal	1	0.02671043761074543	4.095660209655762	0.02671043761074543	0.0053852396085858345	0.03561536222696304	0.03616156056523323	0
5	255	inverse_hidden	proposal	1	0.03951670601963997	5.219474792480469	0.03951670601963997	0.0009276221971958876	0.024103473871946335	0.02451728656888008	0
5	63	inverse_hidden	canonical_perturbation	1	0.13536539673805237	8.148539543151855	0.13536539673805237	0.0019188800361007452	0.031104544177651405	0.031947020441293716	0
5	127	inverse_hidden	canonical_perturbation	1	0.07255808264017105	6.462778091430664	0.07255808264017105	0.0484013631939888	0.02936978079378605	0.03003077767789364	1
5	191	inverse_hidden	canonical_perturbation	1	0.4655454754829407	5.326552391052246	0.4655454754829407	0.0009835263481363654	0.035442233085632324	0.03616156056523323	0
5	255	inverse_hidden	canonical_perturbation	1	0.04517268389463425	8.034307479858398	0.04517268389463425	0.00012785349099431187	0.023912295699119568	0.02451728656888008	0
5	63	inverse_hidden	random_sphere	1	28.98305892944336	11.314242362976074	28.98305892944336	4.0672235627425835e-05	1.4487600326538086	0.031947020441293716	0
5	127	inverse_hidden	random_sphere	1	29.682205200195312	10.662206649780273	29.682205200195312	3.1360064895125106e-05	1.4442082643508911	0.03003077767789364	0
5	191	inverse_hidden	random_sphere	1	29.417116165161133	6.777613639831543	29.417116165161133	0.0002693602000363171	1.433227777481079	0.03616156056523323	0
5	255	inverse_hidden	random_sphere	1	26.74101448059082	8.700359344482422	26.74101448059082	7.917227048892528e-05	1.391674280166626	0.02451728656888008	0
4	63	centered_logit	proposal	2	0.800783634185791	0.800783634185791	0.03645994886755943	0.4778409004211426	0.04144619032740593	0.04101957753300667	1
4	127	centered_logit	proposal	2	1.3424959182739258	1.3424959182739258	0.05873571336269379	0.004427620675414801	0.025681734085083008	0.025149639695882797	0
4	191	centered_logit	proposal	2	1.64528226852417	1.64528226852417	0.06385956704616547	0.0026278956793248653	0.01951444521546364	0.019133662804961205	0
4	255	centered_logit	proposal	2	1.3485565185546875	1.3485565185546875	0.07908940315246582	0.5255255103111267	0.029183009639382362	0.027866188436746597	1
4	63	centered_logit	canonical_perturbation	2	2.645595073699951	2.645595073699951	0.5902485847473145	0.001447090064175427	0.041350238025188446	0.04101957753300667	0
4	127	centered_logit	canonical_perturbation	2	1.4451713562011719	1.4451713562011719	0.0615667887032032	0.0076941861771047115	0.025705181062221527	0.025149639695882797	1
4	191	centered_logit	canonical_perturbation	2	0.96220862865448	0.96220862865448	0.04793204739689827	0.05070348083972931	0.019866449758410454	0.019133662804961205	1
4	255	centered_logit	canonical_perturbation	2	2.2896437644958496	2.2896437644958496	0.11340726166963577	0.15994712710380554	0.02866704948246479	0.027866188436746597	1
4	63	centered_logit	random_sphere	2	3.6411678791046143	3.6411678791046143	30.94446563720703	0.00021552173711825162	1.3928455114364624	0.04101957753300667	0
4	127	centered_logit	random_sphere	2	2.524693012237549	2.524693012237549	30.446609497070312	0.00014197599375620484	1.4140450954437256	0.025149639695882797	0
4	191	centered_logit	random_sphere	2	2.808525562286377	2.808525562286377	31.797595977783203	0.00015551467367913574	1.3844866752624512	0.019133662804961205	0
4	255	centered_logit	random_sphere	2	6.063920974731445	6.063920974731445	30.76041603088379	0.00021484681928995997	1.4330388307571411	0.027866188436746597	0
4	63	inverse_hidden	proposal	2	0.02235328033566475	2.2603840827941895	0.02235328033566475	0.008470539934933186	0.04075644910335541	0.04101957753300667	0
4	127	inverse_hidden	proposal	2	0.012765886262059212	2.858701705932617	0.012765886262059212	0.004623693879693747	0.02428925596177578	0.025149639695882797	0
4	191	inverse_hidden	proposal	2	0.027701297774910927	3.7553420066833496	0.027701297774910927	0.00010906448733294383	0.018636981025338173	0.019133662804961205	0
4	255	inverse_hidden	proposal	2	0.01294995192438364	4.581614017486572	0.01294995192438364	0.0015693888999521732	0.027215365320444107	0.027866188436746597	0
4	63	inverse_hidden	canonical_perturbation	2	0.2638768255710602	3.1803698539733887	0.2638768255710602	0.0007731743971817195	0.03989670053124428	0.04101957753300667	0
4	127	inverse_hidden	canonical_perturbation	2	0.04143410921096802	2.0725460052490234	0.04143410921096802	0.003616797737777233	0.02388834021985531	0.025149639695882797	1
4	191	inverse_hidden	canonical_perturbation	2	0.03395989537239075	3.2441253662109375	0.03395989537239075	0.0012599597685039043	0.018000561743974686	0.019133662804961205	0
4	255	inverse_hidden	canonical_perturbation	2	0.04606730863451958	4.8491644859313965	0.04606730863451958	0.004497941117733717	0.026493649929761887	0.027866188436746597	1
4	63	inverse_hidden	random_sphere	2	30.920400619506836	3.7369375228881836	30.920400619506836	0.00019238480308558792	1.3930931091308594	0.04101957753300667	0
4	127	inverse_hidden	random_sphere	2	30.447118759155273	2.565373420715332	30.447118759155273	0.00013049886911176145	1.4138875007629395	0.025149639695882797	0
4	191	inverse_hidden	random_sphere	2	31.792984008789062	2.854973316192627	31.792984008789062	0.0001425409282092005	1.3844687938690186	0.019133662804961205	0
4	255	inverse_hidden	random_sphere	2	30.75957679748535	6.225029945373535	30.75957679748535	0.00018838114920072258	1.433068037033081	0.027866188436746597	0
5	63	centered_logit	proposal	2	2.4734249114990234	2.4734249114990234	0.04832174628973007	0.4694324731826782	0.03321295231580734	0.031947020441293716	1
5	127	centered_logit	proposal	2	2.0590150356292725	2.0590150356292725	0.046206459403038025	0.3913434147834778	0.030656559392809868	0.03003077767789364	1
5	191	centered_logit	proposal	2	1.0671846866607666	1.0671846866607666	0.04294736683368683	0.7194480895996094	0.03702462837100029	0.03616156056523323	1
5	255	centered_logit	proposal	2	1.791798710823059	1.791798710823059	0.04415643960237503	0.38537707924842834	0.02614150568842888	0.02451728656888008	1
5	63	centered_logit	canonical_perturbation	2	5.457500457763672	5.457500457763672	0.24250714480876923	0.015431102365255356	0.03231503441929817	0.031947020441293716	1
5	127	centered_logit	canonical_perturbation	2	3.5161514282226562	3.5161514282226562	0.10750722885131836	0.3151381015777588	0.030476318672299385	0.03003077767789364	1
5	191	centered_logit	canonical_perturbation	2	4.164009094238281	4.164009094238281	0.6063497066497803	0.003465859219431877	0.036249589174985886	0.03616156056523323	1
5	255	centered_logit	canonical_perturbation	2	3.3548269271850586	3.3548269271850586	0.12834978103637695	0.02463766373693943	0.025178799405694008	0.02451728656888008	1
5	63	centered_logit	random_sphere	2	11.066186904907227	11.066186904907227	28.9880428314209	4.788333171745762e-05	1.4484431743621826	0.031947020441293716	0
5	127	centered_logit	random_sphere	2	10.425159454345703	10.425159454345703	29.682125091552734	3.6688292311737314e-05	1.4440662860870361	0.03003077767789364	0
5	191	centered_logit	random_sphere	2	6.5951762199401855	6.5951762199401855	29.416248321533203	0.0003116308362223208	1.4331754446029663	0.03616156056523323	0
5	255	centered_logit	random_sphere	2	8.479799270629883	8.479799270629883	26.739110946655273	9.277404751628637e-05	1.391648292541504	0.02451728656888008	0
5	63	inverse_hidden	proposal	2	0.010622323490679264	5.086551189422607	0.010622323490679264	0.06216040998697281	0.031235869973897934	0.031947020441293716	1
5	127	inverse_hidden	proposal	2	0.01252620480954647	5.951470375061035	0.01252620480954647	0.010217736475169659	0.029789786785840988	0.03003077767789364	0
5	191	inverse_hidden	proposal	2	0.009712202474474907	2.5270137786865234	0.009712202474474907	0.2543824017047882	0.035248007625341415	0.03616156056523323	1
5	255	inverse_hidden	proposal	2	0.015112517401576042	3.8354573249816895	0.015112517401576042	0.012664261274039745	0.023709967732429504	0.02451728656888008	0
5	63	inverse_hidden	canonical_perturbation	2	0.06817746162414551	9.10592269897461	0.06817746162414551	0.0010006442898884416	0.03045531176030636	0.031947020441293716	0
5	127	inverse_hidden	canonical_perturbation	2	0.05190999433398247	7.996182441711426	0.05190999433398247	0.0039292071014642715	0.028896601870656013	0.03003077767789364	1
5	191	inverse_hidden	canonical_perturbation	2	0.25434935092926025	5.294168472290039	0.25434935092926025	0.0010190611938014627	0.03487502783536911	0.03616156056523323	0
5	255	inverse_hidden	canonical_perturbation	2	0.05145224556326866	8.887393951416016	0.05145224556326866	7.26604848750867e-05	0.02341877669095993	0.02451728656888008	0
5	63	inverse_hidden	random_sphere	2	28.979616165161133	11.311023712158203	28.979616165161133	4.064505628775805e-05	1.4488753080368042	0.031947020441293716	0
5	127	inverse_hidden	random_sphere	2	29.68079376220703	10.662858009338379	29.68079376220703	3.147212919429876e-05	1.4441782236099243	0.03003077767789364	0
5	191	inverse_hidden	random_sphere	2	29.412612915039062	6.778581619262695	29.412612915039062	0.00026885108673013747	1.4330334663391113	0.03616156056523323	0
5	255	inverse_hidden	random_sphere	2	26.739498138427734	8.700428009033203	26.739498138427734	7.908663246780634e-05	1.3914835453033447	0.02451728656888008	0
4	63	centered_logit	proposal	4	0.6972535252571106	0.6972535252571106	0.042233243584632874	0.6720008254051208	0.04200904071331024	0.04101957753300667	1
4	127	centered_logit	proposal	4	0.9385548830032349	0.9385548830032349	0.0693666934967041	0.020532961934804916	0.02701888419687748	0.025149639695882797	1
4	191	centered_logit	proposal	4	1.2226680517196655	1.2226680517196655	0.0761023461818695	0.006519717164337635	0.020719312131404877	0.019133662804961205	0
4	255	centered_logit	proposal	4	0.8953992128372192	0.8953992128372192	0.08872662484645844	0.6896935701370239	0.030844980850815773	0.027866188436746597	1
4	63	centered_logit	canonical_perturbation	4	1.8807404041290283	1.8807404041290283	0.3287564218044281	0.010423155501484871	0.042146895080804825	0.04101957753300667	0
4	127	centered_logit	canonical_perturbation	4	1.0578899383544922	1.0578899383544922	0.07797493785619736	0.021420728415250778	0.02673153206706047	0.025149639695882797	1
4	191	centered_logit	canonical_perturbation	4	0.8647695779800415	0.8647695779800415	0.053282078355550766	0.14724795520305634	0.021125931292772293	0.019133662804961205	1
4	255	centered_logit	canonical_perturbation	4	1.2327420711517334	1.2327420711517334	0.08925643563270569	0.5732669234275818	0.03022514469921589	0.027866188436746597	1
4	63	centered_logit	random_sphere	4	3.552248001098633	3.552248001098633	30.961746215820312	0.00024035827664192766	1.3926193714141846	0.04101957753300667	0
4	127	centered_logit	random_sphere	4	2.486039400100708	2.486039400100708	30.4438533782959	0.0001530446606921032	1.4140006303787231	0.025149639695882797	0
4	191	centered_logit	random_sphere	4	2.763686180114746	2.763686180114746	31.797367095947266	0.00016903059440664947	1.3844685554504395	0.019133662804961205	0
4	255	centered_logit	random_sphere	4	5.907500267028809	5.907500267028809	30.75724220275879	0.00024406230659224093	1.4328042268753052	0.027866188436746597	0
4	63	inverse_hidden	proposal	4	0.02390526607632637	2.9307286739349365	0.02390526607632637	0.0013197329826653004	0.040647242218256	0.04101957753300667	0
4	127	inverse_hidden	proposal	4	0.01576205901801586	2.1730690002441406	0.01576205901801586	0.006306588649749756	0.023948263376951218	0.025149639695882797	0
4	191	inverse_hidden	proposal	4	0.0101780965924263	3.0751113891601562	0.0101780965924263	0.0033061779104173183	0.01861039735376835	0.019133662804961205	0
4	255	inverse_hidden	proposal	4	0.011161117814481258	6.819861888885498	0.011161117814481258	0.00016653041529934853	0.02688387967646122	0.027866188436746597	0
4	63	inverse_hidden	canonical_perturbation	4	0.08369085192680359	3.416848659515381	0.08369085192680359	0.0009456303087063134	0.039171867072582245	0.04101957753300667	0
4	127	inverse_hidden	canonical_perturbation	4	0.04989044368267059	2.1721739768981934	0.04989044368267059	0.001961318776011467	0.022938990965485573	0.025149639695882797	0
4	191	inverse_hidden	canonical_perturbation	4	0.023232217878103256	2.771270275115967	0.023232217878103256	0.00153645861428231	0.01730911247432232	0.019133662804961205	0
4	255	inverse_hidden	canonical_perturbation	4	0.06337049603462219	6.6957855224609375	0.06337049603462219	0.000593529490288347	0.025538470596075058	0.027866188436746597	0
4	63	inverse_hidden	random_sphere	4	30.913423538208008	3.740976333618164	30.913423538208008	0.00019177414651494473	1.393103003501892	0.04101957753300667	0
4	127	inverse_hidden	random_sphere	4	30.44481086730957	2.5668411254882812	30.44481086730957	0.00012933663674630225	1.4136837720870972	0.025149639695882797	0
4	191	inverse_hidden	random_sphere	4	31.788124084472656	2.856104850769043	31.788124084472656	0.00014210707740858197	1.3844202756881714	0.019133662804961205	0
4	255	inverse_hidden	random_sphere	4	30.755422592163086	6.226754188537598	30.755422592163086	0.00018782314145937562	1.432862639427185	0.027866188436746597	0
5	63	centered_logit	proposal	4	1.336848258972168	1.336848258972168	0.05761686712503433	0.7033143043518066	0.035139087587594986	0.031947020441293716	1
5	127	centered_logit	proposal	4	1.1424751281738281	1.1424751281738281	0.05366558954119682	0.5057091116905212	0.032026588916778564	0.03003077767789364	1
5	191	centered_logit	proposal	4	0.7854849100112915	0.7854849100112915	0.05187462270259857	0.8182893395423889	0.03829401358962059	0.03616156056523323	1
5	255	centered_logit	proposal	4	1.0147250890731812	1.0147250890731812	0.04716205224394798	0.49017512798309326	0.028509769588708878	0.02451728656888008	1
5	63	centered_logit	canonical_perturbation	4	3.084373950958252	3.084373950958252	0.12882639467716217	0.19840504229068756	0.03354911506175995	0.031947020441293716	1
5	127	centered_logit	canonical_perturbation	4	1.7451763153076172	1.7451763153076172	0.07965798676013947	0.7383408546447754	0.03179207444190979	0.03003077767789364	1
5	191	centered_logit	canonical_perturbation	4	2.799128532409668	2.799128532409668	0.3573474586009979	0.021496860310435295	0.03704380989074707	0.03616156056523323	1
5	255	centered_logit	canonical_perturbation	4	1.8655998706817627	1.8655998706817627	0.10517004132270813	0.13699670135974884	0.026723133400082588	0.02451728656888008	1
5	63	centered_logit	random_sphere	4	10.818517684936523	10.818517684936523	28.990007400512695	5.625513585982844e-05	1.4482425451278687	0.031947020441293716	0
5	127	centered_logit	random_sphere	4	10.191768646240234	10.191768646240234	29.68099594116211	4.300311047700234e-05	1.4438915252685547	0.03003077767789364	0
5	191	centered_logit	random_sphere	4	6.416837692260742	6.416837692260742	29.41107177734375	0.000359632249455899	1.432926893234253	0.03616156056523323	0
5	255	centered_logit	random_sphere	4	8.262824058532715	8.262824058532715	26.735973358154297	0.00010845585347851738	1.391423225402832	0.02451728656888008	0
5	63	inverse_hidden	proposal	4	0.008620212785899639	12.785438537597656	0.008620212785899639	3.2656964322086424e-05	0.03097284398972988	0.031947020441293716	0
5	127	inverse_hidden	proposal	4	0.008854703046381474	12.442005157470703	0.008854703046381474	4.068400812684558e-06	0.029617825523018837	0.03003077767789364	0
5	191	inverse_hidden	proposal	4	0.008381018415093422	4.818970680236816	0.008381018415093422	0.004956403747200966	0.034821830689907074	0.03616156056523323	0
5	255	inverse_hidden	proposal	4	0.014765013940632343	4.008677959442139	0.014765013940632343	0.10954081267118454	0.023227056488394737	0.02451728656888008	1
5	63	inverse_hidden	canonical_perturbation	4	0.08289191126823425	10.944828987121582	0.08289191126823425	0.0008342040237039328	0.02963966690003872	0.031947020441293716	0
5	127	inverse_hidden	canonical_perturbation	4	0.07148599624633789	9.006258964538574	0.07148599624633789	0.0009199890773743391	0.028079239651560783	0.03003077767789364	0
5	191	inverse_hidden	canonical_perturbation	4	0.08295135945081711	5.933216094970703	0.08295135945081711	0.00033731621806509793	0.03418349474668503	0.03616156056523323	0
5	255	inverse_hidden	canonical_perturbation	4	0.03732284530997276	8.606851577758789	0.03732284530997276	0.00016208090528380126	0.02282995730638504	0.02451728656888008	0
5	63	inverse_hidden	random_sphere	4	28.973011016845703	11.30433464050293	28.973011016845703	4.061187428305857e-05	1.4490944147109985	0.031947020441293716	0
5	127	inverse_hidden	random_sphere	4	29.678054809570312	10.664478302001953	29.678054809570312	3.168405601172708e-05	1.4441206455230713	0.03003077767789364	0
5	191	inverse_hidden	random_sphere	4	29.40375328063965	6.780653953552246	29.40375328063965	0.00026772284763865173	1.4326434135437012	0.03616156056523323	0
5	255	inverse_hidden	random_sphere	4	26.736520767211914	8.70054817199707	26.736520767211914	7.890758570283651e-05	1.3911142349243164	0.02451728656888008	0
4	63	centered_logit	proposal	8	0.5669409036636353	0.5669409036636353	0.05684490129351616	0.865555465221405	0.04315806180238724	0.04101957753300667	1
4	127	centered_logit	proposal	8	0.7688965201377869	0.7688965201377869	0.08523841202259064	0.14808715879917145	0.029771005734801292	0.025149639695882797	1
4	191	centered_logit	proposal	8	0.9833855628967285	0.9833855628967285	0.08946124464273453	0.04408234730362892	0.023288052529096603	0.019133662804961205	1
4	255	centered_logit	proposal	8	0.8123474717140198	0.8123474717140198	0.10164715349674225	0.8941245675086975	0.03390108048915863	0.027866188436746597	1
4	63	centered_logit	canonical_perturbation	8	1.0420076847076416	1.0420076847076416	0.13324028253555298	0.45938771963119507	0.04412320628762245	0.04101957753300667	1
4	127	centered_logit	canonical_perturbation	8	0.8245210647583008	0.8245210647583008	0.10248451679944992	0.1144503727555275	0.028760716319084167	0.025149639695882797	1
4	191	centered_logit	canonical_perturbation	8	0.7122949361801147	0.7122949361801147	0.12692396342754364	0.2780841290950775	0.023870758712291718	0.019133662804961205	1
4	255	centered_logit	canonical_perturbation	8	0.8841496706008911	0.8841496706008911	0.11904515326023102	0.776870846748352	0.034258678555488586	0.027866188436746597	1
4	63	centered_logit	random_sphere	8	3.382991075515747	3.382991075515747	30.997116088867188	0.00029792054556310177	1.3921982049942017	0.04101957753300667	0
4	127	centered_logit	random_sphere	8	2.410367488861084	2.410367488861084	30.438987731933594	0.00017789535922929645	1.4139025211334229	0.025149639695882797	0
4	191	centered_logit	random_sphere	8	2.6757071018218994	2.6757071018218994	31.79711151123047	0.00019946454267483205	1.3844389915466309	0.019133662804961205	0
4	255	centered_logit	random_sphere	8	5.60420560836792	5.60420560836792	30.752138137817383	0.0003138298634439707	1.4323320388793945	0.027866188436746597	0
4	63	inverse_hidden	proposal	8	0.011084948666393757	4.760673999786377	0.011084948666393757	0.0005671397084370255	0.040436141192913055	0.04101957753300667	0
4	127	inverse_hidden	proposal	8	0.012098008766770363	3.9873130321502686	0.012098008766770363	5.128435805090703e-05	0.02366720698773861	0.025149639695882797	0
4	191	inverse_hidden	proposal	8	0.007061799056828022	2.082184314727783	0.007061799056828022	0.00030610451358370483	0.01873287558555603	0.019133662804961205	0
4	255	inverse_hidden	proposal	8	0.010390168987214565	10.971808433532715	0.010390168987214565	7.615535650984384e-06	0.02625131793320179	0.027866188436746597	0
4	63	inverse_hidden	canonical_perturbation	8	0.14114858210086823	4.760137557983398	0.14114858210086823	0.0001311167870881036	0.038264889270067215	0.04101957753300667	0
4	127	inverse_hidden	canonical_perturbation	8	0.021742355078458786	2.2495532035827637	0.021742355078458786	0.010511430911719799	0.02223076857626438	0.025149639695882797	1
4	191	inverse_hidden	canonical_perturbation	8	0.01849966309964657	1.9138340950012207	0.01849966309964657	0.04459036886692047	0.017326150089502335	0.019133662804961205	1
4	255	inverse_hidden	canonical_perturbation	8	0.03545051068067551	6.738034725189209	0.03545051068067551	0.0009505738271400332	0.024466753005981445	0.027866188436746597	0
4	63	inverse_hidden	random_sphere	8	30.9006404876709	3.749584197998047	30.9006404876709	0.00019039332983084023	1.3930774927139282	0.04101957753300667	0
4	127	inverse_hidden	random_sphere	8	30.440292358398438	2.5695748329162598	30.440292358398438	0.0001270561187993735	1.4132672548294067	0.025149639695882797	0
4	191	inverse_hidden	random_sphere	8	31.778560638427734	2.858522891998291	31.778560638427734	0.00014109633048065007	1.3842768669128418	0.019133662804961205	0
4	255	inverse_hidden	random_sphere	8	30.747753143310547	6.229846000671387	30.747753143310547	0.0001865961676230654	1.4324615001678467	0.027866188436746597	0
5	63	centered_logit	proposal	8	0.8058232069015503	0.8058232069015503	0.05753866955637932	0.9001829624176025	0.03923485055565834	0.031947020441293716	1
5	127	centered_logit	proposal	8	0.7670480012893677	0.7670480012893677	0.06918242573738098	0.6238255500793457	0.03522637486457825	0.03003077767789364	1
5	191	centered_logit	proposal	8	0.6673126816749573	0.6673126816749573	0.07856567203998566	0.9029181599617004	0.040670402348041534	0.03616156056523323	1
5	255	centered_logit	proposal	8	0.8647091388702393	0.8647091388702393	0.06428135186433792	0.6612472534179688	0.032927505671978	0.02451728656888008	1
5	63	centered_logit	canonical_perturbation	8	1.4818089008331299	1.4818089008331299	0.10859687626361847	0.6613343954086304	0.037748921662569046	0.031947020441293716	1
5	127	centered_logit	canonical_perturbation	8	0.8328336477279663	0.8328336477279663	0.10315127670764923	0.8373020887374878	0.035786718130111694	0.03003077767789364	1
5	191	centered_logit	canonical_perturbation	8	1.3585114479064941	1.3585114479064941	0.14411601424217224	0.2809225022792816	0.04030211642384529	0.03616156056523323	1
5	255	centered_logit	canonical_perturbation	8	1.0297154188156128	1.0297154188156128	0.12783606350421906	0.27480340003967285	0.03129071369767189	0.02451728656888008	1
5	63	centered_logit	random_sphere	8	10.33376693725586	10.33376693725586	28.994949340820312	7.736146653769538e-05	1.4478389024734497	0.031947020441293716	0
5	127	centered_logit	random_sphere	8	9.734872817993164	9.734872817993164	29.67984962463379	5.8773934142664075e-05	1.4435402154922485	0.03003077767789364	0
5	191	centered_logit	random_sphere	8	6.070324897766113	6.070324897766113	29.401643753051758	0.000477659166790545	1.4324184656143188	0.03616156056523323	0
5	255	centered_logit	random_sphere	8	7.839962959289551	7.839962959289551	26.730710983276367	0.00014755151642020792	1.3909735679626465	0.02451728656888008	0
5	63	inverse_hidden	proposal	8	0.004639798309653997	8.678647994995117	0.004639798309653997	0.004910061601549387	0.03082115203142166	0.031947020441293716	0
5	127	inverse_hidden	proposal	8	0.0062614683993160725	10.206157684326172	0.0062614683993160725	0.0005861673271283507	0.029420172795653343	0.03003077767789364	0
5	191	inverse_hidden	proposal	8	0.00761378463357687	9.989059448242188	0.00761378463357687	1.9543382222764194e-05	0.03457877039909363	0.03616156056523323	0
5	255	inverse_hidden	proposal	8	0.012293960899114609	10.511635780334473	0.012293960899114609	1.3405446225078776e-05	0.02294730953872204	0.02451728656888008	0
5	63	inverse_hidden	canonical_perturbation	8	0.06831660121679306	10.658188819885254	0.06831660121679306	0.0016032397979870439	0.02911103144288063	0.031947020441293716	0
5	127	inverse_hidden	canonical_perturbation	8	0.02700546756386757	5.940135955810547	0.02700546756386757	0.09188541769981384	0.02745722606778145	0.03003077767789364	1
5	191	inverse_hidden	canonical_perturbation	8	0.13730201125144958	7.960922718048096	0.13730201125144958	6.140668119769543e-05	0.03379714488983154	0.03616156056523323	0
5	255	inverse_hidden	canonical_perturbation	8	0.025623319670557976	5.583759784698486	0.025623319670557976	0.006889612413942814	0.02297942340373993	0.02451728656888008	1
5	63	inverse_hidden	random_sphere	8	28.9604434967041	11.291627883911133	28.9604434967041	4.059776620124467e-05	1.4495102167129517	0.031947020441293716	0
5	127	inverse_hidden	random_sphere	8	29.67287826538086	10.667461395263672	29.67287826538086	3.2109292078530416e-05	1.4439940452575684	0.03003077767789364	0
5	191	inverse_hidden	random_sphere	8	29.386886596679688	6.785439491271973	29.386886596679688	0.00026516852085478604	1.4318640232086182	0.03616156056523323	0
5	255	inverse_hidden	random_sphere	8	26.730796813964844	8.700868606567383	26.730796813964844	7.8507189755328e-05	1.3904539346694946	0.02451728656888008	0
4	63	centered_logit	proposal	16	0.41889238357543945	0.41889238357543945	0.07994303107261658	0.9655985236167908	0.04496442899107933	0.04101957753300667	1
4	127	centered_logit	proposal	16	0.6052368879318237	0.6052368879318237	0.12274742871522903	0.26628294587135315	0.033602889627218246	0.025149639695882797	1
4	191	centered_logit	proposal	16	0.7303705811500549	0.7303705811500549	0.12061841785907745	0.3057249188423157	0.027616163715720177	0.019133662804961205	1
4	255	centered_logit	proposal	16	0.6302073001861572	0.6302073001861572	0.16303400695323944	0.9671744704246521	0.037358030676841736	0.027866188436746597	1
4	63	centered_logit	canonical_perturbation	16	0.6562891602516174	0.6562891602516174	0.22227685153484344	0.7123939394950867	0.04945623129606247	0.04101957753300667	1
4	127	centered_logit	canonical_perturbation	16	0.5819401741027832	0.5819401741027832	0.1041630208492279	0.6728598475456238	0.03277383744716644	0.025149639695882797	1
4	191	centered_logit	canonical_perturbation	16	0.5620040893554688	0.5620040893554688	0.11919059604406357	0.6773693561553955	0.028013989329338074	0.019133662804961205	1
4	255	centered_logit	canonical_perturbation	16	0.7463003993034363	0.7463003993034363	0.23224128782749176	0.8643221855163574	0.04065428674221039	0.027866188436746597	1
4	63	centered_logit	random_sphere	16	3.079432964324951	3.079432964324951	31.069963455200195	0.0004527757118921727	1.3914449214935303	0.04101957753300667	0
4	127	centered_logit	random_sphere	16	2.26588773727417	2.26588773727417	30.432476043701172	0.00024126324569806457	1.4136908054351807	0.025149639695882797	0
4	191	centered_logit	random_sphere	16	2.507047176361084	2.507047176361084	31.797016143798828	0.00027642337954603136	1.384405493736267	0.019133662804961205	0
4	255	centered_logit	random_sphere	16	5.038083553314209	5.038083553314209	30.74669075012207	0.0005106719327159226	1.4313818216323853	0.027866188436746597	0
4	63	inverse_hidden	proposal	16	0.007515138480812311	1.7515958547592163	0.007515138480812311	0.01756291091442108	0.040087584406137466	0.04101957753300667	0
4	127	inverse_hidden	proposal	16	0.005467918701469898	2.382347583770752	0.005467918701469898	0.011566173285245895	0.023512231186032295	0.025149639695882797	1
4	191	inverse_hidden	proposal	16	0.004991584457457066	1.5866228342056274	0.004991584457457066	0.14320240914821625	0.018780194222927094	0.019133662804961205	1
4	255	inverse_hidden	proposal	16	0.004419367294758558	3.1564114093780518	0.004419367294758558	0.5714582800865173	0.025393802672624588	0.027866188436746597	1
4	63	inverse_hidden	canonical_perturbation	16	0.06071005389094353	4.256864070892334	0.06071005389094353	0.0005138994310982525	0.03851309046149254	0.04101957753300667	0
4	127	inverse_hidden	canonical_perturbation	16	0.015039142221212387	2.292933940887451	0.015039142221212387	0.0039050860796123743	0.022317755967378616	0.025149639695882797	0
4	191	inverse_hidden	canonical_perturbation	16	0.006590215489268303	1.8317424058914185	0.006590215489268303	0.14787474274635315	0.01749071478843689	0.019133662804961205	1
4	255	inverse_hidden	canonical_perturbation	16	0.018564706668257713	3.5694022178649902	0.018564706668257713	0.245622456073761	0.02499028667807579	0.027866188436746597	1
4	63	inverse_hidden	random_sphere	16	30.87841796875	3.768306255340576	30.87841796875	0.00018694352183956653	1.392868995666504	0.04101957753300667	0
4	127	inverse_hidden	random_sphere	16	30.431774139404297	2.5746312141418457	30.431774139404297	0.00012250072904862463	1.4123843908309937	0.025149639695882797	0
4	191	inverse_hidden	random_sphere	16	31.759584426879883	2.864234209060669	31.759584426879883	0.00013898988254368305	1.3838791847229004	0.019133662804961205	0
4	255	inverse_hidden	random_sphere	16	30.734954833984375	6.238413333892822	30.734954833984375	0.00018323793483432382	1.4317036867141724	0.027866188436746597	0
5	63	centered_logit	proposal	16	0.6319355368614197	0.6319355368614197	0.1038309782743454	0.9282044768333435	0.04500962793827057	0.031947020441293716	1
5	127	centered_logit	proposal	16	0.6274566054344177	0.6274566054344177	0.11874529719352722	0.7537341117858887	0.03989186882972717	0.03003077767789364	1
5	191	centered_logit	proposal	16	0.5256289839744568	0.5256289839744568	0.12285494804382324	0.9726110696792603	0.04396415129303932	0.03616156056523323	1
5	255	centered_logit	proposal	16	0.5526320934295654	0.5526320934295654	0.11388639360666275	0.8705859184265137	0.03895260766148567	0.02451728656888008	1
5	63	centered_logit	canonical_perturbation	16	0.7562443017959595	0.7562443017959595	0.1903950273990631	0.8372432589530945	0.04683662950992584	0.031947020441293716	1
5	127	centered_logit	canonical_perturbation	16	0.6183223724365234	0.6183223724365234	0.1878766119480133	0.8529369235038757	0.042760107666254044	0.03003077767789364	1
5	191	centered_logit	canonical_perturbation	16	0.8466051816940308	0.8466051816940308	0.2237684279680252	0.7125725746154785	0.04835354536771774	0.03616156056523323	1
5	255	centered_logit	canonical_perturbation	16	0.8455445766448975	0.8455445766448975	0.23177887499332428	0.3855241537094116	0.038816459476947784	0.02451728656888008	1
5	63	centered_logit	random_sphere	16	9.409759521484375	9.409759521484375	29.008628845214844	0.00014409847790375352	1.4470276832580566	0.031947020441293716	0
5	127	centered_logit	random_sphere	16	8.86363410949707	8.86363410949707	29.682226181030273	0.0001076653425116092	1.4428203105926514	0.03003077767789364	0
5	191	centered_logit	random_sphere	16	5.420599937438965	5.420599937438965	29.386821746826172	0.0008305677911266685	1.4313557147979736	0.03616156056523323	0
5	255	centered_logit	random_sphere	16	7.041769504547119	7.041769504547119	26.72428321838379	0.0002677354495972395	1.3900686502456665	0.02451728656888008	0
5	63	inverse_hidden	proposal	16	0.00246122176758945	3.718127727508545	0.00246122176758945	0.8484476804733276	0.03070230968296528	0.031947020441293716	1
5	127	inverse_hidden	proposal	16	0.003851063782349229	7.020754814147949	0.003851063782349229	0.04836146533489227	0.0291789248585701	0.03003077767789364	1
5	191	inverse_hidden	proposal	16	0.004072967916727066	2.451935291290283	0.004072967916727066	0.9429097771644592	0.03451158478856087	0.03616156056523323	1
5	255	inverse_hidden	proposal	16	0.005091811530292034	2.8359832763671875	0.005091811530292034	0.06095424294471741	0.022319767624139786	0.02451728656888008	0
5	63	inverse_hidden	canonical_perturbation	16	0.03945383056998253	6.9445648193359375	0.03945383056998253	0.026783637702465057	0.030757108703255653	0.031947020441293716	1
5	127	inverse_hidden	canonical_perturbation	16	0.01927356794476509	10.243936538696289	0.01927356794476509	0.0016368171200156212	0.02811720408499241	0.03003077767789364	0
5	191	inverse_hidden	canonical_perturbation	16	0.04981983080506325	6.8253889083862305	0.04981983080506325	0.002028709277510643	0.03539878875017166	0.03616156056523323	0
5	255	inverse_hidden	canonical_perturbation	16	0.010089072398841381	10.646560668945312	0.010089072398841381	0.014423046261072159	0.02429455891251564	0.02451728656888008	1
5	63	inverse_hidden	random_sphere	16	28.93624496459961	11.265361785888672	28.93624496459961	4.068643829668872e-05	1.4502557516098022	0.031947020441293716	0
5	127	inverse_hidden	random_sphere	16	29.662851333618164	10.66916275024414	29.662851333618164	3.3109965443145484e-05	1.443657636642456	0.03003077767789364	0
5	191	inverse_hidden	random_sphere	16	29.35747528076172	6.795849800109863	29.35747528076172	0.00026007561245933175	1.430358648300171	0.03616156056523323	0
5	255	inverse_hidden	random_sphere	16	26.720197677612305	8.702719688415527	26.720197677612305	7.739820284768939e-05	1.389417290687561	0.02451728656888008	0
4	63	centered_logit	proposal	24	0.3158192038536072	0.3158192038536072	0.08053841441869736	0.9938468337059021	0.04658852517604828	0.04101957753300667	1
4	127	centered_logit	proposal	24	0.4994056224822998	0.4994056224822998	0.11992879956960678	0.638982892036438	0.03609446808695793	0.025149639695882797	1
4	191	centered_logit	proposal	24	0.5667946338653564	0.5667946338653564	0.12462255358695984	0.5619785785675049	0.03096395544707775	0.019133662804961205	1
4	255	centered_logit	proposal	24	0.5310412645339966	0.5310412645339966	0.17884977161884308	0.9927939176559448	0.03953670710325241	0.027866188436746597	1
4	63	centered_logit	canonical_perturbation	24	0.498434454202652	0.498434454202652	0.2299741953611374	0.8795267939567566	0.053204119205474854	0.04101957753300667	1
4	127	centered_logit	canonical_perturbation	24	0.4468867778778076	0.4468867778778076	0.10373952239751816	0.9180730581283569	0.03632478788495064	0.025149639695882797	1
4	191	centered_logit	canonical_perturbation	24	0.453380286693573	0.453380286693573	0.14052115380764008	0.8894230723381042	0.030959056690335274	0.019133662804961205	1
4	255	centered_logit	canonical_perturbation	24	0.5975359678268433	0.5975359678268433	0.21798531711101532	0.9822902083396912	0.043432895094156265	0.027866188436746597	1
4	63	centered_logit	random_sphere	24	2.8211045265197754	2.8211045265197754	31.142244338989258	0.0006778074312023818	1.3908332586288452	0.04101957753300667	0
4	127	centered_logit	random_sphere	24	2.130931854248047	2.130931854248047	30.42972755432129	0.00032814303995110095	1.4134547710418701	0.025149639695882797	0
4	191	centered_logit	random_sphere	24	2.348834991455078	2.348834991455078	31.797725677490234	0.0003805695450864732	1.384421944618225	0.019133662804961205	0
4	255	centered_logit	random_sphere	24	4.528423309326172	4.528423309326172	30.746910095214844	0.0008109452901408076	1.4304417371749878	0.027866188436746597	0
4	63	inverse_hidden	proposal	24	0.0033629878889769316	4.172590255737305	0.0033629878889769316	0.021249031648039818	0.04020119458436966	0.04101957753300667	0
4	127	inverse_hidden	proposal	24	0.003236542921513319	2.5943124294281006	0.003236542921513319	0.02186651900410652	0.023454122245311737	0.025149639695882797	1
4	191	inverse_hidden	proposal	24	0.0031470241956412792	2.0898642539978027	0.0031470241956412792	0.15207596123218536	0.01832885481417179	0.019133662804961205	1
4	255	inverse_hidden	proposal	24	0.002461509546265006	3.4446191787719727	0.002461509546265006	0.950673520565033	0.02510642632842064	0.027866188436746597	1
4	63	inverse_hidden	canonical_perturbation	24	0.06164274364709854	3.04386043548584	0.06164274364709854	0.004592143930494785	0.03982822224497795	0.04101957753300667	1
4	127	inverse_hidden	canonical_perturbation	24	0.008047481998801231	1.4217873811721802	0.008047481998801231	0.17562489211559296	0.0219948161393404	0.025149639695882797	1
4	191	inverse_hidden	canonical_perturbation	24	0.005415508057922125	1.8185169696807861	0.005415508057922125	0.15637247264385223	0.016723496839404106	0.019133662804961205	1
4	255	inverse_hidden	canonical_perturbation	24	0.011363246478140354	4.8214263916015625	0.011363246478140354	0.1821400672197342	0.024964991956949234	0.027866188436746597	1
4	63	inverse_hidden	random_sphere	24	30.858779907226562	3.786775827407837	30.858779907226562	0.00018335587810724974	1.392551302909851	0.04101957753300667	0
4	127	inverse_hidden	random_sphere	24	30.423328399658203	2.5794296264648438	30.423328399658203	0.00011819989595096558	1.4115402698516846	0.025149639695882797	0
4	191	inverse_hidden	random_sphere	24	31.741735458374023	2.870236873626709	31.741735458374023	0.00013720276183448732	1.383387804031372	0.019133662804961205	0
4	255	inverse_hidden	random_sphere	24	30.724367141723633	6.25019645690918	30.724367141723633	0.00017918826779350638	1.4309983253479004	0.027866188436746597	0
5	63	centered_logit	proposal	24	0.5208810567855835	0.5208810567855835	0.1075066402554512	0.9691828489303589	0.04816190525889397	0.031947020441293716	1
5	127	centered_logit	proposal	24	0.49376118183135986	0.49376118183135986	0.1262183040380478	0.912018358707428	0.04239761084318161	0.03003077767789364	1
5	191	centered_logit	proposal	24	0.4212736189365387	0.4212736189365387	0.11138953268527985	0.9950035214424133	0.046355560421943665	0.03616156056523323	1
5	255	centered_logit	proposal	24	0.4726709723472595	0.4726709723472595	0.1168837696313858	0.9581652283668518	0.04264892265200615	0.02451728656888008	1
5	63	centered_logit	canonical_perturbation	24	0.6350520849227905	0.6350520849227905	0.19710929691791534	0.92105633020401	0.051998913288116455	0.031947020441293716	1
5	127	centered_logit	canonical_perturbation	24	0.506446897983551	0.506446897983551	0.19061020016670227	0.9421206116676331	0.046553730964660645	0.03003077767789364	1
5	191	centered_logit	canonical_perturbation	24	0.7280169129371643	0.7280169129371643	0.3422548472881317	0.8158621191978455	0.053729891777038574	0.03616156056523323	1
5	255	centered_logit	canonical_perturbation	24	0.6719019412994385	0.6719019412994385	0.2217799723148346	0.6245623826980591	0.04244556277990341	0.02451728656888008	1
5	63	centered_logit	random_sphere	24	8.550928115844727	8.550928115844727	29.027360916137695	0.00026230994262732565	1.4462229013442993	0.031947020441293716	0
5	127	centered_logit	random_sphere	24	8.053345680236816	8.053345680236816	29.690532684326172	0.0001923419040394947	1.442042589187622	0.03003077767789364	0
5	191	centered_logit	random_sphere	24	4.831850051879883	4.831850051879883	29.377178192138672	0.001409552525728941	1.4301939010620117	0.03616156056523323	0
5	255	centered_logit	random_sphere	24	6.311094284057617	6.311094284057617	26.723247528076172	0.0004723465826828033	1.3891404867172241	0.02451728656888008	0
5	63	inverse_hidden	proposal	24	0.0017090506153181195	2.2257308959960938	0.0017090506153181195	0.9860967993736267	0.030432231724262238	0.031947020441293716	1
5	127	inverse_hidden	proposal	24	0.002089180052280426	7.165205478668213	0.002089180052280426	0.1246606707572937	0.02876318246126175	0.03003077767789364	1
5	191	inverse_hidden	proposal	24	0.0021404665894806385	2.9128785133361816	0.0021404665894806385	0.8174751400947571	0.034338586032390594	0.03616156056523323	1
5	255	inverse_hidden	proposal	24	0.003034149995073676	4.350644111633301	0.003034149995073676	0.2002389281988144	0.02241622470319271	0.02451728656888008	0
5	63	inverse_hidden	canonical_perturbation	24	0.02298259362578392	11.427149772644043	0.02298259362578392	0.005146891809999943	0.031394802033901215	0.031947020441293716	1
5	127	inverse_hidden	canonical_perturbation	24	0.013660036027431488	4.139706134796143	0.013660036027431488	0.6483556032180786	0.02818804420530796	0.03003077767789364	1
5	191	inverse_hidden	canonical_perturbation	24	0.05113283544778824	5.134305000305176	0.05113283544778824	0.050453588366508484	0.037629738450050354	0.03616156056523323	1
5	255	inverse_hidden	canonical_perturbation	24	0.007646737154573202	8.089853286743164	0.007646737154573202	0.1060587465763092	0.02439107373356819	0.02451728656888008	1
5	63	inverse_hidden	random_sphere	24	28.91452980041504	11.233881950378418	28.91452980041504	4.093480310984887e-05	1.450731873512268	0.031947020441293716	0
5	127	inverse_hidden	random_sphere	24	29.653526306152344	10.66678524017334	29.653526306152344	3.418401684029959e-05	1.443256139755249	0.03003077767789364	0
5	191	inverse_hidden	random_sphere	24	29.3345890045166	6.80501651763916	29.3345890045166	0.00025584897957742214	1.428931713104248	0.03616156056523323	0
5	255	inverse_hidden	random_sphere	24	26.70979881286621	8.70562744140625	26.70979881286621	7.609937165398151e-05	1.3885042667388916	0.02451728656888008	0
4	63	centered_logit	proposal	40	0.20887857675552368	0.20887857675552368	0.07227378338575363	0.9993952512741089	0.04823417589068413	0.04101957753300667	1
4	127	centered_logit	proposal	40	0.373050332069397	0.373050332069397	0.11149150133132935	0.9418417811393738	0.039150334894657135	0.025149639695882797	1
4	191	centered_logit	proposal	40	0.39337366819381714	0.39337366819381714	0.1119985282421112	0.9750205874443054	0.035713691264390945	0.019133662804961205	1
4	255	centered_logit	proposal	40	0.39780497550964355	0.39780497550964355	0.16212879121303558	0.9994741082191467	0.042555857449769974	0.027866188436746597	1
4	63	centered_logit	canonical_perturbation	40	0.3689500689506531	0.3689500689506531	0.23654744029045105	0.9817725419998169	0.05782628431916237	0.04101957753300667	1
4	127	centered_logit	canonical_perturbation	40	0.29480642080307007	0.29480642080307007	0.10199639201164246	0.993834376335144	0.040077902376651764	0.025149639695882797	1
4	191	centered_logit	canonical_perturbation	40	0.2938828468322754	0.2938828468322754	0.1065247431397438	0.9956515431404114	0.03520134836435318	0.019133662804961205	1
4	255	centered_logit	canonical_perturbation	40	0.4366804361343384	0.4366804361343384	0.21469992399215698	0.9989218711853027	0.04753991588950157	0.027866188436746597	1
4	63	centered_logit	random_sphere	40	2.419894218444824	2.419894218444824	31.275056838989258	0.0014443517429754138	1.3900415897369385	0.04101957753300667	0
4	127	centered_logit	random_sphere	40	1.8896071910858154	1.8896071910858154	30.4325008392334	0.0006075432174839079	1.412867784500122	0.025149639695882797	0
4	191	centered_logit	random_sphere	40	2.0652780532836914	2.0652780532836914	31.80126953125	0.0007088728016242385	1.3846691846847534	0.019133662804961205	0
4	255	centered_logit	random_sphere	40	3.677854061126709	3.677854061126709	30.763887405395508	0.0018810455221682787	1.428698182106018	0.027866188436746597	0
4	63	inverse_hidden	proposal	40	0.0015051017981022596	1.2094155550003052	0.0015051017981022596	0.4051405191421509	0.03939278796315193	0.04101957753300667	0
4	127	inverse_hidden	proposal	40	0.0013132804306223989	2.375211715698242	0.0013132804306223989	0.8669399619102478	0.02201932482421398	0.025149639695882797	1
4	191	inverse_hidden	proposal	40	0.0012179060140624642	1.5822525024414062	0.0012179060140624642	0.953278660774231	0.016896575689315796	0.019133662804961205	1
4	255	inverse_hidden	proposal	40	0.0009835840901359916	0.9562517404556274	0.0009835840901359916	0.9995706677436829	0.023900358006358147	0.027866188436746597	1
4	63	inverse_hidden	canonical_perturbation	40	0.026621345430612564	3.1648526191711426	0.026621345430612564	0.006035120226442814	0.038430459797382355	0.04101957753300667	1
4	127	inverse_hidden	canonical_perturbation	40	0.004069230984896421	1.4829716682434082	0.004069230984896421	0.3209552764892578	0.018845651298761368	0.025149639695882797	1
4	191	inverse_hidden	canonical_perturbation	40	0.002044925233349204	0.7901968955993652	0.002044925233349204	0.9350131750106812	0.014110654592514038	0.019133662804961205	1
4	255	inverse_hidden	canonical_perturbation	40	0.007517514284700155	2.1893563270568848	0.007517514284700155	0.9856675267219543	0.023117922246456146	0.027866188436746597	1
4	63	inverse_hidden	random_sphere	40	30.82489776611328	3.8201189041137695	30.82489776611328	0.0001783636398613453	1.3916957378387451	0.04101957753300667	0
4	127	inverse_hidden	random_sphere	40	30.406688690185547	2.587808847427368	30.406688690185547	0.00011071500921389088	1.4100968837738037	0.025149639695882797	0
4	191	inverse_hidden	random_sphere	40	31.709190368652344	2.880384683609009	31.709190368652344	0.00013330807269085199	1.3824042081832886	0.019133662804961205	0
4	255	inverse_hidden	random_sphere	40	30.706722259521484	6.270001411437988	30.706722259521484	0.0001722861488815397	1.4298659563064575	0.027866188436746597	0
5	63	centered_logit	proposal	40	0.39305543899536133	0.39305543899536133	0.10753341019153595	0.9935718774795532	0.05085916444659233	0.031947020441293716	1
5	127	centered_logit	proposal	40	0.3774956464767456	0.3774956464767456	0.12904493510723114	0.9830033183097839	0.04488646984100342	0.03003077767789364	1
5	191	centered_logit	proposal	40	0.2834074795246124	0.2834074795246124	0.08911467343568802	0.9997146725654602	0.04926363378763199	0.03616156056523323	1
5	255	centered_logit	proposal	40	0.33269691467285156	0.33269691467285156	0.11350184679031372	0.9959995746612549	0.046290311962366104	0.02451728656888008	1
5	63	centered_logit	canonical_perturbation	40	0.47738951444625854	0.47738951444625854	0.2149278223514557	0.9731149673461914	0.056368280202150345	0.031947020441293716	1
5	127	centered_logit	canonical_perturbation	40	0.3605992794036865	0.3605992794036865	0.19221378862857819	0.9887102246284485	0.05031983554363251	0.03003077767789364	1
5	191	centered_logit	canonical_perturbation	40	0.5327968597412109	0.5327968597412109	0.29192787408828735	0.9736937284469604	0.05852566659450531	0.03616156056523323	1
5	255	centered_logit	canonical_perturbation	40	0.5199465751647949	0.5199465751647949	0.22033743560314178	0.889183521270752	0.04623102769255638	0.02451728656888008	1
5	63	centered_logit	random_sphere	40	7.03766393661499	7.03766393661499	29.07866668701172	0.0008016155334189534	1.4446678161621094	0.031947020441293716	0
5	127	centered_logit	random_sphere	40	6.623982906341553	6.623982906341553	29.722848892211914	0.0005685603246092796	1.4404696226119995	0.03003077767789364	0
5	191	centered_logit	random_sphere	40	3.8397204875946045	3.8397204875946045	29.37518310546875	0.0037295392248779535	1.4276598691940308	0.03616156056523323	0
5	255	centered_logit	random_sphere	40	5.057397365570068	5.057397365570068	26.736919403076172	0.001336162444204092	1.3871405124664307	0.02451728656888008	0
5	63	inverse_hidden	proposal	40	0.0012329372111707926	1.9939072132110596	0.0012329372111707926	0.9975546002388	0.029486700892448425	0.031947020441293716	1
5	127	inverse_hidden	proposal	40	0.0010119654471054673	3.339404821395874	0.0010119654471054673	0.987162172794342	0.027700504288077354	0.03003077767789364	1
5	191	inverse_hidden	proposal	40	0.0010280575370416045	1.1638200283050537	0.0010280575370416045	0.9973257780075073	0.03332426771521568	0.03616156056523323	1
5	255	inverse_hidden	proposal	40	0.0014622743474319577	2.3050732612609863	0.0014622743474319577	0.8375488519668579	0.021541187539696693	0.02451728656888008	1
5	63	inverse_hidden	canonical_perturbation	40	0.010257984511554241	9.4881010055542	0.010257984511554241	0.07880118489265442	0.030016999691724777	0.031947020441293716	1
5	127	inverse_hidden	canonical_perturbation	40	0.00675913505256176	5.005409240722656	0.00675913505256176	0.7065996527671814	0.025325022637844086	0.03003077767789364	1
5	191	inverse_hidden	canonical_perturbation	40	0.018853766843676567	5.721466064453125	0.018853766843676567	0.1161080002784729	0.03753131628036499	0.03616156056523323	1
5	255	inverse_hidden	canonical_perturbation	40	0.0036455809604376554	3.497831344604492	0.0036455809604376554	0.9544507265090942	0.021249577403068542	0.02451728656888008	1
5	63	inverse_hidden	random_sphere	40	28.879398345947266	11.159748077392578	28.879398345947266	4.182704651611857e-05	1.4509896039962769	0.031947020441293716	0
5	127	inverse_hidden	random_sphere	40	29.63709259033203	10.65831470489502	29.63709259033203	3.6113764508627355e-05	1.4426987171173096	0.03003077767789364	0
5	191	inverse_hidden	random_sphere	40	29.30294418334961	6.823298454284668	29.30294418334961	0.00024896860122680664	1.4262969493865967	0.03616156056523323	0
5	255	inverse_hidden	random_sphere	40	26.686786651611328	8.717629432678223	26.686786651611328	7.364879274973646e-05	1.3863285779953003	0.02451728656888008	0
6	63	centered_logit	proposal	0	1.894958734512329	1.894958734512329	0.05525471642613411	0.21119263768196106	0.02503029629588127	0.02503029629588127	1
6	127	centered_logit	proposal	0	1.5827534198760986	1.5827534198760986	0.034563932567834854	0.4903440475463867	0.03401044011116028	0.03401044011116028	1
6	191	centered_logit	proposal	0	2.9065327644348145	2.9065327644348145	0.03970310837030411	0.352190762758255	0.03473196178674698	0.03473196178674698	1
6	255	centered_logit	proposal	0	2.6200222969055176	2.6200222969055176	0.0499020479619503	0.12430164963006973	0.035139840096235275	0.035139840096235275	1
6	63	centered_logit	canonical_perturbation	0	1.630772352218628	1.630772352218628	0.20274974405765533	0.04044438526034355	0.025030294433236122	0.02503029629588127	1
6	127	centered_logit	canonical_perturbation	0	3.1164474487304688	3.1164474487304688	0.4243868291378021	0.0005997058469802141	0.03401044011116028	0.03401044011116028	0
6	191	centered_logit	canonical_perturbation	0	4.239853382110596	4.239853382110596	0.19776031374931335	0.005014514550566673	0.03473196178674698	0.03473196178674698	0
6	255	centered_logit	canonical_perturbation	0	2.4282610416412354	2.4282610416412354	0.30782386660575867	0.002066582441329956	0.035139843821525574	0.035139840096235275	0
6	63	centered_logit	random_sphere	0	4.2954421043396	4.2954421043396	28.885986328125	0.00010126540291821584	1.427703619003296	0.02503029629588127	0
6	127	centered_logit	random_sphere	0	3.9075186252593994	3.9075186252593994	28.12489891052246	0.0003013676614500582	1.4457347393035889	0.03401044011116028	0
6	191	centered_logit	random_sphere	0	8.362869262695312	8.362869262695312	25.85732650756836	7.68438185332343e-05	1.4113940000534058	0.03473196178674698	0
6	255	centered_logit	random_sphere	0	2.4366512298583984	2.4366512298583984	23.456918716430664	4.954590622219257e-05	1.4215331077575684	0.035139840096235275	0
6	63	inverse_hidden	proposal	0	0.05525471642613411	1.894958734512329	0.05525471642613411	0.21119263768196106	0.02503029629588127	0.02503029629588127	1
6	127	inverse_hidden	proposal	0	0.034563932567834854	1.5827534198760986	0.034563932567834854	0.4903440475463867	0.03401044011116028	0.03401044011116028	1
6	191	inverse_hidden	proposal	0	0.03970310837030411	2.9065327644348145	0.03970310837030411	0.352190762758255	0.03473196178674698	0.03473196178674698	1
6	255	inverse_hidden	proposal	0	0.0499020479619503	2.6200222969055176	0.0499020479619503	0.12430164963006973	0.035139840096235275	0.035139840096235275	1
6	63	inverse_hidden	canonical_perturbation	0	0.20274974405765533	1.630772352218628	0.20274974405765533	0.04044438526034355	0.025030294433236122	0.02503029629588127	1
6	127	inverse_hidden	canonical_perturbation	0	0.4243868291378021	3.1164474487304688	0.4243868291378021	0.0005997058469802141	0.03401044011116028	0.03401044011116028	0
6	191	inverse_hidden	canonical_perturbation	0	0.19776031374931335	4.239853382110596	0.19776031374931335	0.005014514550566673	0.03473196178674698	0.03473196178674698	0
6	255	inverse_hidden	canonical_perturbation	0	0.30782386660575867	2.4282610416412354	0.30782386660575867	0.002066582441329956	0.035139843821525574	0.035139840096235275	0
6	63	inverse_hidden	random_sphere	0	28.885986328125	4.2954421043396	28.885986328125	0.00010126540291821584	1.427703619003296	0.02503029629588127	0
6	127	inverse_hidden	random_sphere	0	28.12489891052246	3.9075186252593994	28.12489891052246	0.0003013676614500582	1.4457347393035889	0.03401044011116028	0
6	191	inverse_hidden	random_sphere	0	25.85732650756836	8.362869262695312	25.85732650756836	7.68438185332343e-05	1.4113940000534058	0.03473196178674698	0
6	255	inverse_hidden	random_sphere	0	23.456918716430664	2.4366512298583984	23.456918716430664	4.954590622219257e-05	1.4215331077575684	0.035139840096235275	0
7	63	centered_logit	proposal	0	4.265795707702637	4.265795707702637	0.041365236043930054	0.3538733720779419	0.025872964411973953	0.025872964411973953	1
7	127	centered_logit	proposal	0	5.952184677124023	5.952184677124023	0.03702455759048462	0.068951316177845	0.023398568853735924	0.023398568853735924	1
7	191	centered_logit	proposal	0	2.550220012664795	2.550220012664795	0.036950670182704926	0.513249397277832	0.029676655307412148	0.029676655307412148	1
7	255	centered_logit	proposal	0	3.1709179878234863	3.1709179878234863	0.04458792880177498	0.06754638999700546	0.027659785002470016	0.027659785002470016	1
7	63	centered_logit	canonical_perturbation	0	6.74382209777832	6.74382209777832	0.2607526183128357	0.0026753488928079605	0.025872964411973953	0.025872964411973953	1
7	127	centered_logit	canonical_perturbation	0	7.233227729797363	7.233227729797363	0.106600321829319	0.001251793815754354	0.023398568853735924	0.023398568853735924	0
7	191	centered_logit	canonical_perturbation	0	5.517526149749756	5.517526149749756	0.409798800945282	0.0019683334976434708	0.029676659032702446	0.029676655307412148	0
7	255	centered_logit	canonical_perturbation	0	4.107440948486328	4.107440948486328	0.17387834191322327	0.002067649969831109	0.027659781277179718	0.027659785002470016	0
7	63	centered_logit	random_sphere	0	7.8622612953186035	7.8622612953186035	32.126853942871094	0.00038771217805333436	1.4239603281021118	0.025872964411973953	0
7	127	centered_logit	random_sphere	0	11.64706039428711	11.64706039428711	31.299400329589844	4.159412128501572e-05	1.4157779216766357	0.023398568853735924	0
7	191	centered_logit	random_sphere	0	4.796908378601074	4.796908378601074	31.813949584960938	0.002809451660141349	1.439766764640808	0.029676655307412148	0
7	255	centered_logit	random_sphere	0	6.1592254638671875	6.1592254638671875	30.850473403930664	4.722124140243977e-05	1.4357410669326782	0.027659785002470016	0
7	63	inverse_hidden	proposal	0	0.041365236043930054	4.265795707702637	0.041365236043930054	0.3538733720779419	0.025872964411973953	0.025872964411973953	1
7	127	inverse_hidden	proposal	0	0.03702455759048462	5.952184677124023	0.03702455759048462	0.068951316177845	0.023398568853735924	0.023398568853735924	1
7	191	inverse_hidden	proposal	0	0.036950670182704926	2.550220012664795	0.036950670182704926	0.513249397277832	0.029676655307412148	0.029676655307412148	1
7	255	inverse_hidden	proposal	0	0.04458792880177498	3.1709179878234863	0.04458792880177498	0.06754638999700546	0.027659785002470016	0.027659785002470016	1
7	63	inverse_hidden	canonical_perturbation	0	0.2607526183128357	6.74382209777832	0.2607526183128357	0.0026753488928079605	0.025872964411973953	0.025872964411973953	1
7	127	inverse_hidden	canonical_perturbation	0	0.106600321829319	7.233227729797363	0.106600321829319	0.001251793815754354	0.023398568853735924	0.023398568853735924	0
7	191	inverse_hidden	canonical_perturbation	0	0.409798800945282	5.517526149749756	0.409798800945282	0.0019683334976434708	0.029676659032702446	0.029676655307412148	0
7	255	inverse_hidden	canonical_perturbation	0	0.17387834191322327	4.107440948486328	0.17387834191322327	0.002067649969831109	0.027659781277179718	0.027659785002470016	0
7	63	inverse_hidden	random_sphere	0	32.126853942871094	7.8622612953186035	32.126853942871094	0.00038771217805333436	1.4239603281021118	0.025872964411973953	0
7	127	inverse_hidden	random_sphere	0	31.299400329589844	11.64706039428711	31.299400329589844	4.159412128501572e-05	1.4157779216766357	0.023398568853735924	0
7	191	inverse_hidden	random_sphere	0	31.813949584960938	4.796908378601074	31.813949584960938	0.002809451660141349	1.439766764640808	0.029676655307412148	0
7	255	inverse_hidden	random_sphere	0	30.850473403930664	6.1592254638671875	30.850473403930664	4.722124140243977e-05	1.4357410669326782	0.027659785002470016	0
6	63	centered_logit	proposal	1	1.1792112588882446	1.1792112588882446	0.0458381287753582	0.23789289593696594	0.025132955983281136	0.02503029629588127	1
6	127	centered_logit	proposal	1	1.8711243867874146	1.8711243867874146	0.027141030877828598	0.2758711278438568	0.03434678167104721	0.03401044011116028	1
6	191	centered_logit	proposal	1	1.5777004957199097	1.5777004957199097	0.04742066562175751	0.4753929376602173	0.03497547656297684	0.03473196178674698	1
6	255	centered_logit	proposal	1	1.5209288597106934	1.5209288597106934	0.03435499966144562	0.002849685028195381	0.035121381282806396	0.035139840096235275	0
6	63	centered_logit	canonical_perturbation	1	1.0132811069488525	1.0132811069488525	0.12040771543979645	0.3330071270465851	0.024697937071323395	0.02503029629588127	1
6	127	centered_logit	canonical_perturbation	1	2.5809335708618164	2.5809335708618164	0.3515356183052063	0.0016953237354755402	0.03392471745610237	0.03401044011116028	0
6	191	centered_logit	canonical_perturbation	1	3.117528200149536	3.117528200149536	0.15031729638576508	0.02475038543343544	0.03462827950716019	0.03473196178674698	1
6	255	centered_logit	canonical_perturbation	1	1.9836950302124023	1.9836950302124023	0.2385888546705246	0.003733919933438301	0.03519795462489128	0.035139840096235275	1
6	63	centered_logit	random_sphere	1	4.235012531280518	4.235012531280518	28.883502960205078	0.00010893369471887127	1.4276022911071777	0.02503029629588127	0
6	127	centered_logit	random_sphere	1	3.8562474250793457	3.8562474250793457	28.127843856811523	0.0003198732156306505	1.4456342458724976	0.03401044011116028	0
6	191	centered_logit	random_sphere	1	8.252800941467285	8.252800941467285	25.85733985900879	8.368286944460124e-05	1.4112695455551147	0.03473196178674698	0
6	255	centered_logit	random_sphere	1	2.415339946746826	2.415339946746826	23.459007263183594	5.2033130486961454e-05	1.4215689897537231	0.035139840096235275	0
6	63	inverse_hidden	proposal	1	0.025355858728289604	2.1899473667144775	0.025355858728289604	0.001147622475400567	0.024411631748080254	0.02503029629588127	0
6	127	inverse_hidden	proposal	1	0.05734401196241379	2.7121620178222656	0.05734401196241379	0.002756094327196479	0.03393968939781189	0.03401044011116028	0
6	191	inverse_hidden	proposal	1	0.02631283737719059	6.016085147857666	0.02631283737719059	0.0003024633915629238	0.034090518951416016	0.03473196178674698	0
6	255	inverse_hidden	proposal	1	0.045732252299785614	2.4151864051818848	0.045732252299785614	0.00018581941549200565	0.03478177264332771	0.035139840096235275	0
6	63	inverse_hidden	canonical_perturbation	1	0.08487630635499954	1.3605093955993652	0.08487630635499954	0.23038817942142487	0.024552470073103905	0.02503029629588127	1
6	127	inverse_hidden	canonical_perturbation	1	0.22005072236061096	3.019314765930176	0.22005072236061096	0.0009303378174081445	0.03325467184185982	0.03401044011116028	0
6	191	inverse_hidden	canonical_perturbation	1	0.08834496885538101	4.3658857345581055	0.08834496885538101	0.006838541477918625	0.03392726182937622	0.03473196178674698	0
6	255	inverse_hidden	canonical_perturbation	1	0.1386147290468216	2.276069402694702	0.1386147290468216	0.00665825791656971	0.03433457389473915	0.035139840096235275	1
6	63	inverse_hidden	random_sphere	1	28.88190460205078	4.295407772064209	28.88190460205078	0.00010131808085134253	1.4274675846099854	0.02503029629588127	0
6	127	inverse_hidden	random_sphere	1	28.12398338317871	3.9093446731567383	28.12398338317871	0.0003000670694746077	1.4457037448883057	0.03401044011116028	0
6	191	inverse_hidden	random_sphere	1	25.85639762878418	8.357378959655762	25.85639762878418	7.722455484326929e-05	1.4113521575927734	0.03473196178674698	0
6	255	inverse_hidden	random_sphere	1	23.453454971313477	2.436563491821289	23.453454971313477	4.950164657202549e-05	1.4214338064193726	0.035139840096235275	0
7	63	centered_logit	proposal	1	2.4787070751190186	2.4787070751190186	0.04174353927373886	0.6256206631660461	0.026593538001179695	0.025872964411973953	1
7	127	centered_logit	proposal	1	3.616722345352173	3.616722345352173	0.04876241832971573	0.22012151777744293	0.023972496390342712	0.023398568853735924	1
7	191	centered_logit	proposal	1	1.1936471462249756	1.1936471462249756	0.05110984668135643	0.7208783626556396	0.02999022603034973	0.029676655307412148	1
7	255	centered_logit	proposal	1	1.7911700010299683	1.7911700010299683	0.047395456582307816	0.17000791430473328	0.028105800971388817	0.027659785002470016	1
7	63	centered_logit	canonical_perturbation	1	5.436814785003662	5.436814785003662	0.24287326633930206	0.009291194379329681	0.02602083794772625	0.025872964411973953	1
7	127	centered_logit	canonical_perturbation	1	5.290645599365234	5.290645599365234	0.10253842175006866	0.007657614070922136	0.023574721068143845	0.023398568853735924	0
7	191	centered_logit	canonical_perturbation	1	4.508686065673828	4.508686065673828	0.40406256914138794	0.005442113149911165	0.02964683808386326	0.029676655307412148	1
7	255	centered_logit	canonical_perturbation	1	2.8465304374694824	2.8465304374694824	0.14852657914161682	0.012353433296084404	0.027662597596645355	0.027659785002470016	1
7	63	centered_logit	random_sphere	1	7.77161979675293	7.77161979675293	32.129058837890625	0.0004136117349844426	1.4238756895065308	0.025872964411973953	0
7	127	centered_logit	random_sphere	1	11.523824691772461	11.523824691772461	31.299583435058594	4.5053566282149404e-05	1.4156765937805176	0.023398568853735924	0
7	191	centered_logit	random_sphere	1	4.728272438049316	4.728272438049316	31.817407608032227	0.002970983274281025	1.4396296739578247	0.029676655307412148	0
7	255	centered_logit	random_sphere	1	6.08384895324707	6.08384895324707	30.850040435791016	5.014149792259559e-05	1.4356555938720703	0.027659785002470016	0
7	63	inverse_hidden	proposal	1	0.021708963438868523	4.498560905456543	0.021708963438868523	0.011360842734575272	0.025439690798521042	0.025872964411973953	0
7	127	inverse_hidden	proposal	1	0.029661700129508972	8.37022590637207	0.029661700129508972	0.0024755755439400673	0.02290349453687668	0.023398568853735924	0
7	191	inverse_hidden	proposal	1	0.016994817182421684	4.036384582519531	0.016994817182421684	0.01441577821969986	0.029380004853010178	0.029676655307412148	1
7	255	inverse_hidden	proposal	1	0.04030858725309372	3.761136054992676	0.04030858725309372	0.002936959732323885	0.027309346944093704	0.027659785002470016	0
7	63	inverse_hidden	canonical_perturbation	1	0.12368768453598022	6.561227798461914	0.12368768453598022	0.005010521039366722	0.025181252509355545	0.025872964411973953	1
7	127	inverse_hidden	canonical_perturbation	1	0.05363817885518074	7.919378280639648	0.05363817885518074	0.0004597902880050242	0.02291029877960682	0.023398568853735924	0
7	191	inverse_hidden	canonical_perturbation	1	0.21454007923603058	5.48507022857666	0.21454007923603058	0.003819104051217437	0.028834745287895203	0.029676655307412148	1
7	255	inverse_hidden	canonical_perturbation	1	0.07537587732076645	4.069610118865967	0.07537587732076645	0.004777128342539072	0.026970043778419495	0.027659785002470016	0
7	63	inverse_hidden	random_sphere	1	32.12543487548828	7.863032341003418	32.12543487548828	0.0003880566800944507	1.423901915550232	0.025872964411973953	0
7	127	inverse_hidden	random_sphere	1	31.298189163208008	11.650118827819824	31.298189163208008	4.146296487306245e-05	1.4158568382263184	0.023398568853735924	0
7	191	inverse_hidden	random_sphere	1	31.812780380249023	4.794051170349121	31.812780380249023	0.0028222494293004274	1.4398835897445679	0.029676655307412148	0
7	255	inverse_hidden	random_sphere	1	30.849327087402344	6.156879425048828	30.849327087402344	4.7243167500710115e-05	1.435697317123413	0.027659785002470016	0
6	63	centered_logit	proposal	2	2.396414041519165	2.396414041519165	0.03373422846198082	0.007011255715042353	0.025407690554857254	0.02503029629588127	0
6	127	centered_logit	proposal	2	0.8054101467132568	0.8054101467132568	0.037373464554548264	0.671306848526001	0.03449500724673271	0.03401044011116028	1
6	191	centered_logit	proposal	2	1.115207314491272	1.115207314491272	0.05039156973361969	0.565841794013977	0.03538013622164726	0.03473196178674698	1
6	255	centered_logit	proposal	2	0.9100950956344604	0.9100950956344604	0.034507617354393005	0.024143211543560028	0.03539544716477394	0.035139840096235275	0
6	63	centered_logit	canonical_perturbation	2	0.8494056463241577	0.8494056463241577	0.07828550785779953	0.782651424407959	0.02470407262444496	0.02503029629588127	1
6	127	centered_logit	canonical_perturbation	2	2.0647988319396973	2.0647988319396973	0.27518773078918457	0.005723239853978157	0.03405475243926048	0.03401044011116028	0
6	191	centered_logit	canonical_perturbation	2	2.2253565788269043	2.2253565788269043	0.11347613483667374	0.10763762146234512	0.03481629118323326	0.03473196178674698	1
6	255	centered_logit	canonical_perturbation	2	1.5113941431045532	1.5113941431045532	0.1574617177248001	0.008428473025560379	0.035518795251846313	0.035139840096235275	1
6	63	centered_logit	random_sphere	2	4.175313472747803	4.175313472747803	28.881103515625	0.00011699245806084946	1.4275004863739014	0.02503029629588127	0
6	127	centered_logit	random_sphere	2	3.805727958679199	3.805727958679199	28.13089370727539	0.00033938701380975544	1.445534348487854	0.03401044011116028	0
6	191	centered_logit	random_sphere	2	8.143619537353516	8.143619537353516	25.857454299926758	9.10754970391281e-05	1.4111473560333252	0.03473196178674698	0
6	255	centered_logit	random_sphere	2	2.394239902496338	2.394239902496338	23.4611759185791	5.465312278829515e-05	1.4216017723083496	0.035139840096235275	0
6	63	inverse_hidden	proposal	2	0.01299959048628807	1.580773115158081	0.01299959048628807	0.05186862871050835	0.024051813408732414	0.02503029629588127	1
6	127	inverse_hidden	proposal	2	0.024907542392611504	2.7692227363586426	0.024907542392611504	0.004902161657810211	0.033722396939992905	0.03401044011116028	0
6	191	inverse_hidden	proposal	2	0.01208866573870182	3.2230188846588135	0.01208866573870182	0.16723066568374634	0.03374948725104332	0.03473196178674698	1
6	255	inverse_hidden	proposal	2	0.010855231434106827	2.574718475341797	0.010855231434106827	0.0016486707609146833	0.034513525664806366	0.035139840096235275	0
6	63	inverse_hidden	canonical_perturbation	2	0.03775564953684807	2.4937705993652344	0.03775564953684807	0.06313765794038773	0.02440578304231167	0.02503029629588127	1
6	127	inverse_hidden	canonical_perturbation	2	0.10751023143529892	3.0910356044769287	0.10751023143529892	0.001035870984196663	0.032703179866075516	0.03401044011116028	0
6	191	inverse_hidden	canonical_perturbation	2	0.0639733076095581	6.106293678283691	0.0639733076095581	0.0006935984129086137	0.03331482782959938	0.03473196178674698	0
6	255	inverse_hidden	canonical_perturbation	2	0.06518255174160004	2.0466184616088867	0.06518255174160004	0.0099461879581213	0.033763088285923004	0.035139840096235275	1
6	63	inverse_hidden	random_sphere	2	28.87787628173828	4.295409202575684	28.87787628173828	0.00010138159996131435	1.4272326231002808	0.02503029629588127	0
6	127	inverse_hidden	random_sphere	2	28.123043060302734	3.9110536575317383	28.123043060302734	0.000298843951895833	1.445671796798706	0.03401044011116028	0
6	191	inverse_hidden	random_sphere	2	25.85550308227539	8.351673126220703	25.85550308227539	7.761019514873624e-05	1.4113117456436157	0.03473196178674698	0
6	255	inverse_hidden	random_sphere	2	23.449974060058594	2.436403274536133	23.449974060058594	4.945249020238407e-05	1.421323537826538	0.035139840096235275	0
7	63	centered_logit	proposal	2	1.561384916305542	1.561384916305542	0.045130230486392975	0.6697730422019958	0.02753245271742344	0.025872964411973953	1
7	127	centered_logit	proposal	2	2.5535285472869873	2.5535285472869873	0.06645041704177856	0.22333396971225739	0.024777520447969437	0.023398568853735924	1
7	191	centered_logit	proposal	2	0.9843708872795105	0.9843708872795105	0.06931858509778976	0.7142266631126404	0.030564794316887856	0.029676655307412148	1
7	255	centered_logit	proposal	2	1.487669587135315	1.487669587135315	0.04607214033603668	0.18657177686691284	0.028603646904230118	0.027659785002470016	1
7	63	centered_logit	canonical_perturbation	2	4.181412696838379	4.181412696838379	0.20079313218593597	0.036597613245248795	0.026379432529211044	0.025872964411973953	1
7	127	centered_logit	canonical_perturbation	2	3.7008419036865234	3.7008419036865234	0.08605433255434036	0.03655223175883293	0.024027762934565544	0.023398568853735924	1
7	191	centered_logit	canonical_perturbation	2	3.5750999450683594	3.5750999450683594	0.36091259121894836	0.016202248632907867	0.029868027195334435	0.029676655307412148	1
7	255	centered_logit	canonical_perturbation	2	1.9135632514953613	1.9135632514953613	0.11813925206661224	0.08042412251234055	0.027874620631337166	0.027659785002470016	1
7	63	centered_logit	random_sphere	2	7.681689739227295	7.681689739227295	32.131385803222656	0.0004411413974594325	1.4237900972366333	0.025872964411973953	0
7	127	centered_logit	random_sphere	2	11.401335716247559	11.401335716247559	31.299869537353516	4.877430183114484e-05	1.415575623512268	0.023398568853735924	0
7	191	centered_logit	random_sphere	2	4.660383224487305	4.660383224487305	31.820974349975586	0.0031406874768435955	1.4394928216934204	0.029676655307412148	0
7	255	centered_logit	random_sphere	2	6.009194374084473	6.009194374084473	30.849693298339844	5.322861761669628e-05	1.4355701208114624	0.027659785002470016	0
7	63	inverse_hidden	proposal	2	0.014312131330370903	4.040759086608887	0.014312131330370903	0.2515481412410736	0.025050656870007515	0.025872964411973953	1
7	127	inverse_hidden	proposal	2	0.010257206857204437	7.199779510498047	0.010257206857204437	0.005730785895138979	0.02251044474542141	0.023398568853735924	0
7	191	inverse_hidden	proposal	2	0.012114900164306164	3.015028953552246	0.012114900164306164	0.4432980418205261	0.02908371388912201	0.029676655307412148	1
7	255	inverse_hidden	proposal	2	0.021096987649798393	3.196803092956543	0.021096987649798393	0.005269341636449099	0.027000024914741516	0.027659785002470016	0
7	63	inverse_hidden	canonical_perturbation	2	0.06130308285355568	7.132270812988281	0.06130308285355568	0.0021251700818538666	0.02476782165467739	0.025872964411973953	0
7	127	inverse_hidden	canonical_perturbation	2	0.055592913180589676	9.567916870117188	0.055592913180589676	0.0003042483585886657	0.02255711890757084	0.023398568853735924	0
7	191	inverse_hidden	canonical_perturbation	2	0.10533610731363297	5.820738792419434	0.10533610731363297	0.0038068147841840982	0.02824524976313114	0.029676655307412148	1
7	255	inverse_hidden	canonical_perturbation	2	0.04965720325708389	5.2072882652282715	0.04965720325708389	0.003649516263976693	0.026534590870141983	0.027659785002470016	1
7	63	inverse_hidden	random_sphere	2	32.124053955078125	7.863518238067627	32.124053955078125	0.00038847277755849063	1.4238553047180176	0.025872964411973953	0
7	127	inverse_hidden	random_sphere	2	31.296981811523438	11.652766227722168	31.296981811523438	4.133309266762808e-05	1.4159321784973145	0.023398568853735924	0
7	191	inverse_hidden	random_sphere	2	31.811599731445312	4.79121208190918	31.811599731445312	0.002835032995790243	1.440000295639038	0.029676655307412148	0
7	255	inverse_hidden	random_sphere	2	30.84821128845215	6.154513359069824	30.84821128845215	4.726277256850153e-05	1.4356600046157837	0.027659785002470016	0
6	63	centered_logit	proposal	4	0.8788531422615051	0.8788531422615051	0.07636504620313644	0.5803471803665161	0.02651810832321644	0.02503029629588127	1
6	127	centered_logit	proposal	4	0.7208871841430664	0.7208871841430664	0.052726272493600845	0.7080355286598206	0.03492947667837143	0.03401044011116028	1
6	191	centered_logit	proposal	4	0.8799396753311157	0.8799396753311157	0.05043626204133034	0.7368181347846985	0.03652513027191162	0.03473196178674698	1
6	255	centered_logit	proposal	4	0.9314351081848145	0.9314351081848145	0.06018287315964699	0.18612267076969147	0.036150768399238586	0.035139840096235275	1
6	63	centered_logit	canonical_perturbation	4	0.789889931678772	0.789889931678772	0.07753616571426392	0.9199606776237488	0.025366999208927155	0.02503029629588127	1
6	127	centered_logit	canonical_perturbation	4	1.2808641195297241	1.2808641195297241	0.15778140723705292	0.11050518602132797	0.03480855002999306	0.03401044011116028	1
6	191	centered_logit	canonical_perturbation	4	1.3493740558624268	1.3493740558624268	0.10742481052875519	0.35648202896118164	0.03607386723160744	0.03473196178674698	1
6	255	centered_logit	canonical_perturbation	4	1.1419193744659424	1.1419193744659424	0.08336780965328217	0.0272061787545681	0.03646199032664299	0.035139840096235275	1
6	63	centered_logit	random_sphere	4	4.05815315246582	4.05815315246582	28.876590728759766	0.0001343433978036046	1.4272973537445068	0.02503029629588127	0
6	127	centered_logit	random_sphere	4	3.706982135772705	3.706982135772705	28.1373348236084	0.00038165284786373377	1.445336103439331	0.03401044011116028	0
6	191	centered_logit	random_sphere	4	7.927985191345215	7.927985191345215	25.857967376708984	0.00010766328341560438	1.4109258651733398	0.03473196178674698	0
6	255	centered_logit	random_sphere	4	2.352677345275879	2.352677345275879	23.46560287475586	6.0292852140264586e-05	1.4216547012329102	0.035139840096235275	0
6	63	inverse_hidden	proposal	4	0.00740873534232378	4.342020034790039	0.00740873534232378	3.384474621270783e-05	0.02363700605928898	0.02503029629588127	0
6	127	inverse_hidden	proposal	4	0.025047920644283295	2.7255454063415527	0.025047920644283295	0.004986525978893042	0.03351007029414177	0.03401044011116028	0
6	191	inverse_hidden	proposal	4	0.012552006170153618	6.0023908615112305	0.012552006170153618	0.0006278971559368074	0.03333292528986931	0.03473196178674698	0
6	255	inverse_hidden	proposal	4	0.023949306458234787	2.030360460281372	0.023949306458234787	0.004532326478511095	0.034291498363018036	0.035139840096235275	0
6	63	inverse_hidden	canonical_perturbation	4	0.07209360599517822	3.936479330062866	0.07209360599517822	0.0016010511899366975	0.024226149544119835	0.02503029629588127	0
6	127	inverse_hidden	canonical_perturbation	4	0.07264284044504166	4.150636672973633	0.07264284044504166	0.00019666296429932117	0.032063569873571396	0.03401044011116028	0
6	191	inverse_hidden	canonical_perturbation	4	0.09361226856708527	7.686854362487793	0.09361226856708527	0.00010597933578537777	0.03233678266406059	0.03473196178674698	0
6	255	inverse_hidden	canonical_perturbation	4	0.08601363003253937	1.831733226776123	0.08601363003253937	0.0013951443834230304	0.032816365361213684	0.035139840096235275	0
6	63	inverse_hidden	random_sphere	4	28.86996078491211	4.295327663421631	28.86996078491211	0.00010153666516998783	1.4267675876617432	0.02503029629588127	0
6	127	inverse_hidden	random_sphere	4	28.12116050720215	3.914050817489624	28.12116050720215	0.0002966789179481566	1.4456238746643066	0.03401044011116028	0
6	191	inverse_hidden	random_sphere	4	25.85373306274414	8.340229034423828	25.85373306274414	7.835973519831896e-05	1.4112471342086792	0.03473196178674698	0
6	255	inverse_hidden	random_sphere	4	23.443185806274414	2.436145544052124	23.443185806274414	4.935112883686088e-05	1.421109914779663	0.035139840096235275	0
7	63	centered_logit	proposal	4	1.018904685974121	1.018904685974121	0.049498267471790314	0.6275764107704163	0.02958519384264946	0.025872964411973953	1
7	127	centered_logit	proposal	4	1.3171851634979248	1.3171851634979248	0.06712152063846588	0.3461931645870209	0.026815265417099	0.023398568853735924	1
7	191	centered_logit	proposal	4	0.7363725900650024	0.7363725900650024	0.08224872499704361	0.8492048978805542	0.03194691985845566	0.029676655307412148	1
7	255	centered_logit	proposal	4	1.0805846452713013	1.0805846452713013	0.06586914509534836	0.24809101223945618	0.030012574046850204	0.027659785002470016	1
7	63	centered_logit	canonical_perturbation	4	2.1657254695892334	2.1657254695892334	0.12259311974048615	0.33938005566596985	0.027740713208913803	0.025872964411973953	1
7	127	centered_logit	canonical_perturbation	4	2.036404609680176	2.036404609680176	0.07776223123073578	0.20648324489593506	0.02559245005249977	0.023398568853735924	1
7	191	centered_logit	canonical_perturbation	4	1.9257147312164307	1.9257147312164307	0.23749792575836182	0.15386904776096344	0.03095918893814087	0.029676655307412148	1
7	255	centered_logit	canonical_perturbation	4	1.3343956470489502	1.3343956470489502	0.11415523290634155	0.34014803171157837	0.029018357396125793	0.027659785002470016	1
7	63	centered_logit	random_sphere	4	7.504021644592285	7.504021644592285	32.13633346557617	0.0005015141214244068	1.423618197441101	0.025872964411973953	0
7	127	centered_logit	random_sphere	4	11.158658981323242	11.158658981323242	31.30072593688965	5.707640229957178e-05	1.4153729677200317	0.023398568853735924	0
7	191	centered_logit	random_sphere	4	4.526893615722656	4.526893615722656	31.82843780517578	0.003505768720060587	1.4392199516296387	0.029676655307412148	0
7	255	centered_logit	random_sphere	4	5.862098693847656	5.862098693847656	30.849220275878906	5.994378079776652e-05	1.4354002475738525	0.027659785002470016	0
7	63	inverse_hidden	proposal	4	0.010562784038484097	9.118036270141602	0.010562784038484097	0.00012232514563947916	0.024739792570471764	0.025872964411973953	0
7	127	inverse_hidden	proposal	4	0.015944745391607285	8.77778148651123	0.015944745391607285	0.0004606369766406715	0.0221287552267313	0.023398568853735924	0
7	191	inverse_hidden	proposal	4	0.009621545672416687	8.916048049926758	0.009621545672416687	7.77999302954413e-05	0.028800111263990402	0.029676655307412148	0
7	255	inverse_hidden	proposal	4	0.015989189967513084	2.951385021209717	0.015989189967513084	0.005225442815572023	0.026642147451639175	0.027659785002470016	0
7	63	inverse_hidden	canonical_perturbation	4	0.06594305485486984	9.014104843139648	0.06594305485486984	0.0005589627544395626	0.02433900162577629	0.025872964411973953	0
7	127	inverse_hidden	canonical_perturbation	4	0.049531832337379456	10.491253852844238	0.049531832337379456	0.0003938069276046008	0.022195972502231598	0.023398568853735924	0
7	191	inverse_hidden	canonical_perturbation	4	0.066067636013031	8.01026725769043	0.066067636013031	0.00018429310875944793	0.027650753036141396	0.029676655307412148	0
7	255	inverse_hidden	canonical_perturbation	4	0.06921390444040298	6.399016380310059	0.06921390444040298	0.0011248746886849403	0.026067616418004036	0.027659785002470016	0
7	63	inverse_hidden	random_sphere	4	32.121307373046875	7.864764213562012	32.121307373046875	0.00038914670585654676	1.423769235610962	0.025872964411973953	0
7	127	inverse_hidden	random_sphere	4	31.294574737548828	11.658591270446777	31.294574737548828	4.1065493860514835e-05	1.41608726978302	0.023398568853735924	0
7	191	inverse_hidden	random_sphere	4	31.809267044067383	4.78568172454834	31.809267044067383	0.002860120963305235	1.440233826637268	0.029676655307412148	0
7	255	inverse_hidden	random_sphere	4	30.846004486083984	6.149898052215576	30.846004486083984	4.728617932414636e-05	1.4356001615524292	0.027659785002470016	0
6	63	centered_logit	proposal	8	0.9476714134216309	0.9476714134216309	0.16701753437519073	0.4049462676048279	0.028637651354074478	0.02503029629588127	1
6	127	centered_logit	proposal	8	0.6492705941200256	0.6492705941200256	0.07065999507904053	0.7643153071403503	0.036104511469602585	0.03401044011116028	1
6	191	centered_logit	proposal	8	0.7378361821174622	0.7378361821174622	0.07370825111865997	0.8609028458595276	0.039227038621902466	0.03473196178674698	1
6	255	centered_logit	proposal	8	0.7892774343490601	0.7892774343490601	0.0777389332652092	0.34654539823532104	0.03741941973567009	0.035139840096235275	1
6	63	centered_logit	canonical_perturbation	8	0.5679149031639099	0.5679149031639099	0.11256568133831024	0.9652441740036011	0.027509275823831558	0.02503029629588127	1
6	127	centered_logit	canonical_perturbation	8	0.8828389644622803	0.8828389644622803	0.14486542344093323	0.5601909160614014	0.037345826625823975	0.03401044011116028	1
6	191	centered_logit	canonical_perturbation	8	0.8924962282180786	0.8924962282180786	0.16680017113685608	0.5518655776977539	0.04003112018108368	0.03473196178674698	1
6	255	centered_logit	canonical_perturbation	8	0.7637742757797241	0.7637742757797241	0.11444282531738281	0.26755180954933167	0.03866229206323624	0.035139840096235275	1
6	63	centered_logit	random_sphere	8	3.8331375122070312	3.8331375122070312	28.868471145629883	0.00017438347276765853	1.4268852472305298	0.02503029629588127	0
6	127	centered_logit	random_sphere	8	3.5188827514648438	3.5188827514648438	28.15171241760254	0.0004809351812582463	1.4449385404586792	0.03401044011116028	0
6	191	centered_logit	random_sphere	8	7.5081024169921875	7.5081024169921875	25.860149383544922	0.0001494316675234586	1.4105256795883179	0.03473196178674698	0
6	255	centered_logit	random_sphere	8	2.2720866203308105	2.2720866203308105	23.47474479675293	7.332692621275783e-05	1.4217066764831543	0.035139840096235275	0
6	63	inverse_hidden	proposal	8	0.007251104339957237	5.426597595214844	0.007251104339957237	3.8685942854499444e-05	0.0233392883092165	0.02503029629588127	0
6	127	inverse_hidden	proposal	8	0.00968278106302023	4.12126350402832	0.00968278106302023	0.00043679203372448683	0.0332251712679863	0.03401044011116028	0
6	191	inverse_hidden	proposal	8	0.006912274286150932	9.488758087158203	0.006912274286150932	1.6153539036167786e-05	0.033236101269721985	0.03473196178674698	0
6	255	inverse_hidden	proposal	8	0.015565023757517338	3.5942797660827637	0.015565023757517338	6.951020623091608e-06	0.03383567929267883	0.035139840096235275	0
6	63	inverse_hidden	canonical_perturbation	8	0.025528347119688988	3.5263781547546387	0.025528347119688988	0.003826446831226349	0.02421426773071289	0.02503029629588127	1
6	127	inverse_hidden	canonical_perturbation	8	0.1115841269493103	4.52227783203125	0.1115841269493103	0.00018860030104406178	0.031637392938137054	0.03401044011116028	0
6	191	inverse_hidden	canonical_perturbation	8	0.03275962546467781	6.305108070373535	0.03275962546467781	0.002962962258607149	0.03145128861069679	0.03473196178674698	0
6	255	inverse_hidden	canonical_perturbation	8	0.07124045491218567	1.9127378463745117	0.07124045491218567	0.0008079361286945641	0.03173725679516792	0.035139840096235275	0
6	63	inverse_hidden	random_sphere	8	28.854982376098633	4.294652938842773	28.854982376098633	0.00010195968206971884	1.425869107246399	0.02503029629588127	0
6	127	inverse_hidden	random_sphere	8	28.117467880249023	3.9196438789367676	28.117467880249023	0.00029249320505186915	1.4455666542053223	0.03401044011116028	0
6	191	inverse_hidden	random_sphere	8	25.8502140045166	8.317617416381836	25.8502140045166	7.977174391271546e-05	1.411168098449707	0.03473196178674698	0
6	255	inverse_hidden	random_sphere	8	23.430444717407227	2.436044692993164	23.430444717407227	4.913939847028814e-05	1.4207165241241455	0.035139840096235275	0
7	63	centered_logit	proposal	8	0.8533020615577698	0.8533020615577698	0.0574454702436924	0.7607133388519287	0.03292316198348999	0.025872964411973953	1
7	127	centered_logit	proposal	8	0.8461401462554932	0.8461401462554932	0.06183740869164467	0.5611428618431091	0.031146887689828873	0.023398568853735924	1
7	191	centered_logit	proposal	8	0.5992013812065125	0.5992013812065125	0.10812345892190933	0.9516825675964355	0.034346967935562134	0.029676655307412148	1
7	255	centered_logit	proposal	8	0.8548207879066467	0.8548207879066467	0.08780006319284439	0.3990762233734131	0.0327448807656765	0.027659785002470016	1
7	63	centered_logit	canonical_perturbation	8	0.9326868057250977	0.9326868057250977	0.11480194330215454	0.6068564653396606	0.03209945932030678	0.025872964411973953	1
7	127	centered_logit	canonical_perturbation	8	1.000076174736023	1.000076174736023	0.11998363584280014	0.5037928819656372	0.03006010875105858	0.023398568853735924	1
7	191	centered_logit	canonical_perturbation	8	1.0271222591400146	1.0271222591400146	0.15812693536281586	0.7119337916374207	0.03435525298118591	0.029676655307412148	1
7	255	centered_logit	canonical_perturbation	8	0.8919661045074463	0.8919661045074463	0.18811948597431183	0.3596946597099304	0.03251855447888374	0.027659785002470016	1
7	63	centered_logit	random_sphere	8	7.157796382904053	7.157796382904053	32.14741516113281	0.0006469333311542869	1.42326021194458	0.025872964411973953	0
7	127	centered_logit	random_sphere	8	10.682923316955566	10.682923316955566	31.30362892150879	7.774484402034432e-05	1.414961576461792	0.023398568853735924	0
7	191	centered_logit	random_sphere	8	4.269388198852539	4.269388198852539	31.84436798095703	0.004347521346062422	1.438682198524475	0.029676655307412148	0
7	255	centered_logit	random_sphere	8	5.577061653137207	5.577061653137207	30.849273681640625	7.576745701953769e-05	1.435070276260376	0.027659785002470016	0
7	63	inverse_hidden	proposal	8	0.007170272059738636	6.099817752838135	0.007170272059738636	0.04468948394060135	0.024571223184466362	0.025872964411973953	1
7	127	inverse_hidden	proposal	8	0.009654400870203972	13.246520042419434	0.009654400870203972	4.5655411668121815e-05	0.02185414545238018	0.023398568853735924	0
7	191	inverse_hidden	proposal	8	0.005579459015280008	6.742822647094727	0.005579459015280008	0.0012757184449583292	0.028515636920928955	0.029676655307412148	0
7	255	inverse_hidden	proposal	8	0.009322987869381905	7.721939563751221	0.009322987869381905	3.42014100169763e-05	0.0264296792447567	0.027659785002470016	0
7	63	inverse_hidden	canonical_perturbation	8	0.05449647828936577	9.021207809448242	0.05449647828936577	0.0006112709525041282	0.024593403562903404	0.025872964411973953	0
7	127	inverse_hidden	canonical_perturbation	8	0.02726246416568756	7.458244323730469	0.02726246416568756	0.014452078379690647	0.022778362035751343	0.023398568853735924	1
7	191	inverse_hidden	canonical_perturbation	8	0.10011100023984909	8.505413055419922	0.10011100023984909	0.00014195439871400595	0.027359986677765846	0.029676655307412148	0
7	255	inverse_hidden	canonical_perturbation	8	0.02696903981268406	5.840237617492676	0.02696903981268406	0.005070744082331657	0.02624906599521637	0.027659785002470016	1
7	63	inverse_hidden	random_sphere	8	32.115962982177734	7.868836402893066	32.115962982177734	0.000389800377888605	1.4235780239105225	0.025872964411973953	0
7	127	inverse_hidden	random_sphere	8	31.289993286132812	11.670849800109863	31.289993286132812	4.0546045056544244e-05	1.416420817375183	0.023398568853735924	0
7	191	inverse_hidden	random_sphere	8	31.804723739624023	4.7755937576293945	31.804723739624023	0.0029065681155771017	1.440690040588379	0.029676655307412148	0
7	255	inverse_hidden	random_sphere	8	30.841854095458984	6.141351699829102	30.841854095458984	4.727780833491124e-05	1.4354926347732544	0.027659785002470016	0
6	63	centered_logit	proposal	16	0.7169898748397827	0.7169898748397827	0.19222237169742584	0.7512277364730835	0.03173605725169182	0.02503029629588127	1
6	127	centered_logit	proposal	16	0.5161353349685669	0.5161353349685669	0.09259894490242004	0.8869249224662781	0.038315549492836	0.03401044011116028	1
6	191	centered_logit	proposal	16	0.5624556541442871	0.5624556541442871	0.11552393436431885	0.9564156532287598	0.043795257806777954	0.03473196178674698	1
6	255	centered_logit	proposal	16	0.5852946043014526	0.5852946043014526	0.10134943574666977	0.6742255687713623	0.04010593891143799	0.035139840096235275	1
6	63	centered_logit	canonical_perturbation	16	0.4001331031322479	0.4001331031322479	0.11119809001684189	0.99605393409729	0.03134792670607567	0.02503029629588127	1
6	127	centered_logit	canonical_perturbation	16	0.596588134765625	0.596588134765625	0.21130505204200745	0.7972739338874817	0.04317454621195793	0.03401044011116028	1
6	191	centered_logit	canonical_perturbation	16	0.7314889430999756	0.7314889430999756	0.21077968180179596	0.8141567707061768	0.04618118330836296	0.03473196178674698	1
6	255	centered_logit	canonical_perturbation	16	0.6061128377914429	0.6061128377914429	0.13980989158153534	0.6536716818809509	0.04339917004108429	0.035139840096235275	1
6	63	centered_logit	random_sphere	16	3.422334671020508	3.422334671020508	28.855262756347656	0.00028082350036129355	1.4260092973709106	0.02503029629588127	0
6	127	centered_logit	random_sphere	16	3.1812491416931152	3.1812491416931152	28.185897827148438	0.0007520670769736171	1.4441412687301636	0.03401044011116028	0
6	191	centered_logit	random_sphere	16	6.717109680175781	6.717109680175781	25.86894989013672	0.00028147263219580054	1.4097294807434082	0.03473196178674698	0
6	255	centered_logit	random_sphere	16	2.1208229064941406	2.1208229064941406	23.49514389038086	0.00010784388723550364	1.421725869178772	0.035139840096235275	0
6	63	inverse_hidden	proposal	16	0.0035891933366656303	2.0036683082580566	0.0035891933366656303	0.18599192798137665	0.02301607094705105	0.02503029629588127	1
6	127	inverse_hidden	proposal	16	0.008410761132836342	2.0299525260925293	0.008410761132836342	0.06990725547075272	0.032649844884872437	0.03401044011116028	1
6	191	inverse_hidden	proposal	16	0.004309447016566992	3.4171698093414307	0.004309447016566992	0.5984423160552979	0.033633504062891006	0.03473196178674698	1
6	255	inverse_hidden	proposal	16	0.005619829520583153	2.0768280029296875	0.005619829520583153	0.0021436912938952446	0.03322390094399452	0.035139840096235275	0
6	63	inverse_hidden	canonical_perturbation	16	0.01406148262321949	3.3839991092681885	0.01406148262321949	0.019190745428204536	0.025173351168632507	0.02503029629588127	1
6	127	inverse_hidden	canonical_perturbation	16	0.04470997303724289	3.0500259399414062	0.04470997303724289	0.006126042455434799	0.033566150814294815	0.03401044011116028	1
6	191	inverse_hidden	canonical_perturbation	16	0.022117091342806816	8.115870475769043	0.022117091342806816	0.0010839810129255056	0.032296355813741684	0.03473196178674698	0
6	255	inverse_hidden	canonical_perturbation	16	0.03972775861620903	2.1134257316589355	0.03972775861620903	0.00446614995598793	0.03263968601822853	0.035139840096235275	0
6	63	inverse_hidden	random_sphere	16	28.828536987304688	4.293235778808594	28.828536987304688	0.00010292810475220904	1.424213171005249	0.02503029629588127	0
6	127	inverse_hidden	random_sphere	16	28.110218048095703	3.930356025695801	28.110218048095703	0.000284334848402068	1.4454460144042969	0.03401044011116028	0
6	191	inverse_hidden	random_sphere	16	25.84370231628418	8.272448539733887	25.84370231628418	8.23422524263151e-05	1.4110850095748901	0.03473196178674698	0
6	255	inverse_hidden	random_sphere	16	23.40778160095215	2.4355578422546387	23.40778160095215	4.879710104432888e-05	1.419968843460083	0.035139840096235275	0
7	63	centered_logit	proposal	16	0.6154364943504333	0.6154364943504333	0.09664054214954376	0.867387056350708	0.03691264986991882	0.025872964411973953	1
7	127	centered_logit	proposal	16	0.6966652870178223	0.6966652870178223	0.11885619908571243	0.6842175722122192	0.03701600804924965	0.023398568853735924	1
7	191	centered_logit	proposal	16	0.41750288009643555	0.41750288009643555	0.14423152804374695	0.9940552711486816	0.03696685656905174	0.029676655307412148	1
7	255	centered_logit	proposal	16	0.625381350517273	0.625381350517273	0.10707064718008041	0.7708601355552673	0.036409031599760056	0.027659785002470016	1
7	63	centered_logit	canonical_perturbation	16	0.7722107172012329	0.7722107172012329	0.17360819876194	0.7192755937576294	0.04013926908373833	0.025872964411973953	1
7	127	centered_logit	canonical_perturbation	16	0.7262922525405884	0.7262922525405884	0.14339926838874817	0.7739907503128052	0.03693220391869545	0.023398568853735924	1
7	191	centered_logit	canonical_perturbation	16	0.6861080527305603	0.6861080527305603	0.2676244378089905	0.8692592978477478	0.040807560086250305	0.029676655307412148	1
7	255	centered_logit	canonical_perturbation	16	0.7576152086257935	0.7576152086257935	0.2726386487483978	0.42094165086746216	0.0380953811109066	0.027659785002470016	1
7	63	centered_logit	random_sphere	16	6.504016876220703	6.504016876220703	32.17433166503906	0.0010643842397257686	1.4225013256072998	0.025872964411973953	0
7	127	centered_logit	random_sphere	16	9.772748947143555	9.772748947143555	31.314315795898438	0.00014129214105196297	1.4141267538070679	0.023398568853735924	0
7	191	centered_logit	random_sphere	16	3.794114589691162	3.794114589691162	31.880159378051758	0.006551904603838921	1.4376310110092163	0.029676655307412148	0
7	255	centered_logit	random_sphere	16	5.045433044433594	5.045433044433594	30.853700637817383	0.00011955979425692931	1.434435486793518	0.027659785002470016	0
7	63	inverse_hidden	proposal	16	0.0036219279281795025	4.052511215209961	0.0036219279281795025	0.10366683453321457	0.024415111169219017	0.025872964411973953	0
7	127	inverse_hidden	proposal	16	0.004107724409550428	9.65517807006836	0.004107724409550428	0.017758488655090332	0.02213570848107338	0.023398568853735924	1
7	191	inverse_hidden	proposal	16	0.0031920960173010826	4.888217926025391	0.0031920960173010826	0.06888753920793533	0.02839837409555912	0.029676655307412148	1
7	255	inverse_hidden	proposal	16	0.0056745572946965694	3.22102952003479	0.0056745572946965694	0.05206017568707466	0.025973137468099594	0.027659785002470016	0
7	63	inverse_hidden	canonical_perturbation	16	0.03233453258872032	5.44395637512207	0.03233453258872032	0.049229297786951065	0.027181927114725113	0.025872964411973953	1
7	127	inverse_hidden	canonical_perturbation	16	0.013913172297179699	11.98869800567627	0.013913172297179699	0.00275389663875103	0.024089206010103226	0.023398568853735924	1
7	191	inverse_hidden	canonical_perturbation	16	0.03932040557265282	4.612198829650879	0.03932040557265282	0.06744774430990219	0.02956225909292698	0.029676655307412148	1
7	255	inverse_hidden	canonical_perturbation	16	0.016551505774259567	7.94692325592041	0.016551505774259567	0.001305290381424129	0.02777010202407837	0.027659785002470016	0
7	63	inverse_hidden	random_sphere	16	32.10653305053711	7.87560510635376	32.10653305053711	0.0003907518112100661	1.423256278038025	0.025872964411973953	0
7	127	inverse_hidden	random_sphere	16	31.281831741333008	11.692720413208008	31.281831741333008	3.948778976337053e-05	1.417166829109192	0.023398568853735924	0
7	191	inverse_hidden	random_sphere	16	31.795930862426758	4.758591175079346	31.795930862426758	0.002987542888149619	1.4415940046310425	0.029676655307412148	0
7	255	inverse_hidden	random_sphere	16	30.833759307861328	6.128083229064941	30.833759307861328	4.7110457671806216e-05	1.4352494478225708	0.027659785002470016	0
6	63	centered_logit	proposal	24	0.6044955849647522	0.6044955849647522	0.19625777006149292	0.8845624327659607	0.0342729389667511	0.02503029629588127	1
6	127	centered_logit	proposal	24	0.44276368618011475	0.44276368618011475	0.09640029817819595	0.9528576135635376	0.03978877514600754	0.03401044011116028	1
6	191	centered_logit	proposal	24	0.45899754762649536	0.45899754762649536	0.1151328757405281	0.9880797266960144	0.04670635610818863	0.03473196178674698	1
6	255	centered_logit	proposal	24	0.45997530221939087	0.45997530221939087	0.10436870902776718	0.9140908122062683	0.04246796295046806	0.035139840096235275	1
6	63	centered_logit	canonical_perturbation	24	0.30349859595298767	0.30349859595298767	0.11891819536685944	0.9986644983291626	0.0346866138279438	0.02503029629588127	1
6	127	centered_logit	canonical_perturbation	24	0.48449069261550903	0.48449069261550903	0.21352945268154144	0.9011383652687073	0.0467049777507782	0.03401044011116028	1
6	191	centered_logit	canonical_perturbation	24	0.5944732427597046	0.5944732427597046	0.22638002038002014	0.9365933537483215	0.049744270741939545	0.03473196178674698	1
6	255	centered_logit	canonical_perturbation	24	0.4807423949241638	0.4807423949241638	0.17645493149757385	0.8713904023170471	0.04703202471137047	0.035139840096235275	1
6	63	centered_logit	random_sphere	24	3.06520414352417	3.06520414352417	28.845962524414062	0.00043613233719952404	1.4250504970550537	0.02503029629588127	0
6	127	centered_logit	random_sphere	24	2.894270420074463	2.894270420074463	28.225845336914062	0.0011515563819557428	1.443359613418579	0.03401044011116028	0
6	191	centered_logit	random_sphere	24	5.995559215545654	5.995559215545654	25.883920669555664	0.0005156356492079794	1.4089428186416626	0.03473196178674698	0
6	255	centered_logit	random_sphere	24	1.982353687286377	1.982353687286377	23.51848602294922	0.0001574028719915077	1.421722173690796	0.035139840096235275	0
6	63	inverse_hidden	proposal	24	0.002073453739285469	1.4339745044708252	0.002073453739285469	0.8724490404129028	0.022869106382131577	0.02503029629588127	1
6	127	inverse_hidden	proposal	24	0.003770293667912483	3.678171157836914	0.003770293667912483	0.0002211405517300591	0.03227068483829498	0.03401044011116028	0
6	191	inverse_hidden	proposal	24	0.0024956732522696257	3.7031445503234863	0.0024956732522696257	0.6884775757789612	0.03341536223888397	0.03473196178674698	1
6	255	inverse_hidden	proposal	24	0.002831785473972559	2.1068661212921143	0.002831785473972559	0.07811731845140457	0.033255089074373245	0.035139840096235275	1
6	63	inverse_hidden	canonical_perturbation	24	0.010430014692246914	2.9721620082855225	0.010430014692246914	0.03954135626554489	0.025274373590946198	0.02503029629588127	1
6	127	inverse_hidden	canonical_perturbation	24	0.02156100794672966	5.893040657043457	0.02156100794672966	0.00025348132476210594	0.034795891493558884	0.03401044011116028	0
6	191	inverse_hidden	canonical_perturbation	24	0.016690969467163086	4.301674842834473	0.016690969467163086	0.6086835861206055	0.03274792805314064	0.03473196178674698	1
6	255	inverse_hidden	canonical_perturbation	24	0.025459716096520424	2.1177635192871094	0.025459716096520424	0.0007357579888775945	0.03325367718935013	0.035139840096235275	0
6	63	inverse_hidden	random_sphere	24	28.806482315063477	4.293471336364746	28.806482315063477	0.00010396673314971849	1.4227187633514404	0.02503029629588127	0
6	127	inverse_hidden	random_sphere	24	28.103796005249023	3.9373726844787598	28.103796005249023	0.00027844408759847283	1.4452946186065674	0.03401044011116028	0
6	191	inverse_hidden	random_sphere	24	25.83750343322754	8.22541618347168	25.83750343322754	8.482494013151154e-05	1.4109270572662354	0.03473196178674698	0
6	255	inverse_hidden	random_sphere	24	23.388980865478516	2.4336392879486084	23.388980865478516	4.869618351222016e-05	1.4193155765533447	0.035139840096235275	0
7	63	centered_logit	proposal	24	0.4847485423088074	0.4847485423088074	0.09491721540689468	0.9634417295455933	0.039549876004457474	0.025872964411973953	1
7	127	centered_logit	proposal	24	0.581683337688446	0.581683337688446	0.12065795809030533	0.8765050172805786	0.040137529373168945	0.023398568853735924	1
7	191	centered_logit	proposal	24	0.3254967927932739	0.3254967927932739	0.13636796176433563	0.9991239905357361	0.03903358802199364	0.029676655307412148	1
7	255	centered_logit	proposal	24	0.5195647478103638	0.5195647478103638	0.11335323005914688	0.8923658728599548	0.03886311128735542	0.027659785002470016	1
7	63	centered_logit	canonical_perturbation	24	0.621571958065033	0.621571958065033	0.21270079910755157	0.8531482219696045	0.044122662395238876	0.025872964411973953	1
7	127	centered_logit	canonical_perturbation	24	0.6061462163925171	0.6061462163925171	0.17896296083927155	0.8597853183746338	0.04077178239822388	0.023398568853735924	1
7	191	centered_logit	canonical_perturbation	24	0.5694391131401062	0.5694391131401062	0.3268241584300995	0.9433975219726562	0.04463913291692734	0.029676655307412148	1
7	255	centered_logit	canonical_perturbation	24	0.6298145055770874	0.6298145055770874	0.25309404730796814	0.7182957530021667	0.04114213585853577	0.027659785002470016	1
7	63	centered_logit	random_sphere	24	5.904607772827148	5.904607772827148	32.20726776123047	0.0017182008596137166	1.4217082262039185	0.025872964411973953	0
7	127	centered_logit	random_sphere	24	8.921977996826172	8.921977996826172	31.330968856811523	0.00024997626314871013	1.4133059978485107	0.023398568853735924	0
7	191	centered_logit	random_sphere	24	3.3733787536621094	3.3733787536621094	31.920700073242188	0.009590239264070988	1.4365977048873901	0.029676655307412148	0
7	255	centered_logit	random_sphere	24	4.566806793212891	4.566806793212891	30.86347007751465	0.00018543425539974123	1.4337588548660278	0.027659785002470016	0
7	63	inverse_hidden	proposal	24	0.0021562459878623486	3.219015598297119	0.0021562459878623486	0.7203720808029175	0.024228909984230995	0.025872964411973953	1
7	127	inverse_hidden	proposal	24	0.0025074859149754047	5.981501579284668	0.0025074859149754047	0.6098740696907043	0.022006789222359657	0.023398568853735924	1
7	191	inverse_hidden	proposal	24	0.002115569543093443	3.0402042865753174	0.002115569543093443	0.8655539751052856	0.028134901076555252	0.029676655307412148	1
7	255	inverse_hidden	proposal	24	0.0032685447949916124	2.4091830253601074	0.0032685447949916124	0.35714849829673767	0.02557961456477642	0.027659785002470016	1
7	63	inverse_hidden	canonical_perturbation	24	0.019351862370967865	10.32353687286377	0.019351862370967865	0.0016412244876846671	0.02823903039097786	0.025872964411973953	0
7	127	inverse_hidden	canonical_perturbation	24	0.007760864216834307	9.848177909851074	0.007760864216834307	0.028172047808766365	0.02442486397922039	0.023398568853735924	1
7	191	inverse_hidden	canonical_perturbation	24	0.018007738515734673	8.546883583068848	0.018007738515734673	0.000591539079323411	0.030082274228334427	0.029676655307412148	0
7	255	inverse_hidden	canonical_perturbation	24	0.011195394210517406	5.333772659301758	0.011195394210517406	0.05924263969063759	0.02742609940469265	0.027659785002470016	1
7	63	inverse_hidden	random_sphere	24	32.09893035888672	7.880648612976074	32.09893035888672	0.00039230004767887294	1.4230053424835205	0.025872964411973953	0
7	127	inverse_hidden	random_sphere	24	31.274646759033203	11.713043212890625	31.274646759033203	3.8401649362640455e-05	1.418001651763916	0.023398568853735924	0
7	191	inverse_hidden	random_sphere	24	31.787010192871094	4.745174884796143	31.787010192871094	0.003057314082980156	1.442537546157837	0.029676655307412148	0
7	255	inverse_hidden	random_sphere	24	30.825084686279297	6.1186747550964355	30.825084686279297	4.6938497689552605e-05	1.435016393661499	0.027659785002470016	0
6	63	centered_logit	proposal	40	0.4723442792892456	0.4723442792892456	0.17981138825416565	0.9784140586853027	0.03737767040729523	0.02503029629588127	1
6	127	centered_logit	proposal	40	0.33679747581481934	0.33679747581481934	0.09308559447526932	0.9905874133110046	0.04172924906015396	0.03401044011116028	1
6	191	centered_logit	proposal	40	0.3137832283973694	0.3137832283973694	0.09574271738529205	0.9993460774421692	0.0501554049551487	0.03473196178674698	1
6	255	centered_logit	proposal	40	0.3282916247844696	0.3282916247844696	0.10363706946372986	0.9900450110435486	0.04578075185418129	0.035139840096235275	1
6	63	centered_logit	canonical_perturbation	40	0.19429433345794678	0.19429433345794678	0.10512889921665192	0.9998059868812561	0.0390753298997879	0.02503029629588127	1
6	127	centered_logit	canonical_perturbation	40	0.3468245565891266	0.3468245565891266	0.20649226009845734	0.9882535934448242	0.05131583660840988	0.03401044011116028	1
6	191	centered_logit	canonical_perturbation	40	0.4470587372779846	0.4470587372779846	0.21425798535346985	0.9908993244171143	0.05354135110974312	0.03473196178674698	1
6	255	centered_logit	canonical_perturbation	40	0.3211629092693329	0.3211629092693329	0.15204842388629913	0.9923225045204163	0.05244974046945572	0.035139840096235275	1
6	63	centered_logit	random_sphere	40	2.5031087398529053	2.5031087398529053	28.838991165161133	0.000980205601081252	1.4231101274490356	0.02503029629588127	0
6	127	centered_logit	random_sphere	40	2.450958013534546	2.450958013534546	28.31338119506836	0.0025414847768843174	1.4419444799423218	0.03401044011116028	0
6	191	centered_logit	random_sphere	40	4.767719745635986	4.767719745635986	25.931598663330078	0.0015790030593052506	1.4074586629867554	0.03473196178674698	0
6	255	centered_logit	random_sphere	40	1.7414542436599731	1.7414542436599731	23.57199478149414	0.00032981563708744943	1.4216119050979614	0.035139840096235275	0
6	63	inverse_hidden	proposal	40	0.0013511352008208632	2.755870819091797	0.0013511352008208632	0.6757031679153442	0.02192034013569355	0.02503029629588127	1
6	127	inverse_hidden	proposal	40	0.0016923487419262528	1.777757167816162	0.0016923487419262528	0.3529811501502991	0.03138118237257004	0.03401044011116028	0
6	191	inverse_hidden	proposal	40	0.0012975868303328753	1.9417622089385986	0.0012975868303328753	0.9961395859718323	0.032789066433906555	0.03473196178674698	1
6	255	inverse_hidden	proposal	40	0.0014588163467124104	1.950676679611206	0.0014588163467124104	0.7654686570167542	0.0323500819504261	0.035139840096235275	1
6	63	inverse_hidden	canonical_perturbation	40	0.0062217493541538715	1.361240029335022	0.0062217493541538715	0.8953812718391418	0.023534493520855904	0.02503029629588127	1
6	127	inverse_hidden	canonical_perturbation	40	0.013612352311611176	4.552191257476807	0.013612352311611176	0.008055435493588448	0.03417275473475456	0.03401044011116028	1
6	191	inverse_hidden	canonical_perturbation	40	0.009242519736289978	5.67998743057251	0.009242519736289978	0.4185410737991333	0.030945954844355583	0.03473196178674698	1
6	255	inverse_hidden	canonical_perturbation	40	0.011866176500916481	1.625298261642456	0.011866176500916481	0.009124983102083206	0.031516388058662415	0.035139840096235275	1
6	63	inverse_hidden	random_sphere	40	28.77274513244629	4.297237396240234	28.77274513244629	0.00010594096238492057	1.4200509786605835	0.02503029629588127	0
6	127	inverse_hidden	random_sphere	40	28.090707778930664	3.948359251022339	28.090707778930664	0.0002693916030693799	1.4449058771133423	0.03401044011116028	0
6	191	inverse_hidden	random_sphere	40	25.825841903686523	8.131848335266113	25.825841903686523	8.961724961409345e-05	1.410088062286377	0.03473196178674698	0
6	255	inverse_hidden	random_sphere	40	23.360679626464844	2.427446126937866	23.360679626464844	4.889459160040133e-05	1.4182591438293457	0.035139840096235275	0
7	63	centered_logit	proposal	40	0.3343045115470886	0.3343045115470886	0.09162928909063339	0.9942774176597595	0.042135246098041534	0.025872964411973953	1
7	127	centered_logit	proposal	40	0.43977099657058716	0.43977099657058716	0.12327893078327179	0.9761381149291992	0.042862098664045334	0.023398568853735924	1
7	191	centered_logit	proposal	40	0.22585219144821167	0.22585219144821167	0.11682409048080444	0.9998421669006348	0.0420023649930954	0.029676655307412148	1
7	255	centered_logit	proposal	40	0.39104950428009033	0.39104950428009033	0.11219251900911331	0.9670332074165344	0.04187925159931183	0.027659785002470016	1
7	63	centered_logit	canonical_perturbation	40	0.4386490285396576	0.4386490285396576	0.19293977320194244	0.9811076521873474	0.048012372106313705	0.025872964411973953	1
7	127	centered_logit	canonical_perturbation	40	0.46269690990448	0.46269690990448	0.16648750007152557	0.9738962054252625	0.04422452673316002	0.023398568853735924	1
7	191	centered_logit	canonical_perturbation	40	0.38136154413223267	0.38136154413223267	0.2687319815158844	0.9971531629562378	0.04848475754261017	0.029676655307412148	1
7	255	centered_logit	canonical_perturbation	40	0.4311855137348175	0.4311855137348175	0.19255009293556213	0.9549943208694458	0.04507026821374893	0.027659785002470016	1
7	63	centered_logit	random_sphere	40	4.869678020477295	4.869678020477295	32.28915786743164	0.004173977766185999	1.4200283288955688	0.025872964411973953	0
7	127	centered_logit	random_sphere	40	7.408206939697266	7.408206939697266	31.381689071655273	0.0007204466382972896	1.4117634296417236	0.023398568853735924	0
7	191	centered_logit	random_sphere	40	2.68961763381958	2.68961763381958	32.0109977722168	0.018668513745069504	1.4345983266830444	0.029676655307412148	0
7	255	centered_logit	random_sphere	40	3.764772891998291	3.764772891998291	30.89644432067871	0.0004201777628622949	1.4322434663772583	0.027659785002470016	0
7	63	inverse_hidden	proposal	40	0.0012720886152237654	1.5326064825057983	0.0012720886152237654	0.995372474193573	0.023357801139354706	0.025872964411973953	1
7	127	inverse_hidden	proposal	40	0.0010811130050569773	1.675275444984436	0.0010811130050569773	0.9962880611419678	0.020524052903056145	0.023398568853735924	1
7	191	inverse_hidden	proposal	40	0.0009794005891308188	2.6108410358428955	0.0009794005891308188	0.9939776659011841	0.02699323184788227	0.029676655307412148	1
7	255	inverse_hidden	proposal	40	0.0013239675899967551	1.8283718824386597	0.0013239675899967551	0.42945224046707153	0.02423405833542347	0.027659785002470016	0
7	63	inverse_hidden	canonical_perturbation	40	0.00894804298877716	8.181224822998047	0.00894804298877716	0.019186217337846756	0.02656843140721321	0.025872964411973953	1
7	127	inverse_hidden	canonical_perturbation	40	0.004376960918307304	3.2848992347717285	0.004376960918307304	0.9846286773681641	0.02184116654098034	0.023398568853735924	1
7	191	inverse_hidden	canonical_perturbation	40	0.011767766438424587	6.70310115814209	0.011767766438424587	0.007628480438143015	0.029280856251716614	0.029676655307412148	1
7	255	inverse_hidden	canonical_perturbation	40	0.007988902740180492	2.628922939300537	0.007988902740180492	0.6098964214324951	0.024692125618457794	0.027659785002470016	1
7	63	inverse_hidden	random_sphere	40	32.08809280395508	7.888741493225098	32.08809280395508	0.0003956038854084909	1.422576665878296	0.025872964411973953	0
7	127	inverse_hidden	random_sphere	40	31.263032913208008	11.750044822692871	31.263032913208008	3.6677822208730504e-05	1.4196699857711792	0.023398568853735924	0
7	191	inverse_hidden	random_sphere	40	31.769466400146484	4.723121643066406	31.769466400146484	0.003183723660185933	1.4442112445831299	0.029676655307412148	0
7	255	inverse_hidden	random_sphere	40	30.809057235717773	6.099965572357178	30.809057235717773	4.702921069110744e-05	1.434508204460144	0.027659785002470016	0
8	63	centered_logit	proposal	0	3.0494160652160645	3.0494160652160645	0.03449045494198799	0.10530639439821243	0.03429992124438286	0.03429992124438286	1
8	127	centered_logit	proposal	0	2.438063621520996	2.438063621520996	0.039419498294591904	0.44633978605270386	0.036894965916872025	0.036894965916872025	1
8	191	centered_logit	proposal	0	10.334281921386719	10.334281921386719	0.038031741976737976	0.18878430128097534	0.021780600771307945	0.021780600771307945	1
8	255	centered_logit	proposal	0	3.39520001411438	3.39520001411438	0.043503593653440475	0.047943081706762314	0.026233647018671036	0.026233647018671036	1
8	63	centered_logit	canonical_perturbation	0	5.2874908447265625	5.2874908447265625	0.3810555338859558	0.0008390140137635171	0.03429992124438286	0.03429992124438286	0
8	127	centered_logit	canonical_perturbation	0	4.959539890289307	4.959539890289307	0.37037768959999084	0.0014213992981240153	0.036894965916872025	0.036894965916872025	0
8	191	centered_logit	canonical_perturbation	0	8.127167701721191	8.127167701721191	0.08331809937953949	0.001069533172994852	0.021780600771307945	0.021780600771307945	0
8	255	centered_logit	canonical_perturbation	0	7.225576400756836	7.225576400756836	0.0703597143292427	0.0010813119588419795	0.026233647018671036	0.026233647018671036	0
8	63	centered_logit	random_sphere	0	5.769587516784668	5.769587516784668	29.66507911682129	0.0005368757992982864	1.4446064233779907	0.03429992124438286	0
8	127	centered_logit	random_sphere	0	7.6170244216918945	7.6170244216918945	28.40694808959961	4.885187081526965e-05	1.3844428062438965	0.036894965916872025	0
8	191	centered_logit	random_sphere	0	6.277167320251465	6.277167320251465	28.634653091430664	6.07372130616568e-05	1.4219496250152588	0.021780600771307945	0
8	255	centered_logit	random_sphere	0	8.795112609863281	8.795112609863281	27.81503677368164	7.62360286898911e-05	1.403764247894287	0.026233647018671036	0
8	63	inverse_hidden	proposal	0	0.03449045494198799	3.0494160652160645	0.03449045494198799	0.10530639439821243	0.03429992124438286	0.03429992124438286	1
8	127	inverse_hidden	proposal	0	0.039419498294591904	2.438063621520996	0.039419498294591904	0.44633978605270386	0.036894965916872025	0.036894965916872025	1
8	191	inverse_hidden	proposal	0	0.038031741976737976	10.334281921386719	0.038031741976737976	0.18878430128097534	0.021780600771307945	0.021780600771307945	1
8	255	inverse_hidden	proposal	0	0.043503593653440475	3.39520001411438	0.043503593653440475	0.047943081706762314	0.026233647018671036	0.026233647018671036	1
8	63	inverse_hidden	canonical_perturbation	0	0.3810555338859558	5.2874908447265625	0.3810555338859558	0.0008390140137635171	0.03429992124438286	0.03429992124438286	0
8	127	inverse_hidden	canonical_perturbation	0	0.37037768959999084	4.959539890289307	0.37037768959999084	0.0014213992981240153	0.036894965916872025	0.036894965916872025	0
8	191	inverse_hidden	canonical_perturbation	0	0.08331809937953949	8.127167701721191	0.08331809937953949	0.001069533172994852	0.021780600771307945	0.021780600771307945	0
8	255	inverse_hidden	canonical_perturbation	0	0.0703597143292427	7.225576400756836	0.0703597143292427	0.0010813119588419795	0.026233647018671036	0.026233647018671036	0
8	63	inverse_hidden	random_sphere	0	29.66507911682129	5.769587516784668	29.66507911682129	0.0005368757992982864	1.4446064233779907	0.03429992124438286	0
8	127	inverse_hidden	random_sphere	0	28.40694808959961	7.6170244216918945	28.40694808959961	4.885187081526965e-05	1.3844428062438965	0.036894965916872025	0
8	191	inverse_hidden	random_sphere	0	28.634653091430664	6.277167320251465	28.634653091430664	6.07372130616568e-05	1.4219496250152588	0.021780600771307945	0
8	255	inverse_hidden	random_sphere	0	27.81503677368164	8.795112609863281	27.81503677368164	7.62360286898911e-05	1.403764247894287	0.026233647018671036	0
9	63	centered_logit	proposal	0	5.075160026550293	5.075160026550293	0.03810161352157593	0.02236424945294857	0.035049960017204285	0.035049960017204285	1
9	127	centered_logit	proposal	0	2.2578301429748535	2.2578301429748535	0.02726750820875168	0.0513046570122242	0.021938884630799294	0.021938884630799294	1
9	191	centered_logit	proposal	0	4.343268394470215	4.343268394470215	0.03609989210963249	0.055951111018657684	0.026787083595991135	0.026787083595991135	1
9	255	centered_logit	proposal	0	3.263010263442993	3.263010263442993	0.04326006397604942	0.37232163548469543	0.030001211911439896	0.030001211911439896	1
9	63	centered_logit	canonical_perturbation	0	5.738360404968262	5.738360404968262	0.5885294675827026	0.0004059318744111806	0.03504996374249458	0.035049960017204285	0
9	127	centered_logit	canonical_perturbation	0	1.941814661026001	1.941814661026001	0.06155956909060478	0.00148688571061939	0.021938882768154144	0.021938884630799294	0
9	191	centered_logit	canonical_perturbation	0	6.1362104415893555	6.1362104415893555	0.11686891317367554	0.003954139072448015	0.026787083595991135	0.026787083595991135	1
9	255	centered_logit	canonical_perturbation	0	6.431572914123535	6.431572914123535	0.24808277189731598	0.0012051621451973915	0.030001211911439896	0.030001211911439896	0
9	63	centered_logit	random_sphere	0	6.759572982788086	6.759572982788086	31.93567657470703	0.0005218807491473854	1.3815678358078003	0.035049960017204285	0
9	127	centered_logit	random_sphere	0	3.0493340492248535	3.0493340492248535	28.937753677368164	6.240372749743983e-05	1.4246399402618408	0.021938884630799294	0
9	191	centered_logit	random_sphere	0	9.770246505737305	9.770246505737305	29.309646606445312	0.0002156411501346156	1.4438695907592773	0.026787083595991135	0
9	255	centered_logit	random_sphere	0	10.486258506774902	10.486258506774902	29.436264038085938	0.00010057821054942906	1.382068395614624	0.030001211911439896	0
9	63	inverse_hidden	proposal	0	0.03810161352157593	5.075160026550293	0.03810161352157593	0.02236424945294857	0.035049960017204285	0.035049960017204285	1
9	127	inverse_hidden	proposal	0	0.02726750820875168	2.2578301429748535	0.02726750820875168	0.0513046570122242	0.021938884630799294	0.021938884630799294	1
9	191	inverse_hidden	proposal	0	0.03609989210963249	4.343268394470215	0.03609989210963249	0.055951111018657684	0.026787083595991135	0.026787083595991135	1
9	255	inverse_hidden	proposal	0	0.04326006397604942	3.263010263442993	0.04326006397604942	0.37232163548469543	0.030001211911439896	0.030001211911439896	1
9	63	inverse_hidden	canonical_perturbation	0	0.5885294675827026	5.738360404968262	0.5885294675827026	0.0004059318744111806	0.03504996374249458	0.035049960017204285	0
9	127	inverse_hidden	canonical_perturbation	0	0.06155956909060478	1.941814661026001	0.06155956909060478	0.00148688571061939	0.021938882768154144	0.021938884630799294	0
9	191	inverse_hidden	canonical_perturbation	0	0.11686891317367554	6.1362104415893555	0.11686891317367554	0.003954139072448015	0.026787083595991135	0.026787083595991135	1
9	255	inverse_hidden	canonical_perturbation	0	0.24808277189731598	6.431572914123535	0.24808277189731598	0.0012051621451973915	0.030001211911439896	0.030001211911439896	0
9	63	inverse_hidden	random_sphere	0	31.93567657470703	6.759572982788086	31.93567657470703	0.0005218807491473854	1.3815678358078003	0.035049960017204285	0
9	127	inverse_hidden	random_sphere	0	28.937753677368164	3.0493340492248535	28.937753677368164	6.240372749743983e-05	1.4246399402618408	0.021938884630799294	0
9	191	inverse_hidden	random_sphere	0	29.309646606445312	9.770246505737305	29.309646606445312	0.0002156411501346156	1.4438695907592773	0.026787083595991135	0
9	255	inverse_hidden	random_sphere	0	29.436264038085938	10.486258506774902	29.436264038085938	0.00010057821054942906	1.382068395614624	0.030001211911439896	0
8	63	centered_logit	proposal	1	1.8384010791778564	1.8384010791778564	0.040117163211107254	0.26568394899368286	0.03471344709396362	0.03429992124438286	1
8	127	centered_logit	proposal	1	1.5958986282348633	1.5958986282348633	0.0605594739317894	0.52734375	0.037248723208904266	0.036894965916872025	1
8	191	centered_logit	proposal	1	6.875034332275391	6.875034332275391	0.039002444595098495	0.005023460369557142	0.02164589799940586	0.021780600771307945	0
8	255	centered_logit	proposal	1	1.9807209968566895	1.9807209968566895	0.04496242478489876	0.15562987327575684	0.026823749765753746	0.026233647018671036	1
8	63	centered_logit	canonical_perturbation	1	4.469433307647705	4.469433307647705	0.3525432050228119	0.0019514764426276088	0.03451623022556305	0.03429992124438286	0
8	127	centered_logit	canonical_perturbation	1	4.040933609008789	4.040933609008789	0.2906571924686432	0.003995208535343409	0.036769188940525055	0.036894965916872025	0
8	191	centered_logit	canonical_perturbation	1	5.4519362449646	5.4519362449646	0.06589601933956146	0.0019006654620170593	0.021862156689167023	0.021780600771307945	0
8	255	centered_logit	canonical_perturbation	1	5.044648170471191	5.044648170471191	0.1085338443517685	0.007371147163212299	0.026490576565265656	0.026233647018671036	1
8	63	centered_logit	random_sphere	1	5.687659740447998	5.687659740447998	29.669795989990234	0.000576651596929878	1.4445199966430664	0.03429992124438286	0
8	127	centered_logit	random_sphere	1	7.517413139343262	7.517413139343262	28.409093856811523	5.279825927573256e-05	1.3843367099761963	0.036894965916872025	0
8	191	centered_logit	random_sphere	1	6.190970420837402	6.190970420837402	28.63539695739746	6.153820868348703e-05	1.4220532178878784	0.021780600771307945	0
8	255	centered_logit	random_sphere	1	8.688589096069336	8.688589096069336	27.816164016723633	8.201643504435197e-05	1.4037340879440308	0.026233647018671036	0
8	63	inverse_hidden	proposal	1	0.017317770048975945	4.160035133361816	0.017317770048975945	0.015318965539336205	0.03375468775629997	0.03429992124438286	0
8	127	inverse_hidden	proposal	1	0.0366075225174427	5.346658706665039	0.0366075225174427	0.0019036817830055952	0.036378297954797745	0.036894965916872025	0
8	191	inverse_hidden	proposal	1	0.011066085658967495	10.191993713378906	0.011066085658967495	0.05167567357420921	0.021374445408582687	0.021780600771307945	0
8	255	inverse_hidden	proposal	1	0.03665563091635704	5.587554454803467	0.03665563091635704	0.006821050774306059	0.025835299864411354	0.026233647018671036	1
8	63	inverse_hidden	canonical_perturbation	1	0.18419413268566132	5.265629291534424	0.18419413268566132	0.0008415205520577729	0.03361329436302185	0.03429992124438286	0
8	127	inverse_hidden	canonical_perturbation	1	0.18137763440608978	4.743786811828613	0.18137763440608978	0.0017962559359148145	0.03615275025367737	0.036894965916872025	0
8	191	inverse_hidden	canonical_perturbation	1	0.03588201478123665	7.176008701324463	0.03588201478123665	0.0021559898741543293	0.02132127620279789	0.021780600771307945	0
8	255	inverse_hidden	canonical_perturbation	1	0.049016572535037994	8.948247909545898	0.049016572535037994	0.0004710757057182491	0.025404881685972214	0.026233647018671036	0
8	63	inverse_hidden	random_sphere	1	29.663869857788086	5.771136283874512	29.663869857788086	0.0005355815519578755	1.4446585178375244	0.03429992124438286	0
8	127	inverse_hidden	random_sphere	1	28.404037475585938	7.61826229095459	28.404037475585938	4.875388549407944e-05	1.3843153715133667	0.036894965916872025	0
8	191	inverse_hidden	random_sphere	1	28.632028579711914	6.276912689208984	28.632028579711914	6.070054223528132e-05	1.421798825263977	0.021780600771307945	0
8	255	inverse_hidden	random_sphere	1	27.81365203857422	8.797307968139648	27.81365203857422	7.595687930006534e-05	1.4036496877670288	0.026233647018671036	0
9	63	centered_logit	proposal	1	3.1530704498291016	3.1530704498291016	0.049450721591711044	0.10278523713350296	0.03521963953971863	0.035049960017204285	1
9	127	centered_logit	proposal	1	1.2611883878707886	1.2611883878707886	0.029277333989739418	0.09418550878763199	0.02195931412279606	0.021938884630799294	1
9	191	centered_logit	proposal	1	2.1817002296447754	2.1817002296447754	0.03250822424888611	0.21498942375183105	0.027325453236699104	0.026787083595991135	1
9	255	centered_logit	proposal	1	2.128960132598877	2.128960132598877	0.05362860485911369	0.12055579572916031	0.030460651963949203	0.030001211911439896	1
9	63	centered_logit	canonical_perturbation	1	5.065639495849609	5.065639495849609	0.5553338527679443	0.0007851203554309905	0.03500531613826752	0.035049960017204285	0
9	127	centered_logit	canonical_perturbation	1	1.4037212133407593	1.4037212133407593	0.07663993537425995	0.007243101019412279	0.022068506106734276	0.021938884630799294	1
9	191	centered_logit	canonical_perturbation	1	4.405921936035156	4.405921936035156	0.11591966450214386	0.01814810000360012	0.026838473975658417	0.026787083595991135	1
9	255	centered_logit	canonical_perturbation	1	4.982265472412109	4.982265472412109	0.22986723482608795	0.004903805907815695	0.030033087357878685	0.030001211911439896	0
9	63	centered_logit	random_sphere	1	6.671741008758545	6.671741008758545	31.94528579711914	0.0005596069968305528	1.3814754486083984	0.035049960017204285	0
9	127	centered_logit	random_sphere	1	3.012664318084717	3.012664318084717	28.938434600830078	6.616220343858004e-05	1.424562692642212	0.021938884630799294	0
9	191	centered_logit	random_sphere	1	9.656036376953125	9.656036376953125	29.30813980102539	0.00023281479661818594	1.443795084953308	0.026787083595991135	0
9	255	centered_logit	random_sphere	1	10.371570587158203	10.371570587158203	29.43608856201172	0.00010857432062039152	1.3819851875305176	0.030001211911439896	0
9	63	inverse_hidden	proposal	1	0.026584023609757423	7.239965915679932	0.026584023609757423	0.0009219577186740935	0.034353096038103104	0.035049960017204285	0
9	127	inverse_hidden	proposal	1	0.014382420107722282	4.689899444580078	0.014382420107722282	0.0001827190280891955	0.02144826576113701	0.021938884630799294	0
9	191	inverse_hidden	proposal	1	0.024359015747904778	5.720513343811035	0.024359015747904778	0.004218189511448145	0.026461435481905937	0.026787083595991135	0
9	255	inverse_hidden	proposal	1	0.022028202190995216	4.6562299728393555	0.022028202190995216	0.052527256309986115	0.029695136472582817	0.030001211911439896	1
9	63	inverse_hidden	canonical_perturbation	1	0.3420852720737457	5.691021919250488	0.3420852720737457	0.0004037645412608981	0.03423961624503136	0.035049960017204285	0
9	127	inverse_hidden	canonical_perturbation	1	0.03768526762723923	3.6442184448242188	0.03768526762723923	0.00032419947092421353	0.021245287731289864	0.021938884630799294	0
9	191	inverse_hidden	canonical_perturbation	1	0.052988626062870026	6.856013298034668	0.052988626062870026	0.0023316845763474703	0.02610890381038189	0.026787083595991135	0
9	255	inverse_hidden	canonical_perturbation	1	0.11884144693613052	6.4553375244140625	0.11884144693613052	0.0015578974271193147	0.0293235182762146	0.030001211911439896	0
9	63	inverse_hidden	random_sphere	1	31.92932891845703	6.76392936706543	31.92932891845703	0.0005199490115046501	1.3816531896591187	0.035049960017204285	0
9	127	inverse_hidden	random_sphere	1	28.936803817749023	3.048232316970825	28.936803817749023	6.269675941439345e-05	1.4246724843978882	0.021938884630799294	0
9	191	inverse_hidden	random_sphere	1	29.30629539489746	9.767448425292969	29.30629539489746	0.00021603128698188812	1.4437364339828491	0.026787083595991135	0
9	255	inverse_hidden	random_sphere	1	29.433712005615234	10.488179206848145	29.433712005615234	0.00010049279080703855	1.3818771839141846	0.030001211911439896	0
8	63	centered_logit	proposal	2	1.2703511714935303	1.2703511714935303	0.04312291368842125	0.37894728779792786	0.035132329910993576	0.03429992124438286	1
8	127	centered_logit	proposal	2	1.2124489545822144	1.2124489545822144	0.07329460978507996	0.557257890701294	0.03772513568401337	0.036894965916872025	1
8	191	centered_logit	proposal	2	4.272441864013672	4.272441864013672	0.09021793305873871	0.001553150825202465	0.021909156814217567	0.021780600771307945	0
8	255	centered_logit	proposal	2	1.2627360820770264	1.2627360820770264	0.04559009522199631	0.2594361901283264	0.02764585055410862	0.026233647018671036	1
8	63	centered_logit	canonical_perturbation	2	3.6644535064697266	3.6644535064697266	0.28509601950645447	0.0049118041060864925	0.03488137200474739	0.03429992124438286	0
8	127	centered_logit	canonical_perturbation	2	3.08546781539917	3.08546781539917	0.20500825345516205	0.012847671285271645	0.03694036975502968	0.036894965916872025	0
8	191	centered_logit	canonical_perturbation	2	3.282623291015625	3.282623291015625	0.04590391740202904	0.00013494760787580162	0.02224086970090866	0.021780600771307945	0
8	255	centered_logit	canonical_perturbation	2	3.665515899658203	3.665515899658203	0.11819113045930862	0.028619159013032913	0.02686172164976597	0.026233647018671036	1
8	63	centered_logit	random_sphere	2	5.606586456298828	5.606586456298828	29.674623489379883	0.0006191613501869142	1.444433331489563	0.03429992124438286	0
8	127	centered_logit	random_sphere	2	7.418644905090332	7.418644905090332	28.4113826751709	5.704604700440541e-05	1.3842315673828125	0.036894965916872025	0
8	191	centered_logit	random_sphere	2	6.105599880218506	6.105599880218506	28.6362247467041	6.234191096154973e-05	1.4221570491790771	0.021780600771307945	0
8	255	centered_logit	random_sphere	2	8.582905769348145	8.582905769348145	27.8173885345459	8.820450602797791e-05	1.403696894645691	0.026233647018671036	0
8	63	inverse_hidden	proposal	2	0.012772198766469955	5.20162296295166	0.012772198766469955	0.007441817782819271	0.033409297466278076	0.03429992124438286	0
8	127	inverse_hidden	proposal	2	0.01139161642640829	3.496628761291504	0.01139161642640829	0.04173023998737335	0.035925041884183884	0.036894965916872025	1
8	191	inverse_hidden	proposal	2	0.01661277376115322	8.20261287689209	0.01661277376115322	0.0002292172284796834	0.021204354241490364	0.021780600771307945	0
8	255	inverse_hidden	proposal	2	0.014325958676636219	4.43519401550293	0.014325958676636219	0.029277101159095764	0.02539733238518238	0.026233647018671036	1
8	63	inverse_hidden	canonical_perturbation	2	0.0849296897649765	5.575190544128418	0.0849296897649765	0.0004614632925949991	0.03309207782149315	0.03429992124438286	0
8	127	inverse_hidden	canonical_perturbation	2	0.08860109746456146	4.862486839294434	0.08860109746456146	0.0011111035710200667	0.03554060682654381	0.036894965916872025	0
8	191	inverse_hidden	canonical_perturbation	2	0.04381322115659714	6.309844970703125	0.04381322115659714	0.0019504864467307925	0.020970003679394722	0.021780600771307945	0
8	255	inverse_hidden	canonical_perturbation	2	0.04962444677948952	9.254215240478516	0.04962444677948952	0.0005169419455341995	0.024682026356458664	0.026233647018671036	0
8	63	inverse_hidden	random_sphere	2	29.66266441345215	5.772552013397217	29.66266441345215	0.000534426886588335	1.4447109699249268	0.03429992124438286	0
8	127	inverse_hidden	random_sphere	2	28.401132583618164	7.619051933288574	28.401132583618164	4.8687834350857884e-05	1.3841809034347534	0.036894965916872025	0
8	191	inverse_hidden	random_sphere	2	28.629369735717773	6.277010917663574	28.629369735717773	6.0652211686829105e-05	1.4216448068618774	0.021780600771307945	0
8	255	inverse_hidden	random_sphere	2	27.812265396118164	8.799571990966797	27.812265396118164	7.567488501081243e-05	1.4035331010818481	0.026233647018671036	0
9	63	centered_logit	proposal	2	2.282871723175049	2.282871723175049	0.0625101700425148	0.148193359375	0.035544343292713165	0.035049960017204285	1
9	127	centered_logit	proposal	2	1.2031277418136597	1.2031277418136597	0.0341758094727993	0.13200925290584564	0.022242391481995583	0.021938884630799294	1
9	191	centered_logit	proposal	2	1.3053292036056519	1.3053292036056519	0.03963598608970642	0.2055959552526474	0.028086993843317032	0.026787083595991135	0
9	255	centered_logit	proposal	2	1.6191844940185547	1.6191844940185547	0.05913831666111946	0.17061085999011993	0.031079960986971855	0.030001211911439896	1
9	63	centered_logit	canonical_perturbation	2	4.404379844665527	4.404379844665527	0.4773908853530884	0.0015500965528190136	0.03508100286126137	0.035049960017204285	0
9	127	centered_logit	canonical_perturbation	2	1.1457700729370117	1.1457700729370117	0.06616409868001938	0.039995141327381134	0.02237469144165516	0.021938884630799294	1
9	191	centered_logit	canonical_perturbation	2	3.032817840576172	3.032817840576172	0.10182762891054153	0.06890281289815903	0.027135126292705536	0.026787083595991135	1
9	255	centered_logit	canonical_perturbation	2	3.67857027053833	3.67857027053833	0.19597162306308746	0.019375301897525787	0.03031003102660179	0.030001211911439896	0
9	63	centered_logit	random_sphere	2	6.584691047668457	6.584691047668457	31.955005645751953	0.0005998763372190297	1.3813835382461548	0.035049960017204285	0
9	127	centered_logit	random_sphere	2	2.9765708446502686	2.9765708446502686	28.939184188842773	7.012656715232879e-05	1.4244858026504517	0.021938884630799294	0
9	191	centered_logit	random_sphere	2	9.54261302947998	9.54261302947998	29.306764602661133	0.00025126992841251194	1.4437220096588135	0.026787083595991135	0
9	255	centered_logit	random_sphere	2	10.257627487182617	10.257627487182617	29.435945510864258	0.00011713228013832122	1.3818962574005127	0.030001211911439896	0
9	63	inverse_hidden	proposal	2	0.010712195187807083	5.5907816886901855	0.010712195187807083	0.013095352798700333	0.03397256135940552	0.035049960017204285	0
9	127	inverse_hidden	proposal	2	0.013524901121854782	1.7232346534729004	0.013524901121854782	0.011810218915343285	0.021160133183002472	0.021938884630799294	0
9	191	inverse_hidden	proposal	2	0.013374974951148033	4.320064544677734	0.013374974951148033	0.019728733226656914	0.02624000795185566	0.026787083595991135	0
9	255	inverse_hidden	proposal	2	0.010899555869400501	4.11203145980835	0.010899555869400501	0.056013137102127075	0.029399486258625984	0.030001211911439896	1
9	63	inverse_hidden	canonical_perturbation	2	0.18726573884487152	5.704237461090088	0.18726573884487152	0.00039400317473337054	0.03360576927661896	0.035049960017204285	0
9	127	inverse_hidden	canonical_perturbation	2	0.04210205748677254	3.85504150390625	0.04210205748677254	0.00029244908364489675	0.020649654790759087	0.021938884630799294	0
9	191	inverse_hidden	canonical_perturbation	2	0.05087365582585335	8.780648231506348	0.05087365582585335	0.0004507921985350549	0.025567952543497086	0.026787083595991135	0
9	255	inverse_hidden	canonical_perturbation	2	0.06155240908265114	7.49652099609375	0.06155240908265114	0.0007838314049877226	0.0288450438529253	0.030001211911439896	0
9	63	inverse_hidden	random_sphere	2	31.92314910888672	6.768265247344971	31.92314910888672	0.0005181428277865052	1.3817381858825684	0.035049960017204285	0
9	127	inverse_hidden	random_sphere	2	28.935853958129883	3.0471386909484863	28.935853958129883	6.299235246842727e-05	1.424704670906067	0.021938884630799294	0
9	191	inverse_hidden	random_sphere	2	29.303041458129883	9.764461517333984	29.303041458129883	0.00021644579828716815	1.4436123371124268	0.026787083595991135	0
9	255	inverse_hidden	random_sphere	2	29.431232452392578	10.490060806274414	29.431232452392578	0.00010039693734142929	1.381683349609375	0.030001211911439896	0
8	63	centered_logit	proposal	4	0.9181700944900513	0.9181700944900513	0.052279774099588394	0.6026232838630676	0.036095499992370605	0.03429992124438286	1
8	127	centered_logit	proposal	4	0.8738105297088623	0.8738105297088623	0.07997900247573853	0.6434980034828186	0.03889741003513336	0.036894965916872025	1
8	191	centered_logit	proposal	4	2.5037872791290283	2.5037872791290283	0.1366950124502182	0.00011047125735785812	0.023216769099235535	0.021780600771307945	0
8	255	centered_logit	proposal	4	0.9613461494445801	0.9613461494445801	0.05354307219386101	0.41988644003868103	0.02953169494867325	0.026233647018671036	1
8	63	centered_logit	canonical_perturbation	4	2.2167000770568848	2.2167000770568848	0.15631626546382904	0.03725000470876694	0.03613613173365593	0.03429992124438286	0
8	127	centered_logit	canonical_perturbation	4	1.743034839630127	1.743034839630127	0.10558835417032242	0.07727830111980438	0.037947289645671844	0.036894965916872025	0
8	191	centered_logit	canonical_perturbation	4	1.8162932395935059	1.8162932395935059	0.06138778477907181	1.8508605990064098e-06	0.023658281192183495	0.021780600771307945	0
8	255	centered_logit	canonical_perturbation	4	1.979928731918335	1.979928731918335	0.10766564309597015	0.17315015196800232	0.028062576428055763	0.026233647018671036	1
8	63	centered_logit	random_sphere	4	5.447063446044922	5.447063446044922	29.684606552124023	0.0007130722515285015	1.444258451461792	0.03429992124438286	0
8	127	centered_logit	random_sphere	4	7.223708152770996	7.223708152770996	28.41631317138672	6.653547461610287e-05	1.3840223550796509	0.036894965916872025	0
8	191	centered_logit	random_sphere	4	5.937402248382568	5.937402248382568	28.63811492919922	6.393270450644195e-05	1.4223648309707642	0.021780600771307945	0
8	255	centered_logit	random_sphere	4	8.374135971069336	8.374135971069336	27.820131301879883	0.0001019092378555797	1.4035985469818115	0.026233647018671036	0
8	63	inverse_hidden	proposal	4	0.00872398167848587	7.0612945556640625	0.00872398167848587	0.0001940134825417772	0.032998520880937576	0.03429992124438286	0
8	127	inverse_hidden	proposal	4	0.01652158983051777	5.543621063232422	0.01652158983051777	0.003727362956851721	0.03543414548039436	0.036894965916872025	0
8	191	inverse_hidden	proposal	4	0.0122054573148489	5.41602897644043	0.0122054573148489	0.000603200460318476	0.021056555211544037	0.021780600771307945	0
8	255	inverse_hidden	proposal	4	0.016477206721901894	5.727199077606201	0.016477206721901894	0.010308533906936646	0.024918928742408752	0.026233647018671036	0
8	63	inverse_hidden	canonical_perturbation	4	0.07928477227687836	7.298586845397949	0.07928477227687836	0.0001141750326496549	0.0323827750980854	0.03429992124438286	0
8	127	inverse_hidden	canonical_perturbation	4	0.08311847597360611	6.737719535827637	0.08311847597360611	0.00013858774036634713	0.034602463245391846	0.036894965916872025	0
8	191	inverse_hidden	canonical_perturbation	4	0.031303487718105316	5.972077369689941	0.031303487718105316	0.004862669855356216	0.020558785647153854	0.021780600771307945	1
8	255	inverse_hidden	canonical_perturbation	4	0.024369198828935623	8.486391067504883	0.024369198828935623	0.001539273769594729	0.02373697981238365	0.026233647018671036	0
8	63	inverse_hidden	random_sphere	4	29.660202026367188	5.775608062744141	29.660202026367188	0.000532075297087431	1.4448155164718628	0.03429992124438286	0
8	127	inverse_hidden	random_sphere	4	28.395219802856445	7.620296478271484	28.395219802856445	4.857092790189199e-05	1.3839079141616821	0.036894965916872025	0
8	191	inverse_hidden	random_sphere	4	28.624094009399414	6.277316093444824	28.624094009399414	6.0560920246643946e-05	1.4213323593139648	0.021780600771307945	0
8	255	inverse_hidden	random_sphere	4	27.809423446655273	8.804204940795898	27.809423446655273	7.511364674428478e-05	1.4032912254333496	0.026233647018671036	0
9	63	centered_logit	proposal	4	1.4368995428085327	1.4368995428085327	0.07253916561603546	0.2465694099664688	0.036468617618083954	0.035049960017204285	1
9	127	centered_logit	proposal	4	0.8989025950431824	0.8989025950431824	0.05360187962651253	0.3484286665916443	0.02323473058640957	0.021938884630799294	1
9	191	centered_logit	proposal	4	0.8318381905555725	0.8318381905555725	0.04819561168551445	0.3050786852836609	0.029823502525687218	0.026787083595991135	1
9	255	centered_logit	proposal	4	1.0436674356460571	1.0436674356460571	0.05944447219371796	0.6064366698265076	0.03257974609732628	0.030001211911439896	1
9	63	centered_logit	canonical_perturbation	4	3.0216257572174072	3.0216257572174072	0.28831812739372253	0.007846282795071602	0.03573480248451233	0.035049960017204285	0
9	127	centered_logit	canonical_perturbation	4	0.9753938913345337	0.9753938913345337	0.06038494035601616	0.2716022729873657	0.023327255621552467	0.021938884630799294	1
9	191	centered_logit	canonical_perturbation	4	1.5867105722427368	1.5867105722427368	0.08832995593547821	0.28007492423057556	0.02843320369720459	0.026787083595991135	1
9	255	centered_logit	canonical_perturbation	4	1.9252517223358154	1.9252517223358154	0.137192964553833	0.14656607806682587	0.03138187527656555	0.030001211911439896	1
9	63	centered_logit	random_sphere	4	6.412995338439941	6.412995338439941	31.97478675842285	0.0006886778282932937	1.3812003135681152	0.035049960017204285	0
9	127	centered_logit	random_sphere	4	2.906135082244873	2.906135082244873	28.94091796875	7.87313183536753e-05	1.424335241317749	0.021938884630799294	0
9	191	centered_logit	random_sphere	4	9.318190574645996	9.318190574645996	29.304262161254883	0.00029231607913970947	1.443575143814087	0.026787083595991135	0
9	255	centered_logit	random_sphere	4	10.032037734985352	10.032037734985352	29.435945510864258	0.00013605626008938998	1.3817170858383179	0.030001211911439896	0
9	63	inverse_hidden	proposal	4	0.009747518226504326	9.819190979003906	0.009747518226504326	4.6546865632990375e-05	0.0335017666220665	0.035049960017204285	0
9	127	inverse_hidden	proposal	4	0.007347713224589825	3.9831790924072266	0.007347713224589825	6.960787140997127e-05	0.020736394450068474	0.021938884630799294	0
9	191	inverse_hidden	proposal	4	0.012028473429381847	5.485630989074707	0.012028473429381847	0.004472547676414251	0.02593180723488331	0.026787083595991135	0
9	255	inverse_hidden	proposal	4	0.008212428539991379	9.145992279052734	0.008212428539991379	0.00014304439537227154	0.029116474092006683	0.030001211911439896	0
9	63	inverse_hidden	canonical_perturbation	4	0.07486136257648468	6.90873908996582	0.07486136257648468	0.00020434058387763798	0.03271050751209259	0.035049960017204285	0
9	127	inverse_hidden	canonical_perturbation	4	0.020007163286209106	3.34714937210083	0.020007163286209106	0.0008239567396230996	0.020068272948265076	0.021938884630799294	0
9	191	inverse_hidden	canonical_perturbation	4	0.05423775687813759	9.593714714050293	0.05423775687813759	0.00037569942651316524	0.024727849289774895	0.026787083595991135	0
9	255	inverse_hidden	canonical_perturbation	4	0.06884372234344482	9.153899192810059	0.06884372234344482	0.0008780359639786184	0.02816629968583584	0.030001211911439896	0
9	63	inverse_hidden	random_sphere	4	31.91106605529785	6.777199745178223	31.91106605529785	0.0005144936149008572	1.3819050788879395	0.035049960017204285	0
9	127	inverse_hidden	random_sphere	4	28.933950424194336	3.04502534866333	28.933950424194336	6.359244434861466e-05	1.4247645139694214	0.021938884630799294	0
9	191	inverse_hidden	random_sphere	4	29.29679298400879	9.757890701293945	29.29679298400879	0.00021730797016061842	1.443386197090149	0.026787083595991135	0
9	255	inverse_hidden	random_sphere	4	29.4263973236084	10.494024276733398	29.4263973236084	0.00010020723129855469	1.3813084363937378	0.030001211911439896	0
8	63	centered_logit	proposal	8	0.7104061841964722	0.7104061841964722	0.07938269525766373	0.7289889454841614	0.03848874568939209	0.03429992124438286	1
8	127	centered_logit	proposal	8	0.7029208540916443	0.7029208540916443	0.10984505712985992	0.8028314709663391	0.04130991920828819	0.036894965916872025	1
8	191	centered_logit	proposal	8	1.4698636531829834	1.4698636531829834	0.10606478154659271	4.566264806271647e-07	0.027020512148737907	0.021780600771307945	0
8	255	centered_logit	proposal	8	0.6841756105422974	0.6841756105422974	0.06661943346261978	0.7201109528541565	0.033000681549310684	0.026233647018671036	1
8	63	centered_logit	canonical_perturbation	8	1.3326423168182373	1.3326423168182373	0.12766927480697632	0.16088013350963593	0.04005804657936096	0.03429992124438286	1
8	127	centered_logit	canonical_perturbation	8	1.0733987092971802	1.0733987092971802	0.12309745699167252	0.32968053221702576	0.04162268713116646	0.036894965916872025	1
8	191	centered_logit	canonical_perturbation	8	1.1218280792236328	1.1218280792236328	0.10277534276247025	3.7637405512214173e-06	0.02733583189547062	0.021780600771307945	0
8	255	centered_logit	canonical_perturbation	8	1.1098203659057617	1.1098203659057617	0.1297428458929062	0.36920952796936035	0.03185867518186569	0.026233647018671036	1
8	63	centered_logit	random_sphere	8	5.1388654708862305	5.1388654708862305	29.70571517944336	0.0009418703848496079	1.4438960552215576	0.03429992124438286	0
8	127	centered_logit	random_sphere	8	6.84467077255249	6.84467077255249	28.427692413330078	9.02021856745705e-05	1.383609652519226	0.036894965916872025	0
8	191	centered_logit	random_sphere	8	5.611583709716797	5.611583709716797	28.643041610717773	6.694065814372152e-05	1.422789454460144	0.021780600771307945	0
8	255	centered_logit	random_sphere	8	7.967408180236816	7.967408180236816	27.827037811279297	0.000135558468173258	1.4033851623535156	0.026233647018671036	0
8	63	inverse_hidden	proposal	8	0.0060943784192204475	4.761117935180664	0.0060943784192204475	0.04002605006098747	0.03313903883099556	0.03429992124438286	1
8	127	inverse_hidden	proposal	8	0.010969946160912514	9.13045883178711	0.010969946160912514	5.111487189424224e-05	0.03536417707800865	0.036894965916872025	0
8	191	inverse_hidden	proposal	8	0.005796635057777166	4.260394096374512	0.005796635057777166	0.0007994887419044971	0.021057484671473503	0.021780600771307945	0
8	255	inverse_hidden	proposal	8	0.011772607453167439	11.395137786865234	0.011772607453167439	5.608539504464716e-05	0.02473357878625393	0.026233647018671036	0
8	63	inverse_hidden	canonical_perturbation	8	0.10325711220502853	7.875885486602783	0.10325711220502853	0.00015565415378659964	0.03154832869768143	0.03429992124438286	0
8	127	inverse_hidden	canonical_perturbation	8	0.10128981620073318	7.400432586669922	0.10128981620073318	0.0001412219717167318	0.03361635282635689	0.036894965916872025	0
8	191	inverse_hidden	canonical_perturbation	8	0.02213413454592228	5.547761917114258	0.02213413454592228	0.07662448287010193	0.021182339638471603	0.021780600771307945	1
8	255	inverse_hidden	canonical_perturbation	8	0.014936413615942001	8.265230178833008	0.014936413615942001	0.0056427838280797005	0.023249108344316483	0.026233647018671036	1
8	63	inverse_hidden	random_sphere	8	29.655282974243164	5.781900405883789	29.655282974243164	0.0005270105903036892	1.445026159286499	0.03429992124438286	0
8	127	inverse_hidden	random_sphere	8	28.38348960876465	7.622439861297607	28.38348960876465	4.834761057281867e-05	1.383352279663086	0.036894965916872025	0
8	191	inverse_hidden	random_sphere	8	28.6138973236084	6.277969837188721	28.6138973236084	6.04195156483911e-05	1.420685887336731	0.021780600771307945	0
8	255	inverse_hidden	random_sphere	8	27.803607940673828	8.812932968139648	27.803607940673828	7.410965190501884e-05	1.4027916193008423	0.026233647018671036	0
9	63	centered_logit	proposal	8	0.9875125288963318	0.9875125288963318	0.0915892943739891	0.43954628705978394	0.03866991028189659	0.035049960017204285	1
9	127	centered_logit	proposal	8	0.7113692760467529	0.7113692760467529	0.07188963890075684	0.8035056591033936	0.025392506271600723	0.021938884630799294	1
9	191	centered_logit	proposal	8	0.6336888670921326	0.6336888670921326	0.06712300330400467	0.5486381649971008	0.033174265176057816	0.026787083595991135	1
9	255	centered_logit	proposal	8	0.7525410652160645	0.7525410652160645	0.07082213461399078	0.8040858507156372	0.03537604212760925	0.030001211911439896	1
9	63	centered_logit	canonical_perturbation	8	1.688312292098999	1.688312292098999	0.13182875514030457	0.09206689149141312	0.038924556225538254	0.035049960017204285	0
9	127	centered_logit	canonical_perturbation	8	0.7046908140182495	0.7046908140182495	0.09766200184822083	0.5731826424598694	0.026043271645903587	0.021938884630799294	1
9	191	centered_logit	canonical_perturbation	8	0.8520746231079102	0.8520746231079102	0.11733707785606384	0.4978986382484436	0.032531071454286575	0.026787083595991135	1
9	255	centered_logit	canonical_perturbation	8	1.2023866176605225	1.2023866176605225	0.1555904895067215	0.46429187059402466	0.03488795459270477	0.030001211911439896	1
9	63	centered_logit	random_sphere	8	6.079598903656006	6.079598903656006	32.01569366455078	0.0009042678284458816	1.3808339834213257	0.035049960017204285	0
9	127	centered_logit	random_sphere	8	2.772336483001709	2.772336483001709	28.945070266723633	9.898623102344573e-05	1.4240434169769287	0.021938884630799294	0
9	191	centered_logit	random_sphere	8	8.879487991333008	8.879487991333008	29.300174713134766	0.0003936510474886745	1.4432742595672607	0.026787083595991135	0
9	255	centered_logit	random_sphere	8	9.590471267700195	9.590471267700195	29.437185287475586	0.00018234991875942796	1.3813732862472534	0.030001211911439896	0
9	63	inverse_hidden	proposal	8	0.005641919560730457	8.40668773651123	0.005641919560730457	0.0012487532803788781	0.033136822283267975	0.035049960017204285	0
9	127	inverse_hidden	proposal	8	0.0058779362589120865	1.4484069347381592	0.0058779362589120865	0.0661165863275528	0.020183587446808815	0.021938884630799294	1
9	191	inverse_hidden	proposal	8	0.008367178030312061	10.39757251739502	0.008367178030312061	0.00034647766733542085	0.025616440922021866	0.026787083595991135	0
9	255	inverse_hidden	proposal	8	0.00696526700630784	11.553417205810547	0.00696526700630784	3.19379469146952e-05	0.02899547852575779	0.030001211911439896	0
9	63	inverse_hidden	canonical_perturbation	8	0.12730860710144043	9.010591506958008	0.12730860710144043	2.897086596931331e-05	0.03173854574561119	0.035049960017204285	0
9	127	inverse_hidden	canonical_perturbation	8	0.013373378664255142	1.7633835077285767	0.013373378664255142	0.019362667575478554	0.02052672766149044	0.021938884630799294	1
9	191	inverse_hidden	canonical_perturbation	8	0.0244127344340086	6.498274326324463	0.0244127344340086	0.012278560549020767	0.02446514181792736	0.026787083595991135	1
9	255	inverse_hidden	canonical_perturbation	8	0.05350212752819061	10.033254623413086	0.05350212752819061	0.0008073222707025707	0.027615921571850777	0.030001211911439896	0
9	63	inverse_hidden	random_sphere	8	31.888320922851562	6.794399738311768	31.888320922851562	0.0005071117775514722	1.3822208642959595	0.035049960017204285	0
9	127	inverse_hidden	random_sphere	8	28.930103302001953	3.040719985961914	28.930103302001953	6.481393938884139e-05	1.4248591661453247	0.021938884630799294	0
9	191	inverse_hidden	random_sphere	8	29.285144805908203	9.744417190551758	29.285144805908203	0.00021878430561628193	1.4429599046707153	0.026787083595991135	0
9	255	inverse_hidden	random_sphere	8	29.41684341430664	10.504840850830078	29.41684341430664	9.96678791125305e-05	1.3805865049362183	0.030001211911439896	0
8	63	centered_logit	proposal	16	0.5865651369094849	0.5865651369094849	0.12216439098119736	0.9074504375457764	0.04218972101807594	0.03429992124438286	1
8	127	centered_logit	proposal	16	0.5806025266647339	0.5806025266647339	0.14957231283187866	0.933923602104187	0.04529142007231712	0.036894965916872025	1
8	191	centered_logit	proposal	16	0.9524132013320923	0.9524132013320923	0.1526353806257248	1.3394595043791924e-05	0.03285609185695648	0.021780600771307945	0
8	255	centered_logit	proposal	16	0.5039820075035095	0.5039820075035095	0.0933387503027916	0.9123263359069824	0.03824358060956001	0.026233647018671036	1
8	63	centered_logit	canonical_perturbation	16	0.8593168258666992	0.8593168258666992	0.20791079103946686	0.534873366355896	0.047811027616262436	0.03429992124438286	1
8	127	centered_logit	canonical_perturbation	16	0.8053009510040283	0.8053009510040283	0.25800126791000366	0.6282167434692383	0.04879603907465935	0.036894965916872025	1
8	191	centered_logit	canonical_perturbation	16	0.7824006080627441	0.7824006080627441	0.133681058883667	0.00011449727026047185	0.03361945226788521	0.021780600771307945	0
8	255	centered_logit	canonical_perturbation	16	0.8080452084541321	0.8080452084541321	0.19361945986747742	0.5319646596908569	0.0387522391974926	0.026233647018671036	1
8	63	centered_logit	random_sphere	16	4.568066120147705	4.568066120147705	29.752182006835938	0.0016115402104333043	1.4431662559509277	0.03429992124438286	0
8	127	centered_logit	random_sphere	16	6.132961273193359	6.132961273193359	28.457311630249023	0.000163546486874111	1.3828095197677612	0.036894965916872025	0
8	191	centered_logit	random_sphere	16	5.0049309730529785	5.0049309730529785	28.65682601928711	7.130602898541838e-05	1.4236245155334473	0.021780600771307945	0
8	255	centered_logit	random_sphere	16	7.200068473815918	7.200068473815918	27.846864700317383	0.000236778607359156	1.4029484987258911	0.026233647018671036	0
8	63	inverse_hidden	proposal	16	0.003054978558793664	2.46710467338562	0.003054978558793664	0.8646894097328186	0.033028412610292435	0.03429992124438286	1
8	127	inverse_hidden	proposal	16	0.0046425326727330685	3.9609785079956055	0.0046425326727330685	0.8650938868522644	0.03532732278108597	0.036894965916872025	1
8	191	inverse_hidden	proposal	16	0.003165395697578788	2.271883010864258	0.003165395697578788	0.3605128824710846	0.02077425830066204	0.021780600771307945	1
8	255	inverse_hidden	proposal	16	0.004238820634782314	4.444725036621094	0.004238820634782314	0.20716559886932373	0.025092734023928642	0.026233647018671036	1
8	63	inverse_hidden	canonical_perturbation	16	0.05190790072083473	5.555596828460693	0.05190790072083473	0.004412637557834387	0.032402992248535156	0.03429992124438286	1
8	127	inverse_hidden	canonical_perturbation	16	0.05150967463850975	4.478395462036133	0.05150967463850975	0.02692531980574131	0.034551095217466354	0.036894965916872025	1
8	191	inverse_hidden	canonical_perturbation	16	0.008835680782794952	2.540769100189209	0.008835680782794952	0.010396008379757404	0.022826936095952988	0.021780600771307945	0
8	255	inverse_hidden	canonical_perturbation	16	0.010444984771311283	5.031839847564697	0.010444984771311283	0.2534469664096832	0.023641230538487434	0.026233647018671036	1
8	63	inverse_hidden	random_sphere	16	29.646831512451172	5.790139675140381	29.646831512451172	0.0005190524389036	1.4454896450042725	0.03429992124438286	0
8	127	inverse_hidden	random_sphere	16	28.361190795898438	7.624983787536621	28.361190795898438	4.808962330571376e-05	1.3821014165878296	0.036894965916872025	0
8	191	inverse_hidden	random_sphere	16	28.594533920288086	6.281979560852051	28.594533920288086	6.025794573361054e-05	1.4194252490997314	0.021780600771307945	0
8	255	inverse_hidden	random_sphere	16	27.791645050048828	8.831705093383789	27.791645050048828	7.221970008686185e-05	1.4017072916030884	0.026233647018671036	0
9	63	centered_logit	proposal	16	0.7515143752098083	0.7515143752098083	0.14783623814582825	0.6895488500595093	0.0426788404583931	0.035049960017204285	1
9	127	centered_logit	proposal	16	0.46292662620544434	0.46292662620544434	0.0900784507393837	0.985141396522522	0.0287469569593668	0.021938884630799294	1
9	191	centered_logit	proposal	16	0.5407024025917053	0.5407024025917053	0.10201798379421234	0.812638521194458	0.03790790215134621	0.026787083595991135	1
9	255	centered_logit	proposal	16	0.5261576175689697	0.5261576175689697	0.08952464908361435	0.9444049596786499	0.03984706103801727	0.030001211911439896	1
9	63	centered_logit	canonical_perturbation	16	0.9977231025695801	0.9977231025695801	0.1966765969991684	0.4253281354904175	0.04720514267683029	0.035049960017204285	1
9	127	centered_logit	canonical_perturbation	16	0.43058404326438904	0.43058404326438904	0.09041185677051544	0.9923449158668518	0.031023556366562843	0.021938884630799294	1
9	191	centered_logit	canonical_perturbation	16	0.6910885572433472	0.6910885572433472	0.21075020730495453	0.615463376045227	0.03936212137341499	0.026787083595991135	1
9	255	centered_logit	canonical_perturbation	16	0.8025301694869995	0.8025301694869995	0.21962420642375946	0.5916767120361328	0.0421607568860054	0.030001211911439896	1
9	63	centered_logit	random_sphere	16	5.455214023590088	5.455214023590088	32.10260772705078	0.0015343744307756424	1.3801169395446777	0.035049960017204285	0
9	127	centered_logit	random_sphere	16	2.5329532623291016	2.5329532623291016	28.9551944732666	0.00015451392391696572	1.4234262704849243	0.021938884630799294	0
9	191	centered_logit	random_sphere	16	8.04556655883789	8.04556655883789	29.29525375366211	0.0007001851336099207	1.4426164627075195	0.026787083595991135	0
9	255	centered_logit	random_sphere	16	8.74879264831543	8.74879264831543	29.4449405670166	0.00032081117387861013	1.3807896375656128	0.030001211911439896	0
9	63	inverse_hidden	proposal	16	0.003965348936617374	4.058599948883057	0.003965348936617374	0.6552512645721436	0.03327396139502525	0.035049960017204285	1
9	127	inverse_hidden	proposal	16	0.002986573614180088	1.6097332239151	0.002986573614180088	0.5747408270835876	0.02013019099831581	0.021938884630799294	1
9	191	inverse_hidden	proposal	16	0.0048602609895169735	2.9541208744049072	0.0048602609895169735	0.4548008441925049	0.025488385930657387	0.026787083595991135	1
9	255	inverse_hidden	proposal	16	0.0037323415745049715	3.9374630451202393	0.0037323415745049715	0.4984399080276489	0.028721485286951065	0.030001211911439896	1
9	63	inverse_hidden	canonical_perturbation	16	0.03647904843091965	6.839656829833984	0.03647904843091965	0.0017595338867977262	0.032687216997146606	0.035049960017204285	0
9	127	inverse_hidden	canonical_perturbation	16	0.009372608736157417	1.3951854705810547	0.009372608736157417	0.2794201970100403	0.02224697358906269	0.021938884630799294	1
9	191	inverse_hidden	canonical_perturbation	16	0.017116587609052658	9.695128440856934	0.017116587609052658	0.004693418275564909	0.024956559762358665	0.026787083595991135	1
9	255	inverse_hidden	canonical_perturbation	16	0.031441397964954376	7.638524532318115	0.031441397964954376	0.0029129227623343468	0.029148133471608162	0.030001211911439896	0
9	63	inverse_hidden	random_sphere	16	31.847749710083008	6.82880973815918	31.847749710083008	0.0004913483862765133	1.382689118385315	0.035049960017204285	0
9	127	inverse_hidden	random_sphere	16	28.922531127929688	3.032034397125244	28.922531127929688	6.724539707647637e-05	1.4250227212905884	0.021938884630799294	0
9	191	inverse_hidden	random_sphere	16	29.26498031616211	9.72331428527832	29.26498031616211	0.00022026116494089365	1.4421465396881104	0.026787083595991135	0
9	255	inverse_hidden	random_sphere	16	29.398656845092773	10.535064697265625	29.398656845092773	9.81155171757564e-05	1.379228115081787	0.030001211911439896	0
8	63	centered_logit	proposal	24	0.49320709705352783	0.49320709705352783	0.12304051965475082	0.9699066281318665	0.04453938826918602	0.03429992124438286	1
8	127	centered_logit	proposal	24	0.4994773864746094	0.4994773864746094	0.17104388773441315	0.9715784192085266	0.04787079989910126	0.036894965916872025	1
8	191	centered_logit	proposal	24	0.8737869262695312	0.8737869262695312	0.1858128160238266	0.0001655632077017799	0.036509718745946884	0.021780600771307945	0
8	255	centered_logit	proposal	24	0.4075722098350525	0.4075722098350525	0.09542368352413177	0.9796491265296936	0.04178236052393913	0.026233647018671036	1
8	63	centered_logit	canonical_perturbation	24	0.7298839092254639	0.7298839092254639	0.26191121339797974	0.7534326910972595	0.05230090022087097	0.03429992124438286	1
8	127	centered_logit	canonical_perturbation	24	0.6606532335281372	0.6606532335281372	0.24610832333564758	0.85616135597229	0.05281219631433487	0.036894965916872025	1
8	191	centered_logit	canonical_perturbation	24	0.6777960062026978	0.6777960062026978	0.14258474111557007	0.0005337718175724149	0.03754781559109688	0.021780600771307945	0
8	255	centered_logit	canonical_perturbation	24	0.6495258808135986	0.6495258808135986	0.20084430277347565	0.7496111989021301	0.042224984616041183	0.026233647018671036	1
8	63	centered_logit	random_sphere	24	4.060181617736816	4.060181617736816	29.803625106811523	0.0026754429563879967	1.4424548149108887	0.03429992124438286	0
8	127	centered_logit	random_sphere	24	5.486872673034668	5.486872673034668	28.4948787689209	0.00029039918445050716	1.3820164203643799	0.036894965916872025	0
8	191	centered_logit	random_sphere	24	4.46125602722168	4.46125602722168	28.674484252929688	7.153767364798114e-05	1.424373984336853	0.021780600771307945	0
8	255	centered_logit	random_sphere	24	6.497798919677734	6.497798919677734	27.8748722076416	0.00040515096043236554	1.4024882316589355	0.026233647018671036	0
8	63	inverse_hidden	proposal	24	0.0019283803412690759	1.907847285270691	0.0019283803412690759	0.9816309809684753	0.03264346346259117	0.03429992124438286	1
8	127	inverse_hidden	proposal	24	0.0025697792880237103	2.775686740875244	0.0025697792880237103	0.708436131477356	0.03500612825155258	0.036894965916872025	1
8	191	inverse_hidden	proposal	24	0.0022552297450602055	2.608931064605713	0.0022552297450602055	0.8423781394958496	0.02032497152686119	0.021780600771307945	1
8	255	inverse_hidden	proposal	24	0.0028350697830319405	6.843754768371582	0.0028350697830319405	0.07660485804080963	0.02465435303747654	0.026233647018671036	1
8	63	inverse_hidden	canonical_perturbation	24	0.0262351855635643	8.302245140075684	0.0262351855635643	0.0028018797747790813	0.03342469781637192	0.03429992124438286	0
8	127	inverse_hidden	canonical_perturbation	24	0.02557186223566532	7.4926886558532715	0.02557186223566532	0.00182655721437186	0.03514328971505165	0.036894965916872025	0
8	191	inverse_hidden	canonical_perturbation	24	0.007422890979796648	2.899354934692383	0.007422890979796648	0.4480224847793579	0.02256319858133793	0.021780600771307945	1
8	255	inverse_hidden	canonical_perturbation	24	0.006316361017525196	4.110488414764404	0.006316361017525196	0.8483510613441467	0.022878680378198624	0.026233647018671036	1
8	63	inverse_hidden	random_sphere	24	29.63973617553711	5.795741081237793	29.63973617553711	0.0005129490746185184	1.4459311962127686	0.03429992124438286	0
8	127	inverse_hidden	random_sphere	24	28.338623046875	7.62697172164917	28.338623046875	4.8013007472036406e-05	1.3806289434432983	0.036894965916872025	0
8	191	inverse_hidden	random_sphere	24	28.577112197875977	6.286233901977539	28.577112197875977	6.0145110182929784e-05	1.4182922840118408	0.021780600771307945	0
8	255	inverse_hidden	random_sphere	24	27.779664993286133	8.85113525390625	27.779664993286133	7.026593812042847e-05	1.4005345106124878	0.026233647018671036	0
9	63	centered_logit	proposal	24	0.6387252807617188	0.6387252807617188	0.15788014233112335	0.874748945236206	0.04530191421508789	0.035049960017204285	1
9	127	centered_logit	proposal	24	0.3557792901992798	0.3557792901992798	0.09803750365972519	0.9977164268493652	0.03143148869276047	0.021938884630799294	1
9	191	centered_logit	proposal	24	0.44028985500335693	0.44028985500335693	0.11563509702682495	0.9230257272720337	0.040673255920410156	0.026787083595991135	1
9	255	centered_logit	proposal	24	0.43925172090530396	0.43925172090530396	0.0953684151172638	0.9832803010940552	0.04269611835479736	0.030001211911439896	1
9	63	centered_logit	canonical_perturbation	24	0.8323206305503845	0.8323206305503845	0.2934994399547577	0.627546489238739	0.05269778519868851	0.035049960017204285	1
9	127	centered_logit	canonical_perturbation	24	0.30171871185302734	0.30171871185302734	0.09084255248308182	0.9994670748710632	0.034891705960035324	0.021938884630799294	1
9	191	centered_logit	canonical_perturbation	24	0.5563263893127441	0.5563263893127441	0.1978718489408493	0.8390197157859802	0.042750898748636246	0.026787083595991135	1
9	255	centered_logit	canonical_perturbation	24	0.6455565690994263	0.6455565690994263	0.23356468975543976	0.8416077494621277	0.04658133164048195	0.030001211911439896	1
9	63	centered_logit	random_sphere	24	4.890080451965332	4.890080451965332	32.194862365722656	0.002546680858358741	1.3794400691986084	0.035049960017204285	0
9	127	centered_logit	random_sphere	24	2.3286919593811035	2.3286919593811035	28.965728759765625	0.00023653479001950473	1.4228770732879639	0.021938884630799294	0
9	191	centered_logit	random_sphere	24	7.273622035980225	7.273622035980225	29.2941951751709	0.0012131060939282179	1.4418293237686157	0.026787083595991135	0
9	255	centered_logit	random_sphere	24	7.966681480407715	7.966681480407715	29.459239959716797	0.0005508952308446169	1.3802671432495117	0.030001211911439896	0
9	63	inverse_hidden	proposal	24	0.002296963008120656	3.7818994522094727	0.002296963008120656	0.9670140743255615	0.03310812637209892	0.035049960017204285	1
9	127	inverse_hidden	proposal	24	0.0017755154985934496	1.5693573951721191	0.0017755154985934496	0.8757039308547974	0.01981453038752079	0.021938884630799294	1
9	191	inverse_hidden	proposal	24	0.002628432121127844	4.580267429351807	0.002628432121127844	0.543752133846283	0.024761274456977844	0.026787083595991135	1
9	255	inverse_hidden	proposal	24	0.0023539490066468716	6.955097198486328	0.0023539490066468716	0.21750792860984802	0.02821819670498371	0.030001211911439896	1
9	63	inverse_hidden	canonical_perturbation	24	0.03942666947841644	5.689704418182373	0.03942666947841644	0.004980831872671843	0.03407662361860275	0.035049960017204285	1
9	127	inverse_hidden	canonical_perturbation	24	0.005123752634972334	1.7748420238494873	0.005123752634972334	0.587369978427887	0.021579783409833908	0.021938884630799294	1
9	191	inverse_hidden	canonical_perturbation	24	0.009131260216236115	5.641666412353516	0.009131260216236115	0.4384763538837433	0.024704385548830032	0.026787083595991135	1
9	255	inverse_hidden	canonical_perturbation	24	0.018904929980635643	9.734458923339844	0.018904929980635643	0.004137344658374786	0.029841454699635506	0.030001211911439896	1
9	63	inverse_hidden	random_sphere	24	31.811464309692383	6.8631591796875	31.811464309692383	0.00047557492507621646	1.3829861879348755	0.035049960017204285	0
9	127	inverse_hidden	random_sphere	24	28.915210723876953	3.025590419769287	28.915210723876953	6.93854526616633e-05	1.4251667261123657	0.021938884630799294	0
9	191	inverse_hidden	random_sphere	24	29.248977661132812	9.709128379821777	29.248977661132812	0.00022015010472387075	1.4414924383163452	0.026787083595991135	0
9	255	inverse_hidden	random_sphere	24	29.380855560302734	10.565207481384277	29.380855560302734	9.660649084253237e-05	1.3779277801513672	0.030001211911439896	0
8	63	centered_logit	proposal	40	0.3616913855075836	0.3616913855075836	0.108063243329525	0.9967622756958008	0.047349363565444946	0.03429992124438286	1
8	127	centered_logit	proposal	40	0.3641127347946167	0.3641127347946167	0.1315959095954895	0.9977141618728638	0.05075202137231827	0.036894965916872025	1
8	191	centered_logit	proposal	40	0.6985920071601868	0.6985920071601868	0.16277240216732025	0.00016744619642850012	0.03986767679452896	0.021780600771307945	0
8	255	centered_logit	proposal	40	0.284602552652359	0.284602552652359	0.09320200234651566	0.9965150356292725	0.0453578345477581	0.026233647018671036	1
8	63	centered_logit	canonical_perturbation	40	0.5409858226776123	0.5409858226776123	0.25093433260917664	0.960121750831604	0.05633049085736275	0.03429992124438286	1
8	127	centered_logit	canonical_perturbation	40	0.5080335140228271	0.5080335140228271	0.25817933678627014	0.9755943417549133	0.056894537061452866	0.036894965916872025	1
8	191	centered_logit	canonical_perturbation	40	0.5374314188957214	0.5374314188957214	0.13636331260204315	0.0022078738547861576	0.04110781103372574	0.021780600771307945	0
8	255	centered_logit	canonical_perturbation	40	0.48757436871528625	0.48757436871528625	0.20531906187534332	0.9250780940055847	0.04604403302073479	0.026233647018671036	1
8	63	centered_logit	random_sphere	40	3.228391170501709	3.228391170501709	29.917551040649414	0.0066524408757686615	1.441124677658081	0.03429992124438286	0
8	127	centered_logit	random_sphere	40	4.395135402679443	4.395135402679443	28.586181640625	0.0008450274472124875	1.380415916442871	0.036894965916872025	0
8	191	centered_logit	random_sphere	40	3.5618929862976074	3.5618929862976074	28.717761993408203	5.4071322665549815e-05	1.4256092309951782	0.021780600771307945	0
8	255	centered_logit	random_sphere	40	5.291810989379883	5.291810989379883	27.953386306762695	0.0010974564356729388	1.4014668464660645	0.026233647018671036	0
8	63	inverse_hidden	proposal	40	0.0009425474563613534	1.2724732160568237	0.0009425474563613534	0.9996926784515381	0.032013118267059326	0.03429992124438286	1
8	127	inverse_hidden	proposal	40	0.0012480063596740365	1.4229484796524048	0.0012480063596740365	0.9986306428909302	0.03407058119773865	0.036894965916872025	1
8	191	inverse_hidden	proposal	40	0.0008867437136359513	1.8614158630371094	0.0008867437136359513	0.9906971454620361	0.018209245055913925	0.021780600771307945	1
8	255	inverse_hidden	proposal	40	0.0012099066516384482	1.1919585466384888	0.0012099066516384482	0.9756594896316528	0.02318742126226425	0.026233647018671036	1
8	63	inverse_hidden	canonical_perturbation	40	0.013836314901709557	5.574375152587891	0.013836314901709557	0.1238255426287651	0.03256576880812645	0.03429992124438286	1
8	127	inverse_hidden	canonical_perturbation	40	0.012900118716061115	5.293240070343018	0.012900118716061115	0.06728407740592957	0.035102635622024536	0.036894965916872025	1
8	191	inverse_hidden	canonical_perturbation	40	0.003170846262946725	2.5447373390197754	0.003170846262946725	0.9047756791114807	0.019767004996538162	0.021780600771307945	1
8	255	inverse_hidden	canonical_perturbation	40	0.003033793531358242	2.6889946460723877	0.003033793531358242	0.9734260439872742	0.018829140812158585	0.026233647018671036	1
8	63	inverse_hidden	random_sphere	40	29.62771987915039	5.809937000274658	29.62771987915039	0.0005059048417024314	1.44624924659729	0.03429992124438286	0
8	127	inverse_hidden	random_sphere	40	28.29393768310547	7.618566513061523	28.29393768310547	4.876980892731808e-05	1.3774192333221436	0.036894965916872025	0
8	191	inverse_hidden	random_sphere	40	28.548858642578125	6.291278839111328	28.548858642578125	6.0143222071928903e-05	1.416486144065857	0.021780600771307945	0
8	255	inverse_hidden	random_sphere	40	27.755001068115234	8.888601303100586	27.755001068115234	6.61184240016155e-05	1.398108720779419	0.026233647018671036	0
9	63	centered_logit	proposal	40	0.48091596364974976	0.48091596364974976	0.1416470855474472	0.9817793965339661	0.04791563004255295	0.035049960017204285	1
9	127	centered_logit	proposal	40	0.23175111413002014	0.23175111413002014	0.09292272478342056	0.9998030066490173	0.03493142127990723	0.021938884630799294	1
9	191	centered_logit	proposal	40	0.3370121419429779	0.3370121419429779	0.11312542855739594	0.9881603717803955	0.04350164905190468	0.026787083595991135	1
9	255	centered_logit	proposal	40	0.3070927858352661	0.3070927858352661	0.09124816209077835	0.9967963099479675	0.04530072584748268	0.030001211911439896	1
9	63	centered_logit	canonical_perturbation	40	0.5660907626152039	0.5660907626152039	0.2414044290781021	0.9537029266357422	0.057716045528650284	0.035049960017204285	1
9	127	centered_logit	canonical_perturbation	40	0.17271515727043152	0.17271515727043152	0.09216390550136566	0.9999566078186035	0.03955809399485588	0.021938884630799294	1
9	191	centered_logit	canonical_perturbation	40	0.4157768487930298	0.4157768487930298	0.19374965131282806	0.9659912586212158	0.0467526912689209	0.026787083595991135	1
9	255	centered_logit	canonical_perturbation	40	0.45264309644699097	0.45264309644699097	0.21633434295654297	0.9766810536384583	0.051642175763845444	0.030001211911439896	1
9	63	centered_logit	random_sphere	40	3.9372923374176025	3.9372923374176025	32.384193420410156	0.0064474125392735004	1.3782334327697754	0.035049960017204285	0
9	127	centered_logit	random_sphere	40	2.0033535957336426	2.0033535957336426	28.981456756591797	0.0005239444435574114	1.4222197532653809	0.021938884630799294	0
9	191	centered_logit	random_sphere	40	5.922618389129639	5.922618389129639	29.303789138793945	0.0033460489939898252	1.440024495124817	0.026787083595991135	0
9	255	centered_logit	random_sphere	40	6.589389801025391	6.589389801025391	29.505128860473633	0.001512634800747037	1.3792154788970947	0.030001211911439896	0
9	63	inverse_hidden	proposal	40	0.0012724599801003933	1.5149595737457275	0.0012724599801003933	0.9995260238647461	0.032089464366436005	0.035049960017204285	1
9	127	inverse_hidden	proposal	40	0.0007162460242398083	0.9697504639625549	0.0007162460242398083	0.9983928799629211	0.018040208145976067	0.021938884630799294	1
9	191	inverse_hidden	proposal	40	0.0011374711757525802	2.228264331817627	0.0011374711757525802	0.9932628273963928	0.023443929851055145	0.026787083595991135	1
9	255	inverse_hidden	proposal	40	0.0010071673896163702	2.7632570266723633	0.0010071673896163702	0.9786643981933594	0.02654709294438362	0.030001211911439896	1
9	63	inverse_hidden	canonical_perturbation	40	0.017350247129797935	4.301361560821533	0.017350247129797935	0.09087564796209335	0.03380192071199417	0.035049960017204285	1
9	127	inverse_hidden	canonical_perturbation	40	0.002976617543026805	1.2562036514282227	0.002976617543026805	0.9360382556915283	0.018011754378676414	0.021938884630799294	1
9	191	inverse_hidden	canonical_perturbation	40	0.0046592834405601025	5.356440544128418	0.0046592834405601025	0.6602652668952942	0.02100358158349991	0.026787083595991135	1
9	255	inverse_hidden	canonical_perturbation	40	0.008811352774500847	8.220197677612305	0.008811352774500847	0.0533517524600029	0.027554042637348175	0.030001211911439896	1
9	63	inverse_hidden	random_sphere	40	31.749780654907227	6.917795181274414	31.749780654907227	0.0004525983822531998	1.3833897113800049	0.035049960017204285	0
9	127	inverse_hidden	random_sphere	40	28.899898529052734	3.0159876346588135	28.899898529052734	7.289752829819918e-05	1.4252711534500122	0.021938884630799294	0
9	191	inverse_hidden	random_sphere	40	29.226058959960938	9.685554504394531	29.226058959960938	0.00021861671120859683	1.4405648708343506	0.026787083595991135	0
9	255	inverse_hidden	random_sphere	40	29.344558715820312	10.615179061889648	29.344558715820312	9.422894800081849e-05	1.3753846883773804	0.030001211911439896	0
10	63	centered_logit	proposal	0	5.030180931091309	5.030180931091309	0.0324614942073822	0.07251464575529099	0.027499647811055183	0.027499647811055183	1
10	127	centered_logit	proposal	0	3.3091273307800293	3.3091273307800293	0.04703638702630997	0.10784055292606354	0.02831585332751274	0.02831585332751274	1
10	191	centered_logit	proposal	0	4.349583148956299	4.349583148956299	0.02680257335305214	0.48996061086654663	0.029181815683841705	0.029181815683841705	1
10	255	centered_logit	proposal	0	2.1125540733337402	2.1125540733337402	0.02853626199066639	0.12027259916067123	0.020927950739860535	0.020927950739860535	1
10	63	centered_logit	canonical_perturbation	0	7.678836822509766	7.678836822509766	0.24771107733249664	0.002831995952874422	0.027499651536345482	0.027499647811055183	0
10	127	centered_logit	canonical_perturbation	0	3.528541088104248	3.528541088104248	0.32117319107055664	0.0021381687838584185	0.02831585332751274	0.02831585332751274	1
10	191	centered_logit	canonical_perturbation	0	8.352055549621582	8.352055549621582	0.448678582906723	0.0008891924517229199	0.029181815683841705	0.029181815683841705	0
10	255	centered_logit	canonical_perturbation	0	1.9217826128005981	1.9217826128005981	0.10641685873270035	0.0031136185862123966	0.020927950739860535	0.020927950739860535	0
10	63	centered_logit	random_sphere	0	8.61466121673584	8.61466121673584	33.069889068603516	0.0003738542727660388	1.4331163167953491	0.027499647811055183	0
10	127	centered_logit	random_sphere	0	2.291384696960449	2.291384696960449	32.20539855957031	4.4375403376761824e-05	1.4187405109405518	0.02831585332751274	0
10	191	centered_logit	random_sphere	0	12.162920951843262	12.162920951843262	31.396398544311523	1.749450348143e-05	1.3948640823364258	0.029181815683841705	0
10	255	centered_logit	random_sphere	0	2.5253543853759766	2.5253543853759766	30.74095916748047	0.00024385374854318798	1.4404038190841675	0.020927950739860535	0
10	63	inverse_hidden	proposal	0	0.0324614942073822	5.030180931091309	0.0324614942073822	0.07251464575529099	0.027499647811055183	0.027499647811055183	1
10	127	inverse_hidden	proposal	0	0.04703638702630997	3.3091273307800293	0.04703638702630997	0.10784055292606354	0.02831585332751274	0.02831585332751274	1
10	191	inverse_hidden	proposal	0	0.02680257335305214	4.349583148956299	0.02680257335305214	0.48996061086654663	0.029181815683841705	0.029181815683841705	1
10	255	inverse_hidden	proposal	0	0.02853626199066639	2.1125540733337402	0.02853626199066639	0.12027259916067123	0.020927950739860535	0.020927950739860535	1
10	63	inverse_hidden	canonical_perturbation	0	0.24771107733249664	7.678836822509766	0.24771107733249664	0.002831995952874422	0.027499651536345482	0.027499647811055183	0
10	127	inverse_hidden	canonical_perturbation	0	0.32117319107055664	3.528541088104248	0.32117319107055664	0.0021381687838584185	0.02831585332751274	0.02831585332751274	1
10	191	inverse_hidden	canonical_perturbation	0	0.448678582906723	8.352055549621582	0.448678582906723	0.0008891924517229199	0.029181815683841705	0.029181815683841705	0
10	255	inverse_hidden	canonical_perturbation	0	0.10641685873270035	1.9217826128005981	0.10641685873270035	0.0031136185862123966	0.020927950739860535	0.020927950739860535	0
10	63	inverse_hidden	random_sphere	0	33.069889068603516	8.61466121673584	33.069889068603516	0.0003738542727660388	1.4331163167953491	0.027499647811055183	0
10	127	inverse_hidden	random_sphere	0	32.20539855957031	2.291384696960449	32.20539855957031	4.4375403376761824e-05	1.4187405109405518	0.02831585332751274	0
10	191	inverse_hidden	random_sphere	0	31.396398544311523	12.162920951843262	31.396398544311523	1.749450348143e-05	1.3948640823364258	0.029181815683841705	0
10	255	inverse_hidden	random_sphere	0	30.74095916748047	2.5253543853759766	30.74095916748047	0.00024385374854318798	1.4404038190841675	0.020927950739860535	0
11	63	centered_logit	proposal	0	1.670491337776184	1.670491337776184	0.032650817185640335	0.2548794746398926	0.03516967222094536	0.03516967222094536	1
11	127	centered_logit	proposal	0	4.003176212310791	4.003176212310791	0.05544157326221466	0.08863330632448196	0.024285532534122467	0.024285532534122467	1
11	191	centered_logit	proposal	0	4.742783546447754	4.742783546447754	0.052286580204963684	0.256732702255249	0.022059649229049683	0.022059649229049683	1
11	255	centered_logit	proposal	0	2.916593551635742	2.916593551635742	0.05786857753992081	0.2675541937351227	0.02224973402917385	0.02224973402917385	1
11	63	centered_logit	canonical_perturbation	0	3.185100555419922	3.185100555419922	0.28541481494903564	0.0007962661329656839	0.03516967222094536	0.03516967222094536	0
11	127	centered_logit	canonical_perturbation	0	6.019993782043457	6.019993782043457	0.17308703064918518	0.002337594050914049	0.024285532534122467	0.024285532534122467	1
11	191	centered_logit	canonical_perturbation	0	4.82139778137207	4.82139778137207	0.057378627359867096	0.07202325016260147	0.022059651091694832	0.022059649229049683	1
11	255	centered_logit	canonical_perturbation	0	3.714963912963867	3.714963912963867	0.07509958744049072	0.01934388466179371	0.022249732166528702	0.02224973402917385	1
11	63	centered_logit	random_sphere	0	5.270845890045166	5.270845890045166	29.375286102294922	3.013050627487246e-05	1.4230347871780396	0.03516967222094536	0
11	127	centered_logit	random_sphere	0	9.08860969543457	9.08860969543457	29.667558670043945	0.00020494881027843803	1.4463409185409546	0.024285532534122467	0
11	191	centered_logit	random_sphere	0	8.766450881958008	8.766450881958008	27.25748634338379	9.892194793792441e-05	1.3892160654067993	0.022059649229049683	0
11	255	centered_logit	random_sphere	0	5.777005195617676	5.777005195617676	26.742839813232422	0.00011980440467596054	1.3951317071914673	0.02224973402917385	0
11	63	inverse_hidden	proposal	0	0.032650817185640335	1.670491337776184	0.032650817185640335	0.2548794746398926	0.03516967222094536	0.03516967222094536	1
11	127	inverse_hidden	proposal	0	0.05544157326221466	4.003176212310791	0.05544157326221466	0.08863330632448196	0.024285532534122467	0.024285532534122467	1
11	191	inverse_hidden	proposal	0	0.052286580204963684	4.742783546447754	0.052286580204963684	0.256732702255249	0.022059649229049683	0.022059649229049683	1
11	255	inverse_hidden	proposal	0	0.05786857753992081	2.916593551635742	0.05786857753992081	0.2675541937351227	0.02224973402917385	0.02224973402917385	1
11	63	inverse_hidden	canonical_perturbation	0	0.28541481494903564	3.185100555419922	0.28541481494903564	0.0007962661329656839	0.03516967222094536	0.03516967222094536	0
11	127	inverse_hidden	canonical_perturbation	0	0.17308703064918518	6.019993782043457	0.17308703064918518	0.002337594050914049	0.024285532534122467	0.024285532534122467	1
11	191	inverse_hidden	canonical_perturbation	0	0.057378627359867096	4.82139778137207	0.057378627359867096	0.07202325016260147	0.022059651091694832	0.022059649229049683	1
11	255	inverse_hidden	canonical_perturbation	0	0.07509958744049072	3.714963912963867	0.07509958744049072	0.01934388466179371	0.022249732166528702	0.02224973402917385	1
11	63	inverse_hidden	random_sphere	0	29.375286102294922	5.270845890045166	29.375286102294922	3.013050627487246e-05	1.4230347871780396	0.03516967222094536	0
11	127	inverse_hidden	random_sphere	0	29.667558670043945	9.08860969543457	29.667558670043945	0.00020494881027843803	1.4463409185409546	0.024285532534122467	0
11	191	inverse_hidden	random_sphere	0	27.25748634338379	8.766450881958008	27.25748634338379	9.892194793792441e-05	1.3892160654067993	0.022059649229049683	0
11	255	inverse_hidden	random_sphere	0	26.742839813232422	5.777005195617676	26.742839813232422	0.00011980440467596054	1.3951317071914673	0.02224973402917385	0
10	63	centered_logit	proposal	1	2.8446969985961914	2.8446969985961914	0.03717898577451706	0.19720080494880676	0.027927005663514137	0.027499647811055183	1
10	127	centered_logit	proposal	1	2.8420071601867676	2.8420071601867676	0.02990821748971939	0.0003226496046409011	0.02840225026011467	0.02831585332751274	0
10	191	centered_logit	proposal	1	2.5859153270721436	2.5859153270721436	0.022685056552290916	0.4857335090637207	0.02961449883878231	0.029181815683841705	1
10	255	centered_logit	proposal	1	2.82142972946167	2.82142972946167	0.03735314682126045	0.0002836619969457388	0.020894579589366913	0.020927950739860535	0
10	63	centered_logit	canonical_perturbation	1	6.133927345275879	6.133927345275879	0.20132747292518616	0.010615265928208828	0.027502942830324173	0.027499647811055183	1
10	127	centered_logit	canonical_perturbation	1	2.894928455352783	2.894928455352783	0.3646869361400604	0.0020552854984998703	0.0286604855209589	0.02831585332751274	0
10	191	centered_logit	canonical_perturbation	1	7.158357620239258	7.158357620239258	0.41787102818489075	0.0023485186975449324	0.029070481657981873	0.029181815683841705	0
10	255	centered_logit	canonical_perturbation	1	1.3847479820251465	1.3847479820251465	0.10061250627040863	0.00809982605278492	0.021213803440332413	0.020927950739860535	1
10	63	centered_logit	random_sphere	1	8.516069412231445	8.516069412231445	33.07072448730469	0.00040071012335829437	1.4329878091812134	0.027499647811055183	0
10	127	centered_logit	random_sphere	1	2.2688140869140625	2.2688140869140625	32.20494079589844	4.490248466026969e-05	1.418868064880371	0.02831585332751274	0
10	191	centered_logit	random_sphere	1	12.037300109863281	12.037300109863281	31.3962459564209	1.898306072689593e-05	1.3947480916976929	0.029181815683841705	0
10	255	centered_logit	random_sphere	1	2.4894232749938965	2.4894232749938965	30.738916397094727	0.00025551000726409256	1.4402694702148438	0.020927950739860535	0
10	63	inverse_hidden	proposal	1	0.03681761026382446	7.536812782287598	0.03681761026382446	0.002609343733638525	0.027022674679756165	0.027499647811055183	0
10	127	inverse_hidden	proposal	1	0.026327045634388924	4.595781326293945	0.026327045634388924	8.062897541094571e-05	0.02797582559287548	0.02831585332751274	0
10	191	inverse_hidden	proposal	1	0.035581495612859726	8.926328659057617	0.035581495612859726	0.0010416326113045216	0.028779583051800728	0.029181815683841705	0
10	255	inverse_hidden	proposal	1	0.0247240848839283	3.3017146587371826	0.0247240848839283	9.698341455077752e-05	0.020244237035512924	0.020927950739860535	0
10	63	inverse_hidden	canonical_perturbation	1	0.11873216927051544	7.4942779541015625	0.11873216927051544	0.004752063658088446	0.026853179559111595	0.027499647811055183	1
10	127	inverse_hidden	canonical_perturbation	1	0.17436760663986206	3.5549440383911133	0.17436760663986206	0.005643142387270927	0.027722958475351334	0.02831585332751274	1
10	191	inverse_hidden	canonical_perturbation	1	0.2326025366783142	8.26911735534668	0.2326025366783142	0.0011870532762259245	0.02846616506576538	0.029181815683841705	0
10	255	inverse_hidden	canonical_perturbation	1	0.03624546527862549	2.03464937210083	0.03624546527862549	0.0054746996611356735	0.020291978493332863	0.020927950739860535	1
10	63	inverse_hidden	random_sphere	1	33.0684700012207	8.61345100402832	33.0684700012207	0.00037411242374219	1.4332269430160522	0.027499647811055183	0
10	127	inverse_hidden	random_sphere	1	32.20254898071289	2.2918965816497803	32.20254898071289	4.438246105564758e-05	1.4186623096466064	0.02831585332751274	0
10	191	inverse_hidden	random_sphere	1	31.39363670349121	12.161428451538086	31.39363670349121	1.7526577721582726e-05	1.3946870565414429	0.029181815683841705	0
10	255	inverse_hidden	random_sphere	1	30.738231658935547	2.523564577102661	30.738231658935547	0.0002439539966871962	1.4403043985366821	0.020927950739860535	0
11	63	centered_logit	proposal	1	1.5528967380523682	1.5528967380523682	0.03510395437479019	0.13025203347206116	0.035463083535432816	0.03516967222094536	1
11	127	centered_logit	proposal	1	2.2655527591705322	2.2655527591705322	0.057772666215896606	0.28969457745552063	0.025083087384700775	0.024285532534122467	1
11	191	centered_logit	proposal	1	3.009716510772705	3.009716510772705	0.05193883553147316	0.4260421395301819	0.022706640884280205	0.022059649229049683	1
11	255	centered_logit	proposal	1	1.9502383470535278	1.9502383470535278	0.05650779604911804	0.37025079131126404	0.022754358127713203	0.02224973402917385	1
11	63	centered_logit	canonical_perturbation	1	2.5773422718048096	2.5773422718048096	0.2557257115840912	0.0024809802416712046	0.03503720089793205	0.03516967222094536	0
11	127	centered_logit	canonical_perturbation	1	4.360348701477051	4.360348701477051	0.14143963158130646	0.01330301258713007	0.024367546662688255	0.024285532534122467	1
11	191	centered_logit	canonical_perturbation	1	3.0938491821289062	3.0938491821289062	0.08948136121034622	0.2585204839706421	0.022291146218776703	0.022059649229049683	1
11	255	centered_logit	canonical_perturbation	1	2.243602991104126	2.243602991104126	0.07544887065887451	0.14810802042484283	0.022480433806777	0.02224973402917385	1
11	63	centered_logit	random_sphere	1	5.206578254699707	5.206578254699707	29.37596893310547	3.2184510928345844e-05	1.4229710102081299	0.03516967222094536	0
11	127	centered_logit	random_sphere	1	8.98303508758545	8.98303508758545	29.668182373046875	0.00021978802396915853	1.4462677240371704	0.024285532534122467	0
11	191	centered_logit	random_sphere	1	8.65516471862793	8.65516471862793	27.258174896240234	0.00010706533794291317	1.3890987634658813	0.022059649229049683	0
11	255	centered_logit	random_sphere	1	5.702212333679199	5.702212333679199	26.74425506591797	0.00012775381037499756	1.395068645477295	0.02224973402917385	0
11	63	inverse_hidden	proposal	1	0.04742458090186119	2.749518871307373	0.04742458090186119	0.0019879646133631468	0.03504710644483566	0.03516967222094536	0
11	127	inverse_hidden	proposal	1	0.02489267662167549	4.404907703399658	0.02489267662167549	0.0424666628241539	0.024079976603388786	0.024285532534122467	1
11	191	inverse_hidden	proposal	1	0.036166541278362274	5.724128246307373	0.036166541278362274	0.001066294964402914	0.021459592506289482	0.022059649229049683	0
11	255	inverse_hidden	proposal	1	0.02965957298874855	3.2094433307647705	0.02965957298874855	0.007015366572886705	0.021501870825886726	0.02224973402917385	0
11	63	inverse_hidden	canonical_perturbation	1	0.14541380107402802	3.1814849376678467	0.14541380107402802	0.0012095618294551969	0.034379441291093826	0.03516967222094536	0
11	127	inverse_hidden	canonical_perturbation	1	0.07597093284130096	6.009887218475342	0.07597093284130096	0.004594055004417896	0.02366921491920948	0.024285532534122467	0
11	191	inverse_hidden	canonical_perturbation	1	0.0332152433693409	8.38698959350586	0.0332152433693409	0.0002662610786501318	0.021647609770298004	0.022059649229049683	0
11	255	inverse_hidden	canonical_perturbation	1	0.030264005064964294	5.951505661010742	0.030264005064964294	0.0005058604292571545	0.02183927781879902	0.02224973402917385	0
11	63	inverse_hidden	random_sphere	1	29.373815536499023	5.271197319030762	29.373815536499023	3.008234671142418e-05	1.4230523109436035	0.03516967222094536	0
11	127	inverse_hidden	random_sphere	1	29.666479110717773	9.089569091796875	29.666479110717773	0.00020491864415816963	1.4462751150131226	0.024285532534122467	0
11	191	inverse_hidden	random_sphere	1	27.253894805908203	8.765439987182617	27.253894805908203	9.882961603580043e-05	1.3892425298690796	0.022059649229049683	0
11	255	inverse_hidden	random_sphere	1	26.74150848388672	5.777318000793457	26.74150848388672	0.00011985379387624562	1.3950260877609253	0.02224973402917385	0
10	63	centered_logit	proposal	2	1.7764054536819458	1.7764054536819458	0.0357886478304863	0.21896305680274963	0.028474459424614906	0.027499647811055183	1
10	127	centered_logit	proposal	2	1.8054730892181396	1.8054730892181396	0.04606928303837776	0.0003772331401705742	0.028737608343362808	0.02831585332751274	0
10	191	centered_logit	proposal	2	1.321678638458252	1.321678638458252	0.026461908593773842	0.7016966938972473	0.03009732998907566	0.029181815683841705	1
10	255	centered_logit	proposal	2	1.5848731994628906	1.5848731994628906	0.03686470910906792	0.0031665146816521883	0.021424880251288414	0.020927950739860535	0
10	63	centered_logit	canonical_perturbation	2	4.559920787811279	4.559920787811279	0.1504034548997879	0.04377749189734459	0.027782130986452103	0.027499647811055183	1
10	127	centered_logit	canonical_perturbation	2	2.4037985801696777	2.4037985801696777	0.3694494962692261	0.0022513745352625847	0.029198087751865387	0.02831585332751274	0
10	191	centered_logit	canonical_perturbation	2	5.944228649139404	5.944228649139404	0.3525502383708954	0.006813713349401951	0.02920466847717762	0.029181815683841705	1
10	255	centered_logit	canonical_perturbation	2	0.9718871712684631	0.9718871712684631	0.07361461967229843	0.030091842636466026	0.021682439371943474	0.020927950739860535	1
10	63	centered_logit	random_sphere	2	8.418217658996582	8.418217658996582	33.0716438293457	0.0004293808015063405	1.4328593015670776	0.027499647811055183	0
10	127	centered_logit	random_sphere	2	2.24664306640625	2.24664306640625	32.204429626464844	4.5431839680531994e-05	1.4189850091934204	0.02831585332751274	0
10	191	centered_logit	random_sphere	2	11.912407875061035	11.912407875061035	31.39626121520996	2.0586661776178516e-05	1.3946477174758911	0.029181815683841705	0
10	255	centered_logit	random_sphere	2	2.4541540145874023	2.4541540145874023	30.7369327545166	0.0002676691801752895	1.4401335716247559	0.020927950739860535	0
10	63	inverse_hidden	proposal	2	0.014384087175130844	5.061026573181152	0.014384087175130844	0.030350079759955406	0.02675161138176918	0.027499647811055183	0
10	127	inverse_hidden	proposal	2	0.010397468693554401	4.367727279663086	0.010397468693554401	0.004192764405161142	0.027770530432462692	0.02831585332751274	0
10	191	inverse_hidden	proposal	2	0.012824197299778461	5.98832893371582	0.012824197299778461	0.015694499015808105	0.028447164222598076	0.029181815683841705	1
10	255	inverse_hidden	proposal	2	0.008441881276667118	1.5417102575302124	0.008441881276667118	0.10364510864019394	0.01978435181081295	0.020927950739860535	1
10	63	inverse_hidden	canonical_perturbation	2	0.05581418424844742	8.290157318115234	0.05581418424844742	0.0022455977741628885	0.026422152295708656	0.027499647811055183	0
10	127	inverse_hidden	canonical_perturbation	2	0.09456197917461395	3.4316091537475586	0.09456197917461395	0.01527390256524086	0.027293505147099495	0.02831585332751274	1
10	191	inverse_hidden	canonical_perturbation	2	0.10961415618658066	8.422415733337402	0.10961415618658066	0.001362371607683599	0.02800127863883972	0.029181815683841705	0
10	255	inverse_hidden	canonical_perturbation	2	0.03232404217123985	4.247162818908691	0.03232404217123985	0.00014213267422746867	0.01996147446334362	0.020927950739860535	0
10	63	inverse_hidden	random_sphere	2	33.067073822021484	8.612360000610352	33.067073822021484	0.0003744252026081085	1.4333336353302002	0.027499647811055183	0
10	127	inverse_hidden	random_sphere	2	32.199825286865234	2.2924013137817383	32.199825286865234	4.438314135768451e-05	1.4185845851898193	0.02831585332751274	0
10	191	inverse_hidden	random_sphere	2	31.390840530395508	12.159948348999023	31.390840530395508	1.7553418729221448e-05	1.3945101499557495	0.029181815683841705	0
10	255	inverse_hidden	random_sphere	2	30.73551368713379	2.5218124389648438	30.73551368713379	0.00024406389275100082	1.440205454826355	0.020927950739860535	0
11	63	centered_logit	proposal	2	0.887747049331665	0.887747049331665	0.03889307379722595	0.5094565153121948	0.035686708986759186	0.03516967222094536	1
11	127	centered_logit	proposal	2	1.7040889263153076	1.7040889263153076	0.08569672703742981	0.21885725855827332	0.026145385578274727	0.024285532534122467	1
11	191	centered_logit	proposal	2	1.9506652355194092	1.9506652355194092	0.05639631673693657	0.5433521270751953	0.023581556975841522	0.022059649229049683	1
11	255	centered_logit	proposal	2	1.3400356769561768	1.3400356769561768	0.04602270573377609	0.23209013044834137	0.0235070139169693	0.02224973402917385	1
11	63	centered_logit	canonical_perturbation	2	2.025822877883911	2.025822877883911	0.2041991502046585	0.009226695634424686	0.03510003909468651	0.03516967222094536	0
11	127	centered_logit	canonical_perturbation	2	3.0028367042541504	3.0028367042541504	0.11123651266098022	0.07517873495817184	0.024804767221212387	0.024285532534122467	1
11	191	centered_logit	canonical_perturbation	2	2.1151363849639893	2.1151363849639893	0.09094555675983429	0.49001094698905945	0.02275175414979458	0.022059649229049683	1
11	255	centered_logit	canonical_perturbation	2	1.4742069244384766	1.4742069244384766	0.06457722187042236	0.4410327672958374	0.022983457893133163	0.02224973402917385	1
11	63	centered_logit	random_sphere	2	5.143021106719971	5.143021106719971	29.376789093017578	3.435780672589317e-05	1.4229011535644531	0.03516967222094536	0
11	127	centered_logit	random_sphere	2	8.878244400024414	8.878244400024414	29.668926239013672	0.00023560640693176538	1.4461942911148071	0.024285532534122467	0
11	191	centered_logit	random_sphere	2	8.54473876953125	8.54473876953125	27.25897789001465	0.00011583328159758821	1.3889832496643066	0.022059649229049683	0
11	255	centered_logit	random_sphere	2	5.628218650817871	5.628218650817871	26.74576759338379	0.00013620669778902084	1.3950059413909912	0.02224973402917385	0
11	63	inverse_hidden	proposal	2	0.01712270826101303	2.605245351791382	0.01712270826101303	0.003739528125151992	0.03491644933819771	0.03516967222094536	0
11	127	inverse_hidden	proposal	2	0.018220126628875732	3.6240668296813965	0.018220126628875732	0.10725124180316925	0.023779302835464478	0.024285532534122467	1
11	191	inverse_hidden	proposal	2	0.015519279055297375	4.710124969482422	0.015519279055297375	0.002663339488208294	0.021018510684370995	0.022059649229049683	0
11	255	inverse_hidden	proposal	2	0.016315091401338577	2.6497747898101807	0.016315091401338577	0.08769632875919342	0.020857740193605423	0.02224973402917385	0
11	63	inverse_hidden	canonical_perturbation	2	0.07489077001810074	3.6338541507720947	0.07489077001810074	0.00098900543525815	0.033752601593732834	0.03516967222094536	0
11	127	inverse_hidden	canonical_perturbation	2	0.03842496871948242	8.103433609008789	0.03842496871948242	0.0012443575542420149	0.023400837555527687	0.024285532534122467	0
11	191	inverse_hidden	canonical_perturbation	2	0.037676796317100525	9.352508544921875	0.037676796317100525	0.00012637463805731386	0.02123020403087139	0.022059649229049683	0
11	255	inverse_hidden	canonical_perturbation	2	0.04181666299700737	6.773283958435059	0.04181666299700737	0.00042804196709766984	0.02136334590613842	0.02224973402917385	0
11	63	inverse_hidden	random_sphere	2	29.37238121032715	5.27156925201416	29.37238121032715	3.0034154406166635e-05	1.4230681657791138	0.03516967222094536	0
11	127	inverse_hidden	random_sphere	2	29.665416717529297	9.090559959411621	29.665416717529297	0.0002048769238172099	1.4462087154388428	0.024285532534122467	0
11	191	inverse_hidden	random_sphere	2	27.250385284423828	8.764680862426758	27.250385284423828	9.87377788987942e-05	1.3892524242401123	0.022059649229049683	0
11	255	inverse_hidden	random_sphere	2	26.740190505981445	5.777549743652344	26.740190505981445	0.00011990271741524339	1.3949201107025146	0.02224973402917385	0
10	63	centered_logit	proposal	4	1.0604233741760254	1.0604233741760254	0.03771455958485603	0.2321305274963379	0.02991064265370369	0.027499647811055183	0
10	127	centered_logit	proposal	4	1.2626620531082153	1.2626620531082153	0.03836802393198013	0.0020000541117042303	0.029660377651453018	0.02831585332751274	0
10	191	centered_logit	proposal	4	0.8802319765090942	0.8802319765090942	0.039272453635931015	0.6967836618423462	0.031216902658343315	0.029181815683841705	1
10	255	centered_logit	proposal	4	1.14780855178833	1.14780855178833	0.04361719265580177	0.38080739974975586	0.022770734503865242	0.020927950739860535	1
10	63	centered_logit	canonical_perturbation	4	2.2990219593048096	2.2990219593048096	0.08877042680978775	0.30451637506484985	0.028857242316007614	0.027499647811055183	1
10	127	centered_logit	canonical_perturbation	4	1.6237695217132568	1.6237695217132568	0.2992675006389618	0.00344564625993371	0.03070952743291855	0.02831585332751274	1
10	191	centered_logit	canonical_perturbation	4	3.3468477725982666	3.3468477725982666	0.20108993351459503	0.07880868017673492	0.030246127396821976	0.029181815683841705	1
10	255	centered_logit	canonical_perturbation	4	0.8902050256729126	0.8902050256729126	0.05233873054385185	0.16833600401878357	0.023093348369002342	0.020927950739860535	1
10	63	centered_logit	random_sphere	4	8.224786758422852	8.224786758422852	33.07371520996094	0.0004926068359054625	1.4326015710830688	0.027499647811055183	0
10	127	centered_logit	random_sphere	4	2.2035024166107178	2.2035024166107178	32.20325469970703	4.652764619095251e-05	1.4192121028900146	0.02831585332751274	0
10	191	centered_logit	random_sphere	4	11.664865493774414	11.664865493774414	31.39666175842285	2.4178207240765914e-05	1.394463062286377	0.029181815683841705	0
10	255	centered_logit	random_sphere	4	2.3856372833251953	2.3856372833251953	30.733142852783203	0.00029348666430450976	1.4398565292358398	0.020927950739860535	0
10	63	inverse_hidden	proposal	4	0.018277093768119812	5.12796688079834	0.018277093768119812	0.02358725294470787	0.02647838369011879	0.027499647811055183	0
10	127	inverse_hidden	proposal	4	0.014744731597602367	2.242457389831543	0.014744731597602367	0.04645445942878723	0.027633365243673325	0.02831585332751274	1
10	191	inverse_hidden	proposal	4	0.017652878537774086	4.978494644165039	0.017652878537774086	0.01926785334944725	0.028122788295149803	0.029181815683841705	0
10	255	inverse_hidden	proposal	4	0.006639240309596062	1.492871642112732	0.006639240309596062	0.002822604263201356	0.01917375810444355	0.020927950739860535	0
10	63	inverse_hidden	canonical_perturbation	4	0.06503976881504059	10.986113548278809	0.06503976881504059	0.00029785477090626955	0.0258321650326252	0.027499647811055183	0
10	127	inverse_hidden	canonical_perturbation	4	0.05901854485273361	3.793853759765625	0.05901854485273361	0.0002606008783914149	0.02688455954194069	0.02831585332751274	0
10	191	inverse_hidden	canonical_perturbation	4	0.056916743516922	11.961089134216309	0.056916743516922	5.6757759011816233e-05	0.02755036950111389	0.029181815683841705	0
10	255	inverse_hidden	canonical_perturbation	4	0.04848698526620865	3.8971211910247803	0.04848698526620865	0.00018218548211734742	0.019477123394608498	0.020927950739860535	0
10	63	inverse_hidden	random_sphere	4	33.064395904541016	8.60963249206543	33.064395904541016	0.0003751743643078953	1.4335474967956543	0.027499647811055183	0
10	127	inverse_hidden	random_sphere	4	32.194461822509766	2.293381452560425	32.194461822509766	4.437806273926981e-05	1.4184315204620361	0.02831585332751274	0
10	191	inverse_hidden	random_sphere	4	31.38541603088379	12.157425880432129	31.38541603088379	1.7606618712306954e-05	1.39415442943573	0.029181815683841705	0
10	255	inverse_hidden	random_sphere	4	30.730249404907227	2.5185160636901855	30.730249404907227	0.0002443505800329149	1.4400131702423096	0.020927950739860535	0
11	63	centered_logit	proposal	4	0.8040737509727478	0.8040737509727478	0.05284731090068817	0.6488834619522095	0.035975370556116104	0.03516967222094536	1
11	127	centered_logit	proposal	4	1.1747318506240845	1.1747318506240845	0.08880564570426941	0.36433717608451843	0.028334571048617363	0.024285532534122467	1
11	191	centered_logit	proposal	4	1.1502797603607178	1.1502797603607178	0.08220472931861877	0.5573468804359436	0.02594059705734253	0.022059649229049683	1
11	255	centered_logit	proposal	4	0.8915104269981384	0.8915104269981384	0.05905875563621521	0.5613584518432617	0.025113917887210846	0.02224973402917385	1
11	63	centered_logit	canonical_perturbation	4	1.2563652992248535	1.2563652992248535	0.1187896803021431	0.17772938311100006	0.035667382180690765	0.03516967222094536	1
11	127	centered_logit	canonical_perturbation	4	1.8822932243347168	1.8822932243347168	0.0995892807841301	0.36686012148857117	0.02650401182472706	0.024285532534122467	1
11	191	centered_logit	canonical_perturbation	4	1.172234058380127	1.172234058380127	0.08141603320837021	0.7460976839065552	0.02435288019478321	0.022059649229049683	1
11	255	centered_logit	canonical_perturbation	4	0.9848918914794922	0.9848918914794922	0.07944617420434952	0.5852675437927246	0.02476859837770462	0.02224973402917385	1
11	63	centered_logit	random_sphere	4	5.018093109130859	5.018093109130859	29.378877639770508	3.908410872099921e-05	1.4227579832077026	0.03516967222094536	0
11	127	centered_logit	random_sphere	4	8.671075820922852	8.671075820922852	29.670808792114258	0.0002704506041482091	1.4460475444793701	0.024285532534122467	0
11	191	centered_logit	random_sphere	4	8.326525688171387	8.326525688171387	27.260974884033203	0.0001354265696136281	1.3887523412704468	0.022059649229049683	0
11	255	centered_logit	random_sphere	4	5.4826836585998535	5.4826836585998535	26.749109268188477	0.00015478463319595903	1.394881010055542	0.02224973402917385	0
11	63	inverse_hidden	proposal	4	0.022489944472908974	3.004103183746338	0.022489944472908974	0.0020774828735738993	0.034892499446868896	0.03516967222094536	0
11	127	inverse_hidden	proposal	4	0.011758199892938137	7.586282730102539	0.011758199892938137	0.0014503077836707234	0.023593176156282425	0.024285532534122467	0
11	191	inverse_hidden	proposal	4	0.012631712481379509	4.636631011962891	0.012631712481379509	0.03369975835084915	0.02062205970287323	0.022059649229049683	0
11	255	inverse_hidden	proposal	4	0.007667952682822943	6.293003082275391	0.007667952682822943	0.00010976733756251633	0.02027147449553013	0.02224973402917385	0
11	63	inverse_hidden	canonical_perturbation	4	0.07593866437673569	5.097934722900391	0.07593866437673569	0.00018879906565416604	0.03280894085764885	0.03516967222094536	0
11	127	inverse_hidden	canonical_perturbation	4	0.06254945695400238	9.53123950958252	0.06254945695400238	0.00040444941259920597	0.022922854870557785	0.024285532534122467	0
11	191	inverse_hidden	canonical_perturbation	4	0.018587911501526833	9.626289367675781	0.018587911501526833	0.0002394099865341559	0.020669514313340187	0.022059649229049683	0
11	255	inverse_hidden	canonical_perturbation	4	0.025416525080800056	6.7269134521484375	0.025416525080800056	0.0006076174322515726	0.020673980936408043	0.02224973402917385	0
11	63	inverse_hidden	random_sphere	4	29.36956787109375	5.272073745727539	29.36956787109375	2.9939390515210107e-05	1.4230889081954956	0.03516967222094536	0
11	127	inverse_hidden	random_sphere	4	29.66337013244629	9.092891693115234	29.66337013244629	0.00020478702208492905	1.446075439453125	0.024285532534122467	0
11	191	inverse_hidden	random_sphere	4	27.243383407592773	8.762970924377441	27.243383407592773	9.85711085377261e-05	1.389256238937378	0.022059649229049683	0
11	255	inverse_hidden	random_sphere	4	26.737531661987305	5.777750015258789	26.737531661987305	0.00012000267452094704	1.3947057723999023	0.02224973402917385	0
10	63	centered_logit	proposal	8	0.799936830997467	0.799936830997467	0.06931488960981369	0.3200126886367798	0.033127494156360626	0.027499647811055183	1
10	127	centered_logit	proposal	8	0.8974937200546265	0.8974937200546265	0.07512753456830978	0.006228248588740826	0.03137638792395592	0.02831585332751274	0
10	191	centered_logit	proposal	8	0.7296621203422546	0.7296621203422546	0.05601745843887329	0.6345247626304626	0.033736974000930786	0.029181815683841705	1
10	255	centered_logit	proposal	8	0.9092270135879517	0.9092270135879517	0.05716168135404587	0.6474352478981018	0.025111181661486626	0.020927950739860535	1
10	63	centered_logit	canonical_perturbation	8	1.2697224617004395	1.2697224617004395	0.11381814628839493	0.5299604535102844	0.03269551694393158	0.027499647811055183	1
10	127	centered_logit	canonical_perturbation	8	1.1954408884048462	1.1954408884048462	0.16965599358081818	0.001915919128805399	0.03424740955233574	0.02831585332751274	0
10	191	centered_logit	canonical_perturbation	8	1.4106608629226685	1.4106608629226685	0.11804298311471939	0.46634846925735474	0.03405183181166649	0.029181815683841705	1
10	255	centered_logit	canonical_perturbation	8	0.6587228775024414	0.6587228775024414	0.11352802813053131	0.3519138693809509	0.02633059397339821	0.020927950739860535	1
10	63	centered_logit	random_sphere	8	7.847369194030762	7.847369194030762	33.078712463378906	0.0006459977594204247	1.4320776462554932	0.027499647811055183	0
10	127	centered_logit	random_sphere	8	2.1219301223754883	2.1219301223754883	32.200504302978516	4.891369098913856e-05	1.419616460800171	0.02831585332751274	0
10	191	centered_logit	random_sphere	8	11.17916488647461	11.17916488647461	31.398731231689453	3.317511800560169e-05	1.3941062688827515	0.029181815683841705	0
10	255	centered_logit	random_sphere	8	2.2568740844726562	2.2568740844726562	30.726150512695312	0.00035175972152501345	1.4392966032028198	0.020927950739860535	0
10	63	inverse_hidden	proposal	8	0.012266403064131737	10.80744743347168	0.012266403064131737	2.0558509277179837e-05	0.02620423026382923	0.027499647811055183	0
10	127	inverse_hidden	proposal	8	0.013278222642838955	2.894984245300293	0.013278222642838955	1.9249540855525993e-05	0.02771439403295517	0.02831585332751274	0
10	191	inverse_hidden	proposal	8	0.00960509479045868	11.145050048828125	0.00960509479045868	0.0002538826665841043	0.02802394889295101	0.029181815683841705	0
10	255	inverse_hidden	proposal	8	0.005477037746459246	3.965775966644287	0.005477037746459246	8.183861791621894e-05	0.018561916425824165	0.020927950739860535	0
10	63	inverse_hidden	canonical_perturbation	8	0.05702114477753639	11.461501121520996	0.05702114477753639	0.00043166769319213927	0.02555106021463871	0.027499647811055183	0
10	127	inverse_hidden	canonical_perturbation	8	0.07635720074176788	3.292114734649658	0.07635720074176788	0.00016912825230974704	0.02695838361978531	0.02831585332751274	0
10	191	inverse_hidden	canonical_perturbation	8	0.10284550487995148	12.712505340576172	0.10284550487995148	7.315853144973516e-05	0.02741018868982792	0.029181815683841705	0
10	255	inverse_hidden	canonical_perturbation	8	0.01448045950382948	1.785489797592163	0.01448045950382948	0.016656480729579926	0.01964910700917244	0.020927950739860535	1
10	63	inverse_hidden	random_sphere	8	33.059226989746094	8.604530334472656	33.059226989746094	0.00037635062471963465	1.433988332748413	0.027499647811055183	0
10	127	inverse_hidden	random_sphere	8	32.18406295776367	2.2954609394073486	32.18406295776367	4.43913449998945e-05	1.4181369543075562	0.02831585332751274	0
10	191	inverse_hidden	random_sphere	8	31.375019073486328	12.151680946350098	31.375019073486328	1.7715556168695912e-05	1.3934507369995117	0.029181815683841705	0
10	255	inverse_hidden	random_sphere	8	30.72014617919922	2.5121285915374756	30.72014617919922	0.0002451261680107564	1.439620018005371	0.020927950739860535	0
11	63	centered_logit	proposal	8	0.627519965171814	0.627519965171814	0.0652284100651741	0.7264469861984253	0.03659965470433235	0.03516967222094536	1
11	127	centered_logit	proposal	8	0.8573120832443237	0.8573120832443237	0.0817006528377533	0.5951055288314819	0.03218039870262146	0.024285532534122467	1
11	191	centered_logit	proposal	8	0.8403836488723755	0.8403836488723755	0.09655894339084625	0.7319058775901794	0.030792605131864548	0.022059649229049683	1
11	255	centered_logit	proposal	8	0.6590200662612915	0.6590200662612915	0.07511721551418304	0.7492873072624207	0.028198184445500374	0.02224973402917385	1
11	63	centered_logit	canonical_perturbation	8	0.8935723304748535	0.8935723304748535	0.12272009253501892	0.6543719172477722	0.03805699199438095	0.03516967222094536	1
11	127	centered_logit	canonical_perturbation	8	1.0407342910766602	1.0407342910766602	0.146647647023201	0.5162177681922913	0.031341537833213806	0.024285532534122467	1
11	191	centered_logit	canonical_perturbation	8	0.7941563129425049	0.7941563129425049	0.10015198588371277	0.8028780817985535	0.02855096384882927	0.022059649229049683	1
11	255	centered_logit	canonical_perturbation	8	0.804797351360321	0.804797351360321	0.12975499033927917	0.5585663914680481	0.0286260973662138	0.02224973402917385	1
11	63	centered_logit	random_sphere	8	4.777270317077637	4.777270317077637	29.384849548339844	5.0284659664612263e-05	1.4224402904510498	0.03516967222094536	0
11	127	centered_logit	random_sphere	8	8.266818046569824	8.266818046569824	29.676057815551758	0.0003548082895576954	1.4457554817199707	0.024285532534122467	0
11	191	centered_logit	random_sphere	8	7.901101112365723	7.901101112365723	27.266645431518555	0.0001842541096266359	1.3882932662963867	0.022059649229049683	0
11	255	centered_logit	random_sphere	8	5.2017412185668945	5.2017412185668945	26.75678253173828	0.0001993511978071183	1.394631266593933	0.02224973402917385	0
11	63	inverse_hidden	proposal	8	0.011925348080694675	3.252894401550293	0.011925348080694675	0.005646717268973589	0.034388672560453415	0.03516967222094536	0
11	127	inverse_hidden	proposal	8	0.008867825381457806	10.395051002502441	0.008867825381457806	0.00013145887351129204	0.023345978930592537	0.024285532534122467	0
11	191	inverse_hidden	proposal	8	0.0111254146322608	10.11004638671875	0.0111254146322608	2.4938530259532854e-05	0.02064831182360649	0.022059649229049683	0
11	255	inverse_hidden	proposal	8	0.007520575076341629	8.177942276000977	0.007520575076341629	7.281205034814775e-05	0.01979753002524376	0.02224973402917385	0
11	63	inverse_hidden	canonical_perturbation	8	0.07698642462491989	5.2793707847595215	0.07698642462491989	0.00015469214122276753	0.03178920969367027	0.03516967222094536	0
11	127	inverse_hidden	canonical_perturbation	8	0.022002924233675003	9.704390525817871	0.022002924233675003	0.0017336009768769145	0.02262122556567192	0.024285532534122467	0
11	191	inverse_hidden	canonical_perturbation	8	0.013314621523022652	7.58322286605835	0.013314621523022652	0.014160682447254658	0.020357832312583923	0.022059649229049683	1
11	255	inverse_hidden	canonical_perturbation	8	0.020016629248857498	3.8642215728759766	0.020016629248857498	0.027297336608171463	0.020529218018054962	0.02224973402917385	1
11	63	inverse_hidden	random_sphere	8	29.363998413085938	5.272268295288086	29.363998413085938	2.975040661112871e-05	1.4231162071228027	0.03516967222094536	0
11	127	inverse_hidden	random_sphere	8	29.65972137451172	9.098956108093262	29.65972137451172	0.0002042812411673367	1.4458057880401611	0.024285532534122467	0
11	191	inverse_hidden	random_sphere	8	27.229413986206055	8.758317947387695	27.229413986206055	9.825429151533172e-05	1.3892215490341187	0.022059649229049683	0
11	255	inverse_hidden	random_sphere	8	26.73196029663086	5.778387069702148	26.73196029663086	0.00012012703518848866	1.3942644596099854	0.02224973402917385	0
10	63	centered_logit	proposal	16	0.6534265875816345	0.6534265875816345	0.09350023418664932	0.5760046243667603	0.03738207742571831	0.027499647811055183	1
10	127	centered_logit	proposal	16	0.7585980892181396	0.7585980892181396	0.10191770642995834	0.0451015867292881	0.03443479910492897	0.02831585332751274	1
10	191	centered_logit	proposal	16	0.6126074194908142	0.6126074194908142	0.0862906351685524	0.7776272892951965	0.03754039481282234	0.029181815683841705	1
10	255	centered_logit	proposal	16	0.6145282983779907	0.6145282983779907	0.07255728542804718	0.8931823372840881	0.02929077111184597	0.020927950739860535	1
10	63	centered_logit	canonical_perturbation	16	0.8430293798446655	0.8430293798446655	0.22629457712173462	0.581477701663971	0.04011734575033188	0.027499647811055183	1
10	127	centered_logit	canonical_perturbation	16	0.8639574646949768	0.8639574646949768	0.34579604864120483	0.020909234881401062	0.03943464159965515	0.02831585332751274	1
10	191	centered_logit	canonical_perturbation	16	0.792917788028717	0.792917788028717	0.21095333993434906	0.7010024785995483	0.04263456538319588	0.029181815683841705	1
10	255	centered_logit	canonical_perturbation	16	0.46219533681869507	0.46219533681869507	0.08658763021230698	0.9785361886024475	0.03105882927775383	0.020927950739860535	1
10	63	centered_logit	random_sphere	16	7.132556438446045	7.132556438446045	33.09184646606445	0.0010924332309514284	1.4309881925582886	0.027499647811055183	0
10	127	centered_logit	random_sphere	16	1.9759502410888672	1.9759502410888672	32.1930046081543	5.5006497859722e-05	1.4200578927993774	0.02831585332751274	0
10	191	centered_logit	random_sphere	16	10.248161315917969	10.248161315917969	31.407508850097656	6.129077519290149e-05	1.3933978080749512	0.029181815683841705	0
10	255	centered_logit	random_sphere	16	2.032644271850586	2.032644271850586	30.713777542114258	0.0004996121278963983	1.4381784200668335	0.020927950739860535	0
10	63	inverse_hidden	proposal	16	0.0041931429877877235	3.5347204208374023	0.0041931429877877235	0.7377634048461914	0.026671703904867172	0.027499647811055183	1
10	127	inverse_hidden	proposal	16	0.006578793749213219	1.88328218460083	0.006578793749213219	0.000997370108962059	0.027261627838015556	0.02831585332751274	0
10	191	inverse_hidden	proposal	16	0.0035236994735896587	5.309447765350342	0.0035236994735896587	0.46274128556251526	0.028017869219183922	0.029181815683841705	1
10	255	inverse_hidden	proposal	16	0.00260368874296546	1.214216709136963	0.00260368874296546	0.6367660164833069	0.018031399697065353	0.020927950739860535	1
10	63	inverse_hidden	canonical_perturbation	16	0.032118722796440125	7.809365749359131	0.032118722796440125	0.03126860409975052	0.027045268565416336	0.027499647811055183	1
10	127	inverse_hidden	canonical_perturbation	16	0.038001593202352524	2.1084935665130615	0.038001593202352524	0.14944517612457275	0.028699327260255814	0.02831585332751274	1
10	191	inverse_hidden	canonical_perturbation	16	0.030745187774300575	6.563217639923096	0.030745187774300575	0.07809976488351822	0.029131921008229256	0.029181815683841705	1
10	255	inverse_hidden	canonical_perturbation	16	0.012766609899699688	3.434063196182251	0.012766609899699688	0.003478222992271185	0.020917730405926704	0.020927950739860535	0
10	63	inverse_hidden	random_sphere	16	33.04911804199219	8.599555969238281	33.04911804199219	0.0003784111759159714	1.4348851442337036	0.027499647811055183	0
10	127	inverse_hidden	random_sphere	16	32.16482162475586	2.299870014190674	32.16482162475586	4.449535845196806e-05	1.4175664186477661	0.02831585332751274	0
10	191	inverse_hidden	random_sphere	16	31.35531234741211	12.137462615966797	31.35531234741211	1.7945259969565086e-05	1.3921351432800293	0.029181815683841705	0
10	255	inverse_hidden	random_sphere	16	30.701086044311523	2.499591827392578	30.701086044311523	0.0002467846206855029	1.438729166984558	0.020927950739860535	0
11	63	centered_logit	proposal	16	0.4817192554473877	0.4817192554473877	0.08338481932878494	0.9085120558738708	0.03855251520872116	0.03516967222094536	1
11	127	centered_logit	proposal	16	0.645453691482544	0.645453691482544	0.13087885081768036	0.68715500831604	0.03725611791014671	0.024285532534122467	1
11	191	centered_logit	proposal	16	0.6475583910942078	0.6475583910942078	0.1590842604637146	0.812838613986969	0.03705834224820137	0.022059649229049683	1
11	255	centered_logit	proposal	16	0.5179636478424072	0.5179636478424072	0.09138349443674088	0.8994019031524658	0.03302204608917236	0.02224973402917385	1
11	63	centered_logit	canonical_perturbation	16	0.5589091777801514	0.5589091777801514	0.16441559791564941	0.8606025576591492	0.043550360947847366	0.03516967222094536	1
11	127	centered_logit	canonical_perturbation	16	0.7309243083000183	0.7309243083000183	0.18405799567699432	0.669651448726654	0.038463715463876724	0.024285532534122467	1
11	191	centered_logit	canonical_perturbation	16	0.6687760353088379	0.6687760353088379	0.16420118510723114	0.8322104215621948	0.03404678404331207	0.022059649229049683	1
11	255	centered_logit	canonical_perturbation	16	0.6552013754844666	0.6552013754844666	0.16310930252075195	0.7863491177558899	0.033505264669656754	0.02224973402917385	1
11	63	centered_logit	random_sphere	16	4.333556175231934	4.333556175231934	29.403011322021484	8.150036592269316e-05	1.4216853380203247	0.03516967222094536	0
11	127	centered_logit	random_sphere	16	7.501342296600342	7.501342296600342	29.692005157470703	0.000600275699980557	1.445165991783142	0.024285532534122467	0
11	191	centered_logit	random_sphere	16	7.0972981452941895	7.0972981452941895	27.283985137939453	0.00033416622318327427	1.3873999118804932	0.022059649229049683	0
11	255	centered_logit	random_sphere	16	4.682164192199707	4.682164192199707	26.775562286376953	0.000325661530951038	1.3941229581832886	0.02224973402917385	0
11	63	inverse_hidden	proposal	16	0.004293515812605619	3.5089285373687744	0.004293515812605619	0.0023971903137862682	0.03410293534398079	0.03516967222094536	0
11	127	inverse_hidden	proposal	16	0.00457760039716959	3.7413558959960938	0.00457760039716959	0.44566017389297485	0.023343458771705627	0.024285532534122467	1
11	191	inverse_hidden	proposal	16	0.004862709436565638	6.624510765075684	0.004862709436565638	0.02847158908843994	0.02032431587576866	0.022059649229049683	0
11	255	inverse_hidden	proposal	16	0.0036334663163870573	2.0164947509765625	0.0036334663163870573	0.483735591173172	0.0193687342107296	0.02224973402917385	1
11	63	inverse_hidden	canonical_perturbation	16	0.04463423416018486	3.5117838382720947	0.04463423416018486	0.0034844756592065096	0.03247034177184105	0.03516967222094536	0
11	127	inverse_hidden	canonical_perturbation	16	0.012080834247171879	11.093156814575195	0.012080834247171879	0.0022358677815645933	0.02334887906908989	0.024285532534122467	0
11	191	inverse_hidden	canonical_perturbation	16	0.009105835109949112	4.6300811767578125	0.009105835109949112	0.571521520614624	0.02048364095389843	0.022059649229049683	1
11	255	inverse_hidden	canonical_perturbation	16	0.006899858824908733	4.109551429748535	0.006899858824908733	0.1894676387310028	0.02142702043056488	0.02224973402917385	1
11	63	inverse_hidden	random_sphere	16	29.35348129272461	5.271563529968262	29.35348129272461	2.943167055491358e-05	1.423171877861023	0.03516967222094536	0
11	127	inverse_hidden	random_sphere	16	29.653610229492188	9.110448837280273	29.653610229492188	0.00020235992269590497	1.4452372789382935	0.024285532534122467	0
11	191	inverse_hidden	random_sphere	16	27.202781677246094	8.744140625	27.202781677246094	9.805153240449727e-05	1.388993263244629	0.022059649229049683	0
11	255	inverse_hidden	random_sphere	16	26.72089195251465	5.78261661529541	26.72089195251465	0.00011996836110483855	1.3934041261672974	0.02224973402917385	0
10	63	centered_logit	proposal	24	0.5552855730056763	0.5552855730056763	0.1031658872961998	0.7857707738876343	0.039726365357637405	0.027499647811055183	1
10	127	centered_logit	proposal	24	0.6406822800636292	0.6406822800636292	0.10257896780967712	0.19007374346256256	0.03661445528268814	0.02831585332751274	1
10	191	centered_logit	proposal	24	0.5086715817451477	0.5086715817451477	0.09273158013820648	0.9170383214950562	0.039703574031591415	0.029181815683841705	1
10	255	centered_logit	proposal	24	0.5067960619926453	0.5067960619926453	0.07915130257606506	0.9562273025512695	0.031995996832847595	0.020927950739860535	1
10	63	centered_logit	canonical_perturbation	24	0.6913591623306274	0.6913591623306274	0.20578910410404205	0.7856226563453674	0.044012125581502914	0.027499647811055183	1
10	127	centered_logit	canonical_perturbation	24	0.6973406076431274	0.6973406076431274	0.23928244411945343	0.0893658995628357	0.04277980700135231	0.02831585332751274	1
10	191	centered_logit	canonical_perturbation	24	0.71085125207901	0.71085125207901	0.2888026237487793	0.737235963344574	0.04778643324971199	0.029181815683841705	1
10	255	centered_logit	canonical_perturbation	24	0.3322221636772156	0.3322221636772156	0.09199719876050949	0.9984208345413208	0.034820783883333206	0.020927950739860535	1
10	63	centered_logit	random_sphere	24	6.4739990234375	6.4739990234375	33.10926055908203	0.0018003862351179123	1.4298818111419678	0.027499647811055183	0
10	127	centered_logit	random_sphere	24	1.8494014739990234	1.8494014739990234	32.184261322021484	6.351795309456065e-05	1.4200077056884766	0.02831585332751274	0
10	191	centered_logit	random_sphere	24	9.375223159790039	9.375223159790039	31.42217254638672	0.00011056837684009224	1.3926870822906494	0.029181815683841705	0
10	255	centered_logit	random_sphere	24	1.8502182960510254	1.8502182960510254	30.702852249145508	0.0006960876053199172	1.4370555877685547	0.020927950739860535	0
10	63	inverse_hidden	proposal	24	0.0023736555594950914	3.8048641681671143	0.0023736555594950914	0.768075704574585	0.026455789804458618	0.027499647811055183	1
10	127	inverse_hidden	proposal	24	0.0032864725217223167	1.1451034545898438	0.0032864725217223167	0.17925086617469788	0.026970703154802322	0.02831585332751274	1
10	191	inverse_hidden	proposal	24	0.0029849172569811344	3.65427303314209	0.0029849172569811344	0.876063346862793	0.02795037254691124	0.029181815683841705	1
10	255	inverse_hidden	proposal	24	0.001825367333367467	1.0983664989471436	0.001825367333367467	0.9097638130187988	0.017596615478396416	0.020927950739860535	1
10	63	inverse_hidden	canonical_perturbation	24	0.019600804895162582	12.818611145019531	0.019600804895162582	0.000544328591786325	0.027377218008041382	0.027499647811055183	0
10	127	inverse_hidden	canonical_perturbation	24	0.0205351822078228	2.633687973022461	0.0205351822078228	0.0005720151821151376	0.028943080455064774	0.02831585332751274	0
10	191	inverse_hidden	canonical_perturbation	24	0.01783742383122444	9.16859245300293	0.01783742383122444	0.008345518261194229	0.029784373939037323	0.029181815683841705	1
10	255	inverse_hidden	canonical_perturbation	24	0.009447839111089706	1.028441309928894	0.009447839111089706	0.2707216739654541	0.02097713015973568	0.020927950739860535	1
10	63	inverse_hidden	random_sphere	24	33.03913879394531	8.597400665283203	33.03913879394531	0.0003805078158620745	1.4357033967971802	0.027499647811055183	0
10	127	inverse_hidden	random_sphere	24	32.147796630859375	2.30363392829895	32.147796630859375	4.468186671147123e-05	1.4170130491256714	0.02831585332751274	0
10	191	inverse_hidden	random_sphere	24	31.336444854736328	12.125066757202148	31.336444854736328	1.8170350813306868e-05	1.3909540176391602	0.029181815683841705	0
10	255	inverse_hidden	random_sphere	24	30.684810638427734	2.488844394683838	30.684810638427734	0.0002478802343830466	1.4378718137741089	0.020927950739860535	0
11	63	centered_logit	proposal	24	0.3938520848751068	0.3938520848751068	0.08986363559961319	0.9739365577697754	0.040108151733875275	0.03516967222094536	1
11	127	centered_logit	proposal	24	0.5211058855056763	0.5211058855056763	0.12376799434423447	0.90288907289505	0.040313296020030975	0.024285532534122467	1
11	191	centered_logit	proposal	24	0.5283685326576233	0.5283685326576233	0.15990407764911652	0.9232825040817261	0.04045621305704117	0.022059649229049683	1
11	255	centered_logit	proposal	24	0.40638935565948486	0.40638935565948486	0.10441843420267105	0.9656580686569214	0.03600882738828659	0.02224973402917385	1
11	63	centered_logit	canonical_perturbation	24	0.48791176080703735	0.48791176080703735	0.18682879209518433	0.9397671818733215	0.04762633144855499	0.03516967222094536	1
11	127	centered_logit	canonical_perturbation	24	0.6155312061309814	0.6155312061309814	0.20540045201778412	0.8013055324554443	0.04266940802335739	0.024285532534122467	1
11	191	centered_logit	canonical_perturbation	24	0.5676587820053101	0.5676587820053101	0.16705194115638733	0.9221450686454773	0.03668266162276268	0.022059649229049683	1
11	255	centered_logit	canonical_perturbation	24	0.5435928106307983	0.5435928106307983	0.16874460875988007	0.8920533061027527	0.03611712157726288	0.02224973402917385	1
11	63	centered_logit	random_sphere	24	3.941831111907959	3.941831111907959	29.429353713989258	0.0001289967040065676	1.4208797216415405	0.03516967222094536	0
11	127	centered_logit	random_sphere	24	6.796651840209961	6.796651840209961	29.71465301513672	0.0009932474931702018	1.444588541984558	0.024285532534122467	0
11	191	centered_logit	random_sphere	24	6.360315322875977	6.360315322875977	27.308382034301758	0.0005883174599148333	1.3865634202957153	0.022059649229049683	0
11	255	centered_logit	random_sphere	24	4.219846725463867	4.219846725463867	26.798254013061523	0.0005202602478675544	1.3936277627944946	0.02224973402917385	0
11	63	inverse_hidden	proposal	24	0.004117921926081181	2.604527473449707	0.004117921926081181	0.07713709026575089	0.0338192842900753	0.03516967222094536	0
11	127	inverse_hidden	proposal	24	0.002838372252881527	5.011307239532471	0.002838372252881527	0.5246074199676514	0.02327689900994301	0.024285532534122467	1
11	191	inverse_hidden	proposal	24	0.002811972750350833	4.382228851318359	0.002811972750350833	0.25770795345306396	0.019940394908189774	0.022059649229049683	0
11	255	inverse_hidden	proposal	24	0.00230154930613935	2.8849315643310547	0.00230154930613935	0.774187445640564	0.018795432522892952	0.02224973402917385	1
11	63	inverse_hidden	canonical_perturbation	24	0.02590976096689701	5.654224395751953	0.02590976096689701	0.0004673356015700847	0.032611776143312454	0.03516967222094536	0
11	127	inverse_hidden	canonical_perturbation	24	0.008507778868079185	8.737506866455078	0.008507778868079185	0.07829263061285019	0.0235026553273201	0.024285532534122467	1
11	191	inverse_hidden	canonical_perturbation	24	0.005710296798497438	3.463136911392212	0.005710296798497438	0.9690337181091309	0.01987611874938011	0.022059649229049683	1
11	255	inverse_hidden	canonical_perturbation	24	0.006608893163502216	5.687869548797607	0.006608893163502216	0.13994061946868896	0.021619653329253197	0.02224973402917385	1
11	63	inverse_hidden	random_sphere	24	29.343917846679688	5.269166946411133	29.343917846679688	2.9231452572275884e-05	1.4232600927352905	0.03516967222094536	0
11	127	inverse_hidden	random_sphere	24	29.648639678955078	9.122676849365234	29.648639678955078	0.00019983683887403458	1.4446953535079956	0.024285532534122467	0
11	191	inverse_hidden	random_sphere	24	27.178260803222656	8.726551055908203	27.178260803222656	9.845049498835579e-05	1.3886514902114868	0.022059649229049683	0
11	255	inverse_hidden	random_sphere	24	26.710193634033203	5.78996467590332	26.710193634033203	0.00011962060671066865	1.3925788402557373	0.02224973402917385	0
10	63	centered_logit	proposal	40	0.40219414234161377	0.40219414234161377	0.09539230167865753	0.9719793796539307	0.04230113700032234	0.027499647811055183	1
10	127	centered_logit	proposal	40	0.4604295492172241	0.4604295492172241	0.09618747979402542	0.8887804746627808	0.03915126621723175	0.02831585332751274	1
10	191	centered_logit	proposal	40	0.37334826588630676	0.37334826588630676	0.08059028536081314	0.9897129535675049	0.041842829436063766	0.029181815683841705	1
10	255	centered_logit	proposal	40	0.34417569637298584	0.34417569637298584	0.07781215012073517	0.9978711605072021	0.0353943407535553	0.020927950739860535	1
10	63	centered_logit	canonical_perturbation	40	0.5245494842529297	0.5245494842529297	0.21711465716362	0.9279939532279968	0.04755246639251709	0.027499647811055183	1
10	127	centered_logit	canonical_perturbation	40	0.4867660105228424	0.4867660105228424	0.22104036808013916	0.7390296459197998	0.04725966602563858	0.02831585332751274	1
10	191	centered_logit	canonical_perturbation	40	0.523308277130127	0.523308277130127	0.24611307680606842	0.9385837316513062	0.05219871923327446	0.029181815683841705	1
10	255	centered_logit	canonical_perturbation	40	0.18210789561271667	0.18210789561271667	0.08814260363578796	0.9999474287033081	0.03963540866971016	0.020927950739860535	1
10	63	centered_logit	random_sphere	40	5.328634262084961	5.328634262084961	33.15482711791992	0.0044788215309381485	1.4278243780136108	0.027499647811055183	0
10	127	centered_logit	random_sphere	40	1.6396920680999756	1.6396920680999756	32.16780090332031	9.29584275581874e-05	1.418989658355713	0.02831585332751274	0
10	191	centered_logit	random_sphere	40	7.814328193664551	7.814328193664551	31.46845054626465	0.00033438566606491804	1.3913156986236572	0.029181815683841705	0
10	255	centered_logit	random_sphere	40	1.5835206508636475	1.5835206508636475	30.68459129333496	0.0012623682850971818	1.4349309206008911	0.020927950739860535	0
10	63	inverse_hidden	proposal	40	0.0011824225075542927	1.5677152872085571	0.0011824225075542927	0.9954445362091064	0.025353264063596725	0.027499647811055183	1
10	127	inverse_hidden	proposal	40	0.0014691960532218218	1.9635285139083862	0.0014691960532218218	0.5053179264068604	0.025989508256316185	0.02831585332751274	1
10	191	inverse_hidden	proposal	40	0.0011658407747745514	2.3961265087127686	0.0011658407747745514	0.9901312589645386	0.027076825499534607	0.029181815683841705	1
10	255	inverse_hidden	proposal	40	0.0006469473009929061	0.5876408815383911	0.0006469473009929061	0.9981719255447388	0.015854857861995697	0.020927950739860535	1
10	63	inverse_hidden	canonical_perturbation	40	0.00891221221536398	6.567844390869141	0.00891221221536398	0.2511182427406311	0.025969259440898895	0.027499647811055183	1
10	127	inverse_hidden	canonical_perturbation	40	0.010061866603791714	1.208664059638977	0.010061866603791714	0.04626849293708801	0.027184633538126945	0.02831585332751274	1
10	191	inverse_hidden	canonical_perturbation	40	0.013043603859841824	5.244148254394531	0.013043603859841824	0.47090819478034973	0.029460225254297256	0.029181815683841705	1
10	255	inverse_hidden	canonical_perturbation	40	0.0040323627181351185	1.9882822036743164	0.0040323627181351185	0.160427525639534	0.018412640318274498	0.020927950739860535	1
10	63	inverse_hidden	random_sphere	40	33.01995849609375	8.603839874267578	33.01995849609375	0.00038260253495536745	1.4371788501739502	0.027499647811055183	0
10	127	inverse_hidden	random_sphere	40	32.11992645263672	2.3079071044921875	32.11992645263672	4.5290409616427496e-05	1.4161901473999023	0.02831585332751274	0
10	191	inverse_hidden	random_sphere	40	31.299617767333984	12.100499153137207	31.299617767333984	1.8672853911994025e-05	1.3888108730316162	0.029181815683841705	0
10	255	inverse_hidden	random_sphere	40	30.65721893310547	2.4716053009033203	30.65721893310547	0.00024965160991996527	1.4362272024154663	0.020927950739860535	0
11	63	centered_logit	proposal	40	0.270732045173645	0.270732045173645	0.08632005006074905	0.9968916773796082	0.04267261177301407	0.03516967222094536	1
11	127	centered_logit	proposal	40	0.3745872378349304	0.3745872378349304	0.1191532164812088	0.985672116279602	0.04357563331723213	0.024285532534122467	1
11	191	centered_logit	proposal	40	0.389382928609848	0.389382928609848	0.15004228055477142	0.9894936084747314	0.044117070734500885	0.022059649229049683	1
11	255	centered_logit	proposal	40	0.2875080108642578	0.2875080108642578	0.09775281697511673	0.9960857629776001	0.03940004110336304	0.02224973402917385	1
11	63	centered_logit	canonical_perturbation	40	0.3373997211456299	0.3373997211456299	0.19010277092456818	0.9921150803565979	0.05142977461218834	0.03516967222094536	1
11	127	centered_logit	canonical_perturbation	40	0.4484339952468872	0.4484339952468872	0.18418537080287933	0.9690349698066711	0.046594247221946716	0.024285532534122467	1
11	191	centered_logit	canonical_perturbation	40	0.4160420000553131	0.4160420000553131	0.1480099856853485	0.9844973087310791	0.03972233831882477	0.022059649229049683	1
11	255	centered_logit	canonical_perturbation	40	0.3857146203517914	0.3857146203517914	0.14228910207748413	0.9813169240951538	0.03900618478655815	0.02224973402917385	1
11	63	centered_logit	random_sphere	40	3.3054418563842773	3.3054418563842773	29.50273895263672	0.00030377708026207983	1.419447660446167	0.03516967222094536	0
11	127	centered_logit	random_sphere	40	5.572977542877197	5.572977542877197	29.77837371826172	0.002534757135435939	1.4434345960617065	0.024285532534122467	0
11	191	centered_logit	random_sphere	40	5.09219217300415	5.09219217300415	27.373531341552734	0.0016515207244083285	1.3851150274276733	0.022059649229049683	0
11	255	centered_logit	random_sphere	40	3.456529140472412	3.456529140472412	26.853029251098633	0.0012348162708804011	1.3927793502807617	0.02224973402917385	0
11	63	inverse_hidden	proposal	40	0.0020277006551623344	1.2742104530334473	0.0020277006551623344	0.8869804739952087	0.03329673036932945	0.03516967222094536	1
11	127	inverse_hidden	proposal	40	0.0013006622903048992	2.7023427486419678	0.0013006622903048992	0.9753448963165283	0.022014081478118896	0.024285532534122467	1
11	191	inverse_hidden	proposal	40	0.0011187350610271096	1.2149708271026611	0.0011187350610271096	0.9528099894523621	0.018640335649251938	0.022059649229049683	1
11	255	inverse_hidden	proposal	40	0.0009658189374022186	0.6436644792556763	0.0009658189374022186	0.9929938912391663	0.017245978116989136	0.02224973402917385	1
11	63	inverse_hidden	canonical_perturbation	40	0.01240354310721159	3.598682165145874	0.01240354310721159	0.06449547410011292	0.031518250703811646	0.03516967222094536	1
11	127	inverse_hidden	canonical_perturbation	40	0.004865668248385191	5.46351432800293	0.004865668248385191	0.5204223394393921	0.021583018824458122	0.024285532534122467	1
11	191	inverse_hidden	canonical_perturbation	40	0.0024471560027450323	2.0109803676605225	0.0024471560027450323	0.9906884431838989	0.017095206305384636	0.022059649229049683	1
11	255	inverse_hidden	canonical_perturbation	40	0.0026407765690237284	3.0059468746185303	0.0026407765690237284	0.8726310729980469	0.018688363954424858	0.02224973402917385	1
11	63	inverse_hidden	random_sphere	40	29.326187133789062	5.265150547027588	29.326187133789062	2.8778200430679135e-05	1.4238361120224	0.03516967222094536	0
11	127	inverse_hidden	random_sphere	40	29.640888214111328	9.15185832977295	29.640888214111328	0.00019396148854866624	1.4437613487243652	0.024285532534122467	0
11	191	inverse_hidden	random_sphere	40	27.13654899597168	8.702032089233398	27.13654899597168	9.933822730090469e-05	1.3878118991851807	0.022059649229049683	0
11	255	inverse_hidden	random_sphere	40	26.69038963317871	5.814525127410889	26.69038963317871	0.00011845303379232064	1.3909883499145508	0.02224973402917385	0
12	63	centered_logit	proposal	0	2.4460806846618652	2.4460806846618652	0.033630967140197754	0.5653261542320251	0.02119857259094715	0.02119857259094715	1
12	127	centered_logit	proposal	0	4.502655029296875	4.502655029296875	0.057984743267297745	0.49237537384033203	0.027209676802158356	0.027209676802158356	1
12	191	centered_logit	proposal	0	4.50289249420166	4.50289249420166	0.048670992255210876	0.14382828772068024	0.036504633724689484	0.036504633724689484	1
12	255	centered_logit	proposal	0	4.411773681640625	4.411773681640625	0.04988308623433113	0.2783098816871643	0.024785609915852547	0.024785609915852547	1
12	63	centered_logit	canonical_perturbation	0	3.0624642372131348	3.0624642372131348	0.09026917815208435	0.07581188529729843	0.021198570728302002	0.02119857259094715	1
12	127	centered_logit	canonical_perturbation	0	5.564393520355225	5.564393520355225	0.2614368200302124	0.006795439403504133	0.027209676802158356	0.027209676802158356	1
12	191	centered_logit	canonical_perturbation	0	5.1871466636657715	5.1871466636657715	0.32178613543510437	0.0009671870502643287	0.03650464117527008	0.036504633724689484	0
12	255	centered_logit	canonical_perturbation	0	7.252818584442139	7.252818584442139	0.0705893263220787	0.007646388374269009	0.024785609915852547	0.024785609915852547	0
12	63	centered_logit	random_sphere	0	6.661901950836182	6.661901950836182	28.952899932861328	9.018896525958553e-05	1.436100959777832	0.02119857259094715	0
12	127	centered_logit	random_sphere	0	8.613306045532227	8.613306045532227	29.844682693481445	0.00012092346150893718	1.4394463300704956	0.027209676802158356	0
12	191	centered_logit	random_sphere	0	7.390909194946289	7.390909194946289	30.979602813720703	7.847997767385095e-05	1.4733368158340454	0.036504633724689484	0
12	255	centered_logit	random_sphere	0	9.871826171875	9.871826171875	29.315357208251953	7.787591312080622e-05	1.4176732301712036	0.024785609915852547	0
12	63	inverse_hidden	proposal	0	0.033630967140197754	2.4460806846618652	0.033630967140197754	0.5653261542320251	0.02119857259094715	0.02119857259094715	1
12	127	inverse_hidden	proposal	0	0.057984743267297745	4.502655029296875	0.057984743267297745	0.49237537384033203	0.027209676802158356	0.027209676802158356	1
12	191	inverse_hidden	proposal	0	0.048670992255210876	4.50289249420166	0.048670992255210876	0.14382828772068024	0.036504633724689484	0.036504633724689484	1
12	255	inverse_hidden	proposal	0	0.04988308623433113	4.411773681640625	0.04988308623433113	0.2783098816871643	0.024785609915852547	0.024785609915852547	1
12	63	inverse_hidden	canonical_perturbation	0	0.09026917815208435	3.0624642372131348	0.09026917815208435	0.07581188529729843	0.021198570728302002	0.02119857259094715	1
12	127	inverse_hidden	canonical_perturbation	0	0.2614368200302124	5.564393520355225	0.2614368200302124	0.006795439403504133	0.027209676802158356	0.027209676802158356	1
12	191	inverse_hidden	canonical_perturbation	0	0.32178613543510437	5.1871466636657715	0.32178613543510437	0.0009671870502643287	0.03650464117527008	0.036504633724689484	0
12	255	inverse_hidden	canonical_perturbation	0	0.0705893263220787	7.252818584442139	0.0705893263220787	0.007646388374269009	0.024785609915852547	0.024785609915852547	0
12	63	inverse_hidden	random_sphere	0	28.952899932861328	6.661901950836182	28.952899932861328	9.018896525958553e-05	1.436100959777832	0.02119857259094715	0
12	127	inverse_hidden	random_sphere	0	29.844682693481445	8.613306045532227	29.844682693481445	0.00012092346150893718	1.4394463300704956	0.027209676802158356	0
12	191	inverse_hidden	random_sphere	0	30.979602813720703	7.390909194946289	30.979602813720703	7.847997767385095e-05	1.4733368158340454	0.036504633724689484	0
12	255	inverse_hidden	random_sphere	0	29.315357208251953	9.871826171875	29.315357208251953	7.787591312080622e-05	1.4176732301712036	0.024785609915852547	0
13	63	centered_logit	proposal	0	1.9079087972640991	1.9079087972640991	0.052502404898405075	0.9999208450317383	0.04372644051909447	0.04372644051909447	1
13	127	centered_logit	proposal	0	2.239914655685425	2.239914655685425	0.03468576818704605	0.14398425817489624	0.018802333623170853	0.018802333623170853	1
13	191	centered_logit	proposal	0	2.5659594535827637	2.5659594535827637	0.03864096850156784	0.5098439455032349	0.03206125274300575	0.03206125274300575	1
13	255	centered_logit	proposal	0	2.588654041290283	2.588654041290283	0.03256402164697647	0.1710847020149231	0.022099003195762634	0.022099003195762634	1
13	63	centered_logit	canonical_perturbation	0	2.9190456867218018	2.9190456867218018	0.8159235715866089	0.00011907430598512292	0.04372643679380417	0.04372644051909447	0
13	127	centered_logit	canonical_perturbation	0	1.4666305780410767	1.4666305780410767	0.051659051328897476	0.012480528093874454	0.018802335485816002	0.018802333623170853	1
13	191	centered_logit	canonical_perturbation	0	5.153873443603516	5.153873443603516	0.2196899652481079	0.0033822169061750174	0.03206125274300575	0.03206125274300575	1
13	255	centered_logit	canonical_perturbation	0	1.9926342964172363	1.9926342964172363	0.08387169986963272	0.011830163188278675	0.022099003195762634	0.022099003195762634	1
13	63	centered_logit	random_sphere	0	2.1727499961853027	2.1727499961853027	29.95291519165039	0.0004977298667654395	1.3809664249420166	0.04372644051909447	0
13	127	centered_logit	random_sphere	0	2.4740452766418457	2.4740452766418457	31.51737403869629	0.00013687272439710796	1.4139662981033325	0.018802333623170853	0
13	191	centered_logit	random_sphere	0	8.503582954406738	8.503582954406738	31.213512420654297	0.00019015885482076555	1.423497200012207	0.03206125274300575	0
13	255	centered_logit	random_sphere	0	4.196850776672363	4.196850776672363	31.774078369140625	1.9394097762415186e-05	1.3658403158187866	0.022099003195762634	0
13	63	inverse_hidden	proposal	0	0.052502404898405075	1.9079087972640991	0.052502404898405075	0.9999208450317383	0.04372644051909447	0.04372644051909447	1
13	127	inverse_hidden	proposal	0	0.03468576818704605	2.239914655685425	0.03468576818704605	0.14398425817489624	0.018802333623170853	0.018802333623170853	1
13	191	inverse_hidden	proposal	0	0.03864096850156784	2.5659594535827637	0.03864096850156784	0.5098439455032349	0.03206125274300575	0.03206125274300575	1
13	255	inverse_hidden	proposal	0	0.03256402164697647	2.588654041290283	0.03256402164697647	0.1710847020149231	0.022099003195762634	0.022099003195762634	1
13	63	inverse_hidden	canonical_perturbation	0	0.8159235715866089	2.9190456867218018	0.8159235715866089	0.00011907430598512292	0.04372643679380417	0.04372644051909447	0
13	127	inverse_hidden	canonical_perturbation	0	0.051659051328897476	1.4666305780410767	0.051659051328897476	0.012480528093874454	0.018802335485816002	0.018802333623170853	1
13	191	inverse_hidden	canonical_perturbation	0	0.2196899652481079	5.153873443603516	0.2196899652481079	0.0033822169061750174	0.03206125274300575	0.03206125274300575	1
13	255	inverse_hidden	canonical_perturbation	0	0.08387169986963272	1.9926342964172363	0.08387169986963272	0.011830163188278675	0.022099003195762634	0.022099003195762634	1
13	63	inverse_hidden	random_sphere	0	29.95291519165039	2.1727499961853027	29.95291519165039	0.0004977298667654395	1.3809664249420166	0.04372644051909447	0
13	127	inverse_hidden	random_sphere	0	31.51737403869629	2.4740452766418457	31.51737403869629	0.00013687272439710796	1.4139662981033325	0.018802333623170853	0
13	191	inverse_hidden	random_sphere	0	31.213512420654297	8.503582954406738	31.213512420654297	0.00019015885482076555	1.423497200012207	0.03206125274300575	0
13	255	inverse_hidden	random_sphere	0	31.774078369140625	4.196850776672363	31.774078369140625	1.9394097762415186e-05	1.3658403158187866	0.022099003195762634	0
12	63	centered_logit	proposal	1	1.3125967979431152	1.3125967979431152	0.035982824862003326	0.7745057940483093	0.021674688905477524	0.02119857259094715	1
12	127	centered_logit	proposal	1	2.9261727333068848	2.9261727333068848	0.062413595616817474	0.7565135359764099	0.027727903798222542	0.027209676802158356	1
12	191	centered_logit	proposal	1	2.596764087677002	2.596764087677002	0.05795334652066231	0.40542349219322205	0.03689190372824669	0.036504633724689484	1
12	255	centered_logit	proposal	1	2.7005460262298584	2.7005460262298584	0.057969726622104645	0.43219220638275146	0.025657549500465393	0.024785609915852547	1
12	63	centered_logit	canonical_perturbation	1	1.7833201885223389	1.7833201885223389	0.05976705253124237	0.50948566198349	0.021301323547959328	0.02119857259094715	1
12	127	centered_logit	canonical_perturbation	1	4.1988677978515625	4.1988677978515625	0.20789097249507904	0.03321197256445885	0.02733539417386055	0.027209676802158356	1
12	191	centered_logit	canonical_perturbation	1	4.28746223449707	4.28746223449707	0.2781822085380554	0.002562177600339055	0.036597754806280136	0.036504633724689484	0
12	255	centered_logit	canonical_perturbation	1	5.371294021606445	5.371294021606445	0.12406792491674423	0.029011374339461327	0.025007208809256554	0.024785609915852547	1
12	63	centered_logit	random_sphere	1	6.569729804992676	6.569729804992676	28.954553604125977	9.657836926635355e-05	1.4359304904937744	0.02119857259094715	0
12	127	centered_logit	random_sphere	1	8.507652282714844	8.507652282714844	29.843402862548828	0.00013036340533290058	1.4393310546875	0.027209676802158356	0
12	191	centered_logit	random_sphere	1	7.298244476318359	7.298244476318359	30.980941772460938	8.447664004052058e-05	1.4732632637023926	0.036504633724689484	0
12	255	centered_logit	random_sphere	1	9.759012222290039	9.759012222290039	29.318147659301758	8.398144564125687e-05	1.4175984859466553	0.024785609915852547	0
12	63	inverse_hidden	proposal	1	0.027105340734124184	5.587471961975098	0.027105340734124184	0.0005978810950182378	0.020726557821035385	0.02119857259094715	0
12	127	inverse_hidden	proposal	1	0.03262342885136604	6.285816669464111	0.03262342885136604	0.002549565862864256	0.02682659961283207	0.027209676802158356	0
12	191	inverse_hidden	proposal	1	0.024383259937167168	4.530874252319336	0.024383259937167168	0.041893500834703445	0.03626316785812378	0.036504633724689484	0
12	255	inverse_hidden	proposal	1	0.021507197991013527	4.665473937988281	0.021507197991013527	0.07320410758256912	0.024290869012475014	0.024785609915852547	1
12	63	inverse_hidden	canonical_perturbation	1	0.02990802749991417	3.6648378372192383	0.02990802749991417	0.06568218022584915	0.020606257021427155	0.02119857259094715	1
12	127	inverse_hidden	canonical_perturbation	1	0.11896062642335892	5.256296157836914	0.11896062642335892	0.01076627429574728	0.026571009308099747	0.027209676802158356	1
12	191	inverse_hidden	canonical_perturbation	1	0.17314346134662628	5.004613399505615	0.17314346134662628	0.001159085426479578	0.03574738651514053	0.036504633724689484	0
12	255	inverse_hidden	canonical_perturbation	1	0.038445472717285156	9.495854377746582	0.038445472717285156	0.0008371908916160464	0.024157779291272163	0.024785609915852547	0
12	63	inverse_hidden	random_sphere	1	28.951797485351562	6.665256023406982	28.951797485351562	8.991854701889679e-05	1.436145544052124	0.02119857259094715	0
12	127	inverse_hidden	random_sphere	1	29.841760635375977	8.612717628479004	29.841760635375977	0.000121123950520996	1.439333438873291	0.027209676802158356	0
12	191	inverse_hidden	random_sphere	1	30.978504180908203	7.390374183654785	30.978504180908203	7.85899319453165e-05	1.4733948707580566	0.036504633724689484	0
12	255	inverse_hidden	random_sphere	1	29.309349060058594	9.870498657226562	29.309349060058594	7.770278898533434e-05	1.4178047180175781	0.024785609915852547	0
13	63	centered_logit	proposal	1	1.0889198780059814	1.0889198780059814	0.03608833998441696	0.9361898899078369	0.043350931257009506	0.04372644051909447	1
13	127	centered_logit	proposal	1	1.639832615852356	1.639832615852356	0.026573309674859047	0.005286761559545994	0.018927881494164467	0.018802333623170853	0
13	191	centered_logit	proposal	1	1.498361349105835	1.498361349105835	0.042173948138952255	0.5709109306335449	0.03230251371860504	0.03206125274300575	1
13	255	centered_logit	proposal	1	1.7039787769317627	1.7039787769317627	0.03832495957612991	0.01070899236947298	0.022000480443239212	0.022099003195762634	0
13	63	centered_logit	canonical_perturbation	1	2.6458070278167725	2.6458070278167725	0.8695307970046997	0.00014298314636107534	0.04388173669576645	0.04372644051909447	0
13	127	centered_logit	canonical_perturbation	1	1.0854159593582153	1.0854159593582153	0.07924186438322067	0.056474924087524414	0.018809694796800613	0.018802333623170853	1
13	191	centered_logit	canonical_perturbation	1	4.178281784057617	4.178281784057617	0.21193869411945343	0.009962250478565693	0.032206881791353226	0.03206125274300575	1
13	255	centered_logit	canonical_perturbation	1	1.3507521152496338	1.3507521152496338	0.06891404837369919	0.056489355862140656	0.02205885574221611	0.022099003195762634	1
13	63	centered_logit	random_sphere	1	2.149644136428833	2.149644136428833	29.953060150146484	0.0005100953276269138	1.381039023399353	0.04372644051909447	0
13	127	centered_logit	random_sphere	1	2.447406053543091	2.447406053543091	31.51697540283203	0.00014378305058926344	1.4139153957366943	0.018802333623170853	0
13	191	centered_logit	random_sphere	1	8.401016235351562	8.401016235351562	31.21271514892578	0.00020525697618722916	1.4234247207641602	0.03206125274300575	0
13	255	centered_logit	random_sphere	1	4.148301124572754	4.148301124572754	31.775501251220703	2.0973409846192226e-05	1.3656948804855347	0.022099003195762634	0
13	63	inverse_hidden	proposal	1	0.03377094864845276	1.382167100906372	0.03377094864845276	0.6736074686050415	0.04331298545002937	0.04372644051909447	1
13	127	inverse_hidden	proposal	1	0.02393454499542713	3.845806121826172	0.02393454499542713	2.7174839487997815e-05	0.018167955800890923	0.018802333623170853	0
13	191	inverse_hidden	proposal	1	0.019010990858078003	4.36392879486084	0.019010990858078003	0.017650792375206947	0.0315372608602047	0.03206125274300575	1
13	255	inverse_hidden	proposal	1	0.017955303192138672	2.1441855430603027	0.017955303192138672	0.01597636379301548	0.021467134356498718	0.022099003195762634	0
13	63	inverse_hidden	canonical_perturbation	1	0.5248240232467651	2.931536912918091	0.5248240232467651	0.00010820878378581256	0.04295876994729042	0.04372644051909447	0
13	127	inverse_hidden	canonical_perturbation	1	0.029383813962340355	3.1657557487487793	0.029383813962340355	0.0002732156135607511	0.0182386115193367	0.018802333623170853	0
13	191	inverse_hidden	canonical_perturbation	1	0.10686817020177841	5.225437641143799	0.10686817020177841	0.005023081321269274	0.03137099742889404	0.03206125274300575	1
13	255	inverse_hidden	canonical_perturbation	1	0.04032525047659874	2.799792766571045	0.04032525047659874	0.004417752847075462	0.02158772386610508	0.022099003195762634	0
13	63	inverse_hidden	random_sphere	1	29.950481414794922	2.1728365421295166	29.950481414794922	0.0004982641548849642	1.380797028541565	0.04372644051909447	0
13	127	inverse_hidden	random_sphere	1	31.516077041625977	2.4753808975219727	31.516077041625977	0.0001366847282042727	1.4139072895050049	0.018802333623170853	0
13	191	inverse_hidden	random_sphere	1	31.21225929260254	8.49713134765625	31.21225929260254	0.00019139166397508234	1.4234402179718018	0.03206125274300575	0
13	255	inverse_hidden	random_sphere	1	31.769506454467773	4.196921348571777	31.769506454467773	1.937874185387045e-05	1.3657863140106201	0.022099003195762634	0
12	63	centered_logit	proposal	2	0.9546706676483154	0.9546706676483154	0.03636810928583145	0.8599926233291626	0.022343825548887253	0.02119857259094715	1
12	127	centered_logit	proposal	2	2.0449953079223633	2.0449953079223633	0.06620600819587708	0.8547196984291077	0.02854183129966259	0.027209676802158356	1
12	191	centered_logit	proposal	2	2.1323931217193604	2.1323931217193604	0.08069561421871185	0.2667834758758545	0.037410035729408264	0.036504633724689484	1
12	255	centered_logit	proposal	2	1.995686650276184	1.995686650276184	0.07760107517242432	0.41309142112731934	0.026737067848443985	0.024785609915852547	1
12	63	centered_logit	canonical_perturbation	2	1.1365081071853638	1.1365081071853638	0.046118564903736115	0.7976719737052917	0.021748051047325134	0.02119857259094715	1
12	127	centered_logit	canonical_perturbation	2	2.8845622539520264	2.8845622539520264	0.15096864104270935	0.15481658279895782	0.027781711891293526	0.027209676802158356	1
12	191	centered_logit	canonical_perturbation	2	3.4215850830078125	3.4215850830078125	0.2293526828289032	0.0074038440361619	0.0368284173309803	0.036504633724689484	1
12	255	centered_logit	canonical_perturbation	2	4.199471950531006	4.199471950531006	0.13941383361816406	0.07677475363016129	0.02540351264178753	0.024785609915852547	1
12	63	centered_logit	random_sphere	2	6.478382110595703	6.478382110595703	28.956302642822266	0.00010338176070945337	1.4357597827911377	0.02119857259094715	0
12	127	centered_logit	random_sphere	2	8.402775764465332	8.402775764465332	29.842079162597656	0.00014048127923160791	1.439210057258606	0.027209676802158356	0
12	191	centered_logit	random_sphere	2	7.206353664398193	7.206353664398193	30.982393264770508	9.090710227610543e-05	1.4731889963150024	0.036504633724689484	0
12	255	centered_logit	random_sphere	2	9.647004127502441	9.647004127502441	29.3210506439209	9.050573135027662e-05	1.417523980140686	0.024785609915852547	0
12	63	inverse_hidden	proposal	2	0.008361050859093666	2.658522605895996	0.008361050859093666	0.2404516041278839	0.020396128296852112	0.02119857259094715	1
12	127	inverse_hidden	proposal	2	0.015528468415141106	5.291370391845703	0.015528468415141106	0.02638685330748558	0.026566041633486748	0.027209676802158356	1
12	191	inverse_hidden	proposal	2	0.019472841173410416	6.234495639801025	0.019472841173410416	0.0001517497148597613	0.03617704659700394	0.036504633724689484	0
12	255	inverse_hidden	proposal	2	0.037738826125860214	7.754352569580078	0.037738826125860214	0.00036812425241805613	0.02399463951587677	0.024785609915852547	0
12	63	inverse_hidden	canonical_perturbation	2	0.03913567215204239	6.581090927124023	0.03913567215204239	0.001431628130376339	0.020237157121300697	0.02119857259094715	0
12	127	inverse_hidden	canonical_perturbation	2	0.0519893541932106	5.6542181968688965	0.0519893541932106	0.003372852224856615	0.02620779164135456	0.027209676802158356	0
12	191	inverse_hidden	canonical_perturbation	2	0.09908520430326462	4.930898666381836	0.09908520430326462	0.001102362060919404	0.03515375778079033	0.036504633724689484	0
12	255	inverse_hidden	canonical_perturbation	2	0.045910611748695374	9.860824584960938	0.045910611748695374	0.000778819783590734	0.02358221635222435	0.024785609915852547	0
12	63	inverse_hidden	random_sphere	2	28.9506778717041	6.668537616729736	28.9506778717041	8.965402957983315e-05	1.4361897706985474	0.02119857259094715	0
12	127	inverse_hidden	random_sphere	2	29.83879280090332	8.612676620483398	29.83879280090332	0.00012126073852414265	1.4392260313034058	0.027209676802158356	0
12	191	inverse_hidden	random_sphere	2	30.977388381958008	7.389785289764404	30.977388381958008	7.870589615777135e-05	1.4734519720077515	0.036504633724689484	0
12	255	inverse_hidden	random_sphere	2	29.303598403930664	9.869928359985352	29.303598403930664	7.749247015453875e-05	1.4179370403289795	0.024785609915852547	0
13	63	centered_logit	proposal	2	0.9419219493865967	0.9419219493865967	0.04781603068113327	0.6046847105026245	0.043162427842617035	0.04372644051909447	1
13	127	centered_logit	proposal	2	1.219838261604309	1.219838261604309	0.04164949804544449	0.3870224952697754	0.019482459872961044	0.018802333623170853	1
13	191	centered_logit	proposal	2	1.0464757680892944	1.0464757680892944	0.045219603925943375	0.5703735947608948	0.032641563564538956	0.03206125274300575	1
13	255	centered_logit	proposal	2	1.526680588722229	1.526680588722229	0.060371626168489456	0.010223361663520336	0.022264445200562477	0.022099003195762634	1
13	63	centered_logit	canonical_perturbation	2	2.41190505027771	2.41190505027771	0.8650908470153809	0.0001684602175373584	0.04415162280201912	0.04372644051909447	0
13	127	centered_logit	canonical_perturbation	2	0.9081640839576721	0.9081640839576721	0.08636490255594254	0.12358325719833374	0.019098535180091858	0.018802333623170853	1
13	191	centered_logit	canonical_perturbation	2	3.278235673904419	3.278235673904419	0.17771218717098236	0.03278706595301628	0.03253871947526932	0.03206125274300575	1
13	255	centered_logit	canonical_perturbation	2	1.0081223249435425	1.0081223249435425	0.05145082250237465	0.16944552958011627	0.022221598774194717	0.022099003195762634	1
13	63	centered_logit	random_sphere	2	2.127011775970459	2.127011775970459	29.953250885009766	0.000522752059623599	1.381110668182373	0.04372644051909447	0
13	127	centered_logit	random_sphere	2	2.42116641998291	2.42116641998291	31.51669692993164	0.00015101663302630186	1.413866639137268	0.018802333623170853	0
13	191	centered_logit	random_sphere	2	8.2991943359375	8.2991943359375	31.212024688720703	0.00022143904061522335	1.4233520030975342	0.03206125274300575	0
13	255	centered_logit	random_sphere	2	4.100317001342773	4.100317001342773	31.777027130126953	2.2649137463304214e-05	1.365552544593811	0.022099003195762634	0
13	63	inverse_hidden	proposal	2	0.008941289968788624	1.6407842636108398	0.008941289968788624	0.9366577863693237	0.04312552511692047	0.04372644051909447	1
13	127	inverse_hidden	proposal	2	0.01082106027752161	2.416956901550293	0.01082106027752161	0.031117135658860207	0.017670920118689537	0.018802333623170853	0
13	191	inverse_hidden	proposal	2	0.011405382305383682	3.324248790740967	0.011405382305383682	0.030149931088089943	0.031159648671746254	0.03206125274300575	0
13	255	inverse_hidden	proposal	2	0.01214305218309164	2.2857789993286133	0.01214305218309164	0.026846731081604958	0.02112843468785286	0.022099003195762634	1
13	63	inverse_hidden	canonical_perturbation	2	0.3225712180137634	2.931544780731201	0.3225712180137634	9.18524237931706e-05	0.04228741303086281	0.04372644051909447	0
13	127	inverse_hidden	canonical_perturbation	2	0.03240807354450226	2.9992566108703613	0.03240807354450226	0.00018811858899425715	0.017753366380929947	0.018802333623170853	0
13	191	inverse_hidden	canonical_perturbation	2	0.059241265058517456	6.201117038726807	0.059241265058517456	0.0032921989914029837	0.030856739729642868	0.03206125274300575	1
13	255	inverse_hidden	canonical_perturbation	2	0.042756807059049606	2.926633834838867	0.042756807059049606	0.003928075078874826	0.021116813644766808	0.022099003195762634	1
13	63	inverse_hidden	random_sphere	2	29.94803237915039	2.1729061603546143	29.94803237915039	0.0004986095591448247	1.3806288242340088	0.04372644051909447	0
13	127	inverse_hidden	random_sphere	2	31.514766693115234	2.4767470359802246	31.514766693115234	0.0001364842610200867	1.4138449430465698	0.018802333623170853	0
13	191	inverse_hidden	random_sphere	2	31.210973739624023	8.490803718566895	31.210973739624023	0.00019263505237177014	1.4233759641647339	0.03206125274300575	0
13	255	inverse_hidden	random_sphere	2	31.76493263244629	4.197137832641602	31.76493263244629	1.9355182303115726e-05	1.3657312393188477	0.022099003195762634	0
12	63	centered_logit	proposal	4	0.743034839630127	0.743034839630127	0.04312090203166008	0.9527041912078857	0.023950787261128426	0.02119857259094715	1
12	127	centered_logit	proposal	4	1.2138662338256836	1.2138662338256836	0.07925037294626236	0.8867232203483582	0.030542969703674316	0.027209676802158356	1
12	191	centered_logit	proposal	4	1.401400089263916	1.401400089263916	0.09531404078006744	0.4132648706436157	0.03874504938721657	0.036504633724689484	1
12	255	centered_logit	proposal	4	1.2058191299438477	1.2058191299438477	0.07987259328365326	0.5297217965126038	0.028996216133236885	0.024785609915852547	1
12	63	centered_logit	canonical_perturbation	4	0.8178188800811768	0.8178188800811768	0.05582955479621887	0.9246896505355835	0.02328752540051937	0.02119857259094715	1
12	127	centered_logit	canonical_perturbation	4	1.5196504592895508	1.5196504592895508	0.0913870707154274	0.3487679362297058	0.02931230142712593	0.027209676802158356	1
12	191	centered_logit	canonical_perturbation	4	2.046445846557617	2.046445846557617	0.15223436057567596	0.060855865478515625	0.03772219642996788	0.036504633724689484	1
12	255	centered_logit	canonical_perturbation	4	2.1735570430755615	2.1735570430755615	0.1100480854511261	0.5002280473709106	0.026681650429964066	0.024785609915852547	1
12	63	centered_logit	random_sphere	4	6.298225402832031	6.298225402832031	28.960037231445312	0.00011832277959911153	1.4354180097579956	0.02119857259094715	0
12	127	centered_logit	random_sphere	4	8.195414543151855	8.195414543151855	29.83957862854004	0.0001629660400794819	1.4389599561691284	0.027209676802158356	0
12	191	centered_logit	random_sphere	4	7.0249528884887695	7.0249528884887695	30.985631942749023	0.00010518304770812392	1.4730397462844849	0.036504633724689484	0
12	255	centered_logit	random_sphere	4	9.425485610961914	9.425485610961914	29.32712745666504	0.00010490075510460883	1.4173752069473267	0.024785609915852547	0
12	63	inverse_hidden	proposal	4	0.012603787705302238	3.0777976512908936	0.012603787705302238	0.18192461133003235	0.019874555990099907	0.02119857259094715	1
12	127	inverse_hidden	proposal	4	0.009761795401573181	7.250870704650879	0.009761795401573181	0.0005515273660421371	0.026472672820091248	0.027209676802158356	0
12	191	inverse_hidden	proposal	4	0.014320210553705692	7.26163911819458	0.014320210553705692	5.367491758079268e-05	0.03612220287322998	0.036504633724689484	0
12	255	inverse_hidden	proposal	4	0.011256890371441841	9.377853393554688	0.011256890371441841	0.00010359867883380502	0.023400185629725456	0.024785609915852547	0
12	63	inverse_hidden	canonical_perturbation	4	0.040396422147750854	7.110227584838867	0.040396422147750854	0.0010029991390183568	0.019481472671031952	0.02119857259094715	0
12	127	inverse_hidden	canonical_perturbation	4	0.06805413961410522	8.917877197265625	0.06805413961410522	6.325760477920994e-05	0.025961602106690407	0.027209676802158356	0
12	191	inverse_hidden	canonical_perturbation	4	0.09424588084220886	6.408973693847656	0.09424588084220886	0.00023426911502610892	0.034205351024866104	0.036504633724689484	0
12	255	inverse_hidden	canonical_perturbation	4	0.026851195842027664	9.131877899169922	0.026851195842027664	0.001664725597947836	0.02282296121120453	0.024785609915852547	0
12	63	inverse_hidden	random_sphere	4	28.948410034179688	6.674965858459473	28.948410034179688	8.91506570042111e-05	1.436279296875	0.02119857259094715	0
12	127	inverse_hidden	random_sphere	4	29.832897186279297	8.613225936889648	29.832897186279297	0.00012148317910032347	1.4390138387680054	0.027209676802158356	0
12	191	inverse_hidden	random_sphere	4	30.97515106201172	7.388472080230713	30.97515106201172	7.893618021626025e-05	1.4735584259033203	0.036504633724689484	0
12	255	inverse_hidden	random_sphere	4	29.292360305786133	9.869157791137695	29.292360305786133	7.705566531512886e-05	1.4182010889053345	0.024785609915852547	0
13	63	centered_logit	proposal	4	0.9571533799171448	0.9571533799171448	0.039548587054014206	0.9655139446258545	0.043289024382829666	0.04372644051909447	1
13	127	centered_logit	proposal	4	0.9746103286743164	0.9746103286743164	0.06641341745853424	0.48342448472976685	0.020802026614546776	0.018802333623170853	1
13	191	centered_logit	proposal	4	0.7986088991165161	0.7986088991165161	0.05533105507493019	0.6402149796485901	0.03372121974825859	0.03206125274300575	1
13	255	centered_logit	proposal	4	1.0184171199798584	1.0184171199798584	0.059508197009563446	0.09485283493995667	0.023283133283257484	0.022099003195762634	1
13	63	centered_logit	canonical_perturbation	4	2.0159149169921875	2.0159149169921875	0.7438428401947021	0.00023361689818557352	0.045089684426784515	0.04372644051909447	0
13	127	centered_logit	canonical_perturbation	4	0.7570208311080933	0.7570208311080933	0.0931452065706253	0.3796154260635376	0.020177006721496582	0.018802333623170853	1
13	191	centered_logit	canonical_perturbation	4	1.8076411485671997	1.8076411485671997	0.10939885675907135	0.29693523049354553	0.033717963844537735	0.03206125274300575	1
13	255	centered_logit	canonical_perturbation	4	0.8201884031295776	0.8201884031295776	0.06295802444219589	0.5956446528434753	0.023106522858142853	0.022099003195762634	1
13	63	centered_logit	random_sphere	4	2.0831830501556396	2.0831830501556396	29.95380210876465	0.0005497265956364572	1.3812527656555176	0.04372644051909447	0
13	127	centered_logit	random_sphere	4	2.3699111938476562	2.3699111938476562	31.516456604003906	0.00016647517622914165	1.4137685298919678	0.018802333623170853	0
13	191	centered_logit	random_sphere	4	8.097850799560547	8.097850799560547	31.210939407348633	0.00025739590637385845	1.4232064485549927	0.03206125274300575	0
13	255	centered_logit	random_sphere	4	4.006077289581299	4.006077289581299	31.78026008605957	2.6291449103155173e-05	1.3652807474136353	0.022099003195762634	0
13	63	inverse_hidden	proposal	4	0.022244645282626152	2.572324275970459	0.022244645282626152	0.158674955368042	0.04304494708776474	0.04372644051909447	0
13	127	inverse_hidden	proposal	4	0.007810455746948719	2.9478116035461426	0.007810455746948719	0.00017108963220380247	0.017163433134555817	0.018802333623170853	0
13	191	inverse_hidden	proposal	4	0.009773020632565022	6.0545973777771	0.009773020632565022	0.00016432744450867176	0.030767099931836128	0.03206125274300575	0
13	255	inverse_hidden	proposal	4	0.006818861700594425	3.4237899780273438	0.006818861700594425	0.00030601074104197323	0.020718691870570183	0.022099003195762634	0
13	63	inverse_hidden	canonical_perturbation	4	0.12084716558456421	2.737417697906494	0.12084716558456421	5.814783071400598e-05	0.0411650575697422	0.04372644051909447	0
13	127	inverse_hidden	canonical_perturbation	4	0.015304614789783955	2.149247169494629	0.015304614789783955	0.002349665155634284	0.017164956778287888	0.018802333623170853	0
13	191	inverse_hidden	canonical_perturbation	4	0.07537271827459335	7.714142799377441	0.07537271827459335	0.0005454873898997903	0.030079888179898262	0.03206125274300575	0
13	255	inverse_hidden	canonical_perturbation	4	0.03124898672103882	2.5833933353424072	0.03124898672103882	0.006333169061690569	0.02056053839623928	0.022099003195762634	1
13	63	inverse_hidden	random_sphere	4	29.943185806274414	2.1729695796966553	29.943185806274414	0.0004990670131519437	1.3803074359893799	0.04372644051909447	0
13	127	inverse_hidden	random_sphere	4	31.512027740478516	2.4794909954071045	31.512027740478516	0.00013607887376565486	1.4137167930603027	0.018802333623170853	0
13	191	inverse_hidden	random_sphere	4	31.208393096923828	8.477775573730469	31.208393096923828	0.00019517271721269935	1.423232078552246	0.03206125274300575	0
13	255	inverse_hidden	random_sphere	4	31.75585174560547	4.197633743286133	31.75585174560547	1.9301980501040816e-05	1.365623950958252	0.022099003195762634	0
12	63	centered_logit	proposal	8	0.5717427134513855	0.5717427134513855	0.07051204890012741	0.9920198321342468	0.027057696133852005	0.02119857259094715	1
12	127	centered_logit	proposal	8	0.8010241985321045	0.8010241985321045	0.12136224657297134	0.8754170536994934	0.03453374281525612	0.027209676802158356	1
12	191	centered_logit	proposal	8	0.9516360759735107	0.9516360759735107	0.10258679836988449	0.7080423831939697	0.04179973900318146	0.036504633724689484	1
12	255	centered_logit	proposal	8	0.755240261554718	0.755240261554718	0.09108749032020569	0.6965723633766174	0.033215660601854324	0.024785609915852547	1
12	63	centered_logit	canonical_perturbation	8	0.6411985158920288	0.6411985158920288	0.10466321557760239	0.9634606242179871	0.026723075658082962	0.02119857259094715	1
12	127	centered_logit	canonical_perturbation	8	0.9562545418739319	0.9562545418739319	0.11502273380756378	0.6594372987747192	0.03331981226801872	0.027209676802158356	1
12	191	centered_logit	canonical_perturbation	8	1.2794935703277588	1.2794935703277588	0.1588454693555832	0.21616020798683167	0.040902212262153625	0.036504633724689484	1
12	255	centered_logit	canonical_perturbation	8	1.0880333185195923	1.0880333185195923	0.09755577892065048	0.7452028393745422	0.030672816559672356	0.024785609915852547	1
12	63	centered_logit	random_sphere	8	5.9484663009643555	5.9484663009643555	28.968454360961914	0.00015432163490913808	1.4347397089004517	0.02119857259094715	0
12	127	centered_logit	random_sphere	8	7.790678024291992	7.790678024291992	29.835716247558594	0.00021841481793671846	1.4384994506835938	0.027209676802158356	0
12	191	centered_logit	random_sphere	8	6.672063827514648	6.672063827514648	30.993444442749023	0.00014033360639587045	1.4727400541305542	0.036504633724689484	0
12	255	centered_logit	random_sphere	8	8.992889404296875	8.992889404296875	29.340572357177734	0.0001399241155013442	1.4170856475830078	0.024785609915852547	0
12	63	inverse_hidden	proposal	8	0.006480312906205654	9.587276458740234	0.006480312906205654	0.00023947008594404906	0.019368194043636322	0.02119857259094715	0
12	127	inverse_hidden	proposal	8	0.009658579714596272	6.523475170135498	0.009658579714596272	0.0011657518334686756	0.026274053379893303	0.027209676802158356	0
12	191	inverse_hidden	proposal	8	0.01025732047855854	8.421821594238281	0.01025732047855854	0.00021134103008080274	0.03605244308710098	0.036504633724689484	0
12	255	inverse_hidden	proposal	8	0.010097245685756207	12.709732055664062	0.010097245685756207	2.470097797413473e-06	0.022778749465942383	0.024785609915852547	0
12	63	inverse_hidden	canonical_perturbation	8	0.02307814545929432	2.952012777328491	0.02307814545929432	0.4976794421672821	0.019249359145760536	0.02119857259094715	1
12	127	inverse_hidden	canonical_perturbation	8	0.05159037187695503	9.189702033996582	0.05159037187695503	9.79849137365818e-05	0.026101481169462204	0.027209676802158356	0
12	191	inverse_hidden	canonical_perturbation	8	0.08856375515460968	7.359529972076416	0.08856375515460968	0.00021407775057014078	0.033274296671152115	0.036504633724689484	0
12	255	inverse_hidden	canonical_perturbation	8	0.019296569749712944	6.035490989685059	0.019296569749712944	0.017239119857549667	0.022774212062358856	0.024785609915852547	1
12	63	inverse_hidden	random_sphere	8	28.943954467773438	6.688461780548096	28.943954467773438	8.820291986921802e-05	1.4364721775054932	0.02119857259094715	0
12	127	inverse_hidden	random_sphere	8	29.821247100830078	8.615571022033691	29.821247100830078	0.00012191093992441893	1.4385745525360107	0.027209676802158356	0
12	191	inverse_hidden	random_sphere	8	30.970996856689453	7.38611364364624	30.970996856689453	7.932861626613885e-05	1.4737435579299927	0.036504633724689484	0
12	255	inverse_hidden	random_sphere	8	29.27073097229004	9.866827011108398	29.27073097229004	7.621878467034549e-05	1.4187113046646118	0.024785609915852547	0
13	63	centered_logit	proposal	8	0.5483241677284241	0.5483241677284241	0.06184414401650429	0.9990123510360718	0.04416077584028244	0.04372644051909447	1
13	127	centered_logit	proposal	8	0.8769816160202026	0.8769816160202026	0.1657397449016571	0.20562125742435455	0.023413896560668945	0.018802333623170853	1
13	191	centered_logit	proposal	8	0.6449594497680664	0.6449594497680664	0.08083146065473557	0.8273485898971558	0.036559395492076874	0.03206125274300575	1
13	255	centered_logit	proposal	8	0.7932717800140381	0.7932717800140381	0.05749881640076637	0.8060343861579895	0.025784669443964958	0.022099003195762634	1
13	63	centered_logit	canonical_perturbation	8	1.5725274085998535	1.5725274085998535	0.4091956317424774	0.0005268382374197245	0.04790361598134041	0.04372644051909447	0
13	127	centered_logit	canonical_perturbation	8	0.5821486115455627	0.5821486115455627	0.12624476850032806	0.8036094903945923	0.023006755858659744	0.018802333623170853	1
13	191	centered_logit	canonical_perturbation	8	1.0664139986038208	1.0664139986038208	0.10370270162820816	0.6763325929641724	0.037416066974401474	0.03206125274300575	1
13	255	centered_logit	canonical_perturbation	8	0.5960580110549927	0.5960580110549927	0.08085115253925323	0.9251788854598999	0.025358542799949646	0.022099003195762634	1
13	63	centered_logit	random_sphere	8	2.001220941543579	2.001220941543579	29.955368041992188	0.0006135797593742609	1.381534218788147	0.04372644051909447	0
13	127	centered_logit	random_sphere	8	2.2723703384399414	2.2723703384399414	31.517187118530273	0.00020160853455308825	1.4135595560073853	0.018802333623170853	0
13	191	centered_logit	random_sphere	8	7.704747200012207	7.704747200012207	31.210063934326172	0.0003463506291154772	1.4229185581207275	0.03206125274300575	0
13	255	centered_logit	random_sphere	8	3.824763059616089	3.824763059616089	31.787582397460938	3.477864811429754e-05	1.3648127317428589	0.022099003195762634	0
13	63	inverse_hidden	proposal	8	0.013994316570460796	1.2121986150741577	0.013994316570460796	0.6402745246887207	0.04291367158293724	0.04372644051909447	1
13	127	inverse_hidden	proposal	8	0.0058125900104641914	2.016228437423706	0.0058125900104641914	0.0011232915567234159	0.017025314271450043	0.018802333623170853	0
13	191	inverse_hidden	proposal	8	0.004745032638311386	4.562975883483887	0.004745032638311386	0.013070056214928627	0.030301332473754883	0.03206125274300575	1
13	255	inverse_hidden	proposal	8	0.005753782577812672	2.114230155944824	0.005753782577812672	0.004017844796180725	0.020352203398942947	0.022099003195762634	0
13	63	inverse_hidden	canonical_perturbation	8	0.11460071802139282	2.2184383869171143	0.11460071802139282	6.306375871645287e-05	0.03954187035560608	0.04372644051909447	0
13	127	inverse_hidden	canonical_perturbation	8	0.00847100280225277	1.075643539428711	0.00847100280225277	0.08571638911962509	0.017168907448649406	0.018802333623170853	1
13	191	inverse_hidden	canonical_perturbation	8	0.04753892123699188	7.434345722198486	0.04753892123699188	0.002356772543862462	0.029380276799201965	0.03206125274300575	0
13	255	inverse_hidden	canonical_perturbation	8	0.02189880795776844	1.4922943115234375	0.02189880795776844	0.02139243483543396	0.02086782269179821	0.022099003195762634	1
13	63	inverse_hidden	random_sphere	8	29.933664321899414	2.1728549003601074	29.933664321899414	0.0004996092757210135	1.3796799182891846	0.04372644051909447	0
13	127	inverse_hidden	random_sphere	8	31.506412506103516	2.4852631092071533	31.506412506103516	0.00013522770314011723	1.413434386253357	0.018802333623170853	0
13	191	inverse_hidden	random_sphere	8	31.20322036743164	8.451639175415039	31.20322036743164	0.00020026686252094805	1.4229172468185425	0.03206125274300575	0
13	255	inverse_hidden	random_sphere	8	31.73810386657715	4.1980156898498535	31.73810386657715	1.9205948774470016e-05	1.3654136657714844	0.022099003195762634	0
12	63	centered_logit	proposal	16	0.4060121774673462	0.4060121774673462	0.08986958861351013	0.9994515776634216	0.0314745269715786	0.02119857259094715	1
12	127	centered_logit	proposal	16	0.5893839001655579	0.5893839001655579	0.1556127369403839	0.9367377161979675	0.04022327437996864	0.027209676802158356	1
12	191	centered_logit	proposal	16	0.740364134311676	0.740364134311676	0.15766650438308716	0.8328904509544373	0.04679936170578003	0.036504633724689484	1
12	255	centered_logit	proposal	16	0.6346839666366577	0.6346839666366577	0.13238900899887085	0.8555091619491577	0.03913282975554466	0.024785609915852547	1
12	63	centered_logit	canonical_perturbation	16	0.493306964635849	0.493306964635849	0.12300083786249161	0.9980325102806091	0.031192684546113014	0.02119857259094715	1
12	127	centered_logit	canonical_perturbation	16	0.6513158679008484	0.6513158679008484	0.21155515313148499	0.8057791590690613	0.04004191979765892	0.027209676802158356	1
12	191	centered_logit	canonical_perturbation	16	0.8325742483139038	0.8325742483139038	0.2678449749946594	0.5934705138206482	0.048216208815574646	0.036504633724689484	1
12	255	centered_logit	canonical_perturbation	16	0.7620649337768555	0.7620649337768555	0.13932198286056519	0.7932754158973694	0.038550883531570435	0.024785609915852547	1
12	63	centered_logit	random_sphere	16	5.293807029724121	5.293807029724121	28.989116668701172	0.00025819940492510796	1.4334536790847778	0.02119857259094715	0
12	127	centered_logit	random_sphere	16	7.024015426635742	7.024015426635742	29.83185386657715	0.0003860596043523401	1.4376235008239746	0.027209676802158356	0
12	191	centered_logit	random_sphere	16	6.008533477783203	6.008533477783203	31.014440536499023	0.000245782284764573	1.4721496105194092	0.036504633724689484	0
12	255	centered_logit	random_sphere	16	8.17255973815918	8.17255973815918	29.37257957458496	0.0002430976164760068	1.4165536165237427	0.024785609915852547	0
12	63	inverse_hidden	proposal	16	0.0035720770247280598	5.165626049041748	0.0035720770247280598	0.18688996136188507	0.018951600417494774	0.02119857259094715	1
12	127	inverse_hidden	proposal	16	0.004656515549868345	4.047630786895752	0.004656515549868345	0.03358721360564232	0.025849390774965286	0.027209676802158356	0
12	191	inverse_hidden	proposal	16	0.005390385165810585	4.354702949523926	0.005390385165810585	0.09631264209747314	0.03566603735089302	0.036504633724689484	1
12	255	inverse_hidden	proposal	16	0.007058426737785339	6.680032253265381	0.007058426737785339	0.008776887319982052	0.022701557725667953	0.024785609915852547	0
12	63	inverse_hidden	canonical_perturbation	16	0.01203907374292612	6.479841709136963	0.01203907374292612	0.04536993056535721	0.019978342577815056	0.02119857259094715	1
12	127	inverse_hidden	canonical_perturbation	16	0.03310566395521164	6.339308738708496	0.03310566395521164	0.0086331432685256	0.02753632888197899	0.027209676802158356	1
12	191	inverse_hidden	canonical_perturbation	16	0.04802778735756874	5.185479164123535	0.04802778735756874	0.014867463149130344	0.034160811454057693	0.036504633724689484	1
12	255	inverse_hidden	canonical_perturbation	16	0.008475764654576778	6.270227432250977	0.008475764654576778	0.03881032019853592	0.0235206950455904	0.024785609915852547	1
12	63	inverse_hidden	random_sphere	16	28.935420989990234	6.7189106941223145	28.935420989990234	8.630979573354125e-05	1.4368058443069458	0.02119857259094715	0
12	127	inverse_hidden	random_sphere	16	29.799612045288086	8.623067855834961	29.799612045288086	0.00012259368668310344	1.4376856088638306	0.027209676802158356	0
12	191	inverse_hidden	random_sphere	16	30.963260650634766	7.384823799133301	30.963260650634766	7.966842531459406e-05	1.4740900993347168	0.036504633724689484	0
12	255	inverse_hidden	random_sphere	16	29.232614517211914	9.860349655151367	29.232614517211914	7.466255920007825e-05	1.4195665121078491	0.024785609915852547	0
13	63	centered_logit	proposal	16	0.36129260063171387	0.36129260063171387	0.07663251459598541	0.9999775886535645	0.045814432203769684	0.04372644051909447	1
13	127	centered_logit	proposal	16	0.6823341846466064	0.6823341846466064	0.2049049437046051	0.44647669792175293	0.027031632140278816	0.018802333623170853	1
13	191	centered_logit	proposal	16	0.4993935525417328	0.4993935525417328	0.11536052823066711	0.9641501903533936	0.041011035442352295	0.03206125274300575	1
13	255	centered_logit	proposal	16	0.5414997935295105	0.5414997935295105	0.08030721545219421	0.9393436312675476	0.0298821609467268	0.022099003195762634	1
13	63	centered_logit	canonical_perturbation	16	1.1421985626220703	1.1421985626220703	0.5385493636131287	0.02054126374423504	0.05333865433931351	0.04372644051909447	1
13	127	centered_logit	canonical_perturbation	16	0.39959922432899475	0.39959922432899475	0.10863238573074341	0.9951744675636292	0.028455886989831924	0.018802333623170853	1
13	191	centered_logit	canonical_perturbation	16	0.6864651441574097	0.6864651441574097	0.14832451939582825	0.8877022862434387	0.044220082461833954	0.03206125274300575	1
13	255	centered_logit	canonical_perturbation	16	0.42128902673721313	0.42128902673721313	0.10061542689800262	0.988071084022522	0.029512830078601837	0.022099003195762634	1
13	63	centered_logit	random_sphere	16	1.8585458993911743	1.8585458993911743	29.958721160888672	0.0007919316994957626	1.3820773363113403	0.04372644051909447	0
13	127	centered_logit	random_sphere	16	2.096721887588501	2.096721887588501	31.522705078125	0.0002912971831392497	1.4130593538284302	0.018802333623170853	0
13	191	centered_logit	random_sphere	16	6.959691047668457	6.959691047668457	31.213397979736328	0.0006162237259559333	1.4223376512527466	0.03206125274300575	0
13	255	centered_logit	random_sphere	16	3.4919323921203613	3.4919323921203613	31.8046817779541	5.72902754356619e-05	1.3639804124832153	0.022099003195762634	0
13	63	inverse_hidden	proposal	16	0.0037084377836436033	1.3643708229064941	0.0037084377836436033	0.8033236265182495	0.04329756647348404	0.04372644051909447	1
13	127	inverse_hidden	proposal	16	0.002785288728773594	1.6533684730529785	0.002785288728773594	0.39706239104270935	0.016744723543524742	0.018802333623170853	1
13	191	inverse_hidden	proposal	16	0.0029784843791276217	2.6345438957214355	0.0029784843791276217	0.8414784073829651	0.02993784286081791	0.03206125274300575	1
13	255	inverse_hidden	proposal	16	0.0031451559625566006	3.2704005241394043	0.0031451559625566006	0.10067801177501678	0.02036975510418415	0.022099003195762634	1
13	63	inverse_hidden	canonical_perturbation	16	0.08728552609682083	2.0783894062042236	0.08728552609682083	0.00012382875138428062	0.038618966937065125	0.04372644051909447	0
13	127	inverse_hidden	canonical_perturbation	16	0.007131779566407204	1.075268268585205	0.007131779566407204	0.33357569575309753	0.017734454944729805	0.018802333623170853	1
13	191	inverse_hidden	canonical_perturbation	16	0.025955205783247948	5.452944278717041	0.025955205783247948	0.11436773091554642	0.029742028564214706	0.03206125274300575	1
13	255	inverse_hidden	canonical_perturbation	16	0.009432956576347351	3.1473939418792725	0.009432956576347351	0.002728184685111046	0.022011470049619675	0.022099003195762634	0
13	63	inverse_hidden	random_sphere	16	29.915502548217773	2.172471523284912	29.915502548217773	0.0004981898237019777	1.3784235715866089	0.04372644051909447	0
13	127	inverse_hidden	random_sphere	16	31.495058059692383	2.4972333908081055	31.495058059692383	0.00013313470117282122	1.4127655029296875	0.018802333623170853	0
13	191	inverse_hidden	random_sphere	16	31.193405151367188	8.406115531921387	31.193405151367188	0.00021048281632829458	1.4223049879074097	0.03206125274300575	0
13	255	inverse_hidden	random_sphere	16	31.70416831970215	4.196984767913818	31.70416831970215	1.902785152196884e-05	1.3649193048477173	0.022099003195762634	0
12	63	centered_logit	proposal	24	0.31299132108688354	0.31299132108688354	0.09300952404737473	0.9999198913574219	0.03434965759515762	0.02119857259094715	1
12	127	centered_logit	proposal	24	0.49497008323669434	0.49497008323669434	0.17305806279182434	0.9580516219139099	0.04339805990457535	0.027209676802158356	1
12	191	centered_logit	proposal	24	0.6452164649963379	0.6452164649963379	0.18761605024337769	0.917776346206665	0.050104767084121704	0.036504633724689484	1
12	255	centered_logit	proposal	24	0.517842710018158	0.517842710018158	0.1470976322889328	0.9454784393310547	0.042596980929374695	0.024785609915852547	1
12	63	centered_logit	canonical_perturbation	24	0.37145736813545227	0.37145736813545227	0.1297386735677719	0.9997443556785583	0.03426099568605423	0.02119857259094715	1
12	127	centered_logit	canonical_perturbation	24	0.5478260517120361	0.5478260517120361	0.22736410796642303	0.9088181853294373	0.04373657703399658	0.027209676802158356	1
12	191	centered_logit	canonical_perturbation	24	0.6952736377716064	0.6952736377716064	0.3008287847042084	0.773973822593689	0.05282336845993996	0.036504633724689484	1
12	255	centered_logit	canonical_perturbation	24	0.6236839294433594	0.6236839294433594	0.1728919893503189	0.8618049025535583	0.04267355799674988	0.024785609915852547	1
12	63	centered_logit	random_sphere	24	4.702226638793945	4.702226638793945	29.01403045654297	0.00042247839155606925	1.432321548461914	0.02119857259094715	0
12	127	centered_logit	random_sphere	24	6.318252086639404	6.318252086639404	29.832658767700195	0.0006664355751127005	1.4367420673370361	0.027209676802158356	0
12	191	centered_logit	random_sphere	24	5.404756546020508	5.404756546020508	31.04218101501465	0.00041967860306613147	1.471601963043213	0.036504633724689484	0
12	255	centered_logit	random_sphere	24	7.416003704071045	7.416003704071045	29.410472869873047	0.0004108769935555756	1.4160995483398438	0.024785609915852547	0
12	63	inverse_hidden	proposal	24	0.002100937534123659	2.680586576461792	0.002100937534123659	0.9776401519775391	0.01846647635102272	0.02119857259094715	1
12	127	inverse_hidden	proposal	24	0.0026443274691700935	1.767629623413086	0.0026443274691700935	0.1898733675479889	0.025759601965546608	0.027209676802158356	0
12	191	inverse_hidden	proposal	24	0.0033101493027061224	3.687516689300537	0.0033101493027061224	0.3906964063644409	0.03562025725841522	0.036504633724689484	1
12	255	inverse_hidden	proposal	24	0.003278193762525916	4.640324592590332	0.003278193762525916	0.5155336856842041	0.022832974791526794	0.024785609915852547	1
12	63	inverse_hidden	canonical_perturbation	24	0.00487134512513876	3.495262861251831	0.00487134512513876	0.9186393022537231	0.01982409879565239	0.02119857259094715	1
12	127	inverse_hidden	canonical_perturbation	24	0.019567571580410004	8.630626678466797	0.019567571580410004	0.003848471213132143	0.027875347062945366	0.027209676802158356	1
12	191	inverse_hidden	canonical_perturbation	24	0.027248643338680267	8.962867736816406	0.027248643338680267	0.0007383389165624976	0.034294042736291885	0.036504633724689484	0
12	255	inverse_hidden	canonical_perturbation	24	0.0066292788833379745	5.354454040527344	0.0066292788833379745	0.4505278170108795	0.02265617996454239	0.024785609915852547	1
12	63	inverse_hidden	random_sphere	24	28.927221298217773	6.747873306274414	28.927221298217773	8.459605305688456e-05	1.4370664358139038	0.02119857259094715	0
12	127	inverse_hidden	random_sphere	24	29.780839920043945	8.63279914855957	29.780839920043945	0.00012304088158998638	1.4368897676467896	0.027209676802158356	0
12	191	inverse_hidden	random_sphere	24	30.95583724975586	7.38571310043335	30.95583724975586	7.982481474755332e-05	1.4743876457214355	0.036504633724689484	0
12	255	inverse_hidden	random_sphere	24	29.199708938598633	9.853282928466797	29.199708938598633	7.32265179976821e-05	1.420201301574707	0.024785609915852547	0
13	63	centered_logit	proposal	24	0.21303726732730865	0.21303726732730865	0.06417351961135864	0.9999986886978149	0.04718800261616707	0.04372644051909447	1
13	127	centered_logit	proposal	24	0.5833709239959717	0.5833709239959717	0.15941600501537323	0.8576728105545044	0.029314454644918442	0.018802333623170853	1
13	191	centered_logit	proposal	24	0.40510663390159607	0.40510663390159607	0.11502164602279663	0.9909082651138306	0.04383428022265434	0.03206125274300575	1
13	255	centered_logit	proposal	24	0.4296465218067169	0.4296465218067169	0.09081830829381943	0.9843252897262573	0.032825518399477005	0.022099003195762634	1
13	63	centered_logit	canonical_perturbation	24	0.8645118474960327	0.8645118474960327	0.31422799825668335	0.7684618830680847	0.05754503607749939	0.04372644051909447	1
13	127	centered_logit	canonical_perturbation	24	0.2874320447444916	0.2874320447444916	0.10614732652902603	0.9994795918464661	0.03282399848103523	0.018802333623170853	1
13	191	centered_logit	canonical_perturbation	24	0.5470400452613831	0.5470400452613831	0.18216553330421448	0.9609017372131348	0.04881590977311134	0.03206125274300575	1
13	255	centered_logit	canonical_perturbation	24	0.3126421868801117	0.3126421868801117	0.10386765748262405	0.9974949359893799	0.03254381939768791	0.022099003195762634	1
13	63	centered_logit	random_sphere	24	1.739285945892334	1.739285945892334	29.961715698242188	0.0010798966977745295	1.3826696872711182	0.04372644051909447	0
13	127	centered_logit	random_sphere	24	1.9446452856063843	1.9446452856063843	31.532608032226562	0.00041267048800364137	1.412482738494873	0.018802333623170853	0
13	191	centered_logit	random_sphere	24	6.273388862609863	6.273388862609863	31.222980499267578	0.0010697041871026158	1.4217147827148438	0.03206125274300575	0
13	255	centered_logit	random_sphere	24	3.1986937522888184	3.1986937522888184	31.824935913085938	8.924181020120159e-05	1.363154649734497	0.022099003195762634	0
13	63	inverse_hidden	proposal	24	0.0031301032286137342	1.6384339332580566	0.0031301032286137342	0.9815573692321777	0.042936623096466064	0.04372644051909447	1
13	127	inverse_hidden	proposal	24	0.0018347474979236722	0.962783694267273	0.0018347474979236722	0.7623924612998962	0.016354626044631004	0.018802333623170853	1
13	191	inverse_hidden	proposal	24	0.0020140495616942644	2.828388214111328	0.0020140495616942644	0.9460309743881226	0.029424456879496574	0.03206125274300575	1
13	255	inverse_hidden	proposal	24	0.001778766163624823	2.0596823692321777	0.001778766163624823	0.8377947211265564	0.02003469318151474	0.022099003195762634	1
13	63	inverse_hidden	canonical_perturbation	24	0.05748537555336952	2.064742088317871	0.05748537555336952	0.0033788688015192747	0.040107786655426025	0.04372644051909447	0
13	127	inverse_hidden	canonical_perturbation	24	0.003699480090290308	0.8138038516044617	0.003699480090290308	0.8779267072677612	0.01666588895022869	0.018802333623170853	1
13	191	inverse_hidden	canonical_perturbation	24	0.01796814240515232	9.201562881469727	0.01796814240515232	0.007724849507212639	0.029473820701241493	0.03206125274300575	1
13	255	inverse_hidden	canonical_perturbation	24	0.007507534231990576	2.485302686691284	0.007507534231990576	0.04472751542925835	0.02150489017367363	0.022099003195762634	1
13	63	inverse_hidden	random_sphere	24	29.898942947387695	2.1717936992645264	29.898942947387695	0.0004967130953446031	1.3771902322769165	0.04372644051909447	0
13	127	inverse_hidden	random_sphere	24	31.484498977661133	2.5091676712036133	31.484498977661133	0.00013069799751974642	1.412121295928955	0.018802333623170853	0
13	191	inverse_hidden	random_sphere	24	31.184341430664062	8.363262176513672	31.184341430664062	0.00022152747260406613	1.4217991828918457	0.03206125274300575	0
13	255	inverse_hidden	random_sphere	24	31.673290252685547	4.193126201629639	31.673290252685547	1.8869601262849756e-05	1.364327311515808	0.022099003195762634	0
12	63	centered_logit	proposal	40	0.21116968989372253	0.21116968989372253	0.08789461106061935	0.999993085861206	0.03745397925376892	0.02119857259094715	1
12	127	centered_logit	proposal	40	0.35167646408081055	0.35167646408081055	0.15792834758758545	0.9936708211898804	0.046413492411375046	0.027209676802158356	1
12	191	centered_logit	proposal	40	0.5069475173950195	0.5069475173950195	0.17536421120166779	0.9828359484672546	0.053570933640003204	0.036504633724689484	1
12	255	centered_logit	proposal	40	0.37570568919181824	0.37570568919181824	0.14558446407318115	0.9892624020576477	0.045803654938936234	0.024785609915852547	1
12	63	centered_logit	canonical_perturbation	40	0.24706003069877625	0.24706003069877625	0.11507783830165863	0.999983549118042	0.03763684257864952	0.02119857259094715	1
12	127	centered_logit	canonical_perturbation	40	0.40570375323295593	0.40570375323295593	0.20055073499679565	0.9854704141616821	0.04733296111226082	0.027209676802158356	1
12	191	centered_logit	canonical_perturbation	40	0.5265682935714722	0.5265682935714722	0.2686018645763397	0.9553239345550537	0.05769406259059906	0.036504633724689484	1
12	255	centered_logit	canonical_perturbation	40	0.47820785641670227	0.47820785641670227	0.18715505301952362	0.9598307609558105	0.0462544709444046	0.024785609915852547	1
12	63	centered_logit	random_sphere	40	3.7102243900299072	3.7102243900299072	29.072673797607422	0.001051256898790598	1.4305039644241333	0.02119857259094715	0
12	127	centered_logit	random_sphere	40	5.095290184020996	5.095290184020996	29.84735679626465	0.0018288366263732314	1.434905767440796	0.027209676802158356	0
12	191	centered_logit	random_sphere	40	4.379648208618164	4.379648208618164	31.11429786682129	0.0011220596497878432	1.4707578420639038	0.036504633724689484	0
12	255	centered_logit	random_sphere	40	6.099106788635254	6.099106788635254	29.499561309814453	0.0010821707546710968	1.4154537916183472	0.024785609915852547	0
12	63	inverse_hidden	proposal	40	0.0008922661654651165	1.896590232849121	0.0008922661654651165	0.9997010827064514	0.017353808507323265	0.02119857259094715	1
12	127	inverse_hidden	proposal	40	0.0014729072572663426	2.4880189895629883	0.0014729072572663426	0.39649417996406555	0.024472154676914215	0.027209676802158356	0
12	191	inverse_hidden	proposal	40	0.001395833445712924	2.1273398399353027	0.001395833445712924	0.9859387874603271	0.034713659435510635	0.036504633724689484	1
12	255	inverse_hidden	proposal	40	0.0014752198476344347	1.8876841068267822	0.0014752198476344347	0.9326515197753906	0.021583719179034233	0.024785609915852547	1
12	63	inverse_hidden	canonical_perturbation	40	0.005386315751820803	1.8783475160598755	0.005386315751820803	0.9913734793663025	0.018292361870408058	0.02119857259094715	1
12	127	inverse_hidden	canonical_perturbation	40	0.00937674380838871	5.229537487030029	0.00937674380838871	0.3955059051513672	0.02698391303420067	0.027209676802158356	1
12	191	inverse_hidden	canonical_perturbation	40	0.01378119457513094	6.319494247436523	0.01378119457513094	0.04832024499773979	0.033090461045503616	0.036504633724689484	1
12	255	inverse_hidden	canonical_perturbation	40	0.006610601209104061	4.2747931480407715	0.006610601209104061	0.598392128944397	0.019592640921473503	0.024785609915852547	1
12	63	inverse_hidden	random_sphere	40	28.91278839111328	6.796624183654785	28.91278839111328	8.101380080915987e-05	1.437512993812561	0.02119857259094715	0
12	127	inverse_hidden	random_sphere	40	29.750274658203125	8.644624710083008	29.750274658203125	0.00012458540732041	1.4356462955474854	0.027209676802158356	0
12	191	inverse_hidden	random_sphere	40	30.942293167114258	7.3867597579956055	30.942293167114258	7.988265861058608e-05	1.474736213684082	0.036504633724689484	0
12	255	inverse_hidden	random_sphere	40	29.14408302307129	9.838211059570312	29.14408302307129	7.047505641821772e-05	1.4211158752441406	0.024785609915852547	0
13	63	centered_logit	proposal	40	0.1280820518732071	0.1280820518732071	0.06112906336784363	0.9999998807907104	0.048581548035144806	0.04372644051909447	1
13	127	centered_logit	proposal	40	0.4229794144630432	0.4229794144630432	0.15009696781635284	0.9845280051231384	0.03253304213285446	0.018802333623170853	1
13	191	centered_logit	proposal	40	0.27325546741485596	0.27325546741485596	0.09006975591182709	0.9995834231376648	0.04720649495720863	0.03206125274300575	1
13	255	centered_logit	proposal	40	0.30218663811683655	0.30218663811683655	0.09413942694664001	0.9976279139518738	0.036044299602508545	0.022099003195762634	1
13	63	centered_logit	canonical_perturbation	40	0.5018019080162048	0.5018019080162048	0.2812182605266571	0.9990363121032715	0.06404294818639755	0.04372644051909447	1
13	127	centered_logit	canonical_perturbation	40	0.1678963303565979	0.1678963303565979	0.10210400074720383	0.9999535083770752	0.038633204996585846	0.018802333623170853	1
13	191	centered_logit	canonical_perturbation	40	0.4116044044494629	0.4116044044494629	0.18807394802570343	0.9929083585739136	0.0529865138232708	0.03206125274300575	1
13	255	centered_logit	canonical_perturbation	40	0.2004421353340149	0.2004421353340149	0.09502366930246353	0.9997268319129944	0.036883965134620667	0.022099003195762634	1
13	63	centered_logit	random_sphere	40	1.5479199886322021	1.5479199886322021	29.96824073791504	0.002307996852323413	1.3839726448059082	0.04372644051909447	0
13	127	centered_logit	random_sphere	40	1.6968034505844116	1.6968034505844116	31.561708450317383	0.0007809196831658483	1.411330223083496	0.018802333623170853	0
13	191	centered_logit	random_sphere	40	5.083520889282227	5.083520889282227	31.25821876525879	0.002967437729239464	1.420283555984497	0.03206125274300575	0
13	255	centered_logit	random_sphere	40	2.7199368476867676	2.7199368476867676	31.868515014648438	0.00019705729209817946	1.3616688251495361	0.022099003195762634	0
13	63	inverse_hidden	proposal	40	0.0012658473569899797	1.120220422744751	0.0012658473569899797	0.9989895224571228	0.04248605668544769	0.04372644051909447	1
13	127	inverse_hidden	proposal	40	0.0006610708660446107	1.0296878814697266	0.0006610708660446107	0.9980509281158447	0.014402790926396847	0.018802333623170853	1
13	191	inverse_hidden	proposal	40	0.0007268973276950419	0.9554924368858337	0.0007268973276950419	0.9998200535774231	0.02843106910586357	0.03206125274300575	1
13	255	inverse_hidden	proposal	40	0.0007512761512771249	1.146294355392456	0.0007512761512771249	0.9963311553001404	0.01824209652841091	0.022099003195762634	1
13	63	inverse_hidden	canonical_perturbation	40	0.02958400920033455	1.794014811515808	0.02958400920033455	0.29469776153564453	0.038946207612752914	0.04372644051909447	1
13	127	inverse_hidden	canonical_perturbation	40	0.001695172511972487	0.619041919708252	0.001695172511972487	0.9908101558685303	0.013334464281797409	0.018802333623170853	1
13	191	inverse_hidden	canonical_perturbation	40	0.008514175191521645	5.727447032928467	0.008514175191521645	0.6421526074409485	0.026911916211247444	0.03206125274300575	1
13	255	inverse_hidden	canonical_perturbation	40	0.003521799109876156	1.922347903251648	0.003521799109876156	0.4274700880050659	0.01825915463268757	0.022099003195762634	1
13	63	inverse_hidden	random_sphere	40	29.868282318115234	2.1698150634765625	29.868282318115234	0.0004883688525296748	1.3747966289520264	0.04372644051909447	0
13	127	inverse_hidden	random_sphere	40	31.46578598022461	2.531158447265625	31.46578598022461	0.00012549594976007938	1.41098952293396	0.018802333623170853	0
13	191	inverse_hidden	random_sphere	40	31.166427612304688	8.281290054321289	31.166427612304688	0.00024573036353103817	1.4208903312683105	0.03206125274300575	0
13	255	inverse_hidden	random_sphere	40	31.620668411254883	4.176959037780762	31.620668411254883	1.8710676158661954e-05	1.3628658056259155	0.022099003195762634	0
14	63	centered_logit	proposal	0	7.374113082885742	7.374113082885742	0.042864106595516205	0.09338002651929855	0.02310076355934143	0.02310076355934143	1
14	127	centered_logit	proposal	0	2.7115540504455566	2.7115540504455566	0.03588256984949112	0.274597704410553	0.0344623327255249	0.0344623327255249	1
14	191	centered_logit	proposal	0	5.415398120880127	5.415398120880127	0.035460587590932846	0.20110861957073212	0.022439802065491676	0.022439802065491676	1
14	255	centered_logit	proposal	0	3.609584331512451	3.609584331512451	0.03988032788038254	0.0933062806725502	0.024240616708993912	0.024240616708993912	1
14	63	centered_logit	canonical_perturbation	0	5.830482482910156	5.830482482910156	0.06995511054992676	0.003278282703831792	0.02310076542198658	0.02310076355934143	0
14	127	centered_logit	canonical_perturbation	0	5.050097942352295	5.050097942352295	0.2241918295621872	0.0038202095311135054	0.0344623364508152	0.0344623327255249	1
14	191	centered_logit	canonical_perturbation	0	4.281447410583496	4.281447410583496	0.08399458229541779	0.02252531610429287	0.022439802065491676	0.022439802065491676	1
14	255	centered_logit	canonical_perturbation	0	4.570068359375	4.570068359375	0.0818471759557724	0.036055658012628555	0.024240616708993912	0.024240616708993912	1
14	63	centered_logit	random_sphere	0	3.390453815460205	3.390453815460205	28.657360076904297	0.0006770946201868355	1.3890761137008667	0.02310076355934143	0
14	127	centered_logit	random_sphere	0	8.025106430053711	8.025106430053711	27.544334411621094	5.0401016778778285e-05	1.3751531839370728	0.0344623327255249	0
14	191	centered_logit	random_sphere	0	2.925690174102783	2.925690174102783	27.610464096069336	7.332635868806392e-05	1.4184712171554565	0.022439802065491676	0
14	255	centered_logit	random_sphere	0	7.267817497253418	7.267817497253418	26.593936920166016	0.00020130396296735853	1.4181426763534546	0.024240616708993912	0
14	63	inverse_hidden	proposal	0	0.042864106595516205	7.374113082885742	0.042864106595516205	0.09338002651929855	0.02310076355934143	0.02310076355934143	1
14	127	inverse_hidden	proposal	0	0.03588256984949112	2.7115540504455566	0.03588256984949112	0.274597704410553	0.0344623327255249	0.0344623327255249	1
14	191	inverse_hidden	proposal	0	0.035460587590932846	5.415398120880127	0.035460587590932846	0.20110861957073212	0.022439802065491676	0.022439802065491676	1
14	255	inverse_hidden	proposal	0	0.03988032788038254	3.609584331512451	0.03988032788038254	0.0933062806725502	0.024240616708993912	0.024240616708993912	1
14	63	inverse_hidden	canonical_perturbation	0	0.06995511054992676	5.830482482910156	0.06995511054992676	0.003278282703831792	0.02310076542198658	0.02310076355934143	0
14	127	inverse_hidden	canonical_perturbation	0	0.2241918295621872	5.050097942352295	0.2241918295621872	0.0038202095311135054	0.0344623364508152	0.0344623327255249	1
14	191	inverse_hidden	canonical_perturbation	0	0.08399458229541779	4.281447410583496	0.08399458229541779	0.02252531610429287	0.022439802065491676	0.022439802065491676	1
14	255	inverse_hidden	canonical_perturbation	0	0.0818471759557724	4.570068359375	0.0818471759557724	0.036055658012628555	0.024240616708993912	0.024240616708993912	1
14	63	inverse_hidden	random_sphere	0	28.657360076904297	3.390453815460205	28.657360076904297	0.0006770946201868355	1.3890761137008667	0.02310076355934143	0
14	127	inverse_hidden	random_sphere	0	27.544334411621094	8.025106430053711	27.544334411621094	5.0401016778778285e-05	1.3751531839370728	0.0344623327255249	0
14	191	inverse_hidden	random_sphere	0	27.610464096069336	2.925690174102783	27.610464096069336	7.332635868806392e-05	1.4184712171554565	0.022439802065491676	0
14	255	inverse_hidden	random_sphere	0	26.593936920166016	7.267817497253418	26.593936920166016	0.00020130396296735853	1.4181426763534546	0.024240616708993912	0
15	63	centered_logit	proposal	0	1.358120083808899	1.358120083808899	0.029888201504945755	0.056903596967458725	0.02484631910920143	0.02484631910920143	1
15	127	centered_logit	proposal	0	3.545985698699951	3.545985698699951	0.03787488862872124	0.24994094669818878	0.02713051438331604	0.02713051438331604	1
15	191	centered_logit	proposal	0	4.568204879760742	4.568204879760742	0.04668743535876274	0.03774150460958481	0.02636703848838806	0.02636703848838806	1
15	255	centered_logit	proposal	0	5.060201644897461	5.060201644897461	0.0456305593252182	0.1886182278394699	0.02843434363603592	0.02843434363603592	1
15	63	centered_logit	canonical_perturbation	0	1.5319477319717407	1.5319477319717407	0.10507640242576599	0.02359803393483162	0.02484631910920143	0.02484631910920143	1
15	127	centered_logit	canonical_perturbation	0	5.750546455383301	5.750546455383301	0.0689302533864975	0.001200472586788237	0.02713051438331604	0.02713051438331604	0
15	191	centered_logit	canonical_perturbation	0	4.911516189575195	4.911516189575195	0.13335168361663818	0.009689711034297943	0.02636704221367836	0.02636703848838806	1
15	255	centered_logit	canonical_perturbation	0	7.223067283630371	7.223067283630371	0.21152052283287048	0.0045734369195997715	0.028434347361326218	0.02843434363603592	0
15	63	centered_logit	random_sphere	0	3.3626956939697266	3.3626956939697266	29.812150955200195	0.0002925122680608183	1.4387011528015137	0.02484631910920143	0
15	127	centered_logit	random_sphere	0	6.338644504547119	6.338644504547119	28.92023277282715	0.00017160273273475468	1.4209411144256592	0.02713051438331604	0
15	191	centered_logit	random_sphere	0	8.1072998046875	8.1072998046875	28.09610939025879	0.00024515841505490243	1.4590572118759155	0.02636703848838806	0
15	255	centered_logit	random_sphere	0	10.117445945739746	10.117445945739746	28.12554359436035	0.000889575807377696	1.440641164779663	0.02843434363603592	0
15	63	inverse_hidden	proposal	0	0.029888201504945755	1.358120083808899	0.029888201504945755	0.056903596967458725	0.02484631910920143	0.02484631910920143	1
15	127	inverse_hidden	proposal	0	0.03787488862872124	3.545985698699951	0.03787488862872124	0.24994094669818878	0.02713051438331604	0.02713051438331604	1
15	191	inverse_hidden	proposal	0	0.04668743535876274	4.568204879760742	0.04668743535876274	0.03774150460958481	0.02636703848838806	0.02636703848838806	1
15	255	inverse_hidden	proposal	0	0.0456305593252182	5.060201644897461	0.0456305593252182	0.1886182278394699	0.02843434363603592	0.02843434363603592	1
15	63	inverse_hidden	canonical_perturbation	0	0.10507640242576599	1.5319477319717407	0.10507640242576599	0.02359803393483162	0.02484631910920143	0.02484631910920143	1
15	127	inverse_hidden	canonical_perturbation	0	0.0689302533864975	5.750546455383301	0.0689302533864975	0.001200472586788237	0.02713051438331604	0.02713051438331604	0
15	191	inverse_hidden	canonical_perturbation	0	0.13335168361663818	4.911516189575195	0.13335168361663818	0.009689711034297943	0.02636704221367836	0.02636703848838806	1
15	255	inverse_hidden	canonical_perturbation	0	0.21152052283287048	7.223067283630371	0.21152052283287048	0.0045734369195997715	0.028434347361326218	0.02843434363603592	0
15	63	inverse_hidden	random_sphere	0	29.812150955200195	3.3626956939697266	29.812150955200195	0.0002925122680608183	1.4387011528015137	0.02484631910920143	0
15	127	inverse_hidden	random_sphere	0	28.92023277282715	6.338644504547119	28.92023277282715	0.00017160273273475468	1.4209411144256592	0.02713051438331604	0
15	191	inverse_hidden	random_sphere	0	28.09610939025879	8.1072998046875	28.09610939025879	0.00024515841505490243	1.4590572118759155	0.02636703848838806	0
15	255	inverse_hidden	random_sphere	0	28.12554359436035	10.117445945739746	28.12554359436035	0.000889575807377696	1.440641164779663	0.02843434363603592	0
14	63	centered_logit	proposal	1	2.973583936691284	2.973583936691284	0.03410276770591736	0.02593175508081913	0.023130951449275017	0.02310076355934143	1
14	127	centered_logit	proposal	1	1.390183448791504	1.390183448791504	0.047482363879680634	0.36984679102897644	0.034839048981666565	0.0344623327255249	1
14	191	centered_logit	proposal	1	2.560059070587158	2.560059070587158	0.05236349254846573	0.005885812919586897	0.02223183959722519	0.022439802065491676	0
14	255	centered_logit	proposal	1	1.9262611865997314	1.9262611865997314	0.05201394483447075	0.22317273914813995	0.02479781024158001	0.024240616708993912	1
14	63	centered_logit	canonical_perturbation	1	3.692387104034424	3.692387104034424	0.06292641162872314	0.003913591615855694	0.023328710347414017	0.02310076355934143	1
14	127	centered_logit	canonical_perturbation	1	3.9251928329467773	3.9251928329467773	0.20969447493553162	0.013579480350017548	0.03443422541022301	0.0344623327255249	1
14	191	centered_logit	canonical_perturbation	1	2.6983861923217773	2.6983861923217773	0.07296363264322281	0.02740165963768959	0.022605109959840775	0.022439802065491676	1
14	255	centered_logit	canonical_perturbation	1	2.9295201301574707	2.9295201301574707	0.09014589339494705	0.13489140570163727	0.024449169635772705	0.024240616708993912	1
14	63	centered_logit	random_sphere	1	3.338392972946167	3.338392972946167	28.649887084960938	0.000681706762406975	1.3892326354980469	0.02310076355934143	0
14	127	centered_logit	random_sphere	1	7.921049118041992	7.921049118041992	27.546493530273438	5.461084583657794e-05	1.3750758171081543	0.0344623327255249	0
14	191	centered_logit	random_sphere	1	2.8909432888031006	2.8909432888031006	27.610841751098633	7.402672054013237e-05	1.418642282485962	0.022439802065491676	0
14	255	centered_logit	random_sphere	1	7.166170120239258	7.166170120239258	26.594806671142578	0.00021676815231330693	1.4180251359939575	0.024240616708993912	0
14	63	inverse_hidden	proposal	1	0.026743609458208084	4.245586395263672	0.026743609458208084	0.005673204082995653	0.022532029077410698	0.02310076355934143	1
14	127	inverse_hidden	proposal	1	0.033141009509563446	5.888450622558594	0.033141009509563446	0.0009311818284913898	0.033979400992393494	0.0344623327255249	0
14	191	inverse_hidden	proposal	1	0.01341378502547741	4.798402786254883	0.01341378502547741	0.02914879098534584	0.021698271855711937	0.022439802065491676	0
14	255	inverse_hidden	proposal	1	0.020056912675499916	5.503270149230957	0.020056912675499916	0.001131732133217156	0.02417794056236744	0.024240616708993912	0
14	63	inverse_hidden	canonical_perturbation	1	0.030615679919719696	4.494837760925293	0.030615679919719696	0.009662972763180733	0.02250407263636589	0.02310076355934143	1
14	127	inverse_hidden	canonical_perturbation	1	0.1028883159160614	5.21981143951416	0.1028883159160614	0.005192814394831657	0.03373463451862335	0.0344623327255249	1
14	191	inverse_hidden	canonical_perturbation	1	0.03486594557762146	3.570904016494751	0.03486594557762146	0.025839848443865776	0.021848365664482117	0.022439802065491676	1
14	255	inverse_hidden	canonical_perturbation	1	0.036862947046756744	5.941437244415283	0.036862947046756744	0.012976170517504215	0.02367587387561798	0.024240616708993912	1
14	63	inverse_hidden	random_sphere	1	28.653451919555664	3.391139507293701	28.653451919555664	0.0006769109168089926	1.3891328573226929	0.02310076355934143	0
14	127	inverse_hidden	random_sphere	1	27.54087257385254	8.02673053741455	27.54087257385254	5.0348942750133574e-05	1.375059723854065	0.0344623327255249	0
14	191	inverse_hidden	random_sphere	1	27.609115600585938	2.9251255989074707	27.609115600585938	7.321612793020904e-05	1.418463945388794	0.022439802065491676	0
14	255	inverse_hidden	random_sphere	1	26.592876434326172	7.268001556396484	26.592876434326172	0.00020177412079647183	1.418076992034912	0.024240616708993912	0
15	63	centered_logit	proposal	1	2.824191093444824	2.824191093444824	0.03753652423620224	0.0030553354881703854	0.025181038305163383	0.02484631910920143	0
15	127	centered_logit	proposal	1	1.9565575122833252	1.9565575122833252	0.04725562036037445	0.6689963340759277	0.02748263254761696	0.02713051438331604	1
15	191	centered_logit	proposal	1	3.044113874435425	3.044113874435425	0.04725593701004982	0.14523173868656158	0.026954099535942078	0.02636703848838806	1
15	255	centered_logit	proposal	1	3.014683723449707	3.014683723449707	0.05812994763255119	0.3812217712402344	0.028847988694906235	0.02843434363603592	1
15	63	centered_logit	canonical_perturbation	1	1.1306352615356445	1.1306352615356445	0.1503748595714569	0.030705921351909637	0.02484913170337677	0.02484631910920143	1
15	127	centered_logit	canonical_perturbation	1	4.036521911621094	4.036521911621094	0.1158684715628624	0.012388189323246479	0.027435896918177605	0.02713051438331604	1
15	191	centered_logit	canonical_perturbation	1	3.446288585662842	3.446288585662842	0.11569085717201233	0.045540403574705124	0.026655858382582664	0.02636703848838806	1
15	255	centered_logit	canonical_perturbation	1	5.559051036834717	5.559051036834717	0.1785619705915451	0.023242760449647903	0.028467675670981407	0.02843434363603592	1
15	63	centered_logit	random_sphere	1	3.321120262145996	3.321120262145996	29.810312271118164	0.00030797874205745757	1.4385786056518555	0.02484631910920143	0
15	127	centered_logit	random_sphere	1	6.253140449523926	6.253140449523926	28.922082901000977	0.0001831862609833479	1.420814037322998	0.02713051438331604	0
15	191	centered_logit	random_sphere	1	8.002121925354004	8.002121925354004	28.09409523010254	0.0002644890919327736	1.45894455909729	0.02636703848838806	0
15	255	centered_logit	random_sphere	1	9.996601104736328	9.996601104736328	28.128559112548828	0.0009632549481466413	1.4405001401901245	0.02843434363603592	0
15	63	inverse_hidden	proposal	1	0.03404505178332329	3.3300304412841797	0.03404505178332329	0.000356808042852208	0.024669772014021873	0.02484631910920143	0
15	127	inverse_hidden	proposal	1	0.017211804166436195	4.841446876525879	0.017211804166436195	0.0025322616565972567	0.026714131236076355	0.02713051438331604	0
15	191	inverse_hidden	proposal	1	0.024986332282423973	5.792469024658203	0.024986332282423973	0.0006821610732004046	0.026194123551249504	0.02636703848838806	0
15	255	inverse_hidden	proposal	1	0.026505304500460625	8.497456550598145	0.026505304500460625	0.0015224273083731532	0.028034955263137817	0.02843434363603592	0
15	63	inverse_hidden	canonical_perturbation	1	0.04881448671221733	3.3393163681030273	0.04881448671221733	0.015423390083014965	0.024257296696305275	0.02484631910920143	0
15	127	inverse_hidden	canonical_perturbation	1	0.05148984491825104	7.3856282234191895	0.05148984491825104	0.00012435864482540637	0.026318946853280067	0.02713051438331604	0
15	191	inverse_hidden	canonical_perturbation	1	0.05635722354054451	4.861056327819824	0.05635722354054451	0.022361427545547485	0.025823498144745827	0.02636703848838806	1
15	255	inverse_hidden	canonical_perturbation	1	0.08701326698064804	6.943068981170654	0.08701326698064804	0.010310325771570206	0.02761843428015709	0.02843434363603592	0
15	63	inverse_hidden	random_sphere	1	29.8109073638916	3.3637747764587402	29.8109073638916	0.00029230944346636534	1.4387035369873047	0.02484631910920143	0
15	127	inverse_hidden	random_sphere	1	28.919374465942383	6.336555004119873	28.919374465942383	0.00017144928278867155	1.4209316968917847	0.02713051438331604	0
15	191	inverse_hidden	random_sphere	1	28.09296417236328	8.105968475341797	28.09296417236328	0.0002455741632729769	1.4589256048202515	0.02636703848838806	0
15	255	inverse_hidden	random_sphere	1	28.124252319335938	10.115310668945312	28.124252319335938	0.0008927059243433177	1.4405903816223145	0.02843434363603592	0
14	63	centered_logit	proposal	2	1.9438271522521973	1.9438271522521973	0.08124717324972153	0.004590875934809446	0.023527681827545166	0.02310076355934143	0
14	127	centered_logit	proposal	2	1.056149959564209	1.056149959564209	0.054757896810770035	0.44526970386505127	0.03543497249484062	0.0344623327255249	1
14	191	centered_logit	proposal	2	1.8526701927185059	1.8526701927185059	0.10278049856424332	0.0018899628194049	0.022401604801416397	0.022439802065491676	0
14	255	centered_logit	proposal	2	1.5419795513153076	1.5419795513153076	0.07418515533208847	0.2035471349954605	0.02558572217822075	0.024240616708993912	1
14	63	centered_logit	canonical_perturbation	2	1.8650147914886475	1.8650147914886475	0.042675960808992386	0.004101555794477463	0.02375754527747631	0.02310076355934143	0
14	127	centered_logit	canonical_perturbation	2	2.9396567344665527	2.9396567344665527	0.170372873544693	0.048168472945690155	0.03454781696200371	0.0344623327255249	1
14	191	centered_logit	canonical_perturbation	2	1.3962429761886597	1.3962429761886597	0.04936880245804787	0.020722562447190285	0.023029828444123268	0.022439802065491676	1
14	255	centered_logit	canonical_perturbation	2	1.8687013387680054	1.8687013387680054	0.08254710584878922	0.36210721731185913	0.024991637095808983	0.024240616708993912	1
14	63	centered_logit	random_sphere	2	3.287097454071045	3.287097454071045	28.642478942871094	0.0006859441054984927	1.3893895149230957	0.02310076355934143	0
14	127	centered_logit	random_sphere	2	7.8178558349609375	7.8178558349609375	27.548751831054688	5.915023939451203e-05	1.3749990463256836	0.0344623327255249	0
14	191	centered_logit	random_sphere	2	2.8568334579467773	2.8568334579467773	27.611351013183594	7.474277663277462e-05	1.4188175201416016	0.022439802065491676	0
14	255	centered_logit	random_sphere	2	7.065433502197266	7.065433502197266	26.59577751159668	0.00023333488206844777	1.4179078340530396	0.024240616708993912	0
14	63	inverse_hidden	proposal	2	0.009528815746307373	4.654575347900391	0.009528815746307373	0.010558092035353184	0.022202815860509872	0.02310076355934143	1
14	127	inverse_hidden	proposal	2	0.011597385630011559	4.318594932556152	0.011597385630011559	0.006485308054834604	0.03353939950466156	0.0344623327255249	0
14	191	inverse_hidden	proposal	2	0.009671191684901714	4.570517539978027	0.009671191684901714	0.011281193234026432	0.021379513666033745	0.022439802065491676	0
14	255	inverse_hidden	proposal	2	0.01668534055352211	4.403120040893555	0.01668534055352211	0.03710577264428139	0.02401343733072281	0.024240616708993912	0
14	63	inverse_hidden	canonical_perturbation	2	0.03785112127661705	3.685882806777954	0.03785112127661705	0.005412680562585592	0.021894089877605438	0.02310076355934143	1
14	127	inverse_hidden	canonical_perturbation	2	0.05877973511815071	7.111557483673096	0.05877973511815071	0.00026395285385660827	0.03319917991757393	0.0344623327255249	0
14	191	inverse_hidden	canonical_perturbation	2	0.044801972806453705	2.570208787918091	0.044801972806453705	0.010345036163926125	0.02141357585787773	0.022439802065491676	1
14	255	inverse_hidden	canonical_perturbation	2	0.04713349789381027	7.233872413635254	0.04713349789381027	0.004377991892397404	0.02318042330443859	0.024240616708993912	1
14	63	inverse_hidden	random_sphere	2	28.64957618713379	3.3918778896331787	28.64957618713379	0.0006766696460545063	1.3891892433166504	0.02310076355934143	0
14	127	inverse_hidden	random_sphere	2	27.537446975708008	8.028337478637695	27.537446975708008	5.029239036957733e-05	1.3749703168869019	0.0344623327255249	0
14	191	inverse_hidden	random_sphere	2	27.607769012451172	2.924534320831299	27.607769012451172	7.309741340577602e-05	1.4184528589248657	0.022439802065491676	0
14	255	inverse_hidden	random_sphere	2	26.591808319091797	7.268282890319824	26.591808319091797	0.00020222223247401416	1.4180117845535278	0.024240616708993912	0
15	63	centered_logit	proposal	2	1.6837286949157715	1.6837286949157715	0.045150987803936005	0.021412905305624008	0.02555839717388153	0.02484631910920143	1
15	127	centered_logit	proposal	2	1.2382533550262451	1.2382533550262451	0.05603073537349701	0.7216755747795105	0.027986424043774605	0.02713051438331604	1
15	191	centered_logit	proposal	2	2.09090518951416	2.09090518951416	0.04445715621113777	0.22613878548145294	0.027690647169947624	0.02636703848838806	0
15	255	centered_logit	proposal	2	1.9672898054122925	1.9672898054122925	0.06590783596038818	0.40087148547172546	0.029452543705701828	0.02843434363603592	1
15	63	centered_logit	canonical_perturbation	2	0.9418100118637085	0.9418100118637085	0.14243876934051514	0.06471754610538483	0.024916622787714005	0.02484631910920143	1
15	127	centered_logit	canonical_perturbation	2	3.1296963691711426	3.1296963691711426	0.14271332323551178	0.029876945540308952	0.02783867157995701	0.02713051438331604	1
15	191	centered_logit	canonical_perturbation	2	2.415696620941162	2.415696620941162	0.09564844518899918	0.1928471028804779	0.027116941288113594	0.02636703848838806	1
15	255	centered_logit	canonical_perturbation	2	3.903003454208374	3.903003454208374	0.13074229657649994	0.12082091718912125	0.028707077726721764	0.02843434363603592	1
15	63	centered_logit	random_sphere	2	3.280103921890259	3.280103921890259	29.808528900146484	0.0003241625090595335	1.4384535551071167	0.02484631910920143	0
15	127	centered_logit	random_sphere	2	6.168464660644531	6.168464660644531	28.92403221130371	0.00019551048171706498	1.420689344406128	0.02713051438331604	0
15	191	centered_logit	random_sphere	2	7.897767066955566	7.897767066955566	28.092178344726562	0.00028523700893856585	1.4588310718536377	0.02636703848838806	0
15	255	centered_logit	random_sphere	2	9.876628875732422	9.876628875732422	28.1317195892334	0.0010425164364278316	1.4403609037399292	0.02843434363603592	0
15	63	inverse_hidden	proposal	2	0.017455054447054863	3.80313777923584	0.017455054447054863	0.00024752059835009277	0.024335764348506927	0.02484631910920143	0
15	127	inverse_hidden	proposal	2	0.007174850907176733	4.527499675750732	0.007174850907176733	0.03982429578900337	0.02635851688683033	0.02713051438331604	0
15	191	inverse_hidden	proposal	2	0.01328960619866848	4.811623573303223	0.01328960619866848	0.006156339310109615	0.02591319940984249	0.02636703848838806	0
15	255	inverse_hidden	proposal	2	0.009972154162824154	5.808148384094238	0.009972154162824154	0.030122004449367523	0.02768445573747158	0.02843434363603592	0
15	63	inverse_hidden	canonical_perturbation	2	0.04848429933190346	4.0677337646484375	0.04848429933190346	0.003274146933108568	0.0236807931214571	0.02484631910920143	1
15	127	inverse_hidden	canonical_perturbation	2	0.04968595877289772	7.6946306228637695	0.04968595877289772	0.00015026818437036127	0.025612112134695053	0.02713051438331604	0
15	191	inverse_hidden	canonical_perturbation	2	0.04644734039902687	6.56960391998291	0.04644734039902687	0.003811105154454708	0.025510113686323166	0.02636703848838806	1
15	255	inverse_hidden	canonical_perturbation	2	0.04623449221253395	8.749624252319336	0.04623449221253395	0.00130772206466645	0.027053728699684143	0.02843434363603592	0
15	63	inverse_hidden	random_sphere	2	29.80975914001465	3.364929676055908	29.80975914001465	0.0002921152045018971	1.4387162923812866	0.02484631910920143	0
15	127	inverse_hidden	random_sphere	2	28.918472290039062	6.334732532501221	28.918472290039062	0.00017126253806054592	1.4209219217300415	0.02713051438331604	0
15	191	inverse_hidden	random_sphere	2	28.0899715423584	8.104867935180664	28.0899715423584	0.0002459260285831988	1.4588091373443604	0.02636703848838806	0
15	255	inverse_hidden	random_sphere	2	28.122955322265625	10.113264083862305	28.122955322265625	0.0008957635727711022	1.440537452697754	0.02843434363603592	0
14	63	centered_logit	proposal	4	1.4127116203308105	1.4127116203308105	0.13164962828159332	0.002455552341416478	0.024972859770059586	0.02310076355934143	0
14	127	centered_logit	proposal	4	0.9117354154586792	0.9117354154586792	0.06458643078804016	0.5855629444122314	0.036832090467214584	0.0344623327255249	1
14	191	centered_logit	proposal	4	1.3810696601867676	1.3810696601867676	0.17283645272254944	0.0011957603273913264	0.023521991446614265	0.022439802065491676	0
14	255	centered_logit	proposal	4	0.9390537738800049	0.9390537738800049	0.07249214500188828	0.47021883726119995	0.027578385546803474	0.024240616708993912	1
14	63	centered_logit	canonical_perturbation	4	1.2419190406799316	1.2419190406799316	0.05147327855229378	0.00032585154986009	0.025088975206017494	0.02310076355934143	0
14	127	centered_logit	canonical_perturbation	4	1.744114637374878	1.744114637374878	0.10731862485408783	0.23296307027339935	0.035330209881067276	0.0344623327255249	1
14	191	centered_logit	canonical_perturbation	4	1.1649487018585205	1.1649487018585205	0.050188098102808	0.00167937355581671	0.02449267916381359	0.022439802065491676	0
14	255	centered_logit	canonical_perturbation	4	1.099543809890747	1.099543809890747	0.08183280378580093	0.6966243386268616	0.0268227681517601	0.024240616708993912	1
14	63	centered_logit	random_sphere	4	3.186854124069214	3.186854124069214	28.627914428710938	0.0006932919495739043	1.3897027969360352	0.02310076355934143	0
14	127	centered_logit	random_sphere	4	7.614126205444336	7.614126205444336	27.553503036499023	6.931315874680877e-05	1.3748459815979004	0.0344623327255249	0
14	191	centered_logit	random_sphere	4	2.7905428409576416	2.7905428409576416	27.612642288208008	7.62336203479208e-05	1.4191676378250122	0.022439802065491676	0
14	255	centered_logit	random_sphere	4	6.866754055023193	6.866754055023193	26.598011016845703	0.00027003962895832956	1.4176745414733887	0.024240616708993912	0
14	63	inverse_hidden	proposal	4	0.009954501874744892	3.1089231967926025	0.009954501874744892	0.0012204493395984173	0.02206132747232914	0.02310076355934143	0
14	127	inverse_hidden	proposal	4	0.01908525638282299	3.553924798965454	0.01908525638282299	0.057375043630599976	0.03309404104948044	0.0344623327255249	1
14	191	inverse_hidden	proposal	4	0.012356418184936047	4.568216800689697	0.012356418184936047	1.4317947716335766e-06	0.021103747189044952	0.022439802065491676	0
14	255	inverse_hidden	proposal	4	0.010213814675807953	7.398478031158447	0.010213814675807953	0.0002417419891571626	0.023860326036810875	0.024240616708993912	0
14	63	inverse_hidden	canonical_perturbation	4	0.02463640086352825	3.4609546661376953	0.02463640086352825	0.007797691971063614	0.021026503294706345	0.02310076355934143	1
14	127	inverse_hidden	canonical_perturbation	4	0.0900861844420433	8.791584014892578	0.0900861844420433	3.3178963349200785e-05	0.03232714906334877	0.0344623327255249	0
14	191	inverse_hidden	canonical_perturbation	4	0.031450677663087845	2.4072999954223633	0.031450677663087845	0.008513283915817738	0.020916227251291275	0.022439802065491676	1
14	255	inverse_hidden	canonical_perturbation	4	0.023344138637185097	6.407251834869385	0.023344138637185097	0.009087417274713516	0.022568700835108757	0.024240616708993912	1
14	63	inverse_hidden	random_sphere	4	28.641969680786133	3.393479108810425	28.641969680786133	0.0006759187090210617	1.3892996311187744	0.02310076355934143	0
14	127	inverse_hidden	random_sphere	4	27.530742645263672	8.03145980834961	27.530742645263672	5.0172227929579094e-05	1.374795913696289	0.0344623327255249	0
14	191	inverse_hidden	random_sphere	4	27.605148315429688	2.923182487487793	27.605148315429688	7.284361345227808e-05	1.4184192419052124	0.022439802065491676	0
14	255	inverse_hidden	random_sphere	4	26.58968734741211	7.269054412841797	26.58968734741211	0.00020303588826209307	1.4178884029388428	0.024240616708993912	0
15	63	centered_logit	proposal	4	0.8883521556854248	0.8883521556854248	0.04810268059372902	0.2715376913547516	0.02659442275762558	0.02484631910920143	1
15	127	centered_logit	proposal	4	0.8251840472221375	0.8251840472221375	0.06626876443624496	0.7765491008758545	0.029265860095620155	0.02713051438331604	1
15	191	centered_logit	proposal	4	1.1458680629730225	1.1458680629730225	0.043242134153842926	0.24349148571491241	0.02931034378707409	0.02636703848838806	0
15	255	centered_logit	proposal	4	1.0277118682861328	1.0277118682861328	0.06887930631637573	0.4473032057285309	0.031027022749185562	0.02843434363603592	1
15	63	centered_logit	canonical_perturbation	4	0.8171151876449585	0.8171151876449585	0.11554951965808868	0.2274734079837799	0.025471169501543045	0.02484631910920143	1
15	127	centered_logit	canonical_perturbation	4	1.8790647983551025	1.8790647983551025	0.14199022948741913	0.13164375722408295	0.0290224552154541	0.02713051438331604	1
15	191	centered_logit	canonical_perturbation	4	1.4318182468414307	1.4318182468414307	0.0902126356959343	0.5354297161102295	0.028799448162317276	0.02636703848838806	1
15	255	centered_logit	canonical_perturbation	4	2.0295655727386475	2.0295655727386475	0.09338991343975067	0.4017811119556427	0.029950952157378197	0.02843434363603592	1
15	63	centered_logit	random_sphere	4	3.199772834777832	3.199772834777832	29.805065155029297	0.0003588196123018861	1.4381986856460571	0.02484631910920143	0
15	127	centered_logit	random_sphere	4	6.001656532287598	6.001656532287598	28.92821502685547	0.00022255891235545278	1.4204442501068115	0.02713051438331604	0
15	191	centered_logit	random_sphere	4	7.691593170166016	7.691593170166016	28.088598251342773	0.00033140028244815767	1.4586025476455688	0.02636703848838806	0
15	255	centered_logit	random_sphere	4	9.639363288879395	9.639363288879395	28.138347625732422	0.001219330821186304	1.4400877952575684	0.02843434363603592	0
15	63	inverse_hidden	proposal	4	0.013383782468736172	1.591402292251587	0.013383782468736172	0.010087252594530582	0.02387870103120804	0.02484631910920143	0
15	127	inverse_hidden	proposal	4	0.009294782765209675	10.320331573486328	0.009294782765209675	3.4643693652469665e-05	0.026072204113006592	0.02713051438331604	0
15	191	inverse_hidden	proposal	4	0.009670506231486797	10.146392822265625	0.009670506231486797	4.1637867980170995e-05	0.025505591183900833	0.02636703848838806	0
15	255	inverse_hidden	proposal	4	0.008229113183915615	8.312423706054688	0.008229113183915615	0.0007190342294052243	0.02734021469950676	0.02843434363603592	0
15	63	inverse_hidden	canonical_perturbation	4	0.04553360119462013	3.8652517795562744	0.04553360119462013	0.0018900309223681688	0.022778455168008804	0.02484631910920143	1
15	127	inverse_hidden	canonical_perturbation	4	0.02730366215109825	6.619359016418457	0.02730366215109825	0.0015986516373232007	0.024748701602220535	0.02713051438331604	0
15	191	inverse_hidden	canonical_perturbation	4	0.06151530146598816	7.692390441894531	0.06151530146598816	0.0010453399736434221	0.02499600499868393	0.02636703848838806	0
15	255	inverse_hidden	canonical_perturbation	4	0.07830633968114853	11.744401931762695	0.07830633968114853	0.0001241508434759453	0.026325169950723648	0.02843434363603592	0
15	63	inverse_hidden	random_sphere	4	29.80742645263672	3.3673064708709717	29.80742645263672	0.0002917509700637311	1.438750147819519	0.02484631910920143	0
15	127	inverse_hidden	random_sphere	4	28.916675567626953	6.330883502960205	28.916675567626953	0.00017093578935600817	1.4209017753601074	0.02713051438331604	0
15	191	inverse_hidden	random_sphere	4	28.084508895874023	8.103311538696289	28.084508895874023	0.0002463884011376649	1.4585914611816406	0.02636703848838806	0
15	255	inverse_hidden	random_sphere	4	28.12038803100586	10.109729766845703	28.12038803100586	0.0009013336966745555	1.440416693687439	0.02843434363603592	0
14	63	centered_logit	proposal	8	0.9597177505493164	0.9597177505493164	0.0986529290676117	0.000670736248139292	0.02856338769197464	0.02310076355934143	0
14	127	centered_logit	proposal	8	0.734390139579773	0.734390139579773	0.11530989408493042	0.7346460223197937	0.03930937871336937	0.0344623327255249	1
14	191	centered_logit	proposal	8	0.9776824712753296	0.9776824712753296	0.18623414635658264	0.0014932947233319283	0.02688400261104107	0.022439802065491676	0
14	255	centered_logit	proposal	8	0.8117688894271851	0.8117688894271851	0.08994577825069427	0.7500483393669128	0.030966639518737793	0.024240616708993912	1
14	63	centered_logit	canonical_perturbation	8	1.0114797353744507	1.0114797353744507	0.1116972342133522	0.0013920075725764036	0.028368864208459854	0.02310076355934143	0
14	127	centered_logit	canonical_perturbation	8	1.1249462366104126	1.1249462366104126	0.12451628595590591	0.45303285121917725	0.038826074451208115	0.0344623327255249	1
14	191	centered_logit	canonical_perturbation	8	0.9540942907333374	0.9540942907333374	0.0951770767569542	0.009972513653337955	0.027447737753391266	0.022439802065491676	0
14	255	centered_logit	canonical_perturbation	8	0.8003589510917664	0.8003589510917664	0.12669755518436432	0.7127125263214111	0.03144945204257965	0.024240616708993912	1
14	63	centered_logit	random_sphere	8	2.9960525035858154	2.9960525035858154	28.600101470947266	0.000703659257851541	1.390326738357544	0.02310076355934143	0
14	127	centered_logit	random_sphere	8	7.217746734619141	7.217746734619141	27.564184188842773	9.478801803197712e-05	1.3745372295379639	0.0344623327255249	0
14	191	centered_logit	random_sphere	8	2.6656851768493652	2.6656851768493652	27.616535186767578	7.954333705129102e-05	1.4198702573776245	0.022439802065491676	0
14	255	centered_logit	random_sphere	8	6.481021881103516	6.481021881103516	26.603681564331055	0.0003597356553655118	1.417213797569275	0.024240616708993912	0
14	63	inverse_hidden	proposal	8	0.009272490628063679	2.678500175476074	0.009272490628063679	1.5085888662724756e-06	0.02227209508419037	0.02310076355934143	0
14	127	inverse_hidden	proposal	8	0.012777458876371384	9.836999893188477	0.012777458876371384	9.303329534304794e-06	0.032889001071453094	0.0344623327255249	0
14	191	inverse_hidden	proposal	8	0.005189994815737009	2.626433849334717	0.005189994815737009	0.00014169917267281562	0.021250693127512932	0.022439802065491676	0
14	255	inverse_hidden	proposal	8	0.00629447540268302	8.231710433959961	0.00629447540268302	0.0020353589206933975	0.023510856553912163	0.024240616708993912	0
14	63	inverse_hidden	canonical_perturbation	8	0.017009813338518143	3.6699299812316895	0.017009813338518143	0.01625617779791355	0.020674685016274452	0.02310076355934143	1
14	127	inverse_hidden	canonical_perturbation	8	0.04158817604184151	7.601457118988037	0.04158817604184151	0.0003795489319600165	0.03143800050020218	0.0344623327255249	0
14	191	inverse_hidden	canonical_perturbation	8	0.023076487705111504	2.8454723358154297	0.023076487705111504	0.019734084606170654	0.021505257114768028	0.022439802065491676	1
14	255	inverse_hidden	canonical_perturbation	8	0.01639750972390175	5.597740650177002	0.01639750972390175	0.019894421100616455	0.022413570433855057	0.024240616708993912	1
14	63	inverse_hidden	random_sphere	8	28.627267837524414	3.3963983058929443	28.627267837524414	0.0006743601989001036	1.3895021677017212	0.02310076355934143	0
14	127	inverse_hidden	random_sphere	8	27.51805877685547	8.036967277526855	27.51805877685547	4.998736039851792e-05	1.3744564056396484	0.0344623327255249	0
14	191	inverse_hidden	random_sphere	8	27.600048065185547	2.9195473194122314	27.600048065185547	7.237349927891046e-05	1.4183430671691895	0.022439802065491676	0
14	255	inverse_hidden	random_sphere	8	26.585548400878906	7.270843029022217	26.585548400878906	0.00020446471171453595	1.4176539182662964	0.024240616708993912	0
15	63	centered_logit	proposal	8	0.8859249353408813	0.8859249353408813	0.07125186175107956	0.5102884769439697	0.029074037447571754	0.02484631910920143	1
15	127	centered_logit	proposal	8	0.6880106329917908	0.6880106329917908	0.07837148010730743	0.9115568399429321	0.0321512408554554	0.02713051438331604	1
15	191	centered_logit	proposal	8	0.8546164035797119	0.8546164035797119	0.06262893974781036	0.4698171019554138	0.03290542960166931	0.02636703848838806	1
15	255	centered_logit	proposal	8	0.8199000358581543	0.8199000358581543	0.0784136950969696	0.5537444949150085	0.03458929806947708	0.02843434363603592	1
15	63	centered_logit	canonical_perturbation	8	0.6797023415565491	0.6797023415565491	0.16402333974838257	0.29427289962768555	0.027599962428212166	0.02484631910920143	1
15	127	centered_logit	canonical_perturbation	8	1.0761795043945312	1.0761795043945312	0.12440434843301773	0.45760440826416016	0.03231294825673103	0.02713051438331604	1
15	191	centered_logit	canonical_perturbation	8	0.9077500104904175	0.9077500104904175	0.11183217912912369	0.6923973560333252	0.033164557069540024	0.02636703848838806	1
15	255	centered_logit	canonical_perturbation	8	0.9963765144348145	0.9963765144348145	0.12351322919130325	0.5822858214378357	0.034520238637924194	0.02843434363603592	1
15	63	centered_logit	random_sphere	8	3.0460147857666016	3.0460147857666016	29.798738479614258	0.0004384729836601764	1.4376802444458008	0.02484631910920143	0
15	127	centered_logit	random_sphere	8	5.678604602813721	5.678604602813721	28.937835693359375	0.00028741094865836203	1.4199620485305786	0.02713051438331604	0
15	191	centered_logit	random_sphere	8	7.289846420288086	7.289846420288086	28.082468032836914	0.0004454670997802168	1.4581416845321655	0.02636703848838806	0
15	255	centered_logit	random_sphere	8	9.175983428955078	9.175983428955078	28.152742385864258	0.0016595739871263504	1.439559817314148	0.02843434363603592	0
15	63	inverse_hidden	proposal	8	0.007918370887637138	5.5117011070251465	0.007918370887637138	2.7925358153879642e-05	0.023595023900270462	0.02484631910920143	0
15	127	inverse_hidden	proposal	8	0.004209386184811592	6.119100570678711	0.004209386184811592	0.004998867399990559	0.025854812934994698	0.02713051438331604	0
15	191	inverse_hidden	proposal	8	0.006880797911435366	10.077980041503906	0.006880797911435366	0.00022262081620283425	0.025074202567338943	0.02636703848838806	0
15	255	inverse_hidden	proposal	8	0.006134962663054466	12.595047950744629	0.006134962663054466	6.077358921174891e-05	0.027226325124502182	0.02843434363603592	0
15	63	inverse_hidden	canonical_perturbation	8	0.02545483037829399	1.1935441493988037	0.02545483037829399	0.0793888121843338	0.022491589188575745	0.02484631910920143	1
15	127	inverse_hidden	canonical_perturbation	8	0.01582661084830761	6.0115861892700195	0.01582661084830761	0.020516207441687584	0.024072378873825073	0.02713051438331604	1
15	191	inverse_hidden	canonical_perturbation	8	0.023473216220736504	4.398097991943359	0.023473216220736504	0.061873529106378555	0.025033866986632347	0.02636703848838806	1
15	255	inverse_hidden	canonical_perturbation	8	0.029755625873804092	10.823522567749023	0.029755625873804092	0.0005833921022713184	0.02613048627972603	0.02843434363603592	0
15	63	inverse_hidden	random_sphere	8	29.802536010742188	3.371796131134033	29.802536010742188	0.00029100384563207626	1.438812017440796	0.02484631910920143	0
15	127	inverse_hidden	random_sphere	8	28.91333770751953	6.321765899658203	28.91333770751953	0.00017051462782546878	1.4208595752716064	0.02713051438331604	0
15	191	inverse_hidden	random_sphere	8	28.07448959350586	8.101633071899414	28.07448959350586	0.000246767740463838	1.4581913948059082	0.02636703848838806	0
15	255	inverse_hidden	random_sphere	8	28.115501403808594	10.101933479309082	28.115501403808594	0.000911144947167486	1.4401482343673706	0.02843434363603592	0
14	63	centered_logit	proposal	16	0.7268731594085693	0.7268731594085693	0.164455384016037	0.009083070792257786	0.0333157442510128	0.02310076355934143	0
14	127	centered_logit	proposal	16	0.6092498302459717	0.6092498302459717	0.13716064393520355	0.9379974603652954	0.042915064841508865	0.0344623327255249	1
14	191	centered_logit	proposal	16	0.8310114145278931	0.8310114145278931	0.1738211214542389	0.020148003473877907	0.0324157252907753	0.022439802065491676	1
14	255	centered_logit	proposal	16	0.6765363812446594	0.6765363812446594	0.15468454360961914	0.8724480271339417	0.03514549508690834	0.024240616708993912	1
14	63	centered_logit	canonical_perturbation	16	0.700128436088562	0.700128436088562	0.12618277966976166	0.025408906862139702	0.03386925905942917	0.02310076355934143	0
14	127	centered_logit	canonical_perturbation	16	0.8571130037307739	0.8571130037307739	0.2433956116437912	0.6584802269935608	0.0453750342130661	0.0344623327255249	1
14	191	centered_logit	canonical_perturbation	16	0.6864498853683472	0.6864498853683472	0.12342669814825058	0.30875781178474426	0.03232620283961296	0.022439802065491676	1
14	255	centered_logit	canonical_perturbation	16	0.7231600284576416	0.7231600284576416	0.20823834836483002	0.8061000108718872	0.037834182381629944	0.024240616708993912	1
14	63	centered_logit	random_sphere	16	2.6548566818237305	2.6548566818237305	28.550302505493164	0.0007027578540146351	1.3915547132492065	0.02310076355934143	0
14	127	centered_logit	random_sphere	16	6.472235679626465	6.472235679626465	27.59005355834961	0.0001746341004036367	1.3737902641296387	0.0344623327255249	0
14	191	centered_logit	random_sphere	16	2.446190595626831	2.446190595626831	27.63003158569336	8.775511378189549e-05	1.4213008880615234	0.022439802065491676	0
14	255	centered_logit	random_sphere	16	5.759005546569824	5.759005546569824	26.619678497314453	0.0006242695963010192	1.4163086414337158	0.024240616708993912	0
14	63	inverse_hidden	proposal	16	0.004883359186351299	1.7031753063201904	0.004883359186351299	0.00528482673689723	0.022117221727967262	0.02310076355934143	0
14	127	inverse_hidden	proposal	16	0.0043816836550831795	5.244592666625977	0.0043816836550831795	0.22870396077632904	0.03315039351582527	0.0344623327255249	1
14	191	inverse_hidden	proposal	16	0.003485235385596752	1.7636301517486572	0.003485235385596752	0.17537137866020203	0.02124786004424095	0.022439802065491676	1
14	255	inverse_hidden	proposal	16	0.0032584560103714466	3.914032459259033	0.0032584560103714466	0.7521520256996155	0.02280217409133911	0.024240616708993912	1
14	63	inverse_hidden	canonical_perturbation	16	0.006816948298364878	2.390507221221924	0.006816948298364878	0.02233203314244747	0.02079521305859089	0.02310076355934143	1
14	127	inverse_hidden	canonical_perturbation	16	0.020764628425240517	5.936007499694824	0.020764628425240517	0.02984103187918663	0.032066840678453445	0.0344623327255249	1
14	191	inverse_hidden	canonical_perturbation	16	0.007499376777559519	1.639117956161499	0.007499376777559519	0.02140882797539234	0.023103555664420128	0.022439802065491676	1
14	255	inverse_hidden	canonical_perturbation	16	0.010200373828411102	7.66536808013916	0.010200373828411102	0.01029644999653101	0.022644300013780594	0.024240616708993912	1
14	63	inverse_hidden	random_sphere	16	28.599267959594727	3.401770830154419	28.599267959594727	0.0006705420673824847	1.3898247480392456	0.02310076355934143	0
14	127	inverse_hidden	random_sphere	16	27.494384765625	8.04344367980957	27.494384765625	4.9739290261641145e-05	1.373793601989746	0.0344623327255249	0
14	191	inverse_hidden	random_sphere	16	27.589954376220703	2.9117140769958496	27.589954376220703	7.14488560333848e-05	1.418233036994934	0.022439802065491676	0
14	255	inverse_hidden	random_sphere	16	26.578662872314453	7.277093887329102	26.578662872314453	0.00020630928338505328	1.4171385765075684	0.024240616708993912	0
15	63	centered_logit	proposal	16	0.5987486839294434	0.5987486839294434	0.10625000298023224	0.8078669309616089	0.03362451121211052	0.02484631910920143	1
15	127	centered_logit	proposal	16	0.44992536306381226	0.44992536306381226	0.12154820561408997	0.9854573607444763	0.03635057434439659	0.02713051438331604	1
15	191	centered_logit	proposal	16	0.6260726451873779	0.6260726451873779	0.11908148229122162	0.8868199586868286	0.03830545023083687	0.02636703848838806	1
15	255	centered_logit	proposal	16	0.6257403492927551	0.6257403492927551	0.11193130910396576	0.7951909899711609	0.040075287222862244	0.02843434363603592	1
15	63	centered_logit	canonical_perturbation	16	0.5326071977615356	0.5326071977615356	0.1573757827281952	0.8866320252418518	0.03157734498381615	0.02484631910920143	1
15	127	centered_logit	canonical_perturbation	16	0.7925511598587036	0.7925511598587036	0.17519384622573853	0.7241047024726868	0.03825296461582184	0.02713051438331604	1
15	191	centered_logit	canonical_perturbation	16	0.7393337488174438	0.7393337488174438	0.19590623676776886	0.8221500515937805	0.03965364769101143	0.02636703848838806	1
15	255	centered_logit	canonical_perturbation	16	0.7649752497673035	0.7649752497673035	0.19062496721744537	0.6723952889442444	0.04243631660938263	0.02843434363603592	1
15	63	centered_logit	random_sphere	16	2.7664239406585693	2.7664239406585693	29.78940773010254	0.0006473337998613715	1.4366086721420288	0.02484631910920143	0
15	127	centered_logit	random_sphere	16	5.077271938323975	5.077271938323975	28.961767196655273	0.00047176299267448485	1.4190493822097778	0.02713051438331604	0
15	191	centered_logit	random_sphere	16	6.53172492980957	6.53172492980957	28.074220657348633	0.0007904018275439739	1.457213282585144	0.02636703848838806	0
15	255	centered_logit	random_sphere	16	8.29684829711914	8.29684829711914	28.185487747192383	0.0030120559968054295	1.4385474920272827	0.02843434363603592	1
15	63	inverse_hidden	proposal	16	0.0033290116116404533	1.4565056562423706	0.0033290116116404533	0.4338386654853821	0.023104019463062286	0.02484631910920143	1
15	127	inverse_hidden	proposal	16	0.0025218443479388952	4.506204605102539	0.0025218443479388952	0.4381108283996582	0.025444630533456802	0.02713051438331604	1
15	191	inverse_hidden	proposal	16	0.0037416655104607344	4.427171230316162	0.0037416655104607344	0.3474717140197754	0.024134743958711624	0.02636703848838806	1
15	255	inverse_hidden	proposal	16	0.003794770920649171	3.8142714500427246	0.003794770920649171	0.884680449962616	0.02720678225159645	0.02843434363603592	1
15	63	inverse_hidden	canonical_perturbation	16	0.01183519046753645	4.618945598602295	0.01183519046753645	0.0008008928271010518	0.02349495142698288	0.02484631910920143	0
15	127	inverse_hidden	canonical_perturbation	16	0.010275634936988354	3.963226079940796	0.010275634936988354	0.6859105229377747	0.024518663063645363	0.02713051438331604	1
15	191	inverse_hidden	canonical_perturbation	16	0.01676095277070999	6.859784126281738	0.01676095277070999	0.007772319950163364	0.026467368006706238	0.02636703848838806	1
15	255	inverse_hidden	canonical_perturbation	16	0.015364862978458405	10.75885009765625	0.015364862978458405	0.0035429936833679676	0.02770064026117325	0.02843434363603592	1
15	63	inverse_hidden	random_sphere	16	29.792407989501953	3.3792471885681152	29.792407989501953	0.00028941791970282793	1.4389792680740356	0.02484631910920143	0
15	127	inverse_hidden	random_sphere	16	28.90720558166504	6.306206226348877	28.90720558166504	0.00016896041051950306	1.42076575756073	0.02713051438331604	0
15	191	inverse_hidden	random_sphere	16	28.055864334106445	8.10079288482666	28.055864334106445	0.00024636040325276554	1.4575450420379639	0.02636703848838806	0
15	255	inverse_hidden	random_sphere	16	28.10677719116211	10.081501007080078	28.10677719116211	0.0009265632834285498	1.4396480321884155	0.02843434363603592	0
14	63	centered_logit	proposal	24	0.6266437768936157	0.6266437768936157	0.18015378713607788	0.062336768954992294	0.0363876149058342	0.02310076355934143	1
14	127	centered_logit	proposal	24	0.5036224126815796	0.5036224126815796	0.14719553291797638	0.982431948184967	0.045122500509023666	0.0344623327255249	1
14	191	centered_logit	proposal	24	0.6947420239448547	0.6947420239448547	0.22225923836231232	0.040738631039857864	0.0351291224360466	0.022439802065491676	1
14	255	centered_logit	proposal	24	0.5704697370529175	0.5704697370529175	0.159233957529068	0.9719995856285095	0.03796568140387535	0.024240616708993912	1
14	63	centered_logit	canonical_perturbation	24	0.5767163038253784	0.5767163038253784	0.1496071070432663	0.17838165163993835	0.03729968145489693	0.02310076355934143	1
14	127	centered_logit	canonical_perturbation	24	0.6704338788986206	0.6704338788986206	0.22477607429027557	0.8905648589134216	0.04873263090848923	0.0344623327255249	1
14	191	centered_logit	canonical_perturbation	24	0.5634757280349731	0.5634757280349731	0.12221165001392365	0.5756324529647827	0.035900555551052094	0.022439802065491676	1
14	255	centered_logit	canonical_perturbation	24	0.626388430595398	0.626388430595398	0.23542393743991852	0.9366397857666016	0.04120161384344101	0.024240616708993912	1
14	63	centered_logit	random_sphere	24	2.3680620193481445	2.3680620193481445	28.50907325744629	0.0006647388800047338	1.3927195072174072	0.02310076355934143	0
14	127	centered_logit	random_sphere	24	5.793436050415039	5.793436050415039	27.621177673339844	0.00031491508707404137	1.3729026317596436	0.0344623327255249	0
14	191	centered_logit	random_sphere	24	2.263019561767578	2.263019561767578	27.649362564086914	9.880110155791044e-05	1.422690987586975	0.022439802065491676	0
14	255	centered_logit	random_sphere	24	5.106640815734863	5.106640815734863	26.641454696655273	0.0010488893603906035	1.4154362678527832	0.024240616708993912	0
14	63	inverse_hidden	proposal	24	0.0025905079673975706	1.7348861694335938	0.0025905079673975706	0.041553132236003876	0.021648768335580826	0.02310076355934143	1
14	127	inverse_hidden	proposal	24	0.00254503870382905	5.443361282348633	0.00254503870382905	0.11411166936159134	0.03308817371726036	0.0344623327255249	1
14	191	inverse_hidden	proposal	24	0.002094678580760956	2.181793689727783	0.002094678580760956	0.07655546069145203	0.020820030942559242	0.022439802065491676	1
14	255	inverse_hidden	proposal	24	0.0021586681250482798	3.813873529434204	0.0021586681250482798	0.9140205383300781	0.022109149023890495	0.024240616708993912	1
14	63	inverse_hidden	canonical_perturbation	24	0.005281655117869377	1.7745367288589478	0.005281655117869377	0.1571643203496933	0.01994757354259491	0.02310076355934143	1
14	127	inverse_hidden	canonical_perturbation	24	0.014719793573021889	6.3328986167907715	0.014719793573021889	0.03543893247842789	0.032466426491737366	0.0344623327255249	1
14	191	inverse_hidden	canonical_perturbation	24	0.006868261843919754	1.1965934038162231	0.006868261843919754	0.05454561114311218	0.022464968264102936	0.022439802065491676	1
14	255	inverse_hidden	canonical_perturbation	24	0.0063813007436692715	4.9077253341674805	0.0063813007436692715	0.37007737159729004	0.021673288196325302	0.024240616708993912	1
14	63	inverse_hidden	random_sphere	24	28.574283599853516	3.4089598655700684	28.574283599853516	0.0006630124407820404	1.3900765180587769	0.02310076355934143	0
14	127	inverse_hidden	random_sphere	24	27.471534729003906	8.047025680541992	27.471534729003906	4.944703687215224e-05	1.3731633424758911	0.0344623327255249	0
14	191	inverse_hidden	random_sphere	24	27.57984161376953	2.903895139694214	27.57984161376953	7.027853280305862e-05	1.4181355237960815	0.022439802065491676	0
14	255	inverse_hidden	random_sphere	24	26.57269859313965	7.286221027374268	26.57269859313965	0.00020697226864285767	1.416641116142273	0.024240616708993912	0
15	63	centered_logit	proposal	24	0.48481303453445435	0.48481303453445435	0.107193723320961	0.9583182334899902	0.036766450852155685	0.02484631910920143	1
15	127	centered_logit	proposal	24	0.3612897992134094	0.3612897992134094	0.11823693662881851	0.9980448484420776	0.0392189621925354	0.02713051438331604	1
15	191	centered_logit	proposal	24	0.5179845094680786	0.5179845094680786	0.11744208633899689	0.9875363707542419	0.04129183664917946	0.02636703848838806	1
15	255	centered_logit	proposal	24	0.5201680660247803	0.5201680660247803	0.13150063157081604	0.9095883965492249	0.04335841163992882	0.02843434363603592	1
15	63	centered_logit	canonical_perturbation	24	0.38782358169555664	0.38782358169555664	0.14928197860717773	0.9901657700538635	0.03553546965122223	0.02484631910920143	1
15	127	centered_logit	canonical_perturbation	24	0.6016556024551392	0.6016556024551392	0.22238007187843323	0.8770933747291565	0.04198531433939934	0.02713051438331604	1
15	191	centered_logit	canonical_perturbation	24	0.5755270719528198	0.5755270719528198	0.1878913938999176	0.9762187004089355	0.043254781514406204	0.02636703848838806	1
15	255	centered_logit	canonical_perturbation	24	0.6420873403549194	0.6420873403549194	0.19308529794216156	0.7987247705459595	0.046522047370672226	0.02843434363603592	1
15	63	centered_logit	random_sphere	24	2.522770404815674	2.522770404815674	29.785438537597656	0.0009382564458064735	1.4354454278945923	0.02484631910920143	0
15	127	centered_logit	random_sphere	24	4.538370609283447	4.538370609283447	28.991226196289062	0.0007559959776699543	1.4182181358337402	0.02713051438331604	0
15	191	centered_logit	random_sphere	24	5.838105201721191	5.838105201721191	28.071365356445312	0.0013646403094753623	1.4562722444534302	0.02636703848838806	0
15	255	centered_logit	random_sphere	24	7.485302448272705	7.485302448272705	28.22286605834961	0.005311259534209967	1.4375064373016357	0.02843434363603592	1
15	63	inverse_hidden	proposal	24	0.002313073258846998	1.2131075859069824	0.002313073258846998	0.6750310659408569	0.022633584216237068	0.02484631910920143	1
15	127	inverse_hidden	proposal	24	0.001829959568567574	3.3411130905151367	0.001829959568567574	0.8275689482688904	0.02507251501083374	0.02713051438331604	1
15	191	inverse_hidden	proposal	24	0.0023239098954945803	5.8239359855651855	0.0023239098954945803	0.7997393012046814	0.02345343492925167	0.02636703848838806	1
15	255	inverse_hidden	proposal	24	0.002321614883840084	6.106842041015625	0.002321614883840084	0.6919293403625488	0.026878470554947853	0.02843434363603592	1
15	63	inverse_hidden	canonical_perturbation	24	0.006741505116224289	2.623887062072754	0.006741505116224289	0.0322130024433136	0.023502878844738007	0.02484631910920143	1
15	127	inverse_hidden	canonical_perturbation	24	0.006827821955084801	3.196481227874756	0.006827821955084801	0.8387718200683594	0.023962240666151047	0.02713051438331604	1
15	191	inverse_hidden	canonical_perturbation	24	0.011520438827574253	3.6362102031707764	0.011520438827574253	0.41844066977500916	0.027080800384283066	0.02636703848838806	1
15	255	inverse_hidden	canonical_perturbation	24	0.010854581370949745	10.607321739196777	0.010854581370949745	0.013149288482964039	0.028242001309990883	0.02843434363603592	1
15	63	inverse_hidden	random_sphere	24	29.781530380249023	3.3844714164733887	29.781530380249023	0.00028796872356906533	1.4391398429870605	0.02484631910920143	0
15	127	inverse_hidden	random_sphere	24	28.900699615478516	6.292591094970703	28.900699615478516	0.00016704988956917077	1.420553207397461	0.02713051438331604	0
15	191	inverse_hidden	random_sphere	24	28.039409637451172	8.095531463623047	28.039409637451172	0.0002467904705554247	1.4571154117584229	0.02636703848838806	0
15	255	inverse_hidden	random_sphere	24	28.097780227661133	10.066936492919922	28.097780227661133	0.0009367839084006846	1.4390859603881836	0.02843434363603592	0
14	63	centered_logit	proposal	40	0.48753392696380615	0.48753392696380615	0.1667274683713913	0.33376356959342957	0.039437681436538696	0.02310076355934143	1
14	127	centered_logit	proposal	40	0.3426181972026825	0.3426181972026825	0.10307561606168747	0.9990742206573486	0.04814302548766136	0.0344623327255249	1
14	191	centered_logit	proposal	40	0.5659914016723633	0.5659914016723633	0.16791656613349915	0.3651094138622284	0.03847932443022728	0.022439802065491676	1
14	255	centered_logit	proposal	40	0.4154832363128662	0.4154832363128662	0.13108594715595245	0.9989145994186401	0.041342467069625854	0.024240616708993912	1
14	63	centered_logit	canonical_perturbation	40	0.43947452306747437	0.43947452306747437	0.1507316529750824	0.5601695775985718	0.040922798216342926	0.02310076355934143	1
14	127	centered_logit	canonical_perturbation	40	0.5053115487098694	0.5053115487098694	0.21753771603107452	0.9827752709388733	0.05222652480006218	0.0344623327255249	1
14	191	centered_logit	canonical_perturbation	40	0.4072805941104889	0.4072805941104889	0.1194152981042862	0.9415252804756165	0.03986054286360741	0.022439802065491676	1
14	255	centered_logit	canonical_perturbation	40	0.46986788511276245	0.46986788511276245	0.2043321281671524	0.9967952370643616	0.044870879501104355	0.024240616708993912	1
14	63	centered_logit	random_sphere	40	1.9418210983276367	1.9418210983276367	28.451679229736328	0.0004960879450663924	1.394898533821106	0.02310076355934143	0
14	127	centered_logit	random_sphere	40	4.639986991882324	4.639986991882324	27.695758819580078	0.0009425306925550103	1.3712077140808105	0.0344623327255249	0
14	191	centered_logit	random_sphere	40	1.9760431051254272	1.9760431051254272	27.694419860839844	0.00013655278598889709	1.4250705242156982	0.022439802065491676	0
14	255	centered_logit	random_sphere	40	4.013321876525879	4.013321876525879	26.69978141784668	0.002675532130524516	1.413865566253662	0.024240616708993912	0
14	63	inverse_hidden	proposal	40	0.0008671100367791951	1.1663141250610352	0.0008671100367791951	0.9517335295677185	0.020679399371147156	0.02310076355934143	1
14	127	inverse_hidden	proposal	40	0.0013914514565840364	3.3951821327209473	0.0013914514565840364	0.9630402326583862	0.03231516107916832	0.0344623327255249	1
14	191	inverse_hidden	proposal	40	0.0007927637780085206	1.4685719013214111	0.0007927637780085206	0.9465861916542053	0.018981512635946274	0.022439802065491676	1
14	255	inverse_hidden	proposal	40	0.000887553091160953	1.8252015113830566	0.000887553091160953	0.9995135068893433	0.02037142962217331	0.024240616708993912	1
14	63	inverse_hidden	canonical_perturbation	40	0.0023741957265883684	1.8495800495147705	0.0023741957265883684	0.7894248962402344	0.016470110043883324	0.02310076355934143	1
14	127	inverse_hidden	canonical_perturbation	40	0.010295480489730835	4.054378509521484	0.010295480489730835	0.6972047090530396	0.029867839068174362	0.0344623327255249	1
14	191	inverse_hidden	canonical_perturbation	40	0.002956419950351119	1.475616455078125	0.002956419950351119	0.6062914133071899	0.018884854391217232	0.022439802065491676	1
14	255	inverse_hidden	canonical_perturbation	40	0.003029928309842944	3.021284580230713	0.003029928309842944	0.9607970714569092	0.018479667603969574	0.024240616708993912	1
14	63	inverse_hidden	random_sphere	40	28.53531837463379	3.430321216583252	28.53531837463379	0.0006427959888242185	1.3904520273208618	0.02310076355934143	0
14	127	inverse_hidden	random_sphere	40	27.42784881591797	8.05336856842041	27.42784881591797	4.85382042825222e-05	1.3717395067214966	0.0344623327255249	0
14	191	inverse_hidden	random_sphere	40	27.560184478759766	2.887345790863037	27.560184478759766	6.807162571931258e-05	1.4177889823913574	0.022439802065491676	0
14	255	inverse_hidden	random_sphere	40	26.562519073486328	7.3158111572265625	26.562519073486328	0.0002059614344034344	1.4156720638275146	0.024240616708993912	0
15	63	centered_logit	proposal	40	0.35050487518310547	0.35050487518310547	0.11391790956258774	0.9948871731758118	0.040848229080438614	0.02484631910920143	1
15	127	centered_logit	proposal	40	0.2557983696460724	0.2557983696460724	0.11368489265441895	0.9996532201766968	0.042308103293180466	0.02713051438331604	1
15	191	centered_logit	proposal	40	0.37141153216362	0.37141153216362	0.11884544789791107	0.9986521601676941	0.04456378519535065	0.02636703848838806	1
15	255	centered_logit	proposal	40	0.38143041729927063	0.38143041729927063	0.11939327418804169	0.9850795269012451	0.04676332324743271	0.02843434363603592	1
15	63	centered_logit	canonical_perturbation	40	0.2331140637397766	0.2331140637397766	0.12494673579931259	0.999595582485199	0.040896523743867874	0.02484631910920143	1
15	127	centered_logit	canonical_perturbation	40	0.40029263496398926	0.40029263496398926	0.1811128407716751	0.994168758392334	0.045680951327085495	0.02713051438331604	1
15	191	centered_logit	canonical_perturbation	40	0.4115264415740967	0.4115264415740967	0.166899636387825	0.9990630745887756	0.04722064360976219	0.02636703848838806	1
15	255	centered_logit	canonical_perturbation	40	0.4867018759250641	0.4867018759250641	0.19857804477214813	0.9336966276168823	0.05019015818834305	0.02843434363603592	1
15	63	centered_logit	random_sphere	40	2.12813401222229	2.12813401222229	29.792720794677734	0.0018443608423694968	1.4329479932785034	0.02484631910920143	0
15	127	centered_logit	random_sphere	40	3.646307945251465	3.646307945251465	29.063234329223633	0.0017803014488890767	1.416740894317627	0.02713051438331604	0
15	191	centered_logit	random_sphere	40	4.650396347045898	4.650396347045898	28.081003189086914	0.003710285760462284	1.454229712486267	0.02636703848838806	1
15	255	centered_logit	random_sphere	40	6.071166515350342	6.071166515350342	28.30834197998047	0.014950658194720745	1.4352816343307495	0.02843434363603592	1
15	63	inverse_hidden	proposal	40	0.00082002131966874	1.115187168121338	0.00082002131966874	0.9906553626060486	0.021811779588460922	0.02484631910920143	1
15	127	inverse_hidden	proposal	40	0.0007332424283958972	1.7069261074066162	0.0007332424283958972	0.9987614154815674	0.023684056475758553	0.02713051438331604	1
15	191	inverse_hidden	proposal	40	0.0010861428454518318	2.756701946258545	0.0010861428454518318	0.9978154897689819	0.021822310984134674	0.02636703848838806	1
15	255	inverse_hidden	proposal	40	0.0009910417720675468	1.488116979598999	0.0009910417720675468	0.9981603026390076	0.025342151522636414	0.02843434363603592	1
15	63	inverse_hidden	canonical_perturbation	40	0.003708877833560109	1.1735272407531738	0.003708877833560109	0.5384032726287842	0.02008252777159214	0.02484631910920143	1
15	127	inverse_hidden	canonical_perturbation	40	0.0029129711911082268	3.44036865234375	0.0029129711911082268	0.9379808902740479	0.02035554125905037	0.02713051438331604	1
15	191	inverse_hidden	canonical_perturbation	40	0.005617398303002119	4.5254411697387695	0.005617398303002119	0.6995201706886292	0.024539852514863014	0.02636703848838806	1
15	255	inverse_hidden	canonical_perturbation	40	0.0072315409779548645	6.332766532897949	0.0072315409779548645	0.49003222584724426	0.026695730164647102	0.02843434363603592	1
15	63	inverse_hidden	random_sphere	40	29.76113510131836	3.3940582275390625	29.76113510131836	0.00028356516850180924	1.4393798112869263	0.02484631910920143	0
15	127	inverse_hidden	random_sphere	40	28.889129638671875	6.270722389221191	28.889129638671875	0.0001644795120228082	1.4199938774108887	0.02713051438331604	0
15	191	inverse_hidden	random_sphere	40	28.0129337310791	8.078191757202148	28.0129337310791	0.0002501501003280282	1.4563089609146118	0.02636703848838806	0
15	255	inverse_hidden	random_sphere	40	28.079238891601562	10.039263725280762	28.079238891601562	0.0009544583735987544	1.4378479719161987	0.02843434363603592	0
16	63	centered_logit	proposal	0	3.1086392402648926	3.1086392402648926	0.034107036888599396	0.83118736743927	0.023588942363858223	0.023588942363858223	1
16	127	centered_logit	proposal	0	4.402284622192383	4.402284622192383	0.03871559351682663	0.13284803926944733	0.03359896317124367	0.03359896317124367	1
16	191	centered_logit	proposal	0	2.532325267791748	2.532325267791748	0.04646197333931923	0.19180695712566376	0.024703074246644974	0.024703074246644974	1
16	255	centered_logit	proposal	0	2.7642359733581543	2.7642359733581543	0.05331699550151825	0.026478813961148262	0.022143712267279625	0.022143712267279625	1
16	63	centered_logit	canonical_perturbation	0	3.6214706897735596	3.6214706897735596	0.15564140677452087	0.013232046738266945	0.023588942363858223	0.023588942363858223	1
16	127	centered_logit	canonical_perturbation	0	5.1202239990234375	5.1202239990234375	0.24223649501800537	0.0009497143910266459	0.03359896317124367	0.03359896317124367	0
16	191	centered_logit	canonical_perturbation	0	1.5177699327468872	1.5177699327468872	0.10442863404750824	0.029728785157203674	0.024703074246644974	0.024703074246644974	1
16	255	centered_logit	canonical_perturbation	0	2.194546699523926	2.194546699523926	0.12407217919826508	0.0019604309927672148	0.022143712267279625	0.022143712267279625	0
16	63	centered_logit	random_sphere	0	7.137469291687012	7.137469291687012	27.937917709350586	7.133121107472107e-05	1.4272862672805786	0.023588942363858223	0
16	127	centered_logit	random_sphere	0	7.743157386779785	7.743157386779785	27.57717514038086	9.344894351670519e-05	1.4402740001678467	0.03359896317124367	0
16	191	centered_logit	random_sphere	0	2.720090866088867	2.720090866088867	27.861141204833984	0.0005897345254197717	1.3731170892715454	0.024703074246644974	0
16	255	centered_logit	random_sphere	0	4.042278289794922	4.042278289794922	28.35344696044922	0.00011372388689778745	1.4130312204360962	0.022143712267279625	0
16	63	inverse_hidden	proposal	0	0.034107036888599396	3.1086392402648926	0.034107036888599396	0.83118736743927	0.023588942363858223	0.023588942363858223	1
16	127	inverse_hidden	proposal	0	0.03871559351682663	4.402284622192383	0.03871559351682663	0.13284803926944733	0.03359896317124367	0.03359896317124367	1
16	191	inverse_hidden	proposal	0	0.04646197333931923	2.532325267791748	0.04646197333931923	0.19180695712566376	0.024703074246644974	0.024703074246644974	1
16	255	inverse_hidden	proposal	0	0.05331699550151825	2.7642359733581543	0.05331699550151825	0.026478813961148262	0.022143712267279625	0.022143712267279625	1
16	63	inverse_hidden	canonical_perturbation	0	0.15564140677452087	3.6214706897735596	0.15564140677452087	0.013232046738266945	0.023588942363858223	0.023588942363858223	1
16	127	inverse_hidden	canonical_perturbation	0	0.24223649501800537	5.1202239990234375	0.24223649501800537	0.0009497143910266459	0.03359896317124367	0.03359896317124367	0
16	191	inverse_hidden	canonical_perturbation	0	0.10442863404750824	1.5177699327468872	0.10442863404750824	0.029728785157203674	0.024703074246644974	0.024703074246644974	1
16	255	inverse_hidden	canonical_perturbation	0	0.12407217919826508	2.194546699523926	0.12407217919826508	0.0019604309927672148	0.022143712267279625	0.022143712267279625	0
16	63	inverse_hidden	random_sphere	0	27.937917709350586	7.137469291687012	27.937917709350586	7.133121107472107e-05	1.4272862672805786	0.023588942363858223	0
16	127	inverse_hidden	random_sphere	0	27.57717514038086	7.743157386779785	27.57717514038086	9.344894351670519e-05	1.4402740001678467	0.03359896317124367	0
16	191	inverse_hidden	random_sphere	0	27.861141204833984	2.720090866088867	27.861141204833984	0.0005897345254197717	1.3731170892715454	0.024703074246644974	0
16	255	inverse_hidden	random_sphere	0	28.35344696044922	4.042278289794922	28.35344696044922	0.00011372388689778745	1.4130312204360962	0.022143712267279625	0
17	63	centered_logit	proposal	0	4.576598167419434	4.576598167419434	0.05973687767982483	0.04973815381526947	0.029771722853183746	0.029771722853183746	1
17	127	centered_logit	proposal	0	2.8053672313690186	2.8053672313690186	0.03865688294172287	0.5130963325500488	0.0418584980070591	0.0418584980070591	1
17	191	centered_logit	proposal	0	4.627202987670898	4.627202987670898	0.05795302987098694	0.014627069234848022	0.022428274154663086	0.022428274154663086	1
17	255	centered_logit	proposal	0	1.35366690158844	1.35366690158844	0.04366932064294815	0.3497132956981659	0.023140471428632736	0.023140471428632736	1
17	63	centered_logit	canonical_perturbation	0	3.183708667755127	3.183708667755127	0.10864207148551941	0.006654341239482164	0.029771722853183746	0.029771722853183746	1
17	127	centered_logit	canonical_perturbation	0	4.9957075119018555	4.9957075119018555	0.41417166590690613	0.0009200740605592728	0.0418584942817688	0.0418584980070591	0
17	191	centered_logit	canonical_perturbation	0	3.1520326137542725	3.1520326137542725	0.08362159878015518	0.024531036615371704	0.022428272292017937	0.022428274154663086	1
17	255	centered_logit	canonical_perturbation	0	1.3271325826644897	1.3271325826644897	0.08600515872240067	0.0383552685379982	0.023140471428632736	0.023140471428632736	1
17	63	centered_logit	random_sphere	0	3.097684383392334	3.097684383392334	29.180551528930664	6.849047349533066e-05	1.4077094793319702	0.029771722853183746	0
17	127	centered_logit	random_sphere	0	8.277255058288574	8.277255058288574	27.615055084228516	3.432040102779865e-05	1.4738935232162476	0.0418584980070591	0
17	191	centered_logit	random_sphere	0	2.4363481998443604	2.4363481998443604	27.33159637451172	0.0005990710924379528	1.3769174814224243	0.022428274154663086	0
17	255	centered_logit	random_sphere	0	4.437355995178223	4.437355995178223	28.232942581176758	3.793559153564274e-05	1.4419163465499878	0.023140471428632736	0
17	63	inverse_hidden	proposal	0	0.05973687767982483	4.576598167419434	0.05973687767982483	0.04973815381526947	0.029771722853183746	0.029771722853183746	1
17	127	inverse_hidden	proposal	0	0.03865688294172287	2.8053672313690186	0.03865688294172287	0.5130963325500488	0.0418584980070591	0.0418584980070591	1
17	191	inverse_hidden	proposal	0	0.05795302987098694	4.627202987670898	0.05795302987098694	0.014627069234848022	0.022428274154663086	0.022428274154663086	1
17	255	inverse_hidden	proposal	0	0.04366932064294815	1.35366690158844	0.04366932064294815	0.3497132956981659	0.023140471428632736	0.023140471428632736	1
17	63	inverse_hidden	canonical_perturbation	0	0.10864207148551941	3.183708667755127	0.10864207148551941	0.006654341239482164	0.029771722853183746	0.029771722853183746	1
17	127	inverse_hidden	canonical_perturbation	0	0.41417166590690613	4.9957075119018555	0.41417166590690613	0.0009200740605592728	0.0418584942817688	0.0418584980070591	0
17	191	inverse_hidden	canonical_perturbation	0	0.08362159878015518	3.1520326137542725	0.08362159878015518	0.024531036615371704	0.022428272292017937	0.022428274154663086	1
17	255	inverse_hidden	canonical_perturbation	0	0.08600515872240067	1.3271325826644897	0.08600515872240067	0.0383552685379982	0.023140471428632736	0.023140471428632736	1
17	63	inverse_hidden	random_sphere	0	29.180551528930664	3.097684383392334	29.180551528930664	6.849047349533066e-05	1.4077094793319702	0.029771722853183746	0
17	127	inverse_hidden	random_sphere	0	27.615055084228516	8.277255058288574	27.615055084228516	3.432040102779865e-05	1.4738935232162476	0.0418584980070591	0
17	191	inverse_hidden	random_sphere	0	27.33159637451172	2.4363481998443604	27.33159637451172	0.0005990710924379528	1.3769174814224243	0.022428274154663086	0
17	255	inverse_hidden	random_sphere	0	28.232942581176758	4.437355995178223	28.232942581176758	3.793559153564274e-05	1.4419163465499878	0.023140471428632736	0
16	63	centered_logit	proposal	1	1.501123070716858	1.501123070716858	0.04306462034583092	0.8196243643760681	0.02398368902504444	0.023588942363858223	1
16	127	centered_logit	proposal	1	2.329172134399414	2.329172134399414	0.040220510214567184	0.4568985104560852	0.03389016166329384	0.03359896317124367	1
16	191	centered_logit	proposal	1	1.7776830196380615	1.7776830196380615	0.03478988632559776	0.007938875816762447	0.024665845558047295	0.024703074246644974	0
16	255	centered_logit	proposal	1	1.8193541765213013	1.8193541765213013	0.050555672496557236	0.07392767071723938	0.022336307913064957	0.022143712267279625	1
16	63	centered_logit	canonical_perturbation	1	2.258965492248535	2.258965492248535	0.10248152166604996	0.11969304829835892	0.023561429232358932	0.023588942363858223	1
16	127	centered_logit	canonical_perturbation	1	4.00327205657959	4.00327205657959	0.2209823727607727	0.003759183222427964	0.033566735684871674	0.03359896317124367	0
16	191	centered_logit	canonical_perturbation	1	1.0555585622787476	1.0555585622787476	0.0599185973405838	0.29740041494369507	0.02464369684457779	0.024703074246644974	1
16	255	centered_logit	canonical_perturbation	1	1.577211856842041	1.577211856842041	0.11109708249568939	0.008976339362561703	0.022131575271487236	0.022143712267279625	0
16	63	centered_logit	random_sphere	1	7.039752960205078	7.039752960205078	27.936586380004883	7.674548396607861e-05	1.4271588325500488	0.023588942363858223	0
16	127	centered_logit	random_sphere	1	7.64108943939209	7.64108943939209	27.57598114013672	0.00010097670747200027	1.4401588439941406	0.03359896317124367	0
16	191	centered_logit	random_sphere	1	2.689192295074463	2.689192295074463	27.86516571044922	0.0006232685991562903	1.3732259273529053	0.024703074246644974	0
16	255	centered_logit	random_sphere	1	3.9865665435791016	3.9865665435791016	28.35799789428711	0.0001202248822664842	1.412918210029602	0.022143712267279625	0
16	63	inverse_hidden	proposal	1	0.01784452050924301	4.238895416259766	0.01784452050924301	0.04351090267300606	0.02303314581513405	0.023588942363858223	1
16	127	inverse_hidden	proposal	1	0.03597942739725113	5.595815658569336	0.03597942739725113	0.001157825463451445	0.0331343449652195	0.03359896317124367	0
16	191	inverse_hidden	proposal	1	0.021575184538960457	2.6598691940307617	0.021575184538960457	0.00034761030110530555	0.024125639349222183	0.024703074246644974	0
16	255	inverse_hidden	proposal	1	0.027911245822906494	2.471330404281616	0.027911245822906494	0.02697204239666462	0.02168925292789936	0.022143712267279625	0
16	63	inverse_hidden	canonical_perturbation	1	0.05625571310520172	3.345980644226074	0.05625571310520172	0.03362705186009407	0.023026149719953537	0.023588942363858223	1
16	127	inverse_hidden	canonical_perturbation	1	0.1114378571510315	5.240268707275391	0.1114378571510315	0.0008245154749602079	0.033011216670274734	0.03359896317124367	0
16	191	inverse_hidden	canonical_perturbation	1	0.04036124423146248	1.5228124856948853	0.04036124423146248	0.04638282582163811	0.02396433614194393	0.024703074246644974	1
16	255	inverse_hidden	canonical_perturbation	1	0.04815321043133736	2.8903164863586426	0.04815321043133736	0.0007076060282997787	0.02150922454893589	0.022143712267279625	0
16	63	inverse_hidden	random_sphere	1	27.936431884765625	7.138120174407959	27.936431884765625	7.140241359593347e-05	1.427246332168579	0.023588942363858223	0
16	127	inverse_hidden	random_sphere	1	27.574546813964844	7.738517761230469	27.574546813964844	9.367567690787837e-05	1.4401559829711914	0.03359896317124367	0
16	191	inverse_hidden	random_sphere	1	27.85562515258789	2.7209649085998535	27.85562515258789	0.000589637435041368	1.37283456325531	0.024703074246644974	0
16	255	inverse_hidden	random_sphere	1	28.350648880004883	4.044369220733643	28.350648880004883	0.00011372790322639048	1.4130713939666748	0.022143712267279625	0
17	63	centered_logit	proposal	1	2.23010516166687	2.23010516166687	0.04781220108270645	0.006447139661759138	0.029746174812316895	0.029771722853183746	0
17	127	centered_logit	proposal	1	1.450971245765686	1.450971245765686	0.04332088679075241	0.5966323018074036	0.04212455824017525	0.0418584980070591	1
17	191	centered_logit	proposal	1	1.9059258699417114	1.9059258699417114	0.05121828243136406	0.00038067359128035605	0.0223271194845438	0.022428274154663086	0
17	255	centered_logit	proposal	1	0.8725972175598145	0.8725972175598145	0.055770404636859894	0.40845808386802673	0.0232353825122118	0.023140471428632736	1
17	63	centered_logit	canonical_perturbation	1	2.0691728591918945	2.0691728591918945	0.06795793026685715	0.015112632885575294	0.029905620962381363	0.029771722853183746	1
17	127	centered_logit	canonical_perturbation	1	4.175507545471191	4.175507545471191	0.3630252480506897	0.0023372999858111143	0.04204567149281502	0.0418584980070591	0
17	191	centered_logit	canonical_perturbation	1	2.1023054122924805	2.1023054122924805	0.10110904276371002	0.0159895159304142	0.022859519347548485	0.022428274154663086	1
17	255	centered_logit	canonical_perturbation	1	0.9769415855407715	0.9769415855407715	0.11220807582139969	0.06542587280273438	0.02345927804708481	0.023140471428632736	1
17	63	centered_logit	random_sphere	1	3.065967082977295	3.065967082977295	29.175268173217773	6.919750012457371e-05	1.407862663269043	0.029771722853183746	0
17	127	centered_logit	random_sphere	1	8.17225170135498	8.17225170135498	27.612369537353516	3.718507650773972e-05	1.4737975597381592	0.0418584980070591	0
17	191	centered_logit	random_sphere	1	2.4082889556884766	2.4082889556884766	27.326557159423828	0.000604072178248316	1.3770390748977661	0.022428274154663086	0
17	255	centered_logit	random_sphere	1	4.3846893310546875	4.3846893310546875	28.230670928955078	4.0341339627048e-05	1.4417173862457275	0.023140471428632736	0
17	63	inverse_hidden	proposal	1	0.02780083194375038	3.8465945720672607	0.02780083194375038	0.0011256206780672073	0.029412541538476944	0.029771722853183746	0
17	127	inverse_hidden	proposal	1	0.02948366105556488	5.77415657043457	0.02948366105556488	0.003810555674135685	0.04142550006508827	0.0418584980070591	0
17	191	inverse_hidden	proposal	1	0.021786663681268692	2.655493974685669	0.021786663681268692	0.0005461898981593549	0.02214284986257553	0.022428274154663086	0
17	255	inverse_hidden	proposal	1	0.04079463705420494	4.011748790740967	0.04079463705420494	0.00020116842642892152	0.022613633424043655	0.023140471428632736	0
17	63	inverse_hidden	canonical_perturbation	1	0.05181913077831268	2.5657191276550293	0.05181913077831268	0.0141100799664855	0.028864458203315735	0.029771722853183746	1
17	127	inverse_hidden	canonical_perturbation	1	0.2223384529352188	4.8597798347473145	0.2223384529352188	0.0010444779181852937	0.04108961671590805	0.0418584980070591	0
17	191	inverse_hidden	canonical_perturbation	1	0.038239844143390656	3.1896920204162598	0.038239844143390656	0.004313080571591854	0.021861493587493896	0.022428274154663086	0
17	255	inverse_hidden	canonical_perturbation	1	0.03772551566362381	3.7153143882751465	0.03772551566362381	0.00021996008581481874	0.022551404312253	0.023140471428632736	0
17	63	inverse_hidden	random_sphere	1	29.178955078125	3.0966076850891113	29.178955078125	6.851600483059883e-05	1.4077082872390747	0.029771722853183746	0
17	127	inverse_hidden	random_sphere	1	27.60759925842285	8.280232429504395	27.60759925842285	3.437706982367672e-05	1.4737826585769653	0.0418584980070591	0
17	191	inverse_hidden	random_sphere	1	27.32741355895996	2.4347915649414062	27.32741355895996	0.0005984365125186741	1.3769677877426147	0.022428274154663086	0
17	255	inverse_hidden	random_sphere	1	28.231081008911133	4.43632698059082	28.231081008911133	3.8020349165890366e-05	1.441741704940796	0.023140471428632736	0
16	63	centered_logit	proposal	2	1.2979600429534912	1.2979600429534912	0.07168245315551758	0.5635533332824707	0.024566225707530975	0.023588942363858223	1
16	127	centered_logit	proposal	2	1.5436787605285645	1.5436787605285645	0.059677887707948685	0.44029465317726135	0.0343938022851944	0.03359896317124367	1
16	191	centered_logit	proposal	2	1.2234845161437988	1.2234845161437988	0.042248256504535675	0.17145080864429474	0.024980802088975906	0.024703074246644974	1
16	255	centered_logit	proposal	2	1.1451873779296875	1.1451873779296875	0.05852832272648811	0.07730621099472046	0.022816093638539314	0.022143712267279625	1
16	63	centered_logit	canonical_perturbation	2	1.4209003448486328	1.4209003448486328	0.06455504149198532	0.552947461605072	0.023846421390771866	0.023588942363858223	1
16	127	centered_logit	canonical_perturbation	2	2.9852700233459473	2.9852700233459473	0.17961284518241882	0.014901186339557171	0.03375773876905441	0.03359896317124367	1
16	191	centered_logit	canonical_perturbation	2	0.9134577512741089	0.9134577512741089	0.051253270357847214	0.4977432191371918	0.02481994405388832	0.024703074246644974	1
16	255	centered_logit	canonical_perturbation	2	1.2846872806549072	1.2846872806549072	0.0928182378411293	0.034637775272130966	0.022476686164736748	0.022143712267279625	0
16	63	centered_logit	random_sphere	2	6.942883491516113	6.942883491516113	27.93536376953125	8.253797568613663e-05	1.427030086517334	0.023588942363858223	0
16	127	centered_logit	random_sphere	2	7.53987979888916	7.53987979888916	27.574913024902344	0.00010907273826887831	1.4400449991226196	0.03359896317124367	0
16	191	centered_logit	random_sphere	2	2.6587984561920166	2.6587984561920166	27.869220733642578	0.0006587684620171785	1.3733326196670532	0.024703074246644974	0
16	255	centered_logit	random_sphere	2	3.931614398956299	3.931614398956299	28.362686157226562	0.00012703587708529085	1.4128056764602661	0.022143712267279625	0
16	63	inverse_hidden	proposal	2	0.009482232853770256	2.7818820476531982	0.009482232853770256	0.7868567109107971	0.022601496428251266	0.023588942363858223	1
16	127	inverse_hidden	proposal	2	0.011593733914196491	4.431440353393555	0.011593733914196491	0.01702367328107357	0.03273133188486099	0.03359896317124367	0
16	191	inverse_hidden	proposal	2	0.010612213052809238	2.272854804992676	0.010612213052809238	0.01147182285785675	0.023734405636787415	0.024703074246644974	1
16	255	inverse_hidden	proposal	2	0.018245765939354897	3.330284357070923	0.018245765939354897	0.00020624369790311903	0.021550124511122704	0.022143712267279625	0
16	63	inverse_hidden	canonical_perturbation	2	0.03816625103354454	5.558578014373779	0.03816625103354454	0.0019897485617548227	0.022779647260904312	0.023588942363858223	0
16	127	inverse_hidden	canonical_perturbation	2	0.06420647352933884	6.386862754821777	0.06420647352933884	0.00030370859894901514	0.0325871966779232	0.03359896317124367	0
16	191	inverse_hidden	canonical_perturbation	2	0.041938647627830505	2.101901054382324	0.041938647627830505	0.014718072488904	0.023412078619003296	0.024703074246644974	1
16	255	inverse_hidden	canonical_perturbation	2	0.038644637912511826	4.020899772644043	0.038644637912511826	0.00019749041530303657	0.021212710067629814	0.022143712267279625	0
16	63	inverse_hidden	random_sphere	2	27.934946060180664	7.138844013214111	27.934946060180664	7.146991265472025e-05	1.4272063970565796	0.023588942363858223	0
16	127	inverse_hidden	random_sphere	2	27.57198715209961	7.734265327453613	27.57198715209961	9.38783268793486e-05	1.4400612115859985	0.03359896317124367	0
16	191	inverse_hidden	random_sphere	2	27.850143432617188	2.721756935119629	27.850143432617188	0.0005896552465856075	1.372551679611206	0.024703074246644974	0
16	255	inverse_hidden	random_sphere	2	28.347726821899414	4.046639919281006	28.347726821899414	0.00011372792505426332	1.4131267070770264	0.022143712267279625	0
17	63	centered_logit	proposal	2	1.6171704530715942	1.6171704530715942	0.09531275928020477	0.0010943827219307423	0.030065977945923805	0.029771722853183746	0
17	127	centered_logit	proposal	2	0.9624032974243164	0.9624032974243164	0.04556513950228691	0.6719779372215271	0.04248305782675743	0.0418584980070591	1
17	191	centered_logit	proposal	2	1.628915786743164	1.628915786743164	0.10131824761629105	0.00022330819047056139	0.02256600931286812	0.022428274154663086	0
17	255	centered_logit	proposal	2	0.8004153966903687	0.8004153966903687	0.0862232968211174	0.25804412364959717	0.02362503483891487	0.023140471428632736	1
17	63	centered_logit	canonical_perturbation	2	1.3014658689498901	1.3014658689498901	0.05803436413407326	0.015784189105033875	0.030241984874010086	0.029771722853183746	1
17	127	centered_logit	canonical_perturbation	2	3.357862710952759	3.357862710952759	0.2913517355918884	0.006580575369298458	0.042333584278821945	0.0418584980070591	0
17	191	centered_logit	canonical_perturbation	2	1.4779052734375	1.4779052734375	0.09683335572481155	0.013284966349601746	0.023490294814109802	0.022428274154663086	1
17	255	centered_logit	canonical_perturbation	2	0.8498952984809875	0.8498952984809875	0.09859569370746613	0.15425504744052887	0.023719368502497673	0.023140471428632736	1
17	63	centered_logit	random_sphere	2	3.0347626209259033	3.0347626209259033	29.170198440551758	6.990988185862079e-05	1.4080113172531128	0.029771722853183746	0
17	127	centered_logit	random_sphere	2	8.06806755065918	8.06806755065918	27.609760284423828	4.027116665383801e-05	1.473701000213623	0.0418584980070591	0
17	191	centered_logit	random_sphere	2	2.3807249069213867	2.3807249069213867	27.321565628051758	0.0006092722760513425	1.3771581649780273	0.022428274154663086	0
17	255	centered_logit	random_sphere	2	4.332650184631348	4.332650184631348	28.228485107421875	4.287336196284741e-05	1.441519856452942	0.023140471428632736	0
17	63	inverse_hidden	proposal	2	0.013844671659171581	4.144122123718262	0.013844671659171581	0.0013922561192885041	0.029239824041724205	0.029771722853183746	0
17	127	inverse_hidden	proposal	2	0.010032730177044868	3.734274387359619	0.010032730177044868	0.15905548632144928	0.04111466184258461	0.0418584980070591	1
17	191	inverse_hidden	proposal	2	0.017889633774757385	3.2251672744750977	0.017889633774757385	0.011301608756184578	0.02187812328338623	0.022428274154663086	0
17	255	inverse_hidden	proposal	2	0.015720179304480553	4.054952621459961	0.015720179304480553	0.00020419339125510305	0.02209414355456829	0.023140471428632736	0
17	63	inverse_hidden	canonical_perturbation	2	0.05944637954235077	1.9688260555267334	0.05944637954235077	0.006601087283343077	0.027995973825454712	0.029771722853183746	0
17	127	inverse_hidden	canonical_perturbation	2	0.11799152195453644	4.947107315063477	0.11799152195453644	0.000798820226918906	0.04048102721571922	0.0418584980070591	0
17	191	inverse_hidden	canonical_perturbation	2	0.04360685497522354	2.7029855251312256	0.04360685497522354	0.0018512080423533916	0.021334799006581306	0.022428274154663086	0
17	255	inverse_hidden	canonical_perturbation	2	0.044628895819187164	4.533249855041504	0.044628895819187164	0.00014670433301944286	0.022066522389650345	0.023140471428632736	0
17	63	inverse_hidden	random_sphere	2	29.177370071411133	3.0955214500427246	29.177370071411133	6.854462844785303e-05	1.4077074527740479	0.029771722853183746	0
17	127	inverse_hidden	random_sphere	2	27.60030746459961	8.28333854675293	27.60030746459961	3.443085734033957e-05	1.4736716747283936	0.0418584980070591	0
17	191	inverse_hidden	random_sphere	2	27.323278427124023	2.4332730770111084	27.323278427124023	0.0005976660759188235	1.3770158290863037	0.022428274154663086	0
17	255	inverse_hidden	random_sphere	2	28.229249954223633	4.435318946838379	28.229249954223633	3.8107587897684425e-05	1.4415689706802368	0.023140471428632736	0
16	63	centered_logit	proposal	4	0.771410346031189	0.771410346031189	0.06007184460759163	0.860988199710846	0.026273678988218307	0.023588942363858223	1
16	127	centered_logit	proposal	4	1.0415147542953491	1.0415147542953491	0.07679857313632965	0.5039183497428894	0.03584679961204529	0.03359896317124367	1
16	191	centered_logit	proposal	4	0.8635408878326416	0.8635408878326416	0.0564747229218483	0.6940105557441711	0.02588314190506935	0.024703074246644974	1
16	255	centered_logit	proposal	4	1.2006723880767822	1.2006723880767822	0.10766411572694778	0.035032935440540314	0.024321675300598145	0.022143712267279625	1
16	63	centered_logit	canonical_perturbation	4	1.0485284328460693	1.0485284328460693	0.059006791561841965	0.8931885361671448	0.025235099717974663	0.023588942363858223	1
16	127	centered_logit	canonical_perturbation	4	1.7523930072784424	1.7523930072784424	0.11515890061855316	0.14741291105747223	0.034773971885442734	0.03359896317124367	1
16	191	centered_logit	canonical_perturbation	4	0.6875540018081665	0.6875540018081665	0.07420150935649872	0.8175299167633057	0.025880880653858185	0.024703074246644974	1
16	255	centered_logit	canonical_perturbation	4	1.0334956645965576	1.0334956645965576	0.10134948045015335	0.08826234191656113	0.02374384179711342	0.022143712267279625	1
16	63	centered_logit	random_sphere	4	6.751752853393555	6.751752853393555	27.933284759521484	9.535888966638595e-05	1.426758050918579	0.023588942363858223	0
16	127	centered_logit	random_sphere	4	7.340096950531006	7.340096950531006	27.573030471801758	0.000127115155919455	1.4398270845413208	0.03359896317124367	0
16	191	centered_logit	random_sphere	4	2.599539041519165	2.599539041519165	27.877477645874023	0.0007360043236985803	1.373557448387146	0.024703074246644974	0
16	255	centered_logit	random_sphere	4	3.8240303993225098	3.8240303993225098	28.372392654418945	0.00014168460620567203	1.4125803709030151	0.022143712267279625	0
16	63	inverse_hidden	proposal	4	0.008466271683573723	8.737997055053711	0.008466271683573723	5.389839770941762e-06	0.02229933813214302	0.023588942363858223	0
16	127	inverse_hidden	proposal	4	0.017290454357862473	4.72544527053833	0.017290454357862473	0.013130348175764084	0.03219856694340706	0.03359896317124367	0
16	191	inverse_hidden	proposal	4	0.008287740871310234	4.2644758224487305	0.008287740871310234	1.2579532267409377e-05	0.023317385464906693	0.024703074246644974	0
16	255	inverse_hidden	proposal	4	0.014023975469172001	3.022940158843994	0.014023975469172001	0.001808259286917746	0.021640343591570854	0.022143712267279625	0
16	63	inverse_hidden	canonical_perturbation	4	0.06306850165128708	6.739042282104492	0.06306850165128708	0.0014141900464892387	0.022621216252446175	0.023588942363858223	0
16	127	inverse_hidden	canonical_perturbation	4	0.09347600489854813	7.647211074829102	0.09347600489854813	0.0001303581229876727	0.03189576789736748	0.03359896317124367	0
16	191	inverse_hidden	canonical_perturbation	4	0.046890415251255035	2.4449050426483154	0.046890415251255035	0.007117732893675566	0.02253751829266548	0.024703074246644974	1
16	255	inverse_hidden	canonical_perturbation	4	0.05414813011884689	4.301948547363281	0.05414813011884689	0.0002616857527755201	0.020929375663399696	0.022143712267279625	0
16	63	inverse_hidden	random_sphere	4	27.93199348449707	7.139993667602539	27.93199348449707	7.162041583796963e-05	1.427126169204712	0.023588942363858223	0
16	127	inverse_hidden	random_sphere	4	27.5669002532959	7.725992679595947	27.5669002532959	9.428212069906294e-05	1.4398789405822754	0.03359896317124367	0
16	191	inverse_hidden	random_sphere	4	27.839357376098633	2.723484754562378	27.839357376098633	0.0005895037320442498	1.371985912322998	0.024703074246644974	0
16	255	inverse_hidden	random_sphere	4	28.341991424560547	4.051443099975586	28.341991424560547	0.00011367458500899374	1.4132195711135864	0.022143712267279625	0
17	63	centered_logit	proposal	4	1.3889362812042236	1.3889362812042236	0.13956186175346375	0.001033001346513629	0.031043540686368942	0.029771722853183746	0
17	127	centered_logit	proposal	4	0.782490074634552	0.782490074634552	0.05616603046655655	0.777077853679657	0.04345626384019852	0.0418584980070591	1
17	191	centered_logit	proposal	4	1.445404052734375	1.445404052734375	0.16779454052448273	0.00021458015544340014	0.02357572317123413	0.022428274154663086	0
17	255	centered_logit	proposal	4	0.7633720636367798	0.7633720636367798	0.10529430210590363	0.34080424904823303	0.02462826669216156	0.023140471428632736	1
17	63	centered_logit	canonical_perturbation	4	1.111786127090454	1.111786127090454	0.09252823889255524	0.007843689061701298	0.031177090480923653	0.029771722853183746	0
17	127	centered_logit	canonical_perturbation	4	1.9319970607757568	1.9319970607757568	0.16608497500419617	0.05654976889491081	0.043429408222436905	0.0418584980070591	0
17	191	centered_logit	canonical_perturbation	4	1.1760237216949463	1.1760237216949463	0.08938799798488617	0.008687340654432774	0.024987533688545227	0.022428274154663086	1
17	255	centered_logit	canonical_perturbation	4	0.7525357007980347	0.7525357007980347	0.08490168303251266	0.40229812264442444	0.024203890934586525	0.023140471428632736	1
17	63	centered_logit	random_sphere	4	2.973906993865967	2.973906993865967	29.160669326782227	7.139235094655305e-05	1.4083017110824585	0.029771722853183746	0
17	127	centered_logit	random_sphere	4	7.862224578857422	7.862224578857422	27.604732513427734	4.7173816710710526e-05	1.4735058546066284	0.0418584980070591	0
17	191	centered_logit	random_sphere	4	2.3271024227142334	2.3271024227142334	27.311927795410156	0.0006199742201715708	1.3773934841156006	0.022428274154663086	0
17	255	centered_logit	random_sphere	4	4.230484485626221	4.230484485626221	28.224306106567383	4.836179505218752e-05	1.4411336183547974	0.023140471428632736	0
17	63	inverse_hidden	proposal	4	0.010181163437664509	4.03059196472168	0.010181163437664509	2.8389067665557377e-05	0.02924847975373268	0.029771722853183746	0
17	127	inverse_hidden	proposal	4	0.013345506973564625	5.365243911743164	0.013345506973564625	0.00479559600353241	0.04066644236445427	0.0418584980070591	0
17	191	inverse_hidden	proposal	4	0.017210811376571655	2.692915439605713	0.017210811376571655	4.8203171900240704e-05	0.021669995039701462	0.022428274154663086	0
17	255	inverse_hidden	proposal	4	0.007415735628455877	3.163163661956787	0.007415735628455877	0.0002498749818187207	0.021585827693343163	0.023140471428632736	0
17	63	inverse_hidden	canonical_perturbation	4	0.050182897597551346	1.7924388647079468	0.050182897597551346	0.0047839488834142685	0.02669144608080387	0.029771722853183746	0
17	127	inverse_hidden	canonical_perturbation	4	0.09228403866291046	6.636447906494141	0.09228403866291046	0.00010038141044788063	0.03951788693666458	0.0418584980070591	0
17	191	inverse_hidden	canonical_perturbation	4	0.022239001467823982	3.0820565223693848	0.022239001467823982	0.0039728241972625256	0.02084200643002987	0.022428274154663086	1
17	255	inverse_hidden	canonical_perturbation	4	0.029624225571751595	4.549044609069824	0.029624225571751595	0.00022445566719397902	0.02133040875196457	0.023140471428632736	0
17	63	inverse_hidden	random_sphere	4	29.17428207397461	3.0933215618133545	29.17428207397461	6.861724250484258e-05	1.4077084064483643	0.029771722853183746	0
17	127	inverse_hidden	random_sphere	4	27.586353302001953	8.289546012878418	27.586353302001953	3.4539520129328594e-05	1.473453402519226	0.0418584980070591	0
17	191	inverse_hidden	random_sphere	4	27.31513786315918	2.4302282333374023	27.31513786315918	0.0005959027912467718	1.3770912885665894	0.022428274154663086	0
17	255	inverse_hidden	random_sphere	4	28.22565269470215	4.433423042297363	28.22565269470215	3.8287140341708437e-05	1.441236138343811	0.023140471428632736	0
16	63	centered_logit	proposal	8	0.7728578448295593	0.7728578448295593	0.06071779876947403	0.9772593975067139	0.02950773760676384	0.023588942363858223	1
16	127	centered_logit	proposal	8	0.8121836185455322	0.8121836185455322	0.08412330597639084	0.6879034638404846	0.03906731307506561	0.03359896317124367	1
16	191	centered_logit	proposal	8	0.7502394914627075	0.7502394914627075	0.0763089507818222	0.8246815800666809	0.02806617133319378	0.024703074246644974	1
16	255	centered_logit	proposal	8	0.8492846488952637	0.8492846488952637	0.09726272523403168	0.3956659138202667	0.0271446593105793	0.022143712267279625	1
16	63	centered_logit	canonical_perturbation	8	0.6920564770698547	0.6920564770698547	0.10327248275279999	0.956488311290741	0.02881205454468727	0.023588942363858223	1
16	127	centered_logit	canonical_perturbation	8	1.034411072731018	1.034411072731018	0.15424469113349915	0.4638851583003998	0.03859478607773781	0.03359896317124367	1
16	191	centered_logit	canonical_perturbation	8	0.547183632850647	0.547183632850647	0.08357986062765121	0.9680503010749817	0.028312277048826218	0.024703074246644974	1
16	255	centered_logit	canonical_perturbation	8	0.84485924243927	0.84485924243927	0.15186052024364471	0.12957467138767242	0.026627399027347565	0.022143712267279625	1
16	63	centered_logit	random_sphere	8	6.3803815841674805	6.3803815841674805	27.930538177490234	0.00012669434363488108	1.4261629581451416	0.023588942363858223	0
16	127	centered_logit	random_sphere	8	6.951533317565918	6.951533317565918	27.57042694091797	0.00017192897212225944	1.4393959045410156	0.03359896317124367	0
16	191	centered_logit	random_sphere	8	2.487161636352539	2.487161636352539	27.894153594970703	0.0009179102489724755	1.3740049600601196	0.024703074246644974	0
16	255	centered_logit	random_sphere	8	3.618436813354492	3.618436813354492	28.39290428161621	0.00017545762239024043	1.4121342897415161	0.022143712267279625	0
16	63	inverse_hidden	proposal	8	0.004880452062934637	8.077754020690918	0.004880452062934637	0.0003289043961558491	0.022043967619538307	0.023588942363858223	0
16	127	inverse_hidden	proposal	8	0.012684142217040062	11.110902786254883	0.012684142217040062	3.0076620532781817e-05	0.03178795427083969	0.03359896317124367	0
16	191	inverse_hidden	proposal	8	0.006670041941106319	4.329294204711914	0.006670041941106319	7.309451029868796e-05	0.023055247962474823	0.024703074246644974	0
16	255	inverse_hidden	proposal	8	0.01062801107764244	5.852689743041992	0.01062801107764244	2.5244145945180207e-05	0.021716753020882607	0.022143712267279625	0
16	63	inverse_hidden	canonical_perturbation	8	0.01507625076919794	4.447861671447754	0.01507625076919794	0.15270310640335083	0.023423155769705772	0.023588942363858223	1
16	127	inverse_hidden	canonical_perturbation	8	0.048338133841753006	7.4598212242126465	0.048338133841753006	0.00034284379216842353	0.031272631138563156	0.03359896317124367	0
16	191	inverse_hidden	canonical_perturbation	8	0.02268458716571331	1.4770888090133667	0.02268458716571331	0.12983427941799164	0.022344036027789116	0.024703074246644974	1
16	255	inverse_hidden	canonical_perturbation	8	0.017479602247476578	4.516739368438721	0.017479602247476578	0.0007772416574880481	0.02147641032934189	0.022143712267279625	0
16	63	inverse_hidden	random_sphere	8	27.92649269104004	7.140771865844727	27.92649269104004	7.203548739198595e-05	1.4269824028015137	0.023588942363858223	0
16	127	inverse_hidden	random_sphere	8	27.55697250366211	7.709948539733887	27.55697250366211	9.513602708466351e-05	1.4395240545272827	0.03359896317124367	0
16	191	inverse_hidden	random_sphere	8	27.818803787231445	2.7274749279022217	27.818803787231445	0.0005885610007680953	1.3708651065826416	0.024703074246644974	0
16	255	inverse_hidden	random_sphere	8	28.330760955810547	4.061535358428955	28.330760955810547	0.00011347045074217021	1.4133585691452026	0.022143712267279625	0
17	63	centered_logit	proposal	8	0.9957972168922424	0.9957972168922424	0.12355634570121765	0.010994423180818558	0.03335559368133545	0.029771722853183746	1
17	127	centered_logit	proposal	8	0.7121167182922363	0.7121167182922363	0.09625622630119324	0.8727696537971497	0.04565729200839996	0.0418584980070591	1
17	191	centered_logit	proposal	8	1.0694042444229126	1.0694042444229126	0.19041821360588074	0.0011073928326368332	0.026263302192091942	0.022428274154663086	0
17	255	centered_logit	proposal	8	0.589471697807312	0.589471697807312	0.0916057676076889	0.8108628392219543	0.026714665815234184	0.023140471428632736	1
17	63	centered_logit	canonical_perturbation	8	0.9381199479103088	0.9381199479103088	0.11992840468883514	0.04278085380792618	0.03351746127009392	0.029771722853183746	1
17	127	centered_logit	canonical_perturbation	8	1.1877206563949585	1.1877206563949585	0.14739389717578888	0.30525243282318115	0.04726680368185043	0.0418584980070591	1
17	191	centered_logit	canonical_perturbation	8	0.9563137888908386	0.9563137888908386	0.16348491609096527	0.017825603485107422	0.027478408068418503	0.022428274154663086	1
17	255	centered_logit	canonical_perturbation	8	0.6079584956169128	0.6079584956169128	0.11197897791862488	0.580834150314331	0.025599101558327675	0.023140471428632736	1
17	63	centered_logit	random_sphere	8	2.858408212661743	2.858408212661743	29.144184112548828	7.479533815057948e-05	1.4089220762252808	0.029771722853183746	0
17	127	centered_logit	random_sphere	8	7.4610915184021	7.4610915184021	27.59530258178711	6.443864549510181e-05	1.4731074571609497	0.0418584980070591	0
17	191	centered_logit	random_sphere	8	2.2258286476135254	2.2258286476135254	27.29409408569336	0.0006451911176554859	1.3778587579727173	0.022428274154663086	0
17	255	centered_logit	random_sphere	8	4.033942222595215	4.033942222595215	28.21682357788086	6.128729728516191e-05	1.4403692483901978	0.023140471428632736	0
17	63	inverse_hidden	proposal	8	0.008510814979672432	4.070474624633789	0.008510814979672432	5.374908141675405e-06	0.029187770560383797	0.029771722853183746	0
17	127	inverse_hidden	proposal	8	0.00870449747890234	10.89093017578125	0.00870449747890234	7.652191015949938e-06	0.04029708728194237	0.0418584980070591	0
17	191	inverse_hidden	proposal	8	0.01278325729072094	4.431221961975098	0.01278325729072094	1.6532931113033555e-05	0.021999049931764603	0.022428274154663086	0
17	255	inverse_hidden	proposal	8	0.007620912976562977	7.333742141723633	0.007620912976562977	1.0002472663472872e-06	0.02143334411084652	0.023140471428632736	0
17	63	inverse_hidden	canonical_perturbation	8	0.03257479518651962	2.520754337310791	0.03257479518651962	0.007374284788966179	0.02566519007086754	0.029771722853183746	1
17	127	inverse_hidden	canonical_perturbation	8	0.11905334889888763	7.205361366271973	0.11905334889888763	0.00011951277701882645	0.0383140966296196	0.0418584980070591	0
17	191	inverse_hidden	canonical_perturbation	8	0.014052155427634716	3.0442874431610107	0.014052155427634716	0.0043953885324299335	0.021166836842894554	0.022428274154663086	1
17	255	inverse_hidden	canonical_perturbation	8	0.020259089767932892	1.8286584615707397	0.020259089767932892	0.041992105543613434	0.021093232557177544	0.023140471428632736	1
17	63	inverse_hidden	random_sphere	8	29.16839027404785	3.0890257358551025	29.16839027404785	6.876585393911228e-05	1.407716155052185	0.029771722853183746	0
17	127	inverse_hidden	random_sphere	8	27.560287475585938	8.30201530456543	27.560287475585938	3.474883487797342e-05	1.4730384349822998	0.0418584980070591	0
17	191	inverse_hidden	random_sphere	8	27.299365997314453	2.4243226051330566	27.299365997314453	0.0005919917020946741	1.3771599531173706	0.022428274154663086	0
17	255	inverse_hidden	random_sphere	8	28.218637466430664	4.430224895477295	28.218637466430664	3.862445009872317e-05	1.4406250715255737	0.023140471428632736	0
16	63	centered_logit	proposal	16	0.5058205127716064	0.5058205127716064	0.1007380336523056	0.9955833554267883	0.03351229801774025	0.023588942363858223	1
16	127	centered_logit	proposal	16	0.6787697076797485	0.6787697076797485	0.15868201851844788	0.8233225345611572	0.04334188252687454	0.03359896317124367	1
16	191	centered_logit	proposal	16	0.5571361780166626	0.5571361780166626	0.10145130753517151	0.9692546129226685	0.031750284135341644	0.024703074246644974	1
16	255	centered_logit	proposal	16	0.6145116090774536	0.6145116090774536	0.14351004362106323	0.737533688545227	0.03170325979590416	0.022143712267279625	1
16	63	centered_logit	canonical_perturbation	16	0.5317018032073975	0.5317018032073975	0.11559543013572693	0.9970555305480957	0.03381774574518204	0.023588942363858223	1
16	127	centered_logit	canonical_perturbation	16	0.7747405767440796	0.7747405767440796	0.24943295121192932	0.6873311996459961	0.045422714203596115	0.03359896317124367	1
16	191	centered_logit	canonical_perturbation	16	0.3624650537967682	0.3624650537967682	0.08919249475002289	0.9986912608146667	0.033264901489019394	0.024703074246644974	1
16	255	centered_logit	canonical_perturbation	16	0.5735912322998047	0.5735912322998047	0.13324911892414093	0.8539612889289856	0.03173302114009857	0.022143712267279625	1
16	63	centered_logit	random_sphere	16	5.68415641784668	5.68415641784668	27.930856704711914	0.00021907920017838478	1.4248801469802856	0.023588942363858223	0
16	127	centered_logit	random_sphere	16	6.2211995124816895	6.2211995124816895	27.56942367553711	0.00031004141783341765	1.4384759664535522	0.03359896317124367	0
16	191	centered_logit	random_sphere	16	2.286022663116455	2.286022663116455	27.92780113220215	0.0014212606474757195	1.3747931718826294	0.024703074246644974	0
16	255	centered_logit	random_sphere	16	3.2469851970672607	3.2469851970672607	28.43839454650879	0.0002644473279360682	1.4113142490386963	0.022143712267279625	0
16	63	inverse_hidden	proposal	16	0.002619050210341811	3.4747695922851562	0.002619050210341811	0.991154134273529	0.021413370966911316	0.023588942363858223	1
16	127	inverse_hidden	proposal	16	0.0048698256723582745	5.746168613433838	0.0048698256723582745	0.27736490964889526	0.03163831681013107	0.03359896317124367	1
16	191	inverse_hidden	proposal	16	0.003422543639317155	1.5493359565734863	0.003422543639317155	0.32677632570266724	0.023002205416560173	0.024703074246644974	1
16	255	inverse_hidden	proposal	16	0.004919822793453932	1.7706305980682373	0.004919822793453932	0.1381957083940506	0.021957820281386375	0.022143712267279625	0
16	63	inverse_hidden	canonical_perturbation	16	0.01342679001390934	8.483261108398438	0.01342679001390934	0.0014878406655043364	0.024893084540963173	0.023588942363858223	0
16	127	inverse_hidden	canonical_perturbation	16	0.025177765637636185	5.0749382972717285	0.025177765637636185	0.02825409732758999	0.032345905900001526	0.03359896317124367	1
16	191	inverse_hidden	canonical_perturbation	16	0.014671827666461468	2.7340927124023438	0.014671827666461468	0.01358366571366787	0.023310840129852295	0.024703074246644974	1
16	255	inverse_hidden	canonical_perturbation	16	0.014340699650347233	4.744659423828125	0.014340699650347233	0.004563367459923029	0.023067517206072807	0.022143712267279625	0
16	63	inverse_hidden	random_sphere	16	27.917207717895508	7.139850616455078	27.917207717895508	7.308721251320094e-05	1.4267921447753906	0.023588942363858223	0
16	127	inverse_hidden	random_sphere	16	27.53800392150879	7.677391052246094	27.53800392150879	9.651597792981192e-05	1.438772439956665	0.03359896317124367	0
16	191	inverse_hidden	random_sphere	16	27.782140731811523	2.735774040222168	27.782140731811523	0.0005860247183591127	1.368726134300232	0.024703074246644974	0
16	255	inverse_hidden	random_sphere	16	28.309513092041016	4.079657077789307	28.309513092041016	0.00011313190771033987	1.4136147499084473	0.022143712267279625	0
17	63	centered_logit	proposal	16	0.7285652160644531	0.7285652160644531	0.18620850145816803	0.06275700032711029	0.037173956632614136	0.029771722853183746	1
17	127	centered_logit	proposal	16	0.5586348176002502	0.5586348176002502	0.13023683428764343	0.9608786702156067	0.049147408455610275	0.0418584980070591	1
17	191	centered_logit	proposal	16	0.8201233148574829	0.8201233148574829	0.16479653120040894	0.018858809024095535	0.0311285350471735	0.022428274154663086	1
17	255	centered_logit	proposal	16	0.42266345024108887	0.42266345024108887	0.10700682550668716	0.971875786781311	0.03150983154773712	0.023140471428632736	1
17	63	centered_logit	canonical_perturbation	16	0.6474553346633911	0.6474553346633911	0.15906797349452972	0.23211561143398285	0.037896715104579926	0.029771722853183746	1
17	127	centered_logit	canonical_perturbation	16	0.7918000817298889	0.7918000817298889	0.27810055017471313	0.6730962991714478	0.05512583255767822	0.0418584980070591	1
17	191	centered_logit	canonical_perturbation	16	0.728958010673523	0.728958010673523	0.14624151587486267	0.1066938117146492	0.031534355133771896	0.022428274154663086	1
17	255	centered_logit	canonical_perturbation	16	0.4372977614402771	0.4372977614402771	0.10072629898786545	0.9691234827041626	0.02908916585147381	0.023140471428632736	1
17	63	centered_logit	random_sphere	16	2.65122127532959	2.65122127532959	29.120508193969727	8.401754894293845e-05	1.4103204011917114	0.029771722853183746	0
17	127	centered_logit	random_sphere	16	6.70387077331543	6.70387077331543	27.577472686767578	0.00011839208309538662	1.4722840785980225	0.0418584980070591	0
17	191	centered_logit	random_sphere	16	2.045858383178711	2.045858383178711	27.26398277282715	0.0007128097349777818	1.3787659406661987	0.022428274154663086	0
17	255	centered_logit	random_sphere	16	3.6725926399230957	3.6725926399230957	28.204172134399414	9.666848200140521e-05	1.4388201236724854	0.023140471428632736	0
17	63	inverse_hidden	proposal	16	0.004121063277125359	1.6155672073364258	0.004121063277125359	0.011350404471158981	0.028833743184804916	0.029771722853183746	1
17	127	inverse_hidden	proposal	16	0.003910883795469999	3.2531285285949707	0.003910883795469999	0.9267744421958923	0.04056859388947487	0.0418584980070591	1
17	191	inverse_hidden	proposal	16	0.005768019240349531	1.6270732879638672	0.005768019240349531	0.002432749141007662	0.022418122738599777	0.022428274154663086	0
17	255	inverse_hidden	proposal	16	0.003951769322156906	4.902350425720215	0.003951769322156906	0.0016212818445637822	0.021236145868897438	0.023140471428632736	0
17	63	inverse_hidden	canonical_perturbation	16	0.013059783726930618	1.6180413961410522	0.013059783726930618	0.008053853176534176	0.025724565610289574	0.029771722853183746	1
17	127	inverse_hidden	canonical_perturbation	16	0.058600813150405884	3.7351737022399902	0.058600813150405884	0.08636258542537689	0.038689594715833664	0.0418584980070591	1
17	191	inverse_hidden	canonical_perturbation	16	0.009168367832899094	2.0153450965881348	0.009168367832899094	0.03096466138958931	0.022377127781510353	0.022428274154663086	1
17	255	inverse_hidden	canonical_perturbation	16	0.009229272603988647	5.269872665405273	0.009229272603988647	0.0006281146197579801	0.021909775212407112	0.023140471428632736	0
17	63	inverse_hidden	random_sphere	16	29.157493591308594	3.0814595222473145	29.157493591308594	6.911886157467961e-05	1.4076937437057495	0.029771722853183746	0
17	127	inverse_hidden	random_sphere	16	27.51404571533203	8.32681655883789	27.51404571533203	3.5092831240035594e-05	1.4723223447799683	0.0418584980070591	0
17	191	inverse_hidden	random_sphere	16	27.269880294799805	2.414098024368286	27.269880294799805	0.0005837196949869394	1.377084493637085	0.022428274154663086	0
17	255	inverse_hidden	random_sphere	16	28.205598831176758	4.426445960998535	28.205598831176758	3.92005531466566e-05	1.4396311044692993	0.023140471428632736	0
16	63	centered_logit	proposal	24	0.3813280463218689	0.3813280463218689	0.09015591442584991	0.9997939467430115	0.036154113709926605	0.023588942363858223	1
16	127	centered_logit	proposal	24	0.5684859752655029	0.5684859752655029	0.1512773633003235	0.9388614892959595	0.04582219943404198	0.03359896317124367	1
16	191	centered_logit	proposal	24	0.4293961524963379	0.4293961524963379	0.105138398706913	0.9943517446517944	0.03453940898180008	0.024703074246644974	1
16	255	centered_logit	proposal	24	0.4483734369277954	0.4483734369277954	0.11031749099493027	0.9847186207771301	0.03522517532110214	0.022143712267279625	1
16	63	centered_logit	canonical_perturbation	24	0.38052988052368164	0.38052988052368164	0.11282798647880554	0.999825656414032	0.03696093335747719	0.023588942363858223	1
16	127	centered_logit	canonical_perturbation	24	0.6679201126098633	0.6679201126098633	0.2505078911781311	0.8763958811759949	0.04911726713180542	0.03359896317124367	1
16	191	centered_logit	canonical_perturbation	24	0.2576407492160797	0.2576407492160797	0.09178366512060165	0.9998077750205994	0.03717811778187752	0.024703074246644974	1
16	255	centered_logit	canonical_perturbation	24	0.40355581045150757	0.40355581045150757	0.10305151343345642	0.9942043423652649	0.036218203604221344	0.022143712267279625	1
16	63	centered_logit	random_sphere	24	5.053560256958008	5.053560256958008	27.939027786254883	0.00036845338763669133	1.4234806299209595	0.023588942363858223	0
16	127	centered_logit	random_sphere	24	5.556528091430664	5.556528091430664	27.57339096069336	0.0005477804224938154	1.4374483823776245	0.03359896317124367	0
16	191	centered_logit	random_sphere	24	2.112560987472534	2.112560987472534	27.96243667602539	0.0021808038000017405	1.375491738319397	0.024703074246644974	1
16	255	centered_logit	random_sphere	24	2.928408145904541	2.928408145904541	28.489051818847656	0.0003900165029335767	1.4105628728866577	0.022143712267279625	0
16	63	inverse_hidden	proposal	24	0.0015605953522026539	2.9376041889190674	0.0015605953522026539	0.9940165281295776	0.020948391407728195	0.023588942363858223	1
16	127	inverse_hidden	proposal	24	0.0025128163397312164	5.649295806884766	0.0025128163397312164	0.305000364780426	0.031374141573905945	0.03359896317124367	1
16	191	inverse_hidden	proposal	24	0.002231576247140765	1.6631050109863281	0.002231576247140765	0.7788261771202087	0.0225166454911232	0.024703074246644974	1
16	255	inverse_hidden	proposal	24	0.003096328116953373	2.2690176963806152	0.003096328116953373	0.2925277352333069	0.02211885154247284	0.022143712267279625	1
16	63	inverse_hidden	canonical_perturbation	24	0.009881330654025078	6.016399383544922	0.009881330654025078	0.035909879952669144	0.02506975457072258	0.023588942363858223	1
16	127	inverse_hidden	canonical_perturbation	24	0.017184626311063766	6.277777671813965	0.017184626311063766	0.033544979989528656	0.03332675248384476	0.03359896317124367	1
16	191	inverse_hidden	canonical_perturbation	24	0.007044958416372538	1.6424015760421753	0.007044958416372538	0.4249432682991028	0.02320246957242489	0.024703074246644974	1
16	255	inverse_hidden	canonical_perturbation	24	0.01035650260746479	2.6220474243164062	0.01035650260746479	0.07699001580476761	0.023051146417856216	0.022143712267279625	1
16	63	inverse_hidden	random_sphere	24	27.908653259277344	7.135542392730713	27.908653259277344	7.425144576700404e-05	1.4266421794891357	0.023588942363858223	0
16	127	inverse_hidden	random_sphere	24	27.520248413085938	7.645884990692139	27.520248413085938	9.745454735821113e-05	1.4380791187286377	0.03359896317124367	0
16	191	inverse_hidden	random_sphere	24	27.751182556152344	2.744574546813965	27.751182556152344	0.0005828340072184801	1.3667874336242676	0.024703074246644974	0
16	255	inverse_hidden	random_sphere	24	28.290605545043945	4.092037677764893	28.290605545043945	0.00011326997628202662	1.4138563871383667	0.022143712267279625	0
17	63	centered_logit	proposal	24	0.6775438785552979	0.6775438785552979	0.21788066625595093	0.10180243849754333	0.03949470445513725	0.029771722853183746	1
17	127	centered_logit	proposal	24	0.46748071908950806	0.46748071908950806	0.13394871354103088	0.9893476963043213	0.05145884305238724	0.0418584980070591	1
17	191	centered_logit	proposal	24	0.7181589603424072	0.7181589603424072	0.1834343820810318	0.03143182396888733	0.03415960073471069	0.022428274154663086	1
17	255	centered_logit	proposal	24	0.302238792181015	0.302238792181015	0.09985632449388504	0.9972587823867798	0.03606238216161728	0.023140471428632736	1
17	63	centered_logit	canonical_perturbation	24	0.5461428165435791	0.5461428165435791	0.15220317244529724	0.7587150931358337	0.04137498140335083	0.029771722853183746	1
17	127	centered_logit	canonical_perturbation	24	0.6743157505989075	0.6743157505989075	0.2799249291419983	0.8714674711227417	0.05933847278356552	0.0418584980070591	1
17	191	centered_logit	canonical_perturbation	24	0.5869159698486328	0.5869159698486328	0.13680630922317505	0.31770870089530945	0.03504074737429619	0.022428274154663086	1
17	255	centered_logit	canonical_perturbation	24	0.3191186189651489	0.3191186189651489	0.09826485067605972	0.9957108497619629	0.03269936889410019	0.023140471428632736	1
17	63	centered_logit	random_sphere	24	2.472261428833008	2.472261428833008	29.108356475830078	9.779306856216863e-05	1.4117071628570557	0.029771722853183746	0
17	127	centered_logit	random_sphere	24	6.0105743408203125	6.0105743408203125	27.561019897460938	0.0002127749175997451	1.4714096784591675	0.0418584980070591	0
17	191	centered_logit	random_sphere	24	1.8916687965393066	1.8916687965393066	27.240375518798828	0.0008107744506560266	1.3794580698013306	0.022428274154663086	0
17	255	centered_logit	random_sphere	24	3.352590560913086	3.352590560913086	28.193918228149414	0.0001487003464717418	1.4373371601104736	0.023140471428632736	0
17	63	inverse_hidden	proposal	24	0.002758393296971917	1.9749634265899658	0.002758393296971917	0.013794303871691227	0.028704732656478882	0.029771722853183746	0
17	127	inverse_hidden	proposal	24	0.0028428277000784874	5.761771202087402	0.0028428277000784874	0.09343547374010086	0.04064939543604851	0.0418584980070591	1
17	191	inverse_hidden	proposal	24	0.0029911575838923454	2.798928737640381	0.0029911575838923454	0.0016876771114766598	0.02215464971959591	0.022428274154663086	0
17	255	inverse_hidden	proposal	24	0.002078061457723379	3.5673768520355225	0.002078061457723379	0.020804615691304207	0.020507920533418655	0.023140471428632736	0
17	63	inverse_hidden	canonical_perturbation	24	0.008415835909545422	1.3640297651290894	0.008415835909545422	0.05784599483013153	0.025665977969765663	0.029771722853183746	1
17	127	inverse_hidden	canonical_perturbation	24	0.03028860315680504	6.8794355392456055	0.03028860315680504	0.001770811970345676	0.03917977958917618	0.0418584980070591	0
17	191	inverse_hidden	canonical_perturbation	24	0.0057069724425673485	1.1352051496505737	0.0057069724425673485	0.528914213180542	0.022083783522248268	0.022428274154663086	1
17	255	inverse_hidden	canonical_perturbation	24	0.007401884999126196	3.6702141761779785	0.007401884999126196	0.020610759034752846	0.021986765787005424	0.023140471428632736	1
17	63	inverse_hidden	random_sphere	24	29.148500442504883	3.075683116912842	29.148500442504883	6.937094440218061e-05	1.4076310396194458	0.029771722853183746	0
17	127	inverse_hidden	random_sphere	24	27.47631072998047	8.351251602172852	27.47631072998047	3.5238448617747054e-05	1.471795916557312	0.0418584980070591	0
17	191	inverse_hidden	random_sphere	24	27.24332046508789	2.4047956466674805	27.24332046508789	0.0005738604813814163	1.376859188079834	0.022428274154663086	0
17	255	inverse_hidden	random_sphere	24	28.193801879882812	4.425539970397949	28.193801879882812	3.963437120546587e-05	1.4388868808746338	0.023140471428632736	0
16	63	centered_logit	proposal	40	0.24341478943824768	0.24341478943824768	0.08714868873357773	0.9999853372573853	0.039244264364242554	0.023588942363858223	1
16	127	centered_logit	proposal	40	0.41554540395736694	0.41554540395736694	0.1240105926990509	0.9941446185112	0.048689667135477066	0.03359896317124367	1
16	191	centered_logit	proposal	40	0.28619837760925293	0.28619837760925293	0.10355477035045624	0.9994188547134399	0.03814754635095596	0.024703074246644974	1
16	255	centered_logit	proposal	40	0.26526838541030884	0.26526838541030884	0.09599102288484573	0.9991734623908997	0.0399743914604187	0.022143712267279625	1
16	63	centered_logit	canonical_perturbation	40	0.24984975159168243	0.24984975159168243	0.11239944398403168	0.9999860525131226	0.040605369955301285	0.023588942363858223	1
16	127	centered_logit	canonical_perturbation	40	0.5063179731369019	0.5063179731369019	0.2344631850719452	0.9814995527267456	0.0526917390525341	0.03359896317124367	1
16	191	centered_logit	canonical_perturbation	40	0.1459806263446808	0.1459806263446808	0.08483745902776718	0.9999865293502808	0.04193809628486633	0.024703074246644974	1
16	255	centered_logit	canonical_perturbation	40	0.21504724025726318	0.21504724025726318	0.09827741980552673	0.9997518658638	0.041898686438798904	0.022143712267279625	1
16	63	centered_logit	random_sphere	40	3.9919843673706055	3.9919843673706055	27.978734970092773	0.0009613183210603893	1.4205726385116577	0.023588942363858223	0
16	127	centered_logit	random_sphere	40	4.427477836608887	4.427477836608887	27.595781326293945	0.0015815127408131957	1.4352662563323975	0.03359896317124367	0
16	191	centered_logit	random_sphere	40	1.829188346862793	1.829188346862793	28.038021087646484	0.004896537866443396	1.3767611980438232	0.024703074246644974	1
16	255	centered_logit	random_sphere	40	2.4323172569274902	2.4323172569274902	28.59462547302246	0.0008014949853532016	1.4092204570770264	0.022143712267279625	0
16	63	inverse_hidden	proposal	40	0.0006324454443529248	1.107546329498291	0.0006324454443529248	0.9999899864196777	0.01962224766612053	0.023588942363858223	1
16	127	inverse_hidden	proposal	40	0.001259475713595748	1.677356243133545	0.001259475713595748	0.998336136341095	0.030749890953302383	0.03359896317124367	1
16	191	inverse_hidden	proposal	40	0.0008012363105081022	0.8839209079742432	0.0008012363105081022	0.9978261590003967	0.020437249913811684	0.024703074246644974	1
16	255	inverse_hidden	proposal	40	0.0012674130266532302	1.328140377998352	0.0012674130266532302	0.8887065052986145	0.01991959661245346	0.022143712267279625	1
16	63	inverse_hidden	canonical_perturbation	40	0.004963400773704052	3.9134674072265625	0.004963400773704052	0.8913140296936035	0.022479355335235596	0.023588942363858223	1
16	127	inverse_hidden	canonical_perturbation	40	0.010332353413105011	3.256838321685791	0.010332353413105011	0.5186348557472229	0.03160303458571434	0.03359896317124367	1
16	191	inverse_hidden	canonical_perturbation	40	0.0037652691826224327	1.6664280891418457	0.0037652691826224327	0.801517903804779	0.020114373415708542	0.024703074246644974	1
16	255	inverse_hidden	canonical_perturbation	40	0.00441171508282423	2.6241555213928223	0.00441171508282423	0.2124641090631485	0.020375244319438934	0.022143712267279625	1
16	63	inverse_hidden	random_sphere	40	27.89313316345215	7.130440711975098	27.89313316345215	7.658017420908436e-05	1.4264816045761108	0.023588942363858223	0
16	127	inverse_hidden	random_sphere	40	27.489864349365234	7.594804763793945	27.489864349365234	9.922005119733512e-05	1.436852216720581	0.03359896317124367	0
16	191	inverse_hidden	random_sphere	40	27.70110511779785	2.762481212615967	27.70110511779785	0.0005783896776847541	1.363412857055664	0.024703074246644974	0
16	255	inverse_hidden	random_sphere	40	28.258865356445312	4.1109466552734375	28.258865356445312	0.00011446383723523468	1.414090871810913	0.022143712267279625	0
17	63	centered_logit	proposal	40	0.5301100015640259	0.5301100015640259	0.17470136284828186	0.5807169079780579	0.04201388359069824	0.029771722853183746	1
17	127	centered_logit	proposal	40	0.3234865367412567	0.3234865367412567	0.09749812632799149	0.9993938207626343	0.054443057626485825	0.0418584980070591	1
17	191	centered_logit	proposal	40	0.5309869050979614	0.5309869050979614	0.15115360915660858	0.3129690885543823	0.03841828182339668	0.022428274154663086	1
17	255	centered_logit	proposal	40	0.17718541622161865	0.17718541622161865	0.09401989728212357	0.9998237490653992	0.04157164320349693	0.023140471428632736	1
17	63	centered_logit	canonical_perturbation	40	0.36230576038360596	0.36230576038360596	0.13822123408317566	0.973304271697998	0.04556644335389137	0.029771722853183746	1
17	127	centered_logit	canonical_perturbation	40	0.5164005160331726	0.5164005160331726	0.2942938804626465	0.9731990694999695	0.0636272132396698	0.0418584980070591	1
17	191	centered_logit	canonical_perturbation	40	0.40180736780166626	0.40180736780166626	0.12068508565425873	0.9027160406112671	0.039702337235212326	0.022428274154663086	1
17	255	centered_logit	canonical_perturbation	40	0.18296462297439575	0.18296462297439575	0.08691378682851791	0.999769389629364	0.03779326751828194	0.023140471428632736	1
17	63	centered_logit	random_sphere	40	2.1764888763427734	2.1764888763427734	29.11577606201172	0.0001469771668780595	1.4140890836715698	0.029771722853183746	0
17	127	centered_logit	random_sphere	40	4.8222432136535645	4.8222432136535645	27.534921646118164	0.0006341580301523209	1.4694346189498901	0.0418584980070591	0
17	191	centered_logit	random_sphere	40	1.6377300024032593	1.6377300024032593	27.208507537841797	0.0011543184518814087	1.379855751991272	0.022428274154663086	0
17	255	centered_logit	random_sphere	40	2.8218607902526855	2.8218607902526855	28.179302215576172	0.00032685903715901077	1.4348410367965698	0.023140471428632736	0
17	63	inverse_hidden	proposal	40	0.0010867806850001216	1.0892139673233032	0.0010867806850001216	0.7064085602760315	0.027362652122974396	0.029771722853183746	1
17	127	inverse_hidden	proposal	40	0.0010850213002413511	1.9029929637908936	0.0010850213002413511	0.9989575147628784	0.04010080546140671	0.0418584980070591	1
17	191	inverse_hidden	proposal	40	0.0013690696796402335	1.3424947261810303	0.0013690696796402335	0.1853695660829544	0.021173426881432533	0.022428274154663086	1
17	255	inverse_hidden	proposal	40	0.0010009356774389744	2.0590600967407227	0.0010009356774389744	0.740576446056366	0.019114751368761063	0.023140471428632736	1
17	63	inverse_hidden	canonical_perturbation	40	0.004473117180168629	1.583289623260498	0.004473117180168629	0.3271021246910095	0.02275942824780941	0.029771722853183746	1
17	127	inverse_hidden	canonical_perturbation	40	0.01614631712436676	5.593452453613281	0.01614631712436676	0.043032530695199966	0.039049457758665085	0.0418584980070591	1
17	191	inverse_hidden	canonical_perturbation	40	0.0032715352717787027	1.8659038543701172	0.0032715352717787027	0.2864779829978943	0.01912738010287285	0.022428274154663086	1
17	255	inverse_hidden	canonical_perturbation	40	0.003144484246149659	1.4400359392166138	0.003144484246149659	0.6190166473388672	0.01920854113996029	0.023140471428632736	1
17	63	inverse_hidden	random_sphere	40	29.133546829223633	3.0672390460968018	29.133546829223633	6.942842446733266e-05	1.407340407371521	0.029771722853183746	0
17	127	inverse_hidden	random_sphere	40	27.422687530517578	8.404187202453613	27.422687530517578	3.4889621019829065e-05	1.4712287187576294	0.0418584980070591	0
17	191	inverse_hidden	random_sphere	40	27.19687843322754	2.38765811920166	27.19687843322754	0.000558607978746295	1.3761053085327148	0.022428274154663086	0
17	255	inverse_hidden	random_sphere	40	28.172597885131836	4.426386833190918	28.172597885131836	4.010492921224795e-05	1.4375888109207153	0.023140471428632736	0
18	63	centered_logit	proposal	0	1.6515922546386719	1.6515922546386719	0.04208185896277428	0.4195246696472168	0.03873342275619507	0.03873342275619507	1
18	127	centered_logit	proposal	0	5.824321746826172	5.824321746826172	0.05273778364062309	0.11557213962078094	0.02621789090335369	0.02621789090335369	1
18	191	centered_logit	proposal	0	1.824310541152954	1.824310541152954	0.09573724865913391	0.999680757522583	0.020386256277561188	0.020386256277561188	1
18	255	centered_logit	proposal	0	6.178001403808594	6.178001403808594	0.037299782037734985	0.0866188108921051	0.02580316923558712	0.02580316923558712	1
18	63	centered_logit	canonical_perturbation	0	3.897304058074951	3.897304058074951	0.42832961678504944	0.00023591882199980319	0.03873342275619507	0.03873342275619507	0
18	127	centered_logit	canonical_perturbation	0	5.923893451690674	5.923893451690674	0.13234655559062958	0.022000228986144066	0.02621789462864399	0.02621789090335369	1
18	191	centered_logit	canonical_perturbation	0	2.4886722564697266	2.4886722564697266	0.08256738632917404	0.02545633167028427	0.020386258140206337	0.020386256277561188	1
18	255	centered_logit	canonical_perturbation	0	7.325690269470215	7.325690269470215	0.09075131267309189	0.005686298478394747	0.02580316923558712	0.02580316923558712	1
18	63	centered_logit	random_sphere	0	4.119683265686035	4.119683265686035	29.404672622680664	4.755783447762951e-05	1.4378944635391235	0.03873342275619507	0
18	127	centered_logit	random_sphere	0	11.017675399780273	11.017675399780273	26.78480339050293	0.00015873988741077483	1.4275896549224854	0.02621789090335369	0
18	191	centered_logit	random_sphere	0	2.38683819770813	2.38683819770813	25.976789474487305	2.8558057238114998e-05	1.4286493062973022	0.020386256277561188	0
18	255	centered_logit	random_sphere	0	9.833820343017578	9.833820343017578	25.89071273803711	0.00026881269877776504	1.3963346481323242	0.02580316923558712	0
18	63	inverse_hidden	proposal	0	0.04208185896277428	1.6515922546386719	0.04208185896277428	0.4195246696472168	0.03873342275619507	0.03873342275619507	1
18	127	inverse_hidden	proposal	0	0.05273778364062309	5.824321746826172	0.05273778364062309	0.11557213962078094	0.02621789090335369	0.02621789090335369	1
18	191	inverse_hidden	proposal	0	0.09573724865913391	1.824310541152954	0.09573724865913391	0.999680757522583	0.020386256277561188	0.020386256277561188	1
18	255	inverse_hidden	proposal	0	0.037299782037734985	6.178001403808594	0.037299782037734985	0.0866188108921051	0.02580316923558712	0.02580316923558712	1
18	63	inverse_hidden	canonical_perturbation	0	0.42832961678504944	3.897304058074951	0.42832961678504944	0.00023591882199980319	0.03873342275619507	0.03873342275619507	0
18	127	inverse_hidden	canonical_perturbation	0	0.13234655559062958	5.923893451690674	0.13234655559062958	0.022000228986144066	0.02621789462864399	0.02621789090335369	1
18	191	inverse_hidden	canonical_perturbation	0	0.08256738632917404	2.4886722564697266	0.08256738632917404	0.02545633167028427	0.020386258140206337	0.020386256277561188	1
18	255	inverse_hidden	canonical_perturbation	0	0.09075131267309189	7.325690269470215	0.09075131267309189	0.005686298478394747	0.02580316923558712	0.02580316923558712	1
18	63	inverse_hidden	random_sphere	0	29.404672622680664	4.119683265686035	29.404672622680664	4.755783447762951e-05	1.4378944635391235	0.03873342275619507	0
18	127	inverse_hidden	random_sphere	0	26.78480339050293	11.017675399780273	26.78480339050293	0.00015873988741077483	1.4275896549224854	0.02621789090335369	0
18	191	inverse_hidden	random_sphere	0	25.976789474487305	2.38683819770813	25.976789474487305	2.8558057238114998e-05	1.4286493062973022	0.020386256277561188	0
18	255	inverse_hidden	random_sphere	0	25.89071273803711	9.833820343017578	25.89071273803711	0.00026881269877776504	1.3963346481323242	0.02580316923558712	0
19	63	centered_logit	proposal	0	6.329428672790527	6.329428672790527	0.034711338579654694	0.022178880870342255	0.026770025491714478	0.026770025491714478	1
19	127	centered_logit	proposal	0	2.5243093967437744	2.5243093967437744	0.03204717859625816	0.07183025777339935	0.028705326840281487	0.028705326840281487	1
19	191	centered_logit	proposal	0	2.629855155944824	2.629855155944824	0.041861895471811295	0.04107853025197983	0.029564332216978073	0.029564332216978073	1
19	255	centered_logit	proposal	0	2.712280035018921	2.712280035018921	0.03923439234495163	0.1619780957698822	0.030957292765378952	0.030957292765378952	1
19	63	centered_logit	canonical_perturbation	0	3.7477173805236816	3.7477173805236816	0.11577008664608002	0.0051399399526417255	0.02677002362906933	0.026770025491714478	1
19	127	centered_logit	canonical_perturbation	0	1.5455682277679443	1.5455682277679443	0.12331967055797577	0.05975921079516411	0.028705330565571785	0.028705326840281487	1
19	191	centered_logit	canonical_perturbation	0	1.640716314315796	1.640716314315796	0.23440293967723846	0.004380328115075827	0.02956433594226837	0.029564332216978073	1
19	255	centered_logit	canonical_perturbation	0	4.052830219268799	4.052830219268799	0.20809604227542877	0.00947989895939827	0.030957292765378952	0.030957292765378952	1
19	63	centered_logit	random_sphere	0	3.3743042945861816	3.3743042945861816	26.40151596069336	0.00019017215527128428	1.4042532444000244	0.026770025491714478	0
19	127	centered_logit	random_sphere	0	3.146026611328125	3.146026611328125	25.94799041748047	9.685122495284304e-05	1.4377297163009644	0.028705326840281487	0
19	191	centered_logit	random_sphere	0	2.5042409896850586	2.5042409896850586	25.300945281982422	4.462404103833251e-05	1.4737389087677002	0.029564332216978073	0
19	255	centered_logit	random_sphere	0	8.644576072692871	8.644576072692871	26.090124130249023	3.7321686249924824e-05	1.404210090637207	0.030957292765378952	0
19	63	inverse_hidden	proposal	0	0.034711338579654694	6.329428672790527	0.034711338579654694	0.022178880870342255	0.026770025491714478	0.026770025491714478	1
19	127	inverse_hidden	proposal	0	0.03204717859625816	2.5243093967437744	0.03204717859625816	0.07183025777339935	0.028705326840281487	0.028705326840281487	1
19	191	inverse_hidden	proposal	0	0.041861895471811295	2.629855155944824	0.041861895471811295	0.04107853025197983	0.029564332216978073	0.029564332216978073	1
19	255	inverse_hidden	proposal	0	0.03923439234495163	2.712280035018921	0.03923439234495163	0.1619780957698822	0.030957292765378952	0.030957292765378952	1
19	63	inverse_hidden	canonical_perturbation	0	0.11577008664608002	3.7477173805236816	0.11577008664608002	0.0051399399526417255	0.02677002362906933	0.026770025491714478	1
19	127	inverse_hidden	canonical_perturbation	0	0.12331967055797577	1.5455682277679443	0.12331967055797577	0.05975921079516411	0.028705330565571785	0.028705326840281487	1
19	191	inverse_hidden	canonical_perturbation	0	0.23440293967723846	1.640716314315796	0.23440293967723846	0.004380328115075827	0.02956433594226837	0.029564332216978073	1
19	255	inverse_hidden	canonical_perturbation	0	0.20809604227542877	4.052830219268799	0.20809604227542877	0.00947989895939827	0.030957292765378952	0.030957292765378952	1
19	63	inverse_hidden	random_sphere	0	26.40151596069336	3.3743042945861816	26.40151596069336	0.00019017215527128428	1.4042532444000244	0.026770025491714478	0
19	127	inverse_hidden	random_sphere	0	25.94799041748047	3.146026611328125	25.94799041748047	9.685122495284304e-05	1.4377297163009644	0.028705326840281487	0
19	191	inverse_hidden	random_sphere	0	25.300945281982422	2.5042409896850586	25.300945281982422	4.462404103833251e-05	1.4737389087677002	0.029564332216978073	0
19	255	inverse_hidden	random_sphere	0	26.090124130249023	8.644576072692871	26.090124130249023	3.7321686249924824e-05	1.404210090637207	0.030957292765378952	0
18	63	centered_logit	proposal	1	1.1228870153427124	1.1228870153427124	0.036537062376737595	0.4854808449745178	0.03901345282793045	0.03873342275619507	1
18	127	centered_logit	proposal	1	3.7234673500061035	3.7234673500061035	0.0635780319571495	0.2736110985279083	0.02669793926179409	0.02621789090335369	1
18	191	centered_logit	proposal	1	1.195904016494751	1.195904016494751	0.08872116357088089	0.9993232488632202	0.020141620188951492	0.020386256277561188	1
18	255	centered_logit	proposal	1	3.438105344772339	3.438105344772339	0.045110318809747696	0.35539549589157104	0.026496192440390587	0.02580316923558712	1
18	63	centered_logit	canonical_perturbation	1	3.4006237983703613	3.4006237983703613	0.5135097503662109	0.0004835673898924142	0.039079394191503525	0.03873342275619507	0
18	127	centered_logit	canonical_perturbation	1	4.26689338684082	4.26689338684082	0.11470170319080353	0.11477594077587128	0.02620764449238777	0.02621789090335369	1
18	191	centered_logit	canonical_perturbation	1	1.3711555004119873	1.3711555004119873	0.06136256456375122	0.25600919127464294	0.020726855844259262	0.020386256277561188	1
18	255	centered_logit	canonical_perturbation	1	4.928112030029297	4.928112030029297	0.08545948565006256	0.05151342228055	0.025817062705755234	0.02580316923558712	1
18	63	centered_logit	random_sphere	1	4.067590713500977	4.067590713500977	29.405223846435547	5.048760067438707e-05	1.437820315361023	0.03873342275619507	0
18	127	centered_logit	random_sphere	1	10.888528823852539	10.888528823852539	26.783336639404297	0.0001727953931549564	1.4274637699127197	0.02621789090335369	0
18	191	centered_logit	random_sphere	1	2.367201328277588	2.367201328277588	25.975019454956055	3.0412085834541358e-05	1.428621768951416	0.020386256277561188	0
18	255	centered_logit	random_sphere	1	9.711160659790039	9.711160659790039	25.889915466308594	0.0002922286803368479	1.3961899280548096	0.02580316923558712	0
18	63	inverse_hidden	proposal	1	0.05304635316133499	3.1491599082946777	0.05304635316133499	0.001784485881216824	0.03853736072778702	0.03873342275619507	0
18	127	inverse_hidden	proposal	1	0.03197595104575157	9.336383819580078	0.03197595104575157	0.0006160417106002569	0.025781182572245598	0.02621789090335369	0
18	191	inverse_hidden	proposal	1	0.06602097302675247	2.1351146697998047	0.06602097302675247	0.9932034015655518	0.019939016550779343	0.020386256277561188	1
18	255	inverse_hidden	proposal	1	0.019189083948731422	6.524303436279297	0.019189083948731422	0.004685659427195787	0.025282762944698334	0.02580316923558712	0
18	63	inverse_hidden	canonical_perturbation	1	0.23270446062088013	4.051334381103516	0.23270446062088013	0.00025275780353695154	0.0379740335047245	0.03873342275619507	0
18	127	inverse_hidden	canonical_perturbation	1	0.05643134564161301	6.353141784667969	0.05643134564161301	0.015674199908971786	0.025565017014741898	0.02621789090335369	1
18	191	inverse_hidden	canonical_perturbation	1	0.03352605924010277	2.346142292022705	0.03352605924010277	0.0017383346566930413	0.019967492669820786	0.020386256277561188	0
18	255	inverse_hidden	canonical_perturbation	1	0.0426735058426857	9.19224739074707	0.0426735058426857	0.0014850265579298139	0.025109121575951576	0.02580316923558712	0
18	63	inverse_hidden	random_sphere	1	29.402881622314453	4.121699810028076	29.402881622314453	4.7313242248492315e-05	1.4379374980926514	0.03873342275619507	0
18	127	inverse_hidden	random_sphere	1	26.78364372253418	11.016656875610352	26.78364372253418	0.00015855077072046697	1.4275541305541992	0.02621789090335369	0
18	191	inverse_hidden	random_sphere	1	25.975900650024414	2.386887550354004	25.975900650024414	2.8574711905093864e-05	1.428715705871582	0.020386256277561188	0
18	255	inverse_hidden	random_sphere	1	25.889039993286133	9.835634231567383	25.889039993286133	0.00026816880563274026	1.3962477445602417	0.02580316923558712	0
19	63	centered_logit	proposal	1	2.882863998413086	2.882863998413086	0.027422819286584854	0.0480656772851944	0.027028962969779968	0.026770025491714478	1
19	127	centered_logit	proposal	1	2.2584280967712402	2.2584280967712402	0.03329338878393173	0.008480400778353214	0.029115039855241776	0.028705326840281487	0
19	191	centered_logit	proposal	1	1.8534729480743408	1.8534729480743408	0.0412478931248188	0.0016728023765608668	0.029476771131157875	0.029564332216978073	0
19	255	centered_logit	proposal	1	1.7224786281585693	1.7224786281585693	0.040234703570604324	0.42075738310813904	0.03145666420459747	0.030957292765378952	1
19	63	centered_logit	canonical_perturbation	1	2.594787120819092	2.594787120819092	0.1250745952129364	0.004385154694318771	0.027210310101509094	0.026770025491714478	1
19	127	centered_logit	canonical_perturbation	1	1.1807878017425537	1.1807878017425537	0.10714195668697357	0.2137698084115982	0.029089760035276413	0.028705326840281487	1
19	191	centered_logit	canonical_perturbation	1	1.2939746379852295	1.2939746379852295	0.16770485043525696	0.02057163044810295	0.029565446078777313	0.029564332216978073	1
19	255	centered_logit	canonical_perturbation	1	3.012289047241211	3.012289047241211	0.176939457654953	0.03816943243145943	0.031056348234415054	0.030957292765378952	1
19	63	centered_logit	random_sphere	1	3.3275091648101807	3.3275091648101807	26.397172927856445	0.00019112454901915044	1.4044299125671387	0.026770025491714478	0
19	127	centered_logit	random_sphere	1	3.102447986602783	3.102447986602783	25.94792938232422	0.00010303493036190048	1.4375226497650146	0.028705326840281487	0
19	191	centered_logit	random_sphere	1	2.4643349647521973	2.4643349647521973	25.298423767089844	4.7284458560170606e-05	1.4736398458480835	0.029564332216978073	0
19	255	centered_logit	random_sphere	1	8.537858963012695	8.537858963012695	26.089073181152344	4.0811821236275136e-05	1.404091238975525	0.030957292765378952	0
19	63	inverse_hidden	proposal	1	0.04251520335674286	3.1682119369506836	0.04251520335674286	0.0010088661219924688	0.026225516572594643	0.026770025491714478	0
19	127	inverse_hidden	proposal	1	0.05873548984527588	3.802339553833008	0.05873548984527588	0.0001355766726192087	0.028385989367961884	0.028705326840281487	0
19	191	inverse_hidden	proposal	1	0.02491263672709465	2.147045373916626	0.02491263672709465	0.00030007187160663307	0.02925155498087406	0.029564332216978073	0
19	255	inverse_hidden	proposal	1	0.07465844601392746	5.6506452560424805	0.07465844601392746	4.236832683091052e-05	0.03050808049738407	0.030957292765378952	0
19	63	inverse_hidden	canonical_perturbation	1	0.047729842364788055	3.1974802017211914	0.047729842364788055	0.007573071867227554	0.026280159130692482	0.026770025491714478	1
19	127	inverse_hidden	canonical_perturbation	1	0.050133273005485535	1.8020119667053223	0.050133273005485535	0.05367622524499893	0.027792828157544136	0.028705326840281487	1
19	191	inverse_hidden	canonical_perturbation	1	0.09299907088279724	1.5463794469833374	0.09299907088279724	0.0108575988560915	0.028886690735816956	0.029564332216978073	1
19	255	inverse_hidden	canonical_perturbation	1	0.08742474764585495	4.146457195281982	0.08742474764585495	0.016905086115002632	0.030271828174591064	0.030957292765378952	1
19	63	inverse_hidden	random_sphere	1	26.398357391357422	3.373060464859009	26.398357391357422	0.00019060444901697338	1.4043748378753662	0.026770025491714478	0
19	127	inverse_hidden	random_sphere	1	25.94642448425293	3.1475956439971924	25.94642448425293	9.65945073403418e-05	1.4377577304840088	0.028705326840281487	0
19	191	inverse_hidden	random_sphere	1	25.29615592956543	2.5047190189361572	25.29615592956543	4.469666600925848e-05	1.4736177921295166	0.029564332216978073	0
19	255	inverse_hidden	random_sphere	1	26.088619232177734	8.64719295501709	26.088619232177734	3.7220535887172446e-05	1.4041168689727783	0.030957292765378952	0
18	63	centered_logit	proposal	2	0.9139745235443115	0.9139745235443115	0.039625003933906555	0.6011799573898315	0.03945065289735794	0.03873342275619507	1
18	127	centered_logit	proposal	2	2.5798168182373047	2.5798168182373047	0.08017503470182419	0.3118157386779785	0.027476171031594276	0.02621789090335369	1
18	191	centered_logit	proposal	2	0.8456747531890869	0.8456747531890869	0.06492950767278671	0.9994113445281982	0.020392995327711105	0.020386256277561188	1
18	255	centered_logit	proposal	2	2.239598035812378	2.239598035812378	0.05321032553911209	0.39802834391593933	0.027353577315807343	0.02580316923558712	1
18	63	centered_logit	canonical_perturbation	2	3.0007667541503906	3.0007667541503906	0.5489665865898132	0.0009509646915830672	0.03948122262954712	0.03873342275619507	0
18	127	centered_logit	canonical_perturbation	2	2.936222553253174	2.936222553253174	0.09607749432325363	0.336685448884964	0.02662431076169014	0.02621789090335369	1
18	191	centered_logit	canonical_perturbation	2	1.2906105518341064	1.2906105518341064	0.047885045409202576	0.7884582281112671	0.02124370075762272	0.020386256277561188	1
18	255	centered_logit	canonical_perturbation	2	3.1058809757232666	3.1058809757232666	0.07425093650817871	0.22320756316184998	0.02611832693219185	0.02580316923558712	1
18	63	centered_logit	random_sphere	2	4.0162177085876465	4.0162177085876465	29.405990600585938	5.358421549317427e-05	1.4377467632293701	0.03873342275619507	0
18	127	centered_logit	random_sphere	2	10.760265350341797	10.760265350341797	26.781984329223633	0.00018802993872668594	1.4273380041122437	0.02621789090335369	0
18	191	centered_logit	random_sphere	2	2.347719669342041	2.347719669342041	25.97325897216797	3.2381813070969656e-05	1.4285988807678223	0.020386256277561188	0
18	255	centered_logit	random_sphere	2	9.589433670043945	9.589433670043945	25.88921356201172	0.0003175813180860132	1.3960453271865845	0.02580316923558712	0
18	63	inverse_hidden	proposal	2	0.022945793345570564	2.6342568397521973	0.022945793345570564	0.00783106405287981	0.03842797130346298	0.03873342275619507	1
18	127	inverse_hidden	proposal	2	0.013217792846262455	8.433911323547363	0.013217792846262455	0.0014348464319482446	0.02536408230662346	0.02621789090335369	0
18	191	inverse_hidden	proposal	2	0.0320252999663353	1.9644051790237427	0.0320252999663353	0.9899563789367676	0.019578121602535248	0.020386256277561188	1
18	255	inverse_hidden	proposal	2	0.007520991377532482	4.377475261688232	0.007520991377532482	0.1608806550502777	0.024917753413319588	0.02580316923558712	1
18	63	inverse_hidden	canonical_perturbation	2	0.12092611938714981	4.412413597106934	0.12092611938714981	0.00021886291506234556	0.0373605340719223	0.03873342275619507	0
18	127	inverse_hidden	canonical_perturbation	2	0.0583144836127758	9.947127342224121	0.0583144836127758	0.0005482030101120472	0.025249825790524483	0.02621789090335369	0
18	191	inverse_hidden	canonical_perturbation	2	0.05096668377518654	2.464595317840576	0.05096668377518654	0.0015942007303237915	0.019697831943631172	0.020386256277561188	0
18	255	inverse_hidden	canonical_perturbation	2	0.05100499093532562	10.5923433303833	0.05100499093532562	0.0004096846969332546	0.02459201030433178	0.02580316923558712	0
18	63	inverse_hidden	random_sphere	2	29.4011287689209	4.123676300048828	29.4011287689209	4.707291736849584e-05	1.4379816055297852	0.03873342275619507	0
18	127	inverse_hidden	random_sphere	2	26.782522201538086	11.015530586242676	26.782522201538086	0.00015834196528885514	1.427521824836731	0.02621789090335369	0
18	191	inverse_hidden	random_sphere	2	25.975008010864258	2.3868889808654785	25.975008010864258	2.8602922611753456e-05	1.4287819862365723	0.020386256277561188	0
18	255	inverse_hidden	random_sphere	2	25.88735008239746	9.837652206420898	25.88735008239746	0.00026744374190457165	1.3961528539657593	0.02580316923558712	0
19	63	centered_logit	proposal	2	1.3799906969070435	1.3799906969070435	0.03206504136323929	0.02152351476252079	0.027528198435902596	0.026770025491714478	1
19	127	centered_logit	proposal	2	1.6344482898712158	1.6344482898712158	0.0424702987074852	0.39455699920654297	0.029605839401483536	0.028705326840281487	1
19	191	centered_logit	proposal	2	1.4145209789276123	1.4145209789276123	0.04387839883565903	0.014126080088317394	0.029919710010290146	0.029564332216978073	0
19	255	centered_logit	proposal	2	1.2945175170898438	1.2945175170898438	0.04423292353749275	0.6913583874702454	0.03220231458544731	0.030957292765378952	1
19	63	centered_logit	canonical_perturbation	2	1.7073392868041992	1.7073392868041992	0.09785483777523041	0.004625231493264437	0.027797609567642212	0.026770025491714478	1
19	127	centered_logit	canonical_perturbation	2	0.9641144275665283	0.9641144275665283	0.08475936949253082	0.5484407544136047	0.029539400711655617	0.028705326840281487	1
19	191	centered_logit	canonical_perturbation	2	1.0941206216812134	1.0941206216812134	0.11542222648859024	0.09864729642868042	0.029779981821775436	0.029564332216978073	1
19	255	centered_logit	canonical_perturbation	2	2.1236166954040527	2.1236166954040527	0.1334427297115326	0.1466350555419922	0.03138548508286476	0.030957292765378952	1
19	63	centered_logit	random_sphere	2	3.2814841270446777	3.2814841270446777	26.392946243286133	0.00019214098574593663	1.4046032428741455	0.026770025491714478	0
19	127	centered_logit	random_sphere	2	3.0596442222595215	3.0596442222595215	25.94800567626953	0.00010957979247905314	1.4373157024383545	0.028705326840281487	0
19	191	centered_logit	random_sphere	2	2.4252991676330566	2.4252991676330566	25.295978546142578	5.0085414841305465e-05	1.4735397100448608	0.029564332216978073	0
19	255	centered_logit	random_sphere	2	8.431952476501465	8.431952476501465	26.088109970092773	4.455402813619003e-05	1.4039727449417114	0.030957292765378952	0
19	63	inverse_hidden	proposal	2	0.015284526161849499	4.592155456542969	0.015284526161849499	0.001261820551007986	0.02582894265651703	0.026770025491714478	0
19	127	inverse_hidden	proposal	2	0.019418925046920776	3.2450079917907715	0.019418925046920776	0.0003229089779779315	0.028002595528960228	0.028705326840281487	0
19	191	inverse_hidden	proposal	2	0.0144974859431386	2.0899569988250732	0.0144974859431386	0.028833238407969475	0.028971368446946144	0.029564332216978073	0
19	255	inverse_hidden	proposal	2	0.019995614886283875	4.238816738128662	0.019995614886283875	0.0006688201101496816	0.03009619750082493	0.030957292765378952	0
19	63	inverse_hidden	canonical_perturbation	2	0.05441503971815109	2.135094165802002	0.05441503971815109	0.0069730752147734165	0.02585352025926113	0.026770025491714478	1
19	127	inverse_hidden	canonical_perturbation	2	0.05852755904197693	3.2286481857299805	0.05852755904197693	0.0035184319131076336	0.0270597692579031	0.028705326840281487	1
19	191	inverse_hidden	canonical_perturbation	2	0.04693618044257164	2.2971911430358887	0.04693618044257164	0.001208678586408496	0.028486574068665504	0.029564332216978073	0
19	255	inverse_hidden	canonical_perturbation	2	0.0623931810259819	5.49449348449707	0.0623931810259819	0.003418639535084367	0.029786666855216026	0.030957292765378952	0
19	63	inverse_hidden	random_sphere	2	26.395204544067383	3.371741771697998	26.395204544067383	0.00019103172235190868	1.404494047164917	0.026770025491714478	0
19	127	inverse_hidden	random_sphere	2	25.944826126098633	3.149191379547119	25.944826126098633	9.633589070290327e-05	1.4377846717834473	0.028705326840281487	0
19	191	inverse_hidden	random_sphere	2	25.291685104370117	2.5051846504211426	25.291685104370117	4.477226684684865e-05	1.473494291305542	0.029564332216978073	0
19	255	inverse_hidden	random_sphere	2	26.087129592895508	8.649534225463867	26.087129592895508	3.714002014021389e-05	1.404021978378296	0.030957292765378952	0
18	63	centered_logit	proposal	4	0.7234222888946533	0.7234222888946533	0.053823329508304596	0.6745272278785706	0.04035274684429169	0.03873342275619507	1
18	127	centered_logit	proposal	4	1.3242709636688232	1.3242709636688232	0.07971899956464767	0.43280765414237976	0.029471226036548615	0.02621789090335369	1
18	191	centered_logit	proposal	4	0.846582293510437	0.846582293510437	0.07751834392547607	0.9722797274589539	0.02186400257050991	0.020386256277561188	1
18	255	centered_logit	proposal	4	1.0647809505462646	1.0647809505462646	0.05041268840432167	0.5048993229866028	0.029407816007733345	0.02580316923558712	1
18	63	centered_logit	canonical_perturbation	4	2.2542004585266113	2.2542004585266113	0.4956388771533966	0.004548228345811367	0.0405249260365963	0.03873342275619507	0
18	127	centered_logit	canonical_perturbation	4	1.5525096654891968	1.5525096654891968	0.09117060154676437	0.5885804891586304	0.02833135612308979	0.02621789090335369	1
18	191	centered_logit	canonical_perturbation	4	0.8873299360275269	0.8873299360275269	0.09358464181423187	0.8859461545944214	0.022594278678297997	0.020386256277561188	1
18	255	centered_logit	canonical_perturbation	4	1.677646517753601	1.677646517753601	0.08605290204286575	0.4846779406070709	0.027542535215616226	0.02580316923558712	1
18	63	centered_logit	random_sphere	4	3.915663957595825	3.915663957595825	29.408077239990234	6.032283272361383e-05	1.4375998973846436	0.03873342275619507	0
18	127	centered_logit	random_sphere	4	10.50645637512207	10.50645637512207	26.77956771850586	0.00022240956604946405	1.427085518836975	0.02621789090335369	0
18	191	centered_logit	random_sphere	4	2.309236526489258	2.309236526489258	25.969743728637695	3.6717538023367524e-05	1.4285595417022705	0.020386256277561188	0
18	255	centered_logit	random_sphere	4	9.348851203918457	9.348851203918457	25.888111114501953	0.0003747190348803997	1.395756721496582	0.02580316923558712	0
18	63	inverse_hidden	proposal	4	0.023736264556646347	4.024074554443359	0.023736264556646347	0.00023105026048142463	0.03844023123383522	0.03873342275619507	0
18	127	inverse_hidden	proposal	4	0.011557641439139843	7.572262763977051	0.011557641439139843	0.003637014189735055	0.024863148108124733	0.02621789090335369	0
18	191	inverse_hidden	proposal	4	0.029415147379040718	2.4279558658599854	0.029415147379040718	0.0003727432922460139	0.019480228424072266	0.020386256277561188	0
18	255	inverse_hidden	proposal	4	0.009284844622015953	11.709300994873047	0.009284844622015953	3.2253723475150764e-05	0.02457297034561634	0.02580316923558712	0
18	63	inverse_hidden	canonical_perturbation	4	0.07295159250497818	5.407410621643066	0.07295159250497818	0.00011190813529537991	0.03642652556300163	0.03873342275619507	0
18	127	inverse_hidden	canonical_perturbation	4	0.0655757412314415	11.941160202026367	0.0655757412314415	0.00017463001131545752	0.024696648120880127	0.02621789090335369	0
18	191	inverse_hidden	canonical_perturbation	4	0.026622794568538666	2.323439121246338	0.026622794568538666	0.0011495047947391868	0.019210370257496834	0.020386256277561188	0
18	255	inverse_hidden	canonical_perturbation	4	0.03491302579641342	10.075868606567383	0.03491302579641342	0.0012505924096331	0.023911096155643463	0.02580316923558712	0
18	63	inverse_hidden	random_sphere	4	29.397680282592773	4.127339839935303	29.397680282592773	4.661838465835899e-05	1.4380717277526855	0.03873342275619507	0
18	127	inverse_hidden	random_sphere	4	26.780269622802734	11.012804985046387	26.780269622802734	0.00015792966587468982	1.427453875541687	0.02621789090335369	0
18	191	inverse_hidden	random_sphere	4	25.973285675048828	2.386791706085205	25.973285675048828	2.867414332285989e-05	1.4289156198501587	0.020386256277561188	0
18	255	inverse_hidden	random_sphere	4	25.88400650024414	9.841650009155273	25.88400650024414	0.00026594448718242347	1.3959603309631348	0.02580316923558712	0
19	63	centered_logit	proposal	4	0.9160947799682617	0.9160947799682617	0.048191893845796585	0.011148415505886078	0.028930455446243286	0.026770025491714478	0
19	127	centered_logit	proposal	4	1.2179059982299805	1.2179059982299805	0.07422032952308655	0.4553646743297577	0.030510922893881798	0.028705326840281487	1
19	191	centered_logit	proposal	4	0.9265876412391663	0.9265876412391663	0.05212562158703804	0.5074002742767334	0.03107108175754547	0.029564332216978073	1
19	255	centered_logit	proposal	4	0.8773351907730103	0.8773351907730103	0.06110497564077377	0.8306300640106201	0.03398633003234863	0.030957292765378952	1
19	63	centered_logit	canonical_perturbation	4	1.4859263896942139	1.4859263896942139	0.06639038026332855	0.00044541258830577135	0.02934780903160572	0.026770025491714478	0
19	127	centered_logit	canonical_perturbation	4	0.7497704029083252	0.7497704029083252	0.08170723170042038	0.8223171234130859	0.030506303533911705	0.028705326840281487	1
19	191	centered_logit	canonical_perturbation	4	0.8943943977355957	0.8943943977355957	0.102791927754879	0.37971171736717224	0.030657343566417694	0.029564332216978073	1
19	255	centered_logit	canonical_perturbation	4	1.3978302478790283	1.3978302478790283	0.10506263375282288	0.44690704345703125	0.03278759494423866	0.030957292765378952	1
19	63	centered_logit	random_sphere	4	3.1917808055877686	3.1917808055877686	26.384807586669922	0.00019423523917794228	1.4049474000930786	0.026770025491714478	0
19	127	centered_logit	random_sphere	4	2.976407051086426	2.976407051086426	25.948549270629883	0.00012384798901621252	1.4369019269943237	0.028705326840281487	0
19	191	centered_logit	random_sphere	4	2.349895715713501	2.349895715713501	25.291269302368164	5.614591282210313e-05	1.4733343124389648	0.029564332216978073	0
19	255	centered_logit	random_sphere	4	8.222640991210938	8.222640991210938	26.086429595947266	5.285526640363969e-05	1.4037362337112427	0.030957292765378952	0
19	63	inverse_hidden	proposal	4	0.02246062085032463	3.7070488929748535	0.02246062085032463	0.005064165219664574	0.02542414888739586	0.026770025491714478	0
19	127	inverse_hidden	proposal	4	0.026434950530529022	2.169494867324829	0.026434950530529022	0.03493325412273407	0.02762485295534134	0.028705326840281487	1
19	191	inverse_hidden	proposal	4	0.009911886416375637	3.7327165603637695	0.009911886416375637	2.3346059606410563e-05	0.028833480551838875	0.029564332216978073	0
19	255	inverse_hidden	proposal	4	0.029503189027309418	3.881645917892456	0.029503189027309418	0.017584331333637238	0.029783006757497787	0.030957292765378952	1
19	63	inverse_hidden	canonical_perturbation	4	0.04892100393772125	1.7168240547180176	0.04892100393772125	0.0059700594283640385	0.025269964709877968	0.026770025491714478	1
19	127	inverse_hidden	canonical_perturbation	4	0.055886559188365936	3.619983196258545	0.055886559188365936	0.0018626386299729347	0.025839103385806084	0.028705326840281487	0
19	191	inverse_hidden	canonical_perturbation	4	0.08683470636606216	2.5094199180603027	0.08683470636606216	0.00048266310477629304	0.028101786971092224	0.029564332216978073	0
19	255	inverse_hidden	canonical_perturbation	4	0.09441611170768738	6.658047199249268	0.09441611170768738	0.0006120550679042935	0.029232297092676163	0.030957292765378952	0
19	63	inverse_hidden	random_sphere	4	26.388959884643555	3.369079828262329	26.388959884643555	0.0001919346977956593	1.4047205448150635	0.026770025491714478	0
19	127	inverse_hidden	random_sphere	4	25.94164276123047	3.152678966522217	25.94164276123047	9.580517507856712e-05	1.4378347396850586	0.028705326840281487	0
19	191	inverse_hidden	random_sphere	4	25.283100128173828	2.5061469078063965	25.283100128173828	4.491830986808054e-05	1.4732449054718018	0.029564332216978073	0
19	255	inverse_hidden	random_sphere	4	26.08421516418457	8.653802871704102	26.08421516418457	3.6981775338063017e-05	1.403823971748352	0.030957292765378952	0
18	63	centered_logit	proposal	8	0.6082667112350464	0.6082667112350464	0.07025155425071716	0.8386346101760864	0.04171648994088173	0.03873342275619507	1
18	127	centered_logit	proposal	8	0.9245834350585938	0.9245834350585938	0.07646993547677994	0.5701851844787598	0.03378979116678238	0.02621789090335369	1
18	191	centered_logit	proposal	8	0.5315885543823242	0.5315885543823242	0.10399338603019714	0.9999474287033081	0.02481573447585106	0.020386256277561188	1
18	255	centered_logit	proposal	8	0.8272023797035217	0.8272023797035217	0.05968828126788139	0.565173327922821	0.03354038670659065	0.02580316923558712	1
18	63	centered_logit	canonical_perturbation	8	1.0996806621551514	1.0996806621551514	0.23819562792778015	0.2249533087015152	0.043298475444316864	0.03873342275619507	1
18	127	centered_logit	canonical_perturbation	8	0.9107855558395386	0.9107855558395386	0.12495727837085724	0.7229323983192444	0.03299050033092499	0.02621789090335369	1
18	191	centered_logit	canonical_perturbation	8	0.8086420297622681	0.8086420297622681	0.12297911196947098	0.9705573916435242	0.025295550003647804	0.020386256277561188	1
18	255	centered_logit	canonical_perturbation	8	0.9636914730072021	0.9636914730072021	0.11512096971273422	0.6627992987632751	0.03141326084733009	0.02580316923558712	1
18	63	centered_logit	random_sphere	8	3.7236123085021973	3.7236123085021973	29.41399574279785	7.6204989454709e-05	1.4372905492782593	0.03873342275619507	0
18	127	centered_logit	random_sphere	8	10.010231018066406	10.010231018066406	26.775964736938477	0.00030983652686700225	1.426579475402832	0.02621789090335369	0
18	191	centered_logit	random_sphere	8	2.234250068664551	2.234250068664551	25.962709426879883	4.7296605771407485e-05	1.4285293817520142	0.020386256277561188	0
18	255	centered_logit	random_sphere	8	8.879646301269531	8.879646301269531	25.887006759643555	0.0005197707796469331	1.3951787948608398	0.02580316923558712	0
18	63	inverse_hidden	proposal	8	0.009262874722480774	3.9008677005767822	0.009262874722480774	0.0022105209063738585	0.03768782690167427	0.03873342275619507	0
18	127	inverse_hidden	proposal	8	0.0069098519161343575	16.367755889892578	0.0069098519161343575	4.952363269694615e-06	0.02444816194474697	0.02621789090335369	0
18	191	inverse_hidden	proposal	8	0.02007361128926277	2.029616117477417	0.02007361128926277	0.0011567946057766676	0.020482713356614113	0.020386256277561188	0
18	255	inverse_hidden	proposal	8	0.003792552277445793	5.985418796539307	0.003792552277445793	0.0290941521525383	0.02427712269127369	0.02580316923558712	0
18	63	inverse_hidden	canonical_perturbation	8	0.11714989691972733	5.5203166007995605	0.11714989691972733	9.725170821184292e-05	0.035104673355817795	0.03873342275619507	0
18	127	inverse_hidden	canonical_perturbation	8	0.03056344762444496	6.781824111938477	0.03056344762444496	0.04973958060145378	0.02478286251425743	0.02621789090335369	1
18	191	inverse_hidden	canonical_perturbation	8	0.02373247593641281	1.2163472175598145	0.02373247593641281	0.9919583797454834	0.01930137723684311	0.020386256277561188	1
18	255	inverse_hidden	canonical_perturbation	8	0.025056781247258186	6.117437839508057	0.025056781247258186	0.14732764661312103	0.024140775203704834	0.02580316923558712	1
18	63	inverse_hidden	random_sphere	8	29.391023635864258	4.1335320472717285	29.391023635864258	4.581226676236838e-05	1.4382398128509521	0.03873342275619507	0
18	127	inverse_hidden	random_sphere	8	26.775949478149414	11.007438659667969	26.775949478149414	0.00015706315753050148	1.4272949695587158	0.02621789090335369	0
18	191	inverse_hidden	random_sphere	8	25.97002410888672	2.386502265930176	25.97002410888672	2.885027788579464e-05	1.42918860912323	0.020386256277561188	0
18	255	inverse_hidden	random_sphere	8	25.877490997314453	9.850552558898926	25.877490997314453	0.0002627069770824164	1.3955681324005127	0.02580316923558712	0
19	63	centered_logit	proposal	8	0.7611217498779297	0.7611217498779297	0.0892578512430191	0.028907809406518936	0.031851064413785934	0.026770025491714478	1
19	127	centered_logit	proposal	8	1.141603946685791	1.141603946685791	0.1871682107448578	0.1293962150812149	0.032148998230695724	0.028705326840281487	1
19	191	centered_logit	proposal	8	0.7503054141998291	0.7503054141998291	0.08099215477705002	0.6979230642318726	0.03315108269453049	0.029564332216978073	1
19	255	centered_logit	proposal	8	0.6396851539611816	0.6396851539611816	0.08026954531669617	0.9176444411277771	0.03751235455274582	0.030957292765378952	1
19	63	centered_logit	canonical_perturbation	8	0.8198917508125305	0.8198917508125305	0.1096625030040741	0.042990200221538544	0.0323999747633934	0.026770025491714478	1
19	127	centered_logit	canonical_perturbation	8	0.5936135053634644	0.5936135053634644	0.1033213883638382	0.9489911198616028	0.03268532082438469	0.028705326840281487	1
19	191	centered_logit	canonical_perturbation	8	0.7170164585113525	0.7170164585113525	0.17055441439151764	0.6787421107292175	0.03326069191098213	0.029564332216978073	1
19	255	centered_logit	canonical_perturbation	8	0.9077316522598267	0.9077316522598267	0.18457454442977905	0.6194179058074951	0.036960721015930176	0.030957292765378952	1
19	63	centered_logit	random_sphere	8	3.0220141410827637	3.0220141410827637	26.370220184326172	0.00019853776029776782	1.4056316614151	0.026770025491714478	0
19	127	centered_logit	random_sphere	8	2.819578170776367	2.819578170776367	25.951007843017578	0.00015780091052874923	1.4360792636871338	0.028705326840281487	0
19	191	centered_logit	random_sphere	8	2.210052490234375	2.210052490234375	25.282264709472656	7.03681944287382e-05	1.4728784561157227	0.029564332216978073	0
19	255	centered_logit	random_sphere	8	7.814525604248047	7.814525604248047	26.084115982055664	7.319457654375583e-05	1.4032660722732544	0.030957292765378952	0
19	63	inverse_hidden	proposal	8	0.014103547669947147	2.853206157684326	0.014103547669947147	0.00015524175250902772	0.025316795334219933	0.026770025491714478	0
19	127	inverse_hidden	proposal	8	0.014850715175271034	6.2714691162109375	0.014850715175271034	7.084096978360321e-06	0.02765129692852497	0.028705326840281487	0
19	191	inverse_hidden	proposal	8	0.007605585269629955	2.620374917984009	0.007605585269629955	0.0005806112312711775	0.02878517657518387	0.029564332216978073	0
19	255	inverse_hidden	proposal	8	0.013750497251749039	9.638481140136719	0.013750497251749039	1.3760296496911906e-05	0.02970484457910061	0.030957292765378952	0
19	63	inverse_hidden	canonical_perturbation	8	0.030119791626930237	2.6736364364624023	0.030119791626930237	0.004839035216718912	0.025212600827217102	0.026770025491714478	1
19	127	inverse_hidden	canonical_perturbation	8	0.03520863130688667	1.4453685283660889	0.03520863130688667	0.21912436187267303	0.025017263367772102	0.028705326840281487	1
19	191	inverse_hidden	canonical_perturbation	8	0.032063305377960205	2.178179979324341	0.032063305377960205	0.0009742891415953636	0.028326330706477165	0.029564332216978073	0
19	255	inverse_hidden	canonical_perturbation	8	0.030544759705662727	5.702279090881348	0.030544759705662727	0.011254082433879375	0.029459170997142792	0.030957292765378952	1
19	63	inverse_hidden	random_sphere	8	26.376766204833984	3.363534927368164	26.376766204833984	0.0001937311317306012	1.4051328897476196	0.026770025491714478	0
19	127	inverse_hidden	random_sphere	8	25.93552017211914	3.1601712703704834	25.93552017211914	9.477817366132513e-05	1.4379364252090454	0.028705326840281487	0
19	191	inverse_hidden	random_sphere	8	25.267080307006836	2.5079691410064697	25.267080307006836	4.5218897867016494e-05	1.4727625846862793	0.029564332216978073	0
19	255	inverse_hidden	random_sphere	8	26.078371047973633	8.662267684936523	26.078371047973633	3.664108589873649e-05	1.4034216403961182	0.030957292765378952	0
18	63	centered_logit	proposal	16	0.45617806911468506	0.45617806911468506	0.08555357903242111	0.9611784219741821	0.04332068935036659	0.03873342275619507	1
18	127	centered_logit	proposal	16	0.7234448790550232	0.7234448790550232	0.14454153180122375	0.647965669631958	0.04016011208295822	0.02621789090335369	1
18	191	centered_logit	proposal	16	0.3725379705429077	0.3725379705429077	0.09866862744092941	0.9999945163726807	0.029759418219327927	0.020386256277561188	1
18	255	centered_logit	proposal	16	0.7160100936889648	0.7160100936889648	0.10606244206428528	0.6161832809448242	0.039194781333208084	0.02580316923558712	1
18	63	centered_logit	canonical_perturbation	16	0.8056703209877014	0.8056703209877014	0.23029586672782898	0.613048791885376	0.04958026856184006	0.03873342275619507	1
18	127	centered_logit	canonical_perturbation	16	0.6869062185287476	0.6869062185287476	0.15588873624801636	0.8174118399620056	0.03988741710782051	0.02621789090335369	1
18	191	centered_logit	canonical_perturbation	16	0.5520804524421692	0.5520804524421692	0.12491543591022491	0.998988687992096	0.029932714998722076	0.020386256277561188	1
18	255	centered_logit	canonical_perturbation	16	0.7152169346809387	0.7152169346809387	0.1191055178642273	0.8360999822616577	0.037259653210639954	0.02580316923558712	1
18	63	centered_logit	random_sphere	16	3.377190113067627	3.377190113067627	29.432043075561523	0.00011999396519968286	1.4365720748901367	0.03873342275619507	0
18	127	centered_logit	random_sphere	16	9.066761016845703	9.066761016845703	26.77355194091797	0.0005907820304855704	1.425572156906128	0.02621789090335369	0
18	191	centered_logit	random_sphere	16	2.0925474166870117	2.0925474166870117	25.94976043701172	7.934290624689311e-05	1.4286577701568604	0.020386256277561188	0
18	255	centered_logit	random_sphere	16	7.992286205291748	7.992286205291748	25.888864517211914	0.0009831886272877455	1.3940167427062988	0.02580316923558712	0
18	63	inverse_hidden	proposal	16	0.006930882576853037	1.52130126953125	0.006930882576853037	0.005692670587450266	0.037292830646038055	0.03873342275619507	0
18	127	inverse_hidden	proposal	16	0.004426146857440472	4.901124477386475	0.004426146857440472	0.6294159889221191	0.02430168353021145	0.02621789090335369	1
18	191	inverse_hidden	proposal	16	0.009656842797994614	2.0855417251586914	0.009656842797994614	0.19745539128780365	0.020856304094195366	0.020386256277561188	1
18	255	inverse_hidden	proposal	16	0.0024620681069791317	3.4565422534942627	0.0024620681069791317	0.8514072299003601	0.02409275993704796	0.02580316923558712	1
18	63	inverse_hidden	canonical_perturbation	16	0.04327623173594475	3.202273368835449	0.04327623173594475	0.0049599637277424335	0.03505318984389305	0.03873342275619507	1
18	127	inverse_hidden	canonical_perturbation	16	0.020054064691066742	13.009705543518066	0.020054064691066742	0.0010784260230138898	0.025925852358341217	0.02621789090335369	0
18	191	inverse_hidden	canonical_perturbation	16	0.008217034861445427	1.265929937362671	0.008217034861445427	0.9991984963417053	0.019743945449590683	0.020386256277561188	1
18	255	inverse_hidden	canonical_perturbation	16	0.009642309509217739	10.244327545166016	0.009642309509217739	0.03178909793496132	0.025466246530413628	0.02580316923558712	1
18	63	inverse_hidden	random_sphere	16	29.37859344482422	4.143457412719727	29.37859344482422	4.4493837776826695e-05	1.4385288953781128	0.03873342275619507	0
18	127	inverse_hidden	random_sphere	16	26.76787757873535	10.998884201049805	26.76787757873535	0.00015541222819592804	1.4269877672195435	0.02621789090335369	0
18	191	inverse_hidden	random_sphere	16	25.96314811706543	2.3859777450561523	25.96314811706543	2.9459049983415753e-05	1.4297394752502441	0.020386256277561188	0
18	255	inverse_hidden	random_sphere	16	25.8651180267334	9.873161315917969	25.8651180267334	0.0002542422153055668	1.3947539329528809	0.02580316923558712	0
19	63	centered_logit	proposal	16	0.6277137994766235	0.6277137994766235	0.11248531192541122	0.2963257431983948	0.03597864508628845	0.026770025491714478	1
19	127	centered_logit	proposal	16	0.6904800534248352	0.6904800534248352	0.10981079190969467	0.960225522518158	0.03481101244688034	0.028705326840281487	1
19	191	centered_logit	proposal	16	0.5533326864242554	0.5533326864242554	0.10178862512111664	0.9592196345329285	0.036012545228004456	0.029564332216978073	1
19	255	centered_logit	proposal	16	0.47819986939430237	0.47819986939430237	0.10877854377031326	0.9745385050773621	0.04275821894407272	0.030957292765378952	1
19	63	centered_logit	canonical_perturbation	16	0.6453503370285034	0.6453503370285034	0.1218065693974495	0.3659670054912567	0.03708205744624138	0.026770025491714478	1
19	127	centered_logit	canonical_perturbation	16	0.4025268852710724	0.4025268852710724	0.10509087145328522	0.998936116695404	0.03702168166637421	0.028705326840281487	1
19	191	centered_logit	canonical_perturbation	16	0.49241164326667786	0.49241164326667786	0.13667774200439453	0.9946923851966858	0.038468971848487854	0.029564332216978073	1
19	255	centered_logit	canonical_perturbation	16	0.6498844027519226	0.6498844027519226	0.19170977175235748	0.9260416030883789	0.0432279147207737	0.030957292765378952	1
19	63	centered_logit	random_sphere	16	2.7219860553741455	2.7219860553741455	26.34803581237793	0.00020800877246074378	1.4070380926132202	0.026770025491714478	0
19	127	centered_logit	random_sphere	16	2.544558048248291	2.544558048248291	25.961238861083984	0.00025325448950752616	1.4344868659973145	0.028705326840281487	0
19	191	centered_logit	random_sphere	16	1.9748296737670898	1.9748296737670898	25.266040802001953	0.00010979946819134057	1.4717071056365967	0.029564332216978073	0
19	255	centered_logit	random_sphere	16	7.0436296463012695	7.0436296463012695	26.083518981933594	0.00013357284478843212	1.402334451675415	0.030957292765378952	0
19	63	inverse_hidden	proposal	16	0.004641262348741293	1.806648850440979	0.004641262348741293	0.002046921057626605	0.025328073650598526	0.026770025491714478	0
19	127	inverse_hidden	proposal	16	0.00573753984645009	1.606618046760559	0.00573753984645009	0.046153683215379715	0.027199862524867058	0.028705326840281487	1
19	191	inverse_hidden	proposal	16	0.004349328577518463	1.329062581062317	0.004349328577518463	0.2635398805141449	0.028505664318799973	0.029564332216978073	1
19	255	inverse_hidden	proposal	16	0.009925229474902153	5.833798885345459	0.009925229474902153	0.0038837140891700983	0.029646605253219604	0.030957292765378952	0
19	63	inverse_hidden	canonical_perturbation	16	0.01422586664557457	1.3457303047180176	0.01422586664557457	0.0015719785587862134	0.02565586008131504	0.026770025491714478	0
19	127	inverse_hidden	canonical_perturbation	16	0.015119770541787148	5.0794758796691895	0.015119770541787148	0.0004862916248384863	0.02559693716466427	0.028705326840281487	0
19	191	inverse_hidden	canonical_perturbation	16	0.018173448741436005	2.585749626159668	0.018173448741436005	0.001489485614001751	0.030656490474939346	0.029564332216978073	0
19	255	inverse_hidden	canonical_perturbation	16	0.01752854324877262	6.801937103271484	0.01752854324877262	0.014477620832622051	0.03220539540052414	0.030957292765378952	1
19	63	inverse_hidden	random_sphere	16	26.354551315307617	3.3520328998565674	26.354551315307617	0.0001966171694220975	1.4058681726455688	0.026770025491714478	0
19	127	inverse_hidden	random_sphere	16	25.924531936645508	3.1753945350646973	25.924531936645508	9.281957318307832e-05	1.4381051063537598	0.028705326840281487	0
19	191	inverse_hidden	random_sphere	16	25.239789962768555	2.512042284011841	25.239789962768555	4.574776903609745e-05	1.4719619750976562	0.029564332216978073	0
19	255	inverse_hidden	random_sphere	16	26.066537857055664	8.681501388549805	26.066537857055664	3.5888653656002134e-05	1.4026360511779785	0.030957292765378952	0
18	63	centered_logit	proposal	24	0.34625229239463806	0.34625229239463806	0.08261807262897491	0.9931651949882507	0.044831693172454834	0.03873342275619507	1
18	127	centered_logit	proposal	24	0.5931768417358398	0.5931768417358398	0.13747824728488922	0.8257002234458923	0.04350128024816513	0.02621789090335369	1
18	191	centered_logit	proposal	24	0.2811204791069031	0.2811204791069031	0.10474130511283875	0.9999982118606567	0.03298266604542732	0.020386256277561188	1
18	255	centered_logit	proposal	24	0.5958516597747803	0.5958516597747803	0.11052215099334717	0.7853085398674011	0.04195106774568558	0.02580316923558712	1
18	63	centered_logit	canonical_perturbation	24	0.6238340139389038	0.6238340139389038	0.31464067101478577	0.7628551125526428	0.054652173072099686	0.03873342275619507	1
18	127	centered_logit	canonical_perturbation	24	0.5677919983863831	0.5677919983863831	0.1811360865831375	0.8802199363708496	0.04398205503821373	0.02621789090335369	1
18	191	centered_logit	canonical_perturbation	24	0.4241343140602112	0.4241343140602112	0.12221309542655945	0.9999556541442871	0.03335162252187729	0.020386256277561188	1
18	255	centered_logit	canonical_perturbation	24	0.5930700302124023	0.5930700302124023	0.15061387419700623	0.8869945406913757	0.04064127430319786	0.02580316923558712	1
18	63	centered_logit	random_sphere	24	3.0809824466705322	3.0809824466705322	29.45630645751953	0.00018567632650956511	1.4358468055725098	0.03873342275619507	0
18	127	centered_logit	random_sphere	24	8.193275451660156	8.193275451660156	26.77733612060547	0.00109740043990314	1.424574851989746	0.02621789090335369	0
18	191	centered_logit	random_sphere	24	1.9621917009353638	1.9621917009353638	25.938724517822266	0.0001348114019492641	1.4289114475250244	0.020386256277561188	0
18	255	centered_logit	random_sphere	24	7.177252292633057	7.177252292633057	25.896039962768555	0.0018126361537724733	1.3928570747375488	0.02580316923558712	0
18	63	inverse_hidden	proposal	24	0.0045156702399253845	1.615706443786621	0.0045156702399253845	0.08085537701845169	0.03736598789691925	0.03873342275619507	0
18	127	inverse_hidden	proposal	24	0.0030921183060854673	6.023135185241699	0.0030921183060854673	0.3880920708179474	0.02382056601345539	0.02621789090335369	1
18	191	inverse_hidden	proposal	24	0.0074706170707941055	1.3946542739868164	0.0074706170707941055	0.9991790652275085	0.02075643092393875	0.020386256277561188	1
18	255	inverse_hidden	proposal	24	0.001982287270948291	3.287349224090576	0.001982287270948291	0.8869005441665649	0.023765267804265022	0.02580316923558712	1
18	63	inverse_hidden	canonical_perturbation	24	0.02412877231836319	4.782383441925049	0.02412877231836319	0.003811575472354889	0.035136591643095016	0.03873342275619507	1
18	127	inverse_hidden	canonical_perturbation	24	0.009147405624389648	6.91274356842041	0.009147405624389648	0.35327962040901184	0.026974044740200043	0.02621789090335369	1
18	191	inverse_hidden	canonical_perturbation	24	0.00677635008469224	1.189840316772461	0.00677635008469224	0.9978798627853394	0.019391760230064392	0.020386256277561188	1
18	255	inverse_hidden	canonical_perturbation	24	0.008195865899324417	7.701711654663086	0.008195865899324417	0.21722003817558289	0.025209572166204453	0.02580316923558712	1
18	63	inverse_hidden	random_sphere	24	29.366897583007812	4.151552200317383	29.366897583007812	4.358420119388029e-05	1.4388313293457031	0.03873342275619507	0
18	127	inverse_hidden	random_sphere	24	26.760032653808594	10.994388580322266	26.760032653808594	0.00015397548850160092	1.4267261028289795	0.02621789090335369	0
18	191	inverse_hidden	random_sphere	24	25.956151962280273	2.3849918842315674	25.956151962280273	3.0277538826339878e-05	1.4302572011947632	0.020386256277561188	0
18	255	inverse_hidden	random_sphere	24	25.853715896606445	9.89365005493164	25.853715896606445	0.0002450175234116614	1.3939907550811768	0.02580316923558712	0
19	63	centered_logit	proposal	24	0.5391978025436401	0.5391978025436401	0.11014717817306519	0.355765163898468	0.038371797651052475	0.026770025491714478	1
19	127	centered_logit	proposal	24	0.572320818901062	0.572320818901062	0.11929478496313095	0.9937447905540466	0.03759042173624039	0.028705326840281487	1
19	191	centered_logit	proposal	24	0.4511025547981262	0.4511025547981262	0.1054990142583847	0.9925044775009155	0.03807370737195015	0.029564332216978073	1
19	255	centered_logit	proposal	24	0.3765503168106079	0.3765503168106079	0.11532257497310638	0.9919275045394897	0.046246327459812164	0.030957292765378952	1
19	63	centered_logit	canonical_perturbation	24	0.5124598741531372	0.5124598741531372	0.14113746583461761	0.601872444152832	0.04037611186504364	0.026770025491714478	1
19	127	centered_logit	canonical_perturbation	24	0.2900165319442749	0.2900165319442749	0.10636113584041595	0.9999064207077026	0.04097715765237808	0.028705326840281487	1
19	191	centered_logit	canonical_perturbation	24	0.33580243587493896	0.33580243587493896	0.12304621934890747	0.9996707439422607	0.043773502111434937	0.029564332216978073	1
19	255	centered_logit	canonical_perturbation	24	0.5151784420013428	0.5151784420013428	0.21241489052772522	0.9714958071708679	0.047548044472932816	0.030957292765378952	1
19	63	centered_logit	random_sphere	24	2.4729557037353516	2.4729557037353516	26.33247947692871	0.0002200063318014145	1.4084583520889282	0.026770025491714478	0
19	127	centered_logit	random_sphere	24	2.31819748878479	2.31819748878479	25.97709846496582	0.00039985860348679125	1.432979941368103	0.028705326840281487	0
19	191	centered_logit	random_sphere	24	1.7960472106933594	1.7960472106933594	25.254047393798828	0.0001696377294138074	1.4703752994537354	0.029564332216978073	0
19	255	centered_logit	random_sphere	24	6.337635517120361	6.337635517120361	26.088014602661133	0.00023301132023334503	1.4014116525650024	0.030957292765378952	0
19	63	inverse_hidden	proposal	24	0.003684371244162321	3.1974775791168213	0.003684371244162321	0.10901893675327301	0.024992331862449646	0.026770025491714478	1
19	127	inverse_hidden	proposal	24	0.0038370336405932903	1.0573058128356934	0.0038370336405932903	0.6547042727470398	0.027011912316083908	0.028705326840281487	1
19	191	inverse_hidden	proposal	24	0.0023155224043875933	2.090418815612793	0.0023155224043875933	0.20586927235126495	0.028241924941539764	0.029564332216978073	1
19	255	inverse_hidden	proposal	24	0.003645075485110283	3.9279770851135254	0.003645075485110283	0.11992738395929337	0.029480960220098495	0.030957292765378952	0
19	63	inverse_hidden	canonical_perturbation	24	0.007093984633684158	1.4048552513122559	0.007093984633684158	0.01024959608912468	0.0252335537225008	0.026770025491714478	1
19	127	inverse_hidden	canonical_perturbation	24	0.008647188544273376	2.4449121952056885	0.008647188544273376	0.11328492313623428	0.025971289724111557	0.028705326840281487	1
19	191	inverse_hidden	canonical_perturbation	24	0.012787540443241596	3.327892780303955	0.012787540443241596	0.001845530467107892	0.0321396067738533	0.029564332216978073	0
19	255	inverse_hidden	canonical_perturbation	24	0.014016486704349518	3.084850788116455	0.014016486704349518	0.4606127142906189	0.03421276807785034	0.030957292765378952	1
19	63	inverse_hidden	random_sphere	24	26.33551597595215	3.3426363468170166	26.33551597595215	0.0001987922441912815	1.406541347503662	0.026770025491714478	0
19	127	inverse_hidden	random_sphere	24	25.915142059326172	3.190171957015991	25.915142059326172	9.093892003875226e-05	1.438055396080017	0.028705326840281487	0
19	191	inverse_hidden	random_sphere	24	25.217531204223633	2.516535997390747	25.217531204223633	4.604635978466831e-05	1.4713764190673828	0.029564332216978073	0
19	255	inverse_hidden	random_sphere	24	26.054847717285156	8.703405380249023	26.054847717285156	3.498707519611344e-05	1.4018611907958984	0.030957292765378952	0
18	63	centered_logit	proposal	40	0.21971914172172546	0.21971914172172546	0.07189951092004776	0.9995085000991821	0.04672253876924515	0.03873342275619507	1
18	127	centered_logit	proposal	40	0.4350329041481018	0.4350329041481018	0.1297280192375183	0.9658717513084412	0.046681564301252365	0.02621789090335369	1
18	191	centered_logit	proposal	40	0.18794095516204834	0.18794095516204834	0.09051771461963654	0.9999998807907104	0.03622160106897354	0.020386256277561188	1
18	255	centered_logit	proposal	40	0.4556787610054016	0.4556787610054016	0.10601766407489777	0.9528371691703796	0.044632382690906525	0.02580316923558712	1
18	63	centered_logit	canonical_perturbation	40	0.44268256425857544	0.44268256425857544	0.2773655354976654	0.9581810832023621	0.05872438848018646	0.03873342275619507	1
18	127	centered_logit	canonical_perturbation	40	0.4139881432056427	0.4139881432056427	0.15869101881980896	0.9802005290985107	0.04815271869301796	0.02621789090335369	1
18	191	centered_logit	canonical_perturbation	40	0.2904048562049866	0.2904048562049866	0.11380644142627716	0.9999966621398926	0.03689210116863251	0.020386256277561188	1
18	255	centered_logit	canonical_perturbation	40	0.45779234170913696	0.45779234170913696	0.13698311150074005	0.9737381339073181	0.043565358966588974	0.02580316923558712	1
18	63	centered_logit	random_sphere	40	2.621001720428467	2.621001720428467	29.51474952697754	0.00042182664037682116	1.4347443580627441	0.03873342275619507	0
18	127	centered_logit	random_sphere	40	6.664739608764648	6.664739608764648	26.802379608154297	0.0034580458886921406	1.422558069229126	0.02621789090335369	0
18	191	centered_logit	random_sphere	40	1.7350184917449951	1.7350184917449951	25.922325134277344	0.00039239463512785733	1.4297738075256348	0.020386256277561188	0
18	255	centered_logit	random_sphere	40	5.7692646980285645	5.7692646980285645	25.92710304260254	0.005591318476945162	1.3906030654907227	0.02580316923558712	0
18	63	inverse_hidden	proposal	40	0.0019041085615754128	2.020261526107788	0.0019041085615754128	0.5091005563735962	0.03697637468576431	0.03873342275619507	1
18	127	inverse_hidden	proposal	40	0.0013234796933829784	2.66064715385437	0.0013234796933829784	0.9894813299179077	0.022338980808854103	0.02621789090335369	1
18	191	inverse_hidden	proposal	40	0.0025925051886588335	1.0005130767822266	0.0025925051886588335	0.9999494552612305	0.019634950906038284	0.020386256277561188	1
18	255	inverse_hidden	proposal	40	0.0007741039735265076	1.6516989469528198	0.0007741039735265076	0.998522937297821	0.021897252649068832	0.02580316923558712	1
18	63	inverse_hidden	canonical_perturbation	40	0.016651956364512444	4.867517471313477	0.016651956364512444	0.0023911043535917997	0.03361327946186066	0.03873342275619507	0
18	127	inverse_hidden	canonical_perturbation	40	0.00543154077604413	6.732337951660156	0.00543154077604413	0.4698883295059204	0.024691667407751083	0.02621789090335369	1
18	191	inverse_hidden	canonical_perturbation	40	0.002920975210145116	1.1197961568832397	0.002920975210145116	0.9959771037101746	0.016941210255026817	0.020386256277561188	1
18	255	inverse_hidden	canonical_perturbation	40	0.003772438270971179	5.2025909423828125	0.003772438270971179	0.909188449382782	0.022234303876757622	0.02580316923558712	1
18	63	inverse_hidden	random_sphere	40	29.345001220703125	4.165495872497559	29.345001220703125	4.250473648426123e-05	1.4395229816436768	0.03873342275619507	0
18	127	inverse_hidden	random_sphere	40	26.745906829833984	10.988572120666504	26.745906829833984	0.00015300717495847493	1.4262645244598389	0.02621789090335369	0
18	191	inverse_hidden	random_sphere	40	25.942501068115234	2.380939483642578	25.942501068115234	3.1944025977281854e-05	1.4311387538909912	0.020386256277561188	0
18	255	inverse_hidden	random_sphere	40	25.833879470825195	9.92801284790039	25.833879470825195	0.00022732530487701297	1.3926970958709717	0.02580316923558712	0
19	63	centered_logit	proposal	40	0.40424543619155884	0.40424543619155884	0.10673937201499939	0.8595768809318542	0.04104072228074074	0.026770025491714478	1
19	127	centered_logit	proposal	40	0.41036874055862427	0.41036874055862427	0.12683378159999847	0.9993799924850464	0.04095693677663803	0.028705326840281487	1
19	191	centered_logit	proposal	40	0.32005220651626587	0.32005220651626587	0.09334345161914825	0.9995208978652954	0.040647782385349274	0.029564332216978073	1
19	255	centered_logit	proposal	40	0.2604844868183136	0.2604844868183136	0.10409963876008987	0.9991208910942078	0.05017578974366188	0.030957292765378952	1
19	63	centered_logit	canonical_perturbation	40	0.38690632581710815	0.38690632581710815	0.15379056334495544	0.8810041546821594	0.04371209442615509	0.026770025491714478	1
19	127	centered_logit	canonical_perturbation	40	0.1652904450893402	0.1652904450893402	0.10549025982618332	0.9999946355819702	0.04674934968352318	0.028705326840281487	1
19	191	centered_logit	canonical_perturbation	40	0.19170749187469482	0.19170749187469482	0.11808262020349503	0.9999847412109375	0.050742972642183304	0.029564332216978073	1
19	255	centered_logit	canonical_perturbation	40	0.35183799266815186	0.35183799266815186	0.1827980875968933	0.9958589673042297	0.05238945782184601	0.030957292765378952	1
19	63	centered_logit	random_sphere	40	2.099581718444824	2.099581718444824	26.314746856689453	0.00025760839344002306	1.4109270572662354	0.026770025491714478	0
19	127	centered_logit	random_sphere	40	1.9818055629730225	1.9818055629730225	26.017587661743164	0.0009488651412539184	1.4303358793258667	0.028705326840281487	0
19	191	centered_logit	random_sphere	40	1.5677887201309204	1.5677887201309204	25.2452449798584	0.0003869356878567487	1.4679418802261353	0.029564332216978073	0
19	255	centered_logit	random_sphere	40	5.126706123352051	5.126706123352051	26.110599517822266	0.0006442185840569437	1.3996113538742065	0.030957292765378952	0
19	63	inverse_hidden	proposal	40	0.0012434449745342135	2.1867284774780273	0.0012434449745342135	0.9308465123176575	0.023763490840792656	0.026770025491714478	1
19	127	inverse_hidden	proposal	40	0.0013669389300048351	0.9341577887535095	0.0013669389300048351	0.9778389930725098	0.02627200074493885	0.028705326840281487	1
19	191	inverse_hidden	proposal	40	0.0011668949155136943	0.969886064529419	0.0011668949155136943	0.977174699306488	0.026734014973044395	0.029564332216978073	1
19	255	inverse_hidden	proposal	40	0.002143844263628125	2.797957181930542	0.002143844263628125	0.8135969042778015	0.02869594469666481	0.030957292765378952	1
19	63	inverse_hidden	canonical_perturbation	40	0.004151392728090286	1.4224145412445068	0.004151392728090286	0.19620069861412048	0.022155407816171646	0.026770025491714478	1
19	127	inverse_hidden	canonical_perturbation	40	0.005113495513796806	1.279186487197876	0.005113495513796806	0.9147853255271912	0.023234086111187935	0.028705326840281487	1
19	191	inverse_hidden	canonical_perturbation	40	0.007386976387351751	1.381507396697998	0.007386976387351751	0.3607335686683655	0.03092467598617077	0.029564332216978073	1
19	255	inverse_hidden	canonical_perturbation	40	0.008691957220435143	3.173419952392578	0.008691957220435143	0.6335729360580444	0.03349628672003746	0.030957292765378952	1
19	63	inverse_hidden	random_sphere	40	26.305246353149414	3.3329036235809326	26.305246353149414	0.00020096452499274164	1.4076391458511353	0.026770025491714478	0
19	127	inverse_hidden	random_sphere	40	25.897945404052734	3.210488796234131	25.897945404052734	8.816859917715192e-05	1.437438726425171	0.028705326840281487	0
19	191	inverse_hidden	random_sphere	40	25.180782318115234	2.5260825157165527	25.180782318115234	4.606079528457485e-05	1.470560073852539	0.029564332216978073	0
19	255	inverse_hidden	random_sphere	40	26.03115463256836	8.748414039611816	26.03115463256836	3.3037937100743875e-05	1.4001728296279907	0.030957292765378952	0
20	63	centered_logit	proposal	0	1.5773413181304932	1.5773413181304932	0.03488047420978546	0.10607249289751053	0.028081590309739113	0.028081590309739113	1
20	127	centered_logit	proposal	0	3.47599196434021	3.47599196434021	0.05146084725856781	0.0496099628508091	0.03090694732964039	0.03090694732964039	1
20	191	centered_logit	proposal	0	4.063370704650879	4.063370704650879	0.038433413952589035	0.4622163772583008	0.029704468324780464	0.029704468324780464	1
20	255	centered_logit	proposal	0	2.6025233268737793	2.6025233268737793	0.04151364788413048	0.19978751242160797	0.03293042629957199	0.03293042629957199	1
20	63	centered_logit	canonical_perturbation	0	2.0277597904205322	2.0277597904205322	0.11048588901758194	0.0015397947281599045	0.028081590309739113	0.028081590309739113	0
20	127	centered_logit	canonical_perturbation	0	5.220040798187256	5.220040798187256	0.2749384343624115	0.00023915627389214933	0.03090694732964039	0.03090694732964039	0
20	191	centered_logit	canonical_perturbation	0	7.079352378845215	7.079352378845215	0.16392135620117188	0.008501813746988773	0.029704472050070763	0.029704468324780464	1
20	255	centered_logit	canonical_perturbation	0	5.101496696472168	5.101496696472168	0.22020414471626282	0.003534323303028941	0.03293042629957199	0.03293042629957199	0
20	63	centered_logit	random_sphere	0	2.565001964569092	2.565001964569092	28.558847427368164	0.00020058358495589346	1.4379104375839233	0.028081590309739113	0
20	127	centered_logit	random_sphere	0	5.311720371246338	5.311720371246338	27.02560043334961	0.0005777095211669803	1.3982874155044556	0.03090694732964039	0
20	191	centered_logit	random_sphere	0	14.652175903320312	14.652175903320312	28.551671981811523	4.673634066421073e-06	1.426688551902771	0.029704468324780464	0
20	255	centered_logit	random_sphere	0	6.7613019943237305	6.7613019943237305	28.62743377685547	0.00023604983289260417	1.4031879901885986	0.03293042629957199	0
20	63	inverse_hidden	proposal	0	0.03488047420978546	1.5773413181304932	0.03488047420978546	0.10607249289751053	0.028081590309739113	0.028081590309739113	1
20	127	inverse_hidden	proposal	0	0.05146084725856781	3.47599196434021	0.05146084725856781	0.0496099628508091	0.03090694732964039	0.03090694732964039	1
20	191	inverse_hidden	proposal	0	0.038433413952589035	4.063370704650879	0.038433413952589035	0.4622163772583008	0.029704468324780464	0.029704468324780464	1
20	255	inverse_hidden	proposal	0	0.04151364788413048	2.6025233268737793	0.04151364788413048	0.19978751242160797	0.03293042629957199	0.03293042629957199	1
20	63	inverse_hidden	canonical_perturbation	0	0.11048588901758194	2.0277597904205322	0.11048588901758194	0.0015397947281599045	0.028081590309739113	0.028081590309739113	0
20	127	inverse_hidden	canonical_perturbation	0	0.2749384343624115	5.220040798187256	0.2749384343624115	0.00023915627389214933	0.03090694732964039	0.03090694732964039	0
20	191	inverse_hidden	canonical_perturbation	0	0.16392135620117188	7.079352378845215	0.16392135620117188	0.008501813746988773	0.029704472050070763	0.029704468324780464	1
20	255	inverse_hidden	canonical_perturbation	0	0.22020414471626282	5.101496696472168	0.22020414471626282	0.003534323303028941	0.03293042629957199	0.03293042629957199	0
20	63	inverse_hidden	random_sphere	0	28.558847427368164	2.565001964569092	28.558847427368164	0.00020058358495589346	1.4379104375839233	0.028081590309739113	0
20	127	inverse_hidden	random_sphere	0	27.02560043334961	5.311720371246338	27.02560043334961	0.0005777095211669803	1.3982874155044556	0.03090694732964039	0
20	191	inverse_hidden	random_sphere	0	28.551671981811523	14.652175903320312	28.551671981811523	4.673634066421073e-06	1.426688551902771	0.029704468324780464	0
20	255	inverse_hidden	random_sphere	0	28.62743377685547	6.7613019943237305	28.62743377685547	0.00023604983289260417	1.4031879901885986	0.03293042629957199	0
21	63	centered_logit	proposal	0	4.624369144439697	4.624369144439697	0.036759138107299805	0.0630674809217453	0.034790441393852234	0.034790441393852234	1
21	127	centered_logit	proposal	0	2.3602726459503174	2.3602726459503174	0.039611153304576874	0.01987377554178238	0.02944532409310341	0.02944532409310341	1
21	191	centered_logit	proposal	0	4.436511993408203	4.436511993408203	0.048489734530448914	0.20761698484420776	0.03580678626894951	0.03580678626894951	1
21	255	centered_logit	proposal	0	2.2042312622070312	2.2042312622070312	0.034526631236076355	0.05291413888335228	0.01932242326438427	0.01932242326438427	1
21	63	centered_logit	canonical_perturbation	0	6.543181419372559	6.543181419372559	0.5062720775604248	0.0013490056153386831	0.034790441393852234	0.034790441393852234	0
21	127	centered_logit	canonical_perturbation	0	2.8185207843780518	2.8185207843780518	0.2167971283197403	0.001737004960887134	0.02944532409310341	0.02944532409310341	0
21	191	centered_logit	canonical_perturbation	0	6.6826677322387695	6.6826677322387695	0.3315620422363281	0.002934920135885477	0.03580678626894951	0.03580678626894951	1
21	255	centered_logit	canonical_perturbation	0	1.6670029163360596	1.6670029163360596	0.09336661547422409	0.008166917599737644	0.01932242326438427	0.01932242326438427	1
21	63	centered_logit	random_sphere	0	8.386040687561035	8.386040687561035	31.75595474243164	0.0005010769236832857	1.4332727193832397	0.034790441393852234	0
21	127	centered_logit	random_sphere	0	3.1608781814575195	3.1608781814575195	26.622264862060547	0.000264218746451661	1.4155256748199463	0.02944532409310341	0
21	191	centered_logit	random_sphere	0	10.89811897277832	10.89811897277832	26.97477912902832	2.836798012140207e-05	1.4368551969528198	0.03580678626894951	0
21	255	centered_logit	random_sphere	0	2.9048099517822266	2.9048099517822266	27.891366958618164	0.00027391809271648526	1.3880716562271118	0.01932242326438427	0
21	63	inverse_hidden	proposal	0	0.036759138107299805	4.624369144439697	0.036759138107299805	0.0630674809217453	0.034790441393852234	0.034790441393852234	1
21	127	inverse_hidden	proposal	0	0.039611153304576874	2.3602726459503174	0.039611153304576874	0.01987377554178238	0.02944532409310341	0.02944532409310341	1
21	191	inverse_hidden	proposal	0	0.048489734530448914	4.436511993408203	0.048489734530448914	0.20761698484420776	0.03580678626894951	0.03580678626894951	1
21	255	inverse_hidden	proposal	0	0.034526631236076355	2.2042312622070312	0.034526631236076355	0.05291413888335228	0.01932242326438427	0.01932242326438427	1
21	63	inverse_hidden	canonical_perturbation	0	0.5062720775604248	6.543181419372559	0.5062720775604248	0.0013490056153386831	0.034790441393852234	0.034790441393852234	0
21	127	inverse_hidden	canonical_perturbation	0	0.2167971283197403	2.8185207843780518	0.2167971283197403	0.001737004960887134	0.02944532409310341	0.02944532409310341	0
21	191	inverse_hidden	canonical_perturbation	0	0.3315620422363281	6.6826677322387695	0.3315620422363281	0.002934920135885477	0.03580678626894951	0.03580678626894951	1
21	255	inverse_hidden	canonical_perturbation	0	0.09336661547422409	1.6670029163360596	0.09336661547422409	0.008166917599737644	0.01932242326438427	0.01932242326438427	1
21	63	inverse_hidden	random_sphere	0	31.75595474243164	8.386040687561035	31.75595474243164	0.0005010769236832857	1.4332727193832397	0.034790441393852234	0
21	127	inverse_hidden	random_sphere	0	26.622264862060547	3.1608781814575195	26.622264862060547	0.000264218746451661	1.4155256748199463	0.02944532409310341	0
21	191	inverse_hidden	random_sphere	0	26.97477912902832	10.89811897277832	26.97477912902832	2.836798012140207e-05	1.4368551969528198	0.03580678626894951	0
21	255	inverse_hidden	random_sphere	0	27.891366958618164	2.9048099517822266	27.891366958618164	0.00027391809271648526	1.3880716562271118	0.01932242326438427	0
20	63	centered_logit	proposal	1	1.3736270666122437	1.3736270666122437	0.02865232527256012	0.08246877789497375	0.028308648616075516	0.028081590309739113	1
20	127	centered_logit	proposal	1	2.162327289581299	2.162327289581299	0.05747567117214203	0.1486981213092804	0.031335826963186264	0.03090694732964039	1
20	191	centered_logit	proposal	1	2.2363810539245605	2.2363810539245605	0.04429148510098457	0.5161108374595642	0.02999548427760601	0.029704468324780464	1
20	255	centered_logit	proposal	1	1.4512090682983398	1.4512090682983398	0.04994065314531326	0.4930479824542999	0.03344222903251648	0.03293042629957199	1
20	63	centered_logit	canonical_perturbation	1	1.607790470123291	1.607790470123291	0.12101955711841583	0.004534804727882147	0.028092259541153908	0.028081590309739113	1
20	127	centered_logit	canonical_perturbation	1	4.221649646759033	4.221649646759033	0.31066930294036865	0.000628998561296612	0.031134316697716713	0.03090694732964039	0
20	191	centered_logit	canonical_perturbation	1	5.283917427062988	5.283917427062988	0.13383419811725616	0.05265125259757042	0.02973090671002865	0.029704468324780464	1
20	255	centered_logit	canonical_perturbation	1	3.8817973136901855	3.8817973136901855	0.19547930359840393	0.013356398791074753	0.032769232988357544	0.03293042629957199	0
20	63	centered_logit	random_sphere	1	2.5316522121429443	2.5316522121429443	28.556503295898438	0.00021153944544494152	1.4378377199172974	0.028081590309739113	0
20	127	centered_logit	random_sphere	1	5.2355217933654785	5.2355217933654785	27.024572372436523	0.0006141463527455926	1.3981760740280151	0.03090694732964039	0
20	191	centered_logit	random_sphere	1	14.506895065307617	14.506895065307617	28.550447463989258	5.238310222921427e-06	1.426588535308838	0.029704468324780464	0
20	255	centered_logit	random_sphere	1	6.670644283294678	6.670644283294678	28.627267837524414	0.00025299054686911404	1.4031012058258057	0.03293042629957199	0
20	63	inverse_hidden	proposal	1	0.026061613112688065	3.924082040786743	0.026061613112688065	0.0001312448875978589	0.027847960591316223	0.028081590309739113	0
20	127	inverse_hidden	proposal	1	0.03298288583755493	4.753101348876953	0.03298288583755493	0.0012615941232070327	0.0306955985724926	0.03090694732964039	0
20	191	inverse_hidden	proposal	1	0.017930559813976288	7.3762102127075195	0.017930559813976288	0.01193978637456894	0.029331248253583908	0.029704468324780464	0
20	255	inverse_hidden	proposal	1	0.01946341060101986	2.4034080505371094	0.01946341060101986	0.23978149890899658	0.0325792022049427	0.03293042629957199	1
20	63	inverse_hidden	canonical_perturbation	1	0.04814986139535904	3.174344062805176	0.04814986139535904	0.00035187997855246067	0.02732117660343647	0.028081590309739113	0
20	127	inverse_hidden	canonical_perturbation	1	0.12491174787282944	5.388018608093262	0.12491174787282944	0.0003267730644438416	0.030136704444885254	0.03090694732964039	0
20	191	inverse_hidden	canonical_perturbation	1	0.06972771883010864	7.183457851409912	0.06972771883010864	0.017154263332486153	0.028946034610271454	0.029704468324780464	1
20	255	inverse_hidden	canonical_perturbation	1	0.09749040007591248	4.90818977355957	0.09749040007591248	0.0052640121430158615	0.03210713341832161	0.03293042629957199	0
20	63	inverse_hidden	random_sphere	1	28.557384490966797	2.564669132232666	28.557384490966797	0.00020091292390134186	1.4378751516342163	0.028081590309739113	0
20	127	inverse_hidden	random_sphere	1	27.02422523498535	5.3100996017456055	27.02422523498535	0.0005772907752543688	1.398181438446045	0.03090694732964039	0
20	191	inverse_hidden	random_sphere	1	28.549983978271484	14.650654792785645	28.549983978271484	4.6825634854030795e-06	1.4267070293426514	0.029704468324780464	0
20	255	inverse_hidden	random_sphere	1	28.62612533569336	6.755514621734619	28.62612533569336	0.00023742223856970668	1.4030259847640991	0.03293042629957199	0
21	63	centered_logit	proposal	1	2.501218318939209	2.501218318939209	0.038528792560100555	0.28085389733314514	0.03501969575881958	0.034790441393852234	1
21	127	centered_logit	proposal	1	1.4227951765060425	1.4227951765060425	0.029871128499507904	0.021726522594690323	0.029333941638469696	0.02944532409310341	0
21	191	centered_logit	proposal	1	2.3749566078186035	2.3749566078186035	0.056626033037900925	0.2051064819097519	0.03626936674118042	0.03580678626894951	0
21	255	centered_logit	proposal	1	2.0262322425842285	2.0262322425842285	0.0168427936732769	0.0034553457517176867	0.019181083887815475	0.01932242326438427	0
21	63	centered_logit	canonical_perturbation	1	5.72397518157959	5.72397518157959	0.47236359119415283	0.002856437349691987	0.03489818051457405	0.034790441393852234	0
21	127	centered_logit	canonical_perturbation	1	2.257005214691162	2.257005214691162	0.22129397094249725	0.004295249003916979	0.029386108741164207	0.02944532409310341	1
21	191	centered_logit	canonical_perturbation	1	5.491595268249512	5.491595268249512	0.26419028639793396	0.009615698829293251	0.03596093878149986	0.03580678626894951	1
21	255	centered_logit	canonical_perturbation	1	1.0559582710266113	1.0559582710266113	0.05659205839037895	0.04952613264322281	0.019323479384183884	0.01932242326438427	1
21	63	centered_logit	random_sphere	1	8.286128997802734	8.286128997802734	31.754770278930664	0.000538111082278192	1.433175802230835	0.034790441393852234	0
21	127	centered_logit	random_sphere	1	3.1197493076324463	3.1197493076324463	26.62421226501465	0.0002789905993267894	1.4153589010238647	0.02944532409310341	0
21	191	centered_logit	random_sphere	1	10.77231216430664	10.77231216430664	26.969091415405273	3.0904800951248035e-05	1.4367623329162598	0.03580678626894951	0
21	255	centered_logit	random_sphere	1	2.8688628673553467	2.8688628673553467	27.892940521240234	0.0002875230275094509	1.3879618644714355	0.01932242326438427	0
21	63	inverse_hidden	proposal	1	0.018984384834766388	3.9761247634887695	0.018984384834766388	0.05915521830320358	0.03451889753341675	0.034790441393852234	0
21	127	inverse_hidden	proposal	1	0.012504042126238346	2.6960606575012207	0.012504042126238346	0.0022509212139993906	0.02912871353328228	0.02944532409310341	0
21	191	inverse_hidden	proposal	1	0.019722437486052513	5.2826080322265625	0.019722437486052513	0.015359267592430115	0.03556481748819351	0.03580678626894951	0
21	255	inverse_hidden	proposal	1	0.019972337409853935	4.5781168937683105	0.019972337409853935	9.043843601830304e-05	0.01904507353901863	0.01932242326438427	0
21	63	inverse_hidden	canonical_perturbation	1	0.2726579010486603	6.498050689697266	0.2726579010486603	0.001688878983259201	0.033999137580394745	0.034790441393852234	0
21	127	inverse_hidden	canonical_perturbation	1	0.09648415446281433	2.944223165512085	0.09648415446281433	0.0029962207190692425	0.028792548924684525	0.02944532409310341	0
21	191	inverse_hidden	canonical_perturbation	1	0.15930533409118652	6.425871849060059	0.15930533409118652	0.0069628749042749405	0.035052504390478134	0.03580678626894951	1
21	255	inverse_hidden	canonical_perturbation	1	0.03132724016904831	1.6662983894348145	0.03132724016904831	0.017737027257680893	0.018708258867263794	0.01932242326438427	1
21	63	inverse_hidden	random_sphere	1	31.75171661376953	8.3875093460083	31.75171661376953	0.0004990798770450056	1.4330748319625854	0.034790441393852234	0
21	127	inverse_hidden	random_sphere	1	26.619550704956055	3.1613056659698486	26.619550704956055	0.0002641809405758977	1.415568470954895	0.02944532409310341	0
21	191	inverse_hidden	random_sphere	1	26.961153030395508	10.894682884216309	26.961153030395508	2.841123023245018e-05	1.4365921020507812	0.03580678626894951	0
21	255	inverse_hidden	random_sphere	1	27.88976287841797	2.905245304107666	27.88976287841797	0.0002731048734858632	1.387905240058899	0.01932242326438427	0
20	63	centered_logit	proposal	2	1.14316987991333	1.14316987991333	0.0400952473282814	0.23623791337013245	0.02862895093858242	0.028081590309739113	1
20	127	centered_logit	proposal	2	1.509283185005188	1.509283185005188	0.0714726448059082	0.15487365424633026	0.03198057785630226	0.03090694732964039	1
20	191	centered_logit	proposal	2	1.4749164581298828	1.4749164581298828	0.04666273295879364	0.5778765678405762	0.030431048944592476	0.029704468324780464	1
20	255	centered_logit	proposal	2	1.3800231218338013	1.3800231218338013	0.07709409296512604	0.4458138048648834	0.033988021314144135	0.03293042629957199	1
20	63	centered_logit	canonical_perturbation	2	1.2703008651733398	1.2703008651733398	0.09804676473140717	0.016171619296073914	0.028131360188126564	0.028081590309739113	1
20	127	centered_logit	canonical_perturbation	2	3.40617036819458	3.40617036819458	0.3059593141078949	0.0015772440237924457	0.03157578781247139	0.03090694732964039	0
20	191	centered_logit	canonical_perturbation	2	3.6250200271606445	3.6250200271606445	0.10267702490091324	0.2802988290786743	0.03000415675342083	0.029704468324780464	1
20	255	centered_logit	canonical_perturbation	2	2.72015643119812	2.72015643119812	0.1444593220949173	0.05029177665710449	0.03276125341653824	0.03293042629957199	0
20	63	centered_logit	random_sphere	2	2.498920202255249	2.498920202255249	28.554187774658203	0.00022305280435830355	1.4377514123916626	0.028081590309739113	0
20	127	centered_logit	random_sphere	2	5.160161972045898	5.160161972045898	27.023630142211914	0.0006526625948026776	1.3980659246444702	0.03090694732964039	0
20	191	centered_logit	random_sphere	2	14.362356185913086	14.362356185913086	28.5493221282959	5.854697974427836e-06	1.4264830350875854	0.029704468324780464	0
20	255	centered_logit	random_sphere	2	6.580805778503418	6.580805778503418	28.627185821533203	0.0002710603002924472	1.4030143022537231	0.03293042629957199	0
20	63	inverse_hidden	proposal	2	0.007224819622933865	1.8393136262893677	0.007224819622933865	0.012739738449454308	0.02764938212931156	0.028081590309739113	1
20	127	inverse_hidden	proposal	2	0.01472441479563713	4.586377143859863	0.01472441479563713	0.0020124302245676517	0.030435102060437202	0.03090694732964039	0
20	191	inverse_hidden	proposal	2	0.009771326556801796	5.537151336669922	0.009771326556801796	0.10581935942173004	0.029062461107969284	0.029704468324780464	0
20	255	inverse_hidden	proposal	2	0.00955253466963768	3.883457660675049	0.00955253466963768	0.004407554864883423	0.032446425408124924	0.03293042629957199	0
20	63	inverse_hidden	canonical_perturbation	2	0.04949195310473442	4.437711715698242	0.04949195310473442	9.499693260295317e-05	0.02666102722287178	0.028081590309739113	0
20	127	inverse_hidden	canonical_perturbation	2	0.053287021815776825	5.9566731452941895	0.053287021815776825	0.0003483666223473847	0.029552776366472244	0.03090694732964039	0
20	191	inverse_hidden	canonical_perturbation	2	0.04569298401474953	9.746191024780273	0.04569298401474953	0.0008074062643572688	0.02835969440639019	0.029704468324780464	0
20	255	inverse_hidden	canonical_perturbation	2	0.05512981861829758	5.685171127319336	0.05512981861829758	0.0018564424244686961	0.03141351416707039	0.03293042629957199	0
20	63	inverse_hidden	random_sphere	2	28.555917739868164	2.564342737197876	28.555917739868164	0.00020124216098338366	1.4378401041030884	0.028081590309739113	0
20	127	inverse_hidden	random_sphere	2	27.02290153503418	5.308433532714844	27.02290153503418	0.0005768825649283826	1.3980748653411865	0.03090694732964039	0
20	191	inverse_hidden	random_sphere	2	28.548362731933594	14.649263381958008	28.548362731933594	4.68996086055995e-06	1.4267280101776123	0.029704468324780464	0
20	255	inverse_hidden	random_sphere	2	28.624788284301758	6.749610900878906	28.624788284301758	0.00023883160611148924	1.4028639793395996	0.03293042629957199	0
21	63	centered_logit	proposal	2	1.6693742275238037	1.6693742275238037	0.04157976061105728	0.375044584274292	0.03537997230887413	0.034790441393852234	1
21	127	centered_logit	proposal	2	2.4209187030792236	2.4209187030792236	0.02631218172609806	0.00879757571965456	0.029509684070944786	0.02944532409310341	1
21	191	centered_logit	proposal	2	1.7915868759155273	1.7915868759155273	0.0670202299952507	0.1844097375869751	0.03685395419597626	0.03580678626894951	0
21	255	centered_logit	proposal	2	1.294527292251587	1.294527292251587	0.036326274275779724	0.08928758651018143	0.019537772983312607	0.01932242326438427	1
21	63	centered_logit	canonical_perturbation	2	4.896336555480957	4.896336555480957	0.39867040514945984	0.006346837151795626	0.03514783829450607	0.034790441393852234	0
21	127	centered_logit	canonical_perturbation	2	1.7966148853302002	1.7966148853302002	0.19448573887348175	0.011249030940234661	0.029640892520546913	0.02944532409310341	1
21	191	centered_logit	canonical_perturbation	2	4.187469482421875	4.187469482421875	0.1906445473432541	0.04237096384167671	0.036324985325336456	0.03580678626894951	1
21	255	centered_logit	canonical_perturbation	2	0.9355545043945312	0.9355545043945312	0.04641018435359001	0.11057242751121521	0.01971612125635147	0.01932242326438427	1
21	63	centered_logit	random_sphere	2	8.186946868896484	8.186946868896484	31.753646850585938	0.0005777198821306229	1.4330779314041138	0.034790441393852234	0
21	127	centered_logit	random_sphere	2	3.0792696475982666	3.0792696475982666	26.626352310180664	0.0002946098684333265	1.4151926040649414	0.02944532409310341	0
21	191	centered_logit	random_sphere	2	10.647293090820312	10.647293090820312	26.96345329284668	3.364441727171652e-05	1.4366657733917236	0.03580678626894951	0
21	255	centered_logit	random_sphere	2	2.8334884643554688	2.8334884643554688	27.894609451293945	0.0003017247363459319	1.3878611326217651	0.01932242326438427	0
21	63	inverse_hidden	proposal	2	0.01951136626303196	5.9955244064331055	0.01951136626303196	0.0018387670861557126	0.03426922485232353	0.034790441393852234	0
21	127	inverse_hidden	proposal	2	0.015085340477526188	5.162123203277588	0.015085340477526188	2.1513815227081068e-05	0.02903655171394348	0.02944532409310341	0
21	191	inverse_hidden	proposal	2	0.010626585222780704	4.475039958953857	0.010626585222780704	0.021999740973114967	0.03541288897395134	0.03580678626894951	0
21	255	inverse_hidden	proposal	2	0.014512581750750542	1.5655772686004639	0.014512581750750542	0.057801827788352966	0.01875898241996765	0.01932242326438427	1
21	63	inverse_hidden	canonical_perturbation	2	0.13406118750572205	6.539686679840088	0.13406118750572205	0.0019437078153714538	0.03336845338344574	0.034790441393852234	0
21	127	inverse_hidden	canonical_perturbation	2	0.04649237170815468	4.2434539794921875	0.04649237170815468	0.000921553117223084	0.028334248811006546	0.02944532409310341	0
21	191	inverse_hidden	canonical_perturbation	2	0.07263084501028061	6.470029354095459	0.07263084501028061	0.015373027883470058	0.03449215367436409	0.03580678626894951	1
21	255	inverse_hidden	canonical_perturbation	2	0.04386041313409805	4.794060230255127	0.04386041313409805	0.00011060162069043145	0.018492285162210464	0.01932242326438427	0
21	63	inverse_hidden	random_sphere	2	31.747488021850586	8.389463424682617	31.747488021850586	0.0004970036679878831	1.4328700304031372	0.034790441393852234	0
21	127	inverse_hidden	random_sphere	2	26.61697006225586	3.1616616249084473	26.61697006225586	0.00026416635955683887	1.4156067371368408	0.02944532409310341	0
21	191	inverse_hidden	random_sphere	2	26.94792938232422	10.891226768493652	26.94792938232422	2.845918425009586e-05	1.4363291263580322	0.03580678626894951	0
21	255	inverse_hidden	random_sphere	2	27.888107299804688	2.9058403968811035	27.888107299804688	0.0002722404315136373	1.3877512216567993	0.01932242326438427	0
20	63	centered_logit	proposal	4	1.115844488143921	1.115844488143921	0.08823695033788681	0.08352705091238022	0.029641931876540184	0.028081590309739113	1
20	127	centered_logit	proposal	4	1.2046306133270264	1.2046306133270264	0.11370386928319931	0.07851627469062805	0.03359540179371834	0.03090694732964039	1
20	191	centered_logit	proposal	4	0.7138916254043579	0.7138916254043579	0.041793741285800934	0.7664600610733032	0.0317557118833065	0.029704468324780464	1
20	255	centered_logit	proposal	4	0.9912087917327881	0.9912087917327881	0.07469262927770615	0.5950192213058472	0.035214878618717194	0.03293042629957199	1
20	63	centered_logit	canonical_perturbation	4	0.9029242992401123	0.9029242992401123	0.05977034568786621	0.1858428567647934	0.02864055708050728	0.028081590309739113	1
20	127	centered_logit	canonical_perturbation	4	1.999023675918579	1.999023675918579	0.21939674019813538	0.013067293912172318	0.032949987798929214	0.03090694732964039	0
20	191	centered_logit	canonical_perturbation	4	1.8407232761383057	1.8407232761383057	0.08261773735284805	0.7784163951873779	0.03119257465004921	0.029704468324780464	1
20	255	centered_logit	canonical_perturbation	4	1.424931526184082	1.424931526184082	0.08859262615442276	0.14019998908042908	0.03331888094544411	0.03293042629957199	0
20	63	centered_logit	random_sphere	4	2.4353339672088623	2.4353339672088623	28.549758911132812	0.00024788215523585677	1.4375587701797485	0.028081590309739113	0
20	127	centered_logit	random_sphere	4	5.012022018432617	5.012022018432617	27.022050857543945	0.0007363689364865422	1.3978461027145386	0.03090694732964039	0
20	191	centered_logit	random_sphere	4	14.075578689575195	14.075578689575195	28.54733657836914	7.262125564011512e-06	1.4262627363204956	0.029704468324780464	0
20	255	centered_logit	random_sphere	4	6.4036455154418945	6.4036455154418945	28.62732696533203	0.0003109128156211227	1.402839183807373	0.03293042629957199	0
20	63	inverse_hidden	proposal	4	0.012218776158988476	6.997313976287842	0.012218776158988476	8.923806262828293e-07	0.027461305260658264	0.028081590309739113	0
20	127	inverse_hidden	proposal	4	0.01239732000976801	4.405196189880371	0.01239732000976801	0.0009165973169729114	0.03018825687468052	0.03090694732964039	0
20	191	inverse_hidden	proposal	4	0.008464337326586246	10.98727035522461	0.008464337326586246	0.00011069679749198258	0.028704794123768806	0.029704468324780464	0
20	255	inverse_hidden	proposal	4	0.01173324603587389	7.660370349884033	0.01173324603587389	9.547213994665071e-05	0.03238318860530853	0.03293042629957199	0
20	63	inverse_hidden	canonical_perturbation	4	0.05110805481672287	4.161834239959717	0.05110805481672287	0.00017614359967410564	0.02565288357436657	0.028081590309739113	0
20	127	inverse_hidden	canonical_perturbation	4	0.06603999435901642	7.53645658493042	0.06603999435901642	0.00017480013775639236	0.02870056964457035	0.03090694732964039	0
20	191	inverse_hidden	canonical_perturbation	4	0.07062292098999023	11.714489936828613	0.07062292098999023	0.00016104074893519282	0.02733592875301838	0.029704468324780464	0
20	255	inverse_hidden	canonical_perturbation	4	0.07914247363805771	7.409423828125	0.07914247363805771	0.0003620471979957074	0.03032810427248478	0.03293042629957199	0
20	63	inverse_hidden	random_sphere	4	28.552963256835938	2.563753366470337	28.552963256835938	0.00020188867347314954	1.437774658203125	0.028081590309739113	0
20	127	inverse_hidden	random_sphere	4	27.020387649536133	5.305070877075195	27.020387649536133	0.0005759382620453835	1.397860050201416	0.03090694732964039	0
20	191	inverse_hidden	random_sphere	4	28.545265197753906	14.645660400390625	28.545265197753906	4.7078051466087345e-06	1.4267655611038208	0.029704468324780464	0
20	255	inverse_hidden	random_sphere	4	28.62204360961914	6.737529754638672	28.62204360961914	0.00024173219571821392	1.4025427103042603	0.03293042629957199	0
21	63	centered_logit	proposal	4	1.0940604209899902	1.0940604209899902	0.04924013838171959	0.4939804971218109	0.03637879341840744	0.034790441393852234	1
21	127	centered_logit	proposal	4	1.297461748123169	1.297461748123169	0.05652667209506035	0.08564784377813339	0.030387885868549347	0.02944532409310341	1
21	191	centered_logit	proposal	4	1.0359283685684204	1.0359283685684204	0.07802014797925949	0.36197802424430847	0.03820529952645302	0.03580678626894951	1
21	255	centered_logit	proposal	4	1.1863057613372803	1.1863057613372803	0.10029613226652145	0.023141872137784958	0.020572451874613762	0.01932242326438427	1
21	63	centered_logit	canonical_perturbation	4	3.0091357231140137	3.0091357231140137	0.2140342891216278	0.04537976533174515	0.03614237532019615	0.034790441393852234	0
21	127	centered_logit	canonical_perturbation	4	1.1479685306549072	1.1479685306549072	0.1157231330871582	0.0882798433303833	0.030689889565110207	0.02944532409310341	1
21	191	centered_logit	canonical_perturbation	4	2.013333559036255	2.013333559036255	0.09924791753292084	0.5248655676841736	0.037649527192115784	0.03580678626894951	1
21	255	centered_logit	canonical_perturbation	4	0.8038911819458008	0.8038911819458008	0.05405500903725624	0.24378792941570282	0.02108490839600563	0.01932242326438427	1
21	63	centered_logit	random_sphere	4	7.990826606750488	7.990826606750488	31.751514434814453	0.000665417464915663	1.432874083518982	0.034790441393852234	0
21	127	centered_logit	random_sphere	4	3.0002691745758057	3.0002691745758057	26.63094711303711	0.00032849761191755533	1.4148693084716797	0.02944532409310341	0
21	191	centered_logit	random_sphere	4	10.399690628051758	10.399690628051758	26.952190399169922	3.977964661316946e-05	1.4364666938781738	0.03580678626894951	0
21	255	centered_logit	random_sphere	4	2.764462947845459	2.764462947845459	27.89811134338379	0.00033186646760441363	1.3876688480377197	0.01932242326438427	0
21	63	inverse_hidden	proposal	4	0.011776275001466274	6.429300785064697	0.011776275001466274	0.0007210920448414981	0.033903058618307114	0.034790441393852234	0
21	127	inverse_hidden	proposal	4	0.01217089407145977	4.597806930541992	0.01217089407145977	6.365334411384538e-05	0.028925620019435883	0.02944532409310341	0
21	191	inverse_hidden	proposal	4	0.008975139819085598	7.819108009338379	0.008975139819085598	8.356261241715401e-05	0.03521817550063133	0.03580678626894951	0
21	255	inverse_hidden	proposal	4	0.009709655307233334	3.946668863296509	0.009709655307233334	0.0001325364428339526	0.018422242254018784	0.01932242326438427	0
21	63	inverse_hidden	canonical_perturbation	4	0.05447787046432495	8.200040817260742	0.05447787046432495	0.0003215772158000618	0.032524749636650085	0.034790441393852234	0
21	127	inverse_hidden	canonical_perturbation	4	0.06948681175708771	5.444710731506348	0.06948681175708771	0.0001303989702137187	0.027687929570674896	0.02944532409310341	0
21	191	inverse_hidden	canonical_perturbation	4	0.07145743072032928	9.010187149047852	0.07145743072032928	0.0022267038002610207	0.03380054607987404	0.03580678626894951	0
21	255	inverse_hidden	canonical_perturbation	4	0.04368211701512337	4.540406227111816	0.04368211701512337	0.00017163729353342205	0.018312353640794754	0.01932242326438427	0
21	63	inverse_hidden	random_sphere	4	31.739259719848633	8.393613815307617	31.739259719848633	0.0004927574191242456	1.4324772357940674	0.034790441393852234	0
21	127	inverse_hidden	random_sphere	4	26.612035751342773	3.1622233390808105	26.612035751342773	0.0002643371117301285	1.4156910181045532	0.02944532409310341	0
21	191	inverse_hidden	random_sphere	4	26.922372817993164	10.883992195129395	26.922372817993164	2.8561462386278436e-05	1.4358121156692505	0.03580678626894951	0
21	255	inverse_hidden	random_sphere	4	27.884714126586914	2.907031774520874	27.884714126586914	0.0002705412625800818	1.3874391317367554	0.01932242326438427	0
20	63	centered_logit	proposal	8	1.152569055557251	1.152569055557251	0.19852560758590698	0.03636397421360016	0.03171838819980621	0.028081590309739113	1
20	127	centered_logit	proposal	8	0.9117488861083984	0.9117488861083984	0.10505224019289017	0.32537776231765747	0.03681505471467972	0.03090694732964039	1
20	191	centered_logit	proposal	8	0.6121448278427124	0.6121448278427124	0.05447562411427498	0.8594909906387329	0.03485935926437378	0.029704468324780464	1
20	255	centered_logit	proposal	8	0.848889172077179	0.848889172077179	0.08301552385091782	0.8096553683280945	0.03750349208712578	0.03293042629957199	1
20	63	centered_logit	canonical_perturbation	8	0.6613458395004272	0.6613458395004272	0.08591832965612411	0.6631080508232117	0.031204646453261375	0.028081590309739113	1
20	127	centered_logit	canonical_perturbation	8	1.276198387145996	1.276198387145996	0.1583174467086792	0.18811658024787903	0.0369584746658802	0.03090694732964039	1
20	191	centered_logit	canonical_perturbation	8	0.9392859935760498	0.9392859935760498	0.11948857456445694	0.848472535610199	0.03513457253575325	0.029704468324780464	1
20	255	centered_logit	canonical_perturbation	8	1.0550687313079834	1.0550687313079834	0.11648143082857132	0.24458517134189606	0.03633996844291687	0.03293042629957199	1
20	63	centered_logit	random_sphere	8	2.3157248497009277	2.3157248497009277	28.54189682006836	0.0003051518287975341	1.4371280670166016	0.028081590309739113	0
20	127	centered_logit	random_sphere	8	4.726432800292969	4.726432800292969	27.020103454589844	0.0009336608927696943	1.3974061012268066	0.03090694732964039	0
20	191	centered_logit	random_sphere	8	13.511672973632812	13.511672973632812	28.544452667236328	1.0905974704655819e-05	1.4257996082305908	0.029704468324780464	0
20	255	centered_logit	random_sphere	8	6.059813499450684	6.059813499450684	28.628732681274414	0.00040759920375421643	1.402485728263855	0.03293042629957199	0
20	63	inverse_hidden	proposal	8	0.006977846845984459	3.6835813522338867	0.006977846845984459	0.000278299703495577	0.02678568661212921	0.028081590309739113	0
20	127	inverse_hidden	proposal	8	0.012912401929497719	12.086383819580078	0.012912401929497719	7.785817501826386e-07	0.030132193118333817	0.03090694732964039	0
20	191	inverse_hidden	proposal	8	0.0060854326002299786	9.974328994750977	0.0060854326002299786	0.0005997988046146929	0.02836507558822632	0.029704468324780464	0
20	255	inverse_hidden	proposal	8	0.006137123331427574	6.176604270935059	0.006137123331427574	0.006884055212140083	0.03205874562263489	0.03293042629957199	0
20	63	inverse_hidden	canonical_perturbation	8	0.02959231473505497	1.2026050090789795	0.02959231473505497	0.10887309908866882	0.024989107623696327	0.028081590309739113	1
20	127	inverse_hidden	canonical_perturbation	8	0.06293180584907532	7.0317063331604	0.06293180584907532	0.0004927513655275106	0.027736254036426544	0.03090694732964039	0
20	191	inverse_hidden	canonical_perturbation	8	0.02279198355972767	8.807415008544922	0.02279198355972767	0.006993727758526802	0.026272820308804512	0.029704468324780464	1
20	255	inverse_hidden	canonical_perturbation	8	0.04811873659491539	6.949471473693848	0.04811873659491539	0.0007131131133064628	0.029080821201205254	0.03293042629957199	0
20	63	inverse_hidden	random_sphere	8	28.54723358154297	2.5629067420959473	28.54723358154297	0.00020307998056523502	1.4376749992370605	0.028081590309739113	0
20	127	inverse_hidden	random_sphere	8	27.015613555908203	5.299343109130859	27.015613555908203	0.0005730041302740574	1.3974406719207764	0.03090694732964039	0
20	191	inverse_hidden	random_sphere	8	28.539255142211914	14.637057304382324	28.539255142211914	4.751540018332889e-06	1.426820158958435	0.029704468324780464	0
20	255	inverse_hidden	random_sphere	8	28.616519927978516	6.712918281555176	28.616519927978516	0.0002473661152180284	1.4019123315811157	0.03293042629957199	0
21	63	centered_logit	proposal	8	0.819648802280426	0.819648802280426	0.07239215075969696	0.6838586330413818	0.03876049071550369	0.034790441393852234	1
21	127	centered_logit	proposal	8	1.2059415578842163	1.2059415578842163	0.167918860912323	0.04243380203843117	0.03240840509533882	0.02944532409310341	1
21	191	centered_logit	proposal	8	0.6911681294441223	0.6911681294441223	0.10058636218309402	0.5071979761123657	0.04100094363093376	0.03580678626894951	1
21	255	centered_logit	proposal	8	1.338076114654541	1.338076114654541	0.26988449692726135	0.008846166543662548	0.02270723506808281	0.01932242326438427	1
21	63	centered_logit	canonical_perturbation	8	1.258236050605774	1.258236050605774	0.10494841635227203	0.2604852020740509	0.03974044695496559	0.034790441393852234	1
21	127	centered_logit	canonical_perturbation	8	0.820852518081665	0.820852518081665	0.09874334186315536	0.30813878774642944	0.03337937965989113	0.02944532409310341	1
21	191	centered_logit	canonical_perturbation	8	1.015094518661499	1.015094518661499	0.12169470638036728	0.7148969173431396	0.041754160076379776	0.03580678626894951	1
21	255	centered_logit	canonical_perturbation	8	0.6116979718208313	0.6116979718208313	0.08045164495706558	0.6150864362716675	0.024175843223929405	0.01932242326438427	1
21	63	centered_logit	random_sphere	8	7.607938766479492	7.607938766479492	31.747608184814453	0.0008796374895609915	1.4324451684951782	0.034790441393852234	0
21	127	centered_logit	random_sphere	8	2.850127696990967	2.850127696990967	26.64072608947754	0.0004082458617631346	1.414281964302063	0.02944532409310341	0
21	191	centered_logit	random_sphere	8	9.914669036865234	9.914669036865234	26.929353713989258	5.50984223082196e-05	1.4360404014587402	0.03580678626894951	0
21	255	centered_logit	random_sphere	8	2.6333441734313965	2.6333441734313965	27.90557289123535	0.0003998128231614828	1.3873265981674194	0.01932242326438427	0
21	63	inverse_hidden	proposal	8	0.00939456932246685	8.570621490478516	0.00939456932246685	0.00016145948029588908	0.03358842059969902	0.034790441393852234	0
21	127	inverse_hidden	proposal	8	0.005430948920547962	5.11684513092041	0.005430948920547962	0.0003158552572131157	0.028681540861725807	0.02944532409310341	0
21	191	inverse_hidden	proposal	8	0.007712558377534151	8.934173583984375	0.007712558377534151	0.00011279013415332884	0.034949447959661484	0.03580678626894951	0
21	255	inverse_hidden	proposal	8	0.007643076591193676	3.968440055847168	0.007643076591193676	0.000271133438218385	0.01822785660624504	0.01932242326438427	0
21	63	inverse_hidden	canonical_perturbation	8	0.12139508128166199	9.907609939575195	0.12139508128166199	9.680291259428486e-05	0.031594015657901764	0.034790441393852234	0
21	127	inverse_hidden	canonical_perturbation	8	0.039861392229795456	3.8905224800109863	0.039861392229795456	0.001056286389939487	0.027150170877575874	0.02944532409310341	0
21	191	inverse_hidden	canonical_perturbation	8	0.08936068415641785	9.259639739990234	0.08936068415641785	0.0011080397525802255	0.033006466925144196	0.03580678626894951	0
21	255	inverse_hidden	canonical_perturbation	8	0.024238796904683113	1.2599365711212158	0.024238796904683113	0.14678925275802612	0.019109563902020454	0.01932242326438427	1
21	63	inverse_hidden	random_sphere	8	31.723329544067383	8.40124797821045	31.723329544067383	0.00048424338456243277	1.4317102432250977	0.034790441393852234	0
21	127	inverse_hidden	random_sphere	8	26.602764129638672	3.1626973152160645	26.602764129638672	0.0002652003604453057	1.4158767461776733	0.02944532409310341	0
21	191	inverse_hidden	random_sphere	8	26.87447738647461	10.870234489440918	26.87447738647461	2.875746213248931e-05	1.4348191022872925	0.03580678626894951	0
21	255	inverse_hidden	random_sphere	8	27.877735137939453	2.9090514183044434	27.877735137939453	0.0002674393472261727	1.3867775201797485	0.01932242326438427	0
20	63	centered_logit	proposal	16	0.7410624623298645	0.7410624623298645	0.1693722903728485	0.2612071931362152	0.03519436717033386	0.028081590309739113	1
20	127	centered_logit	proposal	16	0.705660343170166	0.705660343170166	0.15794897079467773	0.5493088364601135	0.04190027713775635	0.03090694732964039	1
20	191	centered_logit	proposal	16	0.48654013872146606	0.48654013872146606	0.09030795842409134	0.9391641020774841	0.039229799062013626	0.029704468324780464	1
20	255	centered_logit	proposal	16	0.6053001880645752	0.6053001880645752	0.12306542694568634	0.9826712012290955	0.04099958762526512	0.03293042629957199	1
20	63	centered_logit	canonical_perturbation	16	0.4754181504249573	0.4754181504249573	0.0971539318561554	0.9877942800521851	0.036099646240472794	0.028081590309739113	1
20	127	centered_logit	canonical_perturbation	16	0.9007126092910767	0.9007126092910767	0.3364048898220062	0.16446109116077423	0.04488098993897438	0.03090694732964039	1
20	191	centered_logit	canonical_perturbation	16	0.6854667067527771	0.6854667067527771	0.17607270181179047	0.8704614043235779	0.04218105599284172	0.029704468324780464	1
20	255	centered_logit	canonical_perturbation	16	0.8656953573226929	0.8656953573226929	0.15884141623973846	0.6721751689910889	0.04251493886113167	0.03293042629957199	1
20	63	centered_logit	random_sphere	16	2.105928897857666	2.105928897857666	28.530847549438477	0.0004569821176119149	1.436244249343872	0.028081590309739113	0
20	127	centered_logit	random_sphere	16	4.200259208679199	4.200259208679199	27.02014923095703	0.0014762055361643434	1.3964959383010864	0.03090694732964039	0
20	191	centered_logit	random_sphere	16	12.425908088684082	12.425908088684082	28.542572021484375	2.284959191456437e-05	1.4248254299163818	0.029704468324780464	0
20	255	centered_logit	random_sphere	16	5.416874885559082	5.416874885559082	28.63605499267578	0.0006883118767291307	1.4017879962921143	0.03293042629957199	0
20	63	inverse_hidden	proposal	16	0.0038794903084635735	2.589404821395874	0.0038794903084635735	0.03729906678199768	0.02582850679755211	0.028081590309739113	1
20	127	inverse_hidden	proposal	16	0.0057048676535487175	2.010246753692627	0.0057048676535487175	0.15627413988113403	0.029811205342411995	0.03090694732964039	0
20	191	inverse_hidden	proposal	16	0.003127374919131398	5.064133644104004	0.003127374919131398	0.7148832082748413	0.028046077117323875	0.029704468324780464	1
20	255	inverse_hidden	proposal	16	0.003948654979467392	6.200821876525879	0.003948654979467392	0.10565636307001114	0.032012149691581726	0.03293042629957199	1
20	63	inverse_hidden	canonical_perturbation	16	0.014761866070330143	3.382857084274292	0.014761866070330143	0.002460380317643285	0.02447170950472355	0.028081590309739113	0
20	127	inverse_hidden	canonical_perturbation	16	0.03396786004304886	4.764025688171387	0.03396786004304886	0.00657848222181201	0.028209231793880463	0.03090694732964039	1
20	191	inverse_hidden	canonical_perturbation	16	0.015245867893099785	11.737486839294434	0.015245867893099785	0.00041949484148062766	0.0267802644520998	0.029704468324780464	0
20	255	inverse_hidden	canonical_perturbation	16	0.0263290423899889	5.548009872436523	0.0263290423899889	0.010314919985830784	0.029177673161029816	0.03293042629957199	1
20	63	inverse_hidden	random_sphere	16	28.537109375	2.562479257583618	28.537109375	0.00020485708955675364	1.4375362396240234	0.028081590309739113	0
20	127	inverse_hidden	random_sphere	16	27.00652313232422	5.293473720550537	27.00652313232422	0.0005630520754493773	1.3966546058654785	0.03090694732964039	0
20	191	inverse_hidden	random_sphere	16	28.527549743652344	14.619897842407227	28.527549743652344	4.845018793275813e-06	1.4269593954086304	0.029704468324780464	0
20	255	inverse_hidden	random_sphere	16	28.60537338256836	6.665990829467773	28.60537338256836	0.00025822105817496777	1.400638461112976	0.03293042629957199	0
21	63	centered_logit	proposal	16	0.6442018747329712	0.6442018747329712	0.11805767565965652	0.7887426614761353	0.04259984567761421	0.034790441393852234	1
21	127	centered_logit	proposal	16	0.9852161407470703	0.9852161407470703	0.2361283004283905	0.08025852590799332	0.035917364060878754	0.02944532409310341	1
21	191	centered_logit	proposal	16	0.557806134223938	0.557806134223938	0.139082670211792	0.7265741229057312	0.045061249285936356	0.03580678626894951	1
21	255	centered_logit	proposal	16	1.1093766689300537	1.1093766689300537	0.3686014711856842	0.015571814961731434	0.026439795270562172	0.01932242326438427	1
21	63	centered_logit	canonical_perturbation	16	0.7976463437080383	0.7976463437080383	0.17305929958820343	0.5772386789321899	0.04740862548351288	0.034790441393852234	1
21	127	centered_logit	canonical_perturbation	16	0.6582183837890625	0.6582183837890625	0.20294281840324402	0.43582114577293396	0.039034709334373474	0.02944532409310341	1
21	191	centered_logit	canonical_perturbation	16	0.711422324180603	0.711422324180603	0.22553731501102448	0.7465288043022156	0.04956173896789551	0.03580678626894951	1
21	255	centered_logit	canonical_perturbation	16	0.40542683005332947	0.40542683005332947	0.08117737621068954	0.9802471399307251	0.02899036929011345	0.01932242326438427	1
21	63	centered_logit	random_sphere	16	6.882151126861572	6.882151126861572	31.74235725402832	0.0015137774171307683	1.4315847158432007	0.034790441393852234	0
21	127	centered_logit	random_sphere	16	2.5809326171875	2.5809326171875	26.661582946777344	0.0006246182601898909	1.4132513999938965	0.02944532409310341	0
21	191	centered_logit	random_sphere	16	8.988702774047852	8.988702774047852	26.88377571105957	0.00010301117436029017	1.4351190328598022	0.03580678626894951	0
21	255	centered_logit	random_sphere	16	2.398132562637329	2.398132562637329	27.921443939208984	0.0005706885713152587	1.3868703842163086	0.01932242326438427	0
21	63	inverse_hidden	proposal	16	0.003875085385516286	2.987196207046509	0.003875085385516286	0.5176635384559631	0.03354770690202713	0.034790441393852234	1
21	127	inverse_hidden	proposal	16	0.0037459046579897404	3.5960988998413086	0.0037459046579897404	0.017521711066365242	0.028589675202965736	0.02944532409310341	1
21	191	inverse_hidden	proposal	16	0.004532238468527794	4.504659652709961	0.004532238468527794	0.29101622104644775	0.034935276955366135	0.03580678626894951	1
21	255	inverse_hidden	proposal	16	0.003903841134160757	1.4446048736572266	0.003903841134160757	0.1928984671831131	0.018046889454126358	0.01932242326438427	1
21	63	inverse_hidden	canonical_perturbation	16	0.031029365956783295	5.721094608306885	0.031029365956783295	0.02170652709901333	0.03218042105436325	0.034790441393852234	1
21	127	inverse_hidden	canonical_perturbation	16	0.021965859457850456	2.4588799476623535	0.021965859457850456	0.009535033255815506	0.027449732646346092	0.02944532409310341	1
21	191	inverse_hidden	canonical_perturbation	16	0.04799716919660568	5.509368896484375	0.04799716919660568	0.04257722571492195	0.033848199993371964	0.03580678626894951	1
21	255	inverse_hidden	canonical_perturbation	16	0.0153243038803339	4.573110580444336	0.0153243038803339	0.0011256508296355605	0.020481450483202934	0.01932242326438427	0
21	63	inverse_hidden	random_sphere	16	31.6925106048584	8.412822723388672	31.6925106048584	0.0004702912410721183	1.4301948547363281	0.034790441393852234	0
21	127	inverse_hidden	random_sphere	16	26.585731506347656	3.1618261337280273	26.585731506347656	0.00026732883998192847	1.4161944389343262	0.02944532409310341	0
21	191	inverse_hidden	random_sphere	16	26.790098190307617	10.848304748535156	26.790098190307617	2.9040780646027997e-05	1.432883858680725	0.03580678626894951	0
21	255	inverse_hidden	random_sphere	16	27.86337661743164	2.9137725830078125	27.86337661743164	0.00026194186648353934	1.3854831457138062	0.01932242326438427	0
20	63	centered_logit	proposal	24	0.6467756032943726	0.6467756032943726	0.13087691366672516	0.8004099130630493	0.03812888264656067	0.028081590309739113	1
20	127	centered_logit	proposal	24	0.5748348832130432	0.5748348832130432	0.15662916004657745	0.8535968065261841	0.04501735419034958	0.03090694732964039	1
20	191	centered_logit	proposal	24	0.3979162871837616	0.3979162871837616	0.10096623748540878	0.9782231450080872	0.04169423133134842	0.029704468324780464	1
20	255	centered_logit	proposal	24	0.48550692200660706	0.48550692200660706	0.12226184457540512	0.9980742931365967	0.04363047704100609	0.03293042629957199	1
20	63	centered_logit	canonical_perturbation	24	0.3216876685619354	0.3216876685619354	0.10674042999744415	0.9989204406738281	0.03988535329699516	0.028081590309739113	1
20	127	centered_logit	canonical_perturbation	24	0.8336661458015442	0.8336661458015442	0.4583717882633209	0.2071814388036728	0.04965756833553314	0.03090694732964039	1
20	191	centered_logit	canonical_perturbation	24	0.5390125513076782	0.5390125513076782	0.16622595489025116	0.9501118659973145	0.04596874490380287	0.029704468324780464	1
20	255	centered_logit	canonical_perturbation	24	0.6771727800369263	0.6771727800369263	0.19543178379535675	0.8920798897743225	0.04627236723899841	0.03293042629957199	1
20	63	centered_logit	random_sphere	24	1.9311859607696533	1.9311859607696533	28.525531768798828	0.000674335053190589	1.4353625774383545	0.028081590309739113	0
20	127	centered_logit	random_sphere	24	3.735992431640625	3.735992431640625	27.024694442749023	0.0022844059858471155	1.3955426216125488	0.03090694732964039	0
20	191	centered_logit	random_sphere	24	11.40148639678955	11.40148639678955	28.54557228088379	4.4796506699640304e-05	1.4237886667251587	0.029704468324780464	0
20	255	centered_logit	random_sphere	24	4.836889266967773	4.836889266967773	28.64889907836914	0.0011320632183924317	1.4011061191558838	0.03293042629957199	0
20	63	inverse_hidden	proposal	24	0.002319040708243847	2.2621617317199707	0.002319040708243847	0.527270495891571	0.025386624038219452	0.028081590309739113	1
20	127	inverse_hidden	proposal	24	0.0033328928984701633	3.545901298522949	0.0033328928984701633	0.05145042762160301	0.02918842062354088	0.03090694732964039	0
20	191	inverse_hidden	proposal	24	0.001888674101792276	5.726489067077637	0.001888674101792276	0.8677213191986084	0.02758837305009365	0.029704468324780464	1
20	255	inverse_hidden	proposal	24	0.002538029570132494	3.640143632888794	0.002538029570132494	0.7744772434234619	0.03184504434466362	0.03293042629957199	1
20	63	inverse_hidden	canonical_perturbation	24	0.007890396751463413	1.796574592590332	0.007890396751463413	0.09562456607818604	0.023637495934963226	0.028081590309739113	1
20	127	inverse_hidden	canonical_perturbation	24	0.020213987678289413	8.52275562286377	0.020213987678289413	0.0009934032568708062	0.02802404947578907	0.03090694732964039	0
20	191	inverse_hidden	canonical_perturbation	24	0.011044939048588276	4.947662353515625	0.011044939048588276	0.6310009956359863	0.02680240385234356	0.029704468324780464	1
20	255	inverse_hidden	canonical_perturbation	24	0.018180817365646362	7.47572135925293	0.018180817365646362	0.0035717329010367393	0.029356345534324646	0.03293042629957199	1
20	63	inverse_hidden	random_sphere	24	28.527732849121094	2.5642735958099365	28.527732849121094	0.0002059487596852705	1.437361240386963	0.028081590309739113	0
20	127	inverse_hidden	random_sphere	24	26.997928619384766	5.287988662719727	26.997928619384766	0.0005535973468795419	1.3958176374435425	0.03090694732964039	0
20	191	inverse_hidden	random_sphere	24	28.516986846923828	14.604947090148926	28.516986846923828	4.93410334456712e-06	1.4270840883255005	0.029704468324780464	0
20	255	inverse_hidden	random_sphere	24	28.594209671020508	6.628460884094238	28.594209671020508	0.0002679262252058834	1.3992801904678345	0.03293042629957199	0
21	63	centered_logit	proposal	24	0.5251458883285522	0.5251458883285522	0.12994876503944397	0.9203836917877197	0.04480382055044174	0.034790441393852234	1
21	127	centered_logit	proposal	24	0.8201591968536377	0.8201591968536377	0.21077017486095428	0.19525854289531708	0.038328252732753754	0.02944532409310341	1
21	191	centered_logit	proposal	24	0.49919480085372925	0.49919480085372925	0.15651050209999084	0.847571611404419	0.047493986785411835	0.03580678626894951	1
21	255	centered_logit	proposal	24	0.8874062895774841	0.8874062895774841	0.29501041769981384	0.045534778386354446	0.029330071061849594	0.01932242326438427	1
21	63	centered_logit	canonical_perturbation	24	0.7023442387580872	0.7023442387580872	0.2785555124282837	0.6480442881584167	0.05205249413847923	0.034790441393852234	1
21	127	centered_logit	canonical_perturbation	24	0.5038745403289795	0.5038745403289795	0.15430621802806854	0.8994793891906738	0.04262329638004303	0.02944532409310341	1
21	191	centered_logit	canonical_perturbation	24	0.5620132684707642	0.5620132684707642	0.23865224421024323	0.8805361390113831	0.053591229021549225	0.03580678626894951	1
21	255	centered_logit	canonical_perturbation	24	0.2815169095993042	0.2815169095993042	0.07721022516489029	0.9985693693161011	0.03294916823506355	0.01932242326438427	1
21	63	centered_logit	random_sphere	24	6.213234901428223	6.213234901428223	31.740432739257812	0.00255053979344666	1.4306825399398804	0.034790441393852234	1
21	127	centered_logit	random_sphere	24	2.350670337677002	2.350670337677002	26.683446884155273	0.0009363979334011674	1.4123691320419312	0.02944532409310341	0
21	191	centered_logit	random_sphere	24	8.126516342163086	8.126516342163086	26.838672637939453	0.00018759968224912882	1.4340978860855103	0.03580678626894951	0
21	255	centered_logit	random_sphere	24	2.1955060958862305	2.1955060958862305	27.937564849853516	0.0007961011142469943	1.3865886926651	0.01932242326438427	0
21	63	inverse_hidden	proposal	24	0.0026799675542861223	2.972109317779541	0.0026799675542861223	0.7849072813987732	0.03346775099635124	0.034790441393852234	1
21	127	inverse_hidden	proposal	24	0.002384028397500515	3.4978604316711426	0.002384028397500515	0.07089211046695709	0.028074996545910835	0.02944532409310341	1
21	191	inverse_hidden	proposal	24	0.002751166932284832	5.581636428833008	0.002751166932284832	0.22445915639400482	0.03450574725866318	0.03580678626894951	1
21	255	inverse_hidden	proposal	24	0.0023246665950864553	1.630023717880249	0.0023246665950864553	0.4449114501476288	0.017743714153766632	0.01932242326438427	1
21	63	inverse_hidden	canonical_perturbation	24	0.029330352321267128	5.820010185241699	0.029330352321267128	0.03244207799434662	0.03282878175377846	0.034790441393852234	1
21	127	inverse_hidden	canonical_perturbation	24	0.014438368380069733	4.4928998947143555	0.014438368380069733	0.001441255328245461	0.02742079086601734	0.02944532409310341	0
21	191	inverse_hidden	canonical_perturbation	24	0.025533456355333328	8.56888198852539	0.025533456355333328	0.009063316509127617	0.034269604831933975	0.03580678626894951	1
21	255	inverse_hidden	canonical_perturbation	24	0.007407047785818577	1.4283277988433838	0.007407047785818577	0.22112120687961578	0.020562171936035156	0.01932242326438427	1
21	63	inverse_hidden	random_sphere	24	31.66432762145996	8.426084518432617	31.66432762145996	0.0004590169119182974	1.428756594657898	0.034790441393852234	0
21	127	inverse_hidden	random_sphere	24	26.56979751586914	3.159557342529297	26.56979751586914	0.0002697177405934781	1.4164578914642334	0.02944532409310341	0
21	191	inverse_hidden	random_sphere	24	26.72060775756836	10.831332206726074	26.72060775756836	2.9283412004588172e-05	1.431037425994873	0.03580678626894951	0
21	255	inverse_hidden	random_sphere	24	27.848665237426758	2.9194624423980713	27.848665237426758	0.0002570507349446416	1.3842651844024658	0.01932242326438427	0
20	63	centered_logit	proposal	40	0.4434543251991272	0.4434543251991272	0.14435707032680511	0.9792509078979492	0.04247218742966652	0.028081590309739113	1
20	127	centered_logit	proposal	40	0.3903672993183136	0.3903672993183136	0.13306264579296112	0.977343738079071	0.04918266087770462	0.03090694732964039	1
20	191	centered_logit	proposal	40	0.3020246624946594	0.3020246624946594	0.09934841841459274	0.9970428347587585	0.043910764157772064	0.029704468324780464	1
20	255	centered_logit	proposal	40	0.3333342671394348	0.3333342671394348	0.1185440644621849	0.9999293088912964	0.04696918651461601	0.03293042629957199	1
20	63	centered_logit	canonical_perturbation	40	0.18668165802955627	0.18668165802955627	0.10348303616046906	0.9999549388885498	0.044584568589925766	0.028081590309739113	1
20	127	centered_logit	canonical_perturbation	40	0.6027337908744812	0.6027337908744812	0.3558770716190338	0.7317619919776917	0.05444569140672684	0.03090694732964039	1
20	191	centered_logit	canonical_perturbation	40	0.40124547481536865	0.40124547481536865	0.17411820590496063	0.9860140085220337	0.04945623129606247	0.029704468324780464	1
20	255	centered_logit	canonical_perturbation	40	0.5182135701179504	0.5182135701179504	0.2031332105398178	0.9910807013511658	0.050168879330158234	0.03293042629957199	1
20	63	centered_logit	random_sphere	40	1.6605231761932373	1.6605231761932373	28.52585220336914	0.0013843639753758907	1.43374502658844	0.028081590309739113	0
20	127	centered_logit	random_sphere	40	2.9850707054138184	2.9850707054138184	27.04751968383789	0.00512840086594224	1.393765926361084	0.03090694732964039	1
20	191	centered_logit	random_sphere	40	9.550939559936523	9.550939559936523	28.567419052124023	0.0001528822467662394	1.4215366840362549	0.029704468324780464	0
20	255	centered_logit	random_sphere	40	3.866820812225342	3.866820812225342	28.688323974609375	0.002820410765707493	1.3997424840927124	0.03293042629957199	0
20	63	inverse_hidden	proposal	40	0.0009104514610953629	1.563429355621338	0.0009104514610953629	0.9895300269126892	0.02438964694738388	0.028081590309739113	1
20	127	inverse_hidden	proposal	40	0.0012446832843124866	1.785315752029419	0.0012446832843124866	0.5641909241676331	0.027591818943619728	0.03090694732964039	1
20	191	inverse_hidden	proposal	40	0.0008135170792229474	2.267672061920166	0.0008135170792229474	0.9992434978485107	0.02681851014494896	0.029704468324780464	1
20	255	inverse_hidden	proposal	40	0.0010913328733295202	2.6209869384765625	0.0010913328733295202	0.9977721571922302	0.03085809014737606	0.03293042629957199	1
20	63	inverse_hidden	canonical_perturbation	40	0.004768349230289459	1.0950806140899658	0.004768349230289459	0.4849049746990204	0.02047027088701725	0.028081590309739113	1
20	127	inverse_hidden	canonical_perturbation	40	0.008975965902209282	5.71066951751709	0.008975965902209282	0.06400144845247269	0.02687814086675644	0.03090694732964039	1
20	191	inverse_hidden	canonical_perturbation	40	0.006136207841336727	5.429269790649414	0.006136207841336727	0.6792266964912415	0.024610858410596848	0.029704468324780464	1
20	255	inverse_hidden	canonical_perturbation	40	0.008698567748069763	4.259950637817383	0.008698567748069763	0.8615121245384216	0.027940021827816963	0.03293042629957199	1
20	63	inverse_hidden	random_sphere	40	28.510438919067383	2.5685696601867676	28.510438919067383	0.00020866788690909743	1.4367872476577759	0.028081590309739113	0
20	127	inverse_hidden	random_sphere	40	26.98253631591797	5.271910667419434	26.98253631591797	0.0005432377802208066	1.394087791442871	0.03090694732964039	0
20	191	inverse_hidden	random_sphere	40	28.498605728149414	14.586734771728516	28.498605728149414	5.089589194540167e-06	1.4271278381347656	0.029704468324780464	0
20	255	inverse_hidden	random_sphere	40	28.5719051361084	6.570965766906738	28.5719051361084	0.00028343076701276004	1.3966068029403687	0.03293042629957199	0
21	63	centered_logit	proposal	40	0.3860994875431061	0.3860994875431061	0.1254042237997055	0.9926313161849976	0.04719942435622215	0.034790441393852234	1
21	127	centered_logit	proposal	40	0.6294950246810913	0.6294950246810913	0.20596501231193542	0.41174986958503723	0.041268572211265564	0.02944532409310341	1
21	191	centered_logit	proposal	40	0.3818454146385193	0.3818454146385193	0.13859066367149353	0.9726914763450623	0.04975128918886185	0.03580678626894951	1
21	255	centered_logit	proposal	40	0.6966705322265625	0.6966705322265625	0.24786919355392456	0.13194076716899872	0.032324451953172684	0.01932242326438427	1
21	63	centered_logit	canonical_perturbation	40	0.49808716773986816	0.49808716773986816	0.24592578411102295	0.9413156509399414	0.0558052696287632	0.034790441393852234	1
21	127	centered_logit	canonical_perturbation	40	0.3139462471008301	0.3139462471008301	0.14232443273067474	0.9950376152992249	0.048040393739938736	0.02944532409310341	1
21	191	centered_logit	canonical_perturbation	40	0.42611420154571533	0.42611420154571533	0.2413615882396698	0.9705619812011719	0.05765677988529205	0.03580678626894951	1
21	255	centered_logit	canonical_perturbation	40	0.153403639793396	0.153403639793396	0.0742202177643776	0.9999161958694458	0.0381455197930336	0.01932242326438427	1
21	63	centered_logit	random_sphere	40	5.051636695861816	5.051636695861816	31.744361877441406	0.006696903146803379	1.428696632385254	0.034790441393852234	1
21	127	centered_logit	random_sphere	40	1.9857486486434937	1.9857486486434937	26.724660873413086	0.0019464228535071015	1.4108781814575195	0.02944532409310341	0
21	191	centered_logit	random_sphere	40	6.6051859855651855	6.6051859855651855	26.75290298461914	0.0005760889616794884	1.4317708015441895	0.03580678626894951	0
21	255	centered_logit	random_sphere	40	1.8681302070617676	1.8681302070617676	27.967758178710938	0.0014429657021537423	1.3862504959106445	0.01932242326438427	0
21	63	inverse_hidden	proposal	40	0.0010667673777788877	1.9746196269989014	0.0010667673777788877	0.994783341884613	0.03299223631620407	0.034790441393852234	1
21	127	inverse_hidden	proposal	40	0.0009553725831210613	1.8314557075500488	0.0009553725831210613	0.9121767282485962	0.026784813031554222	0.02944532409310341	1
21	191	inverse_hidden	proposal	40	0.001132915378548205	2.90937876701355	0.001132915378548205	0.9850008487701416	0.03341147303581238	0.03580678626894951	1
21	255	inverse_hidden	proposal	40	0.0009558264864608645	0.9522597789764404	0.0009558264864608645	0.9612147808074951	0.01605822704732418	0.01932242326438427	1
21	63	inverse_hidden	canonical_perturbation	40	0.017832055687904358	7.129717826843262	0.017832055687904358	0.01965220272541046	0.032325223088264465	0.034790441393852234	1
21	127	inverse_hidden	canonical_perturbation	40	0.00774230295792222	2.85433292388916	0.00774230295792222	0.03561388701200485	0.025624463334679604	0.02944532409310341	1
21	191	inverse_hidden	canonical_perturbation	40	0.01372981071472168	7.5193681716918945	0.01372981071472168	0.036757323890924454	0.033483799546957016	0.03580678626894951	1
21	255	inverse_hidden	canonical_perturbation	40	0.003637193702161312	2.2994771003723145	0.003637193702161312	0.4615578055381775	0.018480665981769562	0.01932242326438427	1
21	63	inverse_hidden	random_sphere	40	31.617990493774414	8.466330528259277	31.617990493774414	0.0004385978390928358	1.4263044595718384	0.034790441393852234	0
21	127	inverse_hidden	random_sphere	40	26.541309356689453	3.150542736053467	26.541309356689453	0.00027564167976379395	1.4168130159378052	0.02944532409310341	0
21	191	inverse_hidden	random_sphere	40	26.618818283081055	10.804596900939941	26.618818283081055	2.9887189157307148e-05	1.427772879600525	0.03580678626894951	0
21	255	inverse_hidden	random_sphere	40	27.8200740814209	2.9307823181152344	27.8200740814209	0.00024871694040484726	1.3820257186889648	0.01932242326438427	0
22	63	centered_logit	proposal	0	3.4580860137939453	3.4580860137939453	0.038699921220541	0.3780113160610199	0.0293840654194355	0.0293840654194355	1
22	127	centered_logit	proposal	0	4.031780242919922	4.031780242919922	0.0406651496887207	0.30188408493995667	0.023234516382217407	0.023234516382217407	1
22	191	centered_logit	proposal	0	4.468008995056152	4.468008995056152	0.03333799168467522	0.026179440319538116	0.026880711317062378	0.026880711317062378	1
22	255	centered_logit	proposal	0	3.1818292140960693	3.1818292140960693	0.046230241656303406	0.3219079077243805	0.02364552952349186	0.02364552952349186	1
22	63	centered_logit	canonical_perturbation	0	7.464022636413574	7.464022636413574	0.1898840367794037	0.001083172159269452	0.02938406728208065	0.0293840654194355	0
22	127	centered_logit	canonical_perturbation	0	6.8075971603393555	6.8075971603393555	0.07481428980827332	0.004792787600308657	0.023234516382217407	0.023234516382217407	0
22	191	centered_logit	canonical_perturbation	0	2.5443880558013916	2.5443880558013916	0.12640313804149628	0.010659138672053814	0.02688070759177208	0.026880711317062378	1
22	255	centered_logit	canonical_perturbation	0	2.682858467102051	2.682858467102051	0.18023166060447693	0.0039343442767858505	0.02364552766084671	0.02364552952349186	1
22	63	centered_logit	random_sphere	0	9.221817016601562	9.221817016601562	31.52975082397461	7.846703374525532e-05	1.4122192859649658	0.0293840654194355	0
22	127	centered_logit	random_sphere	0	9.097698211669922	9.097698211669922	28.883121490478516	6.378223042702302e-05	1.3515241146087646	0.023234516382217407	0
22	191	centered_logit	random_sphere	0	2.0044643878936768	2.0044643878936768	29.356704711914062	0.00026333751156926155	1.4112056493759155	0.026880711317062378	0
22	255	centered_logit	random_sphere	0	2.2541282176971436	2.2541282176971436	28.52568817138672	5.3976466006133705e-05	1.3901580572128296	0.02364552952349186	0
22	63	inverse_hidden	proposal	0	0.038699921220541	3.4580860137939453	0.038699921220541	0.3780113160610199	0.0293840654194355	0.0293840654194355	1
22	127	inverse_hidden	proposal	0	0.0406651496887207	4.031780242919922	0.0406651496887207	0.30188408493995667	0.023234516382217407	0.023234516382217407	1
22	191	inverse_hidden	proposal	0	0.03333799168467522	4.468008995056152	0.03333799168467522	0.026179440319538116	0.026880711317062378	0.026880711317062378	1
22	255	inverse_hidden	proposal	0	0.046230241656303406	3.1818292140960693	0.046230241656303406	0.3219079077243805	0.02364552952349186	0.02364552952349186	1
22	63	inverse_hidden	canonical_perturbation	0	0.1898840367794037	7.464022636413574	0.1898840367794037	0.001083172159269452	0.02938406728208065	0.0293840654194355	0
22	127	inverse_hidden	canonical_perturbation	0	0.07481428980827332	6.8075971603393555	0.07481428980827332	0.004792787600308657	0.023234516382217407	0.023234516382217407	0
22	191	inverse_hidden	canonical_perturbation	0	0.12640313804149628	2.5443880558013916	0.12640313804149628	0.010659138672053814	0.02688070759177208	0.026880711317062378	1
22	255	inverse_hidden	canonical_perturbation	0	0.18023166060447693	2.682858467102051	0.18023166060447693	0.0039343442767858505	0.02364552766084671	0.02364552952349186	1
22	63	inverse_hidden	random_sphere	0	31.52975082397461	9.221817016601562	31.52975082397461	7.846703374525532e-05	1.4122192859649658	0.0293840654194355	0
22	127	inverse_hidden	random_sphere	0	28.883121490478516	9.097698211669922	28.883121490478516	6.378223042702302e-05	1.3515241146087646	0.023234516382217407	0
22	191	inverse_hidden	random_sphere	0	29.356704711914062	2.0044643878936768	29.356704711914062	0.00026333751156926155	1.4112056493759155	0.026880711317062378	0
22	255	inverse_hidden	random_sphere	0	28.52568817138672	2.2541282176971436	28.52568817138672	5.3976466006133705e-05	1.3901580572128296	0.02364552952349186	0
23	63	centered_logit	proposal	0	9.024822235107422	9.024822235107422	0.040183622390031815	0.01943933218717575	0.03003140166401863	0.03003140166401863	1
23	127	centered_logit	proposal	0	4.426059722900391	4.426059722900391	0.05079824477434158	0.0787644237279892	0.023848192766308784	0.023848192766308784	1
23	191	centered_logit	proposal	0	2.1044788360595703	2.1044788360595703	0.0482766218483448	0.10642539709806442	0.025649862363934517	0.025649862363934517	1
23	255	centered_logit	proposal	0	2.9035568237304688	2.9035568237304688	0.052526481449604034	0.18728895485401154	0.0360097698867321	0.0360097698867321	1
23	63	centered_logit	canonical_perturbation	0	5.852797508239746	5.852797508239746	0.147234246134758	0.011471588164567947	0.030031396076083183	0.03003140166401863	1
23	127	centered_logit	canonical_perturbation	0	5.146636962890625	5.146636962890625	0.08594990521669388	0.007085026707500219	0.023848190903663635	0.023848192766308784	0
23	191	centered_logit	canonical_perturbation	0	2.7369840145111084	2.7369840145111084	0.18407262861728668	0.003936378750950098	0.025649862363934517	0.025649862363934517	0
23	255	centered_logit	canonical_perturbation	0	4.2389912605285645	4.2389912605285645	0.10711676627397537	0.010172598995268345	0.0360097698867321	0.0360097698867321	0
23	63	centered_logit	random_sphere	0	4.290087699890137	4.290087699890137	28.12560272216797	2.0667555872933008e-05	1.4453686475753784	0.03003140166401863	0
23	127	centered_logit	random_sphere	0	8.735029220581055	8.735029220581055	28.141054153442383	0.00019313523080199957	1.400537133216858	0.023848192766308784	0
23	191	centered_logit	random_sphere	0	4.423894882202148	4.423894882202148	29.57108497619629	0.0001561029494041577	1.4095923900604248	0.025649862363934517	0
23	255	centered_logit	random_sphere	0	7.730703353881836	7.730703353881836	29.70943832397461	9.250438597518951e-05	1.4673349857330322	0.0360097698867321	0
23	63	inverse_hidden	proposal	0	0.040183622390031815	9.024822235107422	0.040183622390031815	0.01943933218717575	0.03003140166401863	0.03003140166401863	1
23	127	inverse_hidden	proposal	0	0.05079824477434158	4.426059722900391	0.05079824477434158	0.0787644237279892	0.023848192766308784	0.023848192766308784	1
23	191	inverse_hidden	proposal	0	0.0482766218483448	2.1044788360595703	0.0482766218483448	0.10642539709806442	0.025649862363934517	0.025649862363934517	1
23	255	inverse_hidden	proposal	0	0.052526481449604034	2.9035568237304688	0.052526481449604034	0.18728895485401154	0.0360097698867321	0.0360097698867321	1
23	63	inverse_hidden	canonical_perturbation	0	0.147234246134758	5.852797508239746	0.147234246134758	0.011471588164567947	0.030031396076083183	0.03003140166401863	1
23	127	inverse_hidden	canonical_perturbation	0	0.08594990521669388	5.146636962890625	0.08594990521669388	0.007085026707500219	0.023848190903663635	0.023848192766308784	0
23	191	inverse_hidden	canonical_perturbation	0	0.18407262861728668	2.7369840145111084	0.18407262861728668	0.003936378750950098	0.025649862363934517	0.025649862363934517	0
23	255	inverse_hidden	canonical_perturbation	0	0.10711676627397537	4.2389912605285645	0.10711676627397537	0.010172598995268345	0.0360097698867321	0.0360097698867321	0
23	63	inverse_hidden	random_sphere	0	28.12560272216797	4.290087699890137	28.12560272216797	2.0667555872933008e-05	1.4453686475753784	0.03003140166401863	0
23	127	inverse_hidden	random_sphere	0	28.141054153442383	8.735029220581055	28.141054153442383	0.00019313523080199957	1.400537133216858	0.023848192766308784	0
23	191	inverse_hidden	random_sphere	0	29.57108497619629	4.423894882202148	29.57108497619629	0.0001561029494041577	1.4095923900604248	0.025649862363934517	0
23	255	inverse_hidden	random_sphere	0	29.70943832397461	7.730703353881836	29.70943832397461	9.250438597518951e-05	1.4673349857330322	0.0360097698867321	0
22	63	centered_logit	proposal	1	1.95932936668396	1.95932936668396	0.039724644273519516	0.5913673043251038	0.029985692352056503	0.0293840654194355	1
22	127	centered_logit	proposal	1	2.561093807220459	2.561093807220459	0.0435279980301857	0.5198730826377869	0.02401203289628029	0.023234516382217407	1
22	191	centered_logit	proposal	1	2.031531810760498	2.031531810760498	0.029691509902477264	0.00637319078668952	0.026683742180466652	0.026880711317062378	0
22	255	centered_logit	proposal	1	1.3800146579742432	1.3800146579742432	0.0399288646876812	0.003998820204287767	0.023631621152162552	0.02364552952349186	0
22	63	centered_logit	canonical_perturbation	1	6.014598846435547	6.014598846435547	0.21644940972328186	0.003401310881599784	0.029697097837924957	0.0293840654194355	0
22	127	centered_logit	canonical_perturbation	1	5.076992511749268	5.076992511749268	0.12019743770360947	0.02178254909813404	0.02342371642589569	0.023234516382217407	1
22	191	centered_logit	canonical_perturbation	1	1.9414951801300049	1.9414951801300049	0.14665775001049042	0.011745034717023373	0.026984279975295067	0.026880711317062378	1
22	255	centered_logit	canonical_perturbation	1	2.189586639404297	2.189586639404297	0.2441808581352234	0.003304919693619013	0.023879319429397583	0.02364552952349186	1
22	63	centered_logit	random_sphere	1	9.122632026672363	9.122632026672363	31.527359008789062	8.394371252506971e-05	1.4121414422988892	0.0293840654194355	0
22	127	centered_logit	random_sphere	1	8.98808479309082	8.98808479309082	28.88536262512207	6.850953650427982e-05	1.3514397144317627	0.023234516382217407	0
22	191	centered_logit	random_sphere	1	1.9854954481124878	1.9854954481124878	29.356746673583984	0.0002785983378998935	1.411118745803833	0.026880711317062378	0
22	255	centered_logit	random_sphere	1	2.2336912155151367	2.2336912155151367	28.522802352905273	5.670589962392114e-05	1.3901093006134033	0.02364552952349186	0
22	63	inverse_hidden	proposal	1	0.026971226558089256	5.580493450164795	0.026971226558089256	0.005090463440865278	0.029047390446066856	0.0293840654194355	0
22	127	inverse_hidden	proposal	1	0.028660818934440613	5.6475934982299805	0.028660818934440613	0.0017975231166929007	0.02268126793205738	0.023234516382217407	0
22	191	inverse_hidden	proposal	1	0.019443219527602196	3.560220241546631	0.019443219527602196	0.0008574872626923025	0.02643251232802868	0.026880711317062378	0
22	255	inverse_hidden	proposal	1	0.024544907733798027	1.8335474729537964	0.024544907733798027	0.0012920458102598786	0.023036083206534386	0.02364552952349186	0
22	63	inverse_hidden	canonical_perturbation	1	0.08725838363170624	7.538135528564453	0.08725838363170624	0.0016560691874474287	0.028737187385559082	0.0293840654194355	0
22	127	inverse_hidden	canonical_perturbation	1	0.04307909682393074	9.663711547851562	0.04307909682393074	0.0002804140676744282	0.022739384323358536	0.023234516382217407	0
22	191	inverse_hidden	canonical_perturbation	1	0.056439466774463654	2.5835673809051514	0.056439466774463654	0.04658466950058937	0.02607761137187481	0.026880711317062378	1
22	255	inverse_hidden	canonical_perturbation	1	0.07217074930667877	2.8646864891052246	0.07217074930667877	0.01589052937924862	0.02304217405617237	0.02364552952349186	1
22	63	inverse_hidden	random_sphere	1	31.5262508392334	9.22192096710205	31.5262508392334	7.846846710890532e-05	1.4120440483093262	0.0293840654194355	0
22	127	inverse_hidden	random_sphere	1	28.877140045166016	9.101935386657715	28.877140045166016	6.347033195197582e-05	1.351444959640503	0.023234516382217407	0
22	191	inverse_hidden	random_sphere	1	29.35514259338379	2.004690170288086	29.35514259338379	0.000262370245764032	1.4110666513442993	0.026880711317062378	0
22	255	inverse_hidden	random_sphere	1	28.52285385131836	2.25327467918396	28.52285385131836	5.3988926083547994e-05	1.3902060985565186	0.02364552952349186	0
23	63	centered_logit	proposal	1	4.7464799880981445	4.7464799880981445	0.03867274522781372	0.0013331834925338626	0.03002000041306019	0.03003140166401863	0
23	127	centered_logit	proposal	1	2.905679225921631	2.905679225921631	0.054879240691661835	0.2658379077911377	0.024604864418506622	0.023848192766308784	1
23	191	centered_logit	proposal	1	1.4923686981201172	1.4923686981201172	0.04291451349854469	0.1628173440694809	0.02585497312247753	0.025649862363934517	1
23	255	centered_logit	proposal	1	1.8111817836761475	1.8111817836761475	0.062017202377319336	0.5339613556861877	0.036405373364686966	0.0360097698867321	1
23	63	centered_logit	canonical_perturbation	1	4.447549819946289	4.447549819946289	0.1527780294418335	0.010843413881957531	0.030183352530002594	0.03003140166401863	1
23	127	centered_logit	canonical_perturbation	1	3.1790771484375	3.1790771484375	0.06520883738994598	0.07009387761354446	0.023932797834277153	0.023848192766308784	1
23	191	centered_logit	canonical_perturbation	1	1.8795132637023926	1.8795132637023926	0.15620774030685425	0.019558072090148926	0.025607425719499588	0.025649862363934517	1
23	255	centered_logit	canonical_perturbation	1	3.105971336364746	3.105971336364746	0.12704364955425262	0.03377949818968773	0.03629152104258537	0.0360097698867321	1
23	63	centered_logit	random_sphere	1	4.234189987182617	4.234189987182617	28.122323989868164	2.0756260710186325e-05	1.445447325706482	0.03003140166401863	0
23	127	centered_logit	random_sphere	1	8.629829406738281	8.629829406738281	28.146045684814453	0.00020733797282446176	1.4004641771316528	0.023848192766308784	0
23	191	centered_logit	random_sphere	1	4.3593645095825195	4.3593645095825195	29.568561553955078	0.0001656897075008601	1.409485936164856	0.025649862363934517	0
23	255	centered_logit	random_sphere	1	7.635213375091553	7.635213375091553	29.70705795288086	9.92357381619513e-05	1.4672340154647827	0.0360097698867321	0
23	63	inverse_hidden	proposal	1	0.022602591663599014	6.7720794677734375	0.022602591663599014	0.0003767619200516492	0.029643727466464043	0.03003140166401863	0
23	127	inverse_hidden	proposal	1	0.025737585499882698	4.571842193603516	0.025737585499882698	0.03744109719991684	0.023526571691036224	0.023848192766308784	0
23	191	inverse_hidden	proposal	1	0.03607161343097687	2.24806809425354	0.03607161343097687	0.001957288011908531	0.025256209075450897	0.025649862363934517	0
23	255	inverse_hidden	proposal	1	0.02233799546957016	3.8870186805725098	0.02233799546957016	0.007964054122567177	0.03575510159134865	0.0360097698867321	0
23	63	inverse_hidden	canonical_perturbation	1	0.06580914556980133	5.72044563293457	0.06580914556980133	0.040312960743904114	0.029306553304195404	0.03003140166401863	1
23	127	inverse_hidden	canonical_perturbation	1	0.0367574542760849	5.640702247619629	0.0367574542760849	0.005500169936567545	0.02315257303416729	0.023848192766308784	1
23	191	inverse_hidden	canonical_perturbation	1	0.07664249837398529	2.5579309463500977	0.07664249837398529	0.011053618974983692	0.025053583085536957	0.025649862363934517	1
23	255	inverse_hidden	canonical_perturbation	1	0.07519088685512543	4.4805684089660645	0.07519088685512543	0.004987974185496569	0.03499353304505348	0.0360097698867321	0
23	63	inverse_hidden	random_sphere	1	28.123249053955078	4.2922139167785645	28.123249053955078	2.071436756523326e-05	1.445461392402649	0.03003140166401863	0
23	127	inverse_hidden	random_sphere	1	28.134876251220703	8.736583709716797	28.134876251220703	0.00019298354163765907	1.4006620645523071	0.023848192766308784	0
23	191	inverse_hidden	random_sphere	1	29.569311141967773	4.423859596252441	29.569311141967773	0.00015610134869348258	1.409524917602539	0.025649862363934517	0
23	255	inverse_hidden	random_sphere	1	29.70470428466797	7.731166839599609	29.70470428466797	9.268909343518317e-05	1.4671294689178467	0.0360097698867321	0
22	63	centered_logit	proposal	2	1.228975772857666	1.228975772857666	0.04003247618675232	0.685075581073761	0.03083629347383976	0.0293840654194355	1
22	127	centered_logit	proposal	2	1.736098289489746	1.736098289489746	0.04989686980843544	0.64837646484375	0.0250446405261755	0.023234516382217407	1
22	191	centered_logit	proposal	2	1.6737172603607178	1.6737172603607178	0.06621502339839935	0.0005992089281789958	0.026600249111652374	0.026880711317062378	0
22	255	centered_logit	proposal	2	1.3699074983596802	1.3699074983596802	0.07100071012973785	0.0013717875117436051	0.02396353892982006	0.02364552952349186	0
22	63	centered_logit	canonical_perturbation	2	4.7585954666137695	4.7585954666137695	0.20264455676078796	0.011504730209708214	0.030134418979287148	0.0293840654194355	1
22	127	centered_logit	canonical_perturbation	2	3.923516273498535	3.923516273498535	0.12581174075603485	0.0654100775718689	0.023707959800958633	0.023234516382217407	1
22	191	centered_logit	canonical_perturbation	2	1.515096664428711	1.515096664428711	0.13076744973659515	0.020958013832569122	0.02721508964896202	0.026880711317062378	1
22	255	centered_logit	canonical_perturbation	2	1.863074779510498	1.863074779510498	0.26387518644332886	0.0041596717201173306	0.024351900443434715	0.02364552952349186	1
22	63	centered_logit	random_sphere	2	9.024147987365723	9.024147987365723	31.52507781982422	8.976589742815122e-05	1.4120638370513916	0.0293840654194355	0
22	127	centered_logit	random_sphere	2	8.879314422607422	8.879314422607422	28.88772964477539	7.355189154623076e-05	1.3513561487197876	0.023234516382217407	0
22	191	centered_logit	random_sphere	2	1.9668620824813843	1.9668620824813843	29.3568172454834	0.0002946077147498727	1.4110311269760132	0.026880711317062378	0
22	255	centered_logit	random_sphere	2	2.2134857177734375	2.2134857177734375	28.519973754882812	5.9566991694737226e-05	1.3900614976882935	0.02364552952349186	0
22	63	inverse_hidden	proposal	2	0.012225370854139328	3.8394711017608643	0.012225370854139328	0.12394310534000397	0.028696684166789055	0.0293840654194355	1
22	127	inverse_hidden	proposal	2	0.013082420453429222	4.005237102508545	0.013082420453429222	0.06690926849842072	0.022289739921689034	0.023234516382217407	1
22	191	inverse_hidden	proposal	2	0.013760888949036598	3.787553310394287	0.013760888949036598	0.005437895189970732	0.02596583589911461	0.026880711317062378	0
22	255	inverse_hidden	proposal	2	0.007428743410855532	2.013096570968628	0.007428743410855532	0.016009846702218056	0.022650184109807014	0.02364552952349186	0
22	63	inverse_hidden	canonical_perturbation	2	0.05489102005958557	8.91613483428955	0.05489102005958557	0.00021869907504878938	0.028238464146852493	0.0293840654194355	0
22	127	inverse_hidden	canonical_perturbation	2	0.04858597740530968	10.363204956054688	0.04858597740530968	0.00022726583119947463	0.0222847368568182	0.023234516382217407	0
22	191	inverse_hidden	canonical_perturbation	2	0.0414905808866024	2.4639732837677	0.0414905808866024	0.014185719192028046	0.025499725714325905	0.026880711317062378	1
22	255	inverse_hidden	canonical_perturbation	2	0.03728848695755005	2.7628092765808105	0.03728848695755005	0.006659507751464844	0.022680185735225677	0.02364552952349186	0
22	63	inverse_hidden	random_sphere	2	31.522737503051758	9.221813201904297	31.522737503051758	7.848599489079788e-05	1.4118682146072388	0.0293840654194355	0
22	127	inverse_hidden	random_sphere	2	28.871078491210938	9.10590934753418	28.871078491210938	6.318736268440261e-05	1.3513667583465576	0.023234516382217407	0
22	191	inverse_hidden	random_sphere	2	29.353654861450195	2.004877805709839	29.353654861450195	0.0002614585973788053	1.4109224081039429	0.026880711317062378	0
22	255	inverse_hidden	random_sphere	2	28.520021438598633	2.2523765563964844	28.520021438598633	5.4010251915315166e-05	1.390257477760315	0.02364552952349186	0
23	63	centered_logit	proposal	2	3.022296190261841	3.022296190261841	0.07801806926727295	0.0003906767233274877	0.03023693524301052	0.03003140166401863	0
23	127	centered_logit	proposal	2	2.0695981979370117	2.0695981979370117	0.059077560901641846	0.35868552327156067	0.02557225339114666	0.023848192766308784	1
23	191	centered_logit	proposal	2	1.2197837829589844	1.2197837829589844	0.04538349807262421	0.2668222486972809	0.02628306671977043	0.025649862363934517	1
23	255	centered_logit	proposal	2	1.376901388168335	1.376901388168335	0.07228595018386841	0.5943645238876343	0.037020549178123474	0.0360097698867321	1
23	63	centered_logit	canonical_perturbation	2	3.0940709114074707	3.0940709114074707	0.12344201654195786	0.014508216641843319	0.03053276427090168	0.03003140166401863	1
23	127	centered_logit	canonical_perturbation	2	2.088388442993164	2.088388442993164	0.05548763647675514	0.2783694863319397	0.024379223585128784	0.023848192766308784	1
23	191	centered_logit	canonical_perturbation	2	1.2525451183319092	1.2525451183319092	0.12017901986837387	0.12407296895980835	0.02577236108481884	0.025649862363934517	1
23	255	centered_logit	canonical_perturbation	2	2.285971164703369	2.285971164703369	0.12647056579589844	0.08389341086149216	0.03656153380870819	0.0360097698867321	1
23	63	centered_logit	random_sphere	2	4.179060935974121	4.179060935974121	28.1191463470459	2.083636718452908e-05	1.4455251693725586	0.03003140166401863	0
23	127	centered_logit	random_sphere	2	8.525468826293945	8.525468826293945	28.1511287689209	0.00022256132797338068	1.4003914594650269	0.023848192766308784	0
23	191	centered_logit	random_sphere	2	4.295598983764648	4.295598983764648	29.566137313842773	0.00017578051483724266	1.4093793630599976	0.025649862363934517	0
23	255	centered_logit	random_sphere	2	7.540462970733643	7.540462970733643	29.7047176361084	0.00010645115253282711	1.4671211242675781	0.0360097698867321	0
23	63	inverse_hidden	proposal	2	0.010017416439950466	7.453934192657471	0.010017416439950466	0.0031728693284094334	0.02940751612186432	0.03003140166401863	0
23	127	inverse_hidden	proposal	2	0.014189571142196655	6.482772350311279	0.014189571142196655	0.0025854569394141436	0.023460231721401215	0.023848192766308784	0
23	191	inverse_hidden	proposal	2	0.013919888064265251	1.7494531869888306	0.013919888064265251	0.020889051258563995	0.02492256835103035	0.025649862363934517	0
23	255	inverse_hidden	proposal	2	0.01727711595594883	5.6025261878967285	0.01727711595594883	0.0015653179725632071	0.03560282662510872	0.0360097698867321	0
23	63	inverse_hidden	canonical_perturbation	2	0.04939071461558342	4.676060199737549	0.04939071461558342	0.01744583062827587	0.028783509507775307	0.03003140166401863	1
23	127	inverse_hidden	canonical_perturbation	2	0.046384964138269424	7.325377464294434	0.046384964138269424	0.0018294891342520714	0.022608540952205658	0.023848192766308784	0
23	191	inverse_hidden	canonical_perturbation	2	0.046356089413166046	2.9154558181762695	0.046356089413166046	0.006498405244201422	0.024699704721570015	0.025649862363934517	1
23	255	inverse_hidden	canonical_perturbation	2	0.07611554116010666	5.08917760848999	0.07611554116010666	0.002952235983684659	0.03406514972448349	0.0360097698867321	0
23	63	inverse_hidden	random_sphere	2	28.12103271484375	4.29442834854126	28.12103271484375	2.076549208140932e-05	1.445555329322815	0.03003140166401863	0
23	127	inverse_hidden	random_sphere	2	28.128816604614258	8.738384246826172	28.128816604614258	0.00019280494598206133	1.4007868766784668	0.023848192766308784	0
23	191	inverse_hidden	random_sphere	2	29.56760025024414	4.423940181732178	29.56760025024414	0.00015611793787684292	1.409458875656128	0.025649862363934517	0
23	255	inverse_hidden	random_sphere	2	29.699996948242188	7.731862545013428	29.699996948242188	9.28522931644693e-05	1.4669264554977417	0.0360097698867321	0
22	63	centered_logit	proposal	4	0.7644269466400146	0.7644269466400146	0.04249265417456627	0.7664870023727417	0.03275953233242035	0.0293840654194355	1
22	127	centered_logit	proposal	4	0.9829208254814148	0.9829208254814148	0.05122680589556694	0.7387763857841492	0.027360830456018448	0.023234516382217407	1
22	191	centered_logit	proposal	4	1.5883086919784546	1.5883086919784546	0.13353633880615234	0.0007591860485263169	0.027132917195558548	0.026880711317062378	0
22	255	centered_logit	proposal	4	1.071652889251709	1.071652889251709	0.08674199134111404	0.01155962236225605	0.02511047199368477	0.02364552952349186	1
22	63	centered_logit	canonical_perturbation	4	2.462277412414551	2.462277412414551	0.1396661251783371	0.14558641612529755	0.03149411454796791	0.0293840654194355	1
22	127	centered_logit	canonical_perturbation	4	2.132070541381836	2.132070541381836	0.09893537312746048	0.4038037061691284	0.02483263984322548	0.023234516382217407	1
22	191	centered_logit	canonical_perturbation	4	1.1089404821395874	1.1089404821395874	0.08290990442037582	0.08517517894506454	0.028095969930291176	0.026880711317062378	1
22	255	centered_logit	canonical_perturbation	4	1.3498334884643555	1.3498334884643555	0.21345371007919312	0.01369407307356596	0.025853723287582397	0.02364552952349186	1
22	63	centered_logit	random_sphere	4	8.829340934753418	8.829340934753418	31.520801544189453	0.00010255928646074608	1.4119089841842651	0.0293840654194355	0
22	127	centered_logit	random_sphere	4	8.664371490478516	8.664371490478516	28.8928165435791	8.466024155495688e-05	1.3511921167373657	0.023234516382217407	0
22	191	centered_logit	random_sphere	4	1.9306073188781738	1.9306073188781738	29.35704803466797	0.0003289727319497615	1.410860300064087	0.026880711317062378	0
22	255	centered_logit	random_sphere	4	2.1737799644470215	2.1737799644470215	28.514497756958008	6.572117126779631e-05	1.389969825744629	0.02364552952349186	0
22	63	inverse_hidden	proposal	4	0.006904966197907925	7.071318626403809	0.006904966197907925	0.0020991682540625334	0.02834402583539486	0.0293840654194355	0
22	127	inverse_hidden	proposal	4	0.0073860157281160355	8.25642204284668	0.0073860157281160355	0.00015163235366344452	0.0218263640999794	0.023234516382217407	0
22	191	inverse_hidden	proposal	4	0.009237157180905342	4.291974067687988	0.009237157180905342	0.00010750683577498421	0.025249551981687546	0.026880711317062378	0
22	255	inverse_hidden	proposal	4	0.008177164010703564	2.899913787841797	0.008177164010703564	0.0004168470622971654	0.022303763777017593	0.02364552952349186	0
22	63	inverse_hidden	canonical_perturbation	4	0.07448221743106842	9.743096351623535	0.07448221743106842	0.0001529527798993513	0.0275092925876379	0.0293840654194355	0
22	127	inverse_hidden	canonical_perturbation	4	0.027573397383093834	11.027536392211914	0.027573397383093834	0.0001471239811507985	0.02168801985681057	0.023234516382217407	0
22	191	inverse_hidden	canonical_perturbation	4	0.05814729258418083	2.1093082427978516	0.05814729258418083	0.006182584445923567	0.024520620703697205	0.026880711317062378	1
22	255	inverse_hidden	canonical_perturbation	4	0.06485322117805481	1.914945125579834	0.06485322117805481	0.0011300758924335241	0.022191381081938744	0.02364552952349186	0
22	63	inverse_hidden	random_sphere	4	31.515743255615234	9.221542358398438	31.515743255615234	7.852151611587033e-05	1.4115101099014282	0.0293840654194355	0
22	127	inverse_hidden	random_sphere	4	28.859079360961914	9.113876342773438	28.859079360961914	6.260785448830575e-05	1.3512084484100342	0.023234516382217407	0
22	191	inverse_hidden	random_sphere	4	29.350711822509766	2.005199670791626	29.350711822509766	0.00025975159951485693	1.4106364250183105	0.026880711317062378	0
22	255	inverse_hidden	random_sphere	4	28.514366149902344	2.250511646270752	28.514366149902344	5.4062478739069775e-05	1.3903555870056152	0.02364552952349186	0
23	63	centered_logit	proposal	4	1.8332957029342651	1.8332957029342651	0.1159944087266922	0.00014301968622021377	0.03125719726085663	0.03003140166401863	0
23	127	centered_logit	proposal	4	1.3688582181930542	1.3688582181930542	0.07905011624097824	0.4138031005859375	0.02775862067937851	0.023848192766308784	1
23	191	centered_logit	proposal	4	0.8987600207328796	0.8987600207328796	0.054531294852495193	0.6547051072120667	0.027426261454820633	0.025649862363934517	1
23	255	centered_logit	proposal	4	1.059211015701294	1.059211015701294	0.09331832826137543	0.6380670666694641	0.03846355155110359	0.0360097698867321	1
23	63	centered_logit	canonical_perturbation	4	1.4304678440093994	1.4304678440093994	0.06912022083997726	0.0004456306924112141	0.03173946961760521	0.03003140166401863	0
23	127	centered_logit	canonical_perturbation	4	1.2058231830596924	1.2058231830596924	0.07147206366062164	0.49950850009918213	0.026143047958612442	0.023848192766308784	1
23	191	centered_logit	canonical_perturbation	4	1.0920205116271973	1.0920205116271973	0.11137789487838745	0.5493128895759583	0.026919368654489517	0.025649862363934517	1
23	255	centered_logit	canonical_perturbation	4	1.4103554487228394	1.4103554487228394	0.12655077874660492	0.20221145451068878	0.03749918192625046	0.0360097698867321	1
23	63	centered_logit	random_sphere	4	4.071163177490234	4.071163177490234	28.11315155029297	2.097799369948916e-05	1.4456756114959717	0.03003140166401863	0
23	127	centered_logit	random_sphere	4	8.319317817687988	8.319317817687988	28.161579132080078	0.00025634371559135616	1.4002470970153809	0.023848192766308784	0
23	191	centered_logit	random_sphere	4	4.1704182624816895	4.1704182624816895	29.561601638793945	0.00019756008987315	1.4091663360595703	0.025649862363934517	0
23	255	centered_logit	random_sphere	4	7.3532257080078125	7.3532257080078125	29.700098037719727	0.0001224254519911483	1.4668859243392944	0.0360097698867321	0
23	63	inverse_hidden	proposal	4	0.0076618012972176075	4.294803619384766	0.0076618012972176075	1.3163391486159526e-05	0.02931812033057213	0.03003140166401863	0
23	127	inverse_hidden	proposal	4	0.014759090729057789	13.711709022521973	0.014759090729057789	5.481619155034423e-06	0.023572470992803574	0.023848192766308784	0
23	191	inverse_hidden	proposal	4	0.008733338676393032	2.984151840209961	0.008733338676393032	0.00120275910012424	0.024561209604144096	0.025649862363934517	0
23	255	inverse_hidden	proposal	4	0.01398033183068037	8.20298957824707	0.01398033183068037	8.121010614559054e-05	0.03550324961543083	0.0360097698867321	0
23	63	inverse_hidden	canonical_perturbation	4	0.06829833984375	3.7333626747131348	0.06829833984375	0.003011055290699005	0.027828063815832138	0.03003140166401863	0
23	127	inverse_hidden	canonical_perturbation	4	0.0372634157538414	7.5230889320373535	0.0372634157538414	0.0018838023534044623	0.021917447447776794	0.023848192766308784	0
23	191	inverse_hidden	canonical_perturbation	4	0.07091011852025986	4.122101783752441	0.07091011852025986	0.0013509935233741999	0.024194298312067986	0.025649862363934517	0
23	255	inverse_hidden	canonical_perturbation	4	0.050345759838819504	5.054801940917969	0.050345759838819504	0.0030900633428245783	0.032659485936164856	0.0360097698867321	0
23	63	inverse_hidden	random_sphere	4	28.116853713989258	4.299229145050049	28.116853713989258	2.0869067157036625e-05	1.4457451105117798	0.03003140166401863	0
23	127	inverse_hidden	random_sphere	4	28.117115020751953	8.742170333862305	28.117115020751953	0.0001924252137541771	1.4010318517684937	0.023848192766308784	0
23	191	inverse_hidden	random_sphere	4	29.564300537109375	4.424091339111328	29.564300537109375	0.00015616504242643714	1.4093284606933594	0.025649862363934517	0
23	255	inverse_hidden	random_sphere	4	29.690587997436523	7.733715534210205	29.690587997436523	9.314210910815746e-05	1.4665250778198242	0.0360097698867321	0
22	63	centered_logit	proposal	8	0.6669030785560608	0.6669030785560608	0.06761336326599121	0.812934935092926	0.035972945392131805	0.0293840654194355	1
22	127	centered_logit	proposal	8	0.802554726600647	0.802554726600647	0.0611080676317215	0.8313645720481873	0.031466469168663025	0.023234516382217407	1
22	191	centered_logit	proposal	8	1.0792815685272217	1.0792815685272217	0.16409140825271606	0.00897019263356924	0.029116421937942505	0.026880711317062378	1
22	255	centered_logit	proposal	8	0.831453800201416	0.831453800201416	0.09104038029909134	0.6002049446105957	0.0275783222168684	0.02364552952349186	1
22	63	centered_logit	canonical_perturbation	8	1.1468843221664429	1.1468843221664429	0.13778159022331238	0.4806560277938843	0.035556577146053314	0.0293840654194355	1
22	127	centered_logit	canonical_perturbation	8	1.0350701808929443	1.0350701808929443	0.09790534526109695	0.48805493116378784	0.028630662709474564	0.023234516382217407	1
22	191	centered_logit	canonical_perturbation	8	0.8210161924362183	0.8210161924362183	0.11328073590993881	0.45802125334739685	0.03016846440732479	0.026880711317062378	1
22	255	centered_logit	canonical_perturbation	8	0.935671865940094	0.935671865940094	0.12048552930355072	0.3797432482242584	0.029857255518436432	0.02364552952349186	1
22	63	centered_logit	random_sphere	8	8.448720932006836	8.448720932006836	31.513254165649414	0.0001334652624791488	1.411598563194275	0.0293840654194355	0
22	127	centered_logit	random_sphere	8	8.24532699584961	8.24532699584961	28.904312133789062	0.00011158491543028504	1.3508769273757935	0.023234516382217407	0
22	191	centered_logit	random_sphere	8	1.8620591163635254	1.8620591163635254	29.357606887817383	0.00040842362795956433	1.4105476140975952	0.026880711317062378	0
22	255	centered_logit	random_sphere	8	2.0972073078155518	2.0972073078155518	28.504253387451172	7.985627598827705e-05	1.389803171157837	0.02364552952349186	0
22	63	inverse_hidden	proposal	8	0.0066475095227360725	10.63270378112793	0.0066475095227360725	3.082408511545509e-05	0.02790255844593048	0.0293840654194355	0
22	127	inverse_hidden	proposal	8	0.0061824447475373745	6.385223865509033	0.0061824447475373745	0.008627409115433693	0.021638471633195877	0.023234516382217407	0
22	191	inverse_hidden	proposal	8	0.006716032512485981	3.0464823246002197	0.006716032512485981	0.0017148551996797323	0.02487536333501339	0.026880711317062378	0
22	255	inverse_hidden	proposal	8	0.007559031713753939	3.921443223953247	0.007559031713753939	9.163315553450957e-06	0.022235747426748276	0.02364552952349186	0
22	63	inverse_hidden	canonical_perturbation	8	0.03240877017378807	9.007055282592773	0.03240877017378807	0.0005998217966407537	0.02699546329677105	0.0293840654194355	0
22	127	inverse_hidden	canonical_perturbation	8	0.020058175548911095	7.95060920715332	0.020058175548911095	0.0032209204509854317	0.021963898092508316	0.023234516382217407	0
22	191	inverse_hidden	canonical_perturbation	8	0.02020043134689331	2.0656721591949463	0.02020043134689331	0.16067573428153992	0.023561900481581688	0.026880711317062378	1
22	255	inverse_hidden	canonical_perturbation	8	0.022558171302080154	2.0741701126098633	0.022558171302080154	0.003609216073527932	0.02208947204053402	0.02364552952349186	1
22	63	inverse_hidden	random_sphere	8	31.502077102661133	9.220478057861328	31.502077102661133	7.864131475798786e-05	1.4107763767242432	0.0293840654194355	0
22	127	inverse_hidden	random_sphere	8	28.835662841796875	9.130077362060547	28.835662841796875	6.136739830253646e-05	1.3508937358856201	0.023234516382217407	0
22	191	inverse_hidden	random_sphere	8	29.344884872436523	2.0057973861694336	29.344884872436523	0.00025653623742982745	1.4100888967514038	0.026880711317062378	0
22	255	inverse_hidden	random_sphere	8	28.503225326538086	2.2468419075012207	28.503225326538086	5.4149990319274366e-05	1.3905121088027954	0.02364552952349186	0
23	63	centered_logit	proposal	8	1.2281467914581299	1.2281467914581299	0.09586425125598907	1.446279293304542e-05	0.034148331731557846	0.03003140166401863	0
23	127	centered_logit	proposal	8	0.782757043838501	0.782757043838501	0.0833316221833229	0.7947207093238831	0.032093413174152374	0.023848192766308784	1
23	191	centered_logit	proposal	8	0.7002202868461609	0.7002202868461609	0.06707552075386047	0.9268156290054321	0.029546143487095833	0.025649862363934517	1
23	255	centered_logit	proposal	8	0.8332095742225647	0.8332095742225647	0.127852663397789	0.846156895160675	0.04140330106019974	0.0360097698867321	1
23	63	centered_logit	canonical_perturbation	8	1.0980503559112549	1.0980503559112549	0.08147387951612473	9.70394685282372e-05	0.03514660522341728	0.03003140166401863	0
23	127	centered_logit	canonical_perturbation	8	0.859230101108551	0.859230101108551	0.1132032498717308	0.5662987232208252	0.030148157849907875	0.023848192766308784	1
23	191	centered_logit	canonical_perturbation	8	0.8228392004966736	0.8228392004966736	0.216117262840271	0.44250303506851196	0.03016507625579834	0.025649862363934517	1
23	255	centered_logit	canonical_perturbation	8	0.9504610300064087	0.9504610300064087	0.15445366501808167	0.37465494871139526	0.040684789419174194	0.0360097698867321	1
23	63	centered_logit	random_sphere	8	3.865072727203369	3.865072727203369	28.10248565673828	2.1178775568841957e-05	1.4459638595581055	0.03003140166401863	0
23	127	centered_logit	random_sphere	8	7.917695999145508	7.917695999145508	28.183666229248047	0.00033917478867806494	1.3999699354171753	0.023848192766308784	0
23	191	centered_logit	random_sphere	8	3.929806709289551	3.929806709289551	29.55393409729004	0.00024836190277710557	1.408735752105713	0.025649862363934517	0
23	255	centered_logit	random_sphere	8	6.9882097244262695	6.9882097244262695	29.691307067871094	0.00016127017443068326	1.4663923978805542	0.0360097698867321	0
23	63	inverse_hidden	proposal	8	0.005403128918260336	2.189633846282959	0.005403128918260336	0.0005169832147657871	0.02921726554632187	0.03003140166401863	0
23	127	inverse_hidden	proposal	8	0.011467023752629757	11.826035499572754	0.011467023752629757	8.099307888187468e-05	0.023570964112877846	0.023848192766308784	0
23	191	inverse_hidden	proposal	8	0.009268050082027912	5.716434478759766	0.009268050082027912	9.972327825380489e-05	0.024522703140974045	0.025649862363934517	0
23	255	inverse_hidden	proposal	8	0.011079489253461361	10.50886344909668	0.011079489253461361	1.995973798329942e-05	0.035336125642061234	0.0360097698867321	0
23	63	inverse_hidden	canonical_perturbation	8	0.02168697863817215	3.1886191368103027	0.02168697863817215	0.04271087795495987	0.02681482769548893	0.03003140166401863	1
23	127	inverse_hidden	canonical_perturbation	8	0.024554474279284477	5.117164611816406	0.024554474279284477	0.015580140985548496	0.02200120873749256	0.023848192766308784	1
23	191	inverse_hidden	canonical_perturbation	8	0.026789505034685135	4.179377555847168	0.026789505034685135	0.003865616861730814	0.02393379621207714	0.025649862363934517	1
23	255	inverse_hidden	canonical_perturbation	8	0.03199123218655586	5.583625793457031	0.03199123218655586	0.00257281307131052	0.030843626707792282	0.0360097698867321	0
23	63	inverse_hidden	random_sphere	8	28.10900115966797	4.309290409088135	28.10900115966797	2.1078869394841604e-05	1.4461209774017334	0.03003140166401863	0
23	127	inverse_hidden	random_sphere	8	28.095218658447266	8.749198913574219	28.095218658447266	0.00019163293472956866	1.4014812707901	0.023848192766308784	0
23	191	inverse_hidden	random_sphere	8	29.55825424194336	4.42424201965332	29.55825424194336	0.00015615193115081638	1.4090874195098877	0.025649862363934517	0
23	255	inverse_hidden	random_sphere	8	29.67210578918457	7.738062381744385	29.67210578918457	9.369504550704733e-05	1.4657385349273682	0.0360097698867321	0
22	63	centered_logit	proposal	16	0.5026236772537231	0.5026236772537231	0.09583105891942978	0.926903486251831	0.03982234746217728	0.0293840654194355	1
22	127	centered_logit	proposal	16	0.6132549047470093	0.6132549047470093	0.10909005254507065	0.9142533540725708	0.03685440868139267	0.023234516382217407	1
22	191	centered_logit	proposal	16	0.9027774333953857	0.9027774333953857	0.17576055228710175	0.15367603302001953	0.03272762894630432	0.026880711317062378	1
22	255	centered_logit	proposal	16	0.5953633189201355	0.5953633189201355	0.11139658838510513	0.9449177980422974	0.03102620504796505	0.02364552952349186	1
22	63	centered_logit	canonical_perturbation	16	0.752625584602356	0.752625584602356	0.22351010143756866	0.6691045165061951	0.043886005878448486	0.0293840654194355	1
22	127	centered_logit	canonical_perturbation	16	0.7599228620529175	0.7599228620529175	0.14910070598125458	0.6818458437919617	0.035842228680849075	0.023234516382217407	1
22	191	centered_logit	canonical_perturbation	16	0.6325068473815918	0.6325068473815918	0.12977516651153564	0.9187601208686829	0.034291964024305344	0.026880711317062378	1
22	255	centered_logit	canonical_perturbation	16	0.6240055561065674	0.6240055561065674	0.19141000509262085	0.8790716528892517	0.03695803880691528	0.02364552952349186	1
22	63	centered_logit	random_sphere	16	7.725666522979736	7.725666522979736	31.50221824645996	0.0002233441628050059	1.4109807014465332	0.0293840654194355	0
22	127	centered_logit	random_sphere	16	7.453495502471924	7.453495502471924	28.932832717895508	0.00019001384498551488	1.350326657295227	0.023234516382217407	0
22	191	centered_logit	random_sphere	16	1.7393276691436768	1.7393276691436768	29.3592586517334	0.0006216684123501182	1.4100351333618164	0.026880711317062378	0
22	255	centered_logit	random_sphere	16	1.9551684856414795	1.9551684856414795	28.485328674316406	0.00011670174717437476	1.3895913362503052	0.02364552952349186	0
22	63	inverse_hidden	proposal	16	0.0034711086191236973	3.4615654945373535	0.0034711086191236973	0.4217071831226349	0.02747882343828678	0.0293840654194355	1
22	127	inverse_hidden	proposal	16	0.0032441953662782907	4.078662395477295	0.0032441953662782907	0.155492901802063	0.02143758535385132	0.023234516382217407	0
22	191	inverse_hidden	proposal	16	0.0033462154679000378	2.1190237998962402	0.0033462154679000378	0.5591074824333191	0.024281714111566544	0.026880711317062378	1
22	255	inverse_hidden	proposal	16	0.004308034665882587	1.0269944667816162	0.004308034665882587	0.43011337518692017	0.0220206156373024	0.02364552952349186	1
22	63	inverse_hidden	canonical_perturbation	16	0.017253156751394272	10.861465454101562	0.017253156751394272	0.0002522376016713679	0.028012758120894432	0.0293840654194355	0
22	127	inverse_hidden	canonical_perturbation	16	0.010198481380939484	7.145747184753418	0.010198481380939484	0.0895860493183136	0.023296702653169632	0.023234516382217407	1
22	191	inverse_hidden	canonical_perturbation	16	0.013587729074060917	1.6774976253509521	0.013587729074060917	0.29256492853164673	0.023686347529292107	0.026880711317062378	1
22	255	inverse_hidden	canonical_perturbation	16	0.011872168630361557	3.1629271507263184	0.011872168630361557	0.005026781931519508	0.02364233136177063	0.02364552952349186	0
22	63	inverse_hidden	random_sphere	16	31.477169036865234	9.22087287902832	31.477169036865234	7.883346552262083e-05	1.409355640411377	0.0293840654194355	0
22	127	inverse_hidden	random_sphere	16	28.79209327697754	9.159900665283203	28.79209327697754	5.9021585911978036e-05	1.3501733541488647	0.023234516382217407	0
22	191	inverse_hidden	random_sphere	16	29.334102630615234	2.006563663482666	29.334102630615234	0.00025047408416867256	1.4090572595596313	0.026880711317062378	0
22	255	inverse_hidden	random_sphere	16	28.481952667236328	2.2401843070983887	28.481952667236328	5.4247309890342876e-05	1.3907074928283691	0.02364552952349186	0
23	63	centered_logit	proposal	16	0.8375675678253174	0.8375675678253174	0.14675650000572205	0.0024281067308038473	0.03873702883720398	0.03003140166401863	0
23	127	centered_logit	proposal	16	0.6039955615997314	0.6039955615997314	0.12984055280685425	0.8803609013557434	0.03851337730884552	0.023848192766308784	1
23	191	centered_logit	proposal	16	0.45627549290657043	0.45627549290657043	0.09244386106729507	0.9950834512710571	0.033103615045547485	0.025649862363934517	1
23	255	centered_logit	proposal	16	0.6261872053146362	0.6261872053146362	0.17448140680789948	0.9845987558364868	0.045999202877283096	0.0360097698867321	1
23	63	centered_logit	canonical_perturbation	16	0.8075224757194519	0.8075224757194519	0.14121800661087036	0.06765656918287277	0.04124849662184715	0.03003140166401863	1
23	127	centered_logit	canonical_perturbation	16	0.6455731987953186	0.6455731987953186	0.14243106544017792	0.8413078188896179	0.03575664013624191	0.023848192766308784	1
23	191	centered_logit	canonical_perturbation	16	0.6613785028457642	0.6613785028457642	0.2036709040403366	0.9442523717880249	0.03400566428899765	0.025649862363934517	1
23	255	centered_logit	canonical_perturbation	16	0.782821774482727	0.782821774482727	0.2538091242313385	0.6993795037269592	0.04689953476190567	0.0360097698867321	1
23	63	centered_logit	random_sphere	16	3.493101119995117	3.493101119995117	28.085922241210938	2.1038335034972988e-05	1.4465094804763794	0.03003140166401863	0
23	127	centered_logit	random_sphere	16	7.1598992347717285	7.1598992347717285	28.2326717376709	0.0005855420022271574	1.3994601964950562	0.023848192766308784	0
23	191	centered_logit	random_sphere	16	3.4897677898406982	3.4897677898406982	29.543865203857422	0.0003861731674987823	1.4078704118728638	0.025649862363934517	0
23	255	centered_logit	random_sphere	16	6.298802375793457	6.298802375793457	29.676280975341797	0.0002751345746219158	1.4653257131576538	0.0360097698867321	0
23	63	inverse_hidden	proposal	16	0.0032127152662724257	1.8223971128463745	0.0032127152662724257	0.05022864788770676	0.028874032199382782	0.03003140166401863	1
23	127	inverse_hidden	proposal	16	0.006139243487268686	5.229137420654297	0.006139243487268686	0.13620156049728394	0.02330549992620945	0.023848192766308784	1
23	191	inverse_hidden	proposal	16	0.004445688799023628	2.250736713409424	0.004445688799023628	0.07054244726896286	0.02434132993221283	0.025649862363934517	1
23	255	inverse_hidden	proposal	16	0.005292738322168589	6.634161949157715	0.005292738322168589	0.013344036415219307	0.035215459764003754	0.0360097698867321	0
23	63	inverse_hidden	canonical_perturbation	16	0.016144413501024246	2.1752350330352783	0.016144413501024246	0.0013596221106126904	0.02673555351793766	0.03003140166401863	0
23	127	inverse_hidden	canonical_perturbation	16	0.010750939138233662	9.94361686706543	0.010750939138233662	0.0032034493051469326	0.022583479061722755	0.023848192766308784	1
23	191	inverse_hidden	canonical_perturbation	16	0.014315360225737095	5.233361721038818	0.014315360225737095	0.006441604811698198	0.025020673871040344	0.025649862363934517	1
23	255	inverse_hidden	canonical_perturbation	16	0.019005099311470985	4.89506721496582	0.019005099311470985	0.02864626795053482	0.029707815498113632	0.0360097698867321	1
23	63	inverse_hidden	random_sphere	16	28.094331741333008	4.3283305168151855	28.094331741333008	2.1483316231751814e-05	1.4468166828155518	0.03003140166401863	0
23	127	inverse_hidden	random_sphere	16	28.05524444580078	8.761088371276855	28.05524444580078	0.00019032596901524812	1.4022808074951172	0.023848192766308784	0
23	191	inverse_hidden	random_sphere	16	29.54767608642578	4.426291465759277	29.54767608642578	0.0001554937189212069	1.4086501598358154	0.025649862363934517	0
23	255	inverse_hidden	random_sphere	16	29.639251708984375	7.746460437774658	29.639251708984375	9.466998744755983e-05	1.4643272161483765	0.0360097698867321	0
22	63	centered_logit	proposal	24	0.41012051701545715	0.41012051701545715	0.10067017376422882	0.976294219493866	0.04212111234664917	0.0293840654194355	1
22	127	centered_logit	proposal	24	0.4663349390029907	0.4663349390029907	0.10722941160202026	0.9745517373085022	0.039955250918865204	0.023234516382217407	1
22	191	centered_logit	proposal	24	0.7862226963043213	0.7862226963043213	0.19991306960582733	0.27054065465927124	0.03459237888455391	0.026880711317062378	1
22	255	centered_logit	proposal	24	0.459116667509079	0.459116667509079	0.11085166782140732	0.9957190155982971	0.03369452804327011	0.02364552952349186	1
22	63	centered_logit	canonical_perturbation	24	0.6879613399505615	0.6879613399505615	0.3078497052192688	0.6933786273002625	0.04839479923248291	0.0293840654194355	1
22	127	centered_logit	canonical_perturbation	24	0.6642166376113892	0.6642166376113892	0.19190171360969543	0.7678614258766174	0.03928011655807495	0.023234516382217407	1
22	191	centered_logit	canonical_perturbation	24	0.4986416697502136	0.4986416697502136	0.13409361243247986	0.986610472202301	0.037316787987947464	0.026880711317062378	1
22	255	centered_logit	canonical_perturbation	24	0.47704678773880005	0.47704678773880005	0.1728966385126114	0.9931613206863403	0.0412505641579628	0.02364552952349186	1
22	63	centered_logit	random_sphere	24	7.056363582611084	7.056363582611084	31.496713638305664	0.00036719252238981426	1.410396933555603	0.0293840654194355	0
22	127	centered_logit	random_sphere	24	6.7270708084106445	6.7270708084106445	28.967687606811523	0.0003148271644022316	1.3499083518981934	0.023234516382217407	0
22	191	centered_logit	random_sphere	24	1.6323148012161255	1.6323148012161255	29.362361907958984	0.0009301007376052439	1.4096955060958862	0.026880711317062378	0
22	255	centered_logit	random_sphere	24	1.8271398544311523	1.8271398544311523	28.46832847595215	0.0001681530848145485	1.3895471096038818	0.02364552952349186	0
22	63	inverse_hidden	proposal	24	0.0020430933218449354	3.1199309825897217	0.0020430933218449354	0.9034440517425537	0.02742679789662361	0.0293840654194355	1
22	127	inverse_hidden	proposal	24	0.0020807383116334677	4.197955131530762	0.0020807383116334677	0.5389077067375183	0.0209831390529871	0.023234516382217407	1
22	191	inverse_hidden	proposal	24	0.002057200763374567	1.6546211242675781	0.002057200763374567	0.9548352956771851	0.02347882091999054	0.026880711317062378	1
22	255	inverse_hidden	proposal	24	0.0025735325179994106	1.9208134412765503	0.0025735325179994106	0.2824057936668396	0.02180466055870056	0.02364552952349186	1
22	63	inverse_hidden	canonical_perturbation	24	0.012204638682305813	7.808016300201416	0.012204638682305813	0.009692524559795856	0.027862869203090668	0.0293840654194355	1
22	127	inverse_hidden	canonical_perturbation	24	0.0071494486182928085	8.810735702514648	0.0071494486182928085	0.03573236241936684	0.022540559992194176	0.023234516382217407	1
22	191	inverse_hidden	canonical_perturbation	24	0.010929218493402004	1.211678147315979	0.010929218493402004	0.77482670545578	0.023487715050578117	0.026880711317062378	1
22	255	inverse_hidden	canonical_perturbation	24	0.007893639616668224	1.90781569480896	0.007893639616668224	0.12535585463047028	0.024090027436614037	0.02364552952349186	1
22	63	inverse_hidden	random_sphere	24	31.454448699951172	9.218721389770508	31.454448699951172	7.908554835012183e-05	1.4079464673995972	0.0293840654194355	0
22	127	inverse_hidden	random_sphere	24	28.753524780273438	9.18386459350586	28.753524780273438	5.704131399397738e-05	1.3492125272750854	0.023234516382217407	0
22	191	inverse_hidden	random_sphere	24	29.324214935302734	2.006899118423462	29.324214935302734	0.0002447499427944422	1.4081056118011475	0.026880711317062378	0
22	255	inverse_hidden	random_sphere	24	28.46215057373047	2.2338342666625977	28.46215057373047	5.444532143883407e-05	1.3907946348190308	0.02364552952349186	0
23	63	centered_logit	proposal	24	0.7440955638885498	0.7440955638885498	0.16432248055934906	0.006280375178903341	0.041594311594963074	0.03003140166401863	0
23	127	centered_logit	proposal	24	0.4910025894641876	0.4910025894641876	0.14205893874168396	0.958332359790802	0.04236302524805069	0.023848192766308784	1
23	191	centered_logit	proposal	24	0.3605179190635681	0.3605179190635681	0.10159121453762054	0.9992262125015259	0.03567830100655556	0.025649862363934517	1
23	255	centered_logit	proposal	24	0.5025315284729004	0.5025315284729004	0.18779364228248596	0.9981574416160583	0.04894184321165085	0.0360097698867321	1
23	63	centered_logit	canonical_perturbation	24	0.5843605995178223	0.5843605995178223	0.14699582755565643	0.02498110570013523	0.044918641448020935	0.03003140166401863	0
23	127	centered_logit	canonical_perturbation	24	0.5345954298973083	0.5345954298973083	0.16398632526397705	0.9236633777618408	0.039342399686574936	0.023848192766308784	1
23	191	centered_logit	canonical_perturbation	24	0.5254254341125488	0.5254254341125488	0.22900274395942688	0.9836742877960205	0.03711504489183426	0.025649862363934517	1
23	255	centered_logit	canonical_perturbation	24	0.652092456817627	0.652092456817627	0.2576952278614044	0.9272171854972839	0.050397660583257675	0.0360097698867321	1
23	63	centered_logit	random_sphere	24	3.1747570037841797	3.1747570037841797	28.074520111083984	1.991621684283018e-05	1.4470113515853882	0.03003140166401863	0
23	127	centered_logit	random_sphere	24	6.466487884521484	6.466487884521484	28.28691864013672	0.0009864495368674397	1.3990215063095093	0.023848192766308784	0
23	191	centered_logit	random_sphere	24	3.1067073345184326	3.1067073345184326	29.54032325744629	0.0005893157795071602	1.407031774520874	0.025649862363934517	0
23	255	centered_logit	random_sphere	24	5.667308330535889	5.667308330535889	29.6647891998291	0.00045960149145685136	1.4641598463058472	0.0360097698867321	0
23	63	inverse_hidden	proposal	24	0.0018213966395705938	1.741612434387207	0.0018213966395705938	0.12843511998653412	0.028530891984701157	0.03003140166401863	1
23	127	inverse_hidden	proposal	24	0.003766002133488655	3.9811320304870605	0.003766002133488655	0.35526788234710693	0.023085324093699455	0.023848192766308784	1
23	191	inverse_hidden	proposal	24	0.0028231379110366106	1.6307287216186523	0.0028231379110366106	0.612894594669342	0.023873984813690186	0.025649862363934517	1
23	255	inverse_hidden	proposal	24	0.0034180127549916506	5.9274091720581055	0.0034180127549916506	0.22447629272937775	0.035159509629011154	0.0360097698867321	1
23	63	inverse_hidden	canonical_perturbation	24	0.012090619653463364	3.1577272415161133	0.012090619653463364	0.18877141177654266	0.025889769196510315	0.03003140166401863	1
23	127	inverse_hidden	canonical_perturbation	24	0.008009220473468304	6.940101146697998	0.008009220473468304	0.06831825524568558	0.022222908213734627	0.023848192766308784	1
23	191	inverse_hidden	canonical_perturbation	24	0.009923999197781086	3.62538480758667	0.009923999197781086	0.1137240007519722	0.025502685457468033	0.025649862363934517	1
23	255	inverse_hidden	canonical_perturbation	24	0.011094157584011555	3.924668788909912	0.011094157584011555	0.512599766254425	0.029158247634768486	0.0360097698867321	1
23	63	inverse_hidden	random_sphere	24	28.08132553100586	4.3443217277526855	28.08132553100586	2.187163772759959e-05	1.4474000930786133	0.03003140166401863	0
23	127	inverse_hidden	random_sphere	24	28.01944923400879	8.76937484741211	28.01944923400879	0.00019006349612027407	1.4030195474624634	0.023848192766308784	0
23	191	inverse_hidden	random_sphere	24	29.53801727294922	4.430455684661865	29.53801727294922	0.0001543937250971794	1.4082396030426025	0.025649862363934517	0
23	255	inverse_hidden	random_sphere	24	29.612884521484375	7.756124019622803	29.612884521484375	9.534970740787685e-05	1.4630718231201172	0.0360097698867321	0
22	63	centered_logit	proposal	40	0.2822762727737427	0.2822762727737427	0.09288538247346878	0.9959105253219604	0.044204674661159515	0.0293840654194355	1
22	127	centered_logit	proposal	40	0.32647737860679626	0.32647737860679626	0.10404875129461288	0.9953513145446777	0.04326701909303665	0.023234516382217407	1
22	191	centered_logit	proposal	40	0.6054481863975525	0.6054481863975525	0.16619479656219482	0.8762631416320801	0.03735863044857979	0.026880711317062378	1
22	255	centered_logit	proposal	40	0.30601534247398376	0.30601534247398376	0.10290541499853134	0.9998482465744019	0.037598006427288055	0.02364552952349186	1
22	63	centered_logit	canonical_perturbation	40	0.5006387829780579	0.5006387829780579	0.26392850279808044	0.9293873310089111	0.051817722618579865	0.0293840654194355	1
22	127	centered_logit	canonical_perturbation	40	0.49594080448150635	0.49594080448150635	0.18510301411151886	0.9477529525756836	0.04264448955655098	0.023234516382217407	1
22	191	centered_logit	canonical_perturbation	40	0.2979486882686615	0.2979486882686615	0.09877292811870575	0.9997609257698059	0.04124277085065842	0.026880711317062378	1
22	255	centered_logit	canonical_perturbation	40	0.27191704511642456	0.27191704511642456	0.14414499700069427	0.9999188184738159	0.04687681794166565	0.02364552952349186	1
22	63	centered_logit	random_sphere	40	5.882837772369385	5.882837772369385	31.500682830810547	0.0009322647238150239	1.409349799156189	0.0293840654194355	0
22	127	centered_logit	random_sphere	40	5.474985122680664	5.474985122680664	29.05499267578125	0.0007952517480589449	1.349321961402893	0.023234516382217407	0
22	191	centered_logit	random_sphere	40	1.4521989822387695	1.4521989822387695	29.373659133911133	0.001986302901059389	1.4096511602401733	0.026880711317062378	1
22	255	centered_logit	random_sphere	40	1.609426498413086	1.609426498413086	28.440587997436523	0.00034080943441949785	1.3897982835769653	0.02364552952349186	0
22	63	inverse_hidden	proposal	40	0.0008029761374928057	1.3286343812942505	0.0008029761374928057	0.9972750544548035	0.0266110822558403	0.0293840654194355	1
22	127	inverse_hidden	proposal	40	0.0012905295006930828	1.119059443473816	0.0012905295006930828	0.9961283206939697	0.019973240792751312	0.023234516382217407	1
22	191	inverse_hidden	proposal	40	0.0008985302993096411	1.3403743505477905	0.0008985302993096411	0.999536395072937	0.021583005785942078	0.026880711317062378	1
22	255	inverse_hidden	proposal	40	0.0009468139614909887	0.9010775089263916	0.0009468139614909887	0.9956024885177612	0.02039160393178463	0.02364552952349186	1
22	63	inverse_hidden	canonical_perturbation	40	0.0075839003548026085	6.445215225219727	0.0075839003548026085	0.07262551039457321	0.02563789114356041	0.0293840654194355	1
22	127	inverse_hidden	canonical_perturbation	40	0.0032992023043334484	3.4752116203308105	0.0032992023043334484	0.9237378835678101	0.01883862167596817	0.023234516382217407	1
22	191	inverse_hidden	canonical_perturbation	40	0.004874781705439091	1.3332841396331787	0.004874781705439091	0.9747441411018372	0.020408613607287407	0.026880711317062378	1
22	255	inverse_hidden	canonical_perturbation	40	0.005214565899223089	1.2883861064910889	0.005214565899223089	0.8466829061508179	0.021952902898192406	0.02364552952349186	1
22	63	inverse_hidden	random_sphere	40	31.414886474609375	9.205547332763672	31.414886474609375	7.956800982356071e-05	1.4051975011825562	0.0293840654194355	0
22	127	inverse_hidden	random_sphere	40	28.68907356262207	9.212401390075684	28.68907356262207	5.41912013432011e-05	1.3469045162200928	0.023234516382217407	0
22	191	inverse_hidden	random_sphere	40	29.30636978149414	2.007370948791504	29.30636978149414	0.00023422301455866545	1.4063949584960938	0.026880711317062378	0
22	255	inverse_hidden	random_sphere	40	28.427631378173828	2.222201347351074	28.427631378173828	5.5193919251905754e-05	1.3908250331878662	0.02364552952349186	0
23	63	centered_logit	proposal	40	0.5810209512710571	0.5810209512710571	0.15523622930049896	0.02223336510360241	0.044172219932079315	0.03003140166401863	0
23	127	centered_logit	proposal	40	0.3402864933013916	0.3402864933013916	0.13542775809764862	0.9931977987289429	0.04606081172823906	0.023848192766308784	1
23	191	centered_logit	proposal	40	0.2431306689977646	0.2431306689977646	0.10251246392726898	0.9999216794967651	0.03871415928006172	0.025649862363934517	1
23	255	centered_logit	proposal	40	0.3420543074607849	0.3420543074607849	0.17287950217723846	0.9999144077301025	0.05269793048501015	0.0360097698867321	1
23	63	centered_logit	canonical_perturbation	40	0.4651757478713989	0.4651757478713989	0.16481417417526245	0.1761237531900406	0.04874587059020996	0.03003140166401863	1
23	127	centered_logit	canonical_perturbation	40	0.3992049992084503	0.3992049992084503	0.14707887172698975	0.9869962930679321	0.04256109893321991	0.023848192766308784	1
23	191	centered_logit	canonical_perturbation	40	0.34597352147102356	0.34597352147102356	0.1749013513326645	0.9994106292724609	0.04170246794819832	0.025649862363934517	1
23	255	centered_logit	canonical_perturbation	40	0.4838639497756958	0.4838639497756958	0.2509118318557739	0.9963294863700867	0.054582931101322174	0.0360097698867321	1
23	63	centered_logit	random_sphere	40	2.680509090423584	2.680509090423584	28.06230354309082	1.529601649963297e-05	1.4478545188903809	0.03003140166401863	0
23	127	centered_logit	random_sphere	40	5.277658462524414	5.277658462524414	28.403718948364258	0.002553418045863509	1.398454189300537	0.023848192766308784	0
23	191	centered_logit	random_sphere	40	2.5043046474456787	2.5043046474456787	29.54962730407715	0.001293667359277606	1.4053720235824585	0.025649862363934517	0
23	255	centered_logit	random_sphere	40	4.583548545837402	4.583548545837402	29.652034759521484	0.0012013498926535249	1.4617159366607666	0.0360097698867321	0
23	63	inverse_hidden	proposal	40	0.0007913841982372105	1.643486738204956	0.0007913841982372105	0.9573751091957092	0.027331169694662094	0.03003140166401863	1
23	127	inverse_hidden	proposal	40	0.001360375783406198	2.3358607292175293	0.001360375783406198	0.9704477787017822	0.021402258425951004	0.023848192766308784	1
23	191	inverse_hidden	proposal	40	0.0011847696732729673	1.1650242805480957	0.0011847696732729673	0.9812218546867371	0.02237715572118759	0.025649862363934517	1
23	255	inverse_hidden	proposal	40	0.0013172387843951583	2.264677047729492	0.0013172387843951583	0.9933764338493347	0.03423941135406494	0.0360097698867321	1
23	63	inverse_hidden	canonical_perturbation	40	0.0054947203025221825	1.9526076316833496	0.0054947203025221825	0.12698526680469513	0.022769540548324585	0.03003140166401863	1
23	127	inverse_hidden	canonical_perturbation	40	0.0032070516608655453	3.1998889446258545	0.0032070516608655453	0.8898083567619324	0.019302096217870712	0.023848192766308784	1
23	191	inverse_hidden	canonical_perturbation	40	0.006983140949159861	2.343503475189209	0.006983140949159861	0.5256791710853577	0.023517288267612457	0.025649862363934517	1
23	255	inverse_hidden	canonical_perturbation	40	0.005473204888403416	2.102302074432373	0.005473204888403416	0.9779616594314575	0.024993225932121277	0.0360097698867321	1
23	63	inverse_hidden	random_sphere	40	28.059371948242188	4.368011474609375	28.059371948242188	2.2421374524128623e-05	1.448149561882019	0.03003140166401863	0
23	127	inverse_hidden	random_sphere	40	27.96381187438965	8.78445053100586	27.96381187438965	0.00018929591169580817	1.4041193723678589	0.023848192766308784	0
23	191	inverse_hidden	random_sphere	40	29.521610260009766	4.444038391113281	29.521610260009766	0.00015220814384520054	1.4076178073883057	0.025649862363934517	0
23	255	inverse_hidden	random_sphere	40	29.57461166381836	7.769790172576904	29.57461166381836	9.700587543193251e-05	1.4607142210006714	0.0360097698867321	0
24	63	centered_logit	proposal	0	3.702070713043213	3.702070713043213	0.04943975433707237	0.03011222928762436	0.027878977358341217	0.027878977358341217	1
24	127	centered_logit	proposal	0	2.0662364959716797	2.0662364959716797	0.03847821056842804	0.7832332253456116	0.024241358041763306	0.024241358041763306	1
24	191	centered_logit	proposal	0	3.4200148582458496	3.4200148582458496	0.038052286952733994	0.13391539454460144	0.027229001745581627	0.027229001745581627	1
24	255	centered_logit	proposal	0	7.945043087005615	7.945043087005615	0.021830100566148758	0.06779368966817856	0.025328660383820534	0.025328660383820534	1
24	63	centered_logit	canonical_perturbation	0	2.278458595275879	2.278458595275879	0.08904900401830673	0.011662754230201244	0.027878975495696068	0.027878977358341217	1
24	127	centered_logit	canonical_perturbation	0	2.134007453918457	2.134007453918457	0.13497599959373474	0.0032803614158183336	0.024241358041763306	0.024241358041763306	0
24	191	centered_logit	canonical_perturbation	0	6.186471939086914	6.186471939086914	0.22300280630588531	0.003251526039093733	0.027229001745581627	0.027229001745581627	0
24	255	centered_logit	canonical_perturbation	0	5.000269889831543	5.000269889831543	0.24054905772209167	0.0007867139065638185	0.025328660383820534	0.025328660383820534	0
24	63	centered_logit	random_sphere	0	3.215860366821289	3.215860366821289	25.711164474487305	6.025611946824938e-05	1.4262642860412598	0.027878977358341217	0
24	127	centered_logit	random_sphere	0	2.27217960357666	2.27217960357666	28.81046485900879	0.00014672824181616306	1.4057257175445557	0.024241358041763306	0
24	191	centered_logit	random_sphere	0	8.659538269042969	8.659538269042969	29.375896453857422	0.00021094376279506832	1.4113118648529053	0.027229001745581627	0
24	255	centered_logit	random_sphere	0	4.641942977905273	4.641942977905273	28.278560638427734	5.924461947870441e-05	1.3849142789840698	0.025328660383820534	0
24	63	inverse_hidden	proposal	0	0.04943975433707237	3.702070713043213	0.04943975433707237	0.03011222928762436	0.027878977358341217	0.027878977358341217	1
24	127	inverse_hidden	proposal	0	0.03847821056842804	2.0662364959716797	0.03847821056842804	0.7832332253456116	0.024241358041763306	0.024241358041763306	1
24	191	inverse_hidden	proposal	0	0.038052286952733994	3.4200148582458496	0.038052286952733994	0.13391539454460144	0.027229001745581627	0.027229001745581627	1
24	255	inverse_hidden	proposal	0	0.021830100566148758	7.945043087005615	0.021830100566148758	0.06779368966817856	0.025328660383820534	0.025328660383820534	1
24	63	inverse_hidden	canonical_perturbation	0	0.08904900401830673	2.278458595275879	0.08904900401830673	0.011662754230201244	0.027878975495696068	0.027878977358341217	1
24	127	inverse_hidden	canonical_perturbation	0	0.13497599959373474	2.134007453918457	0.13497599959373474	0.0032803614158183336	0.024241358041763306	0.024241358041763306	0
24	191	inverse_hidden	canonical_perturbation	0	0.22300280630588531	6.186471939086914	0.22300280630588531	0.003251526039093733	0.027229001745581627	0.027229001745581627	0
24	255	inverse_hidden	canonical_perturbation	0	0.24054905772209167	5.000269889831543	0.24054905772209167	0.0007867139065638185	0.025328660383820534	0.025328660383820534	0
24	63	inverse_hidden	random_sphere	0	25.711164474487305	3.215860366821289	25.711164474487305	6.025611946824938e-05	1.4262642860412598	0.027878977358341217	0
24	127	inverse_hidden	random_sphere	0	28.81046485900879	2.27217960357666	28.81046485900879	0.00014672824181616306	1.4057257175445557	0.024241358041763306	0
24	191	inverse_hidden	random_sphere	0	29.375896453857422	8.659538269042969	29.375896453857422	0.00021094376279506832	1.4113118648529053	0.027229001745581627	0
24	255	inverse_hidden	random_sphere	0	28.278560638427734	4.641942977905273	28.278560638427734	5.924461947870441e-05	1.3849142789840698	0.025328660383820534	0
25	63	centered_logit	proposal	0	1.7743616104125977	1.7743616104125977	0.03482642397284508	0.25845110416412354	0.03202506899833679	0.03202506899833679	1
25	127	centered_logit	proposal	0	3.7412424087524414	3.7412424087524414	0.04740970581769943	0.11340439319610596	0.024015864357352257	0.024015864357352257	1
25	191	centered_logit	proposal	0	2.2292251586914062	2.2292251586914062	0.0475105419754982	0.08337663859128952	0.025293856859207153	0.025293856859207153	1
25	255	centered_logit	proposal	0	2.4970548152923584	2.4970548152923584	0.03511626273393631	0.39305728673934937	0.033917855471372604	0.033917855471372604	1
25	63	centered_logit	canonical_perturbation	0	2.7244033813476562	2.7244033813476562	0.2975994348526001	0.0020178493577986956	0.03202506899833679	0.03202506899833679	0
25	127	centered_logit	canonical_perturbation	0	6.802906036376953	6.802906036376953	0.2353578358888626	0.0013795479899272323	0.024015864357352257	0.024015864357352257	0
25	191	centered_logit	canonical_perturbation	0	1.8103474378585815	1.8103474378585815	0.2196466326713562	0.008521351963281631	0.025293856859207153	0.025293856859207153	0
25	255	centered_logit	canonical_perturbation	0	4.587934970855713	4.587934970855713	0.4085935056209564	0.0016141574596986175	0.033917855471372604	0.033917855471372604	0
25	63	centered_logit	random_sphere	0	4.57772159576416	4.57772159576416	31.257314682006836	3.886994454660453e-05	1.4181108474731445	0.03202506899833679	0
25	127	centered_logit	random_sphere	0	8.803119659423828	8.803119659423828	33.98055648803711	0.00042035646038129926	1.466037392616272	0.024015864357352257	0
25	191	centered_logit	random_sphere	0	2.5360665321350098	2.5360665321350098	30.486106872558594	0.00044404753134585917	1.396419644355774	0.025293856859207153	0
25	255	centered_logit	random_sphere	0	7.356553077697754	7.356553077697754	29.24112892150879	5.5632244766457006e-05	1.4403560161590576	0.033917855471372604	0
25	63	inverse_hidden	proposal	0	0.03482642397284508	1.7743616104125977	0.03482642397284508	0.25845110416412354	0.03202506899833679	0.03202506899833679	1
25	127	inverse_hidden	proposal	0	0.04740970581769943	3.7412424087524414	0.04740970581769943	0.11340439319610596	0.024015864357352257	0.024015864357352257	1
25	191	inverse_hidden	proposal	0	0.0475105419754982	2.2292251586914062	0.0475105419754982	0.08337663859128952	0.025293856859207153	0.025293856859207153	1
25	255	inverse_hidden	proposal	0	0.03511626273393631	2.4970548152923584	0.03511626273393631	0.39305728673934937	0.033917855471372604	0.033917855471372604	1
25	63	inverse_hidden	canonical_perturbation	0	0.2975994348526001	2.7244033813476562	0.2975994348526001	0.0020178493577986956	0.03202506899833679	0.03202506899833679	0
25	127	inverse_hidden	canonical_perturbation	0	0.2353578358888626	6.802906036376953	0.2353578358888626	0.0013795479899272323	0.024015864357352257	0.024015864357352257	0
25	191	inverse_hidden	canonical_perturbation	0	0.2196466326713562	1.8103474378585815	0.2196466326713562	0.008521351963281631	0.025293856859207153	0.025293856859207153	0
25	255	inverse_hidden	canonical_perturbation	0	0.4085935056209564	4.587934970855713	0.4085935056209564	0.0016141574596986175	0.033917855471372604	0.033917855471372604	0
25	63	inverse_hidden	random_sphere	0	31.257314682006836	4.57772159576416	31.257314682006836	3.886994454660453e-05	1.4181108474731445	0.03202506899833679	0
25	127	inverse_hidden	random_sphere	0	33.98055648803711	8.803119659423828	33.98055648803711	0.00042035646038129926	1.466037392616272	0.024015864357352257	0
25	191	inverse_hidden	random_sphere	0	30.486106872558594	2.5360665321350098	30.486106872558594	0.00044404753134585917	1.396419644355774	0.025293856859207153	0
25	255	inverse_hidden	random_sphere	0	29.24112892150879	7.356553077697754	29.24112892150879	5.5632244766457006e-05	1.4403560161590576	0.033917855471372604	0
24	63	centered_logit	proposal	1	1.7121609449386597	1.7121609449386597	0.03273772448301315	0.03119528666138649	0.027633948251605034	0.027878977358341217	1
24	127	centered_logit	proposal	1	2.3824479579925537	2.3824479579925537	0.043689657002687454	0.0003530608373694122	0.024170584976673126	0.024241358041763306	0
24	191	centered_logit	proposal	1	1.8219467401504517	1.8219467401504517	0.04055984690785408	0.3152647614479065	0.027617262676358223	0.027229001745581627	1
24	255	centered_logit	proposal	1	3.4229674339294434	3.4229674339294434	0.025339188054203987	0.24529197812080383	0.025171417742967606	0.025328660383820534	1
24	63	centered_logit	canonical_perturbation	1	1.5359150171279907	1.5359150171279907	0.0764177069067955	0.017923032864928246	0.027824273332953453	0.027878977358341217	1
24	127	centered_logit	canonical_perturbation	1	1.7221788167953491	1.7221788167953491	0.16857345402240753	0.005549287423491478	0.024603862315416336	0.024241358041763306	0
24	191	centered_logit	canonical_perturbation	1	4.599052429199219	4.599052429199219	0.1767324060201645	0.017275508493185043	0.02735990285873413	0.027229001745581627	1
24	255	centered_logit	canonical_perturbation	1	3.701385974884033	3.701385974884033	0.1925094574689865	0.0015908015193417668	0.02518126554787159	0.025328660383820534	0
24	63	centered_logit	random_sphere	1	3.1834664344787598	3.1834664344787598	25.7136287689209	6.346419831970707e-05	1.426235318183899	0.027878977358341217	0
24	127	centered_logit	random_sphere	1	2.247133255004883	2.247133255004883	28.810129165649414	0.00015536618593614548	1.4055033922195435	0.024241358041763306	0
24	191	centered_logit	random_sphere	1	8.555983543395996	8.555983543395996	29.382003784179688	0.00022628175793215632	1.4112401008605957	0.027229001745581627	0
24	255	centered_logit	random_sphere	1	4.584766387939453	4.584766387939453	28.271236419677734	5.978063200018369e-05	1.3850698471069336	0.025328660383820534	0
24	63	inverse_hidden	proposal	1	0.05808466672897339	3.051152229309082	0.05808466672897339	8.539904229110107e-05	0.02750341035425663	0.027878977358341217	0
24	127	inverse_hidden	proposal	1	0.053410936146974564	2.904977798461914	0.053410936146974564	4.462726064957678e-05	0.023602861911058426	0.024241358041763306	0
24	191	inverse_hidden	proposal	1	0.02934148535132408	5.24955940246582	0.02934148535132408	0.015663892030715942	0.02665034309029579	0.027229001745581627	1
24	255	inverse_hidden	proposal	1	0.030338488519191742	5.396071434020996	0.030338488519191742	0.00010543716052779928	0.024949610233306885	0.025328660383820534	0
24	63	inverse_hidden	canonical_perturbation	1	0.04575888812541962	2.7585654258728027	0.04575888812541962	0.0015276684425771236	0.027305511757731438	0.027878977358341217	0
24	127	inverse_hidden	canonical_perturbation	1	0.049263112246990204	2.17020320892334	0.049263112246990204	0.0037886002101004124	0.0237406175583601	0.024241358041763306	0
24	191	inverse_hidden	canonical_perturbation	1	0.08927953988313675	5.914923191070557	0.08927953988313675	0.0070946598425507545	0.026665091514587402	0.027229001745581627	1
24	255	inverse_hidden	canonical_perturbation	1	0.09521974623203278	4.679085731506348	0.09521974623203278	0.002880403306335211	0.024695174768567085	0.025328660383820534	1
24	63	inverse_hidden	random_sphere	1	25.70943832397461	3.2168729305267334	25.70943832397461	6.013632082613185e-05	1.426361322402954	0.027878977358341217	0
24	127	inverse_hidden	random_sphere	1	28.810083389282227	2.2724053859710693	28.810083389282227	0.00014651240780949593	1.4057328701019287	0.024241358041763306	0
24	191	inverse_hidden	random_sphere	1	29.370986938476562	8.659480094909668	29.370986938476562	0.00021073203242849559	1.4114110469818115	0.027229001745581627	0
24	255	inverse_hidden	random_sphere	1	28.273189544677734	4.6410956382751465	28.273189544677734	5.939590482739732e-05	1.3849899768829346	0.025328660383820534	0
25	63	centered_logit	proposal	1	1.2417871952056885	1.2417871952056885	0.03495244309306145	0.07707036286592484	0.03234636411070824	0.03202506899833679	0
25	127	centered_logit	proposal	1	2.148768186569214	2.148768186569214	0.045910488814115524	0.2190106213092804	0.024650869891047478	0.024015864357352257	1
25	191	centered_logit	proposal	1	1.3456588983535767	1.3456588983535767	0.041102658957242966	0.14233392477035522	0.025224225595593452	0.025293856859207153	1
25	255	centered_logit	proposal	1	1.4584574699401855	1.4584574699401855	0.040591802448034286	0.5918419361114502	0.03447641059756279	0.033917855471372604	1
25	63	centered_logit	canonical_perturbation	1	2.0775532722473145	2.0775532722473145	0.2134004682302475	0.008118666708469391	0.031904954463243484	0.03202506899833679	1
25	127	centered_logit	canonical_perturbation	1	5.2556843757629395	5.2556843757629395	0.22128158807754517	0.00604362552985549	0.024179507046937943	0.024015864357352257	1
25	191	centered_logit	canonical_perturbation	1	1.375584602355957	1.375584602355957	0.14804551005363464	0.042025502771139145	0.024935778230428696	0.025293856859207153	1
25	255	centered_logit	canonical_perturbation	1	3.6854424476623535	3.6854424476623535	0.3003860414028168	0.004464756231755018	0.03383057191967964	0.033917855471372604	0
25	63	centered_logit	random_sphere	1	4.523253917694092	4.523253917694092	31.25560760498047	4.1167917515849695e-05	1.4180212020874023	0.03202506899833679	0
25	127	centered_logit	random_sphere	1	8.706167221069336	8.706167221069336	33.97920608520508	0.0004484976234380156	1.4659810066223145	0.024015864357352257	0
25	191	centered_logit	random_sphere	1	2.5047850608825684	2.5047850608825684	30.485658645629883	0.0004680032143369317	1.3962743282318115	0.025293856859207153	0
25	255	centered_logit	random_sphere	1	7.260944366455078	7.260944366455078	29.240676879882812	5.992416845401749e-05	1.4402365684509277	0.033917855471372604	0
25	63	inverse_hidden	proposal	1	0.049292389303445816	2.5128366947174072	0.049292389303445816	0.0033022568095475435	0.031779371201992035	0.03202506899833679	0
25	127	inverse_hidden	proposal	1	0.024107975885272026	3.9953458309173584	0.024107975885272026	0.02576414868235588	0.023517446592450142	0.024015864357352257	1
25	191	inverse_hidden	proposal	1	0.03254670649766922	2.831357002258301	0.03254670649766922	0.0004549064324237406	0.024675752967596054	0.025293856859207153	0
25	255	inverse_hidden	proposal	1	0.01502674538642168	2.264747142791748	0.01502674538642168	0.38714438676834106	0.0333821065723896	0.033917855471372604	1
25	63	inverse_hidden	canonical_perturbation	1	0.14583802223205566	2.486558437347412	0.14583802223205566	0.005136061459779739	0.03121483325958252	0.03202506899833679	1
25	127	inverse_hidden	canonical_perturbation	1	0.10651639103889465	6.637505531311035	0.10651639103889465	0.0024193166755139828	0.023307107388973236	0.024015864357352257	1
25	191	inverse_hidden	canonical_perturbation	1	0.0962805524468422	1.7084884643554688	0.0962805524468422	0.020347239449620247	0.024623826146125793	0.025293856859207153	0
25	255	inverse_hidden	canonical_perturbation	1	0.21770969033241272	4.331228256225586	0.21770969033241272	0.002218057168647647	0.03328922390937805	0.033917855471372604	0
25	63	inverse_hidden	random_sphere	1	31.256332397460938	4.578361511230469	31.256332397460938	3.891439700964838e-05	1.418045997619629	0.03202506899833679	0
25	127	inverse_hidden	random_sphere	1	33.97643280029297	8.803752899169922	33.97643280029297	0.00042005087016150355	1.466024398803711	0.024015864357352257	0
25	191	inverse_hidden	random_sphere	1	30.483810424804688	2.5356197357177734	30.483810424804688	0.00044418545439839363	1.3963102102279663	0.025293856859207153	0
25	255	inverse_hidden	random_sphere	1	29.238910675048828	7.35565710067749	29.238910675048828	5.5733406043145806e-05	1.4403126239776611	0.033917855471372604	0
24	63	centered_logit	proposal	2	2.502572536468506	2.502572536468506	0.03503350168466568	0.00047893571900203824	0.027698298916220665	0.027878977358341217	0
24	127	centered_logit	proposal	2	1.4439948797225952	1.4439948797225952	0.053709976375103	0.06845656037330627	0.02470572479069233	0.024241358041763306	1
24	191	centered_logit	proposal	2	1.0711593627929688	1.0711593627929688	0.04060070961713791	0.4689309895038605	0.02807493321597576	0.027229001745581627	1
24	255	centered_logit	proposal	2	1.3115278482437134	1.3115278482437134	0.027865314856171608	0.1857834756374359	0.02529235929250717	0.025328660383820534	1
24	63	centered_logit	canonical_perturbation	2	1.202073335647583	1.202073335647583	0.06541435420513153	0.024296345189213753	0.027958732098340988	0.027878977358341217	1
24	127	centered_logit	canonical_perturbation	2	1.4470278024673462	1.4470278024673462	0.16605162620544434	0.010701525025069714	0.02516193687915802	0.024241358041763306	1
24	191	centered_logit	canonical_perturbation	2	3.0100924968719482	3.0100924968719482	0.12585368752479553	0.09998273849487305	0.027743158861994743	0.027229001745581627	1
24	255	centered_logit	canonical_perturbation	2	2.398853063583374	2.398853063583374	0.12794409692287445	0.0033187547232955694	0.025346646085381508	0.025328660383820534	1
24	63	centered_logit	random_sphere	2	3.1514105796813965	3.1514105796813965	25.716136932373047	6.683309038635343e-05	1.42620849609375	0.027878977358341217	0
24	127	centered_logit	random_sphere	2	2.222665786743164	2.222665786743164	28.809938430786133	0.0001644928561290726	1.4052804708480835	0.024241358041763306	0
24	191	centered_logit	random_sphere	2	8.45326042175293	8.45326042175293	29.388240814208984	0.00024264957755804062	1.4111683368682861	0.027229001745581627	0
24	255	centered_logit	random_sphere	2	4.5283050537109375	4.5283050537109375	28.264083862304688	6.0307775129331276e-05	1.3852256536483765	0.025328660383820534	0
24	63	inverse_hidden	proposal	2	0.01876443438231945	3.088135242462158	0.01876443438231945	0.0001203411229653284	0.02718307264149189	0.027878977358341217	0
24	127	inverse_hidden	proposal	2	0.028089091181755066	2.9407355785369873	0.028089091181755066	5.312236680765636e-05	0.02313525415956974	0.024241358041763306	0
24	191	inverse_hidden	proposal	2	0.00827464647591114	3.9616169929504395	0.00827464647591114	0.05716821551322937	0.026213742792606354	0.027229001745581627	0
24	255	inverse_hidden	proposal	2	0.006072484888136387	6.5830278396606445	0.006072484888136387	0.005573917645961046	0.02468016743659973	0.025328660383820534	0
24	63	inverse_hidden	canonical_perturbation	2	0.05712522193789482	2.743985176086426	0.05712522193789482	0.000588967464864254	0.02673845738172531	0.027878977358341217	0
24	127	inverse_hidden	canonical_perturbation	2	0.04749441519379616	2.683030605316162	0.04749441519379616	0.0008554741507396102	0.023400388658046722	0.024241358041763306	0
24	191	inverse_hidden	canonical_perturbation	2	0.042829323559999466	6.771039009094238	0.042829323559999466	0.004926041699945927	0.026315243914723396	0.027229001745581627	0
24	255	inverse_hidden	canonical_perturbation	2	0.04704483225941658	5.309137344360352	0.04704483225941658	0.000573683821130544	0.024305090308189392	0.025328660383820534	0
24	63	inverse_hidden	random_sphere	2	25.707735061645508	3.2178404331207275	25.707735061645508	6.0024845879524946e-05	1.4264581203460693	0.027878977358341217	0
24	127	inverse_hidden	random_sphere	2	28.80966567993164	2.272613763809204	28.80966567993164	0.00014627940254285932	1.4057307243347168	0.024241358041763306	0
24	191	inverse_hidden	random_sphere	2	29.366151809692383	8.659553527832031	29.366151809692383	0.00021049224596936256	1.4115101099014282	0.027229001745581627	0
24	255	inverse_hidden	random_sphere	2	28.267786026000977	4.6403279304504395	28.267786026000977	5.954891094006598e-05	1.385068416595459	0.025328660383820534	0
25	63	centered_logit	proposal	2	1.1682307720184326	1.1682307720184326	0.0431697703897953	0.12840411067008972	0.032646872103214264	0.03202506899833679	0
25	127	centered_logit	proposal	2	1.4402523040771484	1.4402523040771484	0.04502188414335251	0.3102318346500397	0.02544991858303547	0.024015864357352257	1
25	191	centered_logit	proposal	2	1.7497767210006714	1.7497767210006714	0.030401311814785004	0.0840550884604454	0.025412311777472496	0.025293856859207153	1
25	255	centered_logit	proposal	2	1.1596018075942993	1.1596018075942993	0.05354873836040497	0.6659464836120605	0.03507676720619202	0.033917855471372604	1
25	63	centered_logit	canonical_perturbation	2	1.4582791328430176	1.4582791328430176	0.1466066837310791	0.045298539102077484	0.03198658302426338	0.03202506899833679	1
25	127	centered_logit	canonical_perturbation	2	3.77824068069458	3.77824068069458	0.1814032346010208	0.031097345054149628	0.024525191634893417	0.024015864357352257	1
25	191	centered_logit	canonical_perturbation	2	1.126165509223938	1.126165509223938	0.1088930070400238	0.16233833134174347	0.024917999282479286	0.025293856859207153	1
25	255	centered_logit	canonical_perturbation	2	2.793649196624756	2.793649196624756	0.21406778693199158	0.013514264486730099	0.03399767354130745	0.033917855471372604	0
25	63	centered_logit	random_sphere	2	4.469448566436768	4.469448566436768	31.25399398803711	4.358568548923358e-05	1.4179315567016602	0.03202506899833679	0
25	127	centered_logit	random_sphere	2	8.609903335571289	8.609903335571289	33.97795104980469	0.0004783706972375512	1.4659239053726196	0.024015864357352257	0
25	191	centered_logit	random_sphere	2	2.4740874767303467	2.4740874767303467	30.48529815673828	0.0004933010786771774	1.3961336612701416	0.025293856859207153	0
25	255	centered_logit	random_sphere	2	7.166154861450195	7.166154861450195	29.240325927734375	6.452319212257862e-05	1.4401170015335083	0.033917855471372604	0
25	63	inverse_hidden	proposal	2	0.016266226768493652	2.423635482788086	0.016266226768493652	0.0055590225383639336	0.03162625432014465	0.03202506899833679	0
25	127	inverse_hidden	proposal	2	0.011252427473664284	3.4267380237579346	0.011252427473664284	0.05753926560282707	0.0231395922601223	0.024015864357352257	1
25	191	inverse_hidden	proposal	2	0.012801142409443855	1.624557375907898	0.012801142409443855	0.01937207579612732	0.024249885231256485	0.025293856859207153	0
25	255	inverse_hidden	proposal	2	0.028034918010234833	6.381999969482422	0.028034918010234833	0.0004595658101607114	0.033084437251091	0.033917855471372604	0
25	63	inverse_hidden	canonical_perturbation	2	0.07215580344200134	2.4787979125976562	0.07215580344200134	0.009059381671249866	0.030619099736213684	0.03202506899833679	1
25	127	inverse_hidden	canonical_perturbation	2	0.04607424512505531	7.3386921882629395	0.04607424512505531	0.001475354889407754	0.022916119545698166	0.024015864357352257	0
25	191	inverse_hidden	canonical_perturbation	2	0.047810811549425125	3.034092426300049	0.047810811549425125	0.0016379888402298093	0.024243474006652832	0.025293856859207153	0
25	255	inverse_hidden	canonical_perturbation	2	0.11316565424203873	4.275548934936523	0.11316565424203873	0.0023331877309828997	0.032802462577819824	0.033917855471372604	0
25	63	inverse_hidden	random_sphere	2	31.25540542602539	4.578913688659668	31.25540542602539	3.896378620993346e-05	1.4180023670196533	0.03202506899833679	0
25	127	inverse_hidden	random_sphere	2	33.97233963012695	8.805018424987793	33.97233963012695	0.0004195045621600002	1.4660112857818604	0.024015864357352257	0
25	191	inverse_hidden	random_sphere	2	30.481538772583008	2.535179615020752	30.481538772583008	0.00044430929119698703	1.3962008953094482	0.025293856859207153	0
25	255	inverse_hidden	random_sphere	2	29.236696243286133	7.3547468185424805	29.236696243286133	5.583748497883789e-05	1.4402695894241333	0.033917855471372604	0
24	63	centered_logit	proposal	4	1.0580904483795166	1.0580904483795166	0.050532106310129166	0.06397099792957306	0.02861429750919342	0.027878977358341217	1
24	127	centered_logit	proposal	4	1.0053536891937256	1.0053536891937256	0.054505351930856705	0.9426369071006775	0.026151159778237343	0.024241358041763306	1
24	191	centered_logit	proposal	4	0.7439544200897217	0.7439544200897217	0.04657183215022087	0.6405359506607056	0.029347030445933342	0.027229001745581627	1
24	255	centered_logit	proposal	4	1.2888400554656982	1.2888400554656982	0.0458516962826252	0.002561302622780204	0.02614697627723217	0.025328660383820534	0
24	63	centered_logit	canonical_perturbation	4	0.8721071481704712	0.8721071481704712	0.0989827811717987	0.062157485634088516	0.028752347454428673	0.027878977358341217	1
24	127	centered_logit	canonical_perturbation	4	1.1036367416381836	1.1036367416381836	0.11944705247879028	0.07783042639493942	0.02667427435517311	0.024241358041763306	1
24	191	centered_logit	canonical_perturbation	4	1.6298961639404297	1.6298961639404297	0.09420681744813919	0.49902641773223877	0.02901758812367916	0.027229001745581627	1
24	255	centered_logit	canonical_perturbation	4	1.7688242197036743	1.7688242197036743	0.07571660727262497	5.30217366758734e-05	0.026207873597741127	0.025328660383820534	0
24	63	centered_logit	random_sphere	4	3.0883305072784424	3.0883305072784424	25.721303939819336	7.406695658573881e-05	1.4261609315872192	0.027878977358341217	0
24	127	centered_logit	random_sphere	4	2.175485134124756	2.175485134124756	28.809938430786133	0.00018442721921019256	1.4048267602920532	0.024241358041763306	0
24	191	centered_logit	random_sphere	4	8.250371932983398	8.250371932983398	29.401132583618164	0.0002787257544696331	1.411024570465088	0.027229001745581627	0
24	255	centered_logit	random_sphere	4	4.417578220367432	4.417578220367432	28.25020980834961	6.134319119155407e-05	1.3855384588241577	0.025328660383820534	0
24	63	inverse_hidden	proposal	4	0.02214580960571766	2.0482983589172363	0.02214580960571766	0.005198982544243336	0.026920229196548462	0.027878977358341217	0
24	127	inverse_hidden	proposal	4	0.016867628321051598	2.588470220565796	0.016867628321051598	0.00035199348349124193	0.022662676870822906	0.024241358041763306	0
24	191	inverse_hidden	proposal	4	0.014627218246459961	8.715922355651855	0.014627218246459961	7.18470910214819e-05	0.025651786476373672	0.027229001745581627	0
24	255	inverse_hidden	proposal	4	0.020084118470549583	3.3365142345428467	0.020084118470549583	0.037958066910505295	0.024419303983449936	0.025328660383820534	1
24	63	inverse_hidden	canonical_perturbation	4	0.031529463827610016	2.8049795627593994	0.031529463827610016	0.0009420086280442774	0.02593984454870224	0.027878977358341217	0
24	127	inverse_hidden	canonical_perturbation	4	0.06173206865787506	2.8808512687683105	0.06173206865787506	0.0003147635725326836	0.022928329184651375	0.024241358041763306	0
24	191	inverse_hidden	canonical_perturbation	4	0.07276000827550888	8.747346878051758	0.07276000827550888	0.0010314927203580737	0.0258486308157444	0.027229001745581627	0
24	255	inverse_hidden	canonical_perturbation	4	0.08347033709287643	4.883543014526367	0.08347033709287643	0.00011399567301850766	0.023855125531554222	0.025328660383820534	0
24	63	inverse_hidden	random_sphere	4	25.704378128051758	3.219741106033325	25.704378128051758	5.981992944725789e-05	1.4266536235809326	0.027878977358341217	0
24	127	inverse_hidden	random_sphere	4	28.808855056762695	2.27311372756958	28.808855056762695	0.00014578601985704154	1.4057323932647705	0.024241358041763306	0
24	191	inverse_hidden	random_sphere	4	29.356689453125	8.659947395324707	29.356689453125	0.00021004103473387659	1.4117025136947632	0.027229001745581627	0
24	255	inverse_hidden	random_sphere	4	28.257038116455078	4.638684272766113	28.257038116455078	5.986859468976036e-05	1.3852078914642334	0.025328660383820534	0
25	63	centered_logit	proposal	4	0.8489421606063843	0.8489421606063843	0.052568547427654266	0.48027676343917847	0.03296520560979843	0.03202506899833679	1
25	127	centered_logit	proposal	4	1.0352503061294556	1.0352503061294556	0.047728799283504486	0.5390813946723938	0.027296463027596474	0.024015864357352257	1
25	191	centered_logit	proposal	4	0.9980266690254211	0.9980266690254211	0.07652230560779572	0.42959466576576233	0.026645032688975334	0.025293856859207153	1
25	255	centered_logit	proposal	4	0.8552690744400024	0.8552690744400024	0.06514135748147964	0.8401405811309814	0.036402348428964615	0.033917855471372604	1
25	63	centered_logit	canonical_perturbation	4	0.9378496408462524	0.9378496408462524	0.10376997292041779	0.376287043094635	0.03267233818769455	0.03202506899833679	1
25	127	centered_logit	canonical_perturbation	4	1.798334002494812	1.798334002494812	0.12376746535301208	0.28374847769737244	0.0259238388389349	0.024015864357352257	1
25	191	centered_logit	canonical_perturbation	4	0.8687703609466553	0.8687703609466553	0.09572530537843704	0.5143294334411621	0.025685003027319908	0.025293856859207153	1
25	255	centered_logit	canonical_perturbation	4	1.7268705368041992	1.7268705368041992	0.13124196231365204	0.07111270725727081	0.035032011568546295	0.033917855471372604	0
25	63	centered_logit	random_sphere	4	4.363868713378906	4.363868713378906	31.251056671142578	4.881423956248909e-05	1.4177544116973877	0.03202506899833679	0
25	127	centered_logit	random_sphere	4	8.419496536254883	8.419496536254883	33.97574996948242	0.0005436741630546749	1.4658070802688599	0.024015864357352257	0
25	191	centered_logit	random_sphere	4	2.414468765258789	2.414468765258789	30.484699249267578	0.0005478478851728141	1.3958547115325928	0.025293856859207153	0
25	255	centered_logit	random_sphere	4	6.979094505310059	6.979094505310059	29.239913940429688	7.47238373151049e-05	1.439877986907959	0.033917855471372604	0
25	63	inverse_hidden	proposal	4	0.022959906607866287	2.451439380645752	0.022959906607866287	0.002903255634009838	0.03145647794008255	0.03202506899833679	0
25	127	inverse_hidden	proposal	4	0.009784583933651447	6.098505973815918	0.009784583933651447	0.0012305333511903882	0.02267209067940712	0.024015864357352257	0
25	191	inverse_hidden	proposal	4	0.009304066188633442	1.6346136331558228	0.009304066188633442	0.023622453212738037	0.023659057915210724	0.025293856859207153	1
25	255	inverse_hidden	proposal	4	0.01484229788184166	5.557101726531982	0.01484229788184166	0.0010583399562165141	0.03268052637577057	0.033917855471372604	0
25	63	inverse_hidden	canonical_perturbation	4	0.07331373542547226	3.8476061820983887	0.07331373542547226	0.0010131067829206586	0.029815953224897385	0.03202506899833679	0
25	127	inverse_hidden	canonical_perturbation	4	0.05186215415596962	9.720901489257812	0.05186215415596962	0.0005298346513882279	0.022438092157244682	0.024015864357352257	0
25	191	inverse_hidden	canonical_perturbation	4	0.07650121301412582	4.188281059265137	0.07650121301412582	0.00020806494285352528	0.02380152978003025	0.025293856859207153	0
25	255	inverse_hidden	canonical_perturbation	4	0.08129601925611496	6.435141563415527	0.08129601925611496	0.00016806638450361788	0.032209187746047974	0.033917855471372604	0
25	63	inverse_hidden	random_sphere	4	31.253572463989258	4.579649925231934	31.253572463989258	3.9062273572199047e-05	1.417912483215332	0.03202506899833679	0
25	127	inverse_hidden	random_sphere	4	33.96434783935547	8.80721664428711	33.96434783935547	0.00041858237818814814	1.4659864902496338	0.024015864357352257	0
25	191	inverse_hidden	random_sphere	4	30.477182388305664	2.5343151092529297	30.477182388305664	0.00044446351239457726	1.3959850072860718	0.025293856859207153	0
25	255	inverse_hidden	random_sphere	4	29.23232650756836	7.352791786193848	29.23232650756836	5.607195998891257e-05	1.4401880502700806	0.033917855471372604	0
24	63	centered_logit	proposal	8	1.021512508392334	1.021512508392334	0.1087585836648941	0.1397208273410797	0.03072952851653099	0.027878977358341217	1
24	127	centered_logit	proposal	8	0.9202279448509216	0.9202279448509216	0.07502834498882294	0.9379162192344666	0.028701327741146088	0.024241358041763306	1
24	191	centered_logit	proposal	8	0.6495525240898132	0.6495525240898132	0.0683102160692215	0.7998349070549011	0.03226981684565544	0.027229001745581627	1
24	255	centered_logit	proposal	8	1.1719350814819336	1.1719350814819336	0.11773928999900818	0.021934276446700096	0.028104040771722794	0.025328660383820534	1
24	63	centered_logit	canonical_perturbation	8	0.6909036636352539	0.6909036636352539	0.1184835135936737	0.20752473175525665	0.030943814665079117	0.027878977358341217	1
24	127	centered_logit	canonical_perturbation	8	0.7062053084373474	0.7062053084373474	0.16228635609149933	0.9381905198097229	0.030282387509942055	0.024241358041763306	1
24	191	centered_logit	canonical_perturbation	8	0.9217277765274048	0.9217277765274048	0.15075844526290894	0.6985675096511841	0.033025965094566345	0.027229001745581627	1
24	255	centered_logit	canonical_perturbation	8	1.0752400159835815	1.0752400159835815	0.16201642155647278	0.011384306475520134	0.028421765193343163	0.025328660383820534	0
24	63	centered_logit	random_sphere	8	2.9663772583007812	2.9663772583007812	25.732013702392578	9.054278780240566e-05	1.426079273223877	0.027878977358341217	0
24	127	centered_logit	random_sphere	8	2.088137149810791	2.088137149810791	28.811206817626953	0.00023184683232102543	1.403879165649414	0.024241358041763306	0
24	191	centered_logit	random_sphere	8	7.855255126953125	7.855255126953125	29.428468704223633	0.00036634152638725936	1.4107376337051392	0.027229001745581627	0
24	255	centered_logit	random_sphere	8	4.205234527587891	4.205234527587891	28.223876953125	6.333946657832712e-05	1.3861783742904663	0.025328660383820534	0
24	63	inverse_hidden	proposal	8	0.014570062980055809	5.5250067710876465	0.014570062980055809	2.7654928658193967e-07	0.02694614976644516	0.027878977358341217	0
24	127	inverse_hidden	proposal	8	0.006598824169486761	3.1592888832092285	0.006598824169486761	0.0002227735094493255	0.02216866984963417	0.024241358041763306	0
24	191	inverse_hidden	proposal	8	0.010140988975763321	9.182374954223633	0.010140988975763321	0.0006873840466141701	0.025049829855561256	0.027229001745581627	0
24	255	inverse_hidden	proposal	8	0.013352830894291401	3.1232895851135254	0.013352830894291401	0.0001221268466906622	0.023987554013729095	0.025328660383820534	0
24	63	inverse_hidden	canonical_perturbation	8	0.022755807265639305	2.2161073684692383	0.022755807265639305	0.005904819816350937	0.0256513599306345	0.027878977358341217	1
24	127	inverse_hidden	canonical_perturbation	8	0.02487013302743435	1.5593301057815552	0.02487013302743435	0.030031513422727585	0.02335289493203163	0.024241358041763306	1
24	191	inverse_hidden	canonical_perturbation	8	0.03380892798304558	8.988508224487305	0.03380892798304558	0.0012841238640248775	0.025723284110426903	0.027229001745581627	0
24	255	inverse_hidden	canonical_perturbation	8	0.03179430961608887	4.320934295654297	0.03179430961608887	0.0004005705995950848	0.02369549684226513	0.025328660383820534	0
24	63	inverse_hidden	random_sphere	8	25.697914123535156	3.223749876022339	25.697914123535156	5.9468158724484965e-05	1.4270390272140503	0.027878977358341217	0
24	127	inverse_hidden	random_sphere	8	28.807376861572266	2.2740378379821777	28.807376861572266	0.00014492387708742172	1.4057213068008423	0.024241358041763306	0
24	191	inverse_hidden	random_sphere	8	29.33864974975586	8.661921501159668	29.33864974975586	0.00020917299843858927	1.4120421409606934	0.027229001745581627	0
24	255	inverse_hidden	random_sphere	8	28.236095428466797	4.634787559509277	28.236095428466797	6.0492158809211105e-05	1.3853940963745117	0.025328660383820534	0
25	63	centered_logit	proposal	8	0.7187869548797607	0.7187869548797607	0.0631878674030304	0.6804919242858887	0.03359151631593704	0.03202506899833679	1
25	127	centered_logit	proposal	8	0.8497562408447266	0.8497562408447266	0.0680183619260788	0.7401350736618042	0.030423374846577644	0.024015864357352257	1
25	191	centered_logit	proposal	8	1.0995750427246094	1.0995750427246094	0.16944818198680878	0.27745506167411804	0.028847888112068176	0.025293856859207153	1
25	255	centered_logit	proposal	8	0.7045637369155884	0.7045637369155884	0.09054326266050339	0.9326059818267822	0.03896040841937065	0.033917855471372604	1
25	63	centered_logit	canonical_perturbation	8	0.7210121154785156	0.7210121154785156	0.138919860124588	0.6986925601959229	0.03549810126423836	0.03202506899833679	1
25	127	centered_logit	canonical_perturbation	8	1.0232291221618652	1.0232291221618652	0.13111504912376404	0.5476624369621277	0.03011408820748329	0.024015864357352257	1
25	191	centered_logit	canonical_perturbation	8	0.6488498449325562	0.6488498449325562	0.14119023084640503	0.7931120991706848	0.028246106579899788	0.025293856859207153	1
25	255	centered_logit	canonical_perturbation	8	1.1263704299926758	1.1263704299926758	0.15579721331596375	0.3288504183292389	0.03887861222028732	0.033917855471372604	1
25	63	centered_logit	random_sphere	8	4.1610612869262695	4.1610612869262695	31.246368408203125	6.102901170379482e-05	1.4174171686172485	0.03202506899833679	0
25	127	centered_logit	random_sphere	8	8.04751968383789	8.04751968383789	33.97265625	0.0006993371061980724	1.465553641319275	0.024015864357352257	0
25	191	centered_logit	random_sphere	8	2.3024215698242188	2.3024215698242188	30.484020233154297	0.0006738774827681482	1.3953100442886353	0.025293856859207153	0
25	255	centered_logit	random_sphere	8	6.615447998046875	6.615447998046875	29.24015235900879	9.980599133996293e-05	1.4393978118896484	0.033917855471372604	0
25	63	inverse_hidden	proposal	8	0.009841523133218288	3.2056326866149902	0.009841523133218288	0.002392177004367113	0.03115587681531906	0.03202506899833679	0
25	127	inverse_hidden	proposal	8	0.007088358048349619	6.932178497314453	0.007088358048349619	0.0008323965594172478	0.022153789177536964	0.024015864357352257	0
25	191	inverse_hidden	proposal	8	0.00897405855357647	6.028252124786377	0.00897405855357647	1.3794503502140287e-05	0.023313965648412704	0.025293856859207153	0
25	255	inverse_hidden	proposal	8	0.009200949221849442	7.8993449211120605	0.009200949221849442	0.00036883470602333546	0.03237946331501007	0.033917855471372604	0
25	63	inverse_hidden	canonical_perturbation	8	0.07239869982004166	4.342884540557861	0.07239869982004166	0.0007157532963901758	0.029179956763982773	0.03202506899833679	0
25	127	inverse_hidden	canonical_perturbation	8	0.05177931487560272	10.419628143310547	0.05177931487560272	0.00030191769474186003	0.022211849689483643	0.024015864357352257	0
25	191	inverse_hidden	canonical_perturbation	8	0.03613124042749405	4.432620048522949	0.03613124042749405	0.0003774900396820158	0.023868808522820473	0.025293856859207153	0
25	255	inverse_hidden	canonical_perturbation	8	0.11120270192623138	7.9197468757629395	0.11120270192623138	6.432786904042587e-05	0.031820908188819885	0.033917855471372604	0
25	63	inverse_hidden	random_sphere	8	31.24986457824707	4.580113887786865	31.24986457824707	3.928963633370586e-05	1.4176740646362305	0.03202506899833679	0
25	127	inverse_hidden	random_sphere	8	33.94900894165039	8.811471939086914	33.94900894165039	0.0004170409811194986	1.465945839881897	0.024015864357352257	0
25	191	inverse_hidden	random_sphere	8	30.469301223754883	2.5322718620300293	30.469301223754883	0.0004449360421858728	1.3955804109573364	0.025293856859207153	0
25	255	inverse_hidden	random_sphere	8	29.22399139404297	7.3485307693481445	29.22399139404297	5.66109229112044e-05	1.4400416612625122	0.033917855471372604	0
24	63	centered_logit	proposal	16	0.7164774537086487	0.7164774537086487	0.13757826387882233	0.22898337244987488	0.03371187299489975	0.027878977358341217	1
24	127	centered_logit	proposal	16	0.6001029014587402	0.6001029014587402	0.0902433767914772	0.9868048429489136	0.03242673724889755	0.024241358041763306	1
24	191	centered_logit	proposal	16	0.5132650136947632	0.5132650136947632	0.0881444588303566	0.9339113235473633	0.036394838243722916	0.027229001745581627	1
24	255	centered_logit	proposal	16	0.7753219604492188	0.7753219604492188	0.10087793320417404	0.03431825712323189	0.030679382383823395	0.025328660383820534	1
24	63	centered_logit	canonical_perturbation	16	0.5342236757278442	0.5342236757278442	0.15631456673145294	0.5358225107192993	0.0358676016330719	0.027878977358341217	1
24	127	centered_logit	canonical_perturbation	16	0.5215634703636169	0.5215634703636169	0.17140386998653412	0.9957616925239563	0.03628796711564064	0.024241358041763306	1
24	191	centered_logit	canonical_perturbation	16	0.7288516759872437	0.7288516759872437	0.23604434728622437	0.7376044988632202	0.03995085135102272	0.027229001745581627	1
24	255	centered_logit	canonical_perturbation	16	0.7500338554382324	0.7500338554382324	0.13208016753196716	0.04250921681523323	0.03256986662745476	0.025328660383820534	1
24	63	centered_logit	random_sphere	16	2.739210844039917	2.739210844039917	25.753877639770508	0.0001326940255239606	1.4260152578353882	0.027878977358341217	0
24	127	centered_logit	random_sphere	16	1.9393651485443115	1.9393651485443115	28.817995071411133	0.00036544777685776353	1.401990532875061	0.024241358041763306	0
24	191	centered_logit	random_sphere	16	7.110543727874756	7.110543727874756	29.488636016845703	0.0006230411818251014	1.4101665019989014	0.027229001745581627	0
24	255	centered_logit	random_sphere	16	3.8186497688293457	3.8186497688293457	28.176773071289062	6.685002881567925e-05	1.387470006942749	0.025328660383820534	0
24	63	inverse_hidden	proposal	16	0.005920918192714453	2.279977798461914	0.005920918192714453	0.0022935857996344566	0.02683979831635952	0.027878977358341217	0
24	127	inverse_hidden	proposal	16	0.00816629733890295	2.240931510925293	0.00816629733890295	0.004319656640291214	0.021830840036273003	0.024241358041763306	0
24	191	inverse_hidden	proposal	16	0.0041693951934576035	4.789342880249023	0.0041693951934576035	0.2399151623249054	0.02466903068125248	0.027229001745581627	1
24	255	inverse_hidden	proposal	16	0.0032885768450796604	1.5091323852539062	0.0032885768450796604	0.011286689899861813	0.023492971435189247	0.025328660383820534	0
24	63	inverse_hidden	canonical_perturbation	16	0.012502621859312057	1.5882394313812256	0.012502621859312057	0.08594832569360733	0.026800500229001045	0.027878977358341217	1
24	127	inverse_hidden	canonical_perturbation	16	0.01711674965918064	2.5120511054992676	0.01711674965918064	0.011319726705551147	0.024776339530944824	0.024241358041763306	1
24	191	inverse_hidden	canonical_perturbation	16	0.018491992726922035	7.405508518218994	0.018491992726922035	0.004533866886049509	0.027356233447790146	0.027229001745581627	1
24	255	inverse_hidden	canonical_perturbation	16	0.01682048849761486	2.652385950088501	0.01682048849761486	0.010997896082699299	0.025537602603435516	0.025328660383820534	1
24	63	inverse_hidden	random_sphere	16	25.68563461303711	3.23214054107666	25.68563461303711	5.892913031857461e-05	1.4277909994125366	0.027878977358341217	0
24	127	inverse_hidden	random_sphere	16	28.80410385131836	2.2754666805267334	28.80410385131836	0.0001428334799129516	1.4055449962615967	0.024241358041763306	0
24	191	inverse_hidden	random_sphere	16	29.30748748779297	8.668840408325195	29.30748748779297	0.000206981974770315	1.4124937057495117	0.027229001745581627	0
24	255	inverse_hidden	random_sphere	16	28.19681739807129	4.625621318817139	28.19681739807129	6.167766696307808e-05	1.385535478591919	0.025328660383820534	0
25	63	centered_logit	proposal	16	0.5007702112197876	0.5007702112197876	0.08141528815031052	0.8936299681663513	0.035622041672468185	0.03202506899833679	1
25	127	centered_logit	proposal	16	0.5857086181640625	0.5857086181640625	0.08414669334888458	0.9183891415596008	0.03530838340520859	0.024015864357352257	1
25	191	centered_logit	proposal	16	0.7657867670059204	0.7657867670059204	0.1728920042514801	0.7193710207939148	0.03219974786043167	0.025293856859207153	1
25	255	centered_logit	proposal	16	0.5639448165893555	0.5639448165893555	0.13119779527187347	0.975078821182251	0.04308314248919487	0.033917855471372604	1
25	63	centered_logit	canonical_perturbation	16	0.5460554361343384	0.5460554361343384	0.1738251894712448	0.8268940448760986	0.03907258063554764	0.03202506899833679	1
25	127	centered_logit	canonical_perturbation	16	0.8971390724182129	0.8971390724182129	0.21343357861042023	0.6107355356216431	0.03714650496840477	0.024015864357352257	1
25	191	centered_logit	canonical_perturbation	16	0.43161746859550476	0.43161746859550476	0.12410055100917816	0.9885463714599609	0.03301144763827324	0.025293856859207153	1
25	255	centered_logit	canonical_perturbation	16	0.8777444362640381	0.8777444362640381	0.3141767978668213	0.620702862739563	0.04623468965291977	0.033917855471372604	1
25	63	centered_logit	random_sphere	16	3.79004168510437	3.79004168510437	31.241657257080078	9.407877223566175e-05	1.4167959690093994	0.03202506899833679	0
25	127	centered_logit	random_sphere	16	7.3412275314331055	7.3412275314331055	33.97148132324219	0.001137083861976862	1.464951753616333	0.024015864357352257	0
25	191	centered_logit	random_sphere	16	2.106482744216919	2.106482744216919	30.484773635864258	0.0010105912806466222	1.3942806720733643	0.025293856859207153	0
25	255	centered_logit	random_sphere	16	5.932727813720703	5.932727813720703	29.244768142700195	0.00017526104056742042	1.4384369850158691	0.033917855471372604	0
25	63	inverse_hidden	proposal	16	0.007373072672635317	2.3213210105895996	0.007373072672635317	0.025483030825853348	0.03090045228600502	0.03202506899833679	0
25	127	inverse_hidden	proposal	16	0.003486454952508211	2.718653678894043	0.003486454952508211	0.7105252742767334	0.021843282505869865	0.024015864357352257	1
25	191	inverse_hidden	proposal	16	0.004732209723442793	2.8649652004241943	0.004732209723442793	0.034901827573776245	0.023684948682785034	0.025293856859207153	0
25	255	inverse_hidden	proposal	16	0.0037771938368678093	2.89943265914917	0.0037771938368678093	0.8600366115570068	0.03264821320772171	0.033917855471372604	1
25	63	inverse_hidden	canonical_perturbation	16	0.04244435206055641	3.4509031772613525	0.04244435206055641	0.007308908272534609	0.030540967360138893	0.03202506899833679	1
25	127	inverse_hidden	canonical_perturbation	16	0.02922200784087181	7.42400598526001	0.02922200784087181	0.0020004757679998875	0.024129746481776237	0.024015864357352257	0
25	191	inverse_hidden	canonical_perturbation	16	0.017542799934744835	3.0885376930236816	0.017542799934744835	0.011644893325865269	0.026110263541340828	0.025293856859207153	1
25	255	inverse_hidden	canonical_perturbation	16	0.05189039558172226	4.819043159484863	0.05189039558172226	0.00946588534861803	0.03385432809591293	0.033917855471372604	1
25	63	inverse_hidden	random_sphere	16	31.242176055908203	4.581488609313965	31.242176055908203	3.986655065091327e-05	1.417114019393921	0.03202506899833679	0
25	127	inverse_hidden	random_sphere	16	33.92085266113281	8.824982643127441	33.92085266113281	0.00041329688974656165	1.46592116355896	0.024015864357352257	0
25	191	inverse_hidden	random_sphere	16	30.45522689819336	2.5274384021759033	30.45522689819336	0.00044810998952016234	1.394836187362671	0.025293856859207153	0
25	255	inverse_hidden	random_sphere	16	29.20884132385254	7.3414154052734375	29.20884132385254	5.741697896155529e-05	1.4398010969161987	0.033917855471372604	0
24	63	centered_logit	proposal	24	0.6493853330612183	0.6493853330612183	0.14149710536003113	0.4150714874267578	0.03572859242558479	0.027878977358341217	1
24	127	centered_logit	proposal	24	0.46220216155052185	0.46220216155052185	0.08431608974933624	0.9988355040550232	0.03462566062808037	0.024241358041763306	1
24	191	centered_logit	proposal	24	0.4103664755821228	0.4103664755821228	0.09419632703065872	0.9802747368812561	0.03899925574660301	0.027229001745581627	1
24	255	centered_logit	proposal	24	0.6515164375305176	0.6515164375305176	0.1070205494761467	0.22018490731716156	0.032259486615657806	0.025328660383820534	1
24	63	centered_logit	canonical_perturbation	24	0.43702512979507446	0.43702512979507446	0.15849311649799347	0.8537057042121887	0.03975895047187805	0.027878977358341217	1
24	127	centered_logit	canonical_perturbation	24	0.3534933030605316	0.3534933030605316	0.14925675094127655	0.9998379945755005	0.04031870886683464	0.024241358041763306	1
24	191	centered_logit	canonical_perturbation	24	0.5970261096954346	0.5970261096954346	0.22513329982757568	0.8947491645812988	0.04338154196739197	0.027229001745581627	1
24	255	centered_logit	canonical_perturbation	24	0.6032254695892334	0.6032254695892334	0.16848765313625336	0.262602835893631	0.036088187247514725	0.025328660383820534	1
24	63	centered_logit	random_sphere	24	2.5334508419036865	2.5334508419036865	25.77621841430664	0.00018941353482659906	1.4261095523834229	0.027878977358341217	0
24	127	centered_logit	random_sphere	24	1.8185656070709229	1.8185656070709229	28.828065872192383	0.0005708197131752968	1.4002455472946167	0.024241358041763306	0
24	191	centered_logit	random_sphere	24	6.429864883422852	6.429864883422852	29.55483627319336	0.001035634777508676	1.409590244293213	0.027229001745581627	0
24	255	centered_logit	random_sphere	24	3.4830305576324463	3.4830305576324463	28.137409210205078	6.945185305085033e-05	1.3887076377868652	0.025328660383820534	0
24	63	inverse_hidden	proposal	24	0.003910789266228676	2.2604570388793945	0.003910789266228676	0.0470615029335022	0.026468859985470772	0.027878977358341217	1
24	127	inverse_hidden	proposal	24	0.004471066873520613	2.6017889976501465	0.004471066873520613	0.0077163162641227245	0.021430427208542824	0.024241358041763306	1
24	191	inverse_hidden	proposal	24	0.0025263105053454638	4.981418609619141	0.0025263105053454638	0.5613994002342224	0.024748483672738075	0.027229001745581627	1
24	255	inverse_hidden	proposal	24	0.0022201440297067165	1.574359655380249	0.0022201440297067165	0.684383749961853	0.023631244897842407	0.025328660383820534	1
24	63	inverse_hidden	canonical_perturbation	24	0.007602036464959383	2.8820414543151855	0.007602036464959383	0.012969987466931343	0.026780327782034874	0.027878977358341217	1
24	127	inverse_hidden	canonical_perturbation	24	0.010294883511960506	1.2169934511184692	0.010294883511960506	0.5832529067993164	0.02536948397755623	0.024241358041763306	1
24	191	inverse_hidden	canonical_perturbation	24	0.013521489687263966	7.632616996765137	0.013521489687263966	0.015560113824903965	0.0278841070830822	0.027229001745581627	1
24	255	inverse_hidden	canonical_perturbation	24	0.011355134658515453	2.1819162368774414	0.011355134658515453	0.0024966278579086065	0.026500612497329712	0.025328660383820534	0
24	63	inverse_hidden	random_sphere	24	25.674047470092773	3.241400718688965	25.674047470092773	5.8240326325176284e-05	1.4284950494766235	0.027878977358341217	0
24	127	inverse_hidden	random_sphere	24	28.800294876098633	2.276641368865967	28.800294876098633	0.00014054268831387162	1.4053056240081787	0.024241358041763306	0
24	191	inverse_hidden	random_sphere	24	29.282594680786133	8.674233436584473	29.282594680786133	0.00020520661200862378	1.41274893283844	0.027229001745581627	0
24	255	inverse_hidden	random_sphere	24	28.161182403564453	4.6145734786987305	28.161182403564453	6.281915557337925e-05	1.3854464292526245	0.025328660383820534	0
25	63	centered_logit	proposal	24	0.4089488387107849	0.4089488387107849	0.08364575356245041	0.9659876823425293	0.03718477860093117	0.03202506899833679	1
25	127	centered_logit	proposal	24	0.4915541708469391	0.4915541708469391	0.09166567772626877	0.9677087068557739	0.03839850053191185	0.024015864357352257	1
25	191	centered_logit	proposal	24	0.6207817196846008	0.6207817196846008	0.17546449601650238	0.8800292611122131	0.034868091344833374	0.025293856859207153	1
25	255	centered_logit	proposal	24	0.46096956729888916	0.46096956729888916	0.1279914379119873	0.9938643574714661	0.0458863265812397	0.033917855471372604	1
25	63	centered_logit	canonical_perturbation	24	0.44691935181617737	0.44691935181617737	0.17876407504081726	0.9497410655021667	0.04219145327806473	0.03202506899833679	1
25	127	centered_logit	canonical_perturbation	24	0.7261918783187866	0.7261918783187866	0.2607242166996002	0.7411932945251465	0.04093881696462631	0.024015864357352257	1
25	191	centered_logit	canonical_perturbation	24	0.32164260745048523	0.32164260745048523	0.12807267904281616	0.9978694915771484	0.036851998418569565	0.025293856859207153	1
25	255	centered_logit	canonical_perturbation	24	0.6968114376068115	0.6968114376068115	0.27658066153526306	0.8921666741371155	0.05012873187661171	0.033917855471372604	1
25	63	centered_logit	random_sphere	24	3.465690851211548	3.465690851211548	31.2441349029541	0.00014245259808376431	1.4162306785583496	0.03202506899833679	0
25	127	centered_logit	random_sphere	24	6.6881561279296875	6.6881561279296875	33.97654342651367	0.0018086963100358844	1.464275598526001	0.024015864357352257	0
25	191	centered_logit	random_sphere	24	1.944702386856079	1.944702386856079	30.48834800720215	0.0014922054251655936	1.393361210823059	0.025293856859207153	0
25	255	centered_logit	random_sphere	24	5.312779426574707	5.312779426574707	29.254993438720703	0.0003009455103892833	1.4375115633010864	0.033917855471372604	0
25	63	inverse_hidden	proposal	24	0.003327419515699148	1.328905463218689	0.003327419515699148	0.4074373245239258	0.03043852187693119	0.03202506899833679	0
25	127	inverse_hidden	proposal	24	0.002232329221442342	1.995179295539856	0.002232329221442342	0.9431195259094238	0.021637652069330215	0.024015864357352257	1
25	191	inverse_hidden	proposal	24	0.00281675742007792	3.316523313522339	0.00281675742007792	0.1168798878788948	0.023998135700821877	0.025293856859207153	1
25	255	inverse_hidden	proposal	24	0.002805365016683936	2.4204347133636475	0.002805365016683936	0.9344818592071533	0.03241032361984253	0.033917855471372604	1
25	63	inverse_hidden	canonical_perturbation	24	0.024150798097252846	4.686602592468262	0.024150798097252846	0.001497897901572287	0.030972201377153397	0.03202506899833679	0
25	127	inverse_hidden	canonical_perturbation	24	0.01602490246295929	10.108753204345703	0.01602490246295929	0.002791794016957283	0.025143366307020187	0.024015864357352257	1
25	191	inverse_hidden	canonical_perturbation	24	0.013487969525158405	4.399526596069336	0.013487969525158405	0.0025876187719404697	0.027270754799246788	0.025293856859207153	0
25	255	inverse_hidden	canonical_perturbation	24	0.025766082108020782	8.411345481872559	0.025766082108020782	0.0005933076026849449	0.03500128164887428	0.033917855471372604	0
25	63	inverse_hidden	random_sphere	24	31.23372459411621	4.584725379943848	31.23372459411621	4.040015483042225e-05	1.4165072441101074	0.03202506899833679	0
25	127	inverse_hidden	random_sphere	24	33.89558029174805	8.841886520385742	33.89558029174805	0.00040904522757045925	1.4659714698791504	0.024015864357352257	0
25	191	inverse_hidden	random_sphere	24	30.44321632385254	2.523804187774658	30.44321632385254	0.0004515830078162253	1.3941632509231567	0.025293856859207153	0
25	255	inverse_hidden	random_sphere	24	29.195302963256836	7.334576606750488	29.195302963256836	5.803738167742267e-05	1.4396687746047974	0.033917855471372604	0
24	63	centered_logit	proposal	40	0.52646803855896	0.52646803855896	0.1525467187166214	0.7412233352661133	0.03800824284553528	0.027878977358341217	1
24	127	centered_logit	proposal	40	0.27995195984840393	0.27995195984840393	0.07785966992378235	0.9999576807022095	0.03607678413391113	0.024241358041763306	1
24	191	centered_logit	proposal	40	0.2869861125946045	0.2869861125946045	0.08581452816724777	0.9970471262931824	0.041883524507284164	0.027229001745581627	1
24	255	centered_logit	proposal	40	0.5210990309715271	0.5210990309715271	0.10040105879306793	0.4621351659297943	0.03382616117596626	0.025328660383820534	1
24	63	centered_logit	canonical_perturbation	40	0.28867143392562866	0.28867143392562866	0.13168708980083466	0.9925887584686279	0.0455336831510067	0.027878977358341217	1
24	127	centered_logit	canonical_perturbation	40	0.18588125705718994	0.18588125705718994	0.12313337624073029	0.9999972581863403	0.044863391667604446	0.024241358041763306	1
24	191	centered_logit	canonical_perturbation	40	0.4403700828552246	0.4403700828552246	0.2111840844154358	0.9745645523071289	0.04758657515048981	0.027229001745581627	1
24	255	centered_logit	canonical_perturbation	40	0.4380369782447815	0.4380369782447815	0.1372831165790558	0.7437306642532349	0.03945314511656761	0.025328660383820534	1
24	63	centered_logit	random_sphere	40	2.179868221282959	2.179868221282959	25.820091247558594	0.0003607482649385929	1.4266557693481445	0.027878977358341217	0
24	127	centered_logit	random_sphere	40	1.6278061866760254	1.6278061866760254	28.84923553466797	0.001335163600742817	1.397501826286316	0.024241358041763306	0
24	191	centered_logit	random_sphere	40	5.261909484863281	5.261909484863281	29.70054054260254	0.002649960806593299	1.4085103273391724	0.027229001745581627	0
24	255	centered_logit	random_sphere	40	2.9487311840057373	2.9487311840057373	28.080965042114258	7.085318793542683e-05	1.3908692598342896	0.025328660383820534	0
24	63	inverse_hidden	proposal	40	0.0015131267718970776	1.440840244293213	0.0015131267718970776	0.7663514018058777	0.025686390697956085	0.027878977358341217	1
24	127	inverse_hidden	proposal	40	0.0032977124210447073	2.1513466835021973	0.0032977124210447073	0.2940327227115631	0.021603254601359367	0.024241358041763306	1
24	191	inverse_hidden	proposal	40	0.0010699841659516096	2.583813190460205	0.0010699841659516096	0.9724417328834534	0.023529911413788795	0.027229001745581627	1
24	255	inverse_hidden	proposal	40	0.0010999587830156088	1.7183610200881958	0.0010999587830156088	0.9868829846382141	0.023105360567569733	0.025328660383820534	1
24	63	inverse_hidden	canonical_perturbation	40	0.004833191633224487	1.428537130355835	0.004833191633224487	0.41965803503990173	0.02356392703950405	0.027878977358341217	1
24	127	inverse_hidden	canonical_perturbation	40	0.005005518905818462	1.3114666938781738	0.005005518905818462	0.8501817584037781	0.02288946881890297	0.024241358041763306	1
24	191	inverse_hidden	canonical_perturbation	40	0.007070502266287804	4.942882537841797	0.007070502266287804	0.18521130084991455	0.02573755756020546	0.027229001745581627	1
24	255	inverse_hidden	canonical_perturbation	40	0.006011185236275196	1.7584842443466187	0.006011185236275196	0.15053030848503113	0.025033013895154	0.025328660383820534	1
24	63	inverse_hidden	random_sphere	40	25.654333114624023	3.257625102996826	25.654333114624023	5.73300349060446e-05	1.4298105239868164	0.027878977358341217	0
24	127	inverse_hidden	random_sphere	40	28.792428970336914	2.2776384353637695	28.792428970336914	0.0001363964838674292	1.4047578573226929	0.024241358041763306	0
24	191	inverse_hidden	random_sphere	40	29.244997024536133	8.670877456665039	29.244997024536133	0.00020532350754365325	1.4130516052246094	0.027229001745581627	0
24	255	inverse_hidden	random_sphere	40	28.101314544677734	4.598316192626953	28.101314544677734	6.493636465165764e-05	1.3848307132720947	0.025328660383820534	0
25	63	centered_logit	proposal	40	0.26993146538734436	0.26993146538734436	0.07338663935661316	0.9977038502693176	0.03959548473358154	0.03202506899833679	1
25	127	centered_logit	proposal	40	0.34428757429122925	0.34428757429122925	0.09081576019525528	0.993755578994751	0.04135949909687042	0.024015864357352257	1
25	191	centered_logit	proposal	40	0.4520912766456604	0.4520912766456604	0.16301485896110535	0.9823954701423645	0.038501862436532974	0.025293856859207153	1
25	255	centered_logit	proposal	40	0.3128589987754822	0.3128589987754822	0.09547974914312363	0.9995960593223572	0.04918699339032173	0.033917855471372604	1
25	63	centered_logit	canonical_perturbation	40	0.2973572313785553	0.2973572313785553	0.15965789556503296	0.9958689212799072	0.04592234641313553	0.03202506899833679	1
25	127	centered_logit	canonical_perturbation	40	0.5429955720901489	0.5429955720901489	0.23041217029094696	0.9488739967346191	0.045339860022068024	0.024015864357352257	1
25	191	centered_logit	canonical_perturbation	40	0.1904725730419159	0.1904725730419159	0.11613913625478745	0.9998247027397156	0.04240639880299568	0.025293856859207153	1
25	255	centered_logit	canonical_perturbation	40	0.5219919681549072	0.5219919681549072	0.2823086678981781	0.9824538826942444	0.05478420853614807	0.033917855471372604	1
25	63	centered_logit	random_sphere	40	2.944929361343384	2.944929361343384	31.2668514251709	0.00031080140615813434	1.4152101278305054	0.03202506899833679	0
25	127	centered_logit	random_sphere	40	5.545881271362305	5.545881271362305	34.000572204589844	0.004273609723895788	1.4626554250717163	0.024015864357352257	1
25	191	centered_logit	random_sphere	40	1.6982645988464355	1.6982645988464355	30.50291633605957	0.003068146063014865	1.3919481039047241	0.025293856859207153	0
25	255	centered_logit	random_sphere	40	4.263766765594482	4.263766765594482	29.291597366333008	0.0008228911319747567	1.4358505010604858	0.033917855471372604	0
25	63	inverse_hidden	proposal	40	0.0015641440404579043	1.975270390510559	0.0015641440404579043	0.35031402111053467	0.029694832861423492	0.03202506899833679	0
25	127	inverse_hidden	proposal	40	0.0011676016729325056	1.6063411235809326	0.0011676016729325056	0.9839911460876465	0.020502902567386627	0.024015864357352257	1
25	191	inverse_hidden	proposal	40	0.0011498982785269618	2.118832588195801	0.0011498982785269618	0.9302041530609131	0.02310590259730816	0.025293856859207153	1
25	255	inverse_hidden	proposal	40	0.0011911094188690186	1.4354009628295898	0.0011911094188690186	0.9963555335998535	0.03147061541676521	0.033917855471372604	1
25	63	inverse_hidden	canonical_perturbation	40	0.011438971385359764	3.3182315826416016	0.011438971385359764	0.04651956632733345	0.029801227152347565	0.03202506899833679	1
25	127	inverse_hidden	canonical_perturbation	40	0.006939893122762442	6.4029130935668945	0.006939893122762442	0.25388893485069275	0.023936886340379715	0.024015864357352257	1
25	191	inverse_hidden	canonical_perturbation	40	0.007639143615961075	1.5263460874557495	0.007639143615961075	0.5977867841720581	0.025810599327087402	0.025293856859207153	1
25	255	inverse_hidden	canonical_perturbation	40	0.014056844636797905	6.345147132873535	0.014056844636797905	0.05423280969262123	0.03434737026691437	0.033917855471372604	1
25	63	inverse_hidden	random_sphere	40	31.216049194335938	4.589217185974121	31.216049194335938	4.142785837757401e-05	1.4152318239212036	0.03202506899833679	0
25	127	inverse_hidden	random_sphere	40	33.852027893066406	8.87969970703125	33.852027893066406	0.000399619631934911	1.466176152229309	0.024015864357352257	0
25	191	inverse_hidden	random_sphere	40	30.423166275024414	2.519056797027588	30.423166275024414	0.00045829833834432065	1.3929287195205688	0.025293856859207153	0
25	255	inverse_hidden	random_sphere	40	29.170982360839844	7.320060729980469	29.170982360839844	5.928708560531959e-05	1.4395711421966553	0.033917855471372604	0
26	63	centered_logit	proposal	0	1.9808423519134521	1.9808423519134521	0.02576390467584133	0.12080560624599457	0.02869872748851776	0.02869872748851776	1
26	127	centered_logit	proposal	0	5.335604190826416	5.335604190826416	0.03755844756960869	0.03904981538653374	0.023965926840901375	0.023965926840901375	1
26	191	centered_logit	proposal	0	4.528721332550049	4.528721332550049	0.06038713827729225	0.20265255868434906	0.025137249380350113	0.025137249380350113	1
26	255	centered_logit	proposal	0	3.348637104034424	3.348637104034424	0.03867849335074425	0.1718629151582718	0.026317046955227852	0.026317046955227852	1
26	63	centered_logit	canonical_perturbation	0	2.6659584045410156	2.6659584045410156	0.2368566393852234	0.001821977086365223	0.028698725625872612	0.02869872748851776	0
26	127	centered_logit	canonical_perturbation	0	3.4488799571990967	3.4488799571990967	0.15854817628860474	0.0018113169353455305	0.023965924978256226	0.023965926840901375	0
26	191	centered_logit	canonical_perturbation	0	5.330550193786621	5.330550193786621	0.13083134591579437	0.007747997064143419	0.025137249380350113	0.025137249380350113	1
26	255	centered_logit	canonical_perturbation	0	6.348876953125	6.348876953125	0.24071533977985382	0.004390230402350426	0.026317046955227852	0.026317046955227852	0
26	63	centered_logit	random_sphere	0	3.340738534927368	3.340738534927368	28.666749954223633	0.0003076308057643473	1.4157565832138062	0.02869872748851776	0
26	127	centered_logit	random_sphere	0	2.8295931816101074	2.8295931816101074	31.54454803466797	0.00010262949217576534	1.4202160835266113	0.023965926840901375	0
26	191	centered_logit	random_sphere	0	7.4476213455200195	7.4476213455200195	27.734325408935547	0.0003736286598723382	1.4402155876159668	0.025137249380350113	0
26	255	centered_logit	random_sphere	0	8.962789535522461	8.962789535522461	29.038406372070312	0.00012748874723911285	1.3919481039047241	0.026317046955227852	0
26	63	inverse_hidden	proposal	0	0.02576390467584133	1.9808423519134521	0.02576390467584133	0.12080560624599457	0.02869872748851776	0.02869872748851776	1
26	127	inverse_hidden	proposal	0	0.03755844756960869	5.335604190826416	0.03755844756960869	0.03904981538653374	0.023965926840901375	0.023965926840901375	1
26	191	inverse_hidden	proposal	0	0.06038713827729225	4.528721332550049	0.06038713827729225	0.20265255868434906	0.025137249380350113	0.025137249380350113	1
26	255	inverse_hidden	proposal	0	0.03867849335074425	3.348637104034424	0.03867849335074425	0.1718629151582718	0.026317046955227852	0.026317046955227852	1
26	63	inverse_hidden	canonical_perturbation	0	0.2368566393852234	2.6659584045410156	0.2368566393852234	0.001821977086365223	0.028698725625872612	0.02869872748851776	0
26	127	inverse_hidden	canonical_perturbation	0	0.15854817628860474	3.4488799571990967	0.15854817628860474	0.0018113169353455305	0.023965924978256226	0.023965926840901375	0
26	191	inverse_hidden	canonical_perturbation	0	0.13083134591579437	5.330550193786621	0.13083134591579437	0.007747997064143419	0.025137249380350113	0.025137249380350113	1
26	255	inverse_hidden	canonical_perturbation	0	0.24071533977985382	6.348876953125	0.24071533977985382	0.004390230402350426	0.026317046955227852	0.026317046955227852	0
26	63	inverse_hidden	random_sphere	0	28.666749954223633	3.340738534927368	28.666749954223633	0.0003076308057643473	1.4157565832138062	0.02869872748851776	0
26	127	inverse_hidden	random_sphere	0	31.54454803466797	2.8295931816101074	31.54454803466797	0.00010262949217576534	1.4202160835266113	0.023965926840901375	0
26	191	inverse_hidden	random_sphere	0	27.734325408935547	7.4476213455200195	27.734325408935547	0.0003736286598723382	1.4402155876159668	0.025137249380350113	0
26	255	inverse_hidden	random_sphere	0	29.038406372070312	8.962789535522461	29.038406372070312	0.00012748874723911285	1.3919481039047241	0.026317046955227852	0
27	63	centered_logit	proposal	0	2.512178897857666	2.512178897857666	0.04085809737443924	0.05405563861131668	0.026672041043639183	0.026672041043639183	1
27	127	centered_logit	proposal	0	3.672689914703369	3.672689914703369	0.04459802061319351	0.0871734544634819	0.027772653847932816	0.027772653847932816	1
27	191	centered_logit	proposal	0	2.5189311504364014	2.5189311504364014	0.029797853901982307	0.7789560556411743	0.033769529312849045	0.033769529312849045	1
27	255	centered_logit	proposal	0	5.381950855255127	5.381950855255127	0.04496227949857712	0.12083786725997925	0.02602287195622921	0.02602287195622921	1
27	63	centered_logit	canonical_perturbation	0	1.7455744743347168	1.7455744743347168	0.23589250445365906	0.0015312160830944777	0.02667204476892948	0.026672041043639183	0
27	127	centered_logit	canonical_perturbation	0	2.368276596069336	2.368276596069336	0.11473915725946426	0.02023688144981861	0.027772650122642517	0.027772653847932816	1
27	191	centered_logit	canonical_perturbation	0	5.399841785430908	5.399841785430908	0.4287015497684479	0.0008550088386982679	0.033769529312849045	0.033769529312849045	0
27	255	centered_logit	canonical_perturbation	0	7.631153106689453	7.631153106689453	0.2128121554851532	0.001959593966603279	0.02602287195622921	0.02602287195622921	0
27	63	centered_logit	random_sphere	0	2.3749754428863525	2.3749754428863525	30.172306060791016	1.1901782272616401e-05	1.391823172569275	0.026672041043639183	0
27	127	centered_logit	random_sphere	0	2.71732234954834	2.71732234954834	28.608821868896484	5.222681284067221e-05	1.408644676208496	0.027772653847932816	0
27	191	centered_logit	random_sphere	0	5.786538124084473	5.786538124084473	28.880163192749023	0.002022759523242712	1.4388829469680786	0.033769529312849045	1
27	255	centered_logit	random_sphere	0	10.234565734863281	10.234565734863281	29.92997932434082	0.0002867826842702925	1.4467414617538452	0.02602287195622921	0
27	63	inverse_hidden	proposal	0	0.04085809737443924	2.512178897857666	0.04085809737443924	0.05405563861131668	0.026672041043639183	0.026672041043639183	1
27	127	inverse_hidden	proposal	0	0.04459802061319351	3.672689914703369	0.04459802061319351	0.0871734544634819	0.027772653847932816	0.027772653847932816	1
27	191	inverse_hidden	proposal	0	0.029797853901982307	2.5189311504364014	0.029797853901982307	0.7789560556411743	0.033769529312849045	0.033769529312849045	1
27	255	inverse_hidden	proposal	0	0.04496227949857712	5.381950855255127	0.04496227949857712	0.12083786725997925	0.02602287195622921	0.02602287195622921	1
27	63	inverse_hidden	canonical_perturbation	0	0.23589250445365906	1.7455744743347168	0.23589250445365906	0.0015312160830944777	0.02667204476892948	0.026672041043639183	0
27	127	inverse_hidden	canonical_perturbation	0	0.11473915725946426	2.368276596069336	0.11473915725946426	0.02023688144981861	0.027772650122642517	0.027772653847932816	1
27	191	inverse_hidden	canonical_perturbation	0	0.4287015497684479	5.399841785430908	0.4287015497684479	0.0008550088386982679	0.033769529312849045	0.033769529312849045	0
27	255	inverse_hidden	canonical_perturbation	0	0.2128121554851532	7.631153106689453	0.2128121554851532	0.001959593966603279	0.02602287195622921	0.02602287195622921	0
27	63	inverse_hidden	random_sphere	0	30.172306060791016	2.3749754428863525	30.172306060791016	1.1901782272616401e-05	1.391823172569275	0.026672041043639183	0
27	127	inverse_hidden	random_sphere	0	28.608821868896484	2.71732234954834	28.608821868896484	5.222681284067221e-05	1.408644676208496	0.027772653847932816	0
27	191	inverse_hidden	random_sphere	0	28.880163192749023	5.786538124084473	28.880163192749023	0.002022759523242712	1.4388829469680786	0.033769529312849045	1
27	255	inverse_hidden	random_sphere	0	29.92997932434082	10.234565734863281	29.92997932434082	0.0002867826842702925	1.4467414617538452	0.02602287195622921	0
26	63	centered_logit	proposal	1	1.6908851861953735	1.6908851861953735	0.037992991507053375	0.038225091993808746	0.02905837818980217	0.02869872748851776	1
26	127	centered_logit	proposal	1	2.660020589828491	2.660020589828491	0.027714692056179047	0.0017648646607995033	0.024052679538726807	0.023965926840901375	0
26	191	centered_logit	proposal	1	2.9351038932800293	2.9351038932800293	0.04942717030644417	0.18870589137077332	0.025613268837332726	0.025137249380350113	1
26	255	centered_logit	proposal	1	1.8599731922149658	1.8599731922149658	0.046303171664476395	0.22255457937717438	0.026830747723579407	0.026317046955227852	0
26	63	centered_logit	canonical_perturbation	1	2.1401267051696777	2.1401267051696777	0.25936561822891235	0.005098041612654924	0.028778348118066788	0.02869872748851776	1
26	127	centered_logit	canonical_perturbation	1	2.4080352783203125	2.4080352783203125	0.11901725828647614	0.0026379988994449377	0.023904060944914818	0.023965926840901375	0
26	191	centered_logit	canonical_perturbation	1	3.684009075164795	3.684009075164795	0.11295613646507263	0.044971369206905365	0.025077680125832558	0.025137249380350113	1
26	255	centered_logit	canonical_perturbation	1	5.019818305969238	5.019818305969238	0.205481618642807	0.015880003571510315	0.026292715221643448	0.026317046955227852	1
26	63	centered_logit	random_sphere	1	3.2905049324035645	3.2905049324035645	28.670822143554688	0.00032565699075348675	1.4156012535095215	0.02869872748851776	0
26	127	centered_logit	random_sphere	1	2.8005499839782715	2.8005499839782715	31.55002784729004	0.00010394515265943483	1.4203767776489258	0.023965926840901375	0
26	191	centered_logit	random_sphere	1	7.348178386688232	7.348178386688232	27.734146118164062	0.00040219613583758473	1.4401203393936157	0.025137249380350113	0
26	255	centered_logit	random_sphere	1	8.856986999511719	8.856986999511719	29.038850784301758	0.00013732090883422643	1.3918308019638062	0.026317046955227852	0
26	63	inverse_hidden	proposal	1	0.014720257371664047	2.034454345703125	0.014720257371664047	0.00745699368417263	0.02808285504579544	0.02869872748851776	0
26	127	inverse_hidden	proposal	1	0.024993298575282097	3.8381567001342773	0.024993298575282097	0.0006865639588795602	0.02347078174352646	0.023965926840901375	0
26	191	inverse_hidden	proposal	1	0.038248803466558456	5.1738715171813965	0.038248803466558456	0.0012386353919282556	0.024799834936857224	0.025137249380350113	0
26	255	inverse_hidden	proposal	1	0.029937561601400375	7.10457706451416	0.029937561601400375	0.0010714741656556726	0.02586774341762066	0.026317046955227852	0
26	63	inverse_hidden	canonical_perturbation	1	0.10652656853199005	2.787015676498413	0.10652656853199005	0.0023391777649521828	0.027932077646255493	0.02869872748851776	0
26	127	inverse_hidden	canonical_perturbation	1	0.06464885920286179	3.0495104789733887	0.06464885920286179	0.005943214055150747	0.02330945059657097	0.023965926840901375	1
26	191	inverse_hidden	canonical_perturbation	1	0.05235286429524422	6.340773582458496	0.05235286429524422	0.001409580116160214	0.02460818737745285	0.025137249380350113	0
26	255	inverse_hidden	canonical_perturbation	1	0.11248437315225601	6.184718132019043	0.11248437315225601	0.008898505941033363	0.02559739723801613	0.026317046955227852	1
26	63	inverse_hidden	random_sphere	1	28.665241241455078	3.343222141265869	28.665241241455078	0.00030671266722492874	1.4157603979110718	0.02869872748851776	0
26	127	inverse_hidden	random_sphere	1	31.53843116760254	2.8300790786743164	31.53843116760254	0.00010260589624522254	1.4200516939163208	0.023965926840901375	0
26	191	inverse_hidden	random_sphere	1	27.733062744140625	7.444094181060791	27.733062744140625	0.00037463378976099193	1.4401707649230957	0.025137249380350113	0
26	255	inverse_hidden	random_sphere	1	29.03635597229004	8.963350296020508	29.03635597229004	0.0001272381196031347	1.391944408416748	0.026317046955227852	0
27	63	centered_logit	proposal	1	2.7142691612243652	2.7142691612243652	0.032625190913677216	0.00026010730653069913	0.02663242816925049	0.026672041043639183	0
27	127	centered_logit	proposal	1	1.7814894914627075	1.7814894914627075	0.0239754356443882	0.005613706074655056	0.02758515067398548	0.027772653847932816	0
27	191	centered_logit	proposal	1	1.2577404975891113	1.2577404975891113	0.029388241469860077	0.856001615524292	0.034151095896959305	0.033769529312849045	1
27	255	centered_logit	proposal	1	3.1548914909362793	3.1548914909362793	0.051343366503715515	0.3029536306858063	0.026617083698511124	0.02602287195622921	1
27	63	centered_logit	canonical_perturbation	1	1.342533826828003	1.342533826828003	0.17280790209770203	0.002887857612222433	0.026594240218400955	0.026672041043639183	0
27	127	centered_logit	canonical_perturbation	1	1.6652171611785889	1.6652171611785889	0.11332667618989944	0.01751583442091942	0.027767609804868698	0.027772653847932816	1
27	191	centered_logit	canonical_perturbation	1	4.544976234436035	4.544976234436035	0.3719388544559479	0.0022130843717604876	0.03370647504925728	0.033769529312849045	0
27	255	centered_logit	canonical_perturbation	1	5.88729190826416	5.88729190826416	0.17440782487392426	0.009200908243656158	0.025852076709270477	0.02602287195622921	0
27	63	centered_logit	random_sphere	1	2.355025053024292	2.355025053024292	30.172500610351562	1.2375301594147459e-05	1.3918378353118896	0.026672041043639183	0
27	127	centered_logit	random_sphere	1	2.687570333480835	2.687570333480835	28.60966682434082	5.2889921789756045e-05	1.4086904525756836	0.027772653847932816	0
27	191	centered_logit	random_sphere	1	5.701337814331055	5.701337814331055	28.883455276489258	0.0021705711260437965	1.4387760162353516	0.033769529312849045	1
27	255	centered_logit	random_sphere	1	10.11782455444336	10.11782455444336	29.932575225830078	0.00030985192279331386	1.4466427564620972	0.02602287195622921	0
27	63	inverse_hidden	proposal	1	0.017484162002801895	2.905710220336914	0.017484162002801895	0.0006985045620240271	0.02635227143764496	0.026672041043639183	0
27	127	inverse_hidden	proposal	1	0.03827589377760887	2.582179546356201	0.03827589377760887	0.0003340350813232362	0.0272505022585392	0.027772653847932816	0
27	191	inverse_hidden	proposal	1	0.017775913700461388	3.777385711669922	0.017775913700461388	0.031254034489393234	0.033227309584617615	0.033769529312849045	1
27	255	inverse_hidden	proposal	1	0.027253318578004837	8.039575576782227	0.027253318578004837	0.0018338898662477732	0.025451038032770157	0.02602287195622921	0
27	63	inverse_hidden	canonical_perturbation	1	0.11228013783693314	1.6390873193740845	0.11228013783693314	0.00468583544716239	0.025989724323153496	0.026672041043639183	1
27	127	inverse_hidden	canonical_perturbation	1	0.0586652047932148	3.036393404006958	0.0586652047932148	0.006955561228096485	0.027220044285058975	0.027772653847932816	1
27	191	inverse_hidden	canonical_perturbation	1	0.21638360619544983	5.290027618408203	0.21638360619544983	0.0010014212457463145	0.03319896385073662	0.033769529312849045	0
27	255	inverse_hidden	canonical_perturbation	1	0.09378480166196823	7.545049667358398	0.09378480166196823	0.0028229383751749992	0.025361940264701843	0.02602287195622921	0
27	63	inverse_hidden	random_sphere	1	30.171173095703125	2.3746557235717773	30.171173095703125	1.1909745808225125e-05	1.3918918371200562	0.026672041043639183	0
27	127	inverse_hidden	random_sphere	1	28.602596282958984	2.716444969177246	28.602596282958984	5.2244406106183305e-05	1.4084303379058838	0.027772653847932816	0
27	191	inverse_hidden	random_sphere	1	28.878122329711914	5.788553237915039	28.878122329711914	0.0020151841454207897	1.43900728225708	0.033769529312849045	1
27	255	inverse_hidden	random_sphere	1	29.928058624267578	10.235069274902344	29.928058624267578	0.0002861894608940929	1.4468843936920166	0.02602287195622921	0
26	63	centered_logit	proposal	2	0.9747965335845947	0.9747965335845947	0.03988419100642204	0.23545081913471222	0.02961030788719654	0.02869872748851776	1
26	127	centered_logit	proposal	2	1.9286625385284424	1.9286625385284424	0.0630580484867096	0.0006044708425179124	0.024388380348682404	0.023965926840901375	0
26	191	centered_logit	proposal	2	2.029050827026367	2.029050827026367	0.051418107002973557	0.3457518517971039	0.026379123330116272	0.025137249380350113	1
26	255	centered_logit	proposal	2	1.1563857793807983	1.1563857793807983	0.04894419386982918	0.24381740391254425	0.027452904731035233	0.026317046955227852	0
26	63	centered_logit	canonical_perturbation	2	1.7425384521484375	1.7425384521484375	0.25229549407958984	0.013614950701594353	0.029124198481440544	0.02869872748851776	1
26	127	centered_logit	canonical_perturbation	2	1.5841784477233887	1.5841784477233887	0.07677099108695984	0.002024810528382659	0.024148965254426003	0.023965926840901375	0
26	191	centered_logit	canonical_perturbation	2	2.468160390853882	2.468160390853882	0.09093967080116272	0.19334156811237335	0.02535511553287506	0.025137249380350113	1
26	255	centered_logit	canonical_perturbation	2	3.730522394180298	3.730522394180298	0.16042378544807434	0.06119062379002571	0.026546595618128777	0.026317046955227852	1
26	63	centered_logit	random_sphere	2	3.2410593032836914	3.2410593032836914	28.67499351501465	0.00034461627365089953	1.4154467582702637	0.02869872748851776	0
26	127	centered_logit	random_sphere	2	2.77193284034729	2.77193284034729	31.55545997619629	0.00010526285041123629	1.4205310344696045	0.023965926840901375	0
26	191	centered_logit	random_sphere	2	7.249607563018799	7.249607563018799	27.73406982421875	0.0004328077775426209	1.440024971961975	0.025137249380350113	0
26	255	centered_logit	random_sphere	2	8.751985549926758	8.751985549926758	29.03939437866211	0.00014787401596549898	1.3917136192321777	0.026317046955227852	0
26	63	inverse_hidden	proposal	2	0.009522359818220139	2.441905975341797	0.009522359818220139	0.0018725203117355704	0.027686452493071556	0.02869872748851776	0
26	127	inverse_hidden	proposal	2	0.012969369068741798	4.707128524780273	0.012969369068741798	0.016545945778489113	0.02311405912041664	0.023965926840901375	1
26	191	inverse_hidden	proposal	2	0.019043056294322014	4.428492069244385	0.019043056294322014	0.004085708875209093	0.024406110867857933	0.025137249380350113	0
26	255	inverse_hidden	proposal	2	0.012351134791970253	5.787258625030518	0.012351134791970253	0.006412729620933533	0.025530507788062096	0.026317046955227852	0
26	63	inverse_hidden	canonical_perturbation	2	0.05157547444105148	3.131253719329834	0.05157547444105148	0.0023020803928375244	0.027397334575653076	0.02869872748851776	0
26	127	inverse_hidden	canonical_perturbation	2	0.04180239140987396	2.6315784454345703	0.04180239140987396	0.0018250237917527556	0.022906489670276642	0.023965926840901375	0
26	191	inverse_hidden	canonical_perturbation	2	0.05258728191256523	9.017253875732422	0.05258728191256523	2.440192474750802e-05	0.024287452921271324	0.025137249380350113	0
26	255	inverse_hidden	canonical_perturbation	2	0.05285867676138878	7.22662353515625	0.05285867676138878	0.00592748774215579	0.02514638565480709	0.026317046955227852	1
26	63	inverse_hidden	random_sphere	2	28.66371726989746	3.345883369445801	28.66371726989746	0.0003057076537515968	1.4157637357711792	0.02869872748851776	0
26	127	inverse_hidden	random_sphere	2	31.5323429107666	2.8306708335876465	31.5323429107666	0.00010258905967930332	1.419893741607666	0.023965926840901375	0
26	191	inverse_hidden	random_sphere	2	27.731813430786133	7.4406514167785645	27.731813430786133	0.0003755335637833923	1.4401251077651978	0.025137249380350113	0
26	255	inverse_hidden	random_sphere	2	29.03432846069336	8.963330268859863	29.03432846069336	0.00012703232641797513	1.3919342756271362	0.026317046955227852	0
27	63	centered_logit	proposal	2	1.214857816696167	1.214857816696167	0.02705070562660694	0.002903823973610997	0.02706129290163517	0.026672041043639183	0
27	127	centered_logit	proposal	2	1.2340490818023682	1.2340490818023682	0.027443083003163338	0.0018957395805045962	0.02772532030940056	0.027772653847932816	0
27	191	centered_logit	proposal	2	0.9474743604660034	0.9474743604660034	0.030493389815092087	0.8431762456893921	0.03464458882808685	0.033769529312849045	1
27	255	centered_logit	proposal	2	2.090311050415039	2.090311050415039	0.06491878628730774	0.3229289650917053	0.027373626828193665	0.02602287195622921	1
27	63	centered_logit	canonical_perturbation	2	1.1053175926208496	1.1053175926208496	0.11679486930370331	0.005025038029998541	0.026711251586675644	0.026672041043639183	1
27	127	centered_logit	canonical_perturbation	2	1.2889313697814941	1.2889313697814941	0.10009677708148956	0.014824982732534409	0.027915211394429207	0.027772653847932816	1
27	191	centered_logit	canonical_perturbation	2	3.6359782218933105	3.6359782218933105	0.2819240093231201	0.0068232109770178795	0.03382600471377373	0.033769529312849045	1
27	255	centered_logit	canonical_perturbation	2	4.213312149047852	4.213312149047852	0.13207261264324188	0.044792503118515015	0.026054205372929573	0.02602287195622921	1
27	63	centered_logit	random_sphere	2	2.33524751663208	2.33524751663208	30.17270851135254	1.2869077181676403e-05	1.3918485641479492	0.026672041043639183	0
27	127	centered_logit	random_sphere	2	2.658273220062256	2.658273220062256	28.610374450683594	5.357914051273838e-05	1.408733606338501	0.027772653847932816	0
27	191	centered_logit	random_sphere	2	5.617002487182617	5.617002487182617	28.886837005615234	0.0023283951450139284	1.438673734664917	0.033769529312849045	1
27	255	centered_logit	random_sphere	2	10.001901626586914	10.001901626586914	29.93526840209961	0.0003347002202644944	1.446540355682373	0.02602287195622921	0
27	63	inverse_hidden	proposal	2	0.02039368450641632	1.7053370475769043	0.02039368450641632	0.03805999830365181	0.02620612643659115	0.026672041043639183	0
27	127	inverse_hidden	proposal	2	0.017082402482628822	3.0972914695739746	0.017082402482628822	0.00014918511442374438	0.026880456134676933	0.027772653847932816	0
27	191	inverse_hidden	proposal	2	0.009899399243295193	2.5030651092529297	0.009899399243295193	0.2974102199077606	0.03290850296616554	0.033769529312849045	1
27	255	inverse_hidden	proposal	2	0.0089509142562747	4.832766056060791	0.0089509142562747	0.06038990616798401	0.025225048884749413	0.02602287195622921	1
27	63	inverse_hidden	canonical_perturbation	2	0.0542532242834568	2.0763914585113525	0.0542532242834568	0.003307980252429843	0.02551470696926117	0.026672041043639183	0
27	127	inverse_hidden	canonical_perturbation	2	0.06071384251117706	2.799926280975342	0.06071384251117706	0.002859002910554409	0.026759644970297813	0.027772653847932816	0
27	191	inverse_hidden	canonical_perturbation	2	0.10217617452144623	5.409817218780518	0.10217617452144623	0.0008268259698525071	0.03274384140968323	0.033769529312849045	0
27	255	inverse_hidden	canonical_perturbation	2	0.04670950397849083	9.060111999511719	0.04670950397849083	0.0006742700934410095	0.02490861341357231	0.02602287195622921	0
27	63	inverse_hidden	random_sphere	2	30.170093536376953	2.3743515014648438	30.170093536376953	1.1918496966245584e-05	1.3919662237167358	0.026672041043639183	0
27	127	inverse_hidden	random_sphere	2	28.596511840820312	2.715512275695801	28.596511840820312	5.2264495025156066e-05	1.4082162380218506	0.027772653847932816	0
27	191	inverse_hidden	random_sphere	2	28.876070022583008	5.7905378341674805	28.876070022583008	0.002007577335461974	1.4391297101974487	0.033769529312849045	1
27	255	inverse_hidden	random_sphere	2	29.926143646240234	10.235544204711914	29.926143646240234	0.00028560214559547603	1.4470276832580566	0.02602287195622921	0
26	63	centered_logit	proposal	4	0.9119506478309631	0.9119506478309631	0.05203573778271675	0.4231986105442047	0.03054041415452957	0.02869872748851776	1
26	127	centered_logit	proposal	4	1.4514226913452148	1.4514226913452148	0.10530931502580643	0.0002535631356295198	0.025403961539268494	0.023965926840901375	0
26	191	centered_logit	proposal	4	1.136896014213562	1.136896014213562	0.057844504714012146	0.7317016124725342	0.028347734361886978	0.025137249380350113	1
26	255	centered_logit	proposal	4	0.8054417371749878	0.8054417371749878	0.05565578117966652	0.27980080246925354	0.028927553445100784	0.026317046955227852	0
26	63	centered_logit	canonical_perturbation	4	1.187591791152954	1.187591791152954	0.1871526688337326	0.10487943887710571	0.030271664261817932	0.02869872748851776	1
26	127	centered_logit	canonical_perturbation	4	1.468417763710022	1.468417763710022	0.062489110976457596	0.00015013966185506433	0.024978753179311752	0.023965926840901375	0
26	191	centered_logit	canonical_perturbation	4	1.4598392248153687	1.4598392248153687	0.07900702208280563	0.37315136194229126	0.026785800233483315	0.025137249380350113	1
26	255	centered_logit	canonical_perturbation	4	1.852605938911438	1.852605938911438	0.10681268572807312	0.2774190306663513	0.02774711512029171	0.026317046955227852	1
26	63	centered_logit	random_sphere	4	3.1445870399475098	3.1445870399475098	28.683631896972656	0.0003855113172903657	1.4151430130004883	0.02869872748851776	0
26	127	centered_logit	random_sphere	4	2.715991497039795	2.715991497039795	31.56658172607422	0.00010788302461151034	1.4208383560180664	0.023965926840901375	0
26	191	centered_logit	random_sphere	4	7.055144309997559	7.055144309997559	27.734237670898438	0.0005007009021937847	1.439833641052246	0.025137249380350113	0
26	255	centered_logit	random_sphere	4	8.544447898864746	8.544447898864746	29.040817260742188	0.0001713413803372532	1.3914806842803955	0.026317046955227852	0
26	63	inverse_hidden	proposal	4	0.006429457571357489	3.646678924560547	0.006429457571357489	8.377805352210999e-05	0.02715156599879265	0.02869872748851776	0
26	127	inverse_hidden	proposal	4	0.007540691643953323	4.274439334869385	0.007540691643953323	0.00015260622603818774	0.0227088313549757	0.023965926840901375	0
26	191	inverse_hidden	proposal	4	0.017033003270626068	4.198218822479248	0.017033003270626068	0.06277631968259811	0.023912034928798676	0.025137249380350113	1
26	255	inverse_hidden	proposal	4	0.014976129867136478	6.067812919616699	0.014976129867136478	0.0023917132057249546	0.024997077882289886	0.026317046955227852	0
26	63	inverse_hidden	canonical_perturbation	4	0.07095848768949509	4.196499824523926	0.07095848768949509	0.0003021675511263311	0.026671595871448517	0.02869872748851776	0
26	127	inverse_hidden	canonical_perturbation	4	0.06758411228656769	1.9412868022918701	0.06758411228656769	0.0013496566098183393	0.022408518940210342	0.023965926840901375	0
26	191	inverse_hidden	canonical_perturbation	4	0.061865199357271194	9.884403228759766	0.061865199357271194	2.689248685783241e-05	0.023689521476626396	0.025137249380350113	0
26	255	inverse_hidden	canonical_perturbation	4	0.07000560313463211	9.598830223083496	0.07000560313463211	0.0006593976286239922	0.024648595601320267	0.026317046955227852	0
26	63	inverse_hidden	random_sphere	4	28.660654067993164	3.351274013519287	28.660654067993164	0.00030370650347322226	1.415772557258606	0.02869872748851776	0
26	127	inverse_hidden	random_sphere	4	31.520530700683594	2.8318488597869873	31.520530700683594	0.00010253863729303703	1.4195935726165771	0.023965926840901375	0
26	191	inverse_hidden	random_sphere	4	27.729272842407227	7.433350086212158	27.729272842407227	0.000377445510821417	1.4400326013565063	0.025137249380350113	0
26	255	inverse_hidden	random_sphere	4	29.0302791595459	8.963642120361328	29.0302791595459	0.0001265688188141212	1.3919004201889038	0.026317046955227852	0
27	63	centered_logit	proposal	4	1.4493217468261719	1.4493217468261719	0.04771192744374275	0.06705687195062637	0.028105603531003	0.026672041043639183	1
27	127	centered_logit	proposal	4	1.0158230066299438	1.0158230066299438	0.04560878500342369	0.010861183516681194	0.02835715562105179	0.027772653847932816	1
27	191	centered_logit	proposal	4	0.732955276966095	0.732955276966095	0.04020487517118454	0.8739743828773499	0.03599148616194725	0.033769529312849045	1
27	255	centered_logit	proposal	4	1.1189453601837158	1.1189453601837158	0.06638209521770477	0.49576959013938904	0.02911045216023922	0.02602287195622921	1
27	63	centered_logit	canonical_perturbation	4	0.9303942918777466	0.9303942918777466	0.1067010685801506	0.016541490331292152	0.027328884229063988	0.026672041043639183	1
27	127	centered_logit	canonical_perturbation	4	0.9930394887924194	0.9930394887924194	0.12500877678394318	0.02042885683476925	0.028724564239382744	0.027772653847932816	1
27	191	centered_logit	canonical_perturbation	4	1.8186657428741455	1.8186657428741455	0.13042651116847992	0.10735143721103668	0.0347050242125988	0.033769529312849045	1
27	255	centered_logit	canonical_perturbation	4	2.1013166904449463	2.1013166904449463	0.08264026045799255	0.30876246094703674	0.02720116637647152	0.02602287195622921	1
27	63	centered_logit	random_sphere	4	2.2962231636047363	2.2962231636047363	30.17317771911621	1.3913093425799161e-05	1.3918702602386475	0.026672041043639183	0
27	127	centered_logit	random_sphere	4	2.601046562194824	2.601046562194824	28.611751556396484	5.5018954299157485e-05	1.408821940422058	0.027772653847932816	0
27	191	centered_logit	random_sphere	4	5.45098352432251	5.45098352432251	28.89391326904297	0.0026766248047351837	1.4384713172912598	0.033769529312849045	1
27	255	centered_logit	random_sphere	4	9.772571563720703	9.772571563720703	29.940889358520508	0.0003901729069184512	1.4463340044021606	0.02602287195622921	0
27	63	inverse_hidden	proposal	4	0.010958204045891762	4.138433456420898	0.010958204045891762	1.2956680620845873e-05	0.02597963809967041	0.026672041043639183	0
27	127	inverse_hidden	proposal	4	0.022350700572133064	1.8697645664215088	0.022350700572133064	0.026385143399238586	0.02654392085969448	0.027772653847932816	1
27	191	inverse_hidden	proposal	4	0.008766992948949337	5.588854789733887	0.008766992948949337	0.0002803181705530733	0.03267500177025795	0.033769529312849045	0
27	255	inverse_hidden	proposal	4	0.014621138572692871	5.950699806213379	0.014621138572692871	0.005500655621290207	0.024958983063697815	0.02602287195622921	0
27	63	inverse_hidden	canonical_perturbation	4	0.06262145936489105	2.3042192459106445	0.06262145936489105	0.0023799710907042027	0.024898983538150787	0.026672041043639183	1
27	127	inverse_hidden	canonical_perturbation	4	0.05175640434026718	2.4924540519714355	0.05175640434026718	0.0021980165038257837	0.026165781542658806	0.027772653847932816	0
27	191	inverse_hidden	canonical_perturbation	4	0.06779877096414566	7.676024436950684	0.06779877096414566	5.3957439376972616e-05	0.032129764556884766	0.033769529312849045	0
27	255	inverse_hidden	canonical_perturbation	4	0.06557721644639969	11.771191596984863	0.06557721644639969	0.00012919418804813176	0.024421093985438347	0.02602287195622921	0
27	63	inverse_hidden	random_sphere	4	30.167945861816406	2.3738253116607666	30.167945861816406	1.1928034837183077e-05	1.392104983329773	0.026672041043639183	0
27	127	inverse_hidden	random_sphere	4	28.584787368774414	2.7135627269744873	28.584787368774414	5.230904571362771e-05	1.4077930450439453	0.027772653847932816	0
27	191	inverse_hidden	random_sphere	4	28.872058868408203	5.794461250305176	28.872058868408203	0.0019919623155146837	1.4393717050552368	0.033769529312849045	1
27	255	inverse_hidden	random_sphere	4	29.922372817993164	10.236340522766113	29.922372817993164	0.0002844689879566431	1.4473154544830322	0.02602287195622921	0
26	63	centered_logit	proposal	8	0.7335542440414429	0.7335542440414429	0.07987157255411148	0.649723470211029	0.03227837011218071	0.02869872748851776	1
26	127	centered_logit	proposal	8	1.2065562009811401	1.2065562009811401	0.133462592959404	0.00014189616194926202	0.02779209427535534	0.023965926840901375	0
26	191	centered_logit	proposal	8	0.8283661007881165	0.8283661007881165	0.07552587985992432	0.8775656819343567	0.032233916223049164	0.025137249380350113	1
26	255	centered_logit	proposal	8	0.6490203738212585	0.6490203738212585	0.08495738357305527	0.49688833951950073	0.0319901742041111	0.026317046955227852	1
26	63	centered_logit	canonical_perturbation	8	0.8492310047149658	0.8492310047149658	0.17827335000038147	0.4764258861541748	0.033527664840221405	0.02869872748851776	1
26	127	centered_logit	canonical_perturbation	8	1.0420732498168945	1.0420732498168945	0.10063163936138153	0.015288976952433586	0.027194414287805557	0.023965926840901375	1
26	191	centered_logit	canonical_perturbation	8	0.9197583794593811	0.9197583794593811	0.11042102426290512	0.6770169734954834	0.031031852588057518	0.025137249380350113	1
26	255	centered_logit	canonical_perturbation	8	0.9152239561080933	0.9152239561080933	0.13490605354309082	0.36057645082473755	0.032053954899311066	0.026317046955227852	1
26	63	centered_logit	random_sphere	8	2.961625576019287	2.961625576019287	28.701828002929688	0.0004802744369953871	1.4145514965057373	0.02869872748851776	0
26	127	centered_logit	random_sphere	8	2.6093509197235107	2.6093509197235107	31.590328216552734	0.00011329748667776585	1.4214447736740112	0.023965926840901375	0
26	191	centered_logit	random_sphere	8	6.677325248718262	6.677325248718262	27.735797882080078	0.0006681637605652213	1.43944251537323	0.025137249380350113	0
26	255	centered_logit	random_sphere	8	8.139657974243164	8.139657974243164	29.044830322265625	0.00022921837808098644	1.3910244703292847	0.026317046955227852	0
26	63	inverse_hidden	proposal	8	0.0050226240418851376	4.046229362487793	0.0050226240418851376	0.007662636693567038	0.02686046063899994	0.02869872748851776	0
26	127	inverse_hidden	proposal	8	0.006020371802151203	3.6637182235717773	0.006020371802151203	0.00013007047527935356	0.022508937865495682	0.023965926840901375	0
26	191	inverse_hidden	proposal	8	0.013746773824095726	9.485525131225586	0.013746773824095726	2.141896402463317e-05	0.023703405633568764	0.025137249380350113	0
26	255	inverse_hidden	proposal	8	0.010317700915038586	12.780945777893066	0.010317700915038586	2.3137345124268904e-05	0.02417219616472721	0.026317046955227852	0
26	63	inverse_hidden	canonical_perturbation	8	0.04471838101744652	3.797079563140869	0.04471838101744652	0.0011320685734972358	0.02608823962509632	0.02869872748851776	0
26	127	inverse_hidden	canonical_perturbation	8	0.02110610343515873	2.3464903831481934	0.02110610343515873	0.003918179776519537	0.022590989246964455	0.023965926840901375	1
26	191	inverse_hidden	canonical_perturbation	8	0.02393401227891445	6.737829208374023	0.02393401227891445	0.007713350933045149	0.023608412593603134	0.025137249380350113	1
26	255	inverse_hidden	canonical_perturbation	8	0.04805038124322891	9.829392433166504	0.04805038124322891	0.0007965727127157152	0.024599110707640648	0.026317046955227852	0
26	63	inverse_hidden	random_sphere	8	28.654695510864258	3.361872673034668	28.654695510864258	0.00029984148568473756	1.4157971143722534	0.02869872748851776	0
26	127	inverse_hidden	random_sphere	8	31.49874496459961	2.8342349529266357	31.49874496459961	0.00010249554179608822	1.419070839881897	0.023965926840901375	0
26	191	inverse_hidden	random_sphere	8	27.724170684814453	7.417542934417725	27.724170684814453	0.0003818174300249666	1.4398406744003296	0.025137249380350113	0
26	255	inverse_hidden	random_sphere	8	29.022117614746094	8.966238021850586	29.022117614746094	0.00012545677600428462	1.3918299674987793	0.026317046955227852	0
27	63	centered_logit	proposal	8	0.9476567506790161	0.9476567506790161	0.05461684614419937	0.055945780128240585	0.030340421944856644	0.026672041043639183	1
27	127	centered_logit	proposal	8	0.7713094353675842	0.7713094353675842	0.08513195812702179	0.04750242829322815	0.030011221766471863	0.027772653847932816	1
27	191	centered_logit	proposal	8	0.6491959095001221	0.6491959095001221	0.06517255306243896	0.9351135492324829	0.038489412516355515	0.033769529312849045	1
27	255	centered_logit	proposal	8	0.8569968938827515	0.8569968938827515	0.07321542501449585	0.6980603337287903	0.032815366983413696	0.02602287195622921	1
27	63	centered_logit	canonical_perturbation	8	0.7959207892417908	0.7959207892417908	0.15846118330955505	0.06254928559064865	0.029302656650543213	0.026672041043639183	1
27	127	centered_logit	canonical_perturbation	8	0.7651883363723755	0.7651883363723755	0.16679710149765015	0.06410679221153259	0.030918791890144348	0.027772653847932816	1
27	191	centered_logit	canonical_perturbation	8	1.136343002319336	1.136343002319336	0.10722365975379944	0.5339142084121704	0.03845386952161789	0.033769529312849045	1
27	255	centered_logit	canonical_perturbation	8	1.0956085920333862	1.0956085920333862	0.110810287296772	0.583685576915741	0.031198857352137566	0.02602287195622921	1
27	63	centered_logit	random_sphere	8	2.220364570617676	2.220364570617676	30.174325942993164	1.624638753128238e-05	1.3919161558151245	0.026672041043639183	0
27	127	centered_logit	random_sphere	8	2.492060422897339	2.492060422897339	28.615076065063477	5.818600038764998e-05	1.4090536832809448	0.027772653847932816	0
27	191	centered_logit	random_sphere	8	5.129955291748047	5.129955291748047	28.909273147583008	0.003523965599015355	1.4380687475204468	0.033769529312849045	1
27	255	centered_logit	random_sphere	8	9.32440185546875	9.32440185546875	29.953166961669922	0.0005284221260808408	1.4459168910980225	0.02602287195622921	0
27	63	inverse_hidden	proposal	8	0.006507429294288158	1.429429054260254	0.006507429294288158	0.0022133521270006895	0.025416890159249306	0.026672041043639183	0
27	127	inverse_hidden	proposal	8	0.010653370060026646	2.1954424381256104	0.010653370060026646	4.943359817843884e-05	0.0261443592607975	0.027772653847932816	0
27	191	inverse_hidden	proposal	8	0.004732450004667044	3.7567086219787598	0.004732450004667044	0.03389793634414673	0.032650962471961975	0.033769529312849045	1
27	255	inverse_hidden	proposal	8	0.0101887546479702	14.84304428100586	0.0101887546479702	9.1888332462986e-06	0.024748122319579124	0.02602287195622921	0
27	63	inverse_hidden	canonical_perturbation	8	0.04365977272391319	2.599229335784912	0.04365977272391319	0.0027648592367768288	0.024627437815070152	0.026672041043639183	1
27	127	inverse_hidden	canonical_perturbation	8	0.030102232471108437	2.5210721492767334	0.030102232471108437	0.0150123480707407	0.026351995766162872	0.027772653847932816	1
27	191	inverse_hidden	canonical_perturbation	8	0.1124277338385582	8.393806457519531	0.1124277338385582	7.080793147906661e-05	0.03169542923569679	0.033769529312849045	0
27	255	inverse_hidden	canonical_perturbation	8	0.03790333867073059	11.549172401428223	0.03790333867073059	0.00029265013290569186	0.02436200901865959	0.02602287195622921	0
27	63	inverse_hidden	random_sphere	8	30.163671493530273	2.372577667236328	30.163671493530273	1.1947058737860061e-05	1.3923423290252686	0.026672041043639183	0
27	127	inverse_hidden	random_sphere	8	28.56365203857422	2.709704875946045	28.56365203857422	5.2408286137506366e-05	1.4070338010787964	0.027772653847932816	0
27	191	inverse_hidden	random_sphere	8	28.864551544189453	5.801898956298828	28.864551544189453	0.0019602461252361536	1.4398404359817505	0.033769529312849045	1
27	255	inverse_hidden	random_sphere	8	29.914936065673828	10.238016128540039	29.914936065673828	0.00028236579964868724	1.4478754997253418	0.02602287195622921	0
26	63	centered_logit	proposal	16	0.5401232838630676	0.5401232838630676	0.11317425966262817	0.879105269908905	0.03510478138923645	0.02869872748851776	1
26	127	centered_logit	proposal	16	0.9117984175682068	0.9117984175682068	0.15683026611804962	0.0019176958594471216	0.031724654138088226	0.023965926840901375	0
26	191	centered_logit	proposal	16	0.581254780292511	0.581254780292511	0.12375489622354507	0.9231920838356018	0.03825207054615021	0.025137249380350113	1
26	255	centered_logit	proposal	16	0.5398293733596802	0.5398293733596802	0.1362132728099823	0.7768186330795288	0.03608095645904541	0.026317046955227852	1
26	63	centered_logit	canonical_perturbation	16	0.5946928262710571	0.5946928262710571	0.26030200719833374	0.7900704741477966	0.03966779634356499	0.02869872748851776	1
26	127	centered_logit	canonical_perturbation	16	0.798832893371582	0.798832893371582	0.09723104536533356	0.055531393736600876	0.03163245692849159	0.023965926840901375	1
26	191	centered_logit	canonical_perturbation	16	0.6884620785713196	0.6884620785713196	0.20360726118087769	0.7739500999450684	0.03772316873073578	0.025137249380350113	1
26	255	centered_logit	canonical_perturbation	16	0.7237622141838074	0.7237622141838074	0.25330957770347595	0.4563615024089813	0.039990466088056564	0.026317046955227852	1
26	63	centered_logit	random_sphere	16	2.63708233833313	2.63708233833313	28.7409610748291	0.0007317349081858993	1.4133950471878052	0.02869872748851776	0
26	127	centered_logit	random_sphere	16	2.4166126251220703	2.4166126251220703	31.644386291503906	0.00012504523328971118	1.4226090908050537	0.023965926840901375	0
26	191	centered_logit	random_sphere	16	5.96876859664917	5.96876859664917	27.743562698364258	0.001170814735814929	1.438637375831604	0.025137249380350113	0
26	255	centered_logit	random_sphere	16	7.374061584472656	7.374061584472656	29.057056427001953	0.00040346605237573385	1.3901747465133667	0.026317046955227852	0
26	63	inverse_hidden	proposal	16	0.002386165549978614	2.104300022125244	0.002386165549978614	0.6141133904457092	0.027014588937163353	0.02869872748851776	1
26	127	inverse_hidden	proposal	16	0.003043700708076358	3.52315092086792	0.003043700708076358	0.3134404122829437	0.022380176931619644	0.023965926840901375	1
26	191	inverse_hidden	proposal	16	0.005524367559701204	4.07840633392334	0.005524367559701204	0.020482681691646576	0.023301532492041588	0.025137249380350113	0
26	255	inverse_hidden	proposal	16	0.004888931289315224	6.637236595153809	0.004888931289315224	0.14699868857860565	0.02401401475071907	0.026317046955227852	1
26	63	inverse_hidden	canonical_perturbation	16	0.02561268024146557	2.085066318511963	0.02561268024146557	0.046425316482782364	0.027884989976882935	0.02869872748851776	1
26	127	inverse_hidden	canonical_perturbation	16	0.014762491919100285	1.8010613918304443	0.014762491919100285	0.0021540899761021137	0.024304145947098732	0.023965926840901375	0
26	191	inverse_hidden	canonical_perturbation	16	0.0184743981808424	10.043176651000977	0.0184743981808424	0.00040645195986144245	0.02521362528204918	0.025137249380350113	0
26	255	inverse_hidden	canonical_perturbation	16	0.02568802423775196	6.282900810241699	0.02568802423775196	0.030423659831285477	0.026683881878852844	0.026317046955227852	1
26	63	inverse_hidden	random_sphere	16	28.64434051513672	3.38162899017334	28.64434051513672	0.0002924508007708937	1.4158343076705933	0.02869872748851776	0
26	127	inverse_hidden	random_sphere	16	31.46354103088379	2.837985038757324	31.46354103088379	0.00010250120976706967	1.4182931184768677	0.023965926840901375	0
26	191	inverse_hidden	random_sphere	16	27.714324951171875	7.38961124420166	27.714324951171875	0.0003907600184902549	1.439414143562317	0.025137249380350113	0
26	255	inverse_hidden	random_sphere	16	29.00650978088379	8.96879768371582	29.00650978088379	0.0001236527896253392	1.3916720151901245	0.026317046955227852	0
27	63	centered_logit	proposal	16	0.7553788423538208	0.7553788423538208	0.08082132786512375	0.24521775543689728	0.03373582288622856	0.026672041043639183	1
27	127	centered_logit	proposal	16	0.6228601932525635	0.6228601932525635	0.0955452099442482	0.18838343024253845	0.032754864543676376	0.027772653847932816	1
27	191	centered_logit	proposal	16	0.4992891550064087	0.4992891550064087	0.09121803194284439	0.9825045466423035	0.04191146418452263	0.033769529312849045	1
27	255	centered_logit	proposal	16	0.6626646518707275	0.6626646518707275	0.1057487279176712	0.8836458921432495	0.03816304728388786	0.02602287195622921	1
27	63	centered_logit	canonical_perturbation	16	0.5608742237091064	0.5608742237091064	0.13754957914352417	0.652076005935669	0.033493224531412125	0.026672041043639183	1
27	127	centered_logit	canonical_perturbation	16	0.6037701368331909	0.6037701368331909	0.18674913048744202	0.34857112169265747	0.03535899892449379	0.027772653847932816	1
27	191	centered_logit	canonical_perturbation	16	0.8017094135284424	0.8017094135284424	0.19398288428783417	0.8030512928962708	0.04621027037501335	0.033769529312849045	1
27	255	centered_logit	canonical_perturbation	16	0.7512253522872925	0.7512253522872925	0.1876247078180313	0.7261934876441956	0.038682132959365845	0.02602287195622921	1
27	63	centered_logit	random_sphere	16	2.077777624130249	2.077777624130249	30.17777442932129	2.211410173913464e-05	1.3919905424118042	0.026672041043639183	0
27	127	centered_logit	random_sphere	16	2.2952427864074707	2.2952427864074707	28.622413635253906	6.626153481192887e-05	1.409595012664795	0.027772653847932816	0
27	191	centered_logit	random_sphere	16	4.5344319343566895	4.5344319343566895	28.94478988647461	0.0060005816631019115	1.4372941255569458	0.033769529312849045	1
27	255	centered_logit	random_sphere	16	8.472888946533203	8.472888946533203	29.982065200805664	0.0009540719329379499	1.4450668096542358	0.02602287195622921	0
27	63	inverse_hidden	proposal	16	0.003320557065308094	1.9310121536254883	0.003320557065308094	0.10713347792625427	0.024961993098258972	0.026672041043639183	1
27	127	inverse_hidden	proposal	16	0.005647749174386263	1.8275033235549927	0.005647749174386263	0.018041616305708885	0.026114560663700104	0.027772653847932816	1
27	191	inverse_hidden	proposal	16	0.0032869786955416203	2.120929718017578	0.0032869786955416203	0.973663330078125	0.03281823545694351	0.033769529312849045	1
27	255	inverse_hidden	proposal	16	0.004091393202543259	10.718351364135742	0.004091393202543259	0.03986506164073944	0.024494944140315056	0.02602287195622921	1
27	63	inverse_hidden	canonical_perturbation	16	0.024945180863142014	1.8739876747131348	0.024945180863142014	0.016333352774381638	0.02602699212729931	0.026672041043639183	1
27	127	inverse_hidden	canonical_perturbation	16	0.015306111425161362	1.9731711149215698	0.015306111425161362	0.0025468007661402225	0.027273908257484436	0.027772653847932816	0
27	191	inverse_hidden	canonical_perturbation	16	0.040878280997276306	3.938345432281494	0.040878280997276306	0.0773002952337265	0.03333231806755066	0.033769529312849045	1
27	255	inverse_hidden	canonical_perturbation	16	0.022027073428034782	7.097740173339844	0.022027073428034782	0.033772848546504974	0.025767682120203972	0.02602287195622921	1
27	63	inverse_hidden	random_sphere	16	30.155426025390625	2.3694276809692383	30.155426025390625	1.2021432667097542e-05	1.392765998840332	0.026672041043639183	0
27	127	inverse_hidden	random_sphere	16	28.530366897583008	2.7023932933807373	28.530366897583008	5.260042962618172e-05	1.406005859375	0.027772653847932816	0
27	191	inverse_hidden	random_sphere	16	28.850175857543945	5.8154754638671875	28.850175857543945	0.0019025664078071713	1.4407259225845337	0.033769529312849045	1
27	255	inverse_hidden	random_sphere	16	29.900196075439453	10.245487213134766	29.900196075439453	0.00027821381809189916	1.4489043951034546	0.02602287195622921	0
26	63	centered_logit	proposal	24	0.45696914196014404	0.45696914196014404	0.11656085401773453	0.9564550518989563	0.03699791431427002	0.02869872748851776	1
26	127	centered_logit	proposal	24	0.7693314552307129	0.7693314552307129	0.14781127870082855	0.019019855186343193	0.034614186733961105	0.023965926840901375	0
26	191	centered_logit	proposal	24	0.48090532422065735	0.48090532422065735	0.13650450110435486	0.9691497087478638	0.041913487017154694	0.025137249380350113	1
26	255	centered_logit	proposal	24	0.44966813921928406	0.44966813921928406	0.13532833755016327	0.9134517312049866	0.03849247097969055	0.026317046955227852	1
26	63	centered_logit	canonical_perturbation	24	0.4605128765106201	0.4605128765106201	0.2086564153432846	0.9631885886192322	0.04421605169773102	0.02869872748851776	1
26	127	centered_logit	canonical_perturbation	24	0.594977617263794	0.594977617263794	0.11232024431228638	0.4062018394470215	0.034745585173368454	0.023965926840901375	1
26	191	centered_logit	canonical_perturbation	24	0.5490662455558777	0.5490662455558777	0.1868467777967453	0.9274202585220337	0.041211437433958054	0.025137249380350113	1
26	255	centered_logit	canonical_perturbation	24	0.5739302635192871	0.5739302635192871	0.2567245662212372	0.7092950344085693	0.04391283169388771	0.026317046955227852	1
26	63	centered_logit	random_sphere	24	2.367208480834961	2.367208480834961	28.782609939575195	0.0010893563739955425	1.4122401475906372	0.02869872748851776	0
26	127	centered_logit	random_sphere	24	2.2488808631896973	2.2488808631896973	31.703372955322266	0.00013868823589291424	1.4236693382263184	0.023965926840901375	0
26	191	centered_logit	random_sphere	24	5.326201438903809	5.326201438903809	27.75724983215332	0.0019931290298700333	1.4378489255905151	0.025137249380350113	0
26	255	centered_logit	random_sphere	24	6.670719146728516	6.670719146728516	29.074626922607422	0.0006935510318726301	1.389444351196289	0.026317046955227852	0
26	63	inverse_hidden	proposal	24	0.0016900099581107497	1.7564162015914917	0.0016900099581107497	0.9481326937675476	0.026835642755031586	0.02869872748851776	1
26	127	inverse_hidden	proposal	24	0.00189247727394104	2.230447769165039	0.00189247727394104	0.480776309967041	0.02217789925634861	0.023965926840901375	1
26	191	inverse_hidden	proposal	24	0.0034646952990442514	5.278740882873535	0.0034646952990442514	0.05375444144010544	0.02342180721461773	0.025137249380350113	0
26	255	inverse_hidden	proposal	24	0.00292480387724936	7.4590864181518555	0.00292480387724936	0.07662011682987213	0.023753736168146133	0.026317046955227852	1
26	63	inverse_hidden	canonical_perturbation	24	0.016478855162858963	4.012441158294678	0.016478855162858963	0.010741465725004673	0.029027601704001427	0.02869872748851776	1
26	127	inverse_hidden	canonical_perturbation	24	0.01071140356361866	2.5002379417419434	0.01071140356361866	0.0046810368075966835	0.02509884350001812	0.023965926840901375	1
26	191	inverse_hidden	canonical_perturbation	24	0.01148239802569151	4.095466613769531	0.01148239802569151	0.5664543509483337	0.025735298171639442	0.025137249380350113	1
26	255	inverse_hidden	canonical_perturbation	24	0.016910020262002945	9.2628755569458	0.016910020262002945	0.009739848785102367	0.027613935992121696	0.026317046955227852	1
26	63	inverse_hidden	random_sphere	24	28.63566017150879	3.398866653442383	28.63566017150879	0.00028646326973102987	1.4158093929290771	0.02869872748851776	0
26	127	inverse_hidden	random_sphere	24	31.436555862426758	2.8409509658813477	31.436555862426758	0.00010257996473228559	1.417688012123108	0.023965926840901375	0
26	191	inverse_hidden	random_sphere	24	27.704561233520508	7.366790294647217	27.704561233520508	0.00039878353709354997	1.4390062093734741	0.025137249380350113	0
26	255	inverse_hidden	random_sphere	24	28.99213218688965	8.969228744506836	28.99213218688965	0.00012229997082613409	1.3914616107940674	0.026317046955227852	0
27	63	centered_logit	proposal	24	0.6058135032653809	0.6058135032653809	0.08487732708454132	0.6832292079925537	0.03586682677268982	0.026672041043639183	1
27	127	centered_logit	proposal	24	0.522079586982727	0.522079586982727	0.09571311622858047	0.6439024209976196	0.03451664745807648	0.027772653847932816	1
27	191	centered_logit	proposal	24	0.3994259834289551	0.3994259834289551	0.08704424649477005	0.9959064722061157	0.04431368410587311	0.033769529312849045	1
27	255	centered_logit	proposal	24	0.5571528673171997	0.5571528673171997	0.12871752679347992	0.944619357585907	0.04109720513224602	0.02602287195622921	1
27	63	centered_logit	canonical_perturbation	24	0.38049644231796265	0.38049644231796265	0.12041637301445007	0.9858681559562683	0.03701862320303917	0.026672041043639183	1
27	127	centered_logit	canonical_perturbation	24	0.5001248121261597	0.5001248121261597	0.196461483836174	0.6801651120185852	0.03857984393835068	0.027772653847932816	1
27	191	centered_logit	canonical_perturbation	24	0.6780972480773926	0.6780972480773926	0.2759521007537842	0.8898375630378723	0.05059881508350372	0.033769529312849045	1
27	255	centered_logit	canonical_perturbation	24	0.6114896535873413	0.6114896535873413	0.1703459769487381	0.8801515102386475	0.042580995708703995	0.02602287195622921	1
27	63	centered_logit	random_sphere	24	1.947632074356079	1.947632074356079	30.182689666748047	3.0009607144165784e-05	1.3920738697052002	0.026672041043639183	0
27	127	centered_logit	random_sphere	24	2.1238954067230225	2.1238954067230225	28.627899169921875	7.739962893538177e-05	1.410073161125183	0.027772653847932816	0
27	191	centered_logit	random_sphere	24	4.003669738769531	4.003669738769531	28.986034393310547	0.009929539635777473	1.4365922212600708	0.033769529312849045	1
27	255	centered_logit	random_sphere	24	7.685064315795898	7.685064315795898	30.016122817993164	0.0016781309386715293	1.4441982507705688	0.02602287195622921	0
27	63	inverse_hidden	proposal	24	0.001908712787553668	1.1827095746994019	0.001908712787553668	0.5776290893554688	0.02455785870552063	0.026672041043639183	1
27	127	inverse_hidden	proposal	24	0.003158177714794874	2.8985884189605713	0.003158177714794874	0.01350661925971508	0.02586921490728855	0.027772653847932816	0
27	191	inverse_hidden	proposal	24	0.002087542787194252	1.8164945840835571	0.002087542787194252	0.9838977456092834	0.03277646005153656	0.033769529312849045	1
27	255	inverse_hidden	proposal	24	0.0025368572678416967	7.279643535614014	0.0025368572678416967	0.40907636284828186	0.02387760952115059	0.02602287195622921	1
27	63	inverse_hidden	canonical_perturbation	24	0.01529026310890913	2.3430979251861572	0.01529026310890913	0.013935417868196964	0.025957278907299042	0.026672041043639183	1
27	127	inverse_hidden	canonical_perturbation	24	0.008647112175822258	1.7014411687850952	0.008647112175822258	0.029403654858469963	0.026999879628419876	0.027772653847932816	1
27	191	inverse_hidden	canonical_perturbation	24	0.019194571301341057	7.143555641174316	0.019194571301341057	0.009327872656285763	0.03431987762451172	0.033769529312849045	1
27	255	inverse_hidden	canonical_perturbation	24	0.014171973802149296	9.535955429077148	0.014171973802149296	0.016916071996092796	0.025950221344828606	0.02602287195622921	1
27	63	inverse_hidden	random_sphere	24	30.14780616760254	2.366518259048462	30.14780616760254	1.2102970686100889e-05	1.3931022882461548	0.026672041043639183	0
27	127	inverse_hidden	random_sphere	24	28.505760192871094	2.695807933807373	28.505760192871094	5.252187111182138e-05	1.4054532051086426	0.027772653847932816	0
27	191	inverse_hidden	random_sphere	24	28.83689308166504	5.82907772064209	28.83689308166504	0.001857086201198399	1.4415243864059448	0.033769529312849045	1
27	255	inverse_hidden	random_sphere	24	29.885913848876953	10.257532119750977	29.885913848876953	0.0002740051131695509	1.449880599975586	0.02602287195622921	0
26	63	centered_logit	proposal	40	0.3398778438568115	0.3398778438568115	0.10909530520439148	0.9906238913536072	0.03952524811029434	0.02869872748851776	1
26	127	centered_logit	proposal	40	0.574907660484314	0.574907660484314	0.12174013257026672	0.20978784561157227	0.0380893237888813	0.023965926840901375	1
26	191	centered_logit	proposal	40	0.3373665511608124	0.3373665511608124	0.12251251935958862	0.9970435500144958	0.04544943571090698	0.025137249380350113	1
26	255	centered_logit	proposal	40	0.31779855489730835	0.31779855489730835	0.11718986928462982	0.9907912015914917	0.041456710547208786	0.026317046955227852	1
26	63	centered_logit	canonical_perturbation	40	0.3061026930809021	0.3061026930809021	0.17681998014450073	0.9966486096382141	0.050397537648677826	0.02869872748851776	1
26	127	centered_logit	canonical_perturbation	40	0.3678635358810425	0.3678635358810425	0.09523101150989532	0.9619114995002747	0.03923938050866127	0.023965926840901375	1
26	191	centered_logit	canonical_perturbation	40	0.3933982253074646	0.3933982253074646	0.16728444397449493	0.990323543548584	0.04520654305815697	0.025137249380350113	1
26	255	centered_logit	canonical_perturbation	40	0.43809232115745544	0.43809232115745544	0.2445998638868332	0.9357719421386719	0.047843076288700104	0.026317046955227852	1
26	63	centered_logit	random_sphere	40	1.968740701675415	1.968740701675415	28.867935180664062	0.0022650649771094322	1.4098314046859741	0.02869872748851776	0
26	127	centered_logit	random_sphere	40	1.9708738327026367	1.9708738327026367	31.824569702148438	0.00018094493134412915	1.425341248512268	0.023965926840901375	0
26	191	centered_logit	random_sphere	40	4.239912986755371	4.239912986755371	27.799365997314453	0.005228665191680193	1.4362781047821045	0.025137249380350113	0
26	255	centered_logit	random_sphere	40	5.454476356506348	5.454476356506348	29.12459945678711	0.0018920701695606112	1.388506531715393	0.026317046955227852	0
26	63	inverse_hidden	proposal	40	0.0006249339203350246	1.5434198379516602	0.0006249339203350246	0.9986498951911926	0.025296565145254135	0.02869872748851776	1
26	127	inverse_hidden	proposal	40	0.0007834506686776876	1.37301766872406	0.0007834506686776876	0.9853734374046326	0.020809130743145943	0.023965926840901375	1
26	191	inverse_hidden	proposal	40	0.00160699721891433	1.5381252765655518	0.00160699721891433	0.765070378780365	0.022675910964608192	0.025137249380350113	1
26	255	inverse_hidden	proposal	40	0.0010225898586213589	2.4067437648773193	0.0010225898586213589	0.9952296018600464	0.02247646264731884	0.026317046955227852	1
26	63	inverse_hidden	canonical_perturbation	40	0.007961301133036613	2.186272621154785	0.007961301133036613	0.455251008272171	0.027794577181339264	0.02869872748851776	1
26	127	inverse_hidden	canonical_perturbation	40	0.005439878441393375	1.5461974143981934	0.005439878441393375	0.07643023133277893	0.023160122334957123	0.023965926840901375	1
26	191	inverse_hidden	canonical_perturbation	40	0.00588260916993022	2.755650043487549	0.00588260916993022	0.8069888353347778	0.023306570947170258	0.025137249380350113	1
26	255	inverse_hidden	canonical_perturbation	40	0.0074112918227910995	5.267791748046875	0.0074112918227910995	0.6028096675872803	0.026074593886733055	0.026317046955227852	1
26	63	inverse_hidden	random_sphere	40	28.620052337646484	3.422947406768799	28.620052337646484	0.0002785643737297505	1.4154430627822876	0.02869872748851776	0
26	127	inverse_hidden	random_sphere	40	31.395755767822266	2.845120906829834	31.395755767822266	0.00010254151857225224	1.4166618585586548	0.023965926840901375	0
26	191	inverse_hidden	random_sphere	40	27.687088012695312	7.319826126098633	27.687088012695312	0.0004136638599447906	1.4385048151016235	0.025137249380350113	0
26	255	inverse_hidden	random_sphere	40	28.965124130249023	8.966232299804688	28.965124130249023	0.00012039807916153222	1.3911070823669434	0.026317046955227852	0
27	63	centered_logit	proposal	40	0.41114893555641174	0.41114893555641174	0.08750666677951813	0.9842483401298523	0.03884568810462952	0.026672041043639183	1
27	127	centered_logit	proposal	40	0.38352692127227783	0.38352692127227783	0.09761405736207962	0.9515960216522217	0.036887817084789276	0.027772653847932816	1
27	191	centered_logit	proposal	40	0.2748644948005676	0.2748644948005676	0.07444627583026886	0.9996610879898071	0.046441029757261276	0.033769529312849045	1
27	255	centered_logit	proposal	40	0.40815412998199463	0.40815412998199463	0.1196417286992073	0.9902183413505554	0.044222380965948105	0.02602287195622921	1
27	63	centered_logit	canonical_perturbation	40	0.2053326964378357	0.2053326964378357	0.10839575529098511	0.9997754693031311	0.04279032722115517	0.026672041043639183	1
27	127	centered_logit	canonical_perturbation	40	0.3177652359008789	0.3177652359008789	0.1482645869255066	0.9864048957824707	0.042779359966516495	0.027772653847932816	1
27	191	centered_logit	canonical_perturbation	40	0.4865603446960449	0.4865603446960449	0.22605803608894348	0.9892855286598206	0.05441497266292572	0.033769529312849045	1
27	255	centered_logit	canonical_perturbation	40	0.4719744622707367	0.4719744622707367	0.17208869755268097	0.9725788235664368	0.04646288603544235	0.02602287195622921	1
27	63	centered_logit	random_sphere	40	1.7235133647918701	1.7235133647918701	30.195457458496094	5.4498541430803016e-05	1.392423391342163	0.026672041043639183	0
27	127	centered_logit	random_sphere	40	1.8429079055786133	1.8429079055786133	28.634872436523438	0.00011253752745687962	1.4107615947723389	0.027772653847932816	0
27	191	centered_logit	random_sphere	40	3.1342573165893555	3.1342573165893555	29.080400466918945	0.024461986497044563	1.435262680053711	0.033769529312849045	1
27	255	centered_logit	random_sphere	40	6.306652545928955	6.306652545928955	30.09639549255371	0.004721817560493946	1.4424923658370972	0.02602287195622921	1
27	63	inverse_hidden	proposal	40	0.0008376678451895714	1.0917425155639648	0.0008376678451895714	0.9733592867851257	0.023404814302921295	0.026672041043639183	1
27	127	inverse_hidden	proposal	40	0.0013405114877969027	2.6041581630706787	0.0013405114877969027	0.38244590163230896	0.024989234283566475	0.027772653847932816	1
27	191	inverse_hidden	proposal	40	0.0009101092000491917	1.2371163368225098	0.0009101092000491917	0.9996293783187866	0.03251948952674866	0.033769529312849045	1
27	255	inverse_hidden	proposal	40	0.0013072214787825942	4.377506256103516	0.0013072214787825942	0.9683323502540588	0.02268299274146557	0.02602287195622921	1
27	63	inverse_hidden	canonical_perturbation	40	0.007304572034627199	1.5318689346313477	0.007304572034627199	0.2492203712463379	0.02365516871213913	0.026672041043639183	1
27	127	inverse_hidden	canonical_perturbation	40	0.005578265059739351	1.361220359802246	0.005578265059739351	0.26517730951309204	0.0239091906696558	0.027772653847932816	1
27	191	inverse_hidden	canonical_perturbation	40	0.012307429686188698	5.30756950378418	0.012307429686188698	0.33053839206695557	0.03416421264410019	0.033769529312849045	1
27	255	inverse_hidden	canonical_perturbation	40	0.006886044051498175	4.62094783782959	0.006886044051498175	0.9112043380737305	0.023853380233049393	0.02602287195622921	1
27	63	inverse_hidden	random_sphere	40	30.134035110473633	2.360687494277954	30.134035110473633	1.2337442967691459e-05	1.3933849334716797	0.026672041043639183	0
27	127	inverse_hidden	random_sphere	40	28.472129821777344	2.6842639446258545	28.472129821777344	5.1705843361560255e-05	1.404913306236267	0.027772653847932816	0
27	191	inverse_hidden	random_sphere	40	28.81705665588379	5.8528642654418945	28.81705665588379	0.0017861148808151484	1.4425849914550781	0.033769529312849045	1
27	255	inverse_hidden	random_sphere	40	29.858861923217773	10.282574653625488	29.858861923217773	0.00026662464370019734	1.4519413709640503	0.02602287195622921	0
28	63	centered_logit	proposal	0	9.663017272949219	9.663017272949219	0.051744651049375534	0.026754582300782204	0.030291879549622536	0.030291879549622536	1
28	127	centered_logit	proposal	0	2.6392321586608887	2.6392321586608887	0.02733006328344345	0.0483827143907547	0.0314587764441967	0.0314587764441967	1
28	191	centered_logit	proposal	0	6.29261589050293	6.29261589050293	0.04082148149609566	0.21129034459590912	0.029592014849185944	0.029592014849185944	1
28	255	centered_logit	proposal	0	2.072722911834717	2.072722911834717	0.049493756145238876	0.9994997978210449	0.031730327755212784	0.031730327755212784	1
28	63	centered_logit	canonical_perturbation	0	5.489598274230957	5.489598274230957	0.19398437440395355	0.0010505561949685216	0.030291879549622536	0.030291879549622536	0
28	127	centered_logit	canonical_perturbation	0	2.9685864448547363	2.9685864448547363	0.12656964361667633	0.0036143227480351925	0.0314587727189064	0.0314587764441967	0
28	191	centered_logit	canonical_perturbation	0	7.547051906585693	7.547051906585693	0.0731121301651001	0.0061333696357905865	0.029592014849185944	0.029592014849185944	1
28	255	centered_logit	canonical_perturbation	0	2.536044120788574	2.536044120788574	0.06406812369823456	0.00026880676159635186	0.031730324029922485	0.031730327755212784	0
28	63	centered_logit	random_sphere	0	4.2211713790893555	4.2211713790893555	26.095129013061523	0.00017094818758778274	1.428552269935608	0.030291879549622536	0
28	127	centered_logit	random_sphere	0	3.9538350105285645	3.9538350105285645	23.46164321899414	0.00042875795043073595	1.4002150297164917	0.0314587764441967	0
28	191	centered_logit	random_sphere	0	10.894546508789062	10.894546508789062	21.831890106201172	0.0007977212662808597	1.41655695438385	0.029592014849185944	0
28	255	centered_logit	random_sphere	0	2.0963401794433594	2.0963401794433594	22.42801856994629	0.00013658877287525684	1.42594313621521	0.031730327755212784	0
28	63	inverse_hidden	proposal	0	0.051744651049375534	9.663017272949219	0.051744651049375534	0.026754582300782204	0.030291879549622536	0.030291879549622536	1
28	127	inverse_hidden	proposal	0	0.02733006328344345	2.6392321586608887	0.02733006328344345	0.0483827143907547	0.0314587764441967	0.0314587764441967	1
28	191	inverse_hidden	proposal	0	0.04082148149609566	6.29261589050293	0.04082148149609566	0.21129034459590912	0.029592014849185944	0.029592014849185944	1
28	255	inverse_hidden	proposal	0	0.049493756145238876	2.072722911834717	0.049493756145238876	0.9994997978210449	0.031730327755212784	0.031730327755212784	1
28	63	inverse_hidden	canonical_perturbation	0	0.19398437440395355	5.489598274230957	0.19398437440395355	0.0010505561949685216	0.030291879549622536	0.030291879549622536	0
28	127	inverse_hidden	canonical_perturbation	0	0.12656964361667633	2.9685864448547363	0.12656964361667633	0.0036143227480351925	0.0314587727189064	0.0314587764441967	0
28	191	inverse_hidden	canonical_perturbation	0	0.0731121301651001	7.547051906585693	0.0731121301651001	0.0061333696357905865	0.029592014849185944	0.029592014849185944	1
28	255	inverse_hidden	canonical_perturbation	0	0.06406812369823456	2.536044120788574	0.06406812369823456	0.00026880676159635186	0.031730324029922485	0.031730327755212784	0
28	63	inverse_hidden	random_sphere	0	26.095129013061523	4.2211713790893555	26.095129013061523	0.00017094818758778274	1.428552269935608	0.030291879549622536	0
28	127	inverse_hidden	random_sphere	0	23.46164321899414	3.9538350105285645	23.46164321899414	0.00042875795043073595	1.4002150297164917	0.0314587764441967	0
28	191	inverse_hidden	random_sphere	0	21.831890106201172	10.894546508789062	21.831890106201172	0.0007977212662808597	1.41655695438385	0.029592014849185944	0
28	255	inverse_hidden	random_sphere	0	22.42801856994629	2.0963401794433594	22.42801856994629	0.00013658877287525684	1.42594313621521	0.031730327755212784	0
29	63	centered_logit	proposal	0	1.899478554725647	1.899478554725647	0.036636754870414734	0.3376442492008209	0.02182232216000557	0.02182232216000557	1
29	127	centered_logit	proposal	0	11.875143051147461	11.875143051147461	0.03877520561218262	0.03849462792277336	0.027537822723388672	0.027537822723388672	1
29	191	centered_logit	proposal	0	3.683678150177002	3.683678150177002	0.047388218343257904	0.028494488447904587	0.023215152323246002	0.023215152323246002	1
29	255	centered_logit	proposal	0	3.4347939491271973	3.4347939491271973	0.03193832188844681	0.5514277815818787	0.03131823614239693	0.03131823614239693	1
29	63	centered_logit	canonical_perturbation	0	3.810001850128174	3.810001850128174	0.1697467714548111	0.009089108556509018	0.02182232402265072	0.02182232216000557	1
29	127	centered_logit	canonical_perturbation	0	9.082049369812012	9.082049369812012	0.21721231937408447	0.004327189642935991	0.027537822723388672	0.027537822723388672	1
29	191	centered_logit	canonical_perturbation	0	5.238407611846924	5.238407611846924	0.1518537402153015	0.00394084258005023	0.02321515418589115	0.023215152323246002	1
29	255	centered_logit	canonical_perturbation	0	4.784171104431152	4.784171104431152	0.21301335096359253	0.000946211046539247	0.03131823614239693	0.03131823614239693	0
29	63	centered_logit	random_sphere	0	5.588737487792969	5.588737487792969	29.80121421813965	0.00013517752813640982	1.406008005142212	0.02182232216000557	0
29	127	centered_logit	random_sphere	0	8.370985984802246	8.370985984802246	28.3442440032959	2.7584481358644553e-05	1.4399489164352417	0.027537822723388672	0
29	191	centered_logit	random_sphere	0	8.131139755249023	8.131139755249023	31.474266052246094	0.00013516083708964288	1.4092313051223755	0.023215152323246002	0
29	255	centered_logit	random_sphere	0	9.103878021240234	9.103878021240234	30.883743286132812	5.565494211623445e-05	1.4113849401474	0.03131823614239693	0
29	63	inverse_hidden	proposal	0	0.036636754870414734	1.899478554725647	0.036636754870414734	0.3376442492008209	0.02182232216000557	0.02182232216000557	1
29	127	inverse_hidden	proposal	0	0.03877520561218262	11.875143051147461	0.03877520561218262	0.03849462792277336	0.027537822723388672	0.027537822723388672	1
29	191	inverse_hidden	proposal	0	0.047388218343257904	3.683678150177002	0.047388218343257904	0.028494488447904587	0.023215152323246002	0.023215152323246002	1
29	255	inverse_hidden	proposal	0	0.03193832188844681	3.4347939491271973	0.03193832188844681	0.5514277815818787	0.03131823614239693	0.03131823614239693	1
29	63	inverse_hidden	canonical_perturbation	0	0.1697467714548111	3.810001850128174	0.1697467714548111	0.009089108556509018	0.02182232402265072	0.02182232216000557	1
29	127	inverse_hidden	canonical_perturbation	0	0.21721231937408447	9.082049369812012	0.21721231937408447	0.004327189642935991	0.027537822723388672	0.027537822723388672	1
29	191	inverse_hidden	canonical_perturbation	0	0.1518537402153015	5.238407611846924	0.1518537402153015	0.00394084258005023	0.02321515418589115	0.023215152323246002	1
29	255	inverse_hidden	canonical_perturbation	0	0.21301335096359253	4.784171104431152	0.21301335096359253	0.000946211046539247	0.03131823614239693	0.03131823614239693	0
29	63	inverse_hidden	random_sphere	0	29.80121421813965	5.588737487792969	29.80121421813965	0.00013517752813640982	1.406008005142212	0.02182232216000557	0
29	127	inverse_hidden	random_sphere	0	28.3442440032959	8.370985984802246	28.3442440032959	2.7584481358644553e-05	1.4399489164352417	0.027537822723388672	0
29	191	inverse_hidden	random_sphere	0	31.474266052246094	8.131139755249023	31.474266052246094	0.00013516083708964288	1.4092313051223755	0.023215152323246002	0
29	255	inverse_hidden	random_sphere	0	30.883743286132812	9.103878021240234	30.883743286132812	5.565494211623445e-05	1.4113849401474	0.03131823614239693	0
28	63	centered_logit	proposal	1	4.054449081420898	4.054449081420898	0.05876142904162407	0.0027168102096766233	0.03034646064043045	0.030291879549622536	0
28	127	centered_logit	proposal	1	1.2823899984359741	1.2823899984359741	0.03899480402469635	0.10676351934671402	0.031629785895347595	0.0314587764441967	1
28	191	centered_logit	proposal	1	3.5026426315307617	3.5026426315307617	0.045658037066459656	0.5871316194534302	0.03000369668006897	0.029592014849185944	1
28	255	centered_logit	proposal	1	1.5034259557724	1.5034259557724	0.04049879312515259	0.0728975161910057	0.03167223557829857	0.031730327755212784	1
28	63	centered_logit	canonical_perturbation	1	4.008761405944824	4.008761405944824	0.14995141327381134	0.0015868399059399962	0.030513839796185493	0.030291879549622536	0
28	127	centered_logit	canonical_perturbation	1	2.055248260498047	2.055248260498047	0.12174652516841888	0.0122755765914917	0.031530071049928665	0.0314587764441967	0
28	191	centered_logit	canonical_perturbation	1	5.212165355682373	5.212165355682373	0.09486310929059982	0.04546793922781944	0.029927214607596397	0.029592014849185944	1
28	255	centered_logit	canonical_perturbation	1	1.7293342351913452	1.7293342351913452	0.05117793008685112	0.000314825854729861	0.03172361105680466	0.031730327755212784	0
28	63	centered_logit	random_sphere	1	4.152904033660889	4.152904033660889	26.091833114624023	0.0001714225218165666	1.4287025928497314	0.030291879549622536	0
28	127	centered_logit	random_sphere	1	3.893799304962158	3.893799304962158	23.46477699279785	0.00045645126374438405	1.4000020027160645	0.0314587764441967	0
28	191	centered_logit	random_sphere	1	10.750303268432617	10.750303268432617	21.835384368896484	0.0008759757038205862	1.416434407234192	0.029592014849185944	0
28	255	centered_logit	random_sphere	1	2.0715579986572266	2.0715579986572266	22.427879333496094	0.00014037346409168094	1.4260309934616089	0.031730327755212784	0
28	63	inverse_hidden	proposal	1	0.020812351256608963	7.07662296295166	0.020812351256608963	0.017522357404232025	0.030000468716025352	0.030291879549622536	0
28	127	inverse_hidden	proposal	1	0.010623457841575146	2.574939727783203	0.010623457841575146	0.027200574055314064	0.030944272875785828	0.0314587764441967	0
28	191	inverse_hidden	proposal	1	0.025646811351180077	9.159402847290039	0.025646811351180077	0.0009197957115247846	0.029172930866479874	0.029592014849185944	0
28	255	inverse_hidden	proposal	1	0.05085292086005211	1.6848413944244385	0.05085292086005211	0.015388267114758492	0.031277649104595184	0.031730327755212784	1
28	63	inverse_hidden	canonical_perturbation	1	0.0815456286072731	4.975966453552246	0.0815456286072731	0.004758872091770172	0.029779722914099693	0.030291879549622536	0
28	127	inverse_hidden	canonical_perturbation	1	0.05228235200047493	3.552034854888916	0.05228235200047493	0.0045903827995061874	0.030692189931869507	0.0314587764441967	0
28	191	inverse_hidden	canonical_perturbation	1	0.04594479501247406	9.177789688110352	0.04594479501247406	0.002265403512865305	0.028785480186343193	0.029592014849185944	0
28	255	inverse_hidden	canonical_perturbation	1	0.06328774988651276	2.232961416244507	0.06328774988651276	0.00010410996765131131	0.030616460368037224	0.031730327755212784	0
28	63	inverse_hidden	random_sphere	1	26.09383201599121	4.222564220428467	26.09383201599121	0.00017115734226536006	1.4285881519317627	0.030291879549622536	0
28	127	inverse_hidden	random_sphere	1	23.460554122924805	3.953763008117676	23.460554122924805	0.0004282891168259084	1.400175929069519	0.0314587764441967	0
28	191	inverse_hidden	random_sphere	1	21.829517364501953	10.902679443359375	21.829517364501953	0.0007917095208540559	1.4165676832199097	0.029592014849185944	0
28	255	inverse_hidden	random_sphere	1	22.426532745361328	2.0966649055480957	22.426532745361328	0.0001366203505313024	1.425817608833313	0.031730327755212784	0
29	63	centered_logit	proposal	1	1.0748753547668457	1.0748753547668457	0.0438021682202816	0.5537164807319641	0.02242475003004074	0.02182232216000557	1
29	127	centered_logit	proposal	1	7.34473991394043	7.34473991394043	0.024333883076906204	0.06919430941343307	0.027500595897436142	0.027537822723388672	1
29	191	centered_logit	proposal	1	2.1497178077697754	2.1497178077697754	0.06027828902006149	0.06612016260623932	0.02386622503399849	0.023215152323246002	0
29	255	centered_logit	proposal	1	1.7318838834762573	1.7318838834762573	0.03455036133527756	0.7414600849151611	0.0315934456884861	0.03131823614239693	1
29	63	centered_logit	canonical_perturbation	1	2.427147626876831	2.427147626876831	0.11189655214548111	0.07886181771755219	0.02193511091172695	0.02182232216000557	1
29	127	centered_logit	canonical_perturbation	1	7.277780055999756	7.277780055999756	0.18403714895248413	0.007380252704024315	0.02763717994093895	0.027537822723388672	1
29	191	centered_logit	canonical_perturbation	1	3.8373913764953613	3.8373913764953613	0.15554122626781464	0.013833859004080296	0.023282118141651154	0.023215152323246002	1
29	255	centered_logit	canonical_perturbation	1	3.675410747528076	3.675410747528076	0.17532208561897278	0.0034782758448272943	0.031427908688783646	0.03131823614239693	0
29	63	centered_logit	random_sphere	1	5.511806011199951	5.511806011199951	29.80076026916504	0.00014359186752699316	1.405859112739563	0.02182232216000557	0
29	127	centered_logit	random_sphere	1	8.266424179077148	8.266424179077148	28.34328842163086	2.8099426344851963e-05	1.439982533454895	0.027537822723388672	0
29	191	centered_logit	random_sphere	1	8.032835960388184	8.032835960388184	31.476219177246094	0.00014502847625408322	1.4091449975967407	0.023215152323246002	0
29	255	centered_logit	random_sphere	1	8.996054649353027	8.996054649353027	30.883060455322266	6.049836883903481e-05	1.411304235458374	0.03131823614239693	0
29	63	inverse_hidden	proposal	1	0.029533348977565765	5.099748611450195	0.029533348977565765	0.0007742226589471102	0.021379077807068825	0.02182232216000557	0
29	127	inverse_hidden	proposal	1	0.04107000306248665	11.360687255859375	0.04107000306248665	0.00025384119362570345	0.0271314587444067	0.027537822723388672	0
29	191	inverse_hidden	proposal	1	0.03137435391545296	3.7849526405334473	0.03137435391545296	0.011625862680375576	0.022810213267803192	0.023215152323246002	1
29	255	inverse_hidden	proposal	1	0.016655799001455307	4.691763877868652	0.016655799001455307	0.006007492076605558	0.03095681592822075	0.03131823614239693	0
29	63	inverse_hidden	canonical_perturbation	1	0.06453590095043182	3.551790952682495	0.06453590095043182	0.04563012719154358	0.02116086333990097	0.02182232216000557	1
29	127	inverse_hidden	canonical_perturbation	1	0.09511304646730423	8.78894329071045	0.09511304646730423	0.015750104561448097	0.0268729068338871	0.027537822723388672	1
29	191	inverse_hidden	canonical_perturbation	1	0.06487619131803513	5.553558826446533	0.06487619131803513	0.012988438829779625	0.022537965327501297	0.023215152323246002	1
29	255	inverse_hidden	canonical_perturbation	1	0.10160480439662933	4.651437759399414	0.10160480439662933	0.000982489320449531	0.030537746846675873	0.03131823614239693	0
29	63	inverse_hidden	random_sphere	1	29.79975128173828	5.5893659591674805	29.79975128173828	0.0001354419073322788	1.4059752225875854	0.02182232216000557	0
29	127	inverse_hidden	random_sphere	1	28.341928482055664	8.373359680175781	28.341928482055664	2.7591095204115845e-05	1.4397952556610107	0.027537822723388672	0
29	191	inverse_hidden	random_sphere	1	31.470874786376953	8.134160041809082	31.470874786376953	0.00013519512140192091	1.40933096408844	0.023215152323246002	0
29	255	inverse_hidden	random_sphere	1	30.88077163696289	9.101354598999023	30.88077163696289	5.588163548964076e-05	1.4114093780517578	0.03131823614239693	0
28	63	centered_logit	proposal	2	2.6609761714935303	2.6609761714935303	0.13499489426612854	0.0011047322768718004	0.030741652473807335	0.030291879549622536	0
28	127	centered_logit	proposal	2	1.0022335052490234	1.0022335052490234	0.06306495517492294	0.08373730629682541	0.03200896456837654	0.0314587764441967	1
28	191	centered_logit	proposal	2	2.6643989086151123	2.6643989086151123	0.06511864066123962	0.4180459678173065	0.030751744285225868	0.029592014849185944	1
28	255	centered_logit	proposal	2	1.2743966579437256	1.2743966579437256	0.043558064848184586	0.0603005550801754	0.03185556083917618	0.031730327755212784	1
28	63	centered_logit	canonical_perturbation	2	2.435302257537842	2.435302257537842	0.09819981455802917	0.0014675917336717248	0.030967067927122116	0.030291879549622536	0
28	127	centered_logit	canonical_perturbation	2	1.4073741436004639	1.4073741436004639	0.09651269763708115	0.0429963693022728	0.031809572130441666	0.0314587764441967	0
28	191	centered_logit	canonical_perturbation	2	3.575321674346924	3.575321674346924	0.08662285655736923	0.23314449191093445	0.03048500418663025	0.029592014849185944	1
28	255	centered_logit	canonical_perturbation	2	1.5294660329818726	1.5294660329818726	0.04968155175447464	0.0005174354300834239	0.031958047300577164	0.031730327755212784	0
28	63	centered_logit	random_sphere	2	4.08552885055542	4.08552885055542	26.08866310119629	0.00017182774899993092	1.4288527965545654	0.030291879549622536	0
28	127	centered_logit	random_sphere	2	3.834653615951538	3.834653615951538	23.467988967895508	0.00048579726717434824	1.3997892141342163	0.0314587764441967	0
28	191	centered_logit	random_sphere	2	10.60720443725586	10.60720443725586	21.83901596069336	0.0009613477159291506	1.4163116216659546	0.029592014849185944	0
28	255	centered_logit	random_sphere	2	2.0473992824554443	2.0473992824554443	22.427709579467773	0.00014428826398216188	1.42611825466156	0.031730327755212784	0
28	63	inverse_hidden	proposal	2	0.01239795796573162	4.497708320617676	0.01239795796573162	0.0009976570727303624	0.029904980212450027	0.030291879549622536	0
28	127	inverse_hidden	proposal	2	0.023738397285342216	7.253885269165039	0.023738397285342216	8.003924449440092e-06	0.030824119225144386	0.0314587764441967	0
28	191	inverse_hidden	proposal	2	0.007590609602630138	8.203295707702637	0.007590609602630138	0.0018184748478233814	0.028782496228814125	0.029592014849185944	0
28	255	inverse_hidden	proposal	2	0.011624245904386044	1.1813862323760986	0.011624245904386044	0.666441798210144	0.03100488893687725	0.031730327755212784	1
28	63	inverse_hidden	canonical_perturbation	2	0.05135711655020714	4.059714317321777	0.05135711655020714	0.0017224628245458007	0.029455004259943962	0.030291879549622536	0
28	127	inverse_hidden	canonical_perturbation	2	0.054261401295661926	5.731000900268555	0.054261401295661926	0.00021157074661459774	0.03010571375489235	0.0314587764441967	0
28	191	inverse_hidden	canonical_perturbation	2	0.052520837634801865	10.214051246643066	0.052520837634801865	0.0012182262726128101	0.028026100248098373	0.029592014849185944	0
28	255	inverse_hidden	canonical_perturbation	2	0.04841761291027069	2.0875964164733887	0.04841761291027069	0.00018154483404941857	0.02968314103782177	0.031730327755212784	0
28	63	inverse_hidden	random_sphere	2	26.092573165893555	4.223921298980713	26.092573165893555	0.0001713384554022923	1.4286394119262695	0.030291879549622536	0
28	127	inverse_hidden	random_sphere	2	23.4594783782959	3.9536900520324707	23.4594783782959	0.0004278404521755874	1.4001367092132568	0.0314587764441967	0
28	191	inverse_hidden	random_sphere	2	21.82717514038086	10.910115242004395	21.82717514038086	0.0007859537145122886	1.4165757894515991	0.029592014849185944	0
28	255	inverse_hidden	random_sphere	2	22.425073623657227	2.0970234870910645	22.425073623657227	0.00013663874415215105	1.4256927967071533	0.031730327755212784	0
29	63	centered_logit	proposal	2	0.8835063576698303	0.8835063576698303	0.05318468064069748	0.6364613771438599	0.023211486637592316	0.02182232216000557	1
29	127	centered_logit	proposal	2	4.824769973754883	4.824769973754883	0.04199899733066559	0.11092603206634521	0.02775447443127632	0.027537822723388672	1
29	191	centered_logit	proposal	2	1.7088923454284668	1.7088923454284668	0.09313012659549713	0.02632557973265648	0.02460859715938568	0.023215152323246002	0
29	255	centered_logit	proposal	2	1.1956965923309326	1.1956965923309326	0.04163682460784912	0.7429429292678833	0.032058462500572205	0.03131823614239693	1
29	63	centered_logit	canonical_perturbation	2	1.3554810285568237	1.3554810285568237	0.07440242916345596	0.5021560788154602	0.02246924489736557	0.02182232216000557	1
29	127	centered_logit	canonical_perturbation	2	5.290989398956299	5.290989398956299	0.13429327309131622	0.012275654822587967	0.02809557132422924	0.027537822723388672	1
29	191	centered_logit	canonical_perturbation	2	2.6675174236297607	2.6675174236297607	0.1264631450176239	0.05746335908770561	0.023509463295340538	0.023215152323246002	1
29	255	centered_logit	canonical_perturbation	2	2.6386499404907227	2.6386499404907227	0.13310004770755768	0.013187719509005547	0.031748779118061066	0.03131823614239693	0
29	63	centered_logit	random_sphere	2	5.435662746429443	5.435662746429443	29.800390243530273	0.00015249346324708313	1.4057105779647827	0.02182232216000557	0
29	127	centered_logit	random_sphere	2	8.162673950195312	8.162673950195312	28.342416763305664	2.8616464987862855e-05	1.4400156736373901	0.027537822723388672	0
29	191	centered_logit	random_sphere	2	7.935271263122559	7.935271263122559	31.4782772064209	0.00015553600678686053	1.4090588092803955	0.023215152323246002	0
29	255	centered_logit	random_sphere	2	8.888986587524414	8.888986587524414	30.8825740814209	6.567128730239347e-05	1.411221981048584	0.03131823614239693	0
29	63	inverse_hidden	proposal	2	0.009235312230885029	2.6142945289611816	0.009235312230885029	0.11003328859806061	0.021079551428556442	0.02182232216000557	1
29	127	inverse_hidden	proposal	2	0.013736176304519176	14.116291046142578	0.013736176304519176	0.0002647695073392242	0.026801329106092453	0.027537822723388672	0
29	191	inverse_hidden	proposal	2	0.01254640705883503	2.9626708030700684	0.01254640705883503	0.030381646007299423	0.02242933213710785	0.023215152323246002	0
29	255	inverse_hidden	proposal	2	0.009335966780781746	3.893840789794922	0.009335966780781746	0.05990038067102432	0.03063877671957016	0.03131823614239693	0
29	63	inverse_hidden	canonical_perturbation	2	0.03379087895154953	4.011939525604248	0.03379087895154953	0.028469540178775787	0.020844828337430954	0.02182232216000557	1
29	127	inverse_hidden	canonical_perturbation	2	0.0525415763258934	8.867395401000977	0.0525415763258934	0.0023603427689522505	0.026427457109093666	0.027537822723388672	0
29	191	inverse_hidden	canonical_perturbation	2	0.04826546087861061	6.933624744415283	0.04826546087861061	0.005159247200936079	0.022113487124443054	0.023215152323246002	1
29	255	inverse_hidden	canonical_perturbation	2	0.058826994150877	5.4655866622924805	0.058826994150877	0.00034921374754048884	0.029980337247252464	0.03131823614239693	0
29	63	inverse_hidden	random_sphere	2	29.79837417602539	5.5895161628723145	29.79837417602539	0.00013571305316872895	1.405951976776123	0.02182232216000557	0
29	127	inverse_hidden	random_sphere	2	28.339599609375	8.375743865966797	28.339599609375	2.7593727281782776e-05	1.4396424293518066	0.027537822723388672	0
29	191	inverse_hidden	random_sphere	2	31.467554092407227	8.137240409851074	31.467554092407227	0.00013521006621886045	1.409430742263794	0.023215152323246002	0
29	255	inverse_hidden	random_sphere	2	30.877901077270508	9.098901748657227	30.877901077270508	5.612256427411921e-05	1.4114340543746948	0.03131823614239693	0
28	63	centered_logit	proposal	4	1.9530487060546875	1.9530487060546875	0.25761958956718445	0.0003747887967620045	0.032065410166978836	0.030291879549622536	0
28	127	centered_logit	proposal	4	0.82818204164505	0.82818204164505	0.07146445661783218	0.1793072521686554	0.03312145918607712	0.0314587764441967	1
28	191	centered_logit	proposal	4	1.1898562908172607	1.1898562908172607	0.053170111030340195	0.693489670753479	0.0324966162443161	0.029592014849185944	1
28	255	centered_logit	proposal	4	1.13809335231781	1.13809335231781	0.025622673332691193	0.9526686072349548	0.032608479261398315	0.031730327755212784	1
28	63	centered_logit	canonical_perturbation	4	1.4428126811981201	1.4428126811981201	0.06980647891759872	2.6831171453522984e-06	0.032406117767095566	0.030291879549622536	0
28	127	centered_logit	canonical_perturbation	4	0.9494832754135132	0.9494832754135132	0.07806160300970078	0.1792069673538208	0.03282247856259346	0.0314587764441967	1
28	191	centered_logit	canonical_perturbation	4	1.9847486019134521	1.9847486019134521	0.07529731094837189	0.726094663143158	0.03223156929016113	0.029592014849185944	1
28	255	centered_logit	canonical_perturbation	4	1.1802650690078735	1.1802650690078735	0.07429894059896469	0.009076240472495556	0.03289727494120598	0.031730327755212784	1
28	63	centered_logit	random_sphere	4	3.953516721725464	3.953516721725464	26.082712173461914	0.0001724595349514857	1.4291526079177856	0.030291879549622536	0
28	127	centered_logit	random_sphere	4	3.7190780639648438	3.7190780639648438	23.474626541137695	0.0005497947568073869	1.3993663787841797	0.0314587764441967	0
28	191	centered_logit	random_sphere	4	10.32454776763916	10.32454776763916	21.846715927124023	0.001156038255430758	1.41606605052948	0.029592014849185944	0
28	255	centered_logit	random_sphere	4	2.0009500980377197	2.0009500980377197	22.427303314208984	0.0001526487321825698	1.4262924194335938	0.031730327755212784	0
28	63	inverse_hidden	proposal	4	0.012722271494567394	5.064050674438477	0.012722271494567394	1.025352412398206e-05	0.030034838244318962	0.030291879549622536	0
28	127	inverse_hidden	proposal	4	0.016719214618206024	4.732535362243652	0.016719214618206024	0.0007096894551068544	0.03051644377410412	0.0314587764441967	0
28	191	inverse_hidden	proposal	4	0.010467911139130592	11.56840705871582	0.010467911139130592	7.786822243360803e-05	0.028259258717298508	0.029592014849185944	0
28	255	inverse_hidden	proposal	4	0.027881469577550888	1.957696557044983	0.027881469577550888	0.07670953124761581	0.03083023428916931	0.031730327755212784	0
28	63	inverse_hidden	canonical_perturbation	4	0.08404253423213959	2.9683709144592285	0.08404253423213959	0.0018636273453012109	0.028875891119241714	0.030291879549622536	0
28	127	inverse_hidden	canonical_perturbation	4	0.06322848796844482	6.276862144470215	0.06322848796844482	0.00013304290769156069	0.02922155149281025	0.0314587764441967	0
28	191	inverse_hidden	canonical_perturbation	4	0.025294626131653786	8.507970809936523	0.025294626131653786	0.010257888585329056	0.027038421481847763	0.029592014849185944	1
28	255	inverse_hidden	canonical_perturbation	4	0.03619633987545967	1.8938190937042236	0.03619633987545967	0.0027935414109379053	0.028463348746299744	0.031730327755212784	1
28	63	inverse_hidden	random_sphere	4	26.09010887145996	4.226571559906006	26.09010887145996	0.00017168479098472744	1.4287467002868652	0.030291879549622536	0
28	127	inverse_hidden	random_sphere	4	23.45737648010254	3.953491449356079	23.45737648010254	0.00042703087092377245	1.4000580310821533	0.0314587764441967	0
28	191	inverse_hidden	random_sphere	4	21.822622299194336	10.924198150634766	21.822622299194336	0.0007751313969492912	1.4165900945663452	0.029592014849185944	0
28	255	inverse_hidden	random_sphere	4	22.422212600708008	2.097750663757324	22.422212600708008	0.00013667203893419355	1.4254554510116577	0.031730327755212784	0
29	63	centered_logit	proposal	4	0.7153044939041138	0.7153044939041138	0.07586333155632019	0.7398499846458435	0.024723490700125694	0.02182232216000557	1
29	127	centered_logit	proposal	4	2.6777901649475098	2.6777901649475098	0.03602753207087517	4.8523052100790665e-06	0.028828458860516548	0.027537822723388672	0
29	191	centered_logit	proposal	4	1.2435975074768066	1.2435975074768066	0.09946927428245544	0.06042253598570824	0.02642793022096157	0.023215152323246002	0
29	255	centered_logit	proposal	4	0.894465982913971	0.894465982913971	0.0652657076716423	0.7336365580558777	0.03332483768463135	0.03131823614239693	1
29	63	centered_logit	canonical_perturbation	4	0.9055696725845337	0.9055696725845337	0.0642814040184021	0.8687111735343933	0.02423165738582611	0.02182232216000557	1
29	127	centered_logit	canonical_perturbation	4	2.198427438735962	2.198427438735962	0.07458647340536118	2.8603244572877884e-05	0.02973933145403862	0.027537822723388672	0
29	191	centered_logit	canonical_perturbation	4	1.3576990365982056	1.3576990365982056	0.08227939903736115	0.3875240683555603	0.02463519014418125	0.023215152323246002	1
29	255	centered_logit	canonical_perturbation	4	1.5501582622528076	1.5501582622528076	0.09512978047132492	0.07163212448358536	0.032958269119262695	0.03131823614239693	0
29	63	centered_logit	random_sphere	4	5.285799026489258	5.285799026489258	29.799882888793945	0.0001718622079351917	1.4054135084152222	0.02182232216000557	0
29	127	centered_logit	random_sphere	4	7.957667350769043	7.957667350769043	28.340932846069336	2.9654114769073203e-05	1.4400813579559326	0.027537822723388672	0
29	191	centered_logit	random_sphere	4	7.742420196533203	7.742420196533203	31.482772827148438	0.0001786282955436036	1.4088863134384155	0.023215152323246002	0
29	255	centered_logit	random_sphere	4	8.67717456817627	8.67717456817627	30.882007598876953	7.712250953773037e-05	1.4110404253005981	0.03131823614239693	0
29	63	inverse_hidden	proposal	4	0.01303304173052311	5.441387176513672	0.01303304173052311	0.0017228282522410154	0.02077038586139679	0.02182232216000557	0
29	127	inverse_hidden	proposal	4	0.011189662851393223	8.797813415527344	0.011189662851393223	0.016590673476457596	0.02663419395685196	0.027537822723388672	0
29	191	inverse_hidden	proposal	4	0.014582760632038116	3.5984232425689697	0.014582760632038116	0.005022610072046518	0.022069957107305527	0.023215152323246002	0
29	255	inverse_hidden	proposal	4	0.008283767849206924	6.802521228790283	0.008283767849206924	0.00029756411095149815	0.03022698126733303	0.03131823614239693	0
29	63	inverse_hidden	canonical_perturbation	4	0.06340281665325165	6.415949821472168	0.06340281665325165	0.0011225002817809582	0.02050572633743286	0.02182232216000557	0
29	127	inverse_hidden	canonical_perturbation	4	0.08005058020353317	7.3649187088012695	0.08005058020353317	0.0007913409499451518	0.02577391266822815	0.027537822723388672	0
29	191	inverse_hidden	canonical_perturbation	4	0.06363740563392639	8.125298500061035	0.06363740563392639	0.0009229036513715982	0.021649766713380814	0.023215152323246002	0
29	255	inverse_hidden	canonical_perturbation	4	0.07947392761707306	7.291348457336426	0.07947392761707306	8.318265463458374e-05	0.029155593365430832	0.03131823614239693	0
29	63	inverse_hidden	random_sphere	4	29.795616149902344	5.589086532592773	29.795616149902344	0.00013631721958518028	1.4058947563171387	0.02182232216000557	0
29	127	inverse_hidden	random_sphere	4	28.335044860839844	8.380841255187988	28.335044860839844	2.761290488706436e-05	1.4393377304077148	0.027537822723388672	0
29	191	inverse_hidden	random_sphere	4	31.461091995239258	8.143058776855469	31.461091995239258	0.0001352231192868203	1.409627914428711	0.023215152323246002	0
29	255	inverse_hidden	random_sphere	4	30.872209548950195	9.093809127807617	30.872209548950195	5.6635239161551e-05	1.4114813804626465	0.03131823614239693	0
28	63	centered_logit	proposal	8	1.2649143934249878	1.2649143934249878	0.29533064365386963	3.3540385629748926e-05	0.0354616716504097	0.030291879549622536	0
28	127	centered_logit	proposal	8	0.7271938323974609	0.7271938323974609	0.11907950043678284	0.30827596783638	0.03554266318678856	0.0314587764441967	1
28	191	centered_logit	proposal	8	0.9026843309402466	0.9026843309402466	0.062233008444309235	0.7587360143661499	0.03654233366250992	0.029592014849185944	1
28	255	centered_logit	proposal	8	0.693347156047821	0.693347156047821	0.05620916560292244	0.9997689127922058	0.03433818742632866	0.031730327755212784	1
28	63	centered_logit	canonical_perturbation	8	1.0579261779785156	1.0579261779785156	0.22184798121452332	5.5673601309536025e-05	0.0357108972966671	0.030291879549622536	0
28	127	centered_logit	canonical_perturbation	8	0.7631869316101074	0.7631869316101074	0.1401355117559433	0.22778041660785675	0.03597399964928627	0.0314587764441967	1
28	191	centered_logit	canonical_perturbation	8	0.9386749863624573	0.9386749863624573	0.11062891781330109	0.8245552778244019	0.03697119653224945	0.029592014849185944	1
28	255	centered_logit	canonical_perturbation	8	0.8108946084976196	0.8108946084976196	0.0758361667394638	0.9506782293319702	0.034877680242061615	0.031730327755212784	1
28	63	centered_logit	random_sphere	8	3.700838804244995	3.700838804244995	26.072261810302734	0.00017280640895478427	1.4297443628311157	0.030291879549622536	0
28	127	centered_logit	random_sphere	8	3.4990639686584473	3.4990639686584473	23.489444732666016	0.0007013980648480356	1.3985565900802612	0.0314587764441967	0
28	191	centered_logit	random_sphere	8	9.77403450012207	9.77403450012207	21.8637752532959	0.0016625919379293919	1.4155731201171875	0.029592014849185944	0
28	255	centered_logit	random_sphere	8	1.9153926372528076	1.9153926372528076	22.427030563354492	0.00017192978702951223	1.4266811609268188	0.031730327755212784	0
28	63	inverse_hidden	proposal	8	0.006599188316613436	2.6483075618743896	0.006599188316613436	7.277362601598725e-05	0.030085595324635506	0.030291879549622536	0
28	127	inverse_hidden	proposal	8	0.009218650870025158	7.132994651794434	0.009218650870025158	5.895579306525178e-05	0.029991373419761658	0.0314587764441967	0
28	191	inverse_hidden	proposal	8	0.007310573942959309	14.791147232055664	0.007310573942959309	1.1164288480358664e-05	0.027734899893403053	0.029592014849185944	0
28	255	inverse_hidden	proposal	8	0.014863376505672932	1.1259796619415283	0.014863376505672932	0.5941420793533325	0.030704094097018242	0.031730327755212784	1
28	63	inverse_hidden	canonical_perturbation	8	0.029182013124227524	3.4597177505493164	0.029182013124227524	0.0018815689254552126	0.028657695278525352	0.030291879549622536	0
28	127	inverse_hidden	canonical_perturbation	8	0.029688287526369095	3.034356117248535	0.029688287526369095	0.021995697170495987	0.028912222012877464	0.0314587764441967	1
28	191	inverse_hidden	canonical_perturbation	8	0.015469747595489025	7.7207841873168945	0.015469747595489025	0.06935425847768784	0.026711056008934975	0.029592014849185944	1
28	255	inverse_hidden	canonical_perturbation	8	0.021655673161149025	1.3705532550811768	0.021655673161149025	0.006313577760010958	0.027206046506762505	0.031730327755212784	1
28	63	inverse_hidden	random_sphere	8	26.085350036621094	4.231814861297607	26.085350036621094	0.00017226867203135043	1.4289308786392212	0.030291879549622536	0
28	127	inverse_hidden	random_sphere	8	23.453149795532227	3.9529614448547363	23.453149795532227	0.0004256772808730602	1.3998689651489258	0.0314587764441967	0
28	191	inverse_hidden	random_sphere	8	21.81357765197754	10.952913284301758	21.81357765197754	0.0007542959647253156	1.4166274070739746	0.029592014849185944	0
28	255	inverse_hidden	random_sphere	8	22.41666603088379	2.098947763442993	22.41666603088379	0.0001367366494378075	1.4250041246414185	0.031730327755212784	0
29	63	centered_logit	proposal	8	0.5673267245292664	0.5673267245292664	0.10171457380056381	0.9409147500991821	0.027412042021751404	0.02182232216000557	1
29	127	centered_logit	proposal	8	1.1214985847473145	1.1214985847473145	0.07320111244916916	8.334213248417655e-07	0.03165600076317787	0.027537822723388672	0
29	191	centered_logit	proposal	8	0.9542419910430908	0.9542419910430908	0.09400013834238052	0.3952346742153168	0.029786953702569008	0.023215152323246002	1
29	255	centered_logit	proposal	8	0.7103865742683411	0.7103865742683411	0.09675177931785583	0.8336827158927917	0.03604160249233246	0.03131823614239693	1
29	63	centered_logit	canonical_perturbation	8	0.7817652225494385	0.7817652225494385	0.09625186771154404	0.9420168995857239	0.028365854173898697	0.02182232216000557	1
29	127	centered_logit	canonical_perturbation	8	1.0789296627044678	1.0789296627044678	0.12579064071178436	9.463460060032958e-07	0.03418036550283432	0.027537822723388672	0
29	191	centered_logit	canonical_perturbation	8	0.9260116815567017	0.9260116815567017	0.09931865334510803	0.721280038356781	0.028240686282515526	0.023215152323246002	1
29	255	centered_logit	canonical_perturbation	8	1.0013432502746582	1.0013432502746582	0.11735804378986359	0.38531386852264404	0.03651127591729164	0.03131823614239693	1
29	63	centered_logit	random_sphere	8	4.996112823486328	4.996112823486328	29.799753189086914	0.0002176431007683277	1.4048209190368652	0.02182232216000557	0
29	127	centered_logit	random_sphere	8	7.55808162689209	7.55808162689209	28.338842391967773	3.1723200663691387e-05	1.4402114152908325	0.027537822723388672	0
29	191	centered_logit	random_sphere	8	7.366214752197266	7.366214752197266	31.493122100830078	0.00023436109768226743	1.408538579940796	0.023215152323246002	0
29	255	centered_logit	random_sphere	8	8.263260841369629	8.263260841369629	30.882381439208984	0.00010526205005589873	1.4106522798538208	0.03131823614239693	0
29	63	inverse_hidden	proposal	8	0.008754389360547066	7.705989837646484	0.008754389360547066	0.00036754741449840367	0.020322714000940323	0.02182232216000557	0
29	127	inverse_hidden	proposal	8	0.010436421260237694	4.194308757781982	0.010436421260237694	0.00018148640810977668	0.02679944783449173	0.027537822723388672	0
29	191	inverse_hidden	proposal	8	0.009821850806474686	5.892412185668945	0.009821850806474686	0.004771513398736715	0.02205473743379116	0.023215152323246002	0
29	255	inverse_hidden	proposal	8	0.0054349135607481	4.125475883483887	0.0054349135607481	0.21001985669136047	0.030108846724033356	0.03131823614239693	1
29	63	inverse_hidden	canonical_perturbation	8	0.01749415136873722	4.701113700866699	0.01749415136873722	0.0477168895304203	0.02063455805182457	0.02182232216000557	1
29	127	inverse_hidden	canonical_perturbation	8	0.03462141379714012	6.7266364097595215	0.03462141379714012	0.0011974722146987915	0.02548893727362156	0.027537822723388672	0
29	191	inverse_hidden	canonical_perturbation	8	0.01846001110970974	6.268995761871338	0.01846001110970974	0.025555696338415146	0.02225182019174099	0.023215152323246002	1
29	255	inverse_hidden	canonical_perturbation	8	0.04109015688300133	6.211716175079346	0.04109015688300133	0.00110984081402421	0.028679456561803818	0.03131823614239693	0
29	63	inverse_hidden	random_sphere	8	29.790306091308594	5.58855676651001	29.790306091308594	0.0001375500432914123	1.4057849645614624	0.02182232216000557	0
29	127	inverse_hidden	random_sphere	8	28.326488494873047	8.391408920288086	28.326488494873047	2.7655807571136393e-05	1.4387595653533936	0.027537822723388672	0
29	191	inverse_hidden	random_sphere	8	31.448871612548828	8.153861999511719	31.448871612548828	0.000135347931063734	1.410024881362915	0.023215152323246002	0
29	255	inverse_hidden	random_sphere	8	30.86066246032715	9.082712173461914	30.86066246032715	5.7748318795347586e-05	1.411571979522705	0.03131823614239693	0
28	63	centered_logit	proposal	16	1.0756001472473145	1.0756001472473145	0.22947685420513153	3.304373194623622e-06	0.04100881516933441	0.030291879549622536	0
28	127	centered_logit	proposal	16	0.5784357190132141	0.5784357190132141	0.14380095899105072	0.7586671113967896	0.03968482464551926	0.0314587764441967	1
28	191	centered_logit	proposal	16	0.6572853922843933	0.6572853922843933	0.1014680489897728	0.8130899667739868	0.042601294815540314	0.029592014849185944	1
28	255	centered_logit	proposal	16	0.42600899934768677	0.42600899934768677	0.060571879148483276	0.9998724460601807	0.036858536303043365	0.031730327755212784	1
28	63	centered_logit	canonical_perturbation	16	0.8776633143424988	0.8776633143424988	0.26477912068367004	0.00010128862777492031	0.0417984202504158	0.030291879549622536	0
28	127	centered_logit	canonical_perturbation	16	0.6213898062705994	0.6213898062705994	0.17140886187553406	0.6451910734176636	0.041563164442777634	0.0314587764441967	1
28	191	centered_logit	canonical_perturbation	16	0.6925249099731445	0.6925249099731445	0.13645310699939728	0.8959541320800781	0.04452734813094139	0.029592014849185944	1
28	255	centered_logit	canonical_perturbation	16	0.566921055316925	0.566921055316925	0.11405018717050552	0.9988338351249695	0.03912152349948883	0.031730327755212784	1
28	63	centered_logit	random_sphere	16	3.2431905269622803	3.2431905269622803	26.056325912475586	0.00016847325605340302	1.4308271408081055	0.030291879549622536	0
28	127	centered_logit	random_sphere	16	3.104478359222412	3.104478359222412	23.525012969970703	0.001119921449571848	1.3971554040908813	0.0314587764441967	0
28	191	centered_logit	random_sphere	16	8.736355781555176	8.736355781555176	21.903926849365234	0.0033601527102291584	1.4145632982254028	0.029592014849185944	1
28	255	centered_logit	random_sphere	16	1.7709540128707886	1.7709540128707886	22.42882537841797	0.00022661910043098032	1.4275366067886353	0.031730327755212784	0
28	63	inverse_hidden	proposal	16	0.004274163395166397	2.8169307708740234	0.004274163395166397	0.12429773062467575	0.030530748888850212	0.030291879549622536	1
28	127	inverse_hidden	proposal	16	0.003913626540452242	6.158591270446777	0.003913626540452242	0.008448190987110138	0.029641494154930115	0.0314587764441967	1
28	191	inverse_hidden	proposal	16	0.0035078106448054314	5.8024678230285645	0.0035078106448054314	0.45539039373397827	0.027774430811405182	0.029592014849185944	1
28	255	inverse_hidden	proposal	16	0.004727559629827738	1.9667710065841675	0.004727559629827738	0.9845017790794373	0.0306132473051548	0.031730327755212784	1
28	63	inverse_hidden	canonical_perturbation	16	0.01775353215634823	3.145143985748291	0.01775353215634823	0.0006450791261158884	0.030101625248789787	0.030291879549622536	0
28	127	inverse_hidden	canonical_perturbation	16	0.019905904307961464	5.730197906494141	0.019905904307961464	0.0008538787951692939	0.02986573427915573	0.0314587764441967	0
28	191	inverse_hidden	canonical_perturbation	16	0.011664566583931446	5.4070305824279785	0.011664566583931446	0.7277406454086304	0.027797114104032516	0.029592014849185944	1
28	255	inverse_hidden	canonical_perturbation	16	0.010790610685944557	1.43099045753479	0.010790610685944557	0.06205684319138527	0.027259696274995804	0.031730327755212784	1
28	63	inverse_hidden	random_sphere	16	26.07634735107422	4.241921901702881	26.07634735107422	0.00017267199291381985	1.4292120933532715	0.030291879549622536	0
28	127	inverse_hidden	random_sphere	16	23.444374084472656	3.9501452445983887	23.444374084472656	0.00042496586684137583	1.3993104696273804	0.0314587764441967	0
28	191	inverse_hidden	random_sphere	16	21.796140670776367	11.017576217651367	21.796140670776367	0.0007111093727871776	1.4167141914367676	0.029592014849185944	0
28	255	inverse_hidden	random_sphere	16	22.40607452392578	2.1011948585510254	22.40607452392578	0.0001364468043902889	1.4241423606872559	0.031730327755212784	0
29	63	centered_logit	proposal	16	0.40617668628692627	0.40617668628692627	0.12884077429771423	0.9950711727142334	0.03181203082203865	0.02182232216000557	1
29	127	centered_logit	proposal	16	0.9219634532928467	0.9219634532928467	0.10502277314662933	1.8337748315389035e-06	0.036561865359544754	0.027537822723388672	0
29	191	centered_logit	proposal	16	0.6499290466308594	0.6499290466308594	0.14456473290920258	0.8478714823722839	0.033921774476766586	0.023215152323246002	1
29	255	centered_logit	proposal	16	0.5872808694839478	0.5872808694839478	0.12496007233858109	0.9516173601150513	0.04001874849200249	0.03131823614239693	1
29	63	centered_logit	canonical_perturbation	16	0.5760395526885986	0.5760395526885986	0.1341266930103302	0.985148012638092	0.03347862884402275	0.02182232216000557	1
29	127	centered_logit	canonical_perturbation	16	0.8516513109207153	0.8516513109207153	0.1806192845106125	1.6458966456411872e-06	0.0413317009806633	0.027537822723388672	0
29	191	centered_logit	canonical_perturbation	16	0.6847299933433533	0.6847299933433533	0.14357933402061462	0.9143404960632324	0.03387848287820816	0.023215152323246002	1
29	255	centered_logit	canonical_perturbation	16	0.7206093072891235	0.7206093072891235	0.1953708380460739	0.756957471370697	0.042705874890089035	0.03131823614239693	1
29	63	centered_logit	random_sphere	16	4.459073066711426	4.459073066711426	29.80308723449707	0.0003439983702264726	1.4036495685577393	0.02182232216000557	0
29	127	centered_logit	random_sphere	16	6.803395748138428	6.803395748138428	28.337574005126953	3.5600809496827424e-05	1.4404958486557007	0.027537822723388672	0
29	191	centered_logit	random_sphere	16	6.654512405395508	6.654512405395508	31.518831253051758	0.0003959507739637047	1.4078079462051392	0.023215152323246002	0
29	255	centered_logit	random_sphere	16	7.477230548858643	7.477230548858643	30.889284133911133	0.00019005261128768325	1.409896731376648	0.03131823614239693	0
29	63	inverse_hidden	proposal	16	0.004356754943728447	3.278947114944458	0.004356754943728447	0.613167405128479	0.020195774734020233	0.02182232216000557	1
29	127	inverse_hidden	proposal	16	0.004460857715457678	3.249131441116333	0.004460857715457678	0.002218937035650015	0.02639656700193882	0.027537822723388672	0
29	191	inverse_hidden	proposal	16	0.004732190631330013	3.48037052154541	0.004732190631330013	0.1649019569158554	0.021990813314914703	0.023215152323246002	1
29	255	inverse_hidden	proposal	16	0.0027522833552211523	2.7910096645355225	0.0027522833552211523	0.8195732235908508	0.0298488549888134	0.03131823614239693	1
29	63	inverse_hidden	canonical_perturbation	16	0.009964272379875183	6.417508602142334	0.009964272379875183	0.027184948325157166	0.02238413505256176	0.02182232216000557	1
29	127	inverse_hidden	canonical_perturbation	16	0.017004815861582756	4.579160690307617	0.017004815861582756	0.0012249278370290995	0.027393944561481476	0.027537822723388672	0
29	191	inverse_hidden	canonical_perturbation	16	0.012395075522363186	5.88365364074707	0.012395075522363186	0.03366503864526749	0.024148743599653244	0.023215152323246002	1
29	255	inverse_hidden	canonical_perturbation	16	0.02252531424164772	4.668778419494629	0.02252531424164772	0.09582026302814484	0.0295630544424057	0.03131823614239693	1
29	63	inverse_hidden	random_sphere	16	29.780832290649414	5.587210655212402	29.780832290649414	0.00013981462689116597	1.4057321548461914	0.02182232216000557	0
29	127	inverse_hidden	random_sphere	16	28.310935974121094	8.408273696899414	28.310935974121094	2.7738829885493033e-05	1.4377069473266602	0.027537822723388672	0
29	191	inverse_hidden	random_sphere	16	31.426807403564453	8.175365447998047	31.426807403564453	0.00013552962627727538	1.4108473062515259	0.023215152323246002	0
29	255	inverse_hidden	random_sphere	16	30.83807945251465	9.05985164642334	30.83807945251465	5.997129846946336e-05	1.4118359088897705	0.03131823614239693	0
28	63	centered_logit	proposal	24	0.8638358116149902	0.8638358116149902	0.35521042346954346	9.482814493821934e-05	0.04338408634066582	0.030291879549622536	0
28	127	centered_logit	proposal	24	0.45786362886428833	0.45786362886428833	0.1376757025718689	0.9531543850898743	0.042604196816682816	0.0314587764441967	1
28	191	centered_logit	proposal	24	0.581913948059082	0.581913948059082	0.12771551311016083	0.8761823773384094	0.04582856222987175	0.029592014849185944	1
28	255	centered_logit	proposal	24	0.2883148789405823	0.2883148789405823	0.06502525508403778	0.9999817609786987	0.03849407285451889	0.031730327755212784	1
28	63	centered_logit	canonical_perturbation	24	0.7689055800437927	0.7689055800437927	0.2846330404281616	0.00039542486774735153	0.04559667408466339	0.030291879549622536	0
28	127	centered_logit	canonical_perturbation	24	0.49778908491134644	0.49778908491134644	0.19981278479099274	0.8695096373558044	0.04588598012924194	0.0314587764441967	1
28	191	centered_logit	canonical_perturbation	24	0.5748488903045654	0.5748488903045654	0.1608859896659851	0.9309886693954468	0.04866313189268112	0.029592014849185944	1
28	255	centered_logit	canonical_perturbation	24	0.43070244789123535	0.43070244789123535	0.11412946879863739	0.9999115467071533	0.04202306270599365	0.031730327755212784	1
28	63	centered_logit	random_sphere	24	2.8509531021118164	2.8509531021118164	26.046897888183594	0.00015535650891251862	1.431780457496643	0.030291879549622536	0
28	127	centered_logit	random_sphere	24	2.768852949142456	2.768852949142456	23.565587997436523	0.0017364418599754572	1.3959609270095825	0.0314587764441967	0
28	191	centered_logit	random_sphere	24	7.788579940795898	7.788579940795898	21.951581954956055	0.006529395002871752	1.413575530052185	0.029592014849185944	1
28	255	centered_logit	random_sphere	24	1.6542242765426636	1.6542242765426636	22.43122673034668	0.00031919783214107156	1.4283082485198975	0.031730327755212784	0
28	63	inverse_hidden	proposal	24	0.002437424845993519	1.482922077178955	0.002437424845993519	0.150580495595932	0.03060995042324066	0.030291879549622536	1
28	127	inverse_hidden	proposal	24	0.001718018320389092	3.61569881439209	0.001718018320389092	0.5880825519561768	0.029546355828642845	0.0314587764441967	1
28	191	inverse_hidden	proposal	24	0.002337633864954114	5.714068412780762	0.002337633864954114	0.6997790336608887	0.02743341028690338	0.029592014849185944	1
28	255	inverse_hidden	proposal	24	0.004175110254436731	2.3163371086120605	0.004175110254436731	0.9394453167915344	0.030175404623150826	0.031730327755212784	1
28	63	inverse_hidden	canonical_perturbation	24	0.011545313522219658	2.4441184997558594	0.011545313522219658	0.01610024832189083	0.030824733898043633	0.030291879549622536	1
28	127	inverse_hidden	canonical_perturbation	24	0.008806385099887848	2.83341121673584	0.008806385099887848	0.055949363857507706	0.030402878299355507	0.0314587764441967	1
28	191	inverse_hidden	canonical_perturbation	24	0.00723523274064064	4.50114107131958	0.00723523274064064	0.9443614482879639	0.027115361765027046	0.029592014849185944	1
28	255	inverse_hidden	canonical_perturbation	24	0.007994148880243301	0.9860532283782959	0.007994148880243301	0.9842987060546875	0.02632966637611389	0.031730327755212784	1
28	63	inverse_hidden	random_sphere	24	26.067358016967773	4.250325679779053	26.067358016967773	0.00017279201711062342	1.4294077157974243	0.030291879549622536	0
28	127	inverse_hidden	random_sphere	24	23.43614959716797	3.9462075233459473	23.43614959716797	0.0004260966379661113	1.3986942768096924	0.0314587764441967	0
28	191	inverse_hidden	random_sphere	24	21.78049659729004	11.086812973022461	21.78049659729004	0.0006680585793219507	1.4167698621749878	0.029592014849185944	0
28	255	inverse_hidden	random_sphere	24	22.395444869995117	2.103860855102539	22.395444869995117	0.00013521552318707108	1.4232966899871826	0.031730327755212784	0
29	63	centered_logit	proposal	24	0.30310022830963135	0.30310022830963135	0.1197265163064003	0.9995284080505371	0.03498575836420059	0.02182232216000557	1
29	127	centered_logit	proposal	24	0.7680216431617737	0.7680216431617737	0.13513801991939545	5.271159807307413e-06	0.03939517214894295	0.027537822723388672	0
29	191	centered_logit	proposal	24	0.5102596879005432	0.5102596879005432	0.14967338740825653	0.969990611076355	0.037283241748809814	0.023215152323246002	1
29	255	centered_logit	proposal	24	0.4824124574661255	0.4824124574661255	0.12311471998691559	0.9861543774604797	0.04242236539721489	0.03131823614239693	1
29	63	centered_logit	canonical_perturbation	24	0.4263860285282135	0.4263860285282135	0.15237529575824738	0.9964548349380493	0.03702472150325775	0.02182232216000557	1
29	127	centered_logit	canonical_perturbation	24	0.7060195207595825	0.7060195207595825	0.2193632870912552	8.489100764563773e-06	0.045474980026483536	0.027537822723388672	0
29	191	centered_logit	canonical_perturbation	24	0.4917718470096588	0.4917718470096588	0.16716186702251434	0.9765838384628296	0.03734251856803894	0.023215152323246002	1
29	255	centered_logit	canonical_perturbation	24	0.6013076305389404	0.6013076305389404	0.20775407552719116	0.9153097867965698	0.04627862572669983	0.03131823614239693	1
29	63	centered_logit	random_sphere	24	3.980647563934326	3.980647563934326	29.81106185913086	0.0005318339099176228	1.4025150537490845	0.02182232216000557	0
29	127	centered_logit	random_sphere	24	6.1118245124816895	6.1118245124816895	28.34032440185547	3.841241777990945e-05	1.4408440589904785	0.027537822723388672	0
29	191	centered_logit	random_sphere	24	6.000644683837891	6.000644683837891	31.551034927368164	0.0006537344888783991	1.4070955514907837	0.023215152323246002	0
29	255	centered_logit	random_sphere	24	6.750992774963379	6.750992774963379	30.904769897460938	0.00033261545468121767	1.4091583490371704	0.03131823614239693	0
29	63	inverse_hidden	proposal	24	0.0023119174875319004	3.8551459312438965	0.0023119174875319004	0.688714861869812	0.02006402052938938	0.02182232216000557	1
29	127	inverse_hidden	proposal	24	0.002678967546671629	2.9896507263183594	0.002678967546671629	0.08234523236751556	0.02598041109740734	0.027537822723388672	1
29	191	inverse_hidden	proposal	24	0.0027652012649923563	3.371629238128662	0.0027652012649923563	0.39041492342948914	0.021651124581694603	0.023215152323246002	1
29	255	inverse_hidden	proposal	24	0.0017820766661316156	2.20784068107605	0.0017820766661316156	0.9731054902076721	0.02953604981303215	0.03131823614239693	1
29	63	inverse_hidden	canonical_perturbation	24	0.007627830374985933	4.961641788482666	0.007627830374985933	0.21052026748657227	0.022926755249500275	0.02182232216000557	1
29	127	inverse_hidden	canonical_perturbation	24	0.012092904187738895	3.640336513519287	0.012092904187738895	0.0011357103940099478	0.028375042602419853	0.027537822723388672	0
29	191	inverse_hidden	canonical_perturbation	24	0.009206603281199932	3.8572051525115967	0.009206603281199932	0.4545252025127411	0.024726780131459236	0.023215152323246002	1
29	255	inverse_hidden	canonical_perturbation	24	0.015133087523281574	7.385230541229248	0.015133087523281574	0.019263634458184242	0.0300200916826725	0.03131823614239693	1
29	63	inverse_hidden	random_sphere	24	29.772315979003906	5.58366584777832	29.772315979003906	0.00014234812988433987	1.4057878255844116	0.02182232216000557	0
29	127	inverse_hidden	random_sphere	24	28.297338485717773	8.418144226074219	28.297338485717773	2.785129072435666e-05	1.4367586374282837	0.027537822723388672	0
29	191	inverse_hidden	random_sphere	24	31.406749725341797	8.201730728149414	31.406749725341797	0.0001349027152173221	1.4116336107254028	0.023215152323246002	0
29	255	inverse_hidden	random_sphere	24	30.817481994628906	9.03713607788086	30.817481994628906	6.202819349709898e-05	1.4121334552764893	0.03131823614239693	0
28	63	centered_logit	proposal	40	0.7177180647850037	0.7177180647850037	0.2623532712459564	0.0006277459906414151	0.04682357236742973	0.030291879549622536	0
28	127	centered_logit	proposal	40	0.28891927003860474	0.28891927003860474	0.10377916693687439	0.9986489415168762	0.047041915357112885	0.0314587764441967	1
28	191	centered_logit	proposal	40	0.4418793320655823	0.4418793320655823	0.11774136126041412	0.979846179485321	0.04845968261361122	0.029592014849185944	1
28	255	centered_logit	proposal	40	0.1599077582359314	0.1599077582359314	0.0595395490527153	0.9999994039535522	0.04052504152059555	0.031730327755212784	1
28	63	centered_logit	canonical_perturbation	40	0.5844448208808899	0.5844448208808899	0.248403400182724	0.005493318196386099	0.050709571689367294	0.030291879549622536	0
28	127	centered_logit	canonical_perturbation	40	0.3265056014060974	0.3265056014060974	0.1524364948272705	0.9957534074783325	0.05094122141599655	0.0314587764441967	1
28	191	centered_logit	canonical_perturbation	40	0.45269501209259033	0.45269501209259033	0.15754778683185577	0.9843987226486206	0.052120085805654526	0.029592014849185944	1
28	255	centered_logit	canonical_perturbation	40	0.2844330966472626	0.2844330966472626	0.10761503130197525	0.9999963045120239	0.044101033359766006	0.031730327755212784	1
28	63	centered_logit	random_sphere	40	2.2515532970428467	2.2515532970428467	26.045223236083984	0.00010467162064742297	1.4335511922836304	0.030291879549622536	0
28	127	centered_logit	random_sphere	40	2.250049591064453	2.250049591064453	23.65207862854004	0.0037637483328580856	1.394004464149475	0.0314587764441967	0
28	191	centered_logit	random_sphere	40	6.168673515319824	6.168673515319824	22.063800811767578	0.021376341581344604	1.4118016958236694	0.029592014849185944	1
28	255	centered_logit	random_sphere	40	1.47081458568573	1.47081458568573	22.43565559387207	0.0007718827691860497	1.4295600652694702	0.031730327755212784	0
28	63	inverse_hidden	proposal	40	0.0011000006925314665	1.4990708827972412	0.0011000006925314665	0.9099119901657104	0.029429124668240547	0.030291879549622536	1
28	127	inverse_hidden	proposal	40	0.0008731599664315581	2.343923568725586	0.0008731599664315581	0.9726892113685608	0.028542347252368927	0.0314587764441967	1
28	191	inverse_hidden	proposal	40	0.0010294135427102447	1.9347448348999023	0.0010294135427102447	0.9970943927764893	0.026001106947660446	0.029592014849185944	1
28	255	inverse_hidden	proposal	40	0.0009635441238060594	0.7201650142669678	0.0009635441238060594	0.9995875954627991	0.029758237302303314	0.031730327755212784	1
28	63	inverse_hidden	canonical_perturbation	40	0.008022647351026535	2.6854636669158936	0.008022647351026535	0.10283193737268448	0.02894262783229351	0.030291879549622536	1
28	127	inverse_hidden	canonical_perturbation	40	0.00898997113108635	1.9475233554840088	0.00898997113108635	0.2727012038230896	0.028444454073905945	0.0314587764441967	1
28	191	inverse_hidden	canonical_perturbation	40	0.003489737631753087	2.5182032585144043	0.003489737631753087	0.9918472766876221	0.023378072306513786	0.029592014849185944	1
28	255	inverse_hidden	canonical_perturbation	40	0.004446350038051605	1.0790596008300781	0.004446350038051605	0.9799087643623352	0.02274698205292225	0.031730327755212784	1
28	63	inverse_hidden	random_sphere	40	26.050020217895508	4.260376453399658	26.050020217895508	0.00017295838915742934	1.4295790195465088	0.030291879549622536	0
28	127	inverse_hidden	random_sphere	40	23.41940689086914	3.9457931518554688	23.41940689086914	0.00042584899347275496	1.3975058794021606	0.0314587764441967	0
28	191	inverse_hidden	random_sphere	40	21.75443458557129	11.213772773742676	21.75443458557129	0.0005973963416181505	1.4166054725646973	0.029592014849185944	0
28	255	inverse_hidden	random_sphere	40	22.37485694885254	2.107943534851074	22.37485694885254	0.0001328985090367496	1.4216843843460083	0.031730327755212784	0
29	63	centered_logit	proposal	40	0.19667720794677734	0.19667720794677734	0.10232245177030563	0.9999556541442871	0.038398124277591705	0.02182232216000557	1
29	127	centered_logit	proposal	40	0.6425665020942688	0.6425665020942688	0.14218643307685852	1.4593518244510051e-05	0.04212600365281105	0.027537822723388672	0
29	191	centered_logit	proposal	40	0.3338814973831177	0.3338814973831177	0.1275162547826767	0.9982233643531799	0.041337862610816956	0.023215152323246002	1
29	255	centered_logit	proposal	40	0.3374103009700775	0.3374103009700775	0.09646322578191757	0.9989914298057556	0.04505906626582146	0.03131823614239693	1
29	63	centered_logit	canonical_perturbation	40	0.2914127707481384	0.2914127707481384	0.15302519500255585	0.9996205568313599	0.04114575684070587	0.02182232216000557	1
29	127	centered_logit	canonical_perturbation	40	0.5506303310394287	0.5506303310394287	0.21839119493961334	5.427981886896305e-05	0.04958263039588928	0.027537822723388672	0
29	191	centered_logit	canonical_perturbation	40	0.3404798209667206	0.3404798209667206	0.15879575908184052	0.9980770349502563	0.041114047169685364	0.023215152323246002	1
29	255	centered_logit	canonical_perturbation	40	0.4499925971031189	0.4499925971031189	0.19298894703388214	0.9875479936599731	0.050109390169382095	0.03131823614239693	1
29	63	centered_logit	random_sphere	40	3.195611000061035	3.195611000061035	29.8398494720459	0.001189527683891356	1.400437593460083	0.02182232216000557	0
29	127	centered_logit	random_sphere	40	4.924285888671875	4.924285888671875	28.357439041137695	3.5520937672117725e-05	1.4416128396987915	0.027537822723388672	0
29	191	centered_logit	random_sphere	40	4.871510028839111	4.871510028839111	31.63153648376465	0.0016542503144592047	1.405885934829712	0.023215152323246002	0
29	255	centered_logit	random_sphere	40	5.4854559898376465	5.4854559898376465	30.958694458007812	0.0009393072105012834	1.407548427581787	0.03131823614239693	0
29	63	inverse_hidden	proposal	40	0.0009941529715433717	1.7406253814697266	0.0009941529715433717	0.9980326294898987	0.018924079835414886	0.02182232216000557	1
29	127	inverse_hidden	proposal	40	0.0013082572259008884	3.4188735485076904	0.0013082572259008884	0.8558010458946228	0.024826927110552788	0.027537822723388672	1
29	191	inverse_hidden	proposal	40	0.001221207669004798	1.4906507730484009	0.001221207669004798	0.987569272518158	0.02070092037320137	0.023215152323246002	1
29	255	inverse_hidden	proposal	40	0.0008929377654567361	2.1603832244873047	0.0008929377654567361	0.9982483386993408	0.028580930083990097	0.03131823614239693	1
29	63	inverse_hidden	canonical_perturbation	40	0.005187272094190121	3.40922212600708	0.005187272094190121	0.7683947086334229	0.020353203639388084	0.02182232216000557	1
29	127	inverse_hidden	canonical_perturbation	40	0.007370336912572384	4.360309600830078	0.007370336912572384	0.028389206156134605	0.026600949466228485	0.027537822723388672	1
29	191	inverse_hidden	canonical_perturbation	40	0.0064306845888495445	3.461230516433716	0.0064306845888495445	0.813734233379364	0.02289402484893799	0.023215152323246002	1
29	255	inverse_hidden	canonical_perturbation	40	0.008778423070907593	3.6733603477478027	0.008778423070907593	0.8865041136741638	0.028079846873879433	0.03131823614239693	1
29	63	inverse_hidden	random_sphere	40	29.756702423095703	5.574369430541992	29.756702423095703	0.00014893808111082762	1.405881404876709	0.02182232216000557	0
29	127	inverse_hidden	random_sphere	40	28.27471160888672	8.439886093139648	28.27471160888672	2.798619243549183e-05	1.4350135326385498	0.027537822723388672	0
29	191	inverse_hidden	random_sphere	40	31.372203826904297	8.254718780517578	31.372203826904297	0.00013351933739613742	1.412919282913208	0.023215152323246002	0
29	255	inverse_hidden	random_sphere	40	30.78197479248047	8.99362564086914	30.78197479248047	6.591202691197395e-05	1.4125372171401978	0.03131823614239693	0
30	63	centered_logit	proposal	0	3.201697587966919	3.201697587966919	0.05791478604078293	0.2677425444126129	0.03763102740049362	0.03763102740049362	1
30	127	centered_logit	proposal	0	3.573455810546875	3.573455810546875	0.04107623174786568	0.08441078662872314	0.024890722706913948	0.024890722706913948	1
30	191	centered_logit	proposal	0	3.312285900115967	3.312285900115967	0.046326689422130585	0.6351198554039001	0.025558441877365112	0.025558441877365112	1
30	255	centered_logit	proposal	0	2.8635010719299316	2.8635010719299316	0.06036422401666641	0.35383450984954834	0.03268939629197121	0.03268939629197121	1
30	63	centered_logit	canonical_perturbation	0	4.350407600402832	4.350407600402832	0.3783785402774811	0.004004756920039654	0.03763102740049362	0.03763102740049362	1
30	127	centered_logit	canonical_perturbation	0	2.980971097946167	2.980971097946167	0.1414715200662613	0.0029781924095004797	0.0248907208442688	0.024890722706913948	0
30	191	centered_logit	canonical_perturbation	0	7.070367813110352	7.070367813110352	0.13212630152702332	0.015962814912199974	0.02555844560265541	0.025558441877365112	1
30	255	centered_logit	canonical_perturbation	0	4.792316913604736	4.792316913604736	0.248700350522995	0.0033687243703752756	0.03268939256668091	0.03268939629197121	0
30	63	centered_logit	random_sphere	0	7.5907745361328125	7.5907745361328125	29.020212173461914	0.0001824430510168895	1.4167585372924805	0.03763102740049362	0
30	127	centered_logit	random_sphere	0	3.354586601257324	3.354586601257324	27.644699096679688	5.7011238823179156e-05	1.4151945114135742	0.024890722706913948	0
30	191	centered_logit	random_sphere	0	11.177122116088867	11.177122116088867	29.039255142211914	0.0003120895999018103	1.432517409324646	0.025558441877365112	0
30	255	centered_logit	random_sphere	0	8.420374870300293	8.420374870300293	29.218563079833984	6.78371507092379e-05	1.4551312923431396	0.03268939629197121	0
30	63	inverse_hidden	proposal	0	0.05791478604078293	3.201697587966919	0.05791478604078293	0.2677425444126129	0.03763102740049362	0.03763102740049362	1
30	127	inverse_hidden	proposal	0	0.04107623174786568	3.573455810546875	0.04107623174786568	0.08441078662872314	0.024890722706913948	0.024890722706913948	1
30	191	inverse_hidden	proposal	0	0.046326689422130585	3.312285900115967	0.046326689422130585	0.6351198554039001	0.025558441877365112	0.025558441877365112	1
30	255	inverse_hidden	proposal	0	0.06036422401666641	2.8635010719299316	0.06036422401666641	0.35383450984954834	0.03268939629197121	0.03268939629197121	1
30	63	inverse_hidden	canonical_perturbation	0	0.3783785402774811	4.350407600402832	0.3783785402774811	0.004004756920039654	0.03763102740049362	0.03763102740049362	1
30	127	inverse_hidden	canonical_perturbation	0	0.1414715200662613	2.980971097946167	0.1414715200662613	0.0029781924095004797	0.0248907208442688	0.024890722706913948	0
30	191	inverse_hidden	canonical_perturbation	0	0.13212630152702332	7.070367813110352	0.13212630152702332	0.015962814912199974	0.02555844560265541	0.025558441877365112	1
30	255	inverse_hidden	canonical_perturbation	0	0.248700350522995	4.792316913604736	0.248700350522995	0.0033687243703752756	0.03268939256668091	0.03268939629197121	0
30	63	inverse_hidden	random_sphere	0	29.020212173461914	7.5907745361328125	29.020212173461914	0.0001824430510168895	1.4167585372924805	0.03763102740049362	0
30	127	inverse_hidden	random_sphere	0	27.644699096679688	3.354586601257324	27.644699096679688	5.7011238823179156e-05	1.4151945114135742	0.024890722706913948	0
30	191	inverse_hidden	random_sphere	0	29.039255142211914	11.177122116088867	29.039255142211914	0.0003120895999018103	1.432517409324646	0.025558441877365112	0
30	255	inverse_hidden	random_sphere	0	29.218563079833984	8.420374870300293	29.218563079833984	6.78371507092379e-05	1.4551312923431396	0.03268939629197121	0
31	63	centered_logit	proposal	0	8.48431396484375	8.48431396484375	0.04719291254878044	0.07582508772611618	0.029774533584713936	0.029774533584713936	1
31	127	centered_logit	proposal	0	2.772994041442871	2.772994041442871	0.06680198013782501	0.06603338569402695	0.027419183403253555	0.027419183403253555	1
31	191	centered_logit	proposal	0	3.0580883026123047	3.0580883026123047	0.05166355520486832	0.28137657046318054	0.023736078292131424	0.023736078292131424	1
31	255	centered_logit	proposal	0	2.87385630607605	2.87385630607605	0.03383360058069229	0.26923665404319763	0.0319351963698864	0.0319351963698864	1
31	63	centered_logit	canonical_perturbation	0	4.963062763214111	4.963062763214111	0.17803622782230377	0.011760496534407139	0.029774529859423637	0.029774533584713936	1
31	127	centered_logit	canonical_perturbation	0	4.146058082580566	4.146058082580566	0.15589234232902527	0.002839798340573907	0.027419179677963257	0.027419183403253555	0
31	191	centered_logit	canonical_perturbation	0	2.543926239013672	2.543926239013672	0.08422159403562546	0.01757531799376011	0.023736078292131424	0.023736078292131424	1
31	255	centered_logit	canonical_perturbation	0	6.152055263519287	6.152055263519287	0.25979670882225037	0.001953911269083619	0.0319351963698864	0.0319351963698864	0
31	63	centered_logit	random_sphere	0	3.4517202377319336	3.4517202377319336	29.206737518310547	8.002683898666874e-05	1.3836536407470703	0.029774533584713936	0
31	127	centered_logit	random_sphere	0	6.58965539932251	6.58965539932251	30.281051635742188	6.993290298851207e-05	1.411254644393921	0.027419183403253555	0
31	191	centered_logit	random_sphere	0	2.7586264610290527	2.7586264610290527	30.800771713256836	2.6823063308256678e-05	1.4283316135406494	0.023736078292131424	0
31	255	centered_logit	random_sphere	0	10.144453048706055	10.144453048706055	29.87327766418457	4.7544610424665734e-05	1.4045510292053223	0.0319351963698864	0
31	63	inverse_hidden	proposal	0	0.04719291254878044	8.48431396484375	0.04719291254878044	0.07582508772611618	0.029774533584713936	0.029774533584713936	1
31	127	inverse_hidden	proposal	0	0.06680198013782501	2.772994041442871	0.06680198013782501	0.06603338569402695	0.027419183403253555	0.027419183403253555	1
31	191	inverse_hidden	proposal	0	0.05166355520486832	3.0580883026123047	0.05166355520486832	0.28137657046318054	0.023736078292131424	0.023736078292131424	1
31	255	inverse_hidden	proposal	0	0.03383360058069229	2.87385630607605	0.03383360058069229	0.26923665404319763	0.0319351963698864	0.0319351963698864	1
31	63	inverse_hidden	canonical_perturbation	0	0.17803622782230377	4.963062763214111	0.17803622782230377	0.011760496534407139	0.029774529859423637	0.029774533584713936	1
31	127	inverse_hidden	canonical_perturbation	0	0.15589234232902527	4.146058082580566	0.15589234232902527	0.002839798340573907	0.027419179677963257	0.027419183403253555	0
31	191	inverse_hidden	canonical_perturbation	0	0.08422159403562546	2.543926239013672	0.08422159403562546	0.01757531799376011	0.023736078292131424	0.023736078292131424	1
31	255	inverse_hidden	canonical_perturbation	0	0.25979670882225037	6.152055263519287	0.25979670882225037	0.001953911269083619	0.0319351963698864	0.0319351963698864	0
31	63	inverse_hidden	random_sphere	0	29.206737518310547	3.4517202377319336	29.206737518310547	8.002683898666874e-05	1.3836536407470703	0.029774533584713936	0
31	127	inverse_hidden	random_sphere	0	30.281051635742188	6.58965539932251	30.281051635742188	6.993290298851207e-05	1.411254644393921	0.027419183403253555	0
31	191	inverse_hidden	random_sphere	0	30.800771713256836	2.7586264610290527	30.800771713256836	2.6823063308256678e-05	1.4283316135406494	0.023736078292131424	0
31	255	inverse_hidden	random_sphere	0	29.87327766418457	10.144453048706055	29.87327766418457	4.7544610424665734e-05	1.4045510292053223	0.0319351963698864	0
30	63	centered_logit	proposal	1	1.9622058868408203	1.9622058868408203	0.06802438199520111	0.41994646191596985	0.038069792091846466	0.03763102740049362	1
30	127	centered_logit	proposal	1	2.10800838470459	2.10800838470459	0.03658974915742874	0.0030307634733617306	0.024977222084999084	0.024890722706913948	0
30	191	centered_logit	proposal	1	1.9182265996932983	1.9182265996932983	0.051265038549900055	0.6308622360229492	0.026152992621064186	0.025558441877365112	1
30	255	centered_logit	proposal	1	1.6037824153900146	1.6037824153900146	0.06767243146896362	0.47579291462898254	0.03325295075774193	0.03268939629197121	1
30	63	centered_logit	canonical_perturbation	1	3.5031445026397705	3.5031445026397705	0.28313732147216797	0.011192630976438522	0.03758574649691582	0.03763102740049362	0
30	127	centered_logit	canonical_perturbation	1	2.1409106254577637	2.1409106254577637	0.10323496907949448	0.005245050881057978	0.02495552785694599	0.024890722706913948	1
30	191	centered_logit	canonical_perturbation	1	5.080153465270996	5.080153465270996	0.12665538489818573	0.08338483422994614	0.025784160941839218	0.025558441877365112	1
30	255	centered_logit	canonical_perturbation	1	3.7306580543518066	3.7306580543518066	0.20117655396461487	0.011380793526768684	0.032696474343538284	0.03268939629197121	1
30	63	centered_logit	random_sphere	1	7.491990566253662	7.491990566253662	29.017845153808594	0.0001968298020074144	1.4166622161865234	0.03763102740049362	0
30	127	centered_logit	random_sphere	1	3.314548969268799	3.314548969268799	27.64093017578125	5.7448753068456426e-05	1.4154343605041504	0.024890722706913948	0
30	191	centered_logit	random_sphere	1	11.051772117614746	11.051772117614746	29.04181480407715	0.00033876814995892346	1.4324277639389038	0.025558441877365112	0
30	255	centered_logit	random_sphere	1	8.315437316894531	8.315437316894531	29.219497680664062	7.350826490437612e-05	1.4550747871398926	0.03268939629197121	0
30	63	inverse_hidden	proposal	1	0.030159981921315193	5.015316486358643	0.030159981921315193	0.010375731624662876	0.0370342992246151	0.03763102740049362	0
30	127	inverse_hidden	proposal	1	0.02529839798808098	2.696429491043091	0.02529839798808098	0.0011697827139869332	0.024678831920027733	0.024890722706913948	0
30	191	inverse_hidden	proposal	1	0.033748235553503036	7.823794364929199	0.033748235553503036	0.0008967180037871003	0.025117194280028343	0.025558441877365112	0
30	255	inverse_hidden	proposal	1	0.02262890711426735	4.221890926361084	0.02262890711426735	0.01114625483751297	0.03218528628349304	0.03268939629197121	1
30	63	inverse_hidden	canonical_perturbation	1	0.1988157331943512	4.099295616149902	0.1988157331943512	0.0060189333744347095	0.036894362419843674	0.03763102740049362	0
30	127	inverse_hidden	canonical_perturbation	1	0.05379227176308632	2.7839083671569824	0.05379227176308632	0.014390422962605953	0.024354958906769753	0.024890722706913948	1
30	191	inverse_hidden	canonical_perturbation	1	0.05473501980304718	7.193824768066406	0.05473501980304718	0.021563880145549774	0.024834679439663887	0.025558441877365112	1
30	255	inverse_hidden	canonical_perturbation	1	0.1185053288936615	4.663318634033203	0.1185053288936615	0.005561685189604759	0.031996577978134155	0.03268939629197121	0
30	63	inverse_hidden	random_sphere	1	29.013565063476562	7.592185974121094	29.013565063476562	0.00018235728202853352	1.4166617393493652	0.03763102740049362	0
30	127	inverse_hidden	random_sphere	1	27.64360809326172	3.35286283493042	27.64360809326172	5.712972051696852e-05	1.4150480031967163	0.024890722706913948	0
30	191	inverse_hidden	random_sphere	1	29.035701751708984	11.173446655273438	29.035701751708984	0.00031293462961912155	1.43259596824646	0.025558441877365112	0
30	255	inverse_hidden	random_sphere	1	29.21322250366211	8.418539047241211	29.21322250366211	6.790493353037164e-05	1.4553155899047852	0.03268939629197121	0
31	63	centered_logit	proposal	1	4.880021095275879	4.880021095275879	0.037857066839933395	0.0005390120786614716	0.02950771152973175	0.029774533584713936	0
31	127	centered_logit	proposal	1	1.9429198503494263	1.9429198503494263	0.07056396454572678	0.2056918740272522	0.02808363549411297	0.027419183403253555	1
31	191	centered_logit	proposal	1	1.813232660293579	1.813232660293579	0.03920198604464531	0.004226261749863625	0.023560229688882828	0.023736078292131424	0
31	255	centered_logit	proposal	1	1.5015441179275513	1.5015441179275513	0.04374416172504425	0.25576719641685486	0.03233644366264343	0.0319351963698864	0
31	63	centered_logit	canonical_perturbation	1	3.8519020080566406	3.8519020080566406	0.19987566769123077	0.010597513988614082	0.02985936775803566	0.029774533584713936	1
31	127	centered_logit	canonical_perturbation	1	2.9033825397491455	2.9033825397491455	0.1477895826101303	0.015006174333393574	0.02760038524866104	0.027419183403253555	0
31	191	centered_logit	canonical_perturbation	1	1.8302741050720215	1.8302741050720215	0.0884128138422966	0.019058596342802048	0.023907916620373726	0.023736078292131424	1
31	255	centered_logit	canonical_perturbation	1	4.911805629730225	4.911805629730225	0.24860258400440216	0.006651462987065315	0.0319383330643177	0.0319351963698864	1
31	63	centered_logit	random_sphere	1	3.4095635414123535	3.4095635414123535	29.20104217529297	8.08566328487359e-05	1.3837660551071167	0.029774533584713936	0
31	127	centered_logit	random_sphere	1	6.5062432289123535	6.5062432289123535	30.27959442138672	7.44864228181541e-05	1.411154866218567	0.027419183403253555	0
31	191	centered_logit	random_sphere	1	2.735661745071411	2.735661745071411	30.801082611083984	2.8341126380837522e-05	1.428377389907837	0.023736078292131424	0
31	255	centered_logit	random_sphere	1	10.029170989990234	10.029170989990234	29.87632179260254	5.143031376064755e-05	1.4044677019119263	0.0319351963698864	0
31	63	inverse_hidden	proposal	1	0.045366205275058746	5.472925186157227	0.045366205275058746	8.143905870383605e-05	0.029274946078658104	0.029774533584713936	0
31	127	inverse_hidden	proposal	1	0.023818684741854668	3.124652147293091	0.023818684741854668	0.014774627983570099	0.02717951498925686	0.027419183403253555	0
31	191	inverse_hidden	proposal	1	0.04051085561513901	2.1548359394073486	0.04051085561513901	0.0012797060189768672	0.023030005395412445	0.023736078292131424	0
31	255	inverse_hidden	proposal	1	0.015681546181440353	3.3550586700439453	0.015681546181440353	0.042176827788352966	0.031644705682992935	0.0319351963698864	0
31	63	inverse_hidden	canonical_perturbation	1	0.07443789392709732	4.6108856201171875	0.07443789392709732	0.020092923194169998	0.02904040738940239	0.029774533584713936	1
31	127	inverse_hidden	canonical_perturbation	1	0.0709092989563942	4.298456192016602	0.0709092989563942	0.004334922414273024	0.026800986379384995	0.027419183403253555	1
31	191	inverse_hidden	canonical_perturbation	1	0.03820400312542915	2.554734706878662	0.03820400312542915	0.0029483523685485125	0.02309827134013176	0.023736078292131424	0
31	255	inverse_hidden	canonical_perturbation	1	0.12361091375350952	6.040505409240723	0.12361091375350952	0.002923143096268177	0.03127248212695122	0.0319351963698864	0
31	63	inverse_hidden	random_sphere	1	29.20260238647461	3.4514918327331543	29.20260238647461	8.000435627764091e-05	1.3837474584579468	0.029774533584713936	0
31	127	inverse_hidden	random_sphere	1	30.279308319091797	6.588449954986572	30.279308319091797	7.015060691628605e-05	1.4111610651016235	0.027419183403253555	0
31	191	inverse_hidden	random_sphere	1	30.795852661132812	2.759150505065918	30.795852661132812	2.6794898076332174e-05	1.42816960811615	0.023736078292131424	0
31	255	inverse_hidden	random_sphere	1	29.870622634887695	10.139971733093262	29.870622634887695	4.776540299644694e-05	1.4045058488845825	0.0319351963698864	0
30	63	centered_logit	proposal	2	1.2903071641921997	1.2903071641921997	0.0737154483795166	0.49935680627822876	0.03873061016201973	0.03763102740049362	1
30	127	centered_logit	proposal	2	1.5591824054718018	1.5591824054718018	0.06431329250335693	0.0018061301670968533	0.025424659252166748	0.024890722706913948	0
30	191	centered_logit	proposal	2	1.2869898080825806	1.2869898080825806	0.05431345850229263	0.655052125453949	0.027017582207918167	0.025558441877365112	1
30	255	centered_logit	proposal	2	1.2939951419830322	1.2939951419830322	0.08904485404491425	0.40680718421936035	0.033952903002500534	0.03268939629197121	1
30	63	centered_logit	canonical_perturbation	2	2.656578779220581	2.656578779220581	0.19708505272865295	0.035156041383743286	0.03775829076766968	0.03763102740049362	0
30	127	centered_logit	canonical_perturbation	2	1.5267210006713867	1.5267210006713867	0.061135780066251755	0.00535710621625185	0.025302207097411156	0.024890722706913948	1
30	191	centered_logit	canonical_perturbation	2	3.407221555709839	3.407221555709839	0.10561395436525345	0.3016560971736908	0.026228778064250946	0.025558441877365112	1
30	255	centered_logit	canonical_perturbation	2	2.732720136642456	2.732720136642456	0.14841338992118835	0.043069686740636826	0.03289560228586197	0.03268939629197121	1
30	63	centered_logit	random_sphere	2	7.394013404846191	7.394013404846191	29.015560150146484	0.0002122628065990284	1.4165658950805664	0.03763102740049362	0
30	127	centered_logit	random_sphere	2	3.275081157684326	3.275081157684326	27.637231826782227	5.789285933133215e-05	1.415675401687622	0.024890722706913948	0
30	191	centered_logit	random_sphere	2	10.927268028259277	10.927268028259277	29.04447364807129	0.0003675456973724067	1.4323384761810303	0.025558441877365112	0
30	255	centered_logit	random_sphere	2	8.211319923400879	8.211319923400879	29.220531463623047	7.961200753925368e-05	1.4550172090530396	0.03268939629197121	0
30	63	inverse_hidden	proposal	2	0.012816031463444233	3.3441519737243652	0.012816031463444233	0.14529843628406525	0.036716535687446594	0.03763102740049362	1
30	127	inverse_hidden	proposal	2	0.009374270215630531	2.6953513622283936	0.009374270215630531	0.010880342684686184	0.02452828921377659	0.024890722706913948	0
30	191	inverse_hidden	proposal	2	0.00969386100769043	4.03436803817749	0.00969386100769043	0.08766042441129684	0.024871382862329483	0.025558441877365112	0
30	255	inverse_hidden	proposal	2	0.012996858917176723	2.9662058353424072	0.012996858917176723	0.13360337913036346	0.03179234638810158	0.03268939629197121	1
30	63	inverse_hidden	canonical_perturbation	2	0.10611660033464432	4.142642498016357	0.10611660033464432	0.005492947064340115	0.03626466915011406	0.03763102740049362	0
30	127	inverse_hidden	canonical_perturbation	2	0.04189534857869148	2.9772374629974365	0.04189534857869148	0.00526381516829133	0.024126624688506126	0.024890722706913948	1
30	191	inverse_hidden	canonical_perturbation	2	0.049327000975608826	9.484940528869629	0.049327000975608826	0.002382994396612048	0.02439473755657673	0.025558441877365112	0
30	255	inverse_hidden	canonical_perturbation	2	0.06271504610776901	5.624091625213623	0.06271504610776901	0.002375055104494095	0.03151582553982735	0.03268939629197121	0
30	63	inverse_hidden	random_sphere	2	29.00706672668457	7.593463897705078	29.00706672668457	0.00018230635032523423	1.4165655374526978	0.03763102740049362	0
30	127	inverse_hidden	random_sphere	2	27.64255142211914	3.3511624336242676	27.64255142211914	5.7248023949796334e-05	1.414901852607727	0.024890722706913948	0
30	191	inverse_hidden	random_sphere	2	29.032184600830078	11.169567108154297	29.032184600830078	0.00031383548048324883	1.4326698780059814	0.025558441877365112	0
30	255	inverse_hidden	random_sphere	2	29.207996368408203	8.416362762451172	29.207996368408203	6.800237315474078e-05	1.4554997682571411	0.03268939629197121	0
31	63	centered_logit	proposal	2	3.2480340003967285	3.2480340003967285	0.09379461407661438	9.762768604559824e-05	0.029546920210123062	0.029774533584713936	0
31	127	centered_logit	proposal	2	1.4890403747558594	1.4890403747558594	0.07319604605436325	0.3270769417285919	0.028862150385975838	0.027419183403253555	1
31	191	centered_logit	proposal	2	1.5797955989837646	1.5797955989837646	0.06745507568120956	0.0014121253043413162	0.023674312978982925	0.023736078292131424	0
31	255	centered_logit	proposal	2	1.1447627544403076	1.1447627544403076	0.053967785090208054	0.2740257978439331	0.03282960131764412	0.0319351963698864	0
31	63	centered_logit	canonical_perturbation	2	2.893397092819214	2.893397092819214	0.17914921045303345	0.011216603219509125	0.030203452333807945	0.029774533584713936	1
31	127	centered_logit	canonical_perturbation	2	1.9157631397247314	1.9157631397247314	0.12364618480205536	0.0793735459446907	0.02799415960907936	0.027419183403253555	1
31	191	centered_logit	canonical_perturbation	2	1.4530062675476074	1.4530062675476074	0.07574032247066498	0.022542981430888176	0.024186361581087112	0.023736078292131424	1
31	255	centered_logit	canonical_perturbation	2	3.726883888244629	3.726883888244629	0.20072346925735474	0.024633942171931267	0.03208417445421219	0.0319351963698864	1
31	63	centered_logit	random_sphere	2	3.3680686950683594	3.3680686950683594	29.19545555114746	8.167595660779625e-05	1.3838857412338257	0.029774533584713936	0
31	127	centered_logit	random_sphere	2	6.423572540283203	6.423572540283203	30.278261184692383	7.930183346616104e-05	1.4110554456710815	0.027419183403253555	0
31	191	centered_logit	random_sphere	2	2.7129454612731934	2.7129454612731934	30.801292419433594	2.992942972923629e-05	1.4284127950668335	0.023736078292131424	0
31	255	centered_logit	random_sphere	2	9.914656639099121	9.914656639099121	29.879531860351562	5.560856152442284e-05	1.4043844938278198	0.0319351963698864	0
31	63	inverse_hidden	proposal	2	0.021091444417834282	6.1192522048950195	0.021091444417834282	0.00026847756817005575	0.028910452499985695	0.029774533584713936	0
31	127	inverse_hidden	proposal	2	0.03772948682308197	6.025304794311523	0.03772948682308197	0.00027538486756384373	0.02711980603635311	0.027419183403253555	0
31	191	inverse_hidden	proposal	2	0.019499145448207855	2.174243927001953	0.019499145448207855	0.002811942482367158	0.02239089459180832	0.023736078292131424	0
31	255	inverse_hidden	proposal	2	0.010004627518355846	3.004556179046631	0.010004627518355846	0.06583330035209656	0.031468845903873444	0.0319351963698864	0
31	63	inverse_hidden	canonical_perturbation	2	0.04671831801533699	3.6221606731414795	0.04671831801533699	0.0026019783690571785	0.028490744531154633	0.029774533584713936	1
31	127	inverse_hidden	canonical_perturbation	2	0.050430554896593094	6.549997806549072	0.050430554896593094	0.00032309122616425157	0.026401426643133163	0.027419183403253555	0
31	191	inverse_hidden	canonical_perturbation	2	0.04338362440466881	2.1415233612060547	0.04338362440466881	0.0018829983891919255	0.022561782971024513	0.023736078292131424	0
31	255	inverse_hidden	canonical_perturbation	2	0.062161270529031754	6.580086708068848	0.062161270529031754	0.0014924181159585714	0.03071354143321514	0.0319351963698864	0
31	63	inverse_hidden	random_sphere	2	29.198528289794922	3.4513602256774902	29.198528289794922	8.000987872947007e-05	1.3838409185409546	0.029774533584713936	0
31	127	inverse_hidden	random_sphere	2	30.277610778808594	6.587520599365234	30.277610778808594	7.035525050014257e-05	1.4110766649246216	0.027419183403253555	0
31	191	inverse_hidden	random_sphere	2	30.791072845458984	2.7596311569213867	30.791072845458984	2.6765559596242383e-05	1.4280091524124146	0.023736078292131424	0
31	255	inverse_hidden	random_sphere	2	29.868017196655273	10.135440826416016	29.868017196655273	4.799126327270642e-05	1.4044605493545532	0.0319351963698864	0
30	63	centered_logit	proposal	4	0.8458108305931091	0.8458108305931091	0.08196275681257248	0.6234402656555176	0.04030581936240196	0.03763102740049362	1
30	127	centered_logit	proposal	4	1.198843240737915	1.198843240737915	0.06833367794752121	0.0024715238250792027	0.026706388220191002	0.024890722706913948	0
30	191	centered_logit	proposal	4	0.8979237079620361	0.8979237079620361	0.051602356135845184	0.8227075934410095	0.02900065667927265	0.025558441877365112	1
30	255	centered_logit	proposal	4	0.8861596584320068	0.8861596584320068	0.09371493756771088	0.599425196647644	0.035579729825258255	0.03268939629197121	1
30	63	centered_logit	canonical_perturbation	4	1.7391144037246704	1.7391144037246704	0.12410375475883484	0.15275143086910248	0.03876378387212753	0.03763102740049362	1
30	127	centered_logit	canonical_perturbation	4	1.066899299621582	1.066899299621582	0.06092287227511406	0.014814778231084347	0.026170365512371063	0.024890722706913948	1
30	191	centered_logit	canonical_perturbation	4	1.8274040222167969	1.8274040222167969	0.08838217705488205	0.7176722884178162	0.027692338451743126	0.025558441877365112	1
30	255	centered_logit	canonical_perturbation	4	1.7144150733947754	1.7144150733947754	0.11147091537714005	0.23546969890594482	0.03400319442152977	0.03268939629197121	1
30	63	centered_logit	random_sphere	4	7.20054292678833	7.20054292678833	29.011249542236328	0.0002465620345901698	1.4163730144500732	0.03763102740049362	0
30	127	centered_logit	random_sphere	4	3.1978840827941895	3.1978840827941895	27.630102157592773	5.883014455321245e-05	1.4161628484725952	0.024890722706913948	0
30	191	centered_logit	random_sphere	4	10.680850982666016	10.680850982666016	29.050254821777344	0.0004322676104493439	1.432161569595337	0.025558441877365112	0
30	255	centered_logit	random_sphere	4	8.00560188293457	8.00560188293457	29.223007202148438	9.323070116806775e-05	1.4548908472061157	0.03268939629197121	0
30	63	inverse_hidden	proposal	4	0.012472138740122318	5.032563209533691	0.012472138740122318	0.0018332992913201451	0.03639639541506767	0.03763102740049362	0
30	127	inverse_hidden	proposal	4	0.00672001950442791	3.082663059234619	0.00672001950442791	2.1076464690850116e-05	0.024480454623699188	0.024890722706913948	0
30	191	inverse_hidden	proposal	4	0.01761358045041561	6.506314277648926	0.01761358045041561	0.004231240600347519	0.024626480415463448	0.025558441877365112	0
30	255	inverse_hidden	proposal	4	0.009179338812828064	6.353571891784668	0.009179338812828064	0.00023348157992586493	0.03140155225992203	0.03268939629197121	0
30	63	inverse_hidden	canonical_perturbation	4	0.0908694788813591	6.045433044433594	0.0908694788813591	0.000622799911070615	0.03528235852718353	0.03763102740049362	0
30	127	inverse_hidden	canonical_perturbation	4	0.06688937544822693	2.4273838996887207	0.06688937544822693	0.004160409327596426	0.023859621956944466	0.024890722706913948	0
30	191	inverse_hidden	canonical_perturbation	4	0.06221335381269455	11.090816497802734	0.06221335381269455	0.0007093913154676557	0.0237145833671093	0.025558441877365112	0
30	255	inverse_hidden	canonical_perturbation	4	0.08762801438570023	7.873161792755127	0.08762801438570023	7.373393600573763e-05	0.030810419470071793	0.03268939629197121	0
30	63	inverse_hidden	random_sphere	4	28.994476318359375	7.596010208129883	28.994476318359375	0.00018220687343273312	1.4163776636123657	0.03763102740049362	0
30	127	inverse_hidden	random_sphere	4	27.64048957824707	3.347900629043579	27.64048957824707	5.74964469706174e-05	1.414605736732483	0.024890722706913948	0
30	191	inverse_hidden	random_sphere	4	29.025394439697266	11.161914825439453	29.025394439697266	0.00031559375929646194	1.4328060150146484	0.025558441877365112	0
30	255	inverse_hidden	random_sphere	4	29.197816848754883	8.41141128540039	29.197816848754883	6.821960414526984e-05	1.455867886543274	0.03268939629197121	0
31	63	centered_logit	proposal	4	2.369858741760254	2.369858741760254	0.181765615940094	7.02670295140706e-05	0.030291544273495674	0.029774533584713936	0
31	127	centered_logit	proposal	4	1.0032600164413452	1.0032600164413452	0.08507345616817474	0.41205665469169617	0.030430421233177185	0.027419183403253555	1
31	191	centered_logit	proposal	4	1.3116133213043213	1.3116133213043213	0.08437860757112503	0.004457204136997461	0.024433782324194908	0.023736078292131424	1
31	255	centered_logit	proposal	4	0.8202990889549255	0.8202990889549255	0.06331070512533188	0.39699915051460266	0.0340544618666172	0.0319351963698864	1
31	63	centered_logit	canonical_perturbation	4	1.4850515127182007	1.4850515127182007	0.0969044417142868	0.0022091970313340425	0.03132364898920059	0.029774533584713936	0
31	127	centered_logit	canonical_perturbation	4	1.165067434310913	1.165067434310913	0.11324666440486908	0.3221321403980255	0.029451079666614532	0.027419183403253555	1
31	191	centered_logit	canonical_perturbation	4	1.0965242385864258	1.0965242385864258	0.0876597911119461	0.09139350056648254	0.025042561814188957	0.023736078292131424	1
31	255	centered_logit	canonical_perturbation	4	1.8145010471343994	1.8145010471343994	0.11523658037185669	0.21006302535533905	0.033040862530469894	0.0319351963698864	1
31	63	centered_logit	random_sphere	4	3.287106990814209	3.287106990814209	29.18454360961914	8.332131255883723e-05	1.3841302394866943	0.029774533584713936	0
31	127	centered_logit	random_sphere	4	6.260512828826904	6.260512828826904	30.275880813598633	8.97758873179555e-05	1.4108551740646362	0.027419183403253555	0
31	191	centered_logit	random_sphere	4	2.6682589054107666	2.6682589054107666	30.801530838012695	3.333844506414607e-05	1.428459644317627	0.023736078292131424	0
31	255	centered_logit	random_sphere	4	9.687994003295898	9.687994003295898	29.88631820678711	6.491201202152297e-05	1.4042177200317383	0.0319351963698864	0
31	63	inverse_hidden	proposal	4	0.013188013806939125	5.562358379364014	0.013188013806939125	0.11482561379671097	0.028538085520267487	0.029774533584713936	1
31	127	inverse_hidden	proposal	4	0.014493615366518497	9.12116813659668	0.014493615366518497	1.104482635128079e-05	0.026908235624432564	0.027419183403253555	0
31	191	inverse_hidden	proposal	4	0.010507220402359962	2.398499011993408	0.010507220402359962	0.06119639053940773	0.021663160994648933	0.023736078292131424	0
31	255	inverse_hidden	proposal	4	0.008803365752100945	7.420188903808594	0.008803365752100945	0.0001081648952094838	0.031345184892416	0.0319351963698864	0
31	63	inverse_hidden	canonical_perturbation	4	0.07957153022289276	3.168937921524048	0.07957153022289276	0.0002313180739292875	0.02766098827123642	0.029774533584713936	0
31	127	inverse_hidden	canonical_perturbation	4	0.06814615428447723	6.961930751800537	0.06814615428447723	0.00032367213862016797	0.025807641446590424	0.027419183403253555	0
31	191	inverse_hidden	canonical_perturbation	4	0.03530561178922653	1.9630392789840698	0.03530561178922653	0.0024159287568181753	0.021816885098814964	0.023736078292131424	1
31	255	inverse_hidden	canonical_perturbation	4	0.0709397941827774	8.819969177246094	0.0709397941827774	9.331970795756206e-05	0.029924344271421432	0.0319351963698864	0
31	63	inverse_hidden	random_sphere	4	29.19054412841797	3.4512362480163574	29.19054412841797	8.007702126633376e-05	1.3840231895446777	0.029774533584713936	0
31	127	inverse_hidden	random_sphere	4	30.27420997619629	6.585485458374023	30.27420997619629	7.078359340084717e-05	1.4109017848968506	0.027419183403253555	0
31	191	inverse_hidden	random_sphere	4	30.7817440032959	2.760646104812622	30.7817440032959	2.6699379304773174e-05	1.4276946783065796	0.023736078292131424	0
31	255	inverse_hidden	random_sphere	4	29.86300277709961	10.126398086547852	29.86300277709961	4.846076626563445e-05	1.4043654203414917	0.0319351963698864	0
30	63	centered_logit	proposal	8	0.7340530157089233	0.7340530157089233	0.10225604474544525	0.8025546073913574	0.04344439506530762	0.03763102740049362	1
30	127	centered_logit	proposal	8	0.9493615627288818	0.9493615627288818	0.07340829819440842	0.017611196264624596	0.028967730700969696	0.024890722706913948	1
30	191	centered_logit	proposal	8	0.707126259803772	0.707126259803772	0.07674650102853775	0.8397663235664368	0.03239918500185013	0.025558441877365112	1
30	255	centered_logit	proposal	8	0.7662908434867859	0.7662908434867859	0.10566027462482452	0.8192209601402283	0.03857408091425896	0.03268939629197121	1
30	63	centered_logit	canonical_perturbation	8	1.017793893814087	1.017793893814087	0.15827813744544983	0.4749688506126404	0.0426630973815918	0.03763102740049362	1
30	127	centered_logit	canonical_perturbation	8	0.8268632888793945	0.8268632888793945	0.0833919495344162	0.1426013708114624	0.028346871957182884	0.024890722706913948	1
30	191	centered_logit	canonical_perturbation	8	1.0146209001541138	1.0146209001541138	0.12690237164497375	0.7931894063949585	0.03201931715011597	0.025558441877365112	1
30	255	centered_logit	canonical_perturbation	8	0.969007134437561	0.969007134437561	0.16413696110248566	0.5061731338500977	0.03807725012302399	0.03268939629197121	1
30	63	centered_logit	random_sphere	8	6.823953151702881	6.823953151702881	29.003597259521484	0.00033131783129647374	1.4159870147705078	0.03763102740049362	0
30	127	centered_logit	random_sphere	8	3.0506396293640137	3.0506396293640137	27.617136001586914	6.09080889262259e-05	1.4171314239501953	0.024890722706913948	0
30	191	centered_logit	random_sphere	8	10.198837280273438	10.198837280273438	29.063270568847656	0.0005953680374659598	1.4318113327026367	0.025558441877365112	0
30	255	centered_logit	random_sphere	8	7.604668617248535	7.604668617248535	29.229778289794922	0.00012704040273092687	1.4545663595199585	0.03268939629197121	0
30	63	inverse_hidden	proposal	8	0.010415235534310341	9.694610595703125	0.010415235534310341	3.143254161841469e-06	0.03628670796751976	0.03763102740049362	0
30	127	inverse_hidden	proposal	8	0.004860016983002424	2.778252601623535	0.004860016983002424	4.91287064505741e-05	0.024269603192806244	0.024890722706913948	0
30	191	inverse_hidden	proposal	8	0.013464031741023064	10.577938079833984	0.013464031741023064	5.1910166803281754e-05	0.024682309478521347	0.025558441877365112	0
30	255	inverse_hidden	proposal	8	0.00731427688151598	8.276044845581055	0.00731427688151598	0.000124803525977768	0.03113815374672413	0.03268939629197121	0
30	63	inverse_hidden	canonical_perturbation	8	0.11246658861637115	7.116295337677002	0.11246658861637115	0.00026308177621103823	0.03403633460402489	0.03763102740049362	0
30	127	inverse_hidden	canonical_perturbation	8	0.018091430887579918	2.2633206844329834	0.018091430887579918	0.015633443370461464	0.02439834550023079	0.024890722706913948	1
30	191	inverse_hidden	canonical_perturbation	8	0.023024417459964752	7.837252616882324	0.023024417459964752	0.01982221007347107	0.023523394018411636	0.025558441877365112	1
30	255	inverse_hidden	canonical_perturbation	8	0.05688424035906792	8.085447311401367	0.05688424035906792	0.0001329781807726249	0.029804212972521782	0.03268939629197121	0
30	63	inverse_hidden	random_sphere	8	28.970813751220703	7.601269721984863	28.970813751220703	0.00018204135994892567	1.4160221815109253	0.03763102740049362	0
30	127	inverse_hidden	random_sphere	8	27.636436462402344	3.3413312435150146	27.636436462402344	5.799243081128225e-05	1.413995623588562	0.024890722706913948	0
30	191	inverse_hidden	random_sphere	8	29.013050079345703	11.14651107788086	29.013050079345703	0.0003189753624610603	1.4330633878707886	0.025558441877365112	0
30	255	inverse_hidden	random_sphere	8	29.17828941345215	8.400894165039062	29.17828941345215	6.863605813123286e-05	1.4565891027450562	0.03268939629197121	0
31	63	centered_logit	proposal	8	1.6136298179626465	1.6136298179626465	0.19806331396102905	3.835459938272834e-05	0.03286631777882576	0.029774533584713936	0
31	127	centered_logit	proposal	8	0.7505439519882202	0.7505439519882202	0.11084355413913727	0.542721688747406	0.03338339552283287	0.027419183403253555	1
31	191	centered_logit	proposal	8	0.8843168020248413	0.8843168020248413	0.06827159225940704	0.4669792652130127	0.026780080050230026	0.023736078292131424	1
31	255	centered_logit	proposal	8	0.7279070019721985	0.7279070019721985	0.09420664608478546	0.5559682250022888	0.036577291786670685	0.0319351963698864	1
31	63	centered_logit	canonical_perturbation	8	1.4471912384033203	1.4471912384033203	0.10646969825029373	0.0002922691637650132	0.03410797938704491	0.029774533584713936	0
31	127	centered_logit	canonical_perturbation	8	0.8434640169143677	0.8434640169143677	0.15616723895072937	0.4193204641342163	0.03350871428847313	0.027419183403253555	1
31	191	centered_logit	canonical_perturbation	8	0.7922589778900146	0.7922589778900146	0.10810063779354095	0.5611992478370667	0.02738802507519722	0.023736078292131424	1
31	255	centered_logit	canonical_perturbation	8	1.0301529169082642	1.0301529169082642	0.12382793426513672	0.43568941950798035	0.03657132387161255	0.0319351963698864	1
31	63	centered_logit	random_sphere	8	3.1335091590881348	3.1335091590881348	29.16405487060547	8.659099694341421e-05	1.3846259117126465	0.029774533584713936	0
31	127	centered_logit	random_sphere	8	5.943849086761475	5.943849086761475	30.272293090820312	0.0001145096612162888	1.4104351997375488	0.027419183403253555	0
31	191	centered_logit	random_sphere	8	2.581888198852539	2.581888198852539	30.802261352539062	4.120638550375588e-05	1.428514003753662	0.023736078292131424	0
31	255	centered_logit	random_sphere	8	9.244574546813965	9.244574546813965	29.901206970214844	8.797551708994433e-05	1.4038779735565186	0.0319351963698864	0
31	63	inverse_hidden	proposal	8	0.010782014578580856	3.5305981636047363	0.010782014578580856	3.520807877066545e-05	0.028367729857563972	0.029774533584713936	0
31	127	inverse_hidden	proposal	8	0.011844027787446976	11.281754493713379	0.011844027787446976	4.5349238462222274e-06	0.026619460433721542	0.027419183403253555	0
31	191	inverse_hidden	proposal	8	0.009172889403998852	2.841740369796753	0.009172889403998852	0.00017761997878551483	0.02151523530483246	0.023736078292131424	0
31	255	inverse_hidden	proposal	8	0.005568042863160372	7.018961429595947	0.005568042863160372	0.0007503048982471228	0.03127749636769295	0.0319351963698864	0
31	63	inverse_hidden	canonical_perturbation	8	0.027326738461852074	2.8510940074920654	0.027326738461852074	0.004883200861513615	0.02703850157558918	0.029774533584713936	1
31	127	inverse_hidden	canonical_perturbation	8	0.023348238319158554	6.367946624755859	0.023348238319158554	0.0006896875565871596	0.0258535947650671	0.027419183403253555	0
31	191	inverse_hidden	canonical_perturbation	8	0.023395637050271034	1.945247769355774	0.023395637050271034	0.032534100115299225	0.02163061685860157	0.023736078292131424	1
31	255	inverse_hidden	canonical_perturbation	8	0.06036095321178436	8.893041610717773	0.06036095321178436	0.0001280630094697699	0.029039060696959496	0.0319351963698864	0
31	63	inverse_hidden	random_sphere	8	29.17580223083496	3.4503517150878906	29.17580223083496	8.027553121792153e-05	1.3843512535095215	0.029774533584713936	0
31	127	inverse_hidden	random_sphere	8	30.267065048217773	6.58104944229126	30.267065048217773	7.162147085182369e-05	1.4104886054992676	0.027419183403253555	0
31	191	inverse_hidden	random_sphere	8	30.764060974121094	2.762695789337158	30.764060974121094	2.6567935492494144e-05	1.4270957708358765	0.023736078292131424	0
31	255	inverse_hidden	random_sphere	8	29.8537654876709	10.11048698425293	29.8537654876709	4.937782432534732e-05	1.4041615724563599	0.0319351963698864	0
30	63	centered_logit	proposal	16	0.595379114151001	0.595379114151001	0.1466549038887024	0.9442588686943054	0.04801808297634125	0.03763102740049362	1
30	127	centered_logit	proposal	16	0.7229877710342407	0.7229877710342407	0.10032258927822113	0.14189673960208893	0.0324799120426178	0.024890722706913948	1
30	191	centered_logit	proposal	16	0.5452964901924133	0.5452964901924133	0.10054834187030792	0.9493637084960938	0.037289511412382126	0.025558441877365112	1
30	255	centered_logit	proposal	16	0.5895875692367554	0.5895875692367554	0.1524145007133484	0.9417374134063721	0.04240616038441658	0.03268939629197121	1
30	63	centered_logit	canonical_perturbation	16	0.7564903497695923	0.7564903497695923	0.26020699739456177	0.7208293080329895	0.04978945478796959	0.03763102740049362	1
30	127	centered_logit	canonical_perturbation	16	0.6213374137878418	0.6213374137878418	0.11460433900356293	0.4030323326587677	0.03293507546186447	0.024890722706913948	1
30	191	centered_logit	canonical_perturbation	16	0.7559887766838074	0.7559887766838074	0.1739364117383957	0.8303360939025879	0.03946526721119881	0.025558441877365112	1
30	255	centered_logit	canonical_perturbation	16	0.7586350440979004	0.7586350440979004	0.21993708610534668	0.7613229751586914	0.04485979676246643	0.03268939629197121	1
30	63	centered_logit	random_sphere	16	6.114818096160889	6.114818096160889	28.991418838500977	0.0005893057677894831	1.4151915311813354	0.03763102740049362	0
30	127	centered_logit	random_sphere	16	2.7853622436523438	2.7853622436523438	27.597434997558594	6.639476487180218e-05	1.4189980030059814	0.024890722706913948	0
30	191	centered_logit	random_sphere	16	9.281370162963867	9.281370162963867	29.094369888305664	0.001107692369259894	1.4311169385910034	0.025558441877365112	0
30	255	centered_logit	random_sphere	16	6.847719192504883	6.847719192504883	29.248973846435547	0.0002296916354680434	1.4537913799285889	0.03268939629197121	0
30	63	inverse_hidden	proposal	16	0.005342576187103987	2.922102212905884	0.005342576187103987	0.8868148922920227	0.036718081682920456	0.03763102740049362	1
30	127	inverse_hidden	proposal	16	0.0023831427097320557	1.6925387382507324	0.0023831427097320557	0.04877949506044388	0.023958642035722733	0.024890722706913948	0
30	191	inverse_hidden	proposal	16	0.004358056467026472	5.681520462036133	0.004358056467026472	0.017348581925034523	0.02476416900753975	0.025558441877365112	0
30	255	inverse_hidden	proposal	16	0.004469915293157101	4.851081848144531	0.004469915293157101	0.07031671702861786	0.03153662011027336	0.03268939629197121	0
30	63	inverse_hidden	canonical_perturbation	16	0.05637650936841965	4.1232008934021	0.05637650936841965	0.058961499482393265	0.034579697996377945	0.03763102740049362	1
30	127	inverse_hidden	canonical_perturbation	16	0.015681561082601547	2.0042312145233154	0.015681561082601547	0.003244973486289382	0.025959614664316177	0.024890722706913948	0
30	191	inverse_hidden	canonical_perturbation	16	0.016841795295476913	12.48442268371582	0.016841795295476913	0.0008896513027139008	0.024698838591575623	0.025558441877365112	0
30	255	inverse_hidden	canonical_perturbation	16	0.030409671366214752	5.867348670959473	0.030409671366214752	0.03454069793224335	0.0305605698376894	0.03268939629197121	1
30	63	inverse_hidden	random_sphere	16	28.928607940673828	7.60909366607666	28.928607940673828	0.00018192421703133732	1.415445327758789	0.03763102740049362	0
30	127	inverse_hidden	random_sphere	16	27.62858009338379	3.3278160095214844	27.62858009338379	5.8985187934013084e-05	1.412818193435669	0.024890722706913948	0
30	191	inverse_hidden	random_sphere	16	28.991823196411133	11.114078521728516	28.991823196411133	0.0003251782327424735	1.433609962463379	0.025558441877365112	0
30	255	inverse_hidden	random_sphere	16	29.142864227294922	8.382926940917969	29.142864227294922	6.926376227056608e-05	1.457877516746521	0.03268939629197121	0
31	63	centered_logit	proposal	16	1.2515840530395508	1.2515840530395508	0.14946132898330688	0.0006571505800820887	0.037436846643686295	0.029774533584713936	0
31	127	centered_logit	proposal	16	0.5589288473129272	0.5589288473129272	0.1488601267337799	0.791341245174408	0.037476152181625366	0.027419183403253555	1
31	191	centered_logit	proposal	16	0.6480584740638733	0.6480584740638733	0.10365977138280869	0.7832033634185791	0.030478186905384064	0.023736078292131424	1
31	255	centered_logit	proposal	16	0.5784486532211304	0.5784486532211304	0.1389264315366745	0.8435506820678711	0.04029599949717522	0.0319351963698864	1
31	63	centered_logit	canonical_perturbation	16	1.0732553005218506	1.0732553005218506	0.22586862742900848	0.06864923983812332	0.03823222219944	0.029774533584713936	1
31	127	centered_logit	canonical_perturbation	16	0.7292463779449463	0.7292463779449463	0.23781877756118774	0.4916059076786041	0.03927341848611832	0.027419183403253555	1
31	191	centered_logit	canonical_perturbation	16	0.600196123123169	0.600196123123169	0.12167485058307648	0.9542874097824097	0.03214110806584358	0.023736078292131424	1
31	255	centered_logit	canonical_perturbation	16	0.774834156036377	0.774834156036377	0.2721171975135803	0.518073558807373	0.04344051703810692	0.0319351963698864	1
31	63	centered_logit	random_sphere	16	2.860337257385254	2.860337257385254	29.129898071289062	9.289893205277622e-05	1.3856242895126343	0.029774533584713936	0
31	127	centered_logit	random_sphere	16	5.350602149963379	5.350602149963379	30.27071189880371	0.00018350049504078925	1.409525752067566	0.027419183403253555	0
31	191	centered_logit	random_sphere	16	2.420769453048706	2.420769453048706	30.80552101135254	6.206166290212423e-05	1.4286364316940308	0.023736078292131424	0
31	255	centered_logit	random_sphere	16	8.400425910949707	8.400425910949707	29.93614959716797	0.00015859532868489623	1.4031500816345215	0.0319351963698864	0
31	63	inverse_hidden	proposal	16	0.004367768298834562	2.8150956630706787	0.004367768298834562	0.1506660431623459	0.027715763077139854	0.029774533584713936	1
31	127	inverse_hidden	proposal	16	0.00943596288561821	3.4245166778564453	0.00943596288561821	0.03102276846766472	0.026477746665477753	0.027419183403253555	0
31	191	inverse_hidden	proposal	16	0.0045639872550964355	1.7879719734191895	0.0045639872550964355	0.052922699600458145	0.02179724909365177	0.023736078292131424	0
31	255	inverse_hidden	proposal	16	0.0032329976093024015	3.963956594467163	0.0032329976093024015	0.3007228672504425	0.03131337836384773	0.0319351963698864	1
31	63	inverse_hidden	canonical_perturbation	16	0.016580164432525635	2.0917272567749023	0.016580164432525635	0.0372234582901001	0.027243055403232574	0.029774533584713936	1
31	127	inverse_hidden	canonical_perturbation	16	0.017521435394883156	10.157827377319336	0.017521435394883156	9.54986026044935e-05	0.02742595225572586	0.027419183403253555	0
31	191	inverse_hidden	canonical_perturbation	16	0.010313164442777634	1.379652500152588	0.010313164442777634	0.08923070877790451	0.021936848759651184	0.023736078292131424	1
31	255	inverse_hidden	canonical_perturbation	16	0.03487987816333771	5.167806625366211	0.03487987816333771	0.051695793867111206	0.030219195410609245	0.0319351963698864	1
31	63	inverse_hidden	random_sphere	16	29.151443481445312	3.448288679122925	29.151443481445312	8.096721285255626e-05	1.3849083185195923	0.029774533584713936	0
31	127	inverse_hidden	random_sphere	16	30.252094268798828	6.573853492736816	30.252094268798828	7.291420479305089e-05	1.4094866514205933	0.027419183403253555	0
31	191	inverse_hidden	random_sphere	16	30.733760833740234	2.766324758529663	30.733760833740234	2.634546581248287e-05	1.426065444946289	0.023736078292131424	0
31	255	inverse_hidden	random_sphere	16	29.837072372436523	10.08470344543457	29.837072372436523	5.118110857438296e-05	1.4036530256271362	0.0319351963698864	0
30	63	centered_logit	proposal	24	0.5019676685333252	0.5019676685333252	0.15740150213241577	0.9837130308151245	0.05070066079497337	0.03763102740049362	1
30	127	centered_logit	proposal	24	0.5703052282333374	0.5703052282333374	0.09559079259634018	0.33131325244903564	0.03512987121939659	0.024890722706913948	1
30	191	centered_logit	proposal	24	0.43045634031295776	0.43045634031295776	0.10794459283351898	0.9836565256118774	0.04036291688680649	0.025558441877365112	1
30	255	centered_logit	proposal	24	0.4899117350578308	0.4899117350578308	0.16678541898727417	0.9744608402252197	0.04531475901603699	0.03268939629197121	1
30	63	centered_logit	canonical_perturbation	24	0.6168136596679688	0.6168136596679688	0.24779994785785675	0.908890962600708	0.053528159856796265	0.03763102740049362	1
30	127	centered_logit	canonical_perturbation	24	0.4996868073940277	0.4996868073940277	0.12106989324092865	0.7161012291908264	0.03631887957453728	0.024890722706913948	1
30	191	centered_logit	canonical_perturbation	24	0.6311940550804138	0.6311940550804138	0.18502694368362427	0.893311619758606	0.04351272061467171	0.025558441877365112	1
30	255	centered_logit	canonical_perturbation	24	0.6281588077545166	0.6281588077545166	0.23419207334518433	0.9080449342727661	0.048516690731048584	0.03268939629197121	1
30	63	centered_logit	random_sphere	24	5.467939853668213	5.467939853668213	28.982440948486328	0.0010236268863081932	1.4143106937408447	0.03763102740049362	0
30	127	centered_logit	random_sphere	24	2.5577244758605957	2.5577244758605957	27.585865020751953	7.4404088081792e-05	1.4207172393798828	0.024890722706913948	0
30	191	centered_logit	random_sphere	24	8.43051528930664	8.43051528930664	29.131288528442383	0.002006246242672205	1.4304407835006714	0.025558441877365112	0
30	255	centered_logit	random_sphere	24	6.154537200927734	6.154537200927734	29.2750301361084	0.00040121155325323343	1.452885627746582	0.03268939629197121	0
30	63	inverse_hidden	proposal	24	0.0032706069760024548	5.69608211517334	0.0032706069760024548	0.022082965821027756	0.03630289435386658	0.03763102740049362	0
30	127	inverse_hidden	proposal	24	0.0015327337896451354	1.468461036682129	0.0015327337896451354	0.38797393441200256	0.02367074228823185	0.024890722706913948	1
30	191	inverse_hidden	proposal	24	0.0030364657286554575	2.879026174545288	0.0030364657286554575	0.9061796069145203	0.02471677027642727	0.025558441877365112	1
30	255	inverse_hidden	proposal	24	0.002744198078289628	3.8850624561309814	0.002744198078289628	0.5440407395362854	0.031061850488185883	0.03268939629197121	1
30	63	inverse_hidden	canonical_perturbation	24	0.03003147430717945	7.757805824279785	0.03003147430717945	0.0016044923104345798	0.035523202270269394	0.03763102740049362	0
30	127	inverse_hidden	canonical_perturbation	24	0.011271516792476177	2.060930013656616	0.011271516792476177	0.0031940792687237263	0.026113124564290047	0.024890722706913948	0
30	191	inverse_hidden	canonical_perturbation	24	0.010047033429145813	7.602516174316406	0.010047033429145813	0.20651637017726898	0.025187967345118523	0.025558441877365112	1
30	255	inverse_hidden	canonical_perturbation	24	0.02089093066751957	8.769350051879883	0.02089093066751957	0.0016105364775285125	0.03167101740837097	0.03268939629197121	0
30	63	inverse_hidden	random_sphere	24	28.89247703552246	7.615731239318848	28.89247703552246	0.000181678231456317	1.4150463342666626	0.03763102740049362	0
30	127	inverse_hidden	random_sphere	24	27.62066078186035	3.3149938583374023	27.62066078186035	5.9893263824051246e-05	1.411657452583313	0.024890722706913948	0
30	191	inverse_hidden	random_sphere	24	28.973068237304688	11.082961082458496	28.973068237304688	0.00032911947346292436	1.4342007637023926	0.025558441877365112	0
30	255	inverse_hidden	random_sphere	24	29.112010955810547	8.369535446166992	29.112010955810547	6.959858728805557e-05	1.4590253829956055	0.03268939629197121	0
31	63	centered_logit	proposal	24	0.9958908557891846	0.9958908557891846	0.18749527633190155	0.03891829773783684	0.04020481929183006	0.029774533584713936	1
31	127	centered_logit	proposal	24	0.4539482593536377	0.4539482593536377	0.16406822204589844	0.9286386966705322	0.040467023849487305	0.027419183403253555	1
31	191	centered_logit	proposal	24	0.5099923014640808	0.5099923014640808	0.09340627491474152	0.9884734749794006	0.03315429389476776	0.023736078292131424	1
31	255	centered_logit	proposal	24	0.47525864839553833	0.47525864839553833	0.14088031649589539	0.9539608359336853	0.04269600287079811	0.0319351963698864	1
31	63	centered_logit	canonical_perturbation	24	0.8128509521484375	0.8128509521484375	0.13268347084522247	0.25157982110977173	0.040719322860240936	0.029774533584713936	1
31	127	centered_logit	canonical_perturbation	24	0.5842546224594116	0.5842546224594116	0.2554890215396881	0.6783034801483154	0.04233115166425705	0.027419183403253555	1
31	191	centered_logit	canonical_perturbation	24	0.45328575372695923	0.45328575372695923	0.12362208217382431	0.9938250780105591	0.035765089094638824	0.023736078292131424	1
31	255	centered_logit	canonical_perturbation	24	0.6347817182540894	0.6347817182540894	0.2671448588371277	0.7524862289428711	0.0472901426255703	0.0319351963698864	1
31	63	centered_logit	random_sphere	24	2.631101608276367	2.631101608276367	29.1051082611084	9.885108011076227e-05	1.3865430355072021	0.029774533584713936	0
31	127	centered_logit	random_sphere	24	4.813455104827881	4.813455104827881	30.27713966369629	0.00028920118347741663	1.4085986614227295	0.027419183403253555	0
31	191	centered_logit	random_sphere	24	2.273336410522461	2.273336410522461	30.81229591369629	9.171603596769273e-05	1.4288617372512817	0.023736078292131424	0
31	255	centered_logit	random_sphere	24	7.617559432983398	7.617559432983398	29.97710418701172	0.00027895107632502913	1.4023720026016235	0.0319351963698864	0
31	63	inverse_hidden	proposal	24	0.0026212139055132866	1.9532926082611084	0.0026212139055132866	0.9669132828712463	0.027513068169355392	0.029774533584713936	1
31	127	inverse_hidden	proposal	24	0.004000166896730661	4.945077896118164	0.004000166896730661	0.06603410840034485	0.02627611719071865	0.027419183403253555	1
31	191	inverse_hidden	proposal	24	0.0025199386291205883	1.2160038948059082	0.0025199386291205883	0.7571778893470764	0.021023882552981377	0.023736078292131424	1
31	255	inverse_hidden	proposal	24	0.002319715218618512	3.2922980785369873	0.002319715218618512	0.80258709192276	0.031080376356840134	0.0319351963698864	1
31	63	inverse_hidden	canonical_perturbation	24	0.012135868892073631	1.979664921760559	0.012135868892073631	0.5245128273963928	0.027587298303842545	0.029774533584713936	1
31	127	inverse_hidden	canonical_perturbation	24	0.013275859877467155	3.4011552333831787	0.013275859877467155	0.15306003391742706	0.028054166585206985	0.027419183403253555	1
31	191	inverse_hidden	canonical_perturbation	24	0.00594716751947999	1.3370319604873657	0.00594716751947999	0.4914570748806	0.02147948369383812	0.023736078292131424	1
31	255	inverse_hidden	canonical_perturbation	24	0.020636847242712975	8.363475799560547	0.020636847242712975	0.0019421906908974051	0.03090452030301094	0.0319351963698864	0
31	63	inverse_hidden	random_sphere	24	29.13102149963379	3.4456491470336914	29.13102149963379	8.19138003862463e-05	1.3853679895401	0.029774533584713936	0
31	127	inverse_hidden	random_sphere	24	30.238201141357422	6.56709623336792	30.238201141357422	7.418732275255024e-05	1.408415675163269	0.027419183403253555	0
31	191	inverse_hidden	random_sphere	24	30.709091186523438	2.7697906494140625	30.709091186523438	2.6127650926355273e-05	1.4252417087554932	0.023736078292131424	0
31	255	inverse_hidden	random_sphere	24	29.822084426879883	10.060585021972656	29.822084426879883	5.3190226026345044e-05	1.4029210805892944	0.0319351963698864	0
30	63	centered_logit	proposal	40	0.3596464991569519	0.3596464991569519	0.13628432154655457	0.9983854293823242	0.05361240357160568	0.03763102740049362	1
30	127	centered_logit	proposal	40	0.4146028459072113	0.4146028459072113	0.08730609714984894	0.8699265122413635	0.03803229704499245	0.024890722706913948	1
30	191	centered_logit	proposal	40	0.299239844083786	0.299239844083786	0.09885423630475998	0.9983419179916382	0.04401586577296257	0.025558441877365112	1
30	255	centered_logit	proposal	40	0.3576953411102295	0.3576953411102295	0.14372584223747253	0.9974810481071472	0.04896346479654312	0.03268939629197121	1
30	63	centered_logit	canonical_perturbation	40	0.4617617130279541	0.4617617130279541	0.24637526273727417	0.9888257384300232	0.05735445395112038	0.03763102740049362	1
30	127	centered_logit	canonical_perturbation	40	0.3220774233341217	0.3220774233341217	0.10396692901849747	0.9843742251396179	0.04057317227125168	0.024890722706913948	1
30	191	centered_logit	canonical_perturbation	40	0.4744572043418884	0.4744572043418884	0.1741933971643448	0.968565821647644	0.04681526869535446	0.025558441877365112	1
30	255	centered_logit	canonical_perturbation	40	0.4678081274032593	0.4678081274032593	0.2308875322341919	0.9852976202964783	0.05230196565389633	0.03268939629197121	1
30	63	centered_logit	random_sphere	40	4.364832401275635	4.364832401275635	28.97504234313965	0.0028467713855206966	1.4124029874801636	0.03763102740049362	0
30	127	centered_logit	random_sphere	40	2.197847843170166	2.197847843170166	27.584341049194336	0.00010163924162043259	1.4235543012619019	0.024890722706913948	0
30	191	centered_logit	random_sphere	40	6.936501502990723	6.936501502990723	29.21731185913086	0.0059938025660812855	1.429288625717163	0.025558441877365112	1
30	255	centered_logit	random_sphere	40	4.964655876159668	4.964655876159668	29.343664169311523	0.0011098968097940087	1.4509066343307495	0.03268939629197121	0
30	63	inverse_hidden	proposal	40	0.0013283457374200225	2.069627285003662	0.0013283457374200225	0.988690972328186	0.0355292484164238	0.03763102740049362	1
30	127	inverse_hidden	proposal	40	0.0006963106570765376	2.372054100036621	0.0006963106570765376	0.9141902327537537	0.022097555920481682	0.024890722706913948	1
30	191	inverse_hidden	proposal	40	0.0015035978285595775	1.2119479179382324	0.0015035978285595775	0.9938422441482544	0.023517539724707603	0.025558441877365112	1
30	255	inverse_hidden	proposal	40	0.0011310288682579994	1.5051225423812866	0.0011310288682579994	0.9947683811187744	0.02981598488986492	0.03268939629197121	1
30	63	inverse_hidden	canonical_perturbation	40	0.016043230891227722	5.776610374450684	0.016043230891227722	0.0745067447423935	0.03505037724971771	0.03763102740049362	1
30	127	inverse_hidden	canonical_perturbation	40	0.005328644998371601	1.475621223449707	0.005328644998371601	0.11001347005367279	0.023490900173783302	0.024890722706913948	1
30	191	inverse_hidden	canonical_perturbation	40	0.004989586304873228	6.4931230545043945	0.004989586304873228	0.43375471234321594	0.022523945197463036	0.025558441877365112	1
30	255	inverse_hidden	canonical_perturbation	40	0.010155528783798218	5.763181686401367	0.010155528783798218	0.25730380415916443	0.030771750956773758	0.03268939629197121	1
30	63	inverse_hidden	random_sphere	40	28.836017608642578	7.632617950439453	28.836017608642578	0.00018055085092782974	1.4145982265472412	0.03763102740049362	0
30	127	inverse_hidden	random_sphere	40	27.60428237915039	3.290853977203369	27.60428237915039	6.141201447462663e-05	1.409132957458496	0.024890722706913948	0
30	191	inverse_hidden	random_sphere	40	28.942920684814453	11.022346496582031	28.942920684814453	0.00033496119431219995	1.4350844621658325	0.025558441877365112	0
30	255	inverse_hidden	random_sphere	40	29.061250686645508	8.326797485351562	29.061250686645508	7.120028749341145e-05	1.461161732673645	0.03268939629197121	0
31	63	centered_logit	proposal	40	0.7090319991111755	0.7090319991111755	0.14470598101615906	0.6499906182289124	0.0444953627884388	0.029774533584713936	1
31	127	centered_logit	proposal	40	0.30814486742019653	0.30814486742019653	0.14913597702980042	0.9906186461448669	0.04438614845275879	0.027419183403253555	1
31	191	centered_logit	proposal	40	0.3392941355705261	0.3392941355705261	0.08762024343013763	0.999413013458252	0.03644051030278206	0.023736078292131424	1
31	255	centered_logit	proposal	40	0.3197203576564789	0.3197203576564789	0.1066201776266098	0.9977558255195618	0.04589011147618294	0.0319351963698864	1
31	63	centered_logit	canonical_perturbation	40	0.5493679046630859	0.5493679046630859	0.1347004622220993	0.9656904339790344	0.04397717863321304	0.029774533584713936	1
31	127	centered_logit	canonical_perturbation	40	0.44826048612594604	0.44826048612594604	0.22473324835300446	0.9250147342681885	0.045610133558511734	0.027419183403253555	1
31	191	centered_logit	canonical_perturbation	40	0.2617049515247345	0.2617049515247345	0.0987652987241745	0.9998829364776611	0.04036587104201317	0.023736078292131424	1
31	255	centered_logit	canonical_perturbation	40	0.4805039167404175	0.4805039167404175	0.2519051730632782	0.953047513961792	0.05100013315677643	0.0319351963698864	1
31	63	centered_logit	random_sphere	40	2.2810301780700684	2.2810301780700684	29.080434799194336	0.00011291162809357047	1.3879998922348022	0.029774533584713936	0
31	127	centered_logit	random_sphere	40	3.9071664810180664	3.9071664810180664	30.31175994873047	0.0006806943565607071	1.406759262084961	0.027419183403253555	0
31	191	centered_logit	random_sphere	40	2.012364387512207	2.012364387512207	30.835506439208984	0.0001912256411742419	1.429530143737793	0.023736078292131424	0
31	255	centered_logit	random_sphere	40	6.244513988494873	6.244513988494873	30.074159622192383	0.0007962078670971096	1.4006390571594238	0.0319351963698864	0
31	63	inverse_hidden	proposal	40	0.0012964558554813266	2.605332612991333	0.0012964558554813266	0.9995303153991699	0.026060380041599274	0.029774533584713936	1
31	127	inverse_hidden	proposal	40	0.001761897699907422	2.616610527038574	0.001761897699907422	0.810072124004364	0.025195199996232986	0.027419183403253555	1
31	191	inverse_hidden	proposal	40	0.0010890139965340495	0.9626904726028442	0.0010890139965340495	0.882889449596405	0.019297929480671883	0.023736078292131424	1
31	255	inverse_hidden	proposal	40	0.0008990148780867457	1.3798744678497314	0.0008990148780867457	0.9974639415740967	0.029754875227808952	0.0319351963698864	1
31	63	inverse_hidden	canonical_perturbation	40	0.008387315087020397	1.7566838264465332	0.008387315087020397	0.903066098690033	0.02526233345270157	0.029774533584713936	1
31	127	inverse_hidden	canonical_perturbation	40	0.007130367681384087	3.945770263671875	0.007130367681384087	0.25184252858161926	0.025647981092333794	0.027419183403253555	1
31	191	inverse_hidden	canonical_perturbation	40	0.003112409496679902	1.2497143745422363	0.003112409496679902	0.9578419327735901	0.018606344237923622	0.023736078292131424	1
31	255	inverse_hidden	canonical_perturbation	40	0.00909456517547369	5.666362762451172	0.00909456517547369	0.08096751570701599	0.029510902240872383	0.0319351963698864	1
31	63	inverse_hidden	random_sphere	40	29.097238540649414	3.440415382385254	29.097238540649414	8.457785588689148e-05	1.3858535289764404	0.029774533584713936	0
31	127	inverse_hidden	random_sphere	40	30.21219825744629	6.552108287811279	30.21219825744629	7.669262413401157e-05	1.4061951637268066	0.027419183403253555	0
31	191	inverse_hidden	random_sphere	40	30.669570922851562	2.7772560119628906	30.669570922851562	2.578475687187165e-05	1.423905849456787	0.023736078292131424	0
31	255	inverse_hidden	random_sphere	40	29.79709243774414	10.024980545043945	29.79709243774414	5.7012566685443744e-05	1.4011964797973633	0.0319351963698864	0
