microbatch_index	local_row	global_row	is_dominant_gradient_row	anchor_ordinal	anchor_position	target_position	horizon	input_token_id	target_token_id	target_byte_hex	predicted_token_id	correct	nll	max_probability	p_rms	innovation_w_rms	s_raw_rms	z_raw_rms	stored_s_rms	stored_z_rms	decoded_hidden_rms	logits_rms	z_boundary_denominator_rms	s_boundary_denominator_rms
3	0	48	0	0	0	5	5	101	77	4d	32	0	7.236512184143066	0.1768340766429901	0.5714992880821228	20.698457717895508	21.697128295898438	7.368736743927002	1.0	0.9999999403953552	2.430798292160034	6.826073169708252	7.368736743927002	21.697128295898438
3	0	48	0	1	16	21	5	116	97	61	32	0	2.394197463989258	0.16211776435375214	0.5721666216850281	20.73658561706543	21.735280990600586	7.3892822265625	1.0	0.9999999403953552	2.3165132999420166	8.452595710754395	7.3892822265625	21.735280990600586
3	0	48	0	2	32	37	5	32	115	73	32	0	3.091385841369629	0.18174414336681366	0.5711115598678589	20.675636291503906	21.674287796020508	7.35967493057251	1.0	1.0	2.317728281021118	7.408416271209717	7.35967493057251	21.674287796020508
3	0	48	0	3	48	53	5	32	32	20	32	1	1.7186108827590942	0.17931507527828217	0.5709561705589294	20.660066604614258	21.658727645874023	7.350550174713135	1.0	0.9999999403953552	2.313857078552246	7.173388957977295	7.350550174713135	21.658727645874023
3	0	48	0	4	64	69	5	111	32	20	32	1	1.5945298671722412	0.20300394296646118	0.579666793346405	21.195066452026367	22.193899154663086	7.639398574829102	1.0000001192092896	0.9999999403953552	2.9154539108276367	8.121329307556152	7.639398574829102	22.193899154663086
3	0	48	0	5	80	85	5	64	50	32	32	0	5.245976448059082	0.26387909054756165	0.583426833152771	21.42356300354004	22.42242431640625	7.771989822387695	0.9999999403953552	1.0	2.930332660675049	8.500284194946289	7.771989822387695	22.42242431640625
3	0	48	0	6	96	101	5	54	104	68	32	0	3.8034324645996094	0.24514652788639069	0.5713644027709961	20.686656951904297	21.685331344604492	7.361473083496094	1.0	1.0000001192092896	2.334146022796631	6.8035430908203125	7.361473083496094	21.685331344604492
3	0	48	0	7	112	117	5	115	105	69	32	0	3.019702672958374	0.21016070246696472	0.5718014240264893	20.72538948059082	21.724048614501953	7.384439468383789	1.0	1.0	2.3229241371154785	6.846958637237549	7.384439468383789	21.724048614501953
3	0	48	0	8	128	133	5	101	32	20	32	1	1.5673584938049316	0.20859545469284058	0.5715258717536926	20.708866119384766	21.707515716552734	7.377523422241211	1.0	0.9999998807907104	2.3254470825195312	6.593125343322754	7.377523422241211	21.707515716552734
3	0	48	0	9	144	149	5	32	105	69	32	0	2.9837899208068848	0.1957234889268875	0.5752843022346497	20.920459747314453	21.91923713684082	7.48667049407959	1.0	0.9999998807907104	2.328428030014038	6.429237365722656	7.48667049407959	21.91923713684082
3	0	48	0	10	160	165	5	116	32	20	32	1	1.5886402130126953	0.20420309901237488	0.5721361637115479	20.73402214050293	21.73271942138672	7.3884782791137695	1.0	0.9999998807907104	2.330151081085205	6.545268535614014	7.3884782791137695	21.73271942138672
3	0	48	0	11	176	181	5	32	116	74	32	0	2.759422779083252	0.21316272020339966	0.5740645527839661	20.844375610351562	21.8431339263916	7.445775985717773	1.0	1.0	2.3355541229248047	6.362956523895264	7.445775985717773	21.8431339263916
3	0	48	0	12	192	197	5	45	114	72	32	0	3.1582560539245605	0.18085019290447235	0.5715763568878174	20.700956344604492	21.69963264465332	7.369694709777832	1.0	1.0	2.331393003463745	6.5228590965271	7.369694709777832	21.69963264465332
3	0	48	0	13	208	213	5	110	32	20	32	1	1.675663948059082	0.18718385696411133	0.5718351006507874	20.734907150268555	21.733549118041992	7.393538475036621	0.9999999403953552	1.0	2.3340775966644287	6.487114429473877	7.393538475036621	21.733549118041992
3	0	48	0	14	224	229	5	73	101	65	32	0	2.322059154510498	0.2182135283946991	0.5710803270339966	20.669612884521484	21.66827392578125	7.351742744445801	1.0	0.9999998807907104	2.329894781112671	6.63888692855835	7.351742744445801	21.66827392578125
3	0	48	0	15	240	245	5	101	101	65	32	0	2.320643901824951	0.21273091435432434	0.5715486407279968	20.710895538330078	21.709543228149414	7.378626823425293	0.9999999403953552	0.9999998807907104	2.3272953033447266	6.7439985275268555	7.378626823425293	21.709543228149414
3	0	48	0	0	0	6	6	101	97	61	32	0	2.5176451206207275	0.18198934197425842	0.5728355646133423	20.765872955322266	21.764606475830078	7.404581069946289	1.0	0.9999999403953552	2.4399876594543457	6.6018171310424805	7.404581069946289	21.764606475830078
3	0	48	0	1	16	22	6	116	110	6e	32	0	3.1526970863342285	0.15915846824645996	0.5733178853988647	20.79580307006836	21.794546127319336	7.421095848083496	1.0	1.0	2.3207128047943115	8.336149215698242	7.421095848083496	21.794546127319336
3	0	48	0	2	32	38	6	32	116	74	32	0	2.640450954437256	0.18095245957374573	0.5726584196090698	20.755611419677734	21.75434112548828	7.399650573730469	1.0	1.0	2.323687791824341	7.143617153167725	7.399650573730469	21.75434112548828
3	0	48	0	3	48	54	6	32	97	61	32	0	2.810173988342285	0.17929337918758392	0.5727100372314453	20.75802230834961	21.756752014160156	7.401385307312012	1.0	1.0	2.318366765975952	7.149387359619141	7.401385307312012	21.756752014160156
3	0	48	0	4	64	70	6	111	49	31	32	0	6.17937707901001	0.20159853994846344	0.5771487355232239	21.03511619567871	22.033924102783203	7.552786827087402	1.0	1.0	2.9080870151519775	8.047449111938477	7.552786827087402	22.033924102783203
3	0	48	0	5	80	86	6	64	48	30	32	0	4.326523303985596	0.2787104547023773	0.5791889429092407	21.164031982421875	22.16286277770996	7.624153137207031	1.0	0.9999999403953552	2.9156336784362793	8.427814483642578	7.624153137207031	22.16286277770996
3	0	48	0	6	96	102	6	54	105	69	32	0	3.1520166397094727	0.23752237856388092	0.572843074798584	20.765859603881836	21.76459312438965	7.404719829559326	0.9999998807907104	1.0	2.3357598781585693	6.782748222351074	7.404719829559326	21.76459312438965
3	0	48	0	7	112	118	6	115	99	63	32	0	3.5082640647888184	0.2098415046930313	0.572848379611969	20.76786994934082	21.766603469848633	7.404973030090332	1.0	0.9999999403953552	2.32454514503479	6.8061017990112305	7.404973030090332	21.766603469848633
3	0	48	0	8	128	134	6	101	116	74	32	0	2.6847853660583496	0.21282266080379486	0.5726627111434937	20.75663948059082	21.755367279052734	7.399540901184082	0.9999999403953552	1.0	2.3287906646728516	6.525696277618408	7.399540901184082	21.755367279052734
3	0	48	0	9	144	150	6	32	110	6e	32	0	3.306985855102539	0.200363889336586	0.5752061009407043	20.91303062438965	21.91180992126465	7.485177993774414	1.0	0.9999998807907104	2.3305182456970215	6.373449325561523	7.485177993774414	21.91180992126465
3	0	48	0	10	160	166	6	116	65	41	32	0	5.176105499267578	0.2050209641456604	0.573327898979187	20.79646110534668	21.79520606994629	7.421660423278809	1.0	1.0	2.331061840057373	6.550256729125977	7.421660423278809	21.79520606994629
3	0	48	0	11	176	182	6	32	104	68	32	0	3.6774892807006836	0.2119017094373703	0.5746155381202698	20.87601661682129	21.874786376953125	7.465088844299316	0.9999998807907104	1.0	2.3368170261383057	6.3574066162109375	7.465088844299316	21.874786376953125
3	0	48	0	12	192	198	6	45	103	67	32	0	4.556951522827148	0.18634365499019623	0.5729389786720276	20.772079467773438	21.770816802978516	7.408102035522461	1.0	1.0	2.3338661193847656	6.483119487762451	7.408102035522461	21.770816802978516
3	0	48	0	13	208	214	6	110	99	63	32	0	3.586702346801758	0.18954424560070038	0.5727053284645081	20.760475158691406	21.75920295715332	7.401370525360107	1.0	1.0	2.3338851928710938	6.458653926849365	7.401370525360107	21.75920295715332
3	0	48	0	14	224	230	6	73	32	20	32	1	1.5199345350265503	0.21872621774673462	0.5726381540298462	20.752954483032227	21.751686096191406	7.3976030349731445	1.0	1.0	2.3318190574645996	6.625479221343994	7.3976030349731445	21.751686096191406
3	0	48	0	15	240	246	6	101	97	61	32	0	2.8953003883361816	0.2093743234872818	0.5726593732833862	20.75650405883789	21.755231857299805	7.399409770965576	1.0	1.0	2.328294515609741	6.7128753662109375	7.399409770965576	21.755231857299805
3	1	49	0	0	0	5	5	97	117	75	32	0	3.8701372146606445	0.21806199848651886	0.5728172659873962	20.778337478637695	21.777048110961914	7.409538745880127	1.0	1.0000001192092896	2.420060396194458	6.430152416229248	7.409538745880127	21.777048110961914
3	1	49	0	1	16	21	5	32	101	65	32	0	2.0234873294830322	0.1841639131307602	0.5712509155273438	20.685876846313477	21.68453025817871	7.364274024963379	0.9999998807907104	0.9999998807907104	2.321789264678955	7.286888599395752	7.364274024963379	21.68453025817871
3	1	49	0	2	32	37	5	100	105	69	32	0	2.7397427558898926	0.15261085331439972	0.5717940926551819	20.721193313598633	21.71986198425293	7.381035804748535	1.0	0.9999998807907104	2.3350682258605957	6.154506683349609	7.381035804748535	21.71986198425293
3	1	49	0	3	48	53	5	121	112	70	32	0	5.110027313232422	0.19291678071022034	0.5693889856338501	20.56949806213379	21.56806755065918	7.307458400726318	1.0	1.0	2.881466865539551	6.77559232711792	7.307458400726318	21.56806755065918
3	1	49	0	4	64	69	5	104	116	74	32	0	2.56528377532959	0.15979643166065216	0.5720323920249939	20.721492767333984	21.720199584960938	7.373424530029297	0.9999998807907104	0.9999998807907104	2.331555128097534	6.062405109405518	7.373424530029297	21.720199584960938
3	1	49	0	5	80	85	5	32	99	63	32	0	3.4608397483825684	0.16631411015987396	0.5727190971374512	20.756385803222656	21.755123138427734	7.397490501403809	1.0	0.9999999403953552	2.3397724628448486	5.5382771492004395	7.397490501403809	21.755123138427734
3	1	49	0	6	96	101	5	46	104	68	32	0	3.249239206314087	0.1615152508020401	0.5719006657600403	20.72063446044922	21.719322204589844	7.378251075744629	0.9999998807907104	0.9999998807907104	2.334383487701416	5.754453659057617	7.378251075744629	21.719322204589844
3	1	49	0	7	112	117	5	116	105	69	32	0	2.9459800720214844	0.17913205921649933	0.5723470449447632	20.74552345275879	21.744230270385742	7.394252300262451	1.0	1.0	2.331601858139038	5.851722717285156	7.394252300262451	21.744230270385742
3	1	49	0	8	128	133	5	32	115	73	32	0	3.0921151638031006	0.17523731291294098	0.5736721754074097	20.818981170654297	21.817731857299805	7.432524681091309	1.0	1.0	2.3363289833068848	5.568939208984375	7.432524681091309	21.817731857299805
3	1	49	0	9	144	149	5	102	110	6e	32	0	3.114424705505371	0.1789640188217163	0.5719947814941406	20.724124908447266	21.722822189331055	7.380038261413574	0.9999998807907104	0.9999999403953552	2.3343212604522705	5.735417366027832	7.380038261413574	21.722822189331055
3	1	49	0	10	160	165	5	104	32	20	32	1	1.7463710308074951	0.17440570890903473	0.5719984769821167	20.72161293029785	21.720314025878906	7.3752264976501465	0.9999998807907104	1.0	2.329846143722534	6.0527191162109375	7.3752264976501465	21.720314025878906
3	1	49	0	11	176	181	5	45	97	61	32	0	2.648200035095215	0.1848965436220169	0.571461021900177	20.693239212036133	21.691911697387695	7.365638256072998	1.0	0.9999999403953552	2.3327994346618652	5.890621662139893	7.365638256072998	21.691911697387695
3	1	49	0	12	192	197	5	100	110	6e	32	0	3.1717119216918945	0.18333961069583893	0.5717872977256775	20.714641571044922	21.71332359313965	7.374781608581543	1.0	0.9999998807907104	2.3363420963287354	5.81581449508667	7.374781608581543	21.71332359313965
3	1	49	0	13	208	213	5	147	32	20	32	1	1.6596999168395996	0.19019605219364166	0.5715150237083435	20.697256088256836	21.69593048095703	7.366906642913818	1.0	0.9999998807907104	2.3428945541381836	5.608373165130615	7.366906642913818	21.69593048095703
3	1	49	0	14	224	229	5	97	32	20	32	1	1.4844484329223633	0.22662730515003204	0.5768138766288757	21.0238037109375	22.02259635925293	7.540555953979492	1.0	1.0	2.904244899749756	8.090864181518555	7.540555953979492	22.02259635925293
3	1	49	0	15	240	245	5	32	115	73	32	0	3.1042656898498535	0.1912125200033188	0.5736327767372131	20.815073013305664	21.813827514648438	7.428713321685791	1.0	1.0000001192092896	2.331782817840576	6.08674430847168	7.428713321685791	21.813827514648438
3	1	49	0	0	0	6	6	97	116	74	32	0	3.1256215572357178	0.21487855911254883	0.5736897587776184	20.819107055664062	21.817859649658203	7.432729244232178	0.9999999403953552	1.0	2.42868709564209	6.390096187591553	7.432729244232178	21.817859649658203
3	1	49	0	1	16	22	6	32	32	20	32	1	1.7471507787704468	0.17426978051662445	0.5726701021194458	20.756336212158203	21.755064010620117	7.3996968269348145	1.0	1.0	2.329437255859375	6.919560432434082	7.3996968269348145	21.755064010620117
3	1	49	0	2	32	38	6	100	111	6f	32	0	2.9657959938049316	0.15506836771965027	0.5729318261146545	20.77254295349121	21.771278381347656	7.407618999481201	1.0	1.0	2.341517448425293	6.01947021484375	7.407618999481201	21.771278381347656
3	1	49	0	3	48	54	6	121	112	70	32	0	5.0643720626831055	0.18699567019939423	0.5714168548583984	20.678632736206055	21.677330017089844	7.360068321228027	1.0	1.0	2.905862808227539	6.696836471557617	7.360068321228027	21.677330017089844
3	1	49	0	4	64	70	6	104	111	6f	32	0	3.1230149269104004	0.16495893895626068	0.57316654920578	20.783906936645508	21.782651901245117	7.413976192474365	1.0	1.0	2.338270902633667	6.00385046005249	7.413976192474365	21.782651901245117
3	1	49	0	5	80	86	6	32	111	6f	32	0	2.9135055541992188	0.16743884980678558	0.5740393400192261	20.83930778503418	21.83806800842285	7.445296287536621	1.0	0.9999999403953552	2.3426029682159424	5.533492088317871	7.445296287536621	21.83806800842285
3	1	49	0	6	96	102	6	46	105	69	32	0	2.795691728591919	0.16204369068145752	0.5730915069580078	20.781147003173828	21.779890060424805	7.412556171417236	1.0	1.0	2.336484909057617	5.7727155685424805	7.412556171417236	21.779890060424805
3	1	49	0	7	112	118	6	116	114	72	32	0	3.060119867324829	0.17727497220039368	0.5734755992889404	20.805463790893555	21.804210662841797	7.426614284515381	1.0	1.0000001192092896	2.3352348804473877	5.780106067657471	7.426614284515381	21.804210662841797
3	1	49	0	8	128	134	6	32	32	20	32	1	1.702706217765808	0.18218982219696045	0.5744596123695374	20.866243362426758	21.86501121520996	7.459944725036621	1.0	0.9999999403953552	2.3415517807006836	5.475464344024658	7.459944725036621	21.86501121520996
3	1	49	0	9	144	150	6	102	103	67	32	0	4.565903663635254	0.17923273146152496	0.5732380151748657	20.7901554107666	21.788902282714844	7.417555332183838	0.9999998807907104	1.0	2.3359029293060303	5.793123722076416	7.417555332183838	21.788902282714844
3	1	49	0	10	160	166	6	104	68	44	32	0	7.504945755004883	0.17292460799217224	0.5731527209281921	20.7836856842041	21.782428741455078	7.413911819458008	1.0	0.9999999403953552	2.331578254699707	6.066812992095947	7.413911819458008	21.782428741455078
3	1	49	0	11	176	182	6	45	100	64	32	0	3.663882255554199	0.1899450719356537	0.5728899240493774	20.768957138061523	21.76769256591797	7.406487464904785	0.9999999403953552	1.0	2.336092472076416	5.829138278961182	7.406487464904785	21.76769256591797
3	1	49	0	12	192	198	6	100	116	74	32	0	2.595378875732422	0.1898188591003418	0.5730251669883728	20.777141571044922	21.775880813598633	7.410122871398926	1.0	0.9999999403953552	2.3379716873168945	5.761733531951904	7.410122871398926	21.775880813598633
3	1	49	0	13	208	214	6	147	84	54	32	0	5.487301826477051	0.19005882740020752	0.5728853344917297	20.768558502197266	21.76729393005371	7.405992031097412	1.0	1.0	2.3437857627868652	5.63733434677124	7.405992031097412	21.76729393005371
3	1	49	0	14	224	230	6	97	103	67	32	0	4.160562038421631	0.2231883406639099	0.5756205320358276	20.93939781188965	21.938180923461914	7.498923301696777	1.0	0.9999999403953552	2.901031970977783	8.13546371459961	7.498923301696777	21.938180923461914
3	1	49	0	15	240	246	6	32	32	20	32	1	1.6624395847320557	0.1896757036447525	0.5744367241859436	20.864309310913086	21.86307716369629	7.458662509918213	1.0	0.9999998807907104	2.332704782485962	6.090246677398682	7.458662509918213	21.86307716369629
3	2	50	0	0	0	5	5	116	111	6f	32	0	3.3826370239257812	0.20812620222568512	0.5732061862945557	20.796573638916016	21.795305252075195	7.421275615692139	1.0	1.0	2.422306537628174	6.843400955200195	7.421275615692139	21.795305252075195
3	2	50	0	1	16	21	5	99	108	6c	32	0	4.050447463989258	0.17766819894313812	0.5720770955085754	20.750329971313477	21.748979568481445	7.400065898895264	1.0	1.0	2.3514256477355957	5.911614894866943	7.400065898895264	21.748979568481445
3	2	50	0	2	32	37	5	115	115	73	32	0	3.1930274963378906	0.1809442639350891	0.5715273022651672	20.69919776916504	21.6978702545166	7.36826753616333	1.0	1.0	2.320847988128662	6.778252124786377	7.36826753616333	21.6978702545166
3	2	50	0	3	48	53	5	111	97	61	32	0	2.765695095062256	0.1732509434223175	0.5788518786430359	21.143672943115234	22.142498016357422	7.609883785247803	1.0000001192092896	1.0	2.916998863220215	7.714962482452393	7.609883785247803	22.142498016357422
3	2	50	0	4	64	69	5	111	32	20	32	1	1.6520674228668213	0.1916532665491104	0.5764070153236389	20.989774703979492	21.988571166992188	7.522624492645264	1.0	1.0	2.9120066165924072	7.378244400024414	7.522624492645264	21.988571166992188
3	2	50	0	5	80	85	5	103	103	67	32	0	4.701682090759277	0.17036928236484528	0.5716139078140259	20.714340209960938	21.712993621826172	7.3808088302612305	0.9999999403953552	0.9999998807907104	2.320113182067871	6.249697208404541	7.3808088302612305	21.712993621826172
3	2	50	0	6	96	101	5	99	115	73	32	0	3.0351319313049316	0.17669279873371124	0.571672260761261	20.71548843383789	21.714147567749023	7.3794026374816895	1.0	1.0	2.3236937522888184	6.04152250289917	7.3794026374816895	21.714147567749023
3	2	50	0	7	112	117	5	87	107	6b	32	0	5.783533096313477	0.1831304132938385	0.5716913938522339	20.70886993408203	21.707548141479492	7.372866630554199	0.9999998807907104	1.0	2.3291702270507812	5.9462080001831055	7.372866630554199	21.707548141479492
3	2	50	0	8	128	133	5	110	105	69	32	0	2.807159185409546	0.17444413900375366	0.5716484785079956	20.719364166259766	21.718008041381836	7.3832550048828125	0.9999999403953552	0.9999999403953552	2.330427885055542	6.004206657409668	7.3832550048828125	21.718008041381836
3	2	50	0	9	144	149	5	99	122	7a	32	0	7.056265830993652	0.17522786557674408	0.5717695355415344	20.722606658935547	21.721267700195312	7.383292198181152	1.0	0.9999998807907104	2.3335485458374023	5.68558931350708	7.383292198181152	21.721267700195312
3	2	50	0	10	160	165	5	104	104	68	32	0	3.1792478561401367	0.19047442078590393	0.5719906687736511	20.720003128051758	21.718706130981445	7.373575210571289	1.0	1.0	2.3382980823516846	5.352698802947998	7.373575210571289	21.718706130981445
3	2	50	0	11	176	181	5	32	114	72	32	0	3.199185848236084	0.19381511211395264	0.5758501887321472	20.955934524536133	21.954723358154297	7.506049156188965	1.0	0.9999998807907104	2.3350412845611572	5.623554229736328	7.506049156188965	21.954723358154297
3	2	50	0	12	192	197	5	116	117	75	32	0	3.9077725410461426	0.17903542518615723	0.5723820328712463	20.748830795288086	21.747533798217773	7.395871162414551	1.0	1.0	2.3329858779907227	5.6751227378845215	7.395871162414551	21.747533798217773
3	2	50	0	13	208	213	5	114	32	20	32	1	1.6749329566955566	0.187320739030838	0.5715863108634949	20.712520599365234	21.711172103881836	7.3792195320129395	1.0	1.0	2.329454183578491	5.908912181854248	7.3792195320129395	21.711172103881836
3	2	50	0	14	224	229	5	115	101	65	32	0	2.238027811050415	0.18985521793365479	0.5718587636947632	20.728591918945312	21.727256774902344	7.38594913482666	0.9999999403953552	1.0	2.3295607566833496	5.776321887969971	7.38594913482666	21.727256774902344
3	2	50	0	15	240	245	5	32	103	67	32	0	4.576583385467529	0.1775033175945282	0.5742404460906982	20.85562515258789	21.85438346862793	7.4518842697143555	1.0	0.9999999403953552	2.326510190963745	5.920107841491699	7.4518842697143555	21.85438346862793
3	2	50	0	0	0	6	6	116	102	66	32	0	3.828223943710327	0.20387020707130432	0.573982834815979	20.83692169189453	21.83568000793457	7.443830966949463	1.0	0.9999998807907104	2.425783157348633	6.795601844787598	7.443830966949463	21.83568000793457
3	2	50	0	1	16	22	6	99	101	65	32	0	2.0568089485168457	0.17770302295684814	0.5729125142097473	20.773536682128906	21.772266387939453	7.407696723937988	1.0	0.9999999403953552	2.3565306663513184	5.760076999664307	7.407696723937988	21.772266387939453
3	2	50	0	2	32	38	6	115	32	20	32	1	1.7311069965362549	0.17708826065063477	0.5728809237480164	20.76848030090332	21.767215728759766	7.405823707580566	0.9999998807907104	1.0	2.3266208171844482	6.7166666984558105	7.405823707580566	21.767215728759766
3	2	50	0	3	48	54	6	111	110	6e	32	0	3.0053133964538574	0.17274346947669983	0.5767720341682434	21.011220932006836	22.01002311706543	7.539501190185547	1.0	0.9999998807907104	2.911057472229004	7.642991542816162	7.539501190185547	22.01002311706543
3	2	50	0	4	64	70	6	111	105	69	32	0	2.891878604888916	0.1842271089553833	0.5756469964981079	20.94008445739746	21.938871383666992	7.499996185302734	1.0	1.0	2.913708448410034	7.156528472900391	7.499996185302734	21.938871383666992
3	2	50	0	5	80	86	6	103	32	20	32	1	1.774794340133667	0.16951830685138702	0.572759747505188	20.7629337310791	21.76166343688965	7.402942657470703	1.0	0.9999998807907104	2.32269024848938	6.169253349304199	7.402942657470703	21.76166343688965
3	2	50	0	6	96	102	6	99	109	6d	32	0	3.7140889167785645	0.17588163912296295	0.5728545188903809	20.768306732177734	21.767040252685547	7.4055256843566895	1.0	1.0	2.327296495437622	5.936762809753418	7.4055256843566895	21.767040252685547
3	2	50	0	7	112	118	6	87	32	20	32	1	1.7272522449493408	0.17777220904827118	0.5729576349258423	20.773086547851562	21.771825790405273	7.408318519592285	1.0	0.9999998807907104	2.3310554027557373	5.916708946228027	7.408318519592285	21.771825790405273
3	2	50	0	8	128	134	6	110	110	6e	32	0	3.3047609329223633	0.1759968101978302	0.5726587772369385	20.75673484802246	21.755462646484375	7.399323463439941	0.9999999403953552	1.0	2.333913803100586	5.895184516906738	7.399323463439941	21.755462646484375
3	2	50	0	9	144	150	6	99	32	20	32	1	1.7210577726364136	0.1788768321275711	0.572883129119873	20.77022933959961	21.768964767456055	7.406466484069824	1.0	1.0	2.3370513916015625	5.628170013427734	7.406466484069824	21.768964767456055
3	2	50	0	10	160	166	6	104	101	65	32	0	2.1762993335723877	0.1930903196334839	0.5731538534164429	20.783462524414062	21.782207489013672	7.413758754730225	0.9999998807907104	1.0	2.341270923614502	5.352567672729492	7.413758754730225	21.782207489013672
3	2	50	0	11	176	182	6	32	121	79	32	0	4.910619735717773	0.19265197217464447	0.5754789710044861	20.930213928222656	21.928997039794922	7.4945454597473145	1.0	0.9999998807907104	2.337493419647217	5.603314399719238	7.4945454597473145	21.928997039794922
3	2	50	0	12	192	198	6	116	114	72	32	0	3.1015875339508057	0.1805322915315628	0.5734637975692749	20.804819107055664	21.803565979003906	7.426107406616211	1.0	1.0	2.3355886936187744	5.610472679138184	7.426107406616211	21.803565979003906
3	2	50	0	13	208	214	6	114	105	69	32	0	2.934465169906616	0.1884784698486328	0.5727234482765198	20.760467529296875	21.759197235107422	7.401483058929443	0.9999999403953552	0.9999998807907104	2.3314080238342285	5.825046539306641	7.401483058929443	21.759197235107422
3	2	50	0	14	224	230	6	115	118	76	32	0	4.571685791015625	0.19219529628753662	0.5728926658630371	20.77057647705078	21.769311904907227	7.406396865844727	0.9999998807907104	1.0	2.330570697784424	5.761115550994873	7.406396865844727	21.769311904907227
3	2	50	0	15	240	246	6	32	105	69	32	0	2.7928199768066406	0.17502130568027496	0.5746955871582031	20.881072998046875	21.879844665527344	7.467820644378662	0.9999998807907104	0.9999998807907104	2.327601432800293	5.914248466491699	7.467820644378662	21.879844665527344
3	3	51	0	0	0	5	5	32	56	38	101	0	6.753582000732422	0.1795746386051178	0.5713225603103638	20.694602966308594	21.693246841430664	7.370188236236572	0.9999999403953552	1.0	2.420419931411743	6.1227922439575195	7.370188236236572	21.693246841430664
3	3	51	0	1	16	21	5	53	64	40	32	0	3.576519012451172	0.2240186333656311	0.5717808604240417	20.710697174072266	21.709386825561523	7.372147560119629	0.9999999403953552	1.0	2.3578059673309326	6.685385227203369	7.372147560119629	21.709386825561523
3	3	51	0	2	32	37	5	101	32	20	32	1	1.5115606784820557	0.22056548297405243	0.5717270970344543	20.725444793701172	21.724088668823242	7.387112140655518	1.0	1.0	2.3423328399658203	7.141495704650879	7.387112140655518	21.724088668823242
3	3	51	0	3	48	53	5	86	110	6e	32	0	3.7866880893707275	0.22274337708950043	0.5717289447784424	20.711318969726562	21.709999084472656	7.3728108406066895	1.0	1.0	2.3521547317504883	6.152650356292725	7.3728108406066895	21.709999084472656
3	3	51	0	4	64	69	5	32	48	30	32	0	5.843139171600342	0.21611033380031586	0.5723888874053955	20.733963012695312	21.732694625854492	7.385091304779053	0.9999998807907104	1.0	2.350496292114258	5.664849758148193	7.385091304779053	21.732694625854492
3	3	51	0	5	80	85	5	116	115	73	32	0	3.334683418273926	0.22853483259677887	0.5719894170761108	20.724205017089844	21.722900390625	7.383453369140625	1.0	0.9999999403953552	2.3431756496429443	6.392845630645752	7.383453369140625	21.722900390625
3	3	51	0	6	96	101	5	108	32	20	32	1	1.5128213167190552	0.22028759121894836	0.5709335803985596	20.65941047668457	21.658069610595703	7.346260070800781	1.0	1.0	2.3375978469848633	6.0014238357543945	7.346260070800781	21.658069610595703
3	3	51	0	7	112	117	5	116	111	6f	32	0	3.009263038635254	0.21579542756080627	0.5720610618591309	20.727933883666992	21.72663116455078	7.384984493255615	0.9999998807907104	1.0	2.3395636081695557	5.85692024230957	7.384984493255615	21.72663116455078
3	3	51	0	8	128	133	5	101	32	20	32	1	1.5533307790756226	0.21154220402240753	0.5716886520385742	20.722333908081055	21.720979690551758	7.385328769683838	0.9999999403953552	1.0	2.344207286834717	5.818395614624023	7.385328769683838	21.720979690551758
3	3	51	0	9	144	149	5	112	110	6e	32	0	3.3484227657318115	0.21442390978336334	0.5716804265975952	20.69902992248535	21.697729110717773	7.362891674041748	1.0	0.9999999403953552	2.344783306121826	5.7531633377075195	7.362891674041748	21.697729110717773
3	3	51	0	10	160	165	5	61	101	65	32	0	2.374119758605957	0.21187500655651093	0.5715284943580627	20.69734001159668	21.696016311645508	7.36579704284668	0.9999999403953552	0.9999999403953552	2.344069242477417	5.842617511749268	7.36579704284668	21.696016311645508
3	3	51	0	11	176	181	5	32	114	72	32	0	3.2752084732055664	0.2091040313243866	0.5741438865661621	20.847665786743164	21.84642791748047	7.446654319763184	0.9999998807907104	0.9999998807907104	2.347416400909424	5.951276779174805	7.446654319763184	21.84642791748047
3	3	51	0	12	192	197	5	61	32	20	32	1	1.495478630065918	0.22414128482341766	0.5715339183807373	20.697185516357422	21.695863723754883	7.3653645515441895	1.0	0.9999999403953552	2.3498129844665527	5.6463141441345215	7.3653645515441895	21.695863723754883
3	3	51	0	13	208	213	5	32	97	61	32	0	2.980849266052246	0.21073144674301147	0.5724397897720337	20.736949920654297	21.73568344116211	7.386758327484131	1.0	0.9999999403953552	2.3418188095092773	5.965503215789795	7.386758327484131	21.73568344116211
3	3	51	0	14	224	229	5	32	10	0a	32	0	3.6054115295410156	0.22307716310024261	0.5751886963844299	20.911104202270508	21.909887313842773	7.481156826019287	0.9999999403953552	1.0000001192092896	2.3451547622680664	5.951133728027344	7.481156826019287	21.909887313842773
3	3	51	0	15	240	245	5	109	116	74	32	0	3.0074315071105957	0.22519581019878387	0.5719209313392639	20.736833572387695	21.735488891601562	7.392552375793457	1.0	0.9999998807907104	2.34185791015625	6.210901737213135	7.392552375793457	21.735488891601562
3	3	51	0	0	0	6	6	32	32	20	101	0	1.8008939027786255	0.18063496053218842	0.572597324848175	20.752439498901367	21.75116539001465	7.39751672744751	1.0	1.0	2.4211084842681885	6.009115219116211	7.39751672744751	21.75116539001465
3	3	51	0	1	16	22	6	53	32	20	32	1	1.4869073629379272	0.22607074677944183	0.5730844140052795	20.780349731445312	21.779090881347656	7.412228107452393	1.0	0.9999999403953552	2.366147756576538	6.6193528175354	7.412228107452393	21.779090881347656
3	3	51	0	2	32	38	6	101	50	32	32	0	5.521483898162842	0.22735129296779633	0.5726814270019531	20.758394241333008	21.757123947143555	7.400241374969482	1.0	0.9999998807907104	2.346874237060547	7.1058573722839355	7.400241374969482	21.757123947143555
3	3	51	0	3	48	54	6	86	32	20	32	1	1.4831581115722656	0.22691990435123444	0.5729520320892334	20.772533416748047	21.771272659301758	7.407707691192627	0.9999998807907104	1.0	2.3572885990142822	6.112149238586426	7.407707691192627	21.771272659301758
3	3	51	0	4	64	70	6	32	48	30	32	0	5.911762714385986	0.20928499102592468	0.5739246606826782	20.8319034576416	21.830659866333008	7.441342830657959	1.0	0.9999999403953552	2.3553876876831055	5.634332656860352	7.441342830657959	21.830659866333008
3	3	51	0	5	80	86	6	116	32	20	32	1	1.4954489469528198	0.2241479456424713	0.5732676386833191	20.792644500732422	21.79138946533203	7.419730186462402	1.0	1.0	2.346065044403076	6.351132392883301	7.419730186462402	21.79138946533203
3	3	51	0	6	96	102	6	108	112	70	32	0	4.093005180358887	0.2269701212644577	0.5725894570350647	20.7497615814209	21.748491287231445	7.395936489105225	1.0	1.0	2.3422091007232666	5.9994282722473145	7.395936489105225	21.748491287231445
3	3	51	0	7	112	118	6	116	114	72	32	0	3.2586207389831543	0.2091308832168579	0.5733146667480469	20.795421600341797	21.794166564941406	7.421209335327148	0.9999999403953552	1.0000001192092896	2.343740224838257	5.768381118774414	7.421209335327148	21.794166564941406
3	3	51	0	8	128	134	6	101	102	66	32	0	3.801567792892456	0.21075600385665894	0.5726779699325562	20.758081436157227	21.756807327270508	7.400111675262451	1.0	1.0	2.3461339473724365	5.772134780883789	7.400111675262451	21.756807327270508
3	3	51	0	9	144	150	6	112	32	20	32	1	1.5485702753067017	0.21255163848400116	0.5730932354927063	20.779691696166992	21.7784366607666	7.411797523498535	1.0	0.9999999403953552	2.3490395545959473	5.726419925689697	7.411797523498535	21.7784366607666
3	3	51	0	10	160	166	6	61	100	64	32	0	3.8424887657165527	0.21274736523628235	0.572896420955658	20.768980026245117	21.767715454101562	7.406012058258057	1.0	0.9999999403953552	2.3458335399627686	5.874975681304932	7.406012058258057	21.767715454101562
3	3	51	0	11	176	182	6	32	97	61	32	0	2.9875247478485107	0.2123832404613495	0.5746777057647705	20.87956428527832	21.878337860107422	7.466973781585693	1.0	0.9999998807907104	2.3498942852020264	5.898907661437988	7.466973781585693	21.878337860107422
3	3	51	0	12	192	198	6	61	10	0a	32	0	4.500539779663086	0.22166836261749268	0.5729052424430847	20.769407272338867	21.768144607543945	7.406215667724609	1.0	1.0	2.3517253398895264	5.581972599029541	7.406215667724609	21.768144607543945
3	3	51	0	13	208	214	6	32	108	6c	32	0	3.8419599533081055	0.20773853361606598	0.5739592909812927	20.83406639099121	21.832826614379883	7.442533493041992	0.9999998807907104	1.0	2.3452372550964355	5.950300693511963	7.442533493041992	21.832826614379883
3	3	51	0	14	224	230	6	32	10	0a	32	0	3.610085964202881	0.22656302154064178	0.5752442479133606	20.915016174316406	21.913799285888672	7.48644495010376	0.9999998807907104	0.9999998807907104	2.3470168113708496	5.948246002197266	7.48644495010376	21.913799285888672
3	3	51	0	15	240	246	6	109	104	68	32	0	3.767760753631592	0.2242412269115448	0.5728354454040527	20.76791763305664	21.76664924621582	7.4051594734191895	1.0	1.0	2.3437883853912354	6.118507385253906	7.4051594734191895	21.76664924621582
3	4	52	0	0	0	5	5	97	97	61	32	0	2.497875213623047	0.21806199848651886	0.5728172659873962	20.778337478637695	21.777048110961914	7.409538745880127	1.0	1.0000001192092896	2.420060396194458	6.430152416229248	7.409538745880127	21.777048110961914
3	4	52	0	1	16	21	5	32	100	64	32	0	3.7960848808288574	0.17347615957260132	0.5712379217147827	20.681623458862305	21.680286407470703	7.362318515777588	0.9999999403953552	1.0	2.323878049850464	6.940487861633301	7.362318515777588	21.680286407470703
3	4	52	0	2	32	37	5	101	115	73	32	0	3.0750856399536133	0.16026954352855682	0.5714480876922607	20.702219009399414	21.700870513916016	7.373776435852051	0.9999998807907104	1.0	2.3202719688415527	6.636810779571533	7.373776435852051	21.700870513916016
3	4	52	0	3	48	53	5	110	109	6d	32	0	3.741689682006836	0.1705181896686554	0.5716466903686523	20.718908309936523	21.717554092407227	7.3830366134643555	1.0	1.0	2.3238682746887207	6.811744689941406	7.3830366134643555	21.717554092407227
3	4	52	0	4	64	69	5	99	102	66	32	0	3.7636656761169434	0.18596869707107544	0.571819007396698	20.726011276245117	21.724672317504883	7.385157585144043	1.0	1.0	2.3236424922943115	6.669281482696533	7.385157585144043	21.724672317504883
3	4	52	0	5	80	85	5	101	110	6e	32	0	3.3733432292938232	0.16855350136756897	0.5715252757072449	20.708742141723633	21.70738983154297	7.377467155456543	1.0	0.9999998807907104	2.3213558197021484	6.50450325012207	7.377467155456543	21.70738983154297
3	4	52	0	6	96	101	5	116	110	6e	32	0	3.1571433544158936	0.16576142609119415	0.5724530220031738	20.753572463989258	21.75227928161621	7.398453712463379	1.0	1.0	2.3246917724609375	6.3951873779296875	7.398453712463379	21.75227928161621
3	4	52	0	7	112	117	5	68	103	67	32	0	4.83864164352417	0.1687702089548111	0.5714335441589355	20.688322067260742	21.687002182006836	7.3603973388671875	1.0	0.9999998807907104	2.3215181827545166	6.207762718200684	7.3603973388671875	21.687002182006836
3	4	52	0	8	128	133	5	110	114	72	32	0	3.153829574584961	0.1798533797264099	0.5717123746871948	20.724462509155273	21.723106384277344	7.386510848999023	0.9999999403953552	1.0	2.3247454166412354	6.061999320983887	7.386510848999023	21.723106384277344
3	4	52	0	9	144	149	5	102	108	6c	32	0	3.770524501800537	0.16397486627101898	0.5720029473304749	20.72346305847168	21.72216033935547	7.379460334777832	1.0	1.0	2.327136993408203	5.950748443603516	7.379460334777832	21.72216033935547
3	4	52	0	10	160	165	5	32	114	72	32	0	3.0959930419921875	0.16822439432144165	0.5712200403213501	20.671667098999023	21.67034912109375	7.353646755218506	1.0	1.0	2.3270959854125977	6.199667930603027	7.353646755218506	21.67034912109375
3	4	52	0	11	176	181	5	116	108	6c	32	0	3.684657096862793	0.16892439126968384	0.5722687244415283	20.742116928100586	21.74081802368164	7.392586708068848	1.0	0.9999998807907104	2.320620059967041	6.513195514678955	7.392586708068848	21.74081802368164
3	4	52	0	12	192	197	5	108	116	74	32	0	2.727261543273926	0.18709124624729156	0.5707237124443054	20.643157958984375	21.641817092895508	7.336945056915283	1.0	1.0	2.3242952823638916	6.361747741699219	7.336945056915283	21.641817092895508
3	4	52	0	13	208	213	5	108	100	64	32	0	3.3702495098114014	0.18763841688632965	0.5707095861434937	20.643003463745117	21.641660690307617	7.337346076965332	1.0	1.0	2.3256328105926514	6.281500339508057	7.337346076965332	21.641660690307617
3	4	52	0	14	224	229	5	32	104	68	32	0	3.3428525924682617	0.16800157725811005	0.5721495151519775	20.721830368041992	21.720552444458008	7.379463195800781	1.0	1.0	2.3247740268707275	6.221696853637695	7.379463195800781	21.720552444458008
3	4	52	0	15	240	245	5	102	32	20	32	1	1.6974409818649292	0.18315161764621735	0.5721079707145691	20.728946685791016	21.727649688720703	7.381757736206055	0.9999999403953552	1.0	2.319216728210449	6.501803398132324	7.381757736206055	21.727649688720703
3	4	52	0	0	0	6	6	97	115	73	32	0	2.9052045345306396	0.21487855911254883	0.5736897587776184	20.819107055664062	21.817859649658203	7.432729244232178	0.9999999403953552	1.0	2.42868709564209	6.390096187591553	7.432729244232178	21.817859649658203
3	4	52	0	1	16	22	6	32	32	20	32	1	1.7882883548736572	0.16724619269371033	0.5727747678756714	20.762584686279297	21.76131820678711	7.403458595275879	1.0	1.0	2.330392837524414	6.804777145385742	7.403458595275879	21.76131820678711
3	4	52	0	2	32	38	6	101	98	62	32	0	4.776656150817871	0.1645766645669937	0.5726680755615234	20.75674819946289	21.755477905273438	7.399721145629883	1.0	0.9999999403953552	2.3255066871643066	6.652240753173828	7.399721145629883	21.755477905273438
3	4	52	0	3	48	54	6	110	97	61	32	0	2.664130687713623	0.16654835641384125	0.5726721286773682	20.757553100585938	21.75627899169922	7.39978551864624	1.0	0.9999998807907104	2.3267061710357666	6.747898578643799	7.39978551864624	21.75627899169922
3	4	52	0	4	64	70	6	99	97	61	32	0	2.815262794494629	0.19156068563461304	0.572909951210022	20.771976470947266	21.770709991455078	7.4073662757873535	1.0	1.0	2.3277487754821777	6.465122222900391	7.4073662757873535	21.770709991455078
3	4	52	0	5	80	86	6	101	32	20	32	1	1.7872616052627563	0.1674180030822754	0.5726664066314697	20.756866455078125	21.75559425354004	7.399668216705322	1.0	1.0	2.3236072063446045	6.469008445739746	7.399668216705322	21.75559425354004
3	4	52	0	6	96	102	6	116	111	6f	32	0	2.9609320163726807	0.16494262218475342	0.5734953880310059	20.80685043334961	21.80559730529785	7.427176475524902	1.0	1.0000001192092896	2.3273696899414062	6.380665302276611	7.427176475524902	21.80559730529785
3	4	52	0	7	112	118	6	68	32	20	32	1	1.7642630338668823	0.17131298780441284	0.5729003548622131	20.768714904785156	21.7674503326416	7.406091690063477	1.0	0.9999999403953552	2.3243637084960938	6.178936004638672	7.406091690063477	21.7674503326416
3	4	52	0	8	128	134	6	110	110	6e	32	0	3.2367382049560547	0.17775851488113403	0.5726792216300964	20.758251190185547	21.756980895996094	7.400134086608887	0.9999998807907104	0.9999999403953552	2.3270349502563477	6.03904914855957	7.400134086608887	21.756980895996094
3	4	52	0	9	144	150	6	102	116	74	32	0	2.712057590484619	0.16273313760757446	0.5732685327529907	20.791906356811523	21.790651321411133	7.418581485748291	1.0	1.0	2.3303654193878174	5.946831703186035	7.418581485748291	21.790651321411133
3	4	52	0	10	160	166	6	32	110	6e	32	0	3.1556568145751953	0.1678132712841034	0.5729962587356567	20.775001525878906	21.773740768432617	7.4101080894470215	1.0	1.0	2.3292605876922607	6.1257452964782715	7.4101080894470215	21.773740768432617
3	4	52	0	11	176	182	6	116	108	6c	32	0	3.695478916168213	0.1692897528409958	0.5733996629714966	20.80089569091797	21.79964256286621	7.4240193367004395	1.0	1.0	2.322950601577759	6.465084075927734	7.4240193367004395	21.79964256286621
3	4	52	0	12	192	198	6	108	104	68	32	0	3.4663703441619873	0.18764126300811768	0.5725389122962952	20.746109008789062	21.74483871459961	7.394163608551025	0.9999999403953552	0.9999999403953552	2.328510284423828	6.265801906585693	7.394163608551025	21.74483871459961
3	4	52	0	13	208	214	6	108	32	20	32	1	1.6847796440124512	0.18548528850078583	0.5725176334381104	20.74494743347168	21.743677139282227	7.393585681915283	1.0	1.0	2.3282551765441895	6.246988773345947	7.393585681915283	21.743677139282227
3	4	52	0	14	224	230	6	32	101	65	32	0	2.2670555114746094	0.16938236355781555	0.5737256407737732	20.81982421875	21.818578720092773	7.434780120849609	0.9999998807907104	1.0	2.3262321949005127	6.215165138244629	7.434780120849609	21.818578720092773
3	4	52	0	15	240	246	6	102	81	51	32	0	10.969806671142578	0.1817290037870407	0.5733442306518555	20.796422958374023	21.795169830322266	7.420970916748047	1.0	1.0	2.3227579593658447	6.412418842315674	7.420970916748047	21.795169830322266
3	5	53	0	0	0	5	5	108	111	6f	32	0	3.4391300678253174	0.19781924784183502	0.5711842775344849	20.655548095703125	21.65425682067871	7.334009170532227	1.0000001192092896	0.9999999403953552	2.4423582553863525	6.34975004196167	7.334009170532227	21.65425682067871
3	5	53	0	1	16	21	5	32	111	6f	32	0	2.8778812885284424	0.16551145911216736	0.5709023475646973	20.665573120117188	21.66421127319336	7.355526447296143	0.9999999403953552	1.0	2.33840274810791	6.345256805419922	7.355526447296143	21.66421127319336
3	5	53	0	2	32	37	5	32	101	65	32	0	1.9805340766906738	0.1650380939245224	0.570783793926239	20.652389526367188	21.651037216186523	7.346800804138184	1.0	0.9999999403953552	2.321951389312744	6.84480094909668	7.346800804138184	21.651037216186523
3	5	53	0	3	48	53	5	112	46	2e	32	0	4.877175807952881	0.18165670335292816	0.5716503262519836	20.697124481201172	21.69582176208496	7.3624958992004395	1.0	1.0	2.3192362785339355	7.015470504760742	7.3624958992004395	21.69582176208496
3	5	53	0	4	64	69	5	101	114	72	32	0	3.163208484649658	0.1802351325750351	0.5714923739433289	20.706764221191406	21.70541000366211	7.3763532638549805	1.0	0.9999998807907104	2.316373586654663	7.004263401031494	7.3763532638549805	21.70541000366211
3	5	53	0	5	80	85	5	101	44	2c	32	0	4.727675437927246	0.1706748902797699	0.5714499354362488	20.7030086517334	21.701658248901367	7.374229431152344	1.0	1.0	2.3197004795074463	6.608175754547119	7.374229431152344	21.701658248901367
3	5	53	0	6	96	101	5	115	116	74	32	0	2.6312804222106934	0.16782644391059875	0.5716243982315063	20.709976196289062	21.708641052246094	7.37508487701416	0.9999999403953552	1.0	2.314371347427368	6.896425247192383	7.37508487701416	21.708641052246094
3	5	53	0	7	112	117	5	101	32	20	32	1	1.753474473953247	0.17317120730876923	0.5714927315711975	20.705764770507812	21.70441436767578	7.3756279945373535	0.9999999403953552	1.0	2.312242031097412	6.869451999664307	7.3756279945373535	21.70441436767578
3	5	53	0	8	128	133	5	32	116	74	32	0	2.6444411277770996	0.18598215281963348	0.5719910860061646	20.71078109741211	21.709501266479492	7.373984336853027	1.0	0.9999999403953552	2.317120313644409	6.413553237915039	7.373984336853027	21.709501266479492
3	5	53	0	9	144	149	5	102	111	6f	32	0	2.879192590713501	0.1820334494113922	0.5717220902442932	20.70728302001953	21.705968856811523	7.3716654777526855	0.9999998807907104	0.9999999403953552	2.322887659072876	6.303354263305664	7.3716654777526855	21.705968856811523
3	5	53	0	10	160	165	5	32	121	79	32	0	5.032174110412598	0.18540439009666443	0.5723918080329895	20.734464645385742	21.733198165893555	7.385764122009277	1.0	1.0	2.317540168762207	6.5798258781433105	7.385764122009277	21.733198165893555
3	5	53	0	11	176	181	5	100	101	65	32	0	2.220039129257202	0.21409082412719727	0.5717908143997192	20.717557907104492	21.71623420715332	7.377613067626953	1.0	1.0	2.3186557292938232	6.67498779296875	7.377613067626953	21.71623420715332
3	5	53	0	12	192	197	5	107	111	6f	32	0	2.9516687393188477	0.19962365925312042	0.5719660520553589	20.720609664916992	21.71930694580078	7.377593517303467	0.9999999403953552	0.9999999403953552	2.3217718601226807	6.497411727905273	7.377593517303467	21.71930694580078
3	5	53	0	13	208	213	5	104	111	6f	32	0	2.959456443786621	0.19843259453773499	0.5719490051269531	20.718006134033203	21.716703414916992	7.37324857711792	1.0	1.0000001192092896	2.315307378768921	6.863365173339844	7.37324857711792	21.716703414916992
3	5	53	0	14	224	229	5	110	101	65	32	0	2.195539712905884	0.19128350913524628	0.5717328190803528	20.724529266357422	21.72317886352539	7.386424541473389	0.9999998807907104	1.0	2.3146896362304688	6.834967136383057	7.386424541473389	21.72317886352539
3	5	53	0	15	240	245	5	46	114	72	32	0	3.2120747566223145	0.20380981266498566	0.5718436241149902	20.717676162719727	21.716360092163086	7.377286911010742	0.9999999403953552	0.9999998807907104	2.3154311180114746	6.946185111999512	7.377286911010742	21.716360092163086
3	5	53	0	0	0	6	6	108	102	66	32	0	3.9966979026794434	0.2160232961177826	0.5730231404304504	20.772916793823242	21.77166175842285	7.408347129821777	1.0	0.9999998807907104	2.445244073867798	6.375557899475098	7.408347129821777	21.77166175842285
3	5	53	0	1	16	22	6	32	110	6e	32	0	3.2725625038146973	0.1566232591867447	0.5724223256111145	20.74127197265625	21.739994049072266	7.392080307006836	1.0	0.9999999403953552	2.3475067615509033	6.194401264190674	7.392080307006836	21.739994049072266
3	5	53	0	2	32	38	6	32	114	72	32	0	3.1638197898864746	0.1668437421321869	0.5725048780441284	20.745512008666992	21.744237899780273	7.394489288330078	1.0	1.0	2.3281803131103516	6.812828063964844	7.394489288330078	21.744237899780273
3	5	53	0	3	48	54	6	112	32	20	32	1	1.6922134160995483	0.1841115653514862	0.5730875730514526	20.779455184936523	21.7781982421875	7.411833763122559	1.0	1.0	2.324187755584717	6.992796421051025	7.411833763122559	21.7781982421875
3	5	53	0	4	64	70	6	101	105	69	32	0	2.7940049171447754	0.18382641673088074	0.5726425051689148	20.7553653717041	21.754093170166016	7.398845195770264	0.9999999403953552	1.0	2.320868730545044	6.846745014190674	7.398845195770264	21.754093170166016
3	5	53	0	5	80	86	6	101	32	20	32	1	1.7738975286483765	0.16967040300369263	0.5726458430290222	20.755422592163086	21.754152297973633	7.3989644050598145	0.9999998807907104	1.0	2.323425769805908	6.532210350036621	7.3989644050598145	21.754152297973633
3	5	53	0	6	96	102	6	115	111	6f	32	0	2.8753509521484375	0.16761203110218048	0.5728317499160767	20.766117095947266	21.764850616455078	7.404277801513672	1.0	1.0	2.314460039138794	6.878334045410156	7.404277801513672	21.764850616455078
3	5	53	0	7	112	118	6	101	109	6d	32	0	3.654531478881836	0.18014006316661835	0.572670578956604	20.756977081298828	21.755704879760742	7.3997626304626465	1.0	1.0	2.315208911895752	6.7718119621276855	7.3997626304626465	21.755704879760742
3	5	53	0	8	128	134	6	32	104	68	32	0	3.3506674766540527	0.18141154944896698	0.5736936926841736	20.81781768798828	21.816572189331055	7.433884143829346	0.9999999403953552	1.0000001192092896	2.3200607299804688	6.400492191314697	7.433884143829346	21.816572189331055
3	5	53	0	9	144	150	6	102	110	6e	32	0	3.1606674194335938	0.18550659716129303	0.5730798840522766	20.780345916748047	21.77908706665039	7.412455081939697	1.0	1.0	2.325146198272705	6.2536187171936035	7.412455081939697	21.77908706665039
3	5	53	0	10	160	166	6	32	101	65	32	0	2.1106674671173096	0.18465018272399902	0.5739272832870483	20.83218002319336	21.8309383392334	7.441542148590088	0.9999999403953552	1.0	2.3185577392578125	6.582289218902588	7.441542148590088	21.8309383392334
3	5	53	0	11	176	182	6	100	32	20	32	1	1.5501679182052612	0.21221233904361725	0.572991132736206	20.775583267211914	21.774322509765625	7.4092698097229	0.9999999403953552	0.9999999403953552	2.3206305503845215	6.633063793182373	7.4092698097229	21.774322509765625
3	5	53	0	12	192	198	6	107	117	75	32	0	3.9133381843566895	0.19629043340682983	0.5732263326644897	20.789081573486328	21.787826538085938	7.417159557342529	0.9999999403953552	0.9999999403953552	2.3240597248077393	6.431868553161621	7.417159557342529	21.787826538085938
3	5	53	0	13	208	214	6	104	102	66	32	0	3.6918492317199707	0.1980256587266922	0.5731381177902222	20.782699584960938	21.781444549560547	7.413427829742432	1.0	0.9999998807907104	2.315930128097534	6.897587299346924	7.413427829742432	21.781444549560547
3	5	53	0	14	224	230	6	110	100	64	32	0	3.466740369796753	0.1930869072675705	0.5727276802062988	20.761152267456055	21.7598819732666	7.40178108215332	0.9999999403953552	0.9999999403953552	2.315882921218872	6.776235580444336	7.40178108215332	21.7598819732666
3	5	53	0	15	240	246	6	46	116	74	32	0	2.642371892929077	0.19986161589622498	0.5730603337287903	20.77939796447754	21.778139114379883	7.411685943603516	1.0	1.0	2.317415475845337	6.854475498199463	7.411685943603516	21.778139114379883
3	6	54	0	0	0	5	5	100	105	69	32	0	2.6697239875793457	0.1644272804260254	0.5711790919303894	20.66579818725586	21.664485931396484	7.346485137939453	1.0	1.0	2.419189929962158	7.070719242095947	7.346485137939453	21.664485931396484
3	6	54	0	1	16	21	5	108	115	73	32	0	3.1706953048706055	0.16676636040210724	0.570933997631073	20.65528678894043	21.65395736694336	7.342511177062988	1.0	1.0	2.3400754928588867	6.095524311065674	7.342511177062988	21.65395736694336
3	6	54	0	2	32	37	5	64	45	2d	32	0	5.587238311767578	0.1820308268070221	0.5714004635810852	20.698638916015625	21.697288513183594	7.371682643890381	1.0	1.0	2.3343005180358887	7.119612216949463	7.371682643890381	21.697288513183594
3	6	54	0	3	48	53	5	115	100	64	32	0	3.6793267726898193	0.22345048189163208	0.5719670653343201	20.736602783203125	21.735265731811523	7.390914440155029	1.0	0.9999999403953552	2.3341708183288574	7.492998123168945	7.390914440155029	21.735265731811523
3	6	54	0	4	64	69	5	41	119	77	32	0	3.9606120586395264	0.21547488868236542	0.5712929964065552	20.68161392211914	21.680286407470703	7.358682632446289	1.0	0.9999999403953552	2.32279634475708	7.387917995452881	7.358682632446289	21.680286407470703
3	6	54	0	5	80	85	5	120	97	61	10	0	3.0589771270751953	0.17447438836097717	0.5715457797050476	20.704341888427734	21.703006744384766	7.373137474060059	1.0	1.0	2.3330907821655273	7.075350284576416	7.373137474060059	21.703006744384766
3	6	54	0	6	96	101	5	97	115	73	32	0	3.638209581375122	0.2290324568748474	0.5771028399467468	21.04479217529297	22.04358673095703	7.551131725311279	1.0	0.9999999403953552	2.8957197666168213	8.435553550720215	7.551131725311279	22.04358673095703
3	6	54	0	7	112	117	5	32	32	20	32	1	1.574087381362915	0.20719656348228455	0.5708939433097839	20.65500831604004	21.653671264648438	7.347653388977051	1.0	0.9999998807907104	2.3297195434570312	6.710608005523682	7.347653388977051	21.653671264648438
3	6	54	0	8	128	133	5	108	104	68	32	0	3.776331901550293	0.20855696499347687	0.5709134936332703	20.65728187561035	21.655941009521484	7.345057964324951	1.0	1.0	2.3224384784698486	6.9454755783081055	7.345057964324951	21.655941009521484
3	6	54	0	9	144	149	5	117	46	2e	32	0	5.414765357971191	0.20090307295322418	0.5715747475624084	20.69782066345215	21.696504592895508	7.367527484893799	1.0	0.9999999403953552	2.316946029663086	7.089179992675781	7.367527484893799	21.696504592895508
3	6	54	0	10	160	165	5	116	97	61	32	0	2.884727954864502	0.20671789348125458	0.5720946192741394	20.7310733795166	21.729768753051758	7.387012004852295	1.0	1.0	2.3213798999786377	7.0066986083984375	7.387012004852295	21.729768753051758
3	6	54	0	11	176	181	5	32	64	40	32	0	4.718672275543213	0.20939670503139496	0.5725678205490112	20.744977951049805	21.743715286254883	7.390993595123291	1.0	1.0	2.321939468383789	7.04325008392334	7.390993595123291	21.743715286254883
3	6	54	0	12	192	197	5	101	101	65	32	0	2.291882038116455	0.21638737618923187	0.5716490149497986	20.71875	21.717397689819336	7.383134365081787	0.9999999403953552	0.9999998807907104	2.3206820487976074	7.102143287658691	7.383134365081787	21.717397689819336
3	6	54	0	13	208	213	5	101	64	40	32	0	4.78176736831665	0.20592789351940155	0.5716122388839722	20.715835571289062	21.7144832611084	7.381479740142822	1.0	0.9999999403953552	2.3248395919799805	6.8677978515625	7.381479740142822	21.7144832611084
3	6	54	0	14	224	229	5	108	110	6e	32	0	3.486729621887207	0.23098605871200562	0.5709465742111206	20.659013748168945	21.657676696777344	7.34583044052124	1.0	1.0	2.3260371685028076	7.054194450378418	7.34583044052124	21.657676696777344
3	6	54	0	15	240	245	5	97	46	2e	32	0	4.543877601623535	0.2394704520702362	0.5768831968307495	21.028274536132812	22.027069091796875	7.542910575866699	1.0	1.0	2.8904902935028076	8.951738357543945	7.542910575866699	22.027069091796875
3	6	54	0	0	0	6	6	100	108	6c	32	0	3.8031864166259766	0.18043850362300873	0.5729108452796936	20.76830291748047	21.76704216003418	7.406102657318115	1.0	1.0	2.4377939701080322	6.6759748458862305	7.406102657318115	21.76704216003418
3	6	54	0	1	16	22	6	108	32	20	32	1	1.7553479671478271	0.17284709215164185	0.5726750493049622	20.754379272460938	21.753114700317383	7.398499965667725	0.9999999403953552	1.0	2.349884033203125	6.162949085235596	7.398499965667725	21.753114700317383
3	6	54	0	2	32	38	6	64	64	40	32	0	4.077205657958984	0.19937816262245178	0.5726636052131653	20.756370544433594	21.75510025024414	7.399507522583008	1.0	1.0	2.3382904529571533	7.15877628326416	7.399507522583008	21.75510025024414
3	6	54	0	3	48	54	6	115	32	20	32	1	1.5201281309127808	0.2186838686466217	0.572931170463562	20.77326011657715	21.77199363708496	7.407888889312744	1.0	1.0	2.3375649452209473	7.353066921234131	7.407888889312744	21.77199363708496
3	6	54	0	4	64	70	6	41	104	68	32	0	3.6043601036071777	0.2050321400165558	0.5728322267532349	20.765119552612305	21.76385498046875	7.404294967651367	0.9999998807907104	0.9999999403953552	2.326516628265381	7.2328290939331055	7.404294967651367	21.76385498046875
3	6	54	0	5	80	86	6	120	32	20	10	0	1.842936635017395	0.18286046385765076	0.5728231072425842	20.765731811523438	21.76446533203125	7.4044718742370605	1.0	0.9999999403953552	2.335901975631714	7.009680271148682	7.4044718742370605	21.76446533203125
3	6	54	0	6	96	102	6	97	105	69	32	0	2.9937124252319336	0.22764818370342255	0.5755516290664673	20.934892654418945	21.93367576599121	7.496603965759277	0.9999999403953552	0.9999998807907104	2.894883155822754	8.335223197937012	7.496603965759277	21.93367576599121
3	6	54	0	7	112	118	6	32	110	6e	32	0	3.647839069366455	0.20075204968452454	0.5727086067199707	20.757770538330078	21.756502151489258	7.401310920715332	1.0	1.0	2.3327829837799072	6.6621270179748535	7.401310920715332	21.756502151489258
3	6	54	0	8	128	134	6	108	32	20	32	1	1.5850275754928589	0.20494213700294495	0.5725982189178467	20.750200271606445	21.748929977416992	7.396260738372803	1.0	1.0	2.3251020908355713	6.918867588043213	7.396260738372803	21.748929977416992
3	6	54	0	9	144	150	6	117	32	20	32	1	1.614304542541504	0.19902902841567993	0.5730404853820801	20.77808380126953	21.776824951171875	7.411446571350098	1.0	0.9999999403953552	2.319563627243042	7.060088634490967	7.411446571350098	21.776824951171875
3	6	54	0	10	160	166	6	116	114	72	32	0	3.216524124145508	0.20154671370983124	0.5733152031898499	20.795642852783203	21.794387817382812	7.42128849029541	1.0	1.0	2.3239622116088867	6.972023963928223	7.42128849029541	21.794387817382812
3	6	54	0	11	176	182	6	32	32	20	32	1	1.5959123373031616	0.20272348821163177	0.5740222930908203	20.838016510009766	21.836776733398438	7.444655418395996	0.9999999403953552	0.9999999403953552	2.3240504264831543	6.98781156539917	7.444655418395996	21.836776733398438
3	6	54	0	12	192	198	6	101	32	20	32	1	1.5269113779067993	0.2172054946422577	0.5726813673973083	20.75811767578125	21.756847381591797	7.4001784324646	1.0	1.0	2.3207952976226807	7.094751358032227	7.4001784324646	21.756847381591797
3	6	54	0	13	208	214	6	101	45	2d	32	0	5.918926239013672	0.20450539886951447	0.5726743340492249	20.75758934020996	21.756317138671875	7.399938106536865	1.0	1.0	2.3267312049865723	6.835302352905273	7.399938106536865	21.756317138671875
3	6	54	0	14	224	230	6	108	100	64	32	0	3.7485973834991455	0.23358336091041565	0.5726237893104553	20.751737594604492	21.750469207763672	7.397088050842285	1.0	0.9999999403953552	2.328036308288574	6.968625068664551	7.397088050842285	21.750469207763672
3	6	54	0	15	240	246	6	97	32	20	32	1	1.4439281225204468	0.23599889874458313	0.5756446123123169	20.94090461730957	21.93968963623047	7.49973726272583	1.0	1.0	2.888354539871216	8.98242473602295	7.49973726272583	21.93968963623047
3	7	55	1	0	0	5	5	104	111	6f	32	0	3.310421943664551	0.18236465752124786	0.20474037528038025	0.34208282828330994	1.2141098976135254	0.3928559124469757	0.9999996423721313	0.9999967813491821	1.186684250831604	6.452343940734863	0.3928571939468384	1.214110255241394
3	7	55	1	1	16	21	5	101	116	74	32	0	2.7942097187042236	0.16819486021995544	0.5713737607002258	20.694793701171875	21.693449020385742	7.369113922119141	1.0	1.0	2.3421409130096436	6.242924690246582	7.369113922119141	21.693449020385742
3	7	55	1	2	32	37	5	32	111	6f	32	0	2.850493907928467	0.17213881015777588	0.5761096477508545	20.972949981689453	21.97174072265625	7.515315055847168	1.0	1.0	2.332879066467285	6.33024787902832	7.515315055847168	21.97174072265625
3	7	55	1	3	48	53	5	111	116	74	32	0	2.665278911590576	0.21224601566791534	0.5774316191673279	21.05559539794922	22.054405212402344	7.559066295623779	1.0	1.0	2.9219300746917725	7.421508312225342	7.559066295623779	22.054405212402344
3	7	55	1	4	64	69	5	111	115	73	32	0	3.261810779571533	0.20833784341812134	0.5760186314582825	20.966602325439453	21.965391159057617	7.51017951965332	1.0	0.9999999403953552	2.9113051891326904	7.7748565673828125	7.51017951965332	21.965391159057617
3	7	55	1	5	80	85	5	100	32	20	32	1	1.682153582572937	0.18597304821014404	0.5718255043029785	20.713768005371094	21.712459564208984	7.3730878829956055	1.0	1.0	2.3234198093414307	6.279483318328857	7.3730878829956055	21.712459564208984
3	7	55	1	6	96	101	5	116	32	20	32	1	1.6239869594573975	0.19711124897003174	0.5725513696670532	20.757593154907227	21.75630760192871	7.39971399307251	1.0	1.0	2.334486484527588	5.93217658996582	7.39971399307251	21.75630760192871
3	7	55	1	7	112	117	5	115	46	2e	32	0	4.959596633911133	0.19080598652362823	0.5720045566558838	20.742462158203125	21.741117477416992	7.394860744476318	1.0	1.0	2.325439214706421	6.061692237854004	7.394860744476318	21.741117477416992
3	7	55	1	8	128	133	5	105	120	78	32	0	7.102981090545654	0.191447913646698	0.5722748637199402	20.72071075439453	21.719449996948242	7.3759989738464355	1.0	1.0	2.8949596881866455	7.955885887145996	7.3759989738464355	21.719449996948242
3	7	55	1	9	144	149	5	108	32	20	32	1	1.7045477628707886	0.18185460567474365	0.570787250995636	20.649080276489258	21.647737503051758	7.340847969055176	1.0	1.0	2.3243796825408936	6.392253875732422	7.340847969055176	21.647737503051758
3	7	55	1	10	160	165	5	32	32	20	32	1	1.677605152130127	0.186820849776268	0.5727576613426208	20.758562088012695	21.757299423217773	7.398400783538818	1.0	0.9999998807907104	2.320279598236084	6.5185747146606445	7.398400783538818	21.757299423217773
3	7	55	1	11	176	181	5	32	32	20	32	1	1.707188367843628	0.18137502670288086	0.5753329396247864	20.923948287963867	21.922727584838867	7.4886980056762695	0.9999999403953552	1.0	2.3237760066986084	6.371779918670654	7.4886980056762695	21.922727584838867
3	7	55	1	12	192	197	5	110	101	65	32	0	2.1855602264404297	0.18913258612155914	0.5717200636863708	20.72352409362793	21.722171783447266	7.385852813720703	1.0	1.0	2.320347785949707	6.453831672668457	7.385852813720703	21.722171783447266
3	7	55	1	13	208	213	5	117	110	6e	32	0	3.197760581970215	0.2005346119403839	0.5715689063072205	20.69658088684082	21.695266723632812	7.366490364074707	0.9999999403953552	1.0	2.3219399452209473	6.426499366760254	7.366490364074707	21.695266723632812
3	7	55	1	14	224	229	5	99	105	69	32	0	3.0724215507507324	0.19010029733181	0.5716677308082581	20.716358184814453	21.715015411376953	7.380293369293213	1.0	1.0	2.326050281524658	6.186132907867432	7.380293369293213	21.715015411376953
3	7	55	1	15	240	245	5	101	111	6f	32	0	2.8519699573516846	0.1877819001674652	0.5715345740318298	20.70926856994629	21.707918167114258	7.377636909484863	1.0	1.0	2.322875499725342	6.42116117477417	7.377636909484863	21.707918167114258
3	7	55	1	0	0	6	6	104	109	6d	195	0	4.680387020111084	0.13142752647399902	1.1706136465072632	78.74180603027344	79.71231079101562	73.09699249267578	1.0	1.0	2.7849020957946777	4.453991413116455	73.09699249267578	79.71231079101562
3	7	55	1	1	16	22	6	101	105	69	32	0	3.003545045852661	0.17191407084465027	0.5726900696754456	20.757686614990234	21.75641632080078	7.4003448486328125	1.0	1.0	2.3531553745269775	6.148138999938965	7.4003448486328125	21.75641632080078
3	7	55	1	2	32	38	6	32	117	75	32	0	4.094917297363281	0.1696501076221466	0.5755789279937744	20.93656349182129	21.935348510742188	7.4979472160339355	1.0	0.9999998807907104	2.3394248485565186	6.124985694885254	7.4979472160339355	21.935348510742188
3	7	55	1	3	48	54	6	111	105	69	32	0	3.1048996448516846	0.20585234463214874	0.5760908722877502	20.968252182006836	21.9670467376709	7.51536750793457	1.0	1.0	2.9210057258605957	7.2522382736206055	7.51536750793457	21.9670467376709
3	7	55	1	4	64	70	6	111	32	20	32	1	1.5725185871124268	0.20752185583114624	0.575476348400116	20.929630279541016	21.928415298461914	7.494075298309326	1.0	0.9999999403953552	2.91110897064209	7.730966091156006	7.494075298309326	21.928415298461914
3	7	55	1	5	80	86	6	100	73	49	32	0	6.320141315460205	0.1816636025905609	0.573128342628479	20.78306007385254	21.781803131103516	7.413294792175293	1.0	1.0	2.3282382488250732	6.206639289855957	7.413294792175293	21.781803131103516
3	7	55	1	6	96	102	6	116	97	61	32	0	2.9309399127960205	0.20055823028087616	0.5735766887664795	20.811527252197266	21.810277938842773	7.429753303527832	1.0	0.9999999403953552	2.3368070125579834	5.881905555725098	7.429753303527832	21.810277938842773
3	7	55	1	7	112	118	6	115	32	20	32	1	1.662630558013916	0.18963947892189026	0.5728863477706909	20.771011352539062	21.769744873046875	7.406440734863281	1.0	0.9999998807907104	2.3282957077026367	6.002305507659912	7.406440734863281	21.769744873046875
3	7	55	1	8	128	134	6	105	32	20	32	1	1.6726109981536865	0.18775619566440582	0.5739210844039917	20.83043098449707	21.829193115234375	7.440922737121582	0.9999999403953552	0.9999998807907104	2.9019370079040527	7.906681537628174	7.440922737121582	21.829193115234375
3	7	55	1	9	144	150	6	108	97	61	32	0	2.7570414543151855	0.18965449929237366	0.572534441947937	20.746183395385742	21.74491310119629	7.39417839050293	1.0	0.9999998807907104	2.329458475112915	6.255362033843994	7.39417839050293	21.74491310119629
3	7	55	1	10	160	166	6	32	110	6e	32	0	3.244037628173828	0.18831367790699005	0.5740625858306885	20.840700149536133	21.839462280273438	7.446005821228027	0.9999998807907104	1.0	2.3215439319610596	6.535443305969238	7.446005821228027	21.839462280273438
3	7	55	1	11	176	182	6	32	46	2e	32	0	5.3475141525268555	0.18030400574207306	0.5752222537994385	20.914121627807617	21.912900924682617	7.485748767852783	0.9999999403953552	1.0	2.324838399887085	6.37630033493042	7.485748767852783	21.912900924682617
3	7	55	1	12	192	198	6	110	100	64	32	0	3.384190797805786	0.18534564971923828	0.572725236415863	20.760971069335938	21.759700775146484	7.401700496673584	1.0	0.9999999403953552	2.3212943077087402	6.417276859283447	7.401700496673584	21.759700775146484
3	7	55	1	13	208	214	6	117	115	73	32	0	3.1291630268096924	0.20337940752506256	0.5730555057525635	20.77886390686035	21.777605056762695	7.41185998916626	0.9999999403953552	1.0	2.3246171474456787	6.364199638366699	7.41185998916626	21.777605056762695
3	7	55	1	14	224	230	6	99	110	6e	32	0	3.1608901023864746	0.18611595034599304	0.5728264451026917	20.766754150390625	21.765485763549805	7.4046759605407715	1.0	1.0	2.3262267112731934	6.207594394683838	7.4046759605407715	21.765485763549805
3	7	55	1	15	240	246	6	101	32	20	32	1	1.6660542488098145	0.18899132311344147	0.572672426700592	20.757219314575195	21.755949020385742	7.399832725524902	1.0	0.9999999403953552	2.323408842086792	6.396059989929199	7.399832725524902	21.755949020385742
3	8	56	0	0	0	5	5	97	110	6e	32	0	3.228072166442871	0.21806199848651886	0.5728172659873962	20.778337478637695	21.777048110961914	7.409538745880127	1.0	1.0000001192092896	2.420060396194458	6.430152416229248	7.409538745880127	21.777048110961914
3	8	56	0	1	16	21	5	100	105	69	32	0	2.793672561645508	0.18472085893154144	0.5716832280158997	20.71169662475586	21.710369110107422	7.3754143714904785	1.0	1.0	2.3056881427764893	8.059699058532715	7.3754143714904785	21.710369110107422
3	8	56	0	2	32	37	5	114	110	6e	32	0	3.2863426208496094	0.1874997317790985	0.5717178583145142	20.723615646362305	21.722265243530273	7.385610103607178	0.9999998807907104	1.0	2.319652557373047	7.191232681274414	7.385610103607178	21.722265243530273
3	8	56	0	3	48	53	5	105	46	2e	32	0	4.055172443389893	0.18155695497989655	0.5709668397903442	20.64776039123535	21.646451950073242	7.336224555969238	1.0	0.9999999403953552	2.8931705951690674	7.294448375701904	7.336224555969238	21.646451950073242
3	8	56	0	4	64	69	5	116	32	20	32	1	1.788759708404541	0.16716739535331726	0.5724067091941833	20.7487850189209	21.747493743896484	7.3958611488342285	1.0	0.9999998807907104	2.3133177757263184	7.012790679931641	7.3958611488342285	21.747493743896484
3	8	56	0	5	80	85	5	110	32	20	32	1	1.810638666152954	0.16354964673519135	0.5715020895004272	20.707338333129883	21.70598602294922	7.375955581665039	1.0	1.0	2.309950590133667	6.861941337585449	7.375955581665039	21.70598602294922
3	8	56	0	6	96	101	5	116	111	6f	32	0	2.897981643676758	0.16288936138153076	0.5721991062164307	20.73790168762207	21.736600875854492	7.390626430511475	0.9999999403953552	1.0000001192092896	2.311929225921631	6.784861087799072	7.390626430511475	21.736600875854492
3	8	56	0	7	112	117	5	104	116	74	32	0	2.5725224018096924	0.17401769757270813	0.5720326900482178	20.7230281829834	21.721731185913086	7.375614643096924	0.9999998807907104	0.9999999403953552	2.3142871856689453	6.475207328796387	7.375614643096924	21.721731185913086
3	8	56	0	8	128	133	5	97	32	20	32	1	1.6756398677825928	0.18718835711479187	0.5760019421577454	20.97250747680664	21.971288681030273	7.512777805328369	0.9999999403953552	1.0	2.9010708332061768	8.167244911193848	7.512777805328369	21.971288681030273
3	8	56	0	9	144	149	5	108	109	6d	32	0	3.521991729736328	0.18417294323444366	0.5707111954689026	20.64293098449707	21.641590118408203	7.337315559387207	0.9999998807907104	1.0	2.317600965499878	6.4982476234436035	7.337315559387207	21.641590118408203
3	8	56	0	10	160	165	5	32	97	61	32	0	2.652329206466675	0.1733972132205963	0.5725793242454529	20.747417449951172	21.746150970458984	7.391837120056152	0.9999999403953552	1.0	2.3188037872314453	6.21852445602417	7.391837120056152	21.746150970458984
3	8	56	0	11	176	181	5	108	32	20	32	1	1.6853952407836914	0.18537114560604095	0.5707494020462036	20.644779205322266	21.64344024658203	7.337721824645996	1.0	1.0	2.318880081176758	6.251092910766602	7.337721824645996	21.64344024658203
3	8	56	0	12	192	197	5	111	115	73	32	0	3.2186429500579834	0.1688843071460724	0.5772977471351624	21.046188354492188	22.04499626159668	7.553727626800537	1.0	1.0	2.9051315784454346	8.127190589904785	7.553727626800537	22.04499626159668
3	8	56	0	13	208	213	5	114	116	74	32	0	2.5417747497558594	0.16968323290348053	0.571479320526123	20.699321746826172	21.697982788085938	7.370790958404541	0.9999999403953552	0.9999998807907104	2.3188138008117676	6.41727876663208	7.370790958404541	21.697982788085938
3	8	56	0	14	224	229	5	105	111	6f	32	0	2.964362621307373	0.19482308626174927	0.5721774697303772	20.714275360107422	21.713010787963867	7.372554779052734	1.0	0.9999999403953552	2.884960412979126	8.106422424316406	7.372554779052734	21.713010787963867
3	8	56	0	15	240	245	5	32	99	63	32	0	3.2206735610961914	0.17048469185829163	0.5719894170761108	20.710617065429688	21.70933723449707	7.373694896697998	1.0	0.9999999403953552	2.318220615386963	6.415134429931641	7.373694896697998	21.70933723449707
3	8	56	0	0	0	6	6	97	97	61	32	0	2.5999486446380615	0.21487855911254883	0.5736897587776184	20.819107055664062	21.817859649658203	7.432729244232178	0.9999999403953552	1.0	2.42868709564209	6.390096187591553	7.432729244232178	21.817859649658203
3	8	56	0	1	16	22	6	100	109	6d	32	0	3.7412607669830322	0.19062429666519165	0.5729016065597534	20.77021026611328	21.768945693969727	7.406607627868652	1.0	1.0	2.3130886554718018	7.937458038330078	7.406607627868652	21.768945693969727
3	8	56	0	2	32	38	6	114	116	74	32	0	2.7303261756896973	0.1800520271062851	0.5727311968803406	20.7613468170166	21.76007652282715	7.401737213134766	1.0	1.0	2.3234500885009766	7.106296062469482	7.401737213134766	21.76007652282715
3	8	56	0	3	48	54	6	105	32	20	32	1	1.7291502952575684	0.17743510007858276	0.5728930830955505	20.766496658325195	21.76523780822754	7.405524730682373	1.0	1.0	2.90511155128479	7.313591957092285	7.405524730682373	21.76523780822754
3	8	56	0	4	64	70	6	116	109	6d	32	0	3.743661403656006	0.16244067251682281	0.5735169649124146	20.807973861694336	21.806724548339844	7.427982807159424	1.0	1.0	2.3151488304138184	7.029567718505859	7.427982807159424	21.806724548339844
3	8	56	0	5	80	86	6	110	101	65	32	0	2.1522574424743652	0.16428184509277344	0.5726359486579895	20.75482940673828	21.753557205200195	7.39840030670166	1.0	0.9999998807907104	2.3147659301757812	6.701950550079346	7.39840030670166	21.753557205200195
3	8	56	0	6	96	102	6	116	110	6e	32	0	2.9927003383636475	0.164157435297966	0.5733663439750671	20.798877716064453	21.797624588012695	7.422978401184082	1.0	1.0000001192092896	2.3141844272613525	6.736504554748535	7.422978401184082	21.797624588012695
3	8	56	0	7	112	118	6	104	97	61	32	0	2.790405035018921	0.17169559001922607	0.5731741189956665	20.784852981567383	21.783597946166992	7.414566516876221	1.0	0.9999999403953552	2.3173770904541016	6.496241092681885	7.414566516876221	21.783597946166992
3	8	56	0	8	128	134	6	97	105	69	32	0	2.911182165145874	0.18240942060947418	0.5752002000808716	20.912782669067383	21.911561965942383	7.484662055969238	1.0	1.0	2.9014322757720947	8.131746292114258	7.484662055969238	21.911561965942383
3	8	56	0	9	144	150	6	108	112	70	32	0	4.421111106872559	0.18410605192184448	0.5725207924842834	20.7451171875	21.743846893310547	7.393702030181885	0.9999998807907104	1.0	2.320251703262329	6.445798873901367	7.393702030181885	21.743846893310547
3	8	56	0	10	160	166	6	32	114	72	32	0	3.1935834884643555	0.17309613525867462	0.5739569664001465	20.833965301513672	21.832725524902344	7.442245006561279	1.0	1.0	2.3221499919891357	6.149805545806885	7.442245006561279	21.832725524902344
3	8	56	0	11	176	182	6	108	44	2c	32	0	4.777952671051025	0.18728266656398773	0.5725515484809875	20.746883392333984	21.745615005493164	7.394556045532227	1.0	1.0	2.321993589401245	6.208283424377441	7.394556045532227	21.745615005493164
3	8	56	0	12	192	198	6	111	32	20	32	1	1.7427700757980347	0.17503488063812256	0.5760329961776733	20.964397430419922	21.96319007873535	7.513354778289795	1.0	1.0	2.9023497104644775	8.045904159545898	7.513354778289795	21.96319007873535
3	8	56	0	13	208	214	6	114	104	68	32	0	3.4806618690490723	0.17154502868652344	0.5728239417076111	20.765810012817383	21.764541625976562	7.404693603515625	1.0	1.0	2.319852352142334	6.407088279724121	7.404693603515625	21.764541625976562
3	8	56	0	14	224	230	6	105	32	20	32	1	1.6397016048431396	0.19403794407844543	0.573883056640625	20.82801628112793	21.82677459716797	7.439638614654541	0.9999999403953552	1.0	2.8918328285217285	8.121878623962402	7.439638614654541	21.82677459716797
3	8	56	0	15	240	246	6	32	116	74	32	0	2.5579280853271484	0.17314568161964417	0.5736898183822632	20.81752586364746	21.8162784576416	7.433686256408691	1.0	1.0	2.3202970027923584	6.384890556335449	7.433686256408691	21.8162784576416
3	9	57	0	0	0	5	5	107	101	65	32	0	2.40364408493042	0.26895707845687866	0.5719471573829651	20.71728515625	21.715988159179688	7.374735355377197	0.9999998807907104	1.0	2.4325361251831055	6.914179801940918	7.374735355377197	21.715988159179688
3	9	57	0	1	16	21	5	32	100	64	32	0	3.709742546081543	0.1977001130580902	0.5705565810203552	20.638147354125977	21.63678741455078	7.33942174911499	1.0	0.9999999403953552	2.328977108001709	7.112003326416016	7.33942174911499	21.63678741455078
3	9	57	0	2	32	37	5	116	116	74	32	0	2.4678256511688232	0.17867447435855865	0.572073757648468	20.728471755981445	21.727169036865234	7.384908676147461	1.0	0.9999999403953552	2.3226945400238037	7.200648307800293	7.384908676147461	21.727169036865234
3	9	57	0	3	48	53	5	32	114	72	32	0	3.2108495235443115	0.18983085453510284	0.57065749168396	20.645893096923828	21.64453125	7.344228744506836	1.0	0.9999998807907104	2.3210129737854004	6.8338303565979	7.344228744506836	21.64453125
3	9	57	0	4	64	69	5	102	100	64	32	0	3.660198450088501	0.1722649484872818	0.5721947550773621	20.733577728271484	21.732282638549805	7.383401393890381	1.0	1.0	2.3148365020751953	6.930890083312988	7.383401393890381	21.732282638549805
3	9	57	0	5	80	85	5	32	110	6e	32	0	3.342193841934204	0.19369153678417206	0.5740875601768494	20.84351921081543	21.8422794342041	7.444285869598389	0.9999998807907104	0.9999998807907104	2.319931983947754	6.704369068145752	7.444285869598389	21.8422794342041
3	9	57	0	6	96	101	5	32	116	74	32	0	2.6292624473571777	0.18106433749198914	0.5725814700126648	20.745914459228516	21.74464988708496	7.391214370727539	1.0	0.9999999403953552	2.321255683898926	6.492748260498047	7.391214370727539	21.74464988708496
3	9	57	0	7	112	117	5	32	114	72	32	0	3.043717861175537	0.17248746752738953	0.5733000636100769	20.79670524597168	21.795448303222656	7.4206109046936035	1.0	1.0	2.3239831924438477	6.350226879119873	7.4206109046936035	21.795448303222656
3	9	57	0	8	128	133	5	116	115	73	32	0	3.1738481521606445	0.1825733333826065	0.572014331817627	20.724565505981445	21.723262786865234	7.383183002471924	1.0	0.9999998807907104	2.3221380710601807	6.290891647338867	7.383183002471924	21.723262786865234
3	9	57	0	9	144	149	5	97	111	6f	32	0	3.0013623237609863	0.21481914818286896	0.577022910118103	21.037267684936523	22.036062240600586	7.547880172729492	1.0	1.0	2.901017904281616	8.322367668151855	7.547880172729492	22.036062240600586
3	9	57	0	10	160	165	5	32	32	20	32	1	1.7867156267166138	0.16750942170619965	0.5723587870597839	20.7335262298584	21.732254028320312	7.385296821594238	1.0	0.9999999403953552	2.320225238800049	6.337184429168701	7.385296821594238	21.732254028320312
3	9	57	0	11	176	181	5	105	116	74	32	0	2.761805295944214	0.19674597680568695	0.5721985101699829	20.715587615966797	21.714326858520508	7.373267650604248	1.0	0.9999999403953552	2.888889789581299	8.087756156921387	7.373267650604248	21.714326858520508
3	9	57	0	12	192	197	5	111	32	20	32	1	1.6059080362319946	0.20070721209049225	0.5765841603279114	21.000988006591797	21.999786376953125	7.528182029724121	1.0	1.0	2.904609203338623	8.176552772521973	7.528182029724121	21.999786376953125
3	9	57	0	13	208	213	5	111	105	69	32	0	2.979537010192871	0.20161302387714386	0.576522707939148	20.999027252197266	21.997821807861328	7.526761054992676	1.0	1.0000001192092896	2.905474901199341	8.018296241760254	7.526761054992676	21.997821807861328
3	9	57	0	14	224	229	5	114	114	72	32	0	3.0796127319335938	0.18352611362934113	0.5715091824531555	20.705909729003906	21.704561233520508	7.375229358673096	0.9999998807907104	0.9999999403953552	2.3297436237335205	6.224555969238281	7.375229358673096	21.704561233520508
3	9	57	0	15	240	245	5	105	108	6c	32	0	3.6908516883850098	0.2040836364030838	0.5722149014472961	20.7171688079834	21.715906143188477	7.373819351196289	1.0	1.0	2.885967493057251	8.514274597167969	7.373819351196289	21.715906143188477
3	9	57	0	0	0	6	6	107	32	20	32	1	1.4114205837249756	0.243796706199646	0.5732175707817078	20.78804588317871	21.786792755126953	7.4167399406433105	1.0	1.0	2.436593770980835	6.809429168701172	7.4167399406433105	21.786792755126953
3	9	57	0	1	16	22	6	32	105	69	32	0	2.8808860778808594	0.19447918236255646	0.5723596811294556	20.736408233642578	21.735132217407227	7.389707088470459	0.9999999403953552	1.0	2.336848497390747	6.924025535583496	7.389707088470459	21.735132217407227
3	9	57	0	2	32	38	6	116	104	68	32	0	3.379425525665283	0.18123364448547363	0.5733235478401184	20.79589080810547	21.794635772705078	7.421395778656006	0.9999998807907104	1.0000001192092896	2.3263001441955566	7.23361873626709	7.421395778656006	21.794635772705078
3	9	57	0	3	48	54	6	32	109	6d	32	0	3.672274589538574	0.18856200575828552	0.5723938941955566	20.738853454589844	21.737577438354492	7.3910298347473145	1.0	0.9999999403953552	2.3247873783111572	6.709031105041504	7.3910298347473145	21.737577438354492
3	9	57	0	4	64	70	6	102	97	61	32	0	2.603377342224121	0.1768042892217636	0.5733998417854309	20.799671173095703	21.798418045043945	7.422591686248779	1.0	1.0000001192092896	2.3202857971191406	6.853282451629639	7.422591686248779	21.798418045043945
3	9	57	0	5	80	86	6	32	105	69	32	0	2.9188709259033203	0.19586357474327087	0.5746666789054871	20.87879753112793	21.87757110595703	7.466580867767334	0.9999999403953552	1.0	2.322580099105835	6.692337989807129	7.466580867767334	21.87757110595703
3	9	57	0	6	96	102	6	32	104	68	32	0	3.4513461589813232	0.18103855848312378	0.5740178823471069	20.83768653869629	21.83644676208496	7.4444169998168945	0.9999998807907104	1.0	2.323930263519287	6.461849689483643	7.4444169998168945	21.83644676208496
3	9	57	0	7	112	118	6	32	32	20	32	1	1.7524640560150146	0.17334628105163574	0.5742426514625549	20.852725982666016	21.85148811340332	7.452557563781738	0.9999998807907104	0.9999998807907104	2.3267316818237305	6.283393383026123	7.452557563781738	21.85148811340332
3	9	57	0	8	128	134	6	116	115	73	32	0	3.1293234825134277	0.17914904654026031	0.573302686214447	20.794626235961914	21.793373107910156	7.420825481414795	1.0	1.0000001192092896	2.3246665000915527	6.324819087982178	7.420825481414795	21.793373107910156
3	9	57	0	9	144	150	6	97	108	6c	32	0	3.6304521560668945	0.20153920352458954	0.5757039189338684	20.944664001464844	21.943450927734375	7.501791477203369	1.0	0.9999999403953552	2.9003798961639404	8.194803237915039	7.501791477203369	21.943450927734375
3	9	57	0	10	160	166	6	32	97	61	32	0	2.6520416736602783	0.16698530316352844	0.5738695859909058	20.82865333557129	21.827411651611328	7.43956995010376	0.9999998807907104	1.0	2.3234875202178955	6.300071716308594	7.43956995010376	21.827411651611328
3	9	57	0	11	176	182	6	105	104	68	32	0	3.6928820610046387	0.19097761809825897	0.5738936066627502	20.828676223754883	21.827436447143555	7.439999103546143	0.9999998807907104	1.0000001192092896	2.8955464363098145	8.076421737670898	7.439999103546143	21.827436447143555
3	9	57	0	12	192	198	6	111	100	64	32	0	3.2110772132873535	0.19812844693660736	0.5756904482841492	20.94265365600586	21.94144058227539	7.501391410827637	0.9999999403953552	1.0	2.9028961658477783	8.099608421325684	7.501391410827637	21.94144058227539
3	9	57	0	13	208	214	6	111	101	65	32	0	2.253920793533325	0.20414619147777557	0.575585663318634	20.936180114746094	21.934968948364258	7.497776031494141	1.0	0.9999998807907104	2.90374493598938	7.974615573883057	7.497776031494141	21.934968948364258
3	9	57	0	14	224	230	6	114	105	69	32	0	3.0493905544281006	0.18337132036685944	0.5727216005325317	20.760068893432617	21.758798599243164	7.401342391967773	0.9999998807907104	0.9999998807907104	2.3316454887390137	6.137813091278076	7.401342391967773	21.758798599243164
3	9	57	0	15	240	246	6	105	117	75	32	0	3.7723231315612793	0.19830819964408875	0.5738832354545593	20.82803726196289	21.826797485351562	7.439518451690674	1.0	0.9999999403953552	2.8923091888427734	8.509744644165039	7.439518451690674	21.826797485351562
3	10	58	0	0	0	5	5	104	104	68	32	0	3.2167434692382812	0.18236465752124786	0.20474037528038025	0.34208282828330994	1.2141098976135254	0.3928559124469757	0.9999996423721313	0.9999967813491821	1.186684250831604	6.452343940734863	0.3928571939468384	1.214110255241394
3	10	58	0	1	16	21	5	108	104	68	32	0	2.8804171085357666	0.22624050080776215	0.5709357857704163	20.657155990600586	21.655818939208984	7.344751834869385	0.9999999403953552	1.0	2.3714652061462402	5.469326972961426	7.344751834869385	21.655818939208984
3	10	58	0	2	32	37	5	97	32	20	32	1	1.324798822402954	0.26585644483566284	0.5774126648902893	21.062349319458008	22.061147689819336	7.560922622680664	1.0	1.0	2.925438404083252	6.97550630569458	7.560922622680664	22.061147689819336
3	10	58	0	3	48	53	5	115	32	20	32	1	1.3602237701416016	0.2566033601760864	0.571759819984436	20.71969985961914	21.718364715576172	7.380809783935547	1.0	0.9999998807907104	2.332213878631592	6.572027683258057	7.380809783935547	21.718364715576172
3	10	58	0	4	64	69	5	110	116	74	32	0	2.7176480293273926	0.20815330743789673	0.5715078711509705	20.70785903930664	21.706504821777344	7.376443862915039	0.9999999403953552	0.9999998807907104	2.3360190391540527	6.065579414367676	7.376443862915039	21.706504821777344
3	10	58	0	5	80	85	5	107	116	74	32	0	2.6698639392852783	0.21620778739452362	0.5720832347869873	20.72838020324707	21.727081298828125	7.381598949432373	1.0	1.0	2.321693181991577	6.5792765617370605	7.381598949432373	21.727081298828125
3	10	58	0	6	96	101	5	111	32	20	32	1	1.3930011987686157	0.24832890927791595	0.5763130784034729	20.983577728271484	21.982372283935547	7.519156455993652	1.0	1.0	2.9027445316314697	8.03460693359375	7.519156455993652	21.982372283935547
3	10	58	0	7	112	117	5	109	32	20	32	1	1.553659200668335	0.211472749710083	0.571610152721405	20.711532592773438	21.71019172668457	7.377313613891602	1.0	0.9999998807907104	2.3207314014434814	6.478915691375732	7.377313613891602	21.71019172668457
3	10	58	0	8	128	133	5	118	32	20	32	1	1.578216552734375	0.20634277164936066	0.5719200968742371	20.72751808166504	21.726194381713867	7.383606910705566	1.0	1.0	2.3218679428100586	6.462854385375977	7.383606910705566	21.726194381713867
3	10	58	0	9	144	149	5	97	115	73	32	0	3.280247688293457	0.2179877758026123	0.5771828293800354	21.047407150268555	22.046205520629883	7.553365230560303	0.9999999403953552	0.9999999403953552	2.900007963180542	8.29129695892334	7.553365230560303	22.046205520629883
3	10	58	0	10	160	165	5	97	99	63	32	0	3.524719476699829	0.21002773940563202	0.5769223570823669	21.030858993530273	22.029653549194336	7.544321537017822	1.0	0.9999999403953552	2.8986282348632812	8.389945983886719	7.544321537017822	22.029653549194336
3	10	58	0	11	176	181	5	115	110	6e	32	0	3.2846217155456543	0.20178857445716858	0.5721354484558105	20.752277374267578	21.750934600830078	7.400692462921143	0.9999999403953552	0.9999999403953552	2.3123512268066406	7.062150955200195	7.400692462921143	21.750934600830078
3	10	58	0	12	192	197	5	110	116	74	32	0	2.554868221282959	0.20399528741836548	0.5718477964401245	20.736501693725586	21.73514175415039	7.394555568695068	0.9999999403953552	1.0000001192092896	2.3134772777557373	6.926879405975342	7.394555568695068	21.73514175415039
3	10	58	0	13	208	213	5	111	115	73	32	0	3.11323881149292	0.20896917581558228	0.5759848952293396	20.965608596801758	21.964397430419922	7.508754253387451	1.0	0.9999999403953552	2.896059036254883	8.466756820678711	7.508754253387451	21.964397430419922
3	10	58	0	14	224	229	5	103	101	65	32	0	2.2434067726135254	0.19607976078987122	0.5716418623924255	20.720211029052734	21.718854904174805	7.385149002075195	0.9999998807907104	1.0	2.315612554550171	6.833449840545654	7.385149002075195	21.718854904174805
3	10	58	0	15	240	245	5	111	32	20	32	1	1.6315377950668335	0.19562849402427673	0.576451301574707	20.99456787109375	21.99336051940918	7.5244855880737305	1.0	1.0	2.8976588249206543	8.473981857299805	7.5244855880737305	21.99336051940918
3	10	58	0	0	0	6	6	104	105	69	195	0	2.9175896644592285	0.13142752647399902	1.1706136465072632	78.74180603027344	79.71231079101562	73.09699249267578	1.0	1.0	2.7849020957946777	4.453991413116455	73.09699249267578	79.71231079101562
3	10	58	0	1	16	22	6	108	32	20	32	1	1.4560375213623047	0.23315833508968353	0.5726470351219177	20.75305938720703	21.75179100036621	7.397923469543457	1.0	1.0	2.3787050247192383	5.461897850036621	7.397923469543457	21.75179100036621
3	10	58	0	2	32	38	6	97	109	6d	32	0	3.571263313293457	0.26093950867652893	0.5758792161941528	20.955739974975586	21.95452880859375	7.507585048675537	1.0	0.9999998807907104	2.9262197017669678	6.760831832885742	7.507585048675537	21.95452880859375
3	10	58	0	3	48	54	6	115	97	61	32	0	2.8978965282440186	0.25486767292022705	0.5728893876075745	20.769983291625977	21.768720626831055	7.406341075897217	1.0	1.0	2.3368630409240723	6.499963283538818	7.406341075897217	21.768720626831055
3	10	58	0	4	64	70	6	110	104	68	32	0	3.295602321624756	0.20355163514614105	0.5726324915885925	20.75467300415039	21.753400802612305	7.398388385772705	0.9999999403953552	0.9999999403953552	2.3401427268981934	5.964879035949707	7.398388385772705	21.753400802612305
3	10	58	0	5	80	86	6	107	111	6f	32	0	3.039520502090454	0.2236834317445755	0.5732746124267578	20.79213523864746	21.79088020324707	7.418732166290283	0.9999998807907104	1.0	2.326035976409912	6.513604164123535	7.418732166290283	21.79088020324707
3	10	58	0	6	96	102	6	111	119	77	32	0	4.3181471824646	0.23760676383972168	0.5756279826164246	20.938886642456055	21.937673568725586	7.499253749847412	1.0	1.0	2.901291847229004	7.972409248352051	7.499253749847412	21.937673568725586
3	10	58	0	7	112	118	6	109	109	6d	32	0	3.7502338886260986	0.21429826319217682	0.5727638602256775	20.76240348815918	21.76113510131836	7.402470588684082	1.0	0.9999998807907104	2.323185682296753	6.453105449676514	7.402470588684082	21.76113510131836
3	10	58	0	8	128	134	6	118	103	67	32	0	4.72755241394043	0.2062927782535553	0.5730125904083252	20.77727508544922	21.776012420654297	7.41023588180542	1.0	0.9999998807907104	2.3240718841552734	6.3764848709106445	7.41023588180542	21.776012420654297
3	10	58	0	9	144	150	6	97	32	20	32	1	1.5507018566131592	0.21209906041622162	0.5757796764373779	20.949445724487305	21.94823455810547	7.504364490509033	1.0	1.0	2.8980226516723633	8.239856719970703	7.504364490509033	21.94823455810547
3	10	58	0	10	160	166	6	97	104	68	32	0	3.458414316177368	0.21473075449466705	0.5756595134735107	20.94185447692871	21.94063949584961	7.500248432159424	1.0	0.9999998807907104	2.896697521209717	8.376646041870117	7.500248432159424	21.94063949584961
3	10	58	0	11	176	182	6	115	116	74	32	0	2.563760280609131	0.20148395001888275	0.5729288458824158	20.773971557617188	21.772703170776367	7.407992839813232	1.0	0.9999998807907104	2.3138248920440674	6.970561981201172	7.407992839813232	21.772703170776367
3	10	58	0	12	192	198	6	110	101	65	32	0	2.248964786529541	0.20573097467422485	0.5726931691169739	20.75982666015625	21.758554458618164	7.400972366333008	1.0	1.0	2.3146493434906006	6.873523712158203	7.400972366333008	21.758554458618164
3	10	58	0	13	208	214	6	111	116	74	32	0	2.6578421592712402	0.20741336047649384	0.5753600597381592	20.922157287597656	21.920940399169922	7.4900054931640625	1.0	0.9999999403953552	2.895575523376465	8.42544937133789	7.4900054931640625	21.920940399169922
3	10	58	0	14	224	230	6	103	32	20	32	1	1.636314868927002	0.19469621777534485	0.5726673603057861	20.75779914855957	21.756526947021484	7.40009880065918	1.0	1.0	2.3157832622528076	6.772801399230957	7.40009880065918	21.756526947021484
3	10	58	0	15	240	246	6	111	116	74	32	0	2.740795135498047	0.20172898471355438	0.5755683183670044	20.935155868530273	21.933940887451172	7.497186183929443	1.0	0.9999999403953552	2.8974838256835938	8.362686157226562	7.497186183929443	21.933940887451172
3	11	59	0	0	0	5	5	114	32	20	32	1	1.6491447687149048	0.192214235663414	0.5702477693557739	20.609975814819336	21.608627319335938	7.322007656097412	0.9999999403953552	1.0	2.416168451309204	7.060276031494141	7.322007656097412	21.608627319335938
3	11	59	0	1	16	21	5	114	32	20	32	1	1.519660472869873	0.21878616511821747	0.5717442035675049	20.725610733032227	21.724260330200195	7.386807918548584	0.9999999403953552	1.0	2.3422834873199463	6.8748626708984375	7.386807918548584	21.724260330200195
3	11	59	0	2	32	37	5	114	44	2c	32	0	4.2880473136901855	0.18689478933811188	0.5715481042861938	20.708372116088867	21.7070255279541	7.376602649688721	1.0	1.0	2.321613073348999	7.32528018951416	7.376602649688721	21.7070255279541
3	11	59	0	3	48	53	5	112	98	62	32	0	5.168641090393066	0.1780465841293335	0.5716730952262878	20.697792053222656	21.69649314880371	7.362409591674805	0.9999999403953552	0.9999999403953552	2.3164193630218506	7.333570957183838	7.362409591674805	21.69649314880371
3	11	59	0	4	64	69	5	110	114	72	32	0	3.255431652069092	0.19632017612457275	0.5716956853866577	20.722152709960938	21.72079849243164	7.38547420501709	1.0	0.9999999403953552	2.3282811641693115	6.504127025604248	7.38547420501709	21.72079849243164
3	11	59	0	5	80	85	5	105	115	73	32	0	3.4868850708007812	0.2074590027332306	0.5723064541816711	20.72245216369629	21.72119140625	7.376998424530029	1.0	0.9999998807907104	2.8889408111572266	8.276177406311035	7.376998424530029	21.72119140625
3	11	59	0	6	96	101	5	32	49	31	32	0	5.294167518615723	0.21390634775161743	0.5722359418869019	20.727327346801758	21.726051330566406	7.3832855224609375	1.0	0.9999999403953552	2.3181233406066895	6.960012435913086	7.3832855224609375	21.726051330566406
3	11	59	0	7	112	117	5	32	48	30	32	0	6.248935699462891	0.2020418494939804	0.5724689364433289	20.739648818969727	21.738380432128906	7.388973236083984	1.0	0.9999998807907104	2.3197731971740723	6.665589809417725	7.388973236083984	21.738380432128906
3	11	59	0	8	128	133	5	32	32	20	32	1	1.5605300664901733	0.21002471446990967	0.5726165771484375	20.74869155883789	21.74742889404297	7.393475532531738	1.0	1.0	2.3327207565307617	6.271490097045898	7.393475532531738	21.74742889404297
3	11	59	0	9	144	149	5	32	116	74	32	0	2.859891653060913	0.20211051404476166	0.5741488337516785	20.845853805541992	21.84461784362793	7.446084499359131	1.0	1.0	2.3341386318206787	6.11633825302124	7.446084499359131	21.84461784362793
3	11	59	0	10	160	165	5	115	101	65	32	0	2.298743724822998	0.20277702808380127	0.5722069144248962	20.758224487304688	21.756879806518555	7.4041361808776855	1.0	0.9999999403953552	2.331054449081421	6.3693084716796875	7.4041361808776855	21.756879806518555
3	11	59	0	11	176	181	5	116	100	64	32	0	3.566812038421631	0.19940149784088135	0.5721436738967896	20.733997344970703	21.732694625854492	7.388363838195801	0.9999998807907104	1.0	2.3317131996154785	6.312955856323242	7.388363838195801	21.732694625854492
3	11	59	0	12	192	197	5	32	108	6c	32	0	3.844480514526367	0.19157913327217102	0.5725423693656921	20.745134353637695	21.74386978149414	7.391281604766846	1.0	1.0	2.333127498626709	6.208714962005615	7.391281604766846	21.74386978149414
3	11	59	0	13	208	213	5	32	101	65	32	0	2.3000407218933105	0.19128674268722534	0.5723928213119507	20.73520278930664	21.733932495117188	7.386519908905029	1.0	0.9999998807907104	2.332163095474243	6.256855487823486	7.386519908905029	21.733932495117188
3	11	59	0	14	224	229	5	102	32	20	32	1	1.6399965286254883	0.19398072361946106	0.5720046758651733	20.725574493408203	21.724267959594727	7.381067752838135	1.0	0.9999998807907104	2.3349902629852295	6.109128952026367	7.381067752838135	21.724267959594727
3	11	59	0	15	240	245	5	115	110	6e	32	0	3.312295436859131	0.2117326706647873	0.5720048546791077	20.740510940551758	21.73917007446289	7.3932342529296875	1.0	1.0000001192092896	2.3315818309783936	6.370666027069092	7.3932342529296875	21.73917007446289
3	11	59	0	0	0	6	6	114	44	2c	32	0	4.382988452911377	0.1895092874765396	0.5724479556083679	20.740705490112305	21.739431381225586	7.392241477966309	1.0	0.9999999403953552	2.4209930896759033	6.956661701202393	7.392241477966309	21.739431381225586
3	11	59	0	1	16	22	6	114	44	2c	32	0	4.207283973693848	0.2138282060623169	0.5727412104606628	20.76204490661621	21.760774612426758	7.402097225189209	0.9999998807907104	1.0	2.3487653732299805	6.8414716720581055	7.402097225189209	21.760774612426758
3	11	59	0	2	32	38	6	114	32	20	32	1	1.6624913215637207	0.18966588377952576	0.5727457404136658	20.7616024017334	21.760332107543945	7.402173042297363	0.9999998807907104	0.9999999403953552	2.3260114192962646	7.2127461433410645	7.402173042297363	21.760332107543945
3	11	59	0	3	48	54	6	112	108	6c	32	0	3.7664382457733154	0.18283279240131378	0.5731127262115479	20.780874252319336	21.77961540222168	7.412571430206299	1.0	0.9999998807907104	2.3217430114746094	7.253805160522461	7.412571430206299	21.77961540222168
3	11	59	0	4	64	70	6	110	32	20	32	1	1.6399707794189453	0.193985715508461	0.5727134346961975	20.760311126708984	21.7590389251709	7.401411533355713	1.0	1.0	2.3318519592285156	6.4022369384765625	7.401411533355713	21.7590389251709
3	11	59	0	5	80	86	6	105	32	20	32	1	1.5614713430404663	0.20982712507247925	0.5739467144012451	20.8320369720459	21.83079719543457	7.441816806793213	1.0	1.0	2.8957340717315674	8.215130805969238	7.441816806793213	21.83079719543457
3	11	59	0	6	96	102	6	32	48	30	32	0	7.014998912811279	0.2115909308195114	0.5737876296043396	20.82390022277832	21.822656631469727	7.43718147277832	0.9999999403953552	1.0	2.322255849838257	6.870508193969727	7.43718147277832	21.822656631469727
3	11	59	0	7	112	118	6	32	48	30	32	0	6.247915267944336	0.19651561975479126	0.5739609599113464	20.834400177001953	21.833160400390625	7.4428300857543945	0.9999999403953552	1.0	2.323484182357788	6.603184223175049	7.4428300857543945	21.833160400390625
3	11	59	0	8	128	134	6	32	111	6f	32	0	3.026010513305664	0.20780827105045319	0.5740340948104858	20.838905334472656	21.837665557861328	7.445206165313721	1.0	0.9999999403953552	2.3355660438537598	6.2409892082214355	7.445206165313721	21.837665557861328
3	11	59	0	9	144	150	6	32	101	65	32	0	2.2886364459991455	0.20123684406280518	0.5747578144073486	20.884504318237305	21.883275985717773	7.469908714294434	0.9999999403953552	1.0	2.3346786499023438	6.132516860961914	7.469908714294434	21.883275985717773
3	11	59	0	10	160	166	6	115	100	64	32	0	3.507357597351074	0.2025471031665802	0.5729458928108215	20.775259017944336	21.77399253845215	7.408536434173584	0.9999999403953552	1.0	2.3316519260406494	6.34873628616333	7.408536434173584	21.77399253845215
3	11	59	0	11	176	182	6	116	32	20	32	1	1.6184991598129272	0.1981959342956543	0.573341429233551	20.797231674194336	21.795978546142578	7.4221110343933105	0.9999998807907104	1.0	2.3337771892547607	6.2627787590026855	7.4221110343933105	21.795978546142578
3	11	59	0	12	192	198	6	32	108	6c	32	0	3.8201684951782227	0.18765679001808167	0.5739531517028809	20.8338565826416	21.832616806030273	7.44232177734375	0.9999999403953552	0.9999998807907104	2.3345913887023926	6.215459823608398	7.44232177734375	21.832616806030273
3	11	59	0	13	208	214	6	32	100	64	32	0	3.518446445465088	0.19353552162647247	0.5739104151725769	20.83124351501465	21.830001831054688	7.441080093383789	0.9999999403953552	0.9999998807907104	2.3343253135681152	6.2142720222473145	7.441080093383789	21.830001831054688
3	11	59	0	14	224	230	6	102	64	40	32	0	5.088305473327637	0.1967720091342926	0.5732262134552002	20.7895565032959	21.788299560546875	7.417203426361084	0.9999998807907104	1.0	2.337049961090088	6.051723003387451	7.417203426361084	21.788299560546875
3	11	59	0	15	240	246	6	115	103	67	32	0	4.588560104370117	0.20982636511325836	0.5729219913482666	20.77290916442871	21.77164077758789	7.407559394836426	1.0	1.0	2.3311221599578857	6.382180690765381	7.407559394836426	21.77164077758789
3	12	60	0	0	0	5	5	109	105	69	32	0	2.7153844833374023	0.2285786271095276	0.571108877658844	20.68697738647461	21.685598373413086	7.369056224822998	1.0	0.9999998807907104	2.3996429443359375	7.681692600250244	7.369056224822998	21.685598373413086
3	12	60	0	1	16	21	5	32	97	61	32	0	2.727940797805786	0.16798855364322662	0.5709042549133301	20.659069061279297	21.65772247314453	7.349870204925537	1.0	0.9999999403953552	2.3623945713043213	5.748091697692871	7.349870204925537	21.65772247314453
3	12	60	0	2	32	37	5	97	108	6c	32	0	3.417097330093384	0.15537482500076294	0.5776084065437317	21.07703399658203	22.07583236694336	7.568141937255859	1.0	1.0	2.91806960105896	7.230106353759766	7.568141937255859	22.07583236694336
3	12	60	0	3	48	53	5	97	111	6f	32	0	3.0548248291015625	0.17996591329574585	0.5795894861221313	21.205860137939453	22.204681396484375	7.638686656951904	0.9999999403953552	1.0	2.9133968353271484	7.932731628417969	7.638686656951904	22.204681396484375
3	12	60	0	4	64	69	5	114	32	20	32	1	1.7329096794128418	0.17676930129528046	0.5716237425804138	20.7170352935791	21.715682983398438	7.382033348083496	1.0	1.0	2.3281445503234863	6.2082366943359375	7.382033348083496	21.715682983398438
3	12	60	0	5	80	85	5	114	114	72	32	0	3.183938980102539	0.18005743622779846	0.5716477632522583	20.71858024597168	21.717227935791016	7.382859706878662	0.9999999403953552	1.0	2.322650671005249	6.440807819366455	7.382859706878662	21.717227935791016
3	12	60	0	6	96	101	5	101	115	73	32	0	3.049057960510254	0.1906522959470749	0.571526288986206	20.709314346313477	21.707962036132812	7.377885341644287	1.0	1.0	2.326514959335327	6.410642147064209	7.377885341644287	21.707962036132812
3	12	60	0	7	112	117	5	78	105	69	32	0	2.9627392292022705	0.18296842277050018	0.5715020895004272	20.697450637817383	21.696123123168945	7.36757230758667	1.0	0.9999998807907104	2.3193953037261963	6.696969032287598	7.36757230758667	21.696123123168945
3	12	60	0	8	128	133	5	32	32	20	32	1	1.7597880363464355	0.17208132147789001	0.5746641159057617	20.882476806640625	21.88124656677246	7.465821743011475	1.0	1.0	2.329284429550171	6.253353118896484	7.465821743011475	21.88124656677246
3	12	60	0	9	144	149	5	110	103	67	32	0	4.561301231384277	0.1887226402759552	0.5716371536254883	20.718801498413086	21.717445373535156	7.383633136749268	0.9999998807907104	0.9999998807907104	2.328368902206421	6.268959045410156	7.383633136749268	21.717445373535156
3	12	60	0	10	160	165	5	97	104	68	32	0	3.546856164932251	0.17668861150741577	0.5776505470275879	21.077510833740234	22.076313018798828	7.569635391235352	1.0	1.0	2.8984837532043457	8.665103912353516	7.569635391235352	22.076313018798828
3	12	60	0	11	176	181	5	97	110	6e	32	0	3.1082077026367188	0.19970498979091644	0.5769383311271667	21.031835556030273	22.030630111694336	7.544903755187988	1.0	1.0	2.8961362838745117	8.701127052307129	7.544903755187988	22.030630111694336
3	12	60	0	12	192	197	5	116	97	61	32	0	2.6555047035217285	0.17936530709266663	0.5721166133880615	20.731674194335938	21.73037338256836	7.387258052825928	0.9999999403953552	1.0000001192092896	2.3208794593811035	6.412333011627197	7.387258052825928	21.73037338256836
3	12	60	0	13	208	213	5	101	110	6e	32	0	3.346780300140381	0.18092553317546844	0.5715301632881165	20.70914649963379	21.707796096801758	7.377674102783203	0.9999998807907104	0.9999999403953552	2.3200154304504395	6.483731746673584	7.377674102783203	21.707796096801758
3	12	60	0	14	224	229	5	32	101	65	32	0	2.215134859085083	0.17683091759681702	0.5751073956489563	20.908769607543945	21.907546997070312	7.480067729949951	1.0	0.9999998807907104	2.31827712059021	6.474913597106934	7.480067729949951	21.907546997070312
3	12	60	0	15	240	245	5	97	116	74	32	0	2.744495391845703	0.21250738203525543	0.5765917301177979	21.009580612182617	22.00836944580078	7.532886028289795	1.0	1.0	2.8918330669403076	8.759860038757324	7.532886028289795	22.00836944580078
3	12	60	0	0	0	6	6	109	100	64	32	0	3.5871877670288086	0.2207016795873642	0.5722948908805847	20.734519958496094	21.73323631286621	7.388188362121582	0.9999999403953552	1.0	2.4118316173553467	7.335254192352295	7.388188362121582	21.73323631286621
3	12	60	0	1	16	22	6	32	32	20	32	1	1.8217198848724365	0.16174732148647308	0.5725932121276855	20.75086784362793	21.749597549438477	7.397324562072754	1.0	1.0	2.367462635040283	5.659292697906494	7.397324562072754	21.749597549438477
3	12	60	0	2	32	38	6	97	117	75	32	0	3.8211259841918945	0.15955354273319244	0.5757189989089966	20.94525146484375	21.94403839111328	7.502337455749512	1.0	1.0	2.9170048236846924	7.143754482269287	7.502337455749512	21.94403839111328
3	12	60	0	3	48	54	6	97	32	20	32	1	1.7659637928009033	0.17102187871932983	0.5763799548149109	20.98687744140625	21.985671997070312	7.525481700897217	1.0	1.0	2.910874843597412	7.697035789489746	7.525481700897217	21.985671997070312
3	12	60	0	4	64	70	6	114	119	77	32	0	4.263879776000977	0.18133017420768738	0.5726932287216187	20.758874893188477	21.75760269165039	7.400475978851318	1.0	0.9999998807907104	2.332789182662964	6.146488189697266	7.400475978851318	21.75760269165039
3	12	60	0	5	80	86	6	114	115	73	32	0	2.9940383434295654	0.18415838479995728	0.5727060437202454	20.759685516357422	21.758413314819336	7.40090799331665	1.0	1.0	2.3259074687957764	6.400507926940918	7.40090799331665	21.758413314819336
3	12	60	0	6	96	102	6	101	116	74	32	0	2.6201822757720947	0.18656398355960846	0.5726536512374878	20.756145477294922	21.754873275756836	7.399260997772217	1.0	1.0	2.3280327320098877	6.375257968902588	7.399260997772217	21.754873275756836
3	12	60	0	7	112	118	6	78	101	65	32	0	2.1626908779144287	0.1837632954120636	0.5728474259376526	20.7663516998291	21.765087127685547	7.4048566818237305	1.0	0.9999999403953552	2.3216893672943115	6.625227928161621	7.4048566818237305	21.765087127685547
3	12	60	0	8	128	134	6	32	83	53	32	0	5.279926776885986	0.16826893389225006	0.5748720169067383	20.89204978942871	21.890823364257812	7.47365665435791	1.0	1.0	2.33036732673645	6.256905555725098	7.47365665435791	21.890823364257812
3	12	60	0	9	144	150	6	110	101	65	32	0	2.2976837158203125	0.18750028312206268	0.5726639628410339	20.757217407226562	21.755945205688477	7.39972448348999	1.0	1.0	2.331151247024536	6.190572261810303	7.39972448348999	21.755945205688477
3	12	60	0	10	160	166	6	97	101	65	32	0	2.2461867332458496	0.17622898519039154	0.5759772658348083	20.961944580078125	21.960735321044922	7.511096477508545	1.0	1.0	2.8960623741149902	8.565348625183105	7.511096477508545	21.960735321044922
3	12	60	0	11	176	182	6	97	100	64	32	0	3.3733370304107666	0.19830410182476044	0.5756666660308838	20.942304611206055	21.941089630126953	7.500514507293701	1.0	0.9999999403953552	2.8943710327148438	8.658957481384277	7.500514507293701	21.941089630126953
3	12	60	0	12	192	198	6	116	99	63	32	0	3.5258755683898926	0.17705021798610687	0.5733450055122375	20.79741096496582	21.79615592956543	7.422311305999756	1.0000001192092896	1.0	2.3217356204986572	6.388911247253418	7.422311305999756	21.79615592956543
3	12	60	0	13	208	214	6	101	32	20	32	1	1.7162216901779175	0.17974400520324707	0.5726666450500488	20.756893157958984	21.7556209564209	7.399670600891113	1.0	0.9999998807907104	2.3217222690582275	6.43159294128418	7.399670600891113	21.7556209564209
3	12	60	0	14	224	230	6	32	110	6e	32	0	3.3514862060546875	0.17495021224021912	0.5751326084136963	20.908300399780273	21.907079696655273	7.482600212097168	0.9999999403953552	1.0	2.3191580772399902	6.457651138305664	7.482600212097168	21.907079696655273
3	12	60	0	15	240	246	6	97	111	6f	32	0	3.0504872798919678	0.20997215807437897	0.575522780418396	20.933223724365234	21.9320068359375	7.495598793029785	1.0	0.9999999403953552	2.8907010555267334	8.705974578857422	7.495598793029785	21.9320068359375
3	13	61	0	0	0	5	5	101	110	6e	32	0	3.3522391319274902	0.1768340766429901	0.5714992880821228	20.698457717895508	21.697128295898438	7.368736743927002	1.0	0.9999999403953552	2.430798292160034	6.826073169708252	7.368736743927002	21.697128295898438
3	13	61	0	1	16	21	5	32	32	20	32	1	1.546203851699829	0.21305522322654724	0.5712991952896118	20.68098258972168	21.679658889770508	7.359260082244873	1.0	1.0	2.3716988563537598	5.447874546051025	7.359260082244873	21.679658889770508
3	13	61	0	2	32	37	5	105	32	20	32	1	1.5073251724243164	0.2215016633272171	0.5718141198158264	20.69300079345703	21.691728591918945	7.360260486602783	1.0	1.0	2.901066541671753	7.200879096984863	7.360260486602783	21.691728591918945
3	13	61	0	3	48	53	5	112	101	65	32	0	1.9059110879898071	0.19314107298851013	0.5717113018035889	20.699905395507812	21.698604583740234	7.363173961639404	1.0	1.0	2.317138910293579	7.277867317199707	7.363173961639404	21.698604583740234
3	13	61	0	4	64	69	5	101	116	74	32	0	2.5543622970581055	0.18903249502182007	0.5714188814163208	20.6995849609375	21.6982364654541	7.372060775756836	1.0	1.0	2.3165438175201416	6.816722869873047	7.372060775756836	21.6982364654541
3	13	61	0	5	80	85	5	99	110	6e	32	0	3.3342361450195312	0.17768821120262146	0.5717394351959229	20.719392776489258	21.718055725097656	7.381131172180176	1.0	0.9999998807907104	2.3227927684783936	6.326408863067627	7.381131172180176	21.718055725097656
3	13	61	0	6	96	101	5	103	99	63	32	0	3.489133596420288	0.1920868456363678	0.5715559720993042	20.7137508392334	21.712392807006836	7.381471633911133	1.0	1.0	2.3198447227478027	6.832729339599609	7.381471633911133	21.712392807006836
3	13	61	0	7	112	117	5	104	110	6e	32	0	3.188292980194092	0.18685221672058105	0.5720053911209106	20.721759796142578	21.720460891723633	7.3749566078186035	1.0	0.9999998807907104	2.325138807296753	6.316713809967041	7.3749566078186035	21.720460891723633
3	13	61	0	8	128	133	5	32	34	22	32	0	5.28837251663208	0.18147021532058716	0.5722461938858032	20.72755241394043	21.726276397705078	7.382213592529297	1.0	0.9999998807907104	2.3249619007110596	6.161493301391602	7.382213592529297	21.726276397705078
3	13	61	0	9	144	149	5	97	101	65	32	0	2.3736655712127686	0.22942520678043365	0.5766388177871704	21.01262855529785	22.01141929626465	7.534534931182861	1.0	0.9999999403953552	2.902083396911621	8.107097625732422	7.534534931182861	22.01141929626465
3	13	61	0	10	160	165	5	99	101	65	32	0	2.2709031105041504	0.19780313968658447	0.5716273188591003	20.71215057373047	21.7108097076416	7.377527236938477	1.0	1.0	2.3290793895721436	6.221695899963379	7.377527236938477	21.7108097076416
3	13	61	0	11	176	181	5	101	32	20	32	1	1.6205554008483887	0.197788804769516	0.5714983940124512	20.706573486328125	21.705223083496094	7.376165866851807	1.0	0.9999998807907104	2.328169584274292	6.275575637817383	7.376165866851807	21.705223083496094
3	13	61	0	12	192	197	5	111	97	61	32	0	2.9890942573547363	0.22649432718753815	0.5764767527580261	20.995296478271484	21.994091033935547	7.524866580963135	1.0	0.9999999403953552	2.9000394344329834	8.079944610595703	7.524866580963135	21.994091033935547
3	13	61	0	13	208	213	5	110	97	61	32	0	2.681778907775879	0.21188917756080627	0.5717571377754211	20.727699279785156	21.72634506225586	7.388891696929932	1.0	1.0	2.3286373615264893	6.130988597869873	7.388891696929932	21.72634506225586
3	13	61	0	14	224	229	5	32	100	64	32	0	3.7401208877563477	0.20959556102752686	0.5726525783538818	20.751293182373047	21.750032424926758	7.3946709632873535	0.9999999403953552	1.0	2.328110694885254	6.0747222900390625	7.3946709632873535	21.750032424926758
3	13	61	0	15	240	245	5	32	32	20	32	1	1.6499080657958984	0.19206756353378296	0.5733785629272461	20.801742553710938	21.800485610961914	7.42247200012207	1.0	1.0000001192092896	2.324465036392212	6.298293113708496	7.42247200012207	21.800485610961914
3	13	61	0	0	0	6	6	101	103	67	32	0	4.665831565856934	0.18198934197425842	0.5728355646133423	20.765872955322266	21.764606475830078	7.404581069946289	1.0	0.9999999403953552	2.4399876594543457	6.6018171310424805	7.404581069946289	21.764606475830078
3	13	61	0	1	16	22	6	32	111	6f	32	0	3.1328046321868896	0.2057717740535736	0.5729150176048279	20.770456314086914	21.769193649291992	7.407399654388428	1.0	1.0	2.3792667388916016	5.392394065856934	7.407399654388428	21.769193649291992
3	13	61	0	2	32	38	6	105	84	54	32	0	5.631457328796387	0.20257404446601868	0.5736379027366638	20.812625885009766	21.811382293701172	7.430969715118408	1.0	0.9999999403953552	2.9158103466033936	6.86895227432251	7.430969715118408	21.811382293701172
3	13	61	0	3	48	54	6	112	32	20	32	1	1.6323155164718628	0.19547642767429352	0.5731244683265686	20.781478881835938	21.78022575378418	7.412870407104492	1.0	1.0	2.3216240406036377	7.20814847946167	7.412870407104492	21.78022575378418
3	13	61	0	4	64	70	6	101	105	69	32	0	2.908792018890381	0.19230467081069946	0.5726651549339294	20.756410598754883	21.755138397216797	7.399559020996094	1.0	1.0	2.320751428604126	6.7535786628723145	7.399559020996094	21.755138397216797
3	13	61	0	5	80	86	6	99	103	67	32	0	4.428114891052246	0.1798890233039856	0.572891116142273	20.770488739013672	21.769222259521484	7.406643867492676	1.0	1.0	2.3254780769348145	6.2985734939575195	7.406643867492676	21.769222259521484
3	13	61	0	6	96	102	6	103	105	69	32	0	2.8729302883148193	0.1979467123746872	0.5726443529129028	20.756195068359375	21.75492286682129	7.399296760559082	1.0	1.0	2.323754072189331	6.700834274291992	7.399296760559082	21.75492286682129
3	13	61	0	7	112	118	6	104	100	64	32	0	3.5319929122924805	0.18951550126075745	0.5731520056724548	20.783527374267578	21.782272338867188	7.413796901702881	1.0	1.0	2.3282480239868164	6.328199863433838	7.413796901702881	21.782272338867188
3	13	61	0	8	128	134	6	32	32	20	32	1	1.7145748138427734	0.18004024028778076	0.5737788081169128	20.823068618774414	21.82182502746582	7.436488628387451	0.9999999403953552	1.0	2.3281025886535645	6.136873722076416	7.436488628387451	21.82182502746582
3	13	61	0	9	144	150	6	97	114	72	32	0	3.263552188873291	0.2236078679561615	0.5755427479743958	20.934490203857422	21.93327522277832	7.496278762817383	1.0	0.9999998807907104	2.9016716480255127	7.964869976043701	7.496278762817383	21.93327522277832
3	13	61	0	10	160	166	6	99	32	20	32	1	1.5832297801971436	0.2053109109401703	0.5728306770324707	20.76670265197754	21.76543426513672	7.40472412109375	1.0	0.9999999403953552	2.331449031829834	6.144611835479736	7.40472412109375	21.76543426513672
3	13	61	0	11	176	182	6	101	116	74	32	0	2.678438901901245	0.1988818496465683	0.5726616978645325	20.75649070739746	21.755218505859375	7.399483680725098	1.0	0.9999999403953552	2.3318874835968018	6.159900188446045	7.399483680725098	21.755218505859375
3	13	61	0	12	192	198	6	111	116	74	32	0	2.77061128616333	0.2168658822774887	0.5756102800369263	20.93770980834961	21.93649673461914	7.498591899871826	1.0	1.0	2.8982324600219727	8.026863098144531	7.498591899871826	21.93649673461914
3	13	61	0	13	208	214	6	110	108	6c	32	0	3.761162281036377	0.2111251801252365	0.5727081894874573	20.760255813598633	21.758983612060547	7.401318550109863	1.0	1.0	2.3301570415496826	6.061081886291504	7.401318550109863	21.758983612060547
3	13	61	0	14	224	230	6	32	32	20	32	1	1.5617488622665405	0.20976890623569489	0.5740360617637634	20.83901596069336	21.837778091430664	7.4451904296875	0.9999998807907104	1.0	2.3291499614715576	6.071176052093506	7.4451904296875	21.837778091430664
3	13	61	0	15	240	246	6	32	98	62	32	0	4.724828720092773	0.1920226514339447	0.574254035949707	20.85325813293457	21.852022171020508	7.45266056060791	0.9999999403953552	0.9999999403953552	2.3268628120422363	6.272922515869141	7.45266056060791	21.852022171020508
3	14	62	0	0	0	5	5	111	117	75	32	0	3.70651912689209	0.20244187116622925	0.5709560513496399	20.673213958740234	21.67184066772461	7.359584808349609	1.0	1.0	2.4111411571502686	6.614066123962402	7.359584808349609	21.67184066772461
3	14	62	0	1	16	21	5	111	116	74	32	0	2.489531993865967	0.17255596816539764	0.571293830871582	20.702505111694336	21.701122283935547	7.379741668701172	1.0	1.0	2.310981035232544	9.527691841125488	7.379741668701172	21.701122283935547
3	14	62	0	2	32	37	5	101	105	69	32	0	2.784792423248291	0.15737055242061615	0.571369469165802	20.695953369140625	21.694602966308594	7.370116233825684	1.0	1.0	2.316927671432495	7.601259231567383	7.370116233825684	21.694602966308594
3	14	62	0	3	48	53	5	97	114	72	32	0	3.08943247795105	0.19066037237644196	0.5776146650314331	21.075069427490234	22.07387351989746	7.56804084777832	1.0	1.0000001192092896	2.9100148677825928	7.92763090133667	7.56804084777832	22.07387351989746
3	14	62	0	4	64	69	5	121	32	20	32	1	1.5794072151184082	0.20609724521636963	0.5695134997367859	20.578542709350586	21.57711410522461	7.312043190002441	1.0	1.0	2.861199378967285	8.06100082397461	7.312043190002441	21.57711410522461
3	14	62	0	5	80	85	5	115	32	20	32	1	1.68032705783844	0.18631303310394287	0.5720914006233215	20.747974395751953	21.746633529663086	7.3978400230407715	0.9999998807907104	1.0	2.3154797554016113	7.039411544799805	7.3978400230407715	21.746633529663086
3	14	62	0	6	96	101	5	101	118	76	32	0	4.696200370788574	0.19496622681617737	0.5714272260665894	20.69989776611328	21.698549270629883	7.3720831871032715	1.0	1.0	2.321680784225464	6.630921840667725	7.3720831871032715	21.698549270629883
3	14	62	0	7	112	117	5	111	97	61	32	0	2.9050416946411133	0.20812542736530304	0.5770975351333618	21.035383224487305	22.0341854095459	7.547971725463867	1.0	1.0	2.9076335430145264	8.002820014953613	7.547971725463867	22.0341854095459
3	14	62	0	8	128	133	5	32	101	65	32	0	2.15846586227417	0.206546813249588	0.5739917159080505	20.84030532836914	21.839059829711914	7.443225860595703	0.9999999403953552	1.0	2.322617292404175	6.362143516540527	7.443225860595703	21.839059829711914
3	14	62	0	9	144	149	5	108	32	20	32	1	1.6273186206817627	0.19645564258098602	0.5707723498344421	20.647335052490234	21.645992279052734	7.339856147766113	1.0	1.0	2.325716018676758	6.21516752243042	7.339856147766113	21.645992279052734
3	14	62	0	10	160	165	5	111	110	6e	32	0	2.8832616806030273	0.20754311978816986	0.576587438583374	21.0023250579834	22.001121520996094	7.528840065002441	1.0	1.0	2.9005374908447266	8.417156219482422	7.528840065002441	22.001121520996094
3	14	62	0	11	176	181	5	116	101	65	32	0	2.091362714767456	0.1748720407485962	0.5723291635513306	20.745222091674805	21.743925094604492	7.394057273864746	1.0	1.0	2.3144941329956055	6.623624324798584	7.394057273864746	21.743925094604492
3	14	62	0	12	192	197	5	112	115	73	32	0	3.188248634338379	0.1821064054965973	0.5717571377754211	20.705827713012695	21.70452308654785	7.367635726928711	1.0	0.9999999403953552	2.3189640045166016	6.568253517150879	7.367635726928711	21.70452308654785
3	14	62	0	13	208	213	5	114	110	6e	32	0	3.1772046089172363	0.18494020402431488	0.5717577338218689	20.72612762451172	21.72477912902832	7.386933326721191	0.9999998807907104	1.0	2.3217639923095703	6.348243236541748	7.386933326721191	21.72477912902832
3	14	62	0	14	224	229	5	110	115	73	32	0	3.1673219203948975	0.1937570571899414	0.5716444253921509	20.718843460083008	21.71748924255371	7.383540630340576	1.0	0.9999998807907104	2.317373752593994	6.651697635650635	7.383540630340576	21.71748924255371
3	14	62	0	15	240	245	5	32	102	66	32	0	3.5657238960266113	0.18779043853282928	0.5734404921531677	20.803430557250977	21.80217933654785	7.423251152038574	1.0	1.0	2.316641092300415	6.648823261260986	7.423251152038574	21.80217933654785
3	14	62	0	0	0	6	6	111	114	72	32	0	3.0344619750976562	0.20177169144153595	0.5722759962081909	20.732398986816406	21.731117248535156	7.386960506439209	1.0	1.0	2.418071985244751	6.54768705368042	7.386960506439209	21.731117248535156
3	14	62	0	1	16	22	6	111	32	20	32	1	1.7820459604263306	0.16829347610473633	0.5723506808280945	20.738941192626953	21.737659454345703	7.390695095062256	1.0	1.0	2.3149986267089844	9.265978813171387	7.390695095062256	21.737659454345703
3	14	62	0	2	32	38	6	101	97	61	32	0	2.717679023742676	0.1597442775964737	0.5726518630981445	20.75551414489746	21.754243850708008	7.399134159088135	1.0	0.9999998807907104	2.3213536739349365	7.590043067932129	7.399134159088135	21.754243850708008
3	14	62	0	3	48	54	6	97	107	6b	32	0	4.896421432495117	0.19391044974327087	0.5759573578834534	20.960630416870117	21.95941925048828	7.510364532470703	1.0	0.9999999403953552	2.908817768096924	7.741144180297852	7.510364532470703	21.95941925048828
3	14	62	0	4	64	70	6	121	112	70	32	0	4.989801406860352	0.19348551332950592	0.5714645981788635	20.681726455688477	21.680423736572266	7.361506938934326	1.0	1.0000001192092896	2.8826792240142822	8.095986366271973	7.361506938934326	21.680423736572266
3	14	62	0	5	80	86	6	115	99	63	32	0	3.342933177947998	0.19078628718852997	0.5729348063468933	20.774063110351562	21.772798538208008	7.408078193664551	1.0	0.9999998807907104	2.317814350128174	6.999768257141113	7.408078193664551	21.772798538208008
3	14	62	0	6	96	102	6	101	101	65	32	0	2.1864099502563477	0.19435904920101166	0.5726736783981323	20.756895065307617	21.755624771118164	7.39980411529541	0.9999999403953552	1.0000001192092896	2.323943614959717	6.637174129486084	7.39980411529541	21.755624771118164
3	14	62	0	7	112	118	6	111	110	6e	32	0	2.8286526203155518	0.20983374118804932	0.5759556889533997	20.9599552154541	21.9587459564209	7.510592937469482	0.9999998807907104	0.9999999403953552	2.906252861022949	7.8778252601623535	7.510592937469482	21.9587459564209
3	14	62	0	8	128	134	6	32	97	61	32	0	2.7529263496398926	0.19932281970977783	0.5745510458946228	20.87192153930664	21.870691299438477	7.462766647338867	0.9999998807907104	1.0	2.3229000568389893	6.39010763168335	7.462766647338867	21.870691299438477
3	14	62	0	9	144	150	6	108	46	2e	32	0	4.832292556762695	0.20322763919830322	0.5725431442260742	20.746623992919922	21.74535369873047	7.39450216293335	1.0	1.0	2.329408884048462	6.152259826660156	7.39450216293335	21.74535369873047
3	14	62	0	10	160	166	6	111	99	63	32	0	3.3056907653808594	0.20388884842395782	0.5756597518920898	20.94084358215332	21.93962860107422	7.5003342628479	1.0	1.0	2.8990042209625244	8.423019409179688	7.5003342628479	21.93962860107422
3	14	62	0	11	176	182	6	116	118	76	32	0	4.687436103820801	0.17577189207077026	0.5734460949897766	20.80369758605957	21.802444458007812	7.425558090209961	1.0	1.0	2.3184311389923096	6.506012439727783	7.425558090209961	21.802444458007812
3	14	62	0	12	192	198	6	112	115	73	32	0	3.1829309463500977	0.1800541877746582	0.5731009840965271	20.780607223510742	21.77935028076172	7.412349224090576	1.0	0.9999999403953552	2.3193774223327637	6.588135242462158	7.412349224090576	21.77935028076172
3	14	62	0	13	208	214	6	114	100	64	32	0	3.5921735763549805	0.18507736921310425	0.5727548003196716	20.762832641601562	21.761564254760742	7.40252685546875	1.0	1.0	2.3241493701934814	6.250207424163818	7.40252685546875	21.761564254760742
3	14	62	0	14	224	230	6	110	32	20	32	1	1.6600364446640015	0.1901320517063141	0.5726758241653442	20.757898330688477	21.756628036499023	7.400115966796875	1.0	1.0000001192092896	2.3185458183288574	6.5837321281433105	7.400115966796875	21.756628036499023
3	14	62	0	15	240	246	6	32	114	72	32	0	3.2534961700439453	0.19003333151340485	0.5743533968925476	20.859291076660156	21.858057022094727	7.45606803894043	0.9999999403953552	0.9999999403953552	2.317668914794922	6.656562328338623	7.45606803894043	21.858057022094727
3	15	63	0	0	0	5	5	110	119	77	32	0	4.337089538574219	0.21049317717552185	0.570493757724762	20.634899139404297	21.6335391998291	7.332230567932129	1.0	1.0	2.436138153076172	6.214103698730469	7.332230567932129	21.6335391998291
3	15	63	0	1	16	21	5	111	32	20	32	1	1.6071006059646606	0.2004680186510086	0.5842603445053101	21.492155075073242	22.491016387939453	7.806116580963135	1.0	1.0	2.9712393283843994	5.91619348526001	7.806116580963135	22.491016387939453
3	15	63	0	2	32	37	5	117	101	65	32	0	1.8925466537475586	0.18967048823833466	0.5715777277946472	20.696434020996094	21.69512176513672	7.366219520568848	1.0	0.9999998807907104	2.31645131111145	6.765162467956543	7.366219520568848	21.69512176513672
3	15	63	0	3	48	53	5	103	101	65	32	0	2.056145191192627	0.18290801346302032	0.5724388957023621	20.784265518188477	21.78289794921875	7.4223504066467285	1.0	1.0000001192092896	2.317112922668457	6.673503875732422	7.4223504066467285	21.78289794921875
3	15	63	0	4	64	69	5	110	111	6f	32	0	2.9877538681030273	0.17293427884578705	0.5715880990028381	20.714370727539062	21.713016510009766	7.380650997161865	0.9999998807907104	0.9999999403953552	2.3180997371673584	6.448727607727051	7.380650997161865	21.713016510009766
3	15	63	0	5	80	85	5	99	105	69	32	0	2.8696744441986084	0.19293521344661713	0.5719130039215088	20.735261917114258	21.733917236328125	7.390897274017334	1.0	1.0	2.316453695297241	6.386341094970703	7.390897274017334	21.733917236328125
3	15	63	0	6	96	101	5	103	116	74	32	0	2.5768542289733887	0.18390817940235138	0.5718246102333069	20.736196517944336	21.734830856323242	7.3949079513549805	1.0	1.0	2.3234522342681885	6.230434894561768	7.3949079513549805	21.734830856323242
3	15	63	0	7	112	117	5	99	104	68	32	0	3.357761859893799	0.18826688826084137	0.5719028115272522	20.733991622924805	21.732650756835938	7.390059471130371	1.0	0.9999999403953552	2.3210675716400146	6.100870132446289	7.390059471130371	21.732650756835938
3	15	63	0	8	128	133	5	118	105	69	32	0	2.8488314151763916	0.19080360233783722	0.5718753337860107	20.723628997802734	21.722307205200195	7.380974769592285	1.0	0.9999999403953552	2.3156943321228027	6.358765602111816	7.380974769592285	21.722307205200195
3	15	63	0	9	144	149	5	10	97	61	32	0	2.7376880645751953	0.1795244961977005	0.5718879699707031	20.726430892944336	21.725101470947266	7.384238243103027	1.0	0.9999999403953552	2.3211164474487305	6.167853832244873	7.384238243103027	21.725101470947266
3	15	63	0	10	160	165	5	110	32	20	32	1	1.6887946128845215	0.1847420632839203	0.5716919898986816	20.722959518432617	21.72160530090332	7.386045932769775	0.9999998807907104	0.9999998807907104	2.3305208683013916	6.0751166343688965	7.386045932769775	21.72160530090332
3	15	63	0	11	176	181	5	32	69	45	32	0	6.812061786651611	0.18326683342456818	0.5741267204284668	20.847393035888672	21.846153259277344	7.446637153625488	1.0	1.0	2.3315951824188232	6.10530424118042	7.446637153625488	21.846153259277344
3	15	63	0	12	192	197	5	101	112	70	32	0	4.332069396972656	0.21463583409786224	0.5715938210487366	20.714427947998047	21.71307373046875	7.3806915283203125	0.9999998807907104	1.0	2.334933280944824	6.190513610839844	7.3806915283203125	21.71307373046875
3	15	63	0	13	208	213	5	101	32	20	32	1	1.6227834224700928	0.19734862446784973	0.5715377330780029	20.70891571044922	21.70756721496582	7.377339839935303	0.9999999403953552	1.0	2.3329005241394043	6.320778846740723	7.377339839935303	21.70756721496582
3	15	63	0	14	224	229	5	101	32	20	32	1	1.6542277336120605	0.19123968482017517	0.5715908408164978	20.713773727416992	21.712421417236328	7.380208969116211	0.9999998807907104	0.9999999403953552	2.327087163925171	6.292377471923828	7.380208969116211	21.712421417236328
3	15	63	0	15	240	245	5	32	108	6c	32	0	3.7698309421539307	0.1961158812046051	0.5727058053016663	20.753625869750977	21.752363204956055	7.39575719833374	1.0	1.0	2.328850507736206	6.188668727874756	7.39575719833374	21.752363204956055
3	15	63	0	0	0	6	6	110	97	61	32	0	2.8088226318359375	0.20282413065433502	0.5722598433494568	20.72918128967285	21.7279052734375	7.384115219116211	1.0	1.0	2.438523530960083	6.228716850280762	7.384115219116211	21.7279052734375
3	15	63	0	1	16	22	6	111	46	2e	32	0	4.356629848480225	0.1961050182580948	0.5787246823310852	21.134727478027344	22.133548736572266	7.608829498291016	1.0	0.9999999403953552	2.95578932762146	5.927435398101807	7.608829498291016	22.133548736572266
3	15	63	0	2	32	38	6	117	97	61	32	0	2.739691734313965	0.18677926063537598	0.5730751752853394	20.779985427856445	21.778724670410156	7.4124932289123535	1.0	1.0	2.3235890865325928	6.648353576660156	7.4124932289123535	21.778724670410156
3	15	63	0	3	48	54	6	103	32	20	32	1	1.7083206176757812	0.1811697781085968	0.5727868676185608	20.767372131347656	21.766098022460938	7.4044365882873535	0.9999998807907104	0.9999998807907104	2.3195714950561523	6.674765586853027	7.4044365882873535	21.766098022460938
3	15	63	0	4	64	70	6	110	32	20	32	1	1.7602367401123047	0.17200413346290588	0.5726587772369385	20.756628036499023	21.755355834960938	7.399423122406006	1.0	0.9999999403953552	2.32132625579834	6.330691337585449	7.399423122406006	21.755355834960938
3	15	63	0	5	80	86	6	99	109	6d	32	0	3.6959357261657715	0.19633159041404724	0.572898268699646	20.771800994873047	21.77053451538086	7.407077312469482	1.0	0.9999999403953552	2.318594455718994	6.34861421585083	7.407077312469482	21.77053451538086
3	15	63	0	6	96	102	6	103	32	20	32	1	1.7099722623825073	0.18087081611156464	0.5726622343063354	20.758195877075195	21.756921768188477	7.400153636932373	0.9999999403953552	0.9999999403953552	2.3245444297790527	6.182413101196289	7.400153636932373	21.756921768188477
3	15	63	0	7	112	118	6	99	101	65	32	0	2.1320109367370605	0.18713060021400452	0.5729020237922668	20.77192497253418	21.770658493041992	7.4071855545043945	1.0	1.0	2.3215157985687256	6.091892242431641	7.4071855545043945	21.770658493041992
3	15	63	0	8	128	134	6	118	112	70	32	0	4.321001052856445	0.19188229739665985	0.5730037689208984	20.7764949798584	21.77523422241211	7.409811496734619	1.0	0.9999999403953552	2.317091464996338	6.390773296356201	7.409811496734619	21.77523422241211
3	15	63	0	9	144	150	6	10	110	6e	32	0	3.320103645324707	0.1803724616765976	0.5729608535766602	20.774307250976562	21.77304458618164	7.408943176269531	0.9999998807907104	0.9999998807907104	2.3254003524780273	6.0312581062316895	7.408943176269531	21.77304458618164
3	15	63	0	10	160	166	6	110	69	45	32	0	6.970707416534424	0.18560095131397247	0.5726778507232666	20.758209228515625	21.756938934326172	7.4002366065979	1.0	0.9999998807907104	2.3323798179626465	6.050674915313721	7.4002366065979	21.756938934326172
3	15	63	0	11	176	182	6	32	114	72	32	0	3.233231782913208	0.18027715384960175	0.5746484994888306	20.877830505371094	21.87660026550293	7.465996742248535	1.0	1.0	2.3325064182281494	6.111454010009766	7.465996742248535	21.87660026550293
3	15	63	0	12	192	198	6	101	101	65	32	0	2.3799853324890137	0.217697873711586	0.5726707577705383	20.75733184814453	21.756059646606445	7.399817943572998	1.0	1.0	2.3368654251098633	6.125462532043457	7.399817943572998	21.756059646606445
3	15	63	0	13	208	214	6	101	116	74	32	0	2.71342134475708	0.1908523291349411	0.5726893544197083	20.75819969177246	21.756929397583008	7.400384902954102	1.0	0.9999999403953552	2.333524703979492	6.261473655700684	7.400384902954102	21.756929397583008
3	15	63	0	14	224	230	6	101	111	6f	32	0	2.9284591674804688	0.19684672355651855	0.5726809501647949	20.757896423339844	21.756624221801758	7.400132179260254	1.0	1.0	2.3290305137634277	6.2396345138549805	7.400132179260254	21.756624221801758
3	15	63	0	15	240	246	6	32	32	20	32	1	1.654602289199829	0.19116806983947754	0.5740944147109985	20.84256935119629	21.841331481933594	7.447146892547607	1.0	0.9999998807907104	2.3304831981658936	6.180258274078369	7.447146892547607	21.841331481933594
