model	checkpoint_step	horizon	group	tensor	count	mean	median	q90	q99	maximum
candidate	100	0	anchor0_h	raw_encoded_root	6	0.4789729416370392	0.4789729714393616	0.4789729714393616	0.4789729714393616	0.4789729714393616
candidate	100	0	anchor0_non_h	raw_encoded_root	250	0.630469799041748	0.6119663715362549	0.7844831347465515	0.7844831347465515	0.7844831347465515
candidate	100	0	h_rows_other_anchors	raw_encoded_root	90	0.8265390396118164	0.8271083831787109	0.8524496555328369	0.8595837950706482	0.8604556322097778
candidate	100	0	all_anchor_rows	raw_encoded_root	4096	0.818447470664978	0.8279328346252441	0.8556074500083923	0.8604074120521545	0.8632156848907471
candidate	100	0	anchor0_h	initialized_recurrent_root	6	0.9999979138374329	0.9999979138374329	0.9999979138374329	0.9999979138374329	0.9999979138374329
candidate	100	0	anchor0_non_h	initialized_recurrent_root	250	0.9999985694885254	0.9999986290931702	0.9999991655349731	0.9999991655349731	0.9999991655349731
candidate	100	0	h_rows_other_anchors	initialized_recurrent_root	90	0.9999992251396179	0.9999992251396179	0.9999992847442627	0.9999993443489075	0.9999993443489075
candidate	100	0	all_anchor_rows	initialized_recurrent_root	4096	0.9999990463256836	0.9999992847442627	0.9999992847442627	0.9999993443489075	0.999999463558197
candidate	100	0	anchor0_h	initialized_memory	6	1.32294762134552	1.3229477405548096	1.3229477405548096	1.3229477405548096	1.3229477405548096
candidate	100	0	anchor0_non_h	initialized_memory	250	3.0386290550231934	3.0307788848876953	3.7601263523101807	3.7601263523101807	3.7601263523101807
candidate	100	0	h_rows_other_anchors	initialized_memory	90	3.6827385425567627	3.698380708694458	3.7678475379943848	3.7834107875823975	3.784668207168579
candidate	100	0	all_anchor_rows	initialized_memory	4096	3.649951457977295	3.699395179748535	3.7637627124786377	3.7933077812194824	3.854135036468506
candidate	100	1	anchor0_h	rotated_z	6	0.9999979138374329	0.9999979138374329	0.9999979138374329	0.9999979138374329	0.9999979138374329
candidate	100	1	anchor0_non_h	rotated_z	250	0.9999985694885254	0.9999986290931702	0.9999991059303284	0.9999991059303284	0.9999991059303284
candidate	100	1	h_rows_other_anchors	rotated_z	90	0.9999993443489075	0.9999992251396179	0.9999992847442627	0.9999993443489075	0.9999993443489075
candidate	100	1	all_anchor_rows	rotated_z	4096	0.9999990463256836	0.9999992847442627	0.9999992847442627	0.9999993443489075	0.999999463558197
candidate	100	1	anchor0_h	rotated_s	6	1.32294762134552	1.3229477405548096	1.3229477405548096	1.3229477405548096	1.3229477405548096
candidate	100	1	anchor0_non_h	rotated_s	250	3.0386292934417725	3.0307788848876953	3.7601263523101807	3.7601263523101807	3.7601263523101807
candidate	100	1	h_rows_other_anchors	rotated_s	90	3.6827385425567627	3.698380708694458	3.7678475379943848	3.7834107875823975	3.784668207168579
candidate	100	1	all_anchor_rows	rotated_s	4096	3.649951457977295	3.699395179748535	3.7637627124786377	3.7933077812194824	3.854135036468506
candidate	100	1	anchor0_h	prior_p	6	0.0897456705570221	0.0897456705570221	0.0897456705570221	0.0897456705570221	0.0897456705570221
candidate	100	1	anchor0_non_h	prior_p	250	0.2717882990837097	0.28053992986679077	0.38055306673049927	0.38055306673049927	0.38055306673049927
candidate	100	1	h_rows_other_anchors	prior_p	90	0.36317765712738037	0.36071932315826416	0.3906281888484955	0.39499595761299133	0.39836573600769043
candidate	100	1	all_anchor_rows	prior_p	4096	0.3576936721801758	0.36221039295196533	0.39004427194595337	0.4004012942314148	0.41345253586769104
candidate	100	1	anchor0_h	innovation_w	6	0.00743590435013175	0.007435904815793037	0.007435904815793037	0.007435904815793037	0.007435904815793037
candidate	100	1	anchor0_non_h	innovation_w	250	0.06310152262449265	0.06455422192811966	0.1224844679236412	0.1224844679236412	0.1224844679236412
candidate	100	1	h_rows_other_anchors	innovation_w	90	0.10473763942718506	0.10612723231315613	0.11845900863409042	0.12309931218624115	0.12389495223760605
candidate	100	1	all_anchor_rows	innovation_w	4096	0.10432817041873932	0.10811883211135864	0.11984282732009888	0.12667495012283325	0.13783635199069977
candidate	100	1	anchor0_h	raw_successor_z	6	0.017267437651753426	0.017267439514398575	0.017267439514398575	0.017267439514398575	0.017267439514398575
candidate	100	1	anchor0_non_h	raw_successor_z	250	0.1417486071586609	0.15353474020957947	0.2505891025066376	0.2505891025066376	0.2505891025066376
candidate	100	1	h_rows_other_anchors	raw_successor_z	90	0.22243474423885345	0.22102153301239014	0.24861562252044678	0.2518770396709442	0.2580246925354004
candidate	100	1	all_anchor_rows	raw_successor_z	4096	0.2174605429172516	0.22232922911643982	0.24994933605194092	0.2565518319606781	0.27062830328941345
candidate	100	1	anchor0_h	raw_updated_s	6	1.3229451179504395	1.3229451179504395	1.3229451179504395	1.3229451179504395	1.3229451179504395
candidate	100	1	anchor0_non_h	raw_updated_s	250	3.0415408611297607	3.034585952758789	3.7659924030303955	3.7659924030303955	3.7659924030303955
candidate	100	1	h_rows_other_anchors	raw_updated_s	90	3.687784194946289	3.7035999298095703	3.773258924484253	3.789964199066162	3.7906198501586914
candidate	100	1	all_anchor_rows	raw_updated_s	4096	3.655076503753662	3.7049074172973633	3.769402265548706	3.7993087768554688	3.8609583377838135
candidate	100	1	anchor0_h	z_boundary_denominator	6	0.01729637198150158	0.01729637011885643	0.01729637011885643	0.01729637011885643	0.01729637011885643
candidate	100	1	anchor0_non_h	z_boundary_denominator	250	0.14175376296043396	0.15353801846504211	0.25059109926223755	0.25059109926223755	0.25059109926223755
candidate	100	1	h_rows_other_anchors	z_boundary_denominator	90	0.22243700921535492	0.2210237830877304	0.24861763417720795	0.2518790066242218	0.2580266296863556
candidate	100	1	all_anchor_rows	z_boundary_denominator	4096	0.21746301651000977	0.2223314791917801	0.2499513328075409	0.2565537691116333	0.2706301510334015
candidate	100	1	anchor0_h	s_boundary_denominator	6	1.322945475578308	1.322945475578308	1.322945475578308	1.322945475578308	1.322945475578308
candidate	100	1	anchor0_non_h	s_boundary_denominator	250	3.04154109954834	3.034586191177368	3.7659924030303955	3.7659924030303955	3.7659924030303955
candidate	100	1	h_rows_other_anchors	s_boundary_denominator	90	3.687784194946289	3.7035999298095703	3.773259162902832	3.789964437484741	3.7906200885772705
candidate	100	1	all_anchor_rows	s_boundary_denominator	4096	3.655076503753662	3.7049074172973633	3.769402503967285	3.7993087768554688	3.8609585762023926
candidate	100	1	anchor0_h	stored_successor_z	6	0.9983273148536682	0.9983273148536682	0.9983273148536682	0.9983273148536682	0.9983273148536682
candidate	100	1	anchor0_non_h	stored_successor_z	250	0.9998713731765747	0.9999787211418152	0.9999921321868896	0.9999921321868896	0.9999921321868896
candidate	100	1	h_rows_other_anchors	stored_successor_z	90	0.9999896287918091	0.9999897480010986	0.9999918937683105	0.9999921321868896	0.9999924898147583
candidate	100	1	all_anchor_rows	stored_successor_z	4096	0.9999800324440002	0.9999898672103882	0.9999920129776001	0.9999924302101135	0.9999932050704956
candidate	100	1	anchor0_h	stored_successor_s	6	0.9999998211860657	0.9999997615814209	0.9999997615814209	0.9999997615814209	0.9999997615814209
candidate	100	1	anchor0_non_h	stored_successor_s	250	1.0	0.9999999403953552	1.0	1.0	1.0
candidate	100	1	h_rows_other_anchors	stored_successor_s	90	1.0	0.9999999403953552	1.0	1.0	1.0
candidate	100	1	all_anchor_rows	stored_successor_s	4096	1.0	0.9999999403953552	1.0	1.0	1.0000001192092896
candidate	100	2	anchor0_h	rotated_z	6	0.9983273148536682	0.9983273148536682	0.9983273148536682	0.9983273148536682	0.9983273148536682
candidate	100	2	anchor0_non_h	rotated_z	250	0.9998713731765747	0.9999787211418152	0.9999920725822449	0.9999920725822449	0.9999920725822449
candidate	100	2	h_rows_other_anchors	rotated_z	90	0.9999896287918091	0.9999897480010986	0.9999918937683105	0.9999920725822449	0.9999924898147583
candidate	100	2	all_anchor_rows	rotated_z	4096	0.9999800324440002	0.9999898672103882	0.9999920129776001	0.9999924302101135	0.9999932050704956
candidate	100	2	anchor0_h	rotated_s	6	0.9999998211860657	0.9999997615814209	0.9999997615814209	0.9999997615814209	0.9999997615814209
candidate	100	2	anchor0_non_h	rotated_s	250	1.0	0.9999999403953552	1.0	1.0	1.0
candidate	100	2	h_rows_other_anchors	rotated_s	90	1.0	0.9999999403953552	1.0	1.0	1.0
candidate	100	2	all_anchor_rows	rotated_s	4096	1.0	0.9999999403953552	1.0	1.0	1.0000001192092896
candidate	100	2	anchor0_h	prior_p	6	0.10301215201616287	0.10301215201616287	0.10301215201616287	0.10301215201616287	0.10301215201616287
candidate	100	2	anchor0_non_h	prior_p	250	0.1752554029226303	0.18064740300178528	0.21243149042129517	0.22175322473049164	0.22175322473049164
candidate	100	2	h_rows_other_anchors	prior_p	90	0.1880853921175003	0.18892830610275269	0.20846901834011078	0.211885467171669	0.211904838681221
candidate	100	2	all_anchor_rows	prior_p	4096	0.18464039266109467	0.18601390719413757	0.20597286522388458	0.2129373550415039	0.22175322473049164
candidate	100	2	anchor0_h	innovation_w	6	0.01053712610155344	0.01053712610155344	0.01053712610155344	0.01053712610155344	0.01053712610155344
candidate	100	2	anchor0_non_h	innovation_w	250	0.023355431854724884	0.023510538041591644	0.036089833825826645	0.04524241387844086	0.04524241387844086
candidate	100	2	h_rows_other_anchors	innovation_w	90	0.027902992442250252	0.026401136070489883	0.03483779355883598	0.03745259717106819	0.03787877783179283
candidate	100	2	all_anchor_rows	innovation_w	4096	0.026915639638900757	0.026262778788805008	0.034321319311857224	0.03744542598724365	0.04524241387844086
candidate	100	2	anchor0_h	raw_successor_z	6	0.00838697049766779	0.00838697049766779	0.00838697049766779	0.00838697049766779	0.00838697049766779
candidate	100	2	anchor0_non_h	raw_successor_z	250	0.034751296043395996	0.03262270241975784	0.04380761831998825	0.04772404208779335	0.04772404208779335
candidate	100	2	h_rows_other_anchors	raw_successor_z	90	0.03879120200872421	0.038649559020996094	0.04378616809844971	0.04768788069486618	0.04812825098633766
candidate	100	2	all_anchor_rows	raw_successor_z	4096	0.03747381269931793	0.03825446218252182	0.04382121562957764	0.04757915064692497	0.049656372517347336
candidate	100	2	anchor0_h	raw_updated_s	6	1.0000921487808228	1.0000921487808228	1.0000921487808228	1.0000921487808228	1.0000921487808228
candidate	100	2	anchor0_non_h	raw_updated_s	250	1.0009996891021729	1.0008541345596313	1.0015748739242554	1.0017765760421753	1.0017765760421753
candidate	100	2	h_rows_other_anchors	raw_updated_s	90	1.0014081001281738	1.0012946128845215	1.0019917488098145	1.0022978782653809	1.0024000406265259
candidate	100	2	all_anchor_rows	raw_updated_s	4096	1.0013676881790161	1.001311182975769	1.0019139051437378	1.0022832155227661	1.0027152299880981
candidate	100	2	anchor0_h	z_boundary_denominator	6	0.008446376770734787	0.008446376770734787	0.008446376770734787	0.008446376770734787	0.008446376770734787
candidate	100	2	anchor0_non_h	z_boundary_denominator	250	0.03476636856794357	0.032638028264045715	0.04381903260946274	0.047734517604112625	0.047734517604112625
candidate	100	2	h_rows_other_anchors	z_boundary_denominator	90	0.03880440816283226	0.038662493228912354	0.04379758611321449	0.04769836366176605	0.04813864082098007
candidate	100	2	all_anchor_rows	z_boundary_denominator	4096	0.03748767822980881	0.038267530500888824	0.04383262246847153	0.047589655965566635	0.04966643825173378
candidate	100	2	anchor0_h	s_boundary_denominator	6	1.000092625617981	1.000092625617981	1.000092625617981	1.000092625617981	1.000092625617981
candidate	100	2	anchor0_non_h	s_boundary_denominator	250	1.0010000467300415	1.0008546113967896	1.0015753507614136	1.0017770528793335	1.0017770528793335
candidate	100	2	h_rows_other_anchors	s_boundary_denominator	90	1.0014084577560425	1.0012950897216797	1.0019922256469727	1.002298355102539	1.002400517463684
candidate	100	2	all_anchor_rows	s_boundary_denominator	4096	1.0013681650161743	1.0013116598129272	1.001914381980896	1.0022836923599243	1.0027157068252563
candidate	100	2	anchor0_h	stored_successor_z	6	0.9929667115211487	0.9929667115211487	0.9929667115211487	0.9929667115211487	0.9929667115211487
candidate	100	2	anchor0_non_h	stored_successor_z	250	0.9995168447494507	0.999530553817749	0.9997395277023315	0.9997804760932922	0.9997804760932922
candidate	100	2	h_rows_other_anchors	stored_successor_z	90	0.9996408224105835	0.9996654391288757	0.9997392296791077	0.9997802376747131	0.9997841715812683
candidate	100	2	all_anchor_rows	stored_successor_z	4096	0.9995933771133423	0.9996585249900818	0.9997397661209106	0.999779224395752	0.9997972846031189
candidate	100	2	anchor0_h	stored_successor_s	6	0.999999463558197	0.999999463558197	0.999999463558197	0.999999463558197	0.999999463558197
candidate	100	2	anchor0_non_h	stored_successor_s	250	0.9999995231628418	0.9999995231628418	0.9999995827674866	0.9999995827674866	0.9999995827674866
candidate	100	2	h_rows_other_anchors	stored_successor_s	90	0.999999463558197	0.9999995231628418	0.9999995827674866	0.9999995827674866	0.9999995827674866
candidate	100	2	all_anchor_rows	stored_successor_s	4096	0.9999996423721313	0.9999995231628418	0.9999995827674866	0.9999995827674866	0.9999996423721313
candidate	100	3	anchor0_h	rotated_z	6	0.9929667115211487	0.9929667115211487	0.9929667115211487	0.9929667115211487	0.9929667115211487
candidate	100	3	anchor0_non_h	rotated_z	250	0.9995168447494507	0.999530553817749	0.9997395277023315	0.9997804760932922	0.9997804760932922
candidate	100	3	h_rows_other_anchors	rotated_z	90	0.9996408224105835	0.9996654391288757	0.9997392296791077	0.9997802376747131	0.9997841715812683
candidate	100	3	all_anchor_rows	rotated_z	4096	0.9995933771133423	0.9996585249900818	0.9997397661209106	0.999779224395752	0.9997972846031189
candidate	100	3	anchor0_h	rotated_s	6	0.999999463558197	0.999999463558197	0.999999463558197	0.999999463558197	0.999999463558197
candidate	100	3	anchor0_non_h	rotated_s	250	0.9999995231628418	0.9999995231628418	0.9999995827674866	0.9999995827674866	0.9999995827674866
candidate	100	3	h_rows_other_anchors	rotated_s	90	0.999999463558197	0.9999995231628418	0.9999995827674866	0.9999995827674866	0.9999995827674866
candidate	100	3	all_anchor_rows	rotated_s	4096	0.9999996423721313	0.9999995231628418	0.9999995827674866	0.9999995827674866	0.9999996423721313
candidate	100	3	anchor0_h	prior_p	6	0.11703556776046753	0.11703556776046753	0.11703556776046753	0.11703556776046753	0.11703556776046753
candidate	100	3	anchor0_non_h	prior_p	250	0.15859313309192657	0.15764208137989044	0.18950986862182617	0.20587126910686493	0.20587126910686493
candidate	100	3	h_rows_other_anchors	prior_p	90	0.16143077611923218	0.16182325780391693	0.17592310905456543	0.1768992841243744	0.17711256444454193
candidate	100	3	all_anchor_rows	prior_p	4096	0.16169416904449463	0.1621052771806717	0.17418798804283142	0.17925488948822021	0.20587126910686493
candidate	100	3	anchor0_h	innovation_w	6	0.00898654293268919	0.00898654293268919	0.00898654293268919	0.00898654293268919	0.00898654293268919
candidate	100	3	anchor0_non_h	innovation_w	250	0.02373933047056198	0.021855106577277184	0.032614171504974365	0.04320710524916649	0.04320710524916649
candidate	100	3	h_rows_other_anchors	innovation_w	90	0.024343013763427734	0.024009080603718758	0.029715703800320625	0.030260374769568443	0.030385693535208702
candidate	100	3	all_anchor_rows	innovation_w	4096	0.02425859495997429	0.02404322847723961	0.028653884306550026	0.031019020825624466	0.04320710524916649
candidate	100	3	anchor0_h	raw_successor_z	6	0.014248729683458805	0.01424873061478138	0.01424873061478138	0.01424873061478138	0.01424873061478138
candidate	100	3	anchor0_non_h	raw_successor_z	250	0.02043614163994789	0.019805293530225754	0.028076767921447754	0.03643720597028732	0.03643720597028732
candidate	100	3	h_rows_other_anchors	raw_successor_z	90	0.021619675680994987	0.02170240506529808	0.02460356429219246	0.024871904402971268	0.025088459253311157
candidate	100	3	all_anchor_rows	raw_successor_z	4096	0.02193382941186428	0.02220330387353897	0.024893248453736305	0.026190122589468956	0.03643720597028732
candidate	100	3	anchor0_h	raw_updated_s	6	0.9999889731407166	0.9999889731407166	0.9999889731407166	0.9999889731407166	0.9999889731407166
candidate	100	3	anchor0_non_h	raw_updated_s	250	1.001784324645996	1.0018810033798218	1.002539873123169	1.0037434101104736	1.0037434101104736
candidate	100	3	h_rows_other_anchors	raw_updated_s	90	1.0022106170654297	1.002150535583496	1.0026569366455078	1.0027589797973633	1.0027732849121094
candidate	100	3	all_anchor_rows	raw_updated_s	4096	1.0021841526031494	1.0021624565124512	1.002539873123169	1.0027695894241333	1.0037434101104736
candidate	100	3	anchor0_h	z_boundary_denominator	6	0.014283777214586735	0.01428377814590931	0.01428377814590931	0.01428377814590931	0.01428377814590931
candidate	100	3	anchor0_non_h	z_boundary_denominator	250	0.02046225219964981	0.019830523058772087	0.028094571083784103	0.03645092621445656	0.03645092621445656
candidate	100	3	h_rows_other_anchors	z_boundary_denominator	90	0.02164306305348873	0.021725432947278023	0.024623878300189972	0.02489200048148632	0.02510838210582733
candidate	100	3	all_anchor_rows	z_boundary_denominator	4096	0.021956970915198326	0.022225812077522278	0.024913325905799866	0.026209207251667976	0.03645092621445656
candidate	100	3	anchor0_h	s_boundary_denominator	6	0.9999895095825195	0.9999895095825195	0.9999895095825195	0.9999895095825195	0.9999895095825195
candidate	100	3	anchor0_non_h	s_boundary_denominator	250	1.0017848014831543	1.00188148021698	1.0025403499603271	1.0037438869476318	1.0037438869476318
candidate	100	3	h_rows_other_anchors	s_boundary_denominator	90	1.0022112131118774	1.0021510124206543	1.002657413482666	1.0027594566345215	1.0027737617492676
candidate	100	3	all_anchor_rows	s_boundary_denominator	4096	1.0021846294403076	1.0021629333496094	1.0025403499603271	1.0027700662612915	1.0037438869476318
candidate	100	3	anchor0_h	stored_successor_z	6	0.9975462555885315	0.9975463151931763	0.9975463151931763	0.9975463151931763	0.9975463151931763
candidate	100	3	anchor0_non_h	stored_successor_z	250	0.9985423684120178	0.9987277388572693	0.9993663430213928	0.9996235966682434	0.9996235966682434
candidate	100	3	h_rows_other_anchors	stored_successor_z	90	0.998893141746521	0.998940110206604	0.9991750717163086	0.9991927742958069	0.9992066621780396
candidate	100	3	all_anchor_rows	stored_successor_z	4096	0.9989099502563477	0.9989872574806213	0.9991940855979919	0.999271810054779	0.9996235966682434
candidate	100	3	anchor0_h	stored_successor_s	6	0.999999463558197	0.999999463558197	0.999999463558197	0.999999463558197	0.999999463558197
candidate	100	3	anchor0_non_h	stored_successor_s	250	0.999999463558197	0.9999995231628418	0.9999995231628418	0.9999995827674866	0.9999995827674866
candidate	100	3	h_rows_other_anchors	stored_successor_s	90	0.999999463558197	0.9999995231628418	0.9999995231628418	0.9999995827674866	0.9999996423721313
candidate	100	3	all_anchor_rows	stored_successor_s	4096	0.9999996423721313	0.9999995231628418	0.9999995827674866	0.9999995827674866	0.9999996423721313
candidate	100	4	anchor0_h	rotated_z	6	0.997546374797821	0.9975464344024658	0.9975464344024658	0.9975464344024658	0.9975464344024658
candidate	100	4	anchor0_non_h	rotated_z	250	0.9985423684120178	0.9987277388572693	0.9993663430213928	0.9996235370635986	0.9996235370635986
candidate	100	4	h_rows_other_anchors	rotated_z	90	0.998893141746521	0.998940110206604	0.9991750717163086	0.9991927742958069	0.9992066025733948
candidate	100	4	all_anchor_rows	rotated_z	4096	0.9989099502563477	0.9989872574806213	0.9991941452026367	0.999271810054779	0.9996235370635986
candidate	100	4	anchor0_h	rotated_s	6	0.999999463558197	0.999999463558197	0.999999463558197	0.999999463558197	0.999999463558197
candidate	100	4	anchor0_non_h	rotated_s	250	0.999999463558197	0.9999995231628418	0.9999995231628418	0.9999995827674866	0.9999995827674866
candidate	100	4	h_rows_other_anchors	rotated_s	90	0.999999463558197	0.9999995231628418	0.9999995231628418	0.9999995827674866	0.9999995827674866
candidate	100	4	all_anchor_rows	rotated_s	4096	0.9999997019767761	0.9999995231628418	0.9999995827674866	0.9999995827674866	0.9999996423721313
candidate	100	4	anchor0_h	prior_p	6	0.09829727560281754	0.09829727560281754	0.09829727560281754	0.09829727560281754	0.09829727560281754
candidate	100	4	anchor0_non_h	prior_p	250	0.1168016791343689	0.11763254553079605	0.15071645379066467	0.19271469116210938	0.19271469116210938
candidate	100	4	h_rows_other_anchors	prior_p	90	0.1146647110581398	0.11209048330783844	0.14267010986804962	0.14505019783973694	0.14506664872169495
candidate	100	4	all_anchor_rows	prior_p	4096	0.11846911162137985	0.11738637834787369	0.1440357118844986	0.14790475368499756	0.19271469116210938
candidate	100	4	anchor0_h	innovation_w	6	0.008918285369873047	0.008918285369873047	0.008918285369873047	0.008918285369873047	0.008918285369873047
candidate	100	4	anchor0_non_h	innovation_w	250	0.012056617997586727	0.010956337675452232	0.019188527017831802	0.03359945863485336	0.03359945863485336
candidate	100	4	h_rows_other_anchors	innovation_w	90	0.011342464946210384	0.010628340765833855	0.017789190635085106	0.018351664766669273	0.018428290262818336
candidate	100	4	all_anchor_rows	innovation_w	4096	0.012177006341516972	0.011502876877784729	0.017982613295316696	0.018585005775094032	0.03359945863485336
candidate	100	4	anchor0_h	raw_successor_z	6	0.00848906859755516	0.00848906859755516	0.00848906859755516	0.00848906859755516	0.00848906859755516
candidate	100	4	anchor0_non_h	raw_successor_z	250	0.01646917313337326	0.01779772713780403	0.024897664785385132	0.03657570108771324	0.03657570108771324
candidate	100	4	h_rows_other_anchors	raw_successor_z	90	0.014505857601761818	0.013848364353179932	0.020623333752155304	0.021245285868644714	0.021253205835819244
candidate	100	4	all_anchor_rows	raw_successor_z	4096	0.015490548685193062	0.015418201684951782	0.02099571004509926	0.022137658670544624	0.03657570108771324
candidate	100	4	anchor0_h	raw_updated_s	6	1.0002251863479614	1.000225305557251	1.000225305557251	1.000225305557251	1.000225305557251
candidate	100	4	anchor0_non_h	raw_updated_s	250	1.0010921955108643	1.0007579326629639	1.0019692182540894	1.0035531520843506	1.0035531520843506
candidate	100	4	h_rows_other_anchors	raw_updated_s	90	1.0011403560638428	1.0010712146759033	1.0018547773361206	1.001957893371582	1.0019882917404175
candidate	100	4	all_anchor_rows	raw_updated_s	4096	1.001231074333191	1.0011565685272217	1.001901626586914	1.0019692182540894	1.0035531520843506
candidate	100	4	anchor0_h	z_boundary_denominator	6	0.008547764271497726	0.008547764271497726	0.008547764271497726	0.008547764271497726	0.008547764271497726
candidate	100	4	anchor0_non_h	z_boundary_denominator	250	0.01650635153055191	0.01782579906284809	0.024917738512158394	0.036589365452528	0.036589365452528
candidate	100	4	h_rows_other_anchors	z_boundary_denominator	90	0.014542988501489162	0.013884422369301319	0.02064756490290165	0.021268809214234352	0.021276718005537987
candidate	100	4	all_anchor_rows	z_boundary_denominator	4096	0.015525726601481438	0.015450596809387207	0.02101951092481613	0.022160233929753304	0.036589365452528
candidate	100	4	anchor0_h	s_boundary_denominator	6	1.0002259016036987	1.0002257823944092	1.0002257823944092	1.0002257823944092	1.0002257823944092
candidate	100	4	anchor0_non_h	s_boundary_denominator	250	1.0010926723480225	1.000758409500122	1.0019696950912476	1.0035536289215088	1.0035536289215088
candidate	100	4	h_rows_other_anchors	s_boundary_denominator	90	1.0011409521102905	1.0010716915130615	1.0018552541732788	1.0019583702087402	1.0019887685775757
candidate	100	4	all_anchor_rows	s_boundary_denominator	4096	1.0012314319610596	1.0011570453643799	1.0019021034240723	1.0019696950912476	1.0035536289215088
candidate	100	4	anchor0_h	stored_successor_z	6	0.993133008480072	0.993133008480072	0.993133008480072	0.993133008480072	0.993133008480072
candidate	100	4	anchor0_non_h	stored_successor_z	250	0.9964354038238525	0.9984251856803894	0.9991944432258606	0.9996263980865479	0.9996263980865479
candidate	100	4	h_rows_other_anchors	stored_successor_z	90	0.9970046877861023	0.9974029660224915	0.9988263845443726	0.9988941550254822	0.9988949298858643
candidate	100	4	all_anchor_rows	stored_successor_z	4096	0.9972460865974426	0.9979033470153809	0.9988676309585571	0.998981237411499	0.9996263980865479
candidate	100	4	anchor0_h	stored_successor_s	6	0.999999463558197	0.999999463558197	0.999999463558197	0.999999463558197	0.999999463558197
candidate	100	4	anchor0_non_h	stored_successor_s	250	0.999999463558197	0.999999463558197	0.9999995827674866	0.9999995827674866	0.9999995827674866
candidate	100	4	h_rows_other_anchors	stored_successor_s	90	0.999999463558197	0.9999995231628418	0.9999995231628418	0.9999995827674866	0.9999995827674866
candidate	100	4	all_anchor_rows	stored_successor_s	4096	0.9999995231628418	0.9999995231628418	0.9999995827674866	0.9999995827674866	0.9999996423721313
candidate	100	5	anchor0_h	rotated_z	6	0.9931330680847168	0.9931330680847168	0.9931330680847168	0.9931330680847168	0.9931330680847168
candidate	100	5	anchor0_non_h	rotated_z	250	0.9964354038238525	0.9984251856803894	0.9991944432258606	0.9996263384819031	0.9996263384819031
candidate	100	5	h_rows_other_anchors	rotated_z	90	0.9970046877861023	0.9974029064178467	0.9988263845443726	0.9988940954208374	0.9988949298858643
candidate	100	5	all_anchor_rows	rotated_z	4096	0.9972460269927979	0.9979033470153809	0.9988675713539124	0.9989811778068542	0.9996263384819031
candidate	100	5	anchor0_h	rotated_s	6	0.999999463558197	0.999999463558197	0.999999463558197	0.999999463558197	0.999999463558197
candidate	100	5	anchor0_non_h	rotated_s	250	0.999999463558197	0.999999463558197	0.9999995827674866	0.9999995827674866	0.9999995827674866
candidate	100	5	h_rows_other_anchors	rotated_s	90	0.999999463558197	0.9999995231628418	0.9999995231628418	0.9999995827674866	0.9999995827674866
candidate	100	5	all_anchor_rows	rotated_s	4096	0.9999995231628418	0.9999995231628418	0.9999995827674866	0.9999995827674866	0.9999996423721313
candidate	100	5	anchor0_h	prior_p	6	0.10674376040697098	0.10674376785755157	0.10674376785755157	0.10674376785755157	0.10674376785755157
candidate	100	5	anchor0_non_h	prior_p	250	0.15442246198654175	0.15618185698986053	0.20801810920238495	0.25254037976264954	0.25858819484710693
candidate	100	5	h_rows_other_anchors	prior_p	90	0.14785093069076538	0.14805497229099274	0.16054853796958923	0.16973547637462616	0.1874428242444992
candidate	100	5	all_anchor_rows	prior_p	4096	0.14841866493225098	0.14866086840629578	0.16076168417930603	0.19183197617530823	0.25858819484710693
candidate	100	5	anchor0_h	innovation_w	6	0.007005963008850813	0.007005962543189526	0.007005962543189526	0.007005962543189526	0.007005962543189526
candidate	100	5	anchor0_non_h	innovation_w	250	0.023071056231856346	0.019550267606973648	0.0377759225666523	0.06833089143037796	0.06833089143037796
candidate	100	5	h_rows_other_anchors	innovation_w	90	0.017957406118512154	0.01892322674393654	0.02093782275915146	0.023621030151844025	0.027234500274062157
candidate	100	5	all_anchor_rows	innovation_w	4096	0.01853998377919197	0.019022535532712936	0.021320438012480736	0.033250756561756134	0.06833089143037796
candidate	100	5	anchor0_h	raw_successor_z	6	0.014835822395980358	0.014835823327302933	0.014835823327302933	0.014835823327302933	0.014835823327302933
candidate	100	5	anchor0_non_h	raw_successor_z	250	0.022819682955741882	0.02263592928647995	0.03448540344834328	0.042525190860033035	0.05041215568780899
candidate	100	5	h_rows_other_anchors	raw_successor_z	90	0.025047948583960533	0.024737071245908737	0.029426993802189827	0.03414778783917427	0.03942885994911194
candidate	100	5	all_anchor_rows	raw_successor_z	4096	0.02445252239704132	0.02384399063885212	0.02942398376762867	0.03855903819203377	0.05041215568780899
candidate	100	5	anchor0_h	raw_updated_s	6	1.0000287294387817	1.0000288486480713	1.0000288486480713	1.0000288486480713	1.0000288486480713
candidate	100	5	anchor0_non_h	raw_updated_s	250	1.0024815797805786	1.0023547410964966	1.0042856931686401	1.0094034671783447	1.0094034671783447
candidate	100	5	h_rows_other_anchors	raw_updated_s	90	1.0020188093185425	1.0020878314971924	1.0024290084838867	1.0026315450668335	1.0030144453048706
candidate	100	5	all_anchor_rows	raw_updated_s	4096	1.0021133422851562	1.0022170543670654	1.0024824142456055	1.003655195236206	1.0094034671783447
candidate	100	5	anchor0_h	z_boundary_denominator	6	0.014869487844407558	0.014869486913084984	0.014869486913084984	0.014869486913084984	0.014869486913084984
candidate	100	5	anchor0_non_h	z_boundary_denominator	250	0.022846553474664688	0.022658009082078934	0.03449990227818489	0.04253694787621498	0.050422072410583496
candidate	100	5	h_rows_other_anchors	z_boundary_denominator	90	0.025068271905183792	0.024757277220487595	0.029443979263305664	0.03416246920824051	0.0394415408372879
candidate	100	5	all_anchor_rows	z_boundary_denominator	4096	0.024473682045936584	0.023864950984716415	0.029440972954034805	0.038572002202272415	0.050422072410583496
candidate	100	5	anchor0_h	s_boundary_denominator	6	1.000029444694519	1.0000293254852295	1.0000293254852295	1.0000293254852295	1.0000293254852295
candidate	100	5	anchor0_non_h	s_boundary_denominator	250	1.0024819374084473	1.0023552179336548	1.0042861700057983	1.009403944015503	1.009403944015503
candidate	100	5	h_rows_other_anchors	s_boundary_denominator	90	1.0020192861557007	1.0020883083343506	1.002429485321045	1.0026320219039917	1.0030149221420288
candidate	100	5	all_anchor_rows	s_boundary_denominator	4096	1.0021138191223145	1.0022175312042236	1.0024828910827637	1.0036556720733643	1.009403944015503
candidate	100	5	anchor0_h	stored_successor_z	6	0.9977360367774963	0.9977360367774963	0.9977360367774963	0.9977360367774963	0.9977360367774963
candidate	100	5	anchor0_non_h	stored_successor_z	250	0.9981063008308411	0.9990256428718567	0.9995797872543335	0.9997235536575317	0.999803364276886
candidate	100	5	h_rows_other_anchors	stored_successor_z	90	0.9991589188575745	0.9991838335990906	0.9994230270385742	0.9995682835578918	0.9996785521507263
candidate	100	5	all_anchor_rows	stored_successor_z	4096	0.999055027961731	0.9991216659545898	0.9994229078292847	0.9996638894081116	0.999803364276886
candidate	100	5	anchor0_h	stored_successor_s	6	0.999999463558197	0.9999994039535522	0.9999994039535522	0.9999994039535522	0.9999994039535522
candidate	100	5	anchor0_non_h	stored_successor_s	250	0.9999995231628418	0.9999995231628418	0.9999995231628418	0.9999995827674866	0.9999995827674866
candidate	100	5	h_rows_other_anchors	stored_successor_s	90	0.999999463558197	0.9999995231628418	0.9999995827674866	0.9999995827674866	0.9999995827674866
candidate	100	5	all_anchor_rows	stored_successor_s	4096	0.9999996423721313	0.9999995231628418	0.9999995827674866	0.9999995827674866	0.9999996423721313
candidate	100	6	anchor0_h	rotated_z	6	0.9977360367774963	0.9977360367774963	0.9977360367774963	0.9977360367774963	0.9977360367774963
candidate	100	6	anchor0_non_h	rotated_z	250	0.9981063008308411	0.9990256428718567	0.9995797872543335	0.9997235536575317	0.9998033046722412
candidate	100	6	h_rows_other_anchors	rotated_z	90	0.9991587996482849	0.9991838335990906	0.9994230270385742	0.9995682239532471	0.9996785521507263
candidate	100	6	all_anchor_rows	rotated_z	4096	0.999055027961731	0.9991216659545898	0.9994229078292847	0.9996638894081116	0.9998033046722412
candidate	100	6	anchor0_h	rotated_s	6	0.999999463558197	0.9999994039535522	0.9999994039535522	0.9999994039535522	0.9999994039535522
candidate	100	6	anchor0_non_h	rotated_s	250	0.9999995231628418	0.9999995231628418	0.9999995231628418	0.9999995827674866	0.9999995827674866
candidate	100	6	h_rows_other_anchors	rotated_s	90	0.999999463558197	0.9999995231628418	0.9999995231628418	0.9999995827674866	0.9999995827674866
candidate	100	6	all_anchor_rows	rotated_s	4096	0.9999996423721313	0.9999995231628418	0.9999995827674866	0.9999995827674866	0.9999996423721313
candidate	100	6	anchor0_h	prior_p	6	0.12556396424770355	0.12556396424770355	0.12556396424770355	0.12556396424770355	0.12556396424770355
candidate	100	6	anchor0_non_h	prior_p	250	0.1425427347421646	0.13494519889354706	0.16914674639701843	0.25294172763824463	0.2743821144104004
candidate	100	6	h_rows_other_anchors	prior_p	90	0.15945161879062653	0.15432584285736084	0.17919151484966278	0.2100651115179062	0.21140632033348083
candidate	100	6	all_anchor_rows	prior_p	4096	0.1556568592786789	0.15218935906887054	0.17727622389793396	0.2187025099992752	0.2743821144104004
candidate	100	6	anchor0_h	innovation_w	6	0.015571544878184795	0.015571544878184795	0.015571544878184795	0.015571544878184795	0.015571544878184795
candidate	100	6	anchor0_non_h	innovation_w	250	0.019184395670890808	0.016512397676706314	0.026894930750131607	0.06454180926084518	0.07768761366605759
candidate	100	6	h_rows_other_anchors	innovation_w	90	0.02392534911632538	0.02209559455513954	0.02987278625369072	0.04383773356676102	0.04407435283064842
candidate	100	6	all_anchor_rows	innovation_w	4096	0.022687748074531555	0.020920882001519203	0.029480567201972008	0.045826591551303864	0.07768761366605759
candidate	100	6	anchor0_h	raw_successor_z	6	0.01302007120102644	0.013020072132349014	0.013020072132349014	0.013020072132349014	0.013020072132349014
candidate	100	6	anchor0_non_h	raw_successor_z	250	0.02144731394946575	0.017246341332793236	0.03437897190451622	0.04844677075743675	0.04844677075743675
candidate	100	6	h_rows_other_anchors	raw_successor_z	90	0.022221824154257774	0.02119535207748413	0.027182605117559433	0.0322837270796299	0.032370589673519135
candidate	100	6	all_anchor_rows	raw_successor_z	4096	0.02175222337245941	0.020942654460668564	0.026766953989863396	0.035889361053705215	0.05497458204627037
candidate	100	6	anchor0_h	raw_updated_s	6	1.0005635023117065	1.000563383102417	1.000563383102417	1.000563383102417	1.000563383102417
candidate	100	6	anchor0_non_h	raw_updated_s	250	1.0022900104522705	1.0022867918014526	1.0029363632202148	1.0091363191604614	1.0102806091308594
candidate	100	6	h_rows_other_anchors	raw_updated_s	90	1.0032494068145752	1.0029761791229248	1.004137396812439	1.0056030750274658	1.0056400299072266
candidate	100	6	all_anchor_rows	raw_updated_s	4096	1.0030882358551025	1.002907395362854	1.0040454864501953	1.0059126615524292	1.0102806091308594
candidate	100	6	anchor0_h	z_boundary_denominator	6	0.013058417476713657	0.013058418408036232	0.013058418408036232	0.013058418408036232	0.013058418408036232
candidate	100	6	anchor0_non_h	z_boundary_denominator	250	0.02147475630044937	0.017275309190154076	0.034393515437841415	0.04845708981156349	0.04845708981156349
candidate	100	6	h_rows_other_anchors	z_boundary_denominator	90	0.022244777530431747	0.021218929439783096	0.02720099501311779	0.032299209386110306	0.03238603100180626
candidate	100	6	all_anchor_rows	z_boundary_denominator	4096	0.02177586406469345	0.020966514945030212	0.026785628870129585	0.03590329363942146	0.054983675479888916
candidate	100	6	anchor0_h	s_boundary_denominator	6	1.0005637407302856	1.0005638599395752	1.0005638599395752	1.0005638599395752	1.0005638599395752
candidate	100	6	anchor0_non_h	s_boundary_denominator	250	1.0022904872894287	1.0022872686386108	1.002936840057373	1.0091367959976196	1.0102810859680176
candidate	100	6	h_rows_other_anchors	s_boundary_denominator	90	1.003250002861023	1.002976655960083	1.0041378736495972	1.005603551864624	1.0056405067443848
candidate	100	6	all_anchor_rows	s_boundary_denominator	4096	1.0030885934829712	1.0029078722000122	1.0040459632873535	1.0059131383895874	1.0102810859680176
candidate	100	6	anchor0_h	stored_successor_z	6	0.9970635771751404	0.9970635771751404	0.9970635771751404	0.9970635771751404	0.9970635771751404
candidate	100	6	anchor0_non_h	stored_successor_z	250	0.9982462525367737	0.9983231425285339	0.9995772242546082	0.9997870922088623	0.9997870922088623
candidate	100	6	h_rows_other_anchors	stored_successor_z	90	0.9989288449287415	0.9988888502120972	0.999323844909668	0.9995206594467163	0.9995231628417969
candidate	100	6	all_anchor_rows	stored_successor_z	4096	0.9988501071929932	0.9988619685173035	0.999302864074707	0.9996120929718018	0.9998345971107483
candidate	100	6	anchor0_h	stored_successor_s	6	0.999999463558197	0.999999463558197	0.999999463558197	0.999999463558197	0.999999463558197
candidate	100	6	anchor0_non_h	stored_successor_s	250	0.9999995231628418	0.9999995231628418	0.9999995231628418	0.9999995827674866	0.9999995827674866
candidate	100	6	h_rows_other_anchors	stored_successor_s	90	0.999999463558197	0.9999995231628418	0.9999995231628418	0.9999995231628418	0.9999995827674866
candidate	100	6	all_anchor_rows	stored_successor_s	4096	0.9999995231628418	0.9999995231628418	0.9999995231628418	0.9999995827674866	0.9999996423721313
candidate	100	7	anchor0_h	rotated_z	6	0.9970635771751404	0.9970635771751404	0.9970635771751404	0.9970635771751404	0.9970635771751404
candidate	100	7	anchor0_non_h	rotated_z	250	0.9982462525367737	0.9983231425285339	0.9995772242546082	0.9997870922088623	0.9997870922088623
candidate	100	7	h_rows_other_anchors	rotated_z	90	0.9989288449287415	0.9988888502120972	0.999323844909668	0.9995206594467163	0.9995231032371521
candidate	100	7	all_anchor_rows	rotated_z	4096	0.9988501071929932	0.9988619685173035	0.999302864074707	0.9996120929718018	0.9998345971107483
candidate	100	7	anchor0_h	rotated_s	6	0.999999463558197	0.999999463558197	0.999999463558197	0.999999463558197	0.999999463558197
candidate	100	7	anchor0_non_h	rotated_s	250	0.9999995231628418	0.9999995231628418	0.9999995231628418	0.9999995827674866	0.9999995827674866
candidate	100	7	h_rows_other_anchors	rotated_s	90	0.999999463558197	0.9999995231628418	0.9999995231628418	0.9999995827674866	0.9999995827674866
candidate	100	7	all_anchor_rows	rotated_s	4096	0.9999995231628418	0.9999995231628418	0.9999995231628418	0.9999995827674866	0.9999996423721313
candidate	100	7	anchor0_h	prior_p	6	0.0866086557507515	0.0866086557507515	0.0866086557507515	0.0866086557507515	0.0866086557507515
candidate	100	7	anchor0_non_h	prior_p	250	0.1346304565668106	0.13578858971595764	0.17364275455474854	0.18512177467346191	0.18512177467346191
candidate	100	7	h_rows_other_anchors	prior_p	90	0.1175040528178215	0.11942432075738907	0.1352967619895935	0.13670006394386292	0.1370958834886551
candidate	100	7	all_anchor_rows	prior_p	4096	0.12111224234104156	0.12296342849731445	0.13653850555419922	0.15738463401794434	0.18512177467346191
candidate	100	7	anchor0_h	innovation_w	6	0.006649361457675695	0.006649361923336983	0.006649361923336983	0.006649361923336983	0.006649361923336983
candidate	100	7	anchor0_non_h	innovation_w	250	0.016863621771335602	0.015226954594254494	0.029233450070023537	0.0380546972155571	0.0380546972155571
candidate	100	7	h_rows_other_anchors	innovation_w	90	0.012634946033358574	0.01286396011710167	0.01645061932504177	0.01701359450817108	0.017556218430399895
candidate	100	7	all_anchor_rows	innovation_w	4096	0.013419350609183311	0.013661807402968407	0.016727671027183533	0.021044084802269936	0.0380546972155571
candidate	100	7	anchor0_h	raw_successor_z	6	0.008502457290887833	0.008502457290887833	0.008502457290887833	0.008502457290887833	0.008502457290887833
candidate	100	7	anchor0_non_h	raw_successor_z	250	0.018078606575727463	0.01859125867486	0.024565067142248154	0.030647678300738335	0.033254873007535934
candidate	100	7	h_rows_other_anchors	raw_successor_z	90	0.012915008701384068	0.012962711974978447	0.018129918724298477	0.018412787467241287	0.018527746200561523
candidate	100	7	all_anchor_rows	raw_successor_z	4096	0.014076446183025837	0.014439229853451252	0.018411386758089066	0.02170519158244133	0.033254873007535934
candidate	100	7	anchor0_h	raw_updated_s	6	1.0002559423446655	1.0002559423446655	1.0002559423446655	1.0002559423446655	1.0002559423446655
candidate	100	7	anchor0_non_h	raw_updated_s	250	1.0023478269577026	1.0025032758712769	1.0033432245254517	1.006217122077942	1.006217122077942
candidate	100	7	h_rows_other_anchors	raw_updated_s	90	1.001916766166687	1.0018894672393799	1.0026124715805054	1.002709984779358	1.0027228593826294
candidate	100	7	all_anchor_rows	raw_updated_s	4096	1.0020389556884766	1.002061128616333	1.0026620626449585	1.0031242370605469	1.006217122077942
candidate	100	7	anchor0_h	z_boundary_denominator	6	0.008561060763895512	0.008561061695218086	0.008561061695218086	0.008561061695218086	0.008561061695218086
candidate	100	7	anchor0_non_h	z_boundary_denominator	250	0.018109532073140144	0.018618134781718254	0.024585412815213203	0.030663987621665	0.03326990455389023
candidate	100	7	h_rows_other_anchors	z_boundary_denominator	90	0.012958248145878315	0.013001227751374245	0.01815747655928135	0.018439922481775284	0.01855471357703209
candidate	100	7	all_anchor_rows	z_boundary_denominator	4096	0.014116189442574978	0.014473816379904747	0.01843852363526821	0.021728215739130974	0.03326990455389023
candidate	100	7	anchor0_h	s_boundary_denominator	6	1.0002564191818237	1.0002564191818237	1.0002564191818237	1.0002564191818237	1.0002564191818237
candidate	100	7	anchor0_non_h	s_boundary_denominator	250	1.0023481845855713	1.002503752708435	1.0033437013626099	1.0062175989151	1.0062175989151
candidate	100	7	h_rows_other_anchors	s_boundary_denominator	90	1.0019173622131348	1.001889944076538	1.0026129484176636	1.0027104616165161	1.0027233362197876
candidate	100	7	all_anchor_rows	s_boundary_denominator	4096	1.0020394325256348	1.0020616054534912	1.0026625394821167	1.003124713897705	1.0062175989151
candidate	100	7	anchor0_h	stored_successor_z	6	0.9931545257568359	0.9931545257568359	0.9931545257568359	0.9931545257568359	0.9931545257568359
candidate	100	7	anchor0_non_h	stored_successor_z	250	0.9978054165840149	0.9985564947128296	0.9991724491119385	0.999468207359314	0.9995482563972473
candidate	100	7	h_rows_other_anchors	stored_successor_z	90	0.995732307434082	0.9970375299453735	0.9984822273254395	0.9985284805297852	0.9985465407371521
candidate	100	7	all_anchor_rows	stored_successor_z	4096	0.9963549375534058	0.9976105093955994	0.998528242111206	0.9989404082298279	0.9995482563972473
candidate	100	7	anchor0_h	stored_successor_s	6	0.999999463558197	0.9999994039535522	0.9999994039535522	0.9999994039535522	0.9999994039535522
candidate	100	7	anchor0_non_h	stored_successor_s	250	0.9999995231628418	0.9999995231628418	0.9999995827674866	0.9999995827674866	0.9999995827674866
candidate	100	7	h_rows_other_anchors	stored_successor_s	90	0.999999463558197	0.9999995231628418	0.9999995827674866	0.9999996423721313	0.9999996423721313
candidate	100	7	all_anchor_rows	stored_successor_s	4096	0.9999995827674866	0.9999995231628418	0.9999995827674866	0.9999995827674866	0.9999996423721313
candidate	100	8	anchor0_h	rotated_z	6	0.9931545257568359	0.9931545257568359	0.9931545257568359	0.9931545257568359	0.9931545257568359
candidate	100	8	anchor0_non_h	rotated_z	250	0.9978054165840149	0.9985564947128296	0.9991724491119385	0.999468207359314	0.9995481371879578
candidate	100	8	h_rows_other_anchors	rotated_z	90	0.995732307434082	0.9970375299453735	0.9984822273254395	0.9985284805297852	0.9985465407371521
candidate	100	8	all_anchor_rows	rotated_z	4096	0.9963549375534058	0.9976105093955994	0.998528242111206	0.9989404082298279	0.9995481371879578
candidate	100	8	anchor0_h	rotated_s	6	0.999999463558197	0.999999463558197	0.999999463558197	0.999999463558197	0.999999463558197
candidate	100	8	anchor0_non_h	rotated_s	250	0.9999995231628418	0.9999995231628418	0.9999995827674866	0.9999995827674866	0.9999995827674866
candidate	100	8	h_rows_other_anchors	rotated_s	90	0.999999463558197	0.9999995231628418	0.9999995827674866	0.9999995827674866	0.9999996423721313
candidate	100	8	all_anchor_rows	rotated_s	4096	0.9999996423721313	0.9999995231628418	0.9999995827674866	0.9999995827674866	0.9999996423721313
candidate	100	8	anchor0_h	prior_p	6	0.1421501189470291	0.1421501189470291	0.1421501189470291	0.1421501189470291	0.1421501189470291
candidate	100	8	anchor0_non_h	prior_p	250	0.1370314061641693	0.13633307814598083	0.17879071831703186	0.2743203043937683	0.2743203043937683
candidate	100	8	h_rows_other_anchors	prior_p	90	0.11834369599819183	0.12195627391338348	0.1390041559934616	0.1773451566696167	0.17786502838134766
candidate	100	8	all_anchor_rows	prior_p	4096	0.12279555946588516	0.12764251232147217	0.13989058136940002	0.18158331513404846	0.2743203043937683
candidate	100	8	anchor0_h	innovation_w	6	0.01692582480609417	0.01692582480609417	0.01692582480609417	0.01692582480609417	0.01692582480609417
candidate	100	8	anchor0_non_h	innovation_w	250	0.01941702701151371	0.016004305332899094	0.03199879825115204	0.07819307595491409	0.07819307595491409
candidate	100	8	h_rows_other_anchors	innovation_w	90	0.012116793543100357	0.01274830475449562	0.016335196793079376	0.023956581950187683	0.031554218381643295
candidate	100	8	all_anchor_rows	innovation_w	4096	0.013315573334693909	0.014256651513278484	0.01676630601286888	0.029078517109155655	0.07819307595491409
candidate	100	8	anchor0_h	raw_successor_z	6	0.01895313523709774	0.01895313523709774	0.01895313523709774	0.01895313523709774	0.01895313523709774
candidate	100	8	anchor0_non_h	raw_successor_z	250	0.01894655078649521	0.018562259152531624	0.027841288596391678	0.04382358118891716	0.04382358118891716
candidate	100	8	h_rows_other_anchors	raw_successor_z	90	0.017087221145629883	0.017141781747341156	0.021014725789427757	0.029158100485801697	0.041072115302085876
candidate	100	8	all_anchor_rows	raw_successor_z	4096	0.017582975327968597	0.01744730770587921	0.02144288644194603	0.04026644304394722	0.04639124497771263
candidate	100	8	anchor0_h	raw_updated_s	6	1.0007730722427368	1.0007730722427368	1.0007730722427368	1.0007730722427368	1.0007730722427368
candidate	100	8	anchor0_non_h	raw_updated_s	250	1.0031580924987793	1.0025153160095215	1.0051722526550293	1.01949143409729	1.01949143409729
candidate	100	8	h_rows_other_anchors	raw_updated_s	90	1.001914143562317	1.0020227432250977	1.0027819871902466	1.0036344528198242	1.0051320791244507
candidate	100	8	all_anchor_rows	raw_updated_s	4096	1.0021425485610962	1.0022790431976318	1.0028446912765503	1.0051358938217163	1.01949143409729
candidate	100	8	anchor0_h	z_boundary_denominator	6	0.018979497253894806	0.018979497253894806	0.018979497253894806	0.018979497253894806	0.018979497253894806
candidate	100	8	anchor0_non_h	z_boundary_denominator	250	0.01898062974214554	0.01858917623758316	0.027859242632985115	0.04383499175310135	0.04383499175310135
candidate	100	8	h_rows_other_anchors	z_boundary_denominator	90	0.017118997871875763	0.017170926555991173	0.02103850618004799	0.02917550690472126	0.04108428582549095
candidate	100	8	all_anchor_rows	z_boundary_denominator	4096	0.017613869160413742	0.017475944012403488	0.021466191858053207	0.040278855711221695	0.04640201851725578
candidate	100	8	anchor0_h	s_boundary_denominator	6	1.000773549079895	1.000773549079895	1.000773549079895	1.000773549079895	1.000773549079895
candidate	100	8	anchor0_non_h	s_boundary_denominator	250	1.0031585693359375	1.0025157928466797	1.0051727294921875	1.0194917917251587	1.0194917917251587
candidate	100	8	h_rows_other_anchors	s_boundary_denominator	90	1.001914620399475	1.0020232200622559	1.0027824640274048	1.0036349296569824	1.0051325559616089
candidate	100	8	all_anchor_rows	s_boundary_denominator	4096	1.0021430253982544	1.00227952003479	1.0028451681137085	1.0051363706588745	1.0194917917251587
candidate	100	8	anchor0_h	stored_successor_z	6	0.9986109733581543	0.9986109733581543	0.9986109733581543	0.9986109733581543	0.9986109733581543
candidate	100	8	anchor0_non_h	stored_successor_z	250	0.9967732429504395	0.9985520243644714	0.9993556141853333	0.9997397661209106	0.9997397661209106
candidate	100	8	h_rows_other_anchors	stored_successor_z	90	0.9977124333381653	0.998302698135376	0.9988694787025452	0.9993873238563538	0.9997037053108215
candidate	100	8	all_anchor_rows	stored_successor_z	4096	0.9978029727935791	0.9983614087104797	0.9989143013954163	0.9996917247772217	0.9997677803039551
candidate	100	8	anchor0_h	stored_successor_s	6	0.999999463558197	0.999999463558197	0.999999463558197	0.999999463558197	0.999999463558197
candidate	100	8	anchor0_non_h	stored_successor_s	250	0.999999463558197	0.999999463558197	0.9999995231628418	0.9999995231628418	0.9999995827674866
candidate	100	8	h_rows_other_anchors	stored_successor_s	90	0.9999994039535522	0.9999995231628418	0.9999995827674866	0.9999995827674866	0.9999995827674866
candidate	100	8	all_anchor_rows	stored_successor_s	4096	0.9999995231628418	0.9999995231628418	0.9999995827674866	0.9999995827674866	0.9999996423721313
candidate	100	9	anchor0_h	rotated_z	6	0.9986109733581543	0.9986109733581543	0.9986109733581543	0.9986109733581543	0.9986109733581543
candidate	100	9	anchor0_non_h	rotated_z	250	0.9967732429504395	0.9985520243644714	0.9993556141853333	0.9997397661209106	0.9997397661209106
candidate	100	9	h_rows_other_anchors	rotated_z	90	0.9977124333381653	0.998302698135376	0.9988694787025452	0.9993873238563538	0.9997037053108215
candidate	100	9	all_anchor_rows	rotated_z	4096	0.9978029727935791	0.9983614683151245	0.9989143013954163	0.9996917247772217	0.9997677803039551
candidate	100	9	anchor0_h	rotated_s	6	0.999999463558197	0.999999463558197	0.999999463558197	0.999999463558197	0.999999463558197
candidate	100	9	anchor0_non_h	rotated_s	250	0.9999995231628418	0.9999995231628418	0.9999995231628418	0.9999995231628418	0.9999995827674866
candidate	100	9	h_rows_other_anchors	rotated_s	90	0.9999994039535522	0.9999995231628418	0.9999995231628418	0.9999995827674866	0.9999995827674866
candidate	100	9	all_anchor_rows	rotated_s	4096	0.9999995827674866	0.9999995231628418	0.9999995827674866	0.9999995827674866	0.9999996423721313
candidate	100	9	anchor0_h	prior_p	6	0.10481379181146622	0.10481379181146622	0.10481379181146622	0.10481379181146622	0.10481379181146622
candidate	100	9	anchor0_non_h	prior_p	250	0.133723184466362	0.12606287002563477	0.18139483034610748	0.24127645790576935	0.2422572672367096
candidate	100	9	h_rows_other_anchors	prior_p	90	0.16216173768043518	0.1538148820400238	0.20061147212982178	0.26447853446006775	0.27310025691986084
candidate	100	9	all_anchor_rows	prior_p	4096	0.1538345217704773	0.14166052639484406	0.19691777229309082	0.26650869846343994	0.321349561214447
candidate	100	9	anchor0_h	innovation_w	6	0.011669942177832127	0.011669943109154701	0.011669943109154701	0.011669943109154701	0.011669943109154701
candidate	100	9	anchor0_non_h	innovation_w	250	0.018459269776940346	0.01407855935394764	0.03470022603869438	0.06121578440070152	0.06437989324331284
candidate	100	9	h_rows_other_anchors	innovation_w	90	0.025106098502874374	0.021872078999876976	0.03812907263636589	0.0694921612739563	0.07592309266328812
candidate	100	9	all_anchor_rows	innovation_w	4096	0.022961148992180824	0.01805756986141205	0.036922845989465714	0.07070457935333252	0.1041959896683693
candidate	100	9	anchor0_h	raw_successor_z	6	0.008993268013000488	0.008993268013000488	0.008993268013000488	0.008993268013000488	0.008993268013000488
candidate	100	9	anchor0_non_h	raw_successor_z	250	0.017387855798006058	0.015883125364780426	0.02739100530743599	0.035431478172540665	0.03810585290193558
candidate	100	9	h_rows_other_anchors	raw_successor_z	90	0.025776907801628113	0.02054494246840477	0.04322465509176254	0.05056550353765488	0.054363954812288284
candidate	100	9	all_anchor_rows	raw_successor_z	4096	0.02298583649098873	0.01918719708919525	0.03578411042690277	0.05723407492041588	0.06551876664161682
candidate	100	9	anchor0_h	raw_updated_s	6	1.0007745027542114	1.0007745027542114	1.0007745027542114	1.0007745027542114	1.0007745027542114
candidate	100	9	anchor0_non_h	raw_updated_s	250	1.0031089782714844	1.0025569200515747	1.0073497295379639	1.0099714994430542	1.0132169723510742
candidate	100	9	h_rows_other_anchors	raw_updated_s	90	1.0043652057647705	1.0037055015563965	1.0065488815307617	1.0132192373275757	1.0145245790481567
candidate	100	9	all_anchor_rows	raw_updated_s	4096	1.0040433406829834	1.0032366514205933	1.006379246711731	1.0133126974105835	1.0223990678787231
candidate	100	9	anchor0_h	z_boundary_denominator	6	0.00904869381338358	0.009048694744706154	0.009048694744706154	0.009048694744706154	0.009048694744706154
candidate	100	9	anchor0_non_h	z_boundary_denominator	250	0.017423992976546288	0.01591457426548004	0.027409255504608154	0.03544558584690094	0.03811897337436676
candidate	100	9	h_rows_other_anchors	z_boundary_denominator	90	0.025798991322517395	0.020569264888763428	0.043236225843429565	0.05057539418339729	0.05437314882874489
candidate	100	9	all_anchor_rows	z_boundary_denominator	4096	0.02301064319908619	0.0192132405936718	0.035798080265522	0.05724281072616577	0.06552639603614807
candidate	100	9	anchor0_h	s_boundary_denominator	6	1.0007749795913696	1.0007749795913696	1.0007749795913696	1.0007749795913696	1.0007749795913696
candidate	100	9	anchor0_non_h	s_boundary_denominator	250	1.0031096935272217	1.002557396888733	1.007350206375122	1.0099719762802124	1.0132174491882324
candidate	100	9	h_rows_other_anchors	s_boundary_denominator	90	1.0043656826019287	1.0037059783935547	1.00654935836792	1.0132197141647339	1.014525055885315
candidate	100	9	all_anchor_rows	s_boundary_denominator	4096	1.0040438175201416	1.0032371282577515	1.0063797235488892	1.0133131742477417	1.0223995447158813
candidate	100	9	anchor0_h	stored_successor_z	6	0.9938746094703674	0.9938746690750122	0.9938746690750122	0.9938746690750122	0.9938746690750122
candidate	100	9	anchor0_non_h	stored_successor_z	250	0.996597409248352	0.9980238676071167	0.9993338584899902	0.9996019601821899	0.9996558427810669
candidate	100	9	h_rows_other_anchors	stored_successor_z	90	0.9989243149757385	0.9988174438476562	0.9997321963310242	0.9998041987419128	0.9998309016227722
candidate	100	9	all_anchor_rows	stored_successor_z	4096	0.998616099357605	0.9986445903778076	0.9996097683906555	0.999847412109375	0.9998836517333984
candidate	100	9	anchor0_h	stored_successor_s	6	0.9999995231628418	0.9999995231628418	0.9999995231628418	0.9999995231628418	0.9999995231628418
candidate	100	9	anchor0_non_h	stored_successor_s	250	0.9999995231628418	0.9999995231628418	0.9999995231628418	0.9999995827674866	0.9999995827674866
candidate	100	9	h_rows_other_anchors	stored_successor_s	90	0.999999463558197	0.999999463558197	0.9999995231628418	0.9999995827674866	0.9999995827674866
candidate	100	9	all_anchor_rows	stored_successor_s	4096	0.999999463558197	0.9999995231628418	0.9999995231628418	0.9999995827674866	0.9999996423721313
candidate	100	10	anchor0_h	rotated_z	6	0.9938746094703674	0.9938746690750122	0.9938746690750122	0.9938746690750122	0.9938746690750122
candidate	100	10	anchor0_non_h	rotated_z	250	0.996597409248352	0.9980238676071167	0.9993338584899902	0.9996019601821899	0.9996558427810669
candidate	100	10	h_rows_other_anchors	rotated_z	90	0.9989243149757385	0.9988174438476562	0.9997321963310242	0.9998041987419128	0.9998309016227722
candidate	100	10	all_anchor_rows	rotated_z	4096	0.998616099357605	0.9986445903778076	0.9996098279953003	0.999847412109375	0.9998836517333984
candidate	100	10	anchor0_h	rotated_s	6	0.9999995231628418	0.9999995231628418	0.9999995231628418	0.9999995231628418	0.9999995231628418
candidate	100	10	anchor0_non_h	rotated_s	250	0.999999463558197	0.9999995231628418	0.9999995231628418	0.9999995827674866	0.9999995827674866
candidate	100	10	h_rows_other_anchors	rotated_s	90	0.999999463558197	0.9999995231628418	0.9999995231628418	0.9999995827674866	0.9999995827674866
candidate	100	10	all_anchor_rows	rotated_s	4096	0.9999994039535522	0.9999995231628418	0.9999995231628418	0.9999995827674866	0.9999996423721313
candidate	100	10	anchor0_h	prior_p	6	0.10766147822141647	0.10766147077083588	0.10766147077083588	0.10766147077083588	0.10766147077083588
candidate	100	10	anchor0_non_h	prior_p	250	0.12393318861722946	0.11186901479959488	0.15425509214401245	0.2715911567211151	0.2715911567211151
candidate	100	10	h_rows_other_anchors	prior_p	90	0.12198377400636673	0.12237980216741562	0.14764544367790222	0.17576877772808075	0.25176113843917847
candidate	100	10	all_anchor_rows	prior_p	4096	0.12181437015533447	0.12227843701839447	0.1364601105451584	0.259916216135025	0.3159356713294983
candidate	100	10	anchor0_h	innovation_w	6	0.007366980891674757	0.00736698042601347	0.00736698042601347	0.00736698042601347	0.00736698042601347
candidate	100	10	anchor0_non_h	innovation_w	250	0.015224610455334187	0.01222999393939972	0.02183215692639351	0.07658936828374863	0.07658936828374863
candidate	100	10	h_rows_other_anchors	innovation_w	90	0.014773860573768616	0.013838283717632294	0.021894806995987892	0.03258910030126572	0.0636865645647049
candidate	100	10	all_anchor_rows	innovation_w	4096	0.014708846807479858	0.013786043040454388	0.01815703511238098	0.06863488256931305	0.10418154299259186
candidate	100	10	anchor0_h	raw_successor_z	6	0.016471415758132935	0.016471415758132935	0.016471415758132935	0.016471415758132935	0.016471415758132935
candidate	100	10	anchor0_non_h	raw_successor_z	250	0.017336344346404076	0.014651590026915073	0.031887877732515335	0.052586864680051804	0.052586864680051804
candidate	100	10	h_rows_other_anchors	raw_successor_z	90	0.012118210084736347	0.012797224335372448	0.015012665651738644	0.019463980570435524	0.04167772829532623
candidate	100	10	all_anchor_rows	raw_successor_z	4096	0.013003425672650337	0.013198752887547016	0.015355616807937622	0.04050357639789581	0.05860930308699608
candidate	100	10	anchor0_h	raw_updated_s	6	1.0002394914627075	1.000239610671997	1.000239610671997	1.000239610671997	1.000239610671997
candidate	100	10	anchor0_non_h	raw_updated_s	250	1.0028363466262817	1.0024605989456177	1.004757285118103	1.0161875486373901	1.0161875486373901
candidate	100	10	h_rows_other_anchors	raw_updated_s	90	1.0028315782546997	1.0027275085449219	1.0041331052780151	1.0059280395507812	1.0117133855819702
candidate	100	10	all_anchor_rows	raw_updated_s	4096	1.0028445720672607	1.0027005672454834	1.0035971403121948	1.0128755569458008	1.0235180854797363
candidate	100	10	anchor0_h	z_boundary_denominator	6	0.016501741483807564	0.016501743346452713	0.016501743346452713	0.016501743346452713	0.016501743346452713
candidate	100	10	anchor0_non_h	z_boundary_denominator	250	0.017375728115439415	0.014685676433146	0.03190355375409126	0.05259637162089348	0.05259637162089348
candidate	100	10	h_rows_other_anchors	z_boundary_denominator	90	0.012164298444986343	0.012836242094635963	0.015045933425426483	0.01949189230799675	0.04168972373008728
candidate	100	10	all_anchor_rows	z_boundary_denominator	4096	0.013047832064330578	0.013236580416560173	0.015388144180178642	0.040515922009944916	0.058617834001779556
candidate	100	10	anchor0_h	s_boundary_denominator	6	1.0002402067184448	1.0002400875091553	1.0002400875091553	1.0002400875091553	1.0002400875091553
candidate	100	10	anchor0_non_h	s_boundary_denominator	250	1.00283682346344	1.0024610757827759	1.0047577619552612	1.0161880254745483	1.0161880254745483
candidate	100	10	h_rows_other_anchors	s_boundary_denominator	90	1.0028321743011475	1.00272798538208	1.0041335821151733	1.0059285163879395	1.0117137432098389
candidate	100	10	all_anchor_rows	s_boundary_denominator	4096	1.0028451681137085	1.0027010440826416	1.003597617149353	1.0128759145736694	1.0235185623168945
candidate	100	10	anchor0_h	stored_successor_z	6	0.9981622099876404	0.9981621503829956	0.9981621503829956	0.9981621503829956	0.9981621503829956
candidate	100	10	anchor0_non_h	stored_successor_z	250	0.99486243724823	0.9976789355278015	0.9995086193084717	0.9998192191123962	0.9998192191123962
candidate	100	10	h_rows_other_anchors	stored_successor_z	90	0.995235025882721	0.9969594478607178	0.9977888464927673	0.9983805418014526	0.9997122883796692
candidate	100	10	all_anchor_rows	stored_successor_z	4096	0.9953701496124268	0.9971420764923096	0.9978863000869751	0.9996954202651978	0.9998544454574585
candidate	100	10	anchor0_h	stored_successor_s	6	0.999999463558197	0.999999463558197	0.999999463558197	0.999999463558197	0.999999463558197
candidate	100	10	anchor0_non_h	stored_successor_s	250	0.999999463558197	0.9999995231628418	0.9999995231628418	0.9999995827674866	0.9999995827674866
candidate	100	10	h_rows_other_anchors	stored_successor_s	90	0.999999463558197	0.9999995231628418	0.9999995231628418	0.9999995827674866	0.9999996423721313
candidate	100	10	all_anchor_rows	stored_successor_s	4096	0.9999995231628418	0.9999995231628418	0.9999995827674866	0.9999995827674866	0.9999996423721313
candidate	100	11	anchor0_h	rotated_z	6	0.9981622099876404	0.9981621503829956	0.9981621503829956	0.9981621503829956	0.9981621503829956
candidate	100	11	anchor0_non_h	rotated_z	250	0.99486243724823	0.9976788759231567	0.9995086193084717	0.999819278717041	0.999819278717041
candidate	100	11	h_rows_other_anchors	rotated_z	90	0.995235025882721	0.9969594478607178	0.9977888464927673	0.9983805418014526	0.9997122883796692
candidate	100	11	all_anchor_rows	rotated_z	4096	0.9953701496124268	0.9971420764923096	0.9978863000869751	0.999695360660553	0.9998543858528137
candidate	100	11	anchor0_h	rotated_s	6	0.999999463558197	0.999999463558197	0.999999463558197	0.999999463558197	0.999999463558197
candidate	100	11	anchor0_non_h	rotated_s	250	0.999999463558197	0.999999463558197	0.9999995231628418	0.9999995827674866	0.9999995827674866
candidate	100	11	h_rows_other_anchors	rotated_s	90	0.999999463558197	0.9999995231628418	0.9999995231628418	0.9999995827674866	0.9999996423721313
candidate	100	11	all_anchor_rows	rotated_s	4096	0.9999995231628418	0.9999995231628418	0.9999995231628418	0.9999995827674866	0.9999996423721313
candidate	100	11	anchor0_h	prior_p	6	0.12767092883586884	0.12767092883586884	0.12767092883586884	0.12767092883586884	0.12767092883586884
candidate	100	11	anchor0_non_h	prior_p	250	0.13827429711818695	0.1325954645872116	0.22130009531974792	0.2875721752643585	0.2875721752643585
candidate	100	11	h_rows_other_anchors	prior_p	90	0.10509821772575378	0.1078231930732727	0.13623182475566864	0.2510521709918976	0.27173852920532227
candidate	100	11	all_anchor_rows	prior_p	4096	0.11238011717796326	0.11370190978050232	0.14198395609855652	0.2631467580795288	0.29518118500709534
candidate	100	11	anchor0_h	innovation_w	6	0.017875419929623604	0.017875419929623604	0.017875419929623604	0.017875419929623604	0.017875419929623604
candidate	100	11	anchor0_non_h	innovation_w	250	0.020322805270552635	0.01572166010737419	0.050171948969364166	0.08834674209356308	0.08834674209356308
candidate	100	11	h_rows_other_anchors	innovation_w	90	0.011365097016096115	0.010341322980821133	0.013762662187218666	0.06808379292488098	0.07883270829916
candidate	100	11	all_anchor_rows	innovation_w	4096	0.012984463013708591	0.01140748430043459	0.01861216127872467	0.0748029574751854	0.09367654472589493
candidate	100	11	anchor0_h	raw_successor_z	6	0.012447026558220387	0.012447026558220387	0.012447026558220387	0.012447026558220387	0.012447026558220387
candidate	100	11	anchor0_non_h	raw_successor_z	250	0.017887528985738754	0.017019731923937798	0.027684098109602928	0.039111535996198654	0.047604601830244064
candidate	100	11	h_rows_other_anchors	raw_successor_z	90	0.015348908491432667	0.01364157721400261	0.027643438428640366	0.03647787123918533	0.040171943604946136
candidate	100	11	all_anchor_rows	raw_successor_z	4096	0.015094284899532795	0.013889532536268234	0.025925271213054657	0.03817610442638397	0.047604601830244064
candidate	100	11	anchor0_h	raw_updated_s	6	1.0015250444412231	1.0015251636505127	1.0015251636505127	1.0015251636505127	1.0015251636505127
candidate	100	11	anchor0_non_h	raw_updated_s	250	1.0041837692260742	1.0026943683624268	1.010715365409851	1.021370768547058	1.021370768547058
candidate	100	11	h_rows_other_anchors	raw_updated_s	90	1.0021907091140747	1.0016045570373535	1.0027745962142944	1.0165470838546753	1.0203335285186768
candidate	100	11	all_anchor_rows	raw_updated_s	4096	1.0025790929794312	1.002295732498169	1.003413200378418	1.0181434154510498	1.029129147529602
candidate	100	11	anchor0_h	z_boundary_denominator	6	0.012487132102251053	0.012487132102251053	0.012487132102251053	0.012487132102251053	0.012487132102251053
candidate	100	11	anchor0_non_h	z_boundary_denominator	250	0.01792099140584469	0.017049085348844528	0.027702154591679573	0.03912431746721268	0.04761510342359543
candidate	100	11	h_rows_other_anchors	z_boundary_denominator	90	0.01538819633424282	0.013678180053830147	0.027661530300974846	0.03649159520864487	0.0401843897998333
candidate	100	11	all_anchor_rows	z_boundary_denominator	4096	0.015133504755795002	0.013925483450293541	0.025944549590349197	0.038189202547073364	0.04761510342359543
candidate	100	11	anchor0_h	s_boundary_denominator	6	1.0015257596969604	1.001525640487671	1.001525640487671	1.001525640487671	1.001525640487671
candidate	100	11	anchor0_non_h	s_boundary_denominator	250	1.0041842460632324	1.002694845199585	1.0107158422470093	1.0213712453842163	1.0213712453842163
candidate	100	11	h_rows_other_anchors	s_boundary_denominator	90	1.002191185951233	1.0016050338745117	1.0027750730514526	1.0165475606918335	1.020334005355835
candidate	100	11	all_anchor_rows	s_boundary_denominator	4096	1.0025795698165894	1.0022962093353271	1.0034136772155762	1.018143892288208	1.0291296243667603
candidate	100	11	anchor0_h	stored_successor_z	6	0.9967883229255676	0.9967883229255676	0.9967883229255676	0.9967883229255676	0.9967883229255676
candidate	100	11	anchor0_non_h	stored_successor_z	250	0.9973099827766418	0.9982783794403076	0.9993482232093811	0.9996733665466309	0.999779462814331
candidate	100	11	h_rows_other_anchors	stored_successor_z	90	0.99639892578125	0.9973238706588745	0.9993451237678528	0.99962317943573	0.9996901750564575
candidate	100	11	all_anchor_rows	stored_successor_z	4096	0.9964135885238647	0.9974182844161987	0.99925696849823	0.9996572136878967	0.999779462814331
candidate	100	11	anchor0_h	stored_successor_s	6	0.9999995231628418	0.9999995231628418	0.9999995231628418	0.9999995231628418	0.9999995231628418
candidate	100	11	anchor0_non_h	stored_successor_s	250	0.999999463558197	0.9999995231628418	0.9999995231628418	0.9999995231628418	0.9999995827674866
candidate	100	11	h_rows_other_anchors	stored_successor_s	90	0.999999463558197	0.9999995231628418	0.9999995827674866	0.9999995827674866	0.9999995827674866
candidate	100	11	all_anchor_rows	stored_successor_s	4096	0.9999995231628418	0.9999995231628418	0.9999995231628418	0.9999995827674866	0.9999996423721313
candidate	100	12	anchor0_h	rotated_z	6	0.9967883229255676	0.9967883229255676	0.9967883229255676	0.9967883229255676	0.9967883229255676
candidate	100	12	anchor0_non_h	rotated_z	250	0.9973099827766418	0.9982783794403076	0.9993482232093811	0.9996733665466309	0.999779462814331
candidate	100	12	h_rows_other_anchors	rotated_z	90	0.99639892578125	0.9973238706588745	0.9993451237678528	0.99962317943573	0.9996901750564575
candidate	100	12	all_anchor_rows	rotated_z	4096	0.9964135885238647	0.9974182844161987	0.9992569088935852	0.999657154083252	0.999779462814331
candidate	100	12	anchor0_h	rotated_s	6	0.9999995231628418	0.9999995231628418	0.9999995231628418	0.9999995231628418	0.9999995231628418
candidate	100	12	anchor0_non_h	rotated_s	250	0.9999995231628418	0.9999995231628418	0.9999995827674866	0.9999995827674866	0.9999995827674866
candidate	100	12	h_rows_other_anchors	rotated_s	90	0.999999463558197	0.9999995231628418	0.9999995827674866	0.9999995827674866	0.9999995827674866
candidate	100	12	all_anchor_rows	rotated_s	4096	0.9999995231628418	0.9999995231628418	0.9999995827674866	0.9999995827674866	0.9999996423721313
candidate	100	12	anchor0_h	prior_p	6	0.08634098619222641	0.08634098619222641	0.08634098619222641	0.08634098619222641	0.08634098619222641
candidate	100	12	anchor0_non_h	prior_p	250	0.12021229416131973	0.1167917549610138	0.1493091583251953	0.2910972833633423	0.30281102657318115
candidate	100	12	h_rows_other_anchors	prior_p	90	0.14468006789684296	0.1288767158985138	0.20185263454914093	0.2667212188243866	0.29045557975769043
candidate	100	12	all_anchor_rows	prior_p	4096	0.14248013496398926	0.12495490163564682	0.20938104391098022	0.29274746775627136	0.3167925775051117
candidate	100	12	anchor0_h	innovation_w	6	0.004695499315857887	0.004695499315857887	0.004695499315857887	0.004695499315857887	0.004695499315857887
candidate	100	12	anchor0_non_h	innovation_w	250	0.015030263923108578	0.012240947224199772	0.019782409071922302	0.08967678248882294	0.09817373752593994
candidate	100	12	h_rows_other_anchors	innovation_w	90	0.02071770280599594	0.014861669391393661	0.037657231092453	0.07472489029169083	0.09095511585474014
candidate	100	12	all_anchor_rows	innovation_w	4096	0.020544759929180145	0.013515678234398365	0.04185182601213455	0.0899508073925972	0.10435310006141663
candidate	100	12	anchor0_h	raw_successor_z	6	0.012000355869531631	0.012000355869531631	0.012000355869531631	0.012000355869531631	0.012000355869531631
candidate	100	12	anchor0_non_h	raw_successor_z	250	0.015765756368637085	0.013129649683833122	0.021864797919988632	0.041172727942466736	0.052419133484363556
candidate	100	12	h_rows_other_anchors	raw_successor_z	90	0.02450188249349594	0.022794853895902634	0.04158778861165047	0.04484487324953079	0.04593351110816002
candidate	100	12	all_anchor_rows	raw_successor_z	4096	0.023240234702825546	0.01744120940566063	0.04270990937948227	0.05591800436377525	0.06061398610472679
candidate	100	12	anchor0_h	raw_updated_s	6	1.0001338720321655	1.0001338720321655	1.0001338720321655	1.0001338720321655	1.0001338720321655
candidate	100	12	anchor0_non_h	raw_updated_s	250	1.0032004117965698	1.0024065971374512	1.0039877891540527	1.0262144804000854	1.0262144804000854
candidate	100	12	h_rows_other_anchors	raw_updated_s	90	1.00411856174469	1.0030169486999512	1.0077488422393799	1.0163922309875488	1.022947072982788
candidate	100	12	all_anchor_rows	raw_updated_s	4096	1.0042366981506348	1.002858281135559	1.008359432220459	1.0221216678619385	1.027451515197754
candidate	100	12	anchor0_h	z_boundary_denominator	6	0.012041948735713959	0.012041948735713959	0.012041948735713959	0.012041948735713959	0.012041948735713959
candidate	100	12	anchor0_non_h	z_boundary_denominator	250	0.01580670289695263	0.013167676515877247	0.021887652575969696	0.04118487238883972	0.05242867395281792
candidate	100	12	h_rows_other_anchors	z_boundary_denominator	90	0.024527186527848244	0.022816777229309082	0.0415998138487339	0.04485602304339409	0.045944392681121826
candidate	100	12	all_anchor_rows	z_boundary_denominator	4096	0.023267285898327827	0.017469853162765503	0.04272161424160004	0.05592694878578186	0.060622233897447586
candidate	100	12	anchor0_h	s_boundary_denominator	6	1.0001343488693237	1.0001343488693237	1.0001343488693237	1.0001343488693237	1.0001343488693237
candidate	100	12	anchor0_non_h	s_boundary_denominator	250	1.003200888633728	1.0024070739746094	1.003988265991211	1.0262149572372437	1.0262149572372437
candidate	100	12	h_rows_other_anchors	s_boundary_denominator	90	1.0041190385818481	1.0030174255371094	1.007749319076538	1.016392707824707	1.0229475498199463
candidate	100	12	all_anchor_rows	s_boundary_denominator	4096	1.004237174987793	1.0028587579727173	1.0083599090576172	1.0221221446990967	1.027451992034912
candidate	100	12	anchor0_h	stored_successor_z	6	0.9965459704399109	0.9965460300445557	0.9965460300445557	0.9965460300445557	0.9965460300445557
candidate	100	12	anchor0_non_h	stored_successor_z	250	0.995513916015625	0.9971121549606323	0.9989557862281799	0.9997051954269409	0.9998180270195007
candidate	100	12	h_rows_other_anchors	stored_successor_z	90	0.9984732866287231	0.9990390539169312	0.9997109174728394	0.9997513890266418	0.9997631311416626
candidate	100	12	all_anchor_rows	stored_successor_z	4096	0.9982331991195679	0.998360276222229	0.9997259974479675	0.9998401403427124	0.9998639225959778
candidate	100	12	anchor0_h	stored_successor_s	6	0.999999463558197	0.999999463558197	0.999999463558197	0.999999463558197	0.999999463558197
candidate	100	12	anchor0_non_h	stored_successor_s	250	0.9999995231628418	0.9999995231628418	0.9999995231628418	0.9999995827674866	0.9999996423721313
candidate	100	12	h_rows_other_anchors	stored_successor_s	90	0.999999463558197	0.9999995231628418	0.9999995231628418	0.9999995827674866	0.9999995827674866
candidate	100	12	all_anchor_rows	stored_successor_s	4096	0.999999463558197	0.9999995231628418	0.9999995231628418	0.9999995827674866	0.9999996423721313
candidate	100	13	anchor0_h	rotated_z	6	0.9965459704399109	0.9965460300445557	0.9965460300445557	0.9965460300445557	0.9965460300445557
candidate	100	13	anchor0_non_h	rotated_z	250	0.995513916015625	0.9971120953559875	0.9989557862281799	0.9997051358222961	0.9998180270195007
candidate	100	13	h_rows_other_anchors	rotated_z	90	0.9984732866287231	0.9990390539169312	0.9997109174728394	0.9997513890266418	0.9997631311416626
candidate	100	13	all_anchor_rows	rotated_z	4096	0.9982331991195679	0.998360276222229	0.9997259974479675	0.9998401403427124	0.9998639225959778
candidate	100	13	anchor0_h	rotated_s	6	0.999999463558197	0.999999463558197	0.999999463558197	0.999999463558197	0.999999463558197
candidate	100	13	anchor0_non_h	rotated_s	250	0.9999995231628418	0.9999995231628418	0.9999995827674866	0.9999995827674866	0.9999995827674866
candidate	100	13	h_rows_other_anchors	rotated_s	90	0.999999463558197	0.9999995231628418	0.9999995231628418	0.9999995827674866	0.9999995827674866
candidate	100	13	all_anchor_rows	rotated_s	4096	0.9999994039535522	0.9999995231628418	0.9999995231628418	0.9999995827674866	0.9999996423721313
candidate	100	13	anchor0_h	prior_p	6	0.14824216067790985	0.14824216067790985	0.14824216067790985	0.14824216067790985	0.14824216067790985
candidate	100	13	anchor0_non_h	prior_p	250	0.13175205886363983	0.12504398822784424	0.20275694131851196	0.25042495131492615	0.26651912927627563
candidate	100	13	h_rows_other_anchors	prior_p	90	0.15508542954921722	0.12578603625297546	0.2779037654399872	0.31951189041137695	0.32089459896087646
candidate	100	13	all_anchor_rows	prior_p	4096	0.13914819061756134	0.11975575238466263	0.20804625749588013	0.30653026700019836	0.3227892816066742
candidate	100	13	anchor0_h	innovation_w	6	0.0238350760191679	0.0238350760191679	0.0238350760191679	0.0238350760191679	0.0238350760191679
candidate	100	13	anchor0_non_h	innovation_w	250	0.018896473571658134	0.01436892431229353	0.042047686874866486	0.06750573962926865	0.0774809941649437
candidate	100	13	h_rows_other_anchors	innovation_w	90	0.02871333248913288	0.015513107180595398	0.08109159022569656	0.1074809804558754	0.10850156843662262
candidate	100	13	all_anchor_rows	innovation_w	4096	0.02204577811062336	0.013587597757577896	0.045206256210803986	0.09866552799940109	0.10989264398813248
candidate	100	13	anchor0_h	raw_successor_z	6	0.01664973981678486	0.016649741679430008	0.016649741679430008	0.016649741679430008	0.016649741679430008
candidate	100	13	anchor0_non_h	raw_successor_z	250	0.016377344727516174	0.01548018679022789	0.029059572145342827	0.03995199501514435	0.046596869826316833
candidate	100	13	h_rows_other_anchors	raw_successor_z	90	0.018498005345463753	0.013303975574672222	0.04036683216691017	0.054679859429597855	0.055039118975400925
candidate	100	13	all_anchor_rows	raw_successor_z	4096	0.01577082648873329	0.012343700975179672	0.026412302628159523	0.053894300013780594	0.060016531497240067
candidate	100	13	anchor0_h	raw_updated_s	6	1.0025135278701782	1.0025135278701782	1.0025135278701782	1.0025135278701782	1.0025135278701782
candidate	100	13	anchor0_non_h	raw_updated_s	250	1.0044461488723755	1.0033464431762695	1.0106785297393799	1.0230519771575928	1.0238946676254272
candidate	100	13	h_rows_other_anchors	raw_updated_s	90	1.0065743923187256	1.0036683082580566	1.0173025131225586	1.026906967163086	1.0271121263504028
candidate	100	13	all_anchor_rows	raw_updated_s	4096	1.0050357580184937	1.003130555152893	1.0100195407867432	1.024816870689392	1.0287768840789795
candidate	100	13	anchor0_h	z_boundary_denominator	6	0.01667974703013897	0.01667974703013897	0.01667974703013897	0.01667974703013897	0.01667974703013897
candidate	100	13	anchor0_non_h	z_boundary_denominator	250	0.016417529433965683	0.015512452460825443	0.029076773673295975	0.03996450826525688	0.046607598662376404
candidate	100	13	h_rows_other_anchors	z_boundary_denominator	90	0.018533794209361076	0.013341505080461502	0.040379226207733154	0.05468900129199028	0.055048201233148575
candidate	100	13	all_anchor_rows	z_boundary_denominator	4096	0.01580977812409401	0.012384140864014626	0.02643122524023056	0.05390357971191406	0.06002486124634743
candidate	100	13	anchor0_h	s_boundary_denominator	6	1.0025140047073364	1.0025140047073364	1.0025140047073364	1.0025140047073364	1.0025140047073364
candidate	100	13	anchor0_non_h	s_boundary_denominator	250	1.0044466257095337	1.0033469200134277	1.010679006576538	1.023052453994751	1.0238951444625854
candidate	100	13	h_rows_other_anchors	s_boundary_denominator	90	1.0065746307373047	1.0036687850952148	1.0173029899597168	1.0269074440002441	1.027112603187561
candidate	100	13	all_anchor_rows	s_boundary_denominator	4096	1.0050362348556519	1.0031310319900513	1.0100200176239014	1.0248172283172607	1.0287773609161377
candidate	100	13	anchor0_h	stored_successor_z	6	0.9982011914253235	0.9982011914253235	0.9982011914253235	0.9982011914253235	0.9982011914253235
candidate	100	13	anchor0_non_h	stored_successor_z	250	0.995512068271637	0.997920036315918	0.999408483505249	0.9996868371963501	0.9997698664665222
candidate	100	13	h_rows_other_anchors	stored_successor_z	90	0.9969348311424255	0.9971870183944702	0.9996926784515381	0.9998329281806946	0.9998350739479065
candidate	100	13	all_anchor_rows	stored_successor_z	4096	0.9964888095855713	0.9967345595359802	0.999284029006958	0.9998278617858887	0.9998612403869629
candidate	100	13	anchor0_h	stored_successor_s	6	0.9999995231628418	0.9999995231628418	0.9999995231628418	0.9999995231628418	0.9999995231628418
candidate	100	13	anchor0_non_h	stored_successor_s	250	0.999999463558197	0.9999995231628418	0.9999995231628418	0.9999995827674866	0.9999995827674866
candidate	100	13	h_rows_other_anchors	stored_successor_s	90	0.999999463558197	0.9999995231628418	0.9999995827674866	0.9999995827674866	0.9999995827674866
candidate	100	13	all_anchor_rows	stored_successor_s	4096	0.999999463558197	0.9999995231628418	0.9999995231628418	0.9999995827674866	0.9999996423721313
candidate	100	14	anchor0_h	rotated_z	6	0.9982011914253235	0.9982011318206787	0.9982011318206787	0.9982011318206787	0.9982011318206787
candidate	100	14	anchor0_non_h	rotated_z	250	0.995512068271637	0.997920036315918	0.999408483505249	0.9996868371963501	0.9997698068618774
candidate	100	14	h_rows_other_anchors	rotated_z	90	0.9969348311424255	0.9971870183944702	0.9996926784515381	0.9998329281806946	0.9998350739479065
candidate	100	14	all_anchor_rows	rotated_z	4096	0.9964888095855713	0.9967345595359802	0.999284029006958	0.9998279213905334	0.9998612403869629
candidate	100	14	anchor0_h	rotated_s	6	0.9999995827674866	0.9999995827674866	0.9999995827674866	0.9999995827674866	0.9999995827674866
candidate	100	14	anchor0_non_h	rotated_s	250	0.999999463558197	0.999999463558197	0.9999995827674866	0.9999995827674866	0.9999995827674866
candidate	100	14	h_rows_other_anchors	rotated_s	90	0.999999463558197	0.9999995231628418	0.9999995827674866	0.9999995827674866	0.9999995827674866
candidate	100	14	all_anchor_rows	rotated_s	4096	0.999999463558197	0.9999995231628418	0.9999995231628418	0.9999995827674866	0.9999996423721313
candidate	100	14	anchor0_h	prior_p	6	0.08609304577112198	0.08609304577112198	0.08609304577112198	0.08609304577112198	0.08609304577112198
candidate	100	14	anchor0_non_h	prior_p	250	0.12274159491062164	0.11743435263633728	0.18916070461273193	0.2582193911075592	0.2582193911075592
candidate	100	14	h_rows_other_anchors	prior_p	90	0.10367488116025925	0.09223923087120056	0.18272827565670013	0.2754705548286438	0.3110029101371765
candidate	100	14	all_anchor_rows	prior_p	4096	0.10809755325317383	0.0971374437212944	0.183376744389534	0.2967579662799835	0.31298863887786865
candidate	100	14	anchor0_h	innovation_w	6	0.00568092567846179	0.00568092567846179	0.00568092567846179	0.00568092567846179	0.00568092567846179
candidate	100	14	anchor0_non_h	innovation_w	250	0.015712151303887367	0.012105301953852177	0.03700610250234604	0.07086791098117828	0.07086791098117828
candidate	100	14	h_rows_other_anchors	innovation_w	90	0.0130073931068182	0.00772602204233408	0.034365348517894745	0.08203696459531784	0.10314594954252243
candidate	100	14	all_anchor_rows	innovation_w	4096	0.014079551212489605	0.008549677208065987	0.03463369607925415	0.09410341829061508	0.1058565303683281
candidate	100	14	anchor0_h	raw_successor_z	6	0.009852166287600994	0.009852166287600994	0.009852166287600994	0.009852166287600994	0.009852166287600994
candidate	100	14	anchor0_non_h	raw_successor_z	250	0.01704965904355049	0.014588594436645508	0.029925720766186714	0.047291550785303116	0.047291550785303116
candidate	100	14	h_rows_other_anchors	raw_successor_z	90	0.015737801790237427	0.012496337294578552	0.028869999572634697	0.04491598159074783	0.04612165689468384
candidate	100	14	all_anchor_rows	raw_successor_z	4096	0.015272767283022404	0.011495986022055149	0.029458997771143913	0.04745617136359215	0.04922764375805855
candidate	100	14	anchor0_h	raw_updated_s	6	1.000362515449524	1.000362515449524	1.000362515449524	1.000362515449524	1.000362515449524
candidate	100	14	anchor0_non_h	raw_updated_s	250	1.0037431716918945	1.0024138689041138	1.0120152235031128	1.0227011442184448	1.0227011442184448
candidate	100	14	h_rows_other_anchors	raw_updated_s	90	1.0029921531677246	1.0015835762023926	1.0078529119491577	1.022168517112732	1.036272644996643
candidate	100	14	all_anchor_rows	raw_updated_s	4096	1.0034284591674805	1.0019152164459229	1.0084519386291504	1.0297117233276367	1.036272644996643
candidate	100	14	anchor0_h	z_boundary_denominator	6	0.009902787394821644	0.009902787394821644	0.009902787394821644	0.009902787394821644	0.009902787394821644
candidate	100	14	anchor0_non_h	z_boundary_denominator	250	0.017085090279579163	0.014622827060520649	0.029942432418465614	0.04730212315917015	0.04730212315917015
candidate	100	14	h_rows_other_anchors	z_boundary_denominator	90	0.015780186280608177	0.012536286376416683	0.028887325897812843	0.044927116483449936	0.04613249748945236
candidate	100	14	all_anchor_rows	z_boundary_denominator	4096	0.015317435376346111	0.0115393977612257	0.029475964605808258	0.0474667064845562	0.049237798899412155
candidate	100	14	anchor0_h	s_boundary_denominator	6	1.0003629922866821	1.0003629922866821	1.0003629922866821	1.0003629922866821	1.0003629922866821
candidate	100	14	anchor0_non_h	s_boundary_denominator	250	1.0037435293197632	1.002414345741272	1.012015700340271	1.022701621055603	1.022701621055603
candidate	100	14	h_rows_other_anchors	s_boundary_denominator	90	1.0029926300048828	1.0015840530395508	1.007853388786316	1.0221689939498901	1.0362730026245117
candidate	100	14	all_anchor_rows	s_boundary_denominator	4096	1.0034289360046387	1.001915693283081	1.0084524154663086	1.029712200164795	1.0362730026245117
candidate	100	14	anchor0_h	stored_successor_z	6	0.9948883056640625	0.9948883056640625	0.9948883056640625	0.9948883056640625	0.9948883056640625
candidate	100	14	anchor0_non_h	stored_successor_z	250	0.9971219897270203	0.997658908367157	0.9994413256645203	0.9997765421867371	0.9997765421867371
candidate	100	14	h_rows_other_anchors	stored_successor_z	90	0.9954105615615845	0.9968130588531494	0.9993993639945984	0.9997521042823792	0.9997650384902954
candidate	100	14	all_anchor_rows	stored_successor_z	4096	0.9948513507843018	0.9962378740310669	0.9994243383407593	0.9997780919075012	0.9997937083244324
candidate	100	14	anchor0_h	stored_successor_s	6	0.9999995231628418	0.9999995231628418	0.9999995231628418	0.9999995231628418	0.9999995231628418
candidate	100	14	anchor0_non_h	stored_successor_s	250	0.999999463558197	0.9999995231628418	0.9999995231628418	0.9999995827674866	0.9999995827674866
candidate	100	14	h_rows_other_anchors	stored_successor_s	90	0.999999463558197	0.9999995231628418	0.9999995231628418	0.9999995827674866	0.9999995827674866
candidate	100	14	all_anchor_rows	stored_successor_s	4096	0.9999994039535522	0.9999995231628418	0.9999995231628418	0.9999995827674866	0.9999996423721313
candidate	100	15	anchor0_h	rotated_z	6	0.9948883056640625	0.9948883056640625	0.9948883056640625	0.9948883056640625	0.9948883056640625
candidate	100	15	anchor0_non_h	rotated_z	250	0.9971219897270203	0.997658908367157	0.9994413256645203	0.9997765421867371	0.9997765421867371
candidate	100	15	h_rows_other_anchors	rotated_z	90	0.9954105615615845	0.9968129992485046	0.9993993639945984	0.9997521042823792	0.9997650384902954
candidate	100	15	all_anchor_rows	rotated_z	4096	0.9948513507843018	0.9962379932403564	0.9994243383407593	0.9997780919075012	0.9997937083244324
candidate	100	15	anchor0_h	rotated_s	6	0.9999995231628418	0.9999995231628418	0.9999995231628418	0.9999995231628418	0.9999995231628418
candidate	100	15	anchor0_non_h	rotated_s	250	0.999999463558197	0.999999463558197	0.9999995231628418	0.9999995827674866	0.9999995827674866
candidate	100	15	h_rows_other_anchors	rotated_s	90	0.999999463558197	0.9999995231628418	0.9999995231628418	0.9999995827674866	0.9999995827674866
candidate	100	15	all_anchor_rows	rotated_s	4096	0.9999994039535522	0.9999995231628418	0.9999995231628418	0.9999995827674866	0.9999996423721313
candidate	100	15	anchor0_h	prior_p	6	0.16004778444766998	0.16004779934883118	0.16004779934883118	0.16004779934883118	0.16004779934883118
candidate	100	15	anchor0_non_h	prior_p	250	0.12867876887321472	0.11731232702732086	0.19825062155723572	0.22282876074314117	0.24679653346538544
candidate	100	15	h_rows_other_anchors	prior_p	90	0.14691151678562164	0.12904781103134155	0.25734642148017883	0.30917054414749146	0.3155691921710968
candidate	100	15	all_anchor_rows	prior_p	4096	0.1361398547887802	0.11885291337966919	0.2069774568080902	0.3056330978870392	0.3168095648288727
candidate	100	15	anchor0_h	innovation_w	6	0.02708210051059723	0.02708210051059723	0.02708210051059723	0.02708210051059723	0.02708210051059723
candidate	100	15	anchor0_non_h	innovation_w	250	0.0169267226010561	0.012795564718544483	0.03988585248589516	0.05255306139588356	0.0650668665766716
candidate	100	15	h_rows_other_anchors	innovation_w	90	0.024538960307836533	0.013986166566610336	0.06901831179857254	0.1014794334769249	0.10653858631849289
candidate	100	15	all_anchor_rows	innovation_w	4096	0.020132705569267273	0.012281021103262901	0.043811582028865814	0.09924725443124771	0.10712496936321259
candidate	100	15	anchor0_h	raw_successor_z	6	0.01999017782509327	0.01999017968773842	0.01999017968773842	0.01999017968773842	0.01999017968773842
candidate	100	15	anchor0_non_h	raw_successor_z	250	0.01478433609008789	0.013090441934764385	0.023365328088402748	0.030677547678351402	0.0360373891890049
candidate	100	15	h_rows_other_anchors	raw_successor_z	90	0.02022607810795307	0.015679553151130676	0.03757943585515022	0.05072460323572159	0.052645038813352585
candidate	100	15	all_anchor_rows	raw_successor_z	4096	0.019397234544157982	0.01550430990755558	0.03554283827543259	0.051813337951898575	0.05541164427995682
candidate	100	15	anchor0_h	raw_updated_s	6	1.0034743547439575	1.0034743547439575	1.0034743547439575	1.0034743547439575	1.0034743547439575
candidate	100	15	anchor0_non_h	raw_updated_s	250	1.0040092468261719	1.0029488801956177	1.0080199241638184	1.0160653591156006	1.0188895463943481
candidate	100	15	h_rows_other_anchors	raw_updated_s	90	1.0061262845993042	1.003122329711914	1.0173941850662231	1.0281791687011719	1.0282182693481445
candidate	100	15	all_anchor_rows	raw_updated_s	4096	1.0048408508300781	1.0026907920837402	1.0110160112380981	1.0286228656768799	1.034511685371399
candidate	100	15	anchor0_h	z_boundary_denominator	6	0.020015178248286247	0.020015176385641098	0.020015176385641098	0.020015176385641098	0.020015176385641098
candidate	100	15	anchor0_non_h	z_boundary_denominator	250	0.014822499826550484	0.013128582388162613	0.023386716842651367	0.030693842098116875	0.03605126217007637
candidate	100	15	h_rows_other_anchors	z_boundary_denominator	90	0.020257603377103806	0.015711408108472824	0.03759274259209633	0.05073446407914162	0.05265453830361366
candidate	100	15	all_anchor_rows	z_boundary_denominator	4096	0.019429728388786316	0.01553652435541153	0.03555690497159958	0.05182298645377159	0.05542066693305969
candidate	100	15	anchor0_h	s_boundary_denominator	6	1.0034748315811157	1.0034748315811157	1.0034748315811157	1.0034748315811157	1.0034748315811157
candidate	100	15	anchor0_non_h	s_boundary_denominator	250	1.00400972366333	1.0029493570327759	1.0080204010009766	1.0160658359527588	1.0188900232315063
candidate	100	15	h_rows_other_anchors	s_boundary_denominator	90	1.0061265230178833	1.0031228065490723	1.0173946619033813	1.02817964553833	1.0282187461853027
candidate	100	15	all_anchor_rows	s_boundary_denominator	4096	1.0048413276672363	1.0026912689208984	1.0110164880752563	1.028623342514038	1.0345121622085571
candidate	100	15	anchor0_h	stored_successor_z	6	0.9987511038780212	0.9987510442733765	0.9987510442733765	0.9987510442733765	0.9987510442733765
candidate	100	15	anchor0_non_h	stored_successor_z	250	0.9967976808547974	0.9970948100090027	0.9990853071212769	0.9994692206382751	0.9996153116226196
candidate	100	15	h_rows_other_anchors	stored_successor_z	90	0.9976425766944885	0.9979723691940308	0.9996457695960999	0.9998056888580322	0.9998195767402649
candidate	100	15	all_anchor_rows	stored_successor_z	4096	0.9975174069404602	0.9979264736175537	0.9996044039726257	0.9998137354850769	0.9998371601104736
candidate	100	15	anchor0_h	stored_successor_s	6	0.999999463558197	0.999999463558197	0.999999463558197	0.999999463558197	0.999999463558197
candidate	100	15	anchor0_non_h	stored_successor_s	250	0.999999463558197	0.999999463558197	0.9999995231628418	0.9999995827674866	0.9999995827674866
candidate	100	15	h_rows_other_anchors	stored_successor_s	90	0.999999463558197	0.9999995231628418	0.9999995231628418	0.9999995827674866	0.9999995827674866
candidate	100	15	all_anchor_rows	stored_successor_s	4096	0.999999463558197	0.9999995231628418	0.9999995231628418	0.9999995827674866	0.9999996423721313
candidate	100	16	anchor0_h	rotated_z	6	0.9987511038780212	0.9987511038780212	0.9987511038780212	0.9987511038780212	0.9987511038780212
candidate	100	16	anchor0_non_h	rotated_z	250	0.9967978000640869	0.9970948100090027	0.9990853071212769	0.9994692206382751	0.9996153116226196
candidate	100	16	h_rows_other_anchors	rotated_z	90	0.9976425766944885	0.9979723691940308	0.9996457695960999	0.9998056888580322	0.9998196363449097
candidate	100	16	all_anchor_rows	rotated_z	4096	0.9975174069404602	0.9979264736175537	0.9996044635772705	0.9998137354850769	0.9998371601104736
candidate	100	16	anchor0_h	rotated_s	6	0.999999463558197	0.999999463558197	0.999999463558197	0.999999463558197	0.999999463558197
candidate	100	16	anchor0_non_h	rotated_s	250	0.999999463558197	0.999999463558197	0.9999995231628418	0.9999995827674866	0.9999995827674866
candidate	100	16	h_rows_other_anchors	rotated_s	90	0.999999463558197	0.9999995231628418	0.9999995231628418	0.9999995827674866	0.9999995827674866
candidate	100	16	all_anchor_rows	rotated_s	4096	0.999999463558197	0.9999995231628418	0.9999995231628418	0.9999995827674866	0.9999996423721313
candidate	100	16	anchor0_h	prior_p	6	0.09073858708143234	0.09073857963085175	0.09073857963085175	0.09073857963085175	0.09073857963085175
candidate	100	16	anchor0_non_h	prior_p	250	0.12448576092720032	0.11577053368091583	0.2066798210144043	0.2752050459384918	0.27960485219955444
candidate	100	16	h_rows_other_anchors	prior_p	90	0.1846402883529663	0.16219201683998108	0.302778422832489	0.3208197057247162	0.32470420002937317
candidate	100	16	all_anchor_rows	prior_p	4096	0.1690376251935959	0.14782854914665222	0.2919289469718933	0.3153526484966278	0.32912302017211914
candidate	100	16	anchor0_h	innovation_w	6	0.007054455112665892	0.007054454647004604	0.007054454647004604	0.007054454647004604	0.007054454647004604
candidate	100	16	anchor0_non_h	innovation_w	250	0.017716290429234505	0.012811633758246899	0.03988460451364517	0.07704305648803711	0.08504101634025574
candidate	100	16	h_rows_other_anchors	innovation_w	90	0.042378924787044525	0.026211686432361603	0.09732455760240555	0.10748413950204849	0.11114271730184555
candidate	100	16	all_anchor_rows	innovation_w	4096	0.035029780119657516	0.021791933104395866	0.08962377905845642	0.10510434210300446	0.11474576592445374
candidate	100	16	anchor0_h	raw_successor_z	6	0.009163822047412395	0.009163822047412395	0.009163822047412395	0.009163822047412395	0.009163822047412395
candidate	100	16	anchor0_non_h	raw_successor_z	250	0.016917984932661057	0.012941010296344757	0.03381030261516571	0.04832516983151436	0.04832516983151436
candidate	100	16	h_rows_other_anchors	raw_successor_z	90	0.027063073590397835	0.023344751447439194	0.051372312009334564	0.05715477839112282	0.05790484696626663
candidate	100	16	all_anchor_rows	raw_successor_z	4096	0.023114290088415146	0.01685827039182186	0.04858012869954109	0.05274900421500206	0.058108359575271606
candidate	100	16	anchor0_h	raw_updated_s	6	1.000685214996338	1.000685214996338	1.000685214996338	1.000685214996338	1.000685214996338
candidate	100	16	anchor0_non_h	raw_updated_s	250	1.00477933883667	1.0034096240997314	1.0139524936676025	1.0260223150253296	1.0276652574539185
candidate	100	16	h_rows_other_anchors	raw_updated_s	90	1.0113393068313599	1.006612777709961	1.0276308059692383	1.0316818952560425	1.032482385635376
candidate	100	16	all_anchor_rows	raw_updated_s	4096	1.009287714958191	1.005444049835205	1.0243555307388306	1.030837059020996	1.0374308824539185
candidate	100	16	anchor0_h	z_boundary_denominator	6	0.00921822339296341	0.00921822339296341	0.00921822339296341	0.00921822339296341	0.00921822339296341
candidate	100	16	anchor0_non_h	z_boundary_denominator	250	0.016957787796854973	0.012979589402675629	0.033825092017650604	0.04833551496267319	0.04833551496267319
candidate	100	16	h_rows_other_anchors	z_boundary_denominator	90	0.02709021233022213	0.023366162553429604	0.051382049918174744	0.057163529098033905	0.05791348218917847
candidate	100	16	all_anchor_rows	z_boundary_denominator	4096	0.02314644306898117	0.016887905076146126	0.04859042167663574	0.05275848135352135	0.058116961270570755
candidate	100	16	anchor0_h	s_boundary_denominator	6	1.000685691833496	1.000685691833496	1.000685691833496	1.000685691833496	1.000685691833496
candidate	100	16	anchor0_non_h	s_boundary_denominator	250	1.0047798156738281	1.0034101009368896	1.0139529705047607	1.0260227918624878	1.0276657342910767
candidate	100	16	h_rows_other_anchors	s_boundary_denominator	90	1.0113396644592285	1.0066132545471191	1.0276312828063965	1.0316823720932007	1.0324827432632446
candidate	100	16	all_anchor_rows	s_boundary_denominator	4096	1.0092881917953491	1.0054445266723633	1.0243560075759888	1.0308375358581543	1.037431240081787
candidate	100	16	anchor0_h	stored_successor_z	6	0.9940984845161438	0.9940984845161438	0.9940984845161438	0.9940984845161438	0.9940984845161438
candidate	100	16	anchor0_non_h	stored_successor_z	250	0.996025025844574	0.9970276951789856	0.9995627999305725	0.9997859001159668	0.9997859001159668
candidate	100	16	h_rows_other_anchors	stored_successor_z	90	0.9979888796806335	0.9990833401679993	0.9998105764389038	0.999846875667572	0.9998509287834167
candidate	100	16	all_anchor_rows	stored_successor_z	4096	0.9972578287124634	0.9982452988624573	0.9997882843017578	0.999820351600647	0.9998518824577332
candidate	100	16	anchor0_h	stored_successor_s	6	0.999999463558197	0.999999463558197	0.999999463558197	0.999999463558197	0.999999463558197
candidate	100	16	anchor0_non_h	stored_successor_s	250	0.999999463558197	0.999999463558197	0.9999995231628418	0.9999995827674866	0.9999995827674866
candidate	100	16	h_rows_other_anchors	stored_successor_s	90	0.9999994039535522	0.9999995231628418	0.9999995231628418	0.9999995827674866	0.9999995827674866
candidate	100	16	all_anchor_rows	stored_successor_s	4096	0.9999995231628418	0.9999995231628418	0.9999995827674866	0.9999995827674866	0.9999996423721313
control	100	0	anchor0_h	raw_encoded_root	6	0.4814722239971161	0.4814721941947937	0.4814721941947937	0.4814721941947937	0.4814721941947937
control	100	0	anchor0_non_h	raw_encoded_root	250	0.5283790230751038	0.50437992811203	0.6905947923660278	0.6905947923660278	0.6905947923660278
control	100	0	h_rows_other_anchors	raw_encoded_root	90	0.6665735840797424	0.668954610824585	0.6849916577339172	0.6902098059654236	0.690372884273529
control	100	0	all_anchor_rows	raw_encoded_root	4096	0.6610095500946045	0.6703627705574036	0.6890562772750854	0.6986033916473389	0.7036706209182739
control	100	0	anchor0_h	initialized_recurrent_root	6	0.4814722239971161	0.4814721941947937	0.4814721941947937	0.4814721941947937	0.4814721941947937
control	100	0	anchor0_non_h	initialized_recurrent_root	250	0.5283790230751038	0.50437992811203	0.6905947923660278	0.6905947923660278	0.6905947923660278
control	100	0	h_rows_other_anchors	initialized_recurrent_root	90	0.6665735840797424	0.668954610824585	0.6849916577339172	0.6902098059654236	0.690372884273529
control	100	0	all_anchor_rows	initialized_recurrent_root	4096	0.6610095500946045	0.6703627705574036	0.6890562772750854	0.6986033916473389	0.7036706209182739
control	100	0	anchor0_h	initialized_memory	6	0.3536261320114136	0.3536261320114136	0.3536261320114136	0.3536261320114136	0.3536261320114136
control	100	0	anchor0_non_h	initialized_memory	250	0.6847164630889893	0.5592275857925415	1.523893117904663	1.523893117904663	1.523893117904663
control	100	0	h_rows_other_anchors	initialized_memory	90	1.349683165550232	1.357116460800171	1.4538488388061523	1.5217361450195312	1.5233505964279175
control	100	0	all_anchor_rows	initialized_memory	4096	1.3324507474899292	1.3730404376983643	1.502786636352539	1.5789721012115479	1.624627709388733
control	100	1	anchor0_h	rotated_z	6	0.4814721643924713	0.4814721643924713	0.4814721643924713	0.4814721643924713	0.4814721643924713
control	100	1	anchor0_non_h	rotated_z	250	0.5283790230751038	0.50437992811203	0.6905947923660278	0.6905947923660278	0.6905947923660278
control	100	1	h_rows_other_anchors	rotated_z	90	0.6665735840797424	0.668954610824585	0.6849916577339172	0.6902098059654236	0.690372884273529
control	100	1	all_anchor_rows	rotated_z	4096	0.6610094904899597	0.6703627705574036	0.6890562772750854	0.6986033916473389	0.7036706209182739
control	100	1	anchor0_h	rotated_s	6	0.3536261320114136	0.3536261320114136	0.3536261320114136	0.3536261320114136	0.3536261320114136
control	100	1	anchor0_non_h	rotated_s	250	0.6847164630889893	0.5592276453971863	1.523893117904663	1.523893117904663	1.523893117904663
control	100	1	h_rows_other_anchors	rotated_s	90	1.349683165550232	1.357116460800171	1.4538488388061523	1.5217361450195312	1.5233505964279175
control	100	1	all_anchor_rows	rotated_s	4096	1.3324508666992188	1.3730404376983643	1.502786636352539	1.5789721012115479	1.624627709388733
control	100	1	anchor0_h	prior_p	6	0.010151675902307034	0.010151674970984459	0.010151674970984459	0.010151674970984459	0.010151674970984459
control	100	1	anchor0_non_h	prior_p	250	0.078902468085289	0.050155799835920334	0.29104703664779663	0.29104703664779663	0.29104703664779663
control	100	1	h_rows_other_anchors	prior_p	90	0.21407000720500946	0.21727976202964783	0.24315805733203888	0.2535555958747864	0.2576693892478943
control	100	1	all_anchor_rows	prior_p	4096	0.21160024404525757	0.22017936408519745	0.25233739614486694	0.27972596883773804	0.3021318018436432
control	100	1	anchor0_h	innovation_w	6	9.884167229756713e-05	9.884167229756713e-05	9.884167229756713e-05	9.884167229756713e-05	9.884167229756713e-05
control	100	1	anchor0_non_h	innovation_w	250	0.019246574491262436	0.003669335739687085	0.12245818227529526	0.12245818227529526	0.12245818227529526
control	100	1	h_rows_other_anchors	innovation_w	90	0.06641779094934464	0.06778956949710846	0.08464131504297256	0.09330135583877563	0.09600499272346497
control	100	1	all_anchor_rows	innovation_w	4096	0.06708675622940063	0.06927120685577393	0.09065872430801392	0.11027544736862183	0.1273864507675171
control	100	1	anchor0_h	raw_successor_z	6	0.000717091781552881	0.0007170917233452201	0.0007170917233452201	0.0007170917233452201	0.0007170917233452201
control	100	1	anchor0_non_h	raw_successor_z	250	0.05086445435881615	0.014048140496015549	0.2729111611843109	0.2729111611843109	0.2729111611843109
control	100	1	h_rows_other_anchors	raw_successor_z	90	0.1765291839838028	0.17813986539840698	0.21749208867549896	0.23741444945335388	0.2389536201953888
control	100	1	all_anchor_rows	raw_successor_z	4096	0.1782485693693161	0.1828031986951828	0.23599287867546082	0.2741713523864746	0.3278362452983856
control	100	1	anchor0_h	raw_updated_s	6	0.35362812876701355	0.35362812876701355	0.35362812876701355	0.35362812876701355	0.35362812876701355
control	100	1	anchor0_non_h	raw_updated_s	250	0.6875975131988525	0.5595336556434631	1.5451042652130127	1.5451042652130127	1.5451042652130127
control	100	1	h_rows_other_anchors	raw_updated_s	90	1.3583157062530518	1.3673853874206543	1.4659757614135742	1.5329605340957642	1.534292221069336
control	100	1	all_anchor_rows	raw_updated_s	4096	1.3413453102111816	1.3823037147521973	1.5144027471542358	1.593044638633728	1.6447858810424805
control	100	1	anchor0_h	z_boundary_denominator	6	0.001230536843650043	0.0012305367272347212	0.0012305367272347212	0.0012305367272347212	0.0012305367272347212
control	100	1	anchor0_non_h	z_boundary_denominator	250	0.05106254667043686	0.014083687216043472	0.27291297912597656	0.27291297912597656	0.27291297912597656
control	100	1	h_rows_other_anchors	z_boundary_denominator	90	0.17653213441371918	0.17814266681671143	0.21749438345432281	0.2374165654182434	0.23895570635795593
control	100	1	all_anchor_rows	z_boundary_denominator	4096	0.1782640516757965	0.18280592560768127	0.23599499464035034	0.27417317032814026	0.3278377652168274
control	100	1	anchor0_h	s_boundary_denominator	6	0.35362955927848816	0.35362952947616577	0.35362952947616577	0.35362952947616577	0.35362952947616577
control	100	1	anchor0_non_h	s_boundary_denominator	250	0.6875985264778137	0.5595345497131348	1.5451046228408813	1.5451046228408813	1.5451046228408813
control	100	1	h_rows_other_anchors	s_boundary_denominator	90	1.3583160638809204	1.3673856258392334	1.4659759998321533	1.5329607725143433	1.5342925786972046
control	100	1	all_anchor_rows	s_boundary_denominator	4096	1.3413455486297607	1.382304072380066	1.5144031047821045	1.5930449962615967	1.6447861194610596
control	100	1	anchor0_h	stored_successor_z	6	0.5827470421791077	0.5827471017837524	0.5827471017837524	0.5827471017837524	0.5827471017837524
control	100	1	anchor0_non_h	stored_successor_z	250	0.8494670391082764	0.9974759817123413	0.9999932646751404	0.9999932646751404	0.9999932646751404
control	100	1	h_rows_other_anchors	stored_successor_z	90	0.9999814629554749	0.9999842643737793	0.9999894499778748	0.9999911785125732	0.999991238117218
control	100	1	all_anchor_rows	stored_successor_z	4096	0.9901852607727051	0.9999849796295166	0.9999910593032837	0.9999933242797852	0.9999953508377075
control	100	1	anchor0_h	stored_successor_s	6	0.9999960064888	0.9999959468841553	0.9999959468841553	0.9999959468841553	0.9999959468841553
control	100	1	anchor0_non_h	stored_successor_s	250	0.9999973177909851	0.9999983310699463	0.9999998211860657	0.9999998211860657	0.9999998211860657
control	100	1	h_rows_other_anchors	stored_successor_s	90	0.9999998211860657	0.9999997019767761	0.9999997615814209	0.9999997615814209	0.9999997615814209
control	100	1	all_anchor_rows	stored_successor_s	4096	0.9999997615814209	0.9999997019767761	0.9999997615814209	0.9999998211860657	0.9999998807907104
control	100	2	anchor0_h	rotated_z	6	0.5827470421791077	0.5827471017837524	0.5827471017837524	0.5827471017837524	0.5827471017837524
control	100	2	anchor0_non_h	rotated_z	250	0.8494670391082764	0.9974759817123413	0.9999932646751404	0.9999932646751404	0.9999932646751404
control	100	2	h_rows_other_anchors	rotated_z	90	0.9999814629554749	0.9999842643737793	0.9999894499778748	0.9999911785125732	0.999991238117218
control	100	2	all_anchor_rows	rotated_z	4096	0.9901852607727051	0.9999849796295166	0.9999909996986389	0.9999933242797852	0.9999953508377075
control	100	2	anchor0_h	rotated_s	6	0.9999960064888	0.9999959468841553	0.9999959468841553	0.9999959468841553	0.9999959468841553
control	100	2	anchor0_non_h	rotated_s	250	0.9999973177909851	0.9999983310699463	0.9999998211860657	0.9999998211860657	0.9999998211860657
control	100	2	h_rows_other_anchors	rotated_s	90	0.9999998211860657	0.9999997019767761	0.9999997615814209	0.9999997615814209	0.9999998211860657
control	100	2	all_anchor_rows	rotated_s	4096	0.9999997615814209	0.9999997019767761	0.9999997615814209	0.9999998211860657	0.9999998807907104
control	100	2	anchor0_h	prior_p	6	0.13545328378677368	0.13545328378677368	0.13545328378677368	0.13545328378677368	0.13545328378677368
control	100	2	anchor0_non_h	prior_p	250	0.40548813343048096	0.4840095043182373	0.6054050326347351	0.6054050326347351	0.6054050326347351
control	100	2	h_rows_other_anchors	prior_p	90	0.5824459791183472	0.5745476484298706	0.663860023021698	0.6681803464889526	0.6702508926391602
control	100	2	all_anchor_rows	prior_p	4096	0.5787032246589661	0.5752495527267456	0.6664360761642456	0.6739614009857178	0.6838276386260986
control	100	2	anchor0_h	innovation_w	6	0.027022944763302803	0.027022944763302803	0.027022944763302803	0.027022944763302803	0.027022944763302803
control	100	2	anchor0_non_h	innovation_w	250	0.29769015312194824	0.34921473264694214	0.5370199084281921	0.5370199084281921	0.5370199084281921
control	100	2	h_rows_other_anchors	innovation_w	90	0.5059977769851685	0.4914112389087677	0.6530773639678955	0.6616500020027161	0.6656568646430969
control	100	2	all_anchor_rows	innovation_w	4096	0.5064332485198975	0.4920441508293152	0.6581356525421143	0.6727322340011597	0.6913233399391174
control	100	2	anchor0_h	raw_successor_z	6	0.03360099717974663	0.03360099717974663	0.03360099717974663	0.03360099717974663	0.03360099717974663
control	100	2	anchor0_non_h	raw_successor_z	250	0.20743583142757416	0.2305241823196411	0.37477001547813416	0.37477001547813416	0.37477001547813416
control	100	2	h_rows_other_anchors	raw_successor_z	90	0.3373168706893921	0.326693594455719	0.44246605038642883	0.44895613193511963	0.4515688121318817
control	100	2	all_anchor_rows	raw_successor_z	4096	0.3387503921985626	0.3274284303188324	0.4460330605506897	0.45769768953323364	0.47459661960601807
control	100	2	anchor0_h	raw_updated_s	6	1.001761555671692	1.001761555671692	1.001761555671692	1.001761555671692	1.001761555671692
control	100	2	anchor0_non_h	raw_updated_s	250	1.0896586179733276	1.0844022035598755	1.1991411447525024	1.1991411447525024	1.1991411447525024
control	100	2	h_rows_other_anchors	raw_updated_s	90	1.1837761402130127	1.172652006149292	1.2696573734283447	1.2809423208236694	1.2832597494125366
control	100	2	all_anchor_rows	raw_updated_s	4096	1.187153935432434	1.1774570941925049	1.2774713039398193	1.2938811779022217	1.315754771232605
control	100	2	anchor0_h	z_boundary_denominator	6	0.033615875989198685	0.033615875989198685	0.033615875989198685	0.033615875989198685	0.033615875989198685
control	100	2	anchor0_non_h	z_boundary_denominator	250	0.20747363567352295	0.23052635788917542	0.3747713565826416	0.3747713565826416	0.3747713565826416
control	100	2	h_rows_other_anchors	z_boundary_denominator	90	0.33731839060783386	0.32669514417648315	0.44246718287467957	0.448957234621048	0.45156991481781006
control	100	2	all_anchor_rows	z_boundary_denominator	4096	0.3387541174888611	0.32742995023727417	0.44603416323661804	0.457698792219162	0.47459766268730164
control	100	2	anchor0_h	s_boundary_denominator	6	1.00176203250885	1.00176203250885	1.00176203250885	1.00176203250885	1.00176203250885
control	100	2	anchor0_non_h	s_boundary_denominator	250	1.0896590948104858	1.0844026803970337	1.199141502380371	1.199141502380371	1.199141502380371
control	100	2	h_rows_other_anchors	s_boundary_denominator	90	1.1837764978408813	1.1726523637771606	1.2696577310562134	1.280942678451538	1.2832601070404053
control	100	2	all_anchor_rows	s_boundary_denominator	4096	1.1871542930603027	1.1774574518203735	1.2774717807769775	1.2938815355300903	1.3157551288604736
control	100	2	anchor0_h	stored_successor_z	6	0.9995574355125427	0.999557375907898	0.999557375907898	0.999557375907898	0.999557375907898
control	100	2	anchor0_non_h	stored_successor_z	250	0.9747779369354248	0.9999906420707703	0.9999964237213135	0.9999964237213135	0.9999964237213135
control	100	2	h_rows_other_anchors	stored_successor_z	90	0.9999954104423523	0.9999952912330627	0.9999973773956299	0.9999975562095642	0.9999975562095642
control	100	2	all_anchor_rows	stored_successor_z	4096	0.9984558820724487	0.9999952912330627	0.9999974370002747	0.999997615814209	0.9999978542327881
control	100	2	anchor0_h	stored_successor_s	6	0.9999995231628418	0.9999995231628418	0.9999995231628418	0.9999995231628418	0.9999995231628418
control	100	2	anchor0_non_h	stored_successor_s	250	0.9999995231628418	0.9999995827674866	0.9999997019767761	0.9999997019767761	0.9999997019767761
control	100	2	h_rows_other_anchors	stored_successor_s	90	0.999999463558197	0.9999996423721313	0.9999997019767761	0.9999997019767761	0.9999997615814209
control	100	2	all_anchor_rows	stored_successor_s	4096	0.9999999403953552	0.9999996423721313	0.9999997019767761	0.9999997615814209	0.9999997615814209
control	100	3	anchor0_h	rotated_z	6	0.9995574355125427	0.999557375907898	0.999557375907898	0.999557375907898	0.999557375907898
control	100	3	anchor0_non_h	rotated_z	250	0.9747779369354248	0.9999905824661255	0.9999964237213135	0.9999964237213135	0.9999964237213135
control	100	3	h_rows_other_anchors	rotated_z	90	0.9999954104423523	0.9999952912330627	0.9999973773956299	0.9999975562095642	0.999997615814209
control	100	3	all_anchor_rows	rotated_z	4096	0.9984558820724487	0.9999952912330627	0.9999974370002747	0.999997615814209	0.9999978542327881
control	100	3	anchor0_h	rotated_s	6	0.9999995231628418	0.9999995231628418	0.9999995231628418	0.9999995231628418	0.9999995231628418
control	100	3	anchor0_non_h	rotated_s	250	0.9999995231628418	0.9999995827674866	0.9999997019767761	0.9999997019767761	0.9999997019767761
control	100	3	h_rows_other_anchors	rotated_s	90	0.999999463558197	0.9999996423721313	0.9999997019767761	0.9999997019767761	0.9999997019767761
control	100	3	all_anchor_rows	rotated_s	4096	0.9999999403953552	0.9999996423721313	0.9999997019767761	0.9999997615814209	0.9999997615814209
control	100	3	anchor0_h	prior_p	6	0.24170251190662384	0.24170251190662384	0.24170251190662384	0.24170251190662384	0.24170251190662384
control	100	3	anchor0_non_h	prior_p	250	0.38360360264778137	0.438204288482666	0.5248624086380005	0.5248624086380005	0.5248624086380005
control	100	3	h_rows_other_anchors	prior_p	90	0.48769792914390564	0.4846773147583008	0.5236406326293945	0.5246610045433044	0.5250279307365417
control	100	3	all_anchor_rows	prior_p	4096	0.48389381170272827	0.4847419857978821	0.523727536201477	0.5253550410270691	0.5291355848312378
control	100	3	anchor0_h	innovation_w	6	0.08664263039827347	0.08664263039827347	0.08664263039827347	0.08664263039827347	0.08664263039827347
control	100	3	anchor0_non_h	innovation_w	250	0.24806857109069824	0.28616365790367126	0.4047775864601135	0.4047775864601135	0.4047775864601135
control	100	3	h_rows_other_anchors	innovation_w	90	0.3538753390312195	0.3495093584060669	0.40580353140830994	0.40726104378700256	0.4075775146484375
control	100	3	all_anchor_rows	innovation_w	4096	0.35119307041168213	0.3496053218841553	0.40572190284729004	0.40823546051979065	0.41397014260292053
control	100	3	anchor0_h	raw_successor_z	6	0.057868923991918564	0.057868920266628265	0.057868920266628265	0.057868920266628265	0.057868920266628265
control	100	3	anchor0_non_h	raw_successor_z	250	0.17125453054904938	0.19345174729824066	0.27830758690834045	0.27830758690834045	0.27830758690834045
control	100	3	h_rows_other_anchors	raw_successor_z	90	0.23976145684719086	0.23659691214561462	0.27662256360054016	0.2777242660522461	0.27808496356010437
control	100	3	all_anchor_rows	raw_successor_z	4096	0.23831292986869812	0.23658162355422974	0.2767527401447296	0.27854713797569275	0.28258997201919556
control	100	3	anchor0_h	raw_updated_s	6	1.0098899602890015	1.0098899602890015	1.0098899602890015	1.0098899602890015	1.0098899602890015
control	100	3	anchor0_non_h	raw_updated_s	250	1.135573148727417	1.143241047859192	1.2674970626831055	1.2674970626831055	1.2674970626831055
control	100	3	h_rows_other_anchors	raw_updated_s	90	1.2299362421035767	1.224534511566162	1.2946783304214478	1.2978101968765259	1.2985568046569824
control	100	3	all_anchor_rows	raw_updated_s	4096	1.2298290729522705	1.2252821922302246	1.2960350513458252	1.3012163639068604	1.3099594116210938
control	100	3	anchor0_h	z_boundary_denominator	6	0.0578775592148304	0.0578775592148304	0.0578775592148304	0.0578775592148304	0.0578775592148304
control	100	3	anchor0_non_h	z_boundary_denominator	250	0.17126792669296265	0.1934543401002884	0.2783094048500061	0.2783094048500061	0.2783094048500061
control	100	3	h_rows_other_anchors	z_boundary_denominator	90	0.2397635579109192	0.23659902811050415	0.2766243517398834	0.27772608399391174	0.27808678150177
control	100	3	all_anchor_rows	z_boundary_denominator	4096	0.23831571638584137	0.23658372461795807	0.27675455808639526	0.278548926115036	0.28259173035621643
control	100	3	anchor0_h	s_boundary_denominator	6	1.0098904371261597	1.0098904371261597	1.0098904371261597	1.0098904371261597	1.0098904371261597
control	100	3	anchor0_non_h	s_boundary_denominator	250	1.1355736255645752	1.14324152469635	1.2674974203109741	1.2674974203109741	1.2674974203109741
control	100	3	h_rows_other_anchors	s_boundary_denominator	90	1.2299365997314453	1.2245348691940308	1.2946786880493164	1.2978105545043945	1.298557162284851
control	100	3	all_anchor_rows	s_boundary_denominator	4096	1.2298293113708496	1.2252826690673828	1.2960354089736938	1.301216721534729	1.3099597692489624
control	100	3	anchor0_h	stored_successor_z	6	0.9998506903648376	0.9998506903648376	0.9998506903648376	0.9998506903648376	0.9998506903648376
control	100	3	anchor0_non_h	stored_successor_z	250	0.9957125186920166	0.9999865889549255	0.9999935626983643	0.9999935626983643	0.9999935626983643
control	100	3	h_rows_other_anchors	stored_successor_z	90	0.9999911785125732	0.9999911189079285	0.9999933838844299	0.9999935626983643	0.9999935626983643
control	100	3	all_anchor_rows	stored_successor_z	4096	0.9997300505638123	0.9999911189079285	0.9999934434890747	0.9999935626983643	0.9999938011169434
control	100	3	anchor0_h	stored_successor_s	6	0.9999995231628418	0.9999995231628418	0.9999995231628418	0.9999995231628418	0.9999995231628418
control	100	3	anchor0_non_h	stored_successor_s	250	0.9999995231628418	0.9999995827674866	0.9999996423721313	0.9999996423721313	0.9999996423721313
control	100	3	h_rows_other_anchors	stored_successor_s	90	0.999999463558197	0.9999996423721313	0.9999997019767761	0.9999997019767761	0.9999997615814209
control	100	3	all_anchor_rows	stored_successor_s	4096	0.9999999403953552	0.9999996423721313	0.9999997019767761	0.9999997615814209	0.9999997615814209
control	100	4	anchor0_h	rotated_z	6	0.9998506903648376	0.9998506903648376	0.9998506903648376	0.9998506903648376	0.9998506903648376
control	100	4	anchor0_non_h	rotated_z	250	0.9957126379013062	0.9999865293502808	0.9999935626983643	0.9999935626983643	0.9999935626983643
control	100	4	h_rows_other_anchors	rotated_z	90	0.9999911785125732	0.9999910593032837	0.9999933838844299	0.9999935626983643	0.9999935626983643
control	100	4	all_anchor_rows	rotated_z	4096	0.9997300505638123	0.9999911189079285	0.9999934434890747	0.9999935626983643	0.9999938011169434
control	100	4	anchor0_h	rotated_s	6	0.9999995231628418	0.9999995231628418	0.9999995231628418	0.9999995231628418	0.9999995231628418
control	100	4	anchor0_non_h	rotated_s	250	0.9999995231628418	0.9999995827674866	0.9999996423721313	0.9999996423721313	0.9999996423721313
control	100	4	h_rows_other_anchors	rotated_s	90	0.999999463558197	0.9999996423721313	0.9999997019767761	0.9999997019767761	0.9999997615814209
control	100	4	all_anchor_rows	rotated_s	4096	0.9999999403953552	0.9999996423721313	0.9999997019767761	0.9999997615814209	0.9999997615814209
control	100	4	anchor0_h	prior_p	6	0.2358715981245041	0.23587161302566528	0.23587161302566528	0.23587161302566528	0.23587161302566528
control	100	4	anchor0_non_h	prior_p	250	0.3490946888923645	0.386159747838974	0.4178423583507538	0.4178423583507538	0.4178423583507538
control	100	4	h_rows_other_anchors	prior_p	90	0.3985230624675751	0.3975309729576111	0.4069972634315491	0.40816599130630493	0.4082334339618683
control	100	4	all_anchor_rows	prior_p	4096	0.3957871198654175	0.3975535035133362	0.40695661306381226	0.4178423583507538	0.4178423583507538
control	100	4	anchor0_h	innovation_w	6	0.08294736593961716	0.08294735848903656	0.08294735848903656	0.08294735848903656	0.08294735848903656
control	100	4	anchor0_non_h	innovation_w	250	0.19074569642543793	0.2222195714712143	0.25653979182243347	0.25653979182243347	0.25653979182243347
control	100	4	h_rows_other_anchors	innovation_w	90	0.23606224358081818	0.2350633293390274	0.24506400525569916	0.2463841587305069	0.24643012881278992
control	100	4	all_anchor_rows	innovation_w	4096	0.2335909903049469	0.23508940637111664	0.24505272507667542	0.25653979182243347	0.25653979182243347
control	100	4	anchor0_h	raw_successor_z	6	0.05581611767411232	0.05581611767411232	0.05581611767411232	0.05581611767411232	0.05581611767411232
control	100	4	anchor0_non_h	raw_successor_z	250	0.12838484346866608	0.1501009613275528	0.1764889806509018	0.1764889806509018	0.1764889806509018
control	100	4	h_rows_other_anchors	raw_successor_z	90	0.15988440811634064	0.1589999496936798	0.16697324812412262	0.1679026186466217	0.16796371340751648
control	100	4	all_anchor_rows	raw_successor_z	4096	0.15825700759887695	0.1590447723865509	0.16694360971450806	0.1764889806509018	0.1764889806509018
control	100	4	anchor0_h	raw_updated_s	6	1.0161679983139038	1.0161679983139038	1.0161679983139038	1.0161679983139038	1.0161679983139038
control	100	4	anchor0_non_h	raw_updated_s	250	1.1223818063735962	1.1460438966751099	1.2045732736587524	1.2045732736587524	1.2045732736587524
control	100	4	h_rows_other_anchors	raw_updated_s	90	1.1835273504257202	1.182096242904663	1.2055411338806152	1.2060848474502563	1.2061933279037476
control	100	4	all_anchor_rows	raw_updated_s	4096	1.1814566850662231	1.1821911334991455	1.2056376934051514	1.2066460847854614	1.2085081338882446
control	100	4	anchor0_h	z_boundary_denominator	6	0.05582508072257042	0.05582507699728012	0.05582507699728012	0.05582507699728012	0.05582507699728012
control	100	4	anchor0_non_h	z_boundary_denominator	250	0.12839297950267792	0.15010429918766022	0.17649181187152863	0.17649181187152863	0.17649181187152863
control	100	4	h_rows_other_anchors	z_boundary_denominator	90	0.15988755226135254	0.1590030938386917	0.16697624325752258	0.16790559887886047	0.16796669363975525
control	100	4	all_anchor_rows	z_boundary_denominator	4096	0.15826044976711273	0.1590479165315628	0.16694658994674683	0.17649181187152863	0.17649181187152863
control	100	4	anchor0_h	s_boundary_denominator	6	1.016168475151062	1.016168475151062	1.016168475151062	1.016168475151062	1.016168475151062
control	100	4	anchor0_non_h	s_boundary_denominator	250	1.1223822832107544	1.146044373512268	1.204573631286621	1.204573631286621	1.204573631286621
control	100	4	h_rows_other_anchors	s_boundary_denominator	90	1.1835277080535889	1.1820967197418213	1.2055414915084839	1.2060853242874146	1.2061938047409058
control	100	4	all_anchor_rows	s_boundary_denominator	4096	1.1814570426940918	1.1821916103363037	1.2056381702423096	1.2066465616226196	1.2085084915161133
control	100	4	anchor0_h	stored_successor_z	6	0.9998396039009094	0.9998395442962646	0.9998395442962646	0.9998395442962646	0.9998395442962646
control	100	4	anchor0_non_h	stored_successor_z	250	0.9990522861480713	0.9999778270721436	0.9999839067459106	0.9999839067459106	0.9999839067459106
control	100	4	h_rows_other_anchors	stored_successor_z	90	0.9999805092811584	0.9999802112579346	0.9999819993972778	0.9999822974205017	0.9999822974205017
control	100	4	all_anchor_rows	stored_successor_z	4096	0.9999236464500427	0.9999802112579346	0.9999819993972778	0.9999839067459106	0.9999839067459106
control	100	4	anchor0_h	stored_successor_s	6	0.9999995231628418	0.9999995231628418	0.9999995231628418	0.9999995231628418	0.9999995231628418
control	100	4	anchor0_non_h	stored_successor_s	250	0.9999995231628418	0.9999995827674866	0.9999996423721313	0.9999996423721313	0.9999996423721313
control	100	4	h_rows_other_anchors	stored_successor_s	90	0.999999463558197	0.9999996423721313	0.9999997019767761	0.9999997019767761	0.9999997019767761
control	100	4	all_anchor_rows	stored_successor_s	4096	0.9999999403953552	0.9999996423721313	0.9999997019767761	0.9999997019767761	0.9999997615814209
control	100	5	anchor0_h	rotated_z	6	0.9998396039009094	0.9998395442962646	0.9998395442962646	0.9998395442962646	0.9998395442962646
control	100	5	anchor0_non_h	rotated_z	250	0.9990522861480713	0.9999778270721436	0.9999839067459106	0.9999839067459106	0.9999839067459106
control	100	5	h_rows_other_anchors	rotated_z	90	0.9999805092811584	0.9999802112579346	0.9999820590019226	0.9999822974205017	0.9999822974205017
control	100	5	all_anchor_rows	rotated_z	4096	0.9999236464500427	0.9999802112579346	0.9999819993972778	0.9999839067459106	0.9999839067459106
control	100	5	anchor0_h	rotated_s	6	0.9999995231628418	0.9999995231628418	0.9999995231628418	0.9999995231628418	0.9999995231628418
control	100	5	anchor0_non_h	rotated_s	250	0.9999995231628418	0.9999995827674866	0.9999996423721313	0.9999996423721313	0.9999996423721313
control	100	5	h_rows_other_anchors	rotated_s	90	0.999999463558197	0.9999996423721313	0.9999997019767761	0.9999997019767761	0.9999997019767761
control	100	5	all_anchor_rows	rotated_s	4096	0.9999999403953552	0.9999996423721313	0.9999997019767761	0.9999997019767761	0.9999997615814209
control	100	5	anchor0_h	prior_p	6	0.23318397998809814	0.23318397998809814	0.23318397998809814	0.23318397998809814	0.23318397998809814
control	100	5	anchor0_non_h	prior_p	250	0.2978511154651642	0.33984237909317017	0.35027071833610535	0.35027071833610535	0.35583943128585815
control	100	5	h_rows_other_anchors	prior_p	90	0.3383476138114929	0.33809345960617065	0.34016337990760803	0.3406825363636017	0.34092986583709717
control	100	5	all_anchor_rows	prior_p	4096	0.3356747329235077	0.3380621075630188	0.34022194147109985	0.35027071833610535	0.35583943128585815
control	100	5	anchor0_h	innovation_w	6	0.08107421547174454	0.08107421547174454	0.08107421547174454	0.08107421547174454	0.08107421547174454
control	100	5	anchor0_non_h	innovation_w	250	0.14030663669109344	0.17128048837184906	0.1802874058485031	0.1802874058485031	0.18888765573501587
control	100	5	h_rows_other_anchors	innovation_w	90	0.170091450214386	0.16995584964752197	0.1716681271791458	0.17243696749210358	0.17258085310459137
control	100	5	all_anchor_rows	innovation_w	4096	0.16802455484867096	0.16990926861763	0.17172683775424957	0.1802874058485031	0.18888765573501587
control	100	5	anchor0_h	raw_successor_z	6	0.05454343184828758	0.05454343184828758	0.05454343184828758	0.05454343184828758	0.05454343184828758
control	100	5	anchor0_non_h	raw_successor_z	250	0.09585190564393997	0.11639336496591568	0.12375756353139877	0.12375756353139877	0.127723827958107
control	100	5	h_rows_other_anchors	raw_successor_z	90	0.11512843519449234	0.11498437821865082	0.11635955423116684	0.11677245795726776	0.11699037998914719
control	100	5	all_anchor_rows	raw_successor_z	4096	0.11384572833776474	0.11491453647613525	0.11645776033401489	0.12375756353139877	0.127723827958107
control	100	5	anchor0_h	raw_updated_s	6	1.0220942497253418	1.0220942497253418	1.0220942497253418	1.0220942497253418	1.0220942497253418
control	100	5	anchor0_non_h	raw_updated_s	250	1.1022511720657349	1.1283087730407715	1.1548898220062256	1.1548898220062256	1.1548898220062256
control	100	5	h_rows_other_anchors	raw_updated_s	90	1.1429598331451416	1.1424484252929688	1.1513071060180664	1.1516867876052856	1.1517270803451538
control	100	5	all_anchor_rows	raw_updated_s	4096	1.1409790515899658	1.1424229145050049	1.1513497829437256	1.1548898220062256	1.1548898220062256
control	100	5	anchor0_h	z_boundary_denominator	6	0.0545525960624218	0.0545525960624218	0.0545525960624218	0.0545525960624218	0.0545525960624218
control	100	5	anchor0_non_h	z_boundary_denominator	250	0.09586183726787567	0.11639765650033951	0.1237616091966629	0.1237616091966629	0.12772774696350098
control	100	5	h_rows_other_anchors	z_boundary_denominator	90	0.11513277888298035	0.11498872935771942	0.11636385321617126	0.1167767345905304	0.11699465662240982
control	100	5	all_anchor_rows	z_boundary_denominator	4096	0.1138504222035408	0.11491888761520386	0.11646205186843872	0.1237616091966629	0.12772774696350098
control	100	5	anchor0_h	s_boundary_denominator	6	1.0220947265625	1.0220947265625	1.0220947265625	1.0220947265625	1.0220947265625
control	100	5	anchor0_non_h	s_boundary_denominator	250	1.1022517681121826	1.1283091306686401	1.1548902988433838	1.1548902988433838	1.1548902988433838
control	100	5	h_rows_other_anchors	s_boundary_denominator	90	1.1429601907730103	1.1424487829208374	1.151307463645935	1.1516871452331543	1.1517274379730225
control	100	5	all_anchor_rows	s_boundary_denominator	4096	1.140979528427124	1.142423391342163	1.1513502597808838	1.1548902988433838	1.1548902988433838
control	100	5	anchor0_h	stored_successor_z	6	0.9998319745063782	0.9998319745063782	0.9998319745063782	0.9998319745063782	0.9998319745063782
control	100	5	anchor0_non_h	stored_successor_z	250	0.9993941783905029	0.9999630451202393	0.9999673962593079	0.9999673962593079	0.9999693036079407
control	100	5	h_rows_other_anchors	stored_successor_z	90	0.9999623894691467	0.9999620914459229	0.9999630451202393	0.9999633431434631	0.9999634027481079
control	100	5	all_anchor_rows	stored_successor_z	4096	0.999927282333374	0.9999620914459229	0.999963104724884	0.9999673962593079	0.9999693036079407
control	100	5	anchor0_h	stored_successor_s	6	0.9999995827674866	0.9999995827674866	0.9999995827674866	0.9999995827674866	0.9999995827674866
control	100	5	anchor0_non_h	stored_successor_s	250	0.9999995231628418	0.9999995827674866	0.9999996423721313	0.9999997019767761	0.9999997019767761
control	100	5	h_rows_other_anchors	stored_successor_s	90	0.999999463558197	0.9999995827674866	0.9999996423721313	0.9999996423721313	0.9999997019767761
control	100	5	all_anchor_rows	stored_successor_s	4096	0.9999999403953552	0.9999995827674866	0.9999996423721313	0.9999997019767761	0.9999997019767761
control	100	6	anchor0_h	rotated_z	6	0.9998319745063782	0.9998319745063782	0.9998319745063782	0.9998319745063782	0.9998319745063782
control	100	6	anchor0_non_h	rotated_z	250	0.9993941187858582	0.9999630451202393	0.9999672770500183	0.9999672770500183	0.9999693036079407
control	100	6	h_rows_other_anchors	rotated_z	90	0.9999623894691467	0.9999620914459229	0.9999630451202393	0.9999633431434631	0.9999634027481079
control	100	6	all_anchor_rows	rotated_z	4096	0.999927282333374	0.9999620914459229	0.999963104724884	0.9999672770500183	0.9999693036079407
control	100	6	anchor0_h	rotated_s	6	0.9999995231628418	0.9999995231628418	0.9999995231628418	0.9999995231628418	0.9999995231628418
control	100	6	anchor0_non_h	rotated_s	250	0.9999995231628418	0.9999995827674866	0.9999996423721313	0.9999997019767761	0.9999997019767761
control	100	6	h_rows_other_anchors	rotated_s	90	0.999999463558197	0.9999995827674866	0.9999996423721313	0.9999997019767761	0.9999997019767761
control	100	6	all_anchor_rows	rotated_s	4096	0.9999999403953552	0.9999995827674866	0.9999996423721313	0.9999997019767761	0.9999997019767761
control	100	6	anchor0_h	prior_p	6	0.2287096530199051	0.2287096530199051	0.2287096530199051	0.2287096530199051	0.2287096530199051
control	100	6	anchor0_non_h	prior_p	250	0.27408283948898315	0.3003814220428467	0.3055504560470581	0.31177645921707153	0.3246825635433197
control	100	6	h_rows_other_anchors	prior_p	90	0.29712042212486267	0.29702508449554443	0.29827257990837097	0.29862430691719055	0.29863855242729187
control	100	6	all_anchor_rows	prior_p	4096	0.29543501138687134	0.29681074619293213	0.29841476678848267	0.3055504560470581	0.3246825635433197
control	100	6	anchor0_h	innovation_w	6	0.07795561105012894	0.07795561105012894	0.07795561105012894	0.07795561105012894	0.07795561105012894
control	100	6	anchor0_non_h	innovation_w	250	0.11444593966007233	0.13327893614768982	0.137188121676445	0.14389188587665558	0.1572544425725937
control	100	6	h_rows_other_anchors	innovation_w	90	0.13112403452396393	0.1310965120792389	0.1321568638086319	0.1325521469116211	0.13259267807006836
control	100	6	all_anchor_rows	innovation_w	4096	0.12981592118740082	0.13087117671966553	0.13224628567695618	0.137188121676445	0.1572544425725937
control	100	6	anchor0_h	raw_successor_z	6	0.052416276186704636	0.052416276186704636	0.052416276186704636	0.052416276186704636	0.052416276186704636
control	100	6	anchor0_non_h	raw_successor_z	250	0.08035911619663239	0.09072688966989517	0.09406875818967819	0.09781304746866226	0.10626065731048584
control	100	6	h_rows_other_anchors	raw_successor_z	90	0.08873230963945389	0.08865852653980255	0.08938681334257126	0.08960311859846115	0.0896204337477684
control	100	6	all_anchor_rows	raw_successor_z	4096	0.08807025104761124	0.0885474905371666	0.08948852866888046	0.09406875818967819	0.10626065731048584
control	100	6	anchor0_h	raw_updated_s	6	1.026755452156067	1.0267555713653564	1.0267555713653564	1.0267555713653564	1.0267555713653564
control	100	6	anchor0_non_h	raw_updated_s	250	1.086942195892334	1.1094367504119873	1.1224106550216675	1.1224106550216675	1.1224106550216675
control	100	6	h_rows_other_anchors	raw_updated_s	90	1.1148648262023926	1.1145046949386597	1.118536353111267	1.118764877319336	1.1188349723815918
control	100	6	all_anchor_rows	raw_updated_s	4096	1.1133084297180176	1.1145827770233154	1.118531584739685	1.1224106550216675	1.1224106550216675
control	100	6	anchor0_h	z_boundary_denominator	6	0.0524258129298687	0.052425816655159	0.052425816655159	0.052425816655159	0.052425816655159
control	100	6	anchor0_non_h	z_boundary_denominator	250	0.08036813884973526	0.0907323956489563	0.0940740779042244	0.09781815856695175	0.1062653660774231
control	100	6	h_rows_other_anchors	z_boundary_denominator	90	0.08873793482780457	0.08866416662931442	0.08939240872859955	0.08960869908332825	0.0896260142326355
control	100	6	all_anchor_rows	z_boundary_denominator	4096	0.08807610720396042	0.08855313807725906	0.08949411660432816	0.0940740779042244	0.1062653660774231
control	100	6	anchor0_h	s_boundary_denominator	6	1.0267561674118042	1.0267560482025146	1.0267560482025146	1.0267560482025146	1.0267560482025146
control	100	6	anchor0_non_h	s_boundary_denominator	250	1.0869427919387817	1.1094372272491455	1.1224111318588257	1.1224111318588257	1.1224111318588257
control	100	6	h_rows_other_anchors	s_boundary_denominator	90	1.1148650646209717	1.1145050525665283	1.1185367107391357	1.1187652349472046	1.1188353300094604
control	100	6	all_anchor_rows	s_boundary_denominator	4096	1.1133089065551758	1.1145832538604736	1.1185319423675537	1.1224111318588257	1.1224111318588257
control	100	6	anchor0_h	stored_successor_z	6	0.9998180270195007	0.9998180270195007	0.9998180270195007	0.9998180270195007	0.9998180270195007
control	100	6	anchor0_non_h	stored_successor_z	250	0.9996089935302734	0.9999392032623291	0.9999434351921082	0.999947726726532	0.9999556541442871
control	100	6	h_rows_other_anchors	stored_successor_z	90	0.9999364018440247	0.9999363422393799	0.9999374151229858	0.9999377131462097	0.9999377131462097
control	100	6	all_anchor_rows	stored_successor_z	4096	0.9999160766601562	0.9999362230300903	0.9999375343322754	0.9999434351921082	0.9999556541442871
control	100	6	anchor0_h	stored_successor_s	6	0.9999995231628418	0.9999995231628418	0.9999995231628418	0.9999995231628418	0.9999995231628418
control	100	6	anchor0_non_h	stored_successor_s	250	0.9999995231628418	0.9999995827674866	0.9999996423721313	0.9999996423721313	0.9999996423721313
control	100	6	h_rows_other_anchors	stored_successor_s	90	0.999999463558197	0.9999995827674866	0.9999996423721313	0.9999997019767761	0.9999997019767761
control	100	6	all_anchor_rows	stored_successor_s	4096	0.9999999403953552	0.9999995827674866	0.9999996423721313	0.9999997019767761	0.9999997019767761
control	100	7	anchor0_h	rotated_z	6	0.9998179078102112	0.999817967414856	0.999817967414856	0.999817967414856	0.999817967414856
control	100	7	anchor0_non_h	rotated_z	250	0.9996089935302734	0.9999392032623291	0.9999434351921082	0.999947726726532	0.9999556541442871
control	100	7	h_rows_other_anchors	rotated_z	90	0.9999364018440247	0.9999363422393799	0.9999373555183411	0.9999377131462097	0.9999377131462097
control	100	7	all_anchor_rows	rotated_z	4096	0.9999160766601562	0.9999361634254456	0.9999375343322754	0.9999434351921082	0.9999556541442871
control	100	7	anchor0_h	rotated_s	6	0.9999995231628418	0.9999995231628418	0.9999995231628418	0.9999995231628418	0.9999995231628418
control	100	7	anchor0_non_h	rotated_s	250	0.9999995231628418	0.9999995827674866	0.9999996423721313	0.9999996423721313	0.9999996423721313
control	100	7	h_rows_other_anchors	rotated_s	90	0.999999463558197	0.9999995827674866	0.9999996423721313	0.9999997019767761	0.9999997019767761
control	100	7	all_anchor_rows	rotated_s	4096	0.9999999403953552	0.9999995827674866	0.9999996423721313	0.9999997019767761	0.9999997019767761
control	100	7	anchor0_h	prior_p	6	0.22307465970516205	0.22307465970516205	0.22307465970516205	0.22307465970516205	0.22307465970516205
control	100	7	anchor0_non_h	prior_p	250	0.25201770663261414	0.27147817611694336	0.27492156624794006	0.28344541788101196	0.29640597105026245
control	100	7	h_rows_other_anchors	prior_p	90	0.2673054039478302	0.26719725131988525	0.2684347331523895	0.2688542902469635	0.26933327317237854
control	100	7	all_anchor_rows	prior_p	4096	0.266108900308609	0.26703721284866333	0.268530011177063	0.2739017605781555	0.29640597105026245
control	100	7	anchor0_h	innovation_w	6	0.07414523512125015	0.07414523512125015	0.07414523512125015	0.07414523512125015	0.07414523512125015
control	100	7	anchor0_non_h	innovation_w	250	0.09684304893016815	0.10917729884386063	0.11220041662454605	0.11891835182905197	0.1310466080904007
control	100	7	h_rows_other_anchors	innovation_w	90	0.1060943603515625	0.1062210351228714	0.10704714059829712	0.10723238438367844	0.10776202380657196
control	100	7	all_anchor_rows	innovation_w	4096	0.10528168082237244	0.10596489906311035	0.10702189803123474	0.11140591651201248	0.1310466080904007
control	100	7	anchor0_h	raw_successor_z	6	0.049881044775247574	0.049881044775247574	0.049881044775247574	0.049881044775247574	0.049881044775247574
control	100	7	anchor0_non_h	raw_successor_z	250	0.06558232009410858	0.0741012841463089	0.07612938433885574	0.08080818504095078	0.08849943429231644
control	100	7	h_rows_other_anchors	raw_successor_z	90	0.07178972661495209	0.07170446217060089	0.07236116379499435	0.07266762107610703	0.07287172973155975
control	100	7	all_anchor_rows	raw_successor_z	4096	0.07127831876277924	0.07163335382938385	0.0724509060382843	0.07552816718816757	0.08849943429231644
control	100	7	anchor0_h	raw_updated_s	6	1.0301837921142578	1.0301837921142578	1.0301837921142578	1.0301837921142578	1.0301837921142578
control	100	7	anchor0_non_h	raw_updated_s	250	1.0757864713668823	1.0937139987945557	1.1005524396896362	1.1005524396896362	1.1005524396896362
control	100	7	h_rows_other_anchors	raw_updated_s	90	1.0952661037445068	1.0950732231140137	1.0970064401626587	1.0971847772598267	1.097260594367981
control	100	7	all_anchor_rows	raw_updated_s	4096	1.0941033363342285	1.095112681388855	1.0970344543457031	1.1005524396896362	1.1005524396896362
control	100	7	anchor0_h	z_boundary_denominator	6	0.049891065806150436	0.049891065806150436	0.049891065806150436	0.049891065806150436	0.049891065806150436
control	100	7	anchor0_non_h	z_boundary_denominator	250	0.06559277325868607	0.07410803437232971	0.07613594830036163	0.08081436902284622	0.0885050892829895
control	100	7	h_rows_other_anchors	z_boundary_denominator	90	0.07179667800664902	0.07171142846345901	0.0723680704832077	0.07267450541257858	0.07287859171628952
control	100	7	all_anchor_rows	z_boundary_denominator	4096	0.07128551602363586	0.07164032757282257	0.07245780527591705	0.07553478330373764	0.0885050892829895
control	100	7	anchor0_h	s_boundary_denominator	6	1.030184268951416	1.030184268951416	1.030184268951416	1.030184268951416	1.030184268951416
control	100	7	anchor0_non_h	s_boundary_denominator	250	1.0757869482040405	1.0937144756317139	1.1005527973175049	1.1005527973175049	1.1005527973175049
control	100	7	h_rows_other_anchors	s_boundary_denominator	90	1.095266580581665	1.0950736999511719	1.0970067977905273	1.0971852540969849	1.0972609519958496
control	100	7	all_anchor_rows	s_boundary_denominator	4096	1.0941038131713867	1.0951131582260132	1.0970349311828613	1.1005527973175049	1.1005527973175049
control	100	7	anchor0_h	stored_successor_z	6	0.9997991919517517	0.9997991323471069	0.9997991323471069	0.9997991323471069	0.9997991323471069
control	100	7	anchor0_non_h	stored_successor_z	250	0.9995266199111938	0.9999089241027832	0.9999138116836548	0.9999234080314636	0.9999361038208008
control	100	7	h_rows_other_anchors	stored_successor_z	90	0.9999029636383057	0.9999027848243713	0.9999045133590698	0.9999053478240967	0.9999058246612549
control	100	7	all_anchor_rows	stored_successor_z	4096	0.9998795986175537	0.999902606010437	0.9999047517776489	0.9999123215675354	0.9999361038208008
control	100	7	anchor0_h	stored_successor_s	6	0.999999463558197	0.999999463558197	0.999999463558197	0.999999463558197	0.999999463558197
control	100	7	anchor0_non_h	stored_successor_s	250	0.9999995231628418	0.9999995827674866	0.9999996423721313	0.9999996423721313	0.9999997019767761
control	100	7	h_rows_other_anchors	stored_successor_s	90	0.999999463558197	0.9999995827674866	0.9999996423721313	0.9999996423721313	0.9999996423721313
control	100	7	all_anchor_rows	stored_successor_s	4096	0.9999998807907104	0.9999995827674866	0.9999996423721313	0.9999996423721313	0.9999997019767761
control	100	8	anchor0_h	rotated_z	6	0.9997991919517517	0.9997991323471069	0.9997991323471069	0.9997991323471069	0.9997991323471069
control	100	8	anchor0_non_h	rotated_z	250	0.9995266199111938	0.9999089241027832	0.9999138116836548	0.9999234080314636	0.999936044216156
control	100	8	h_rows_other_anchors	rotated_z	90	0.9999029636383057	0.9999027848243713	0.9999045133590698	0.9999053478240967	0.9999058246612549
control	100	8	all_anchor_rows	rotated_z	4096	0.9998795986175537	0.999902606010437	0.9999047517776489	0.9999123215675354	0.999936044216156
control	100	8	anchor0_h	rotated_s	6	0.999999463558197	0.999999463558197	0.999999463558197	0.999999463558197	0.999999463558197
control	100	8	anchor0_non_h	rotated_s	250	0.9999995231628418	0.9999995827674866	0.9999996423721313	0.9999996423721313	0.9999997019767761
control	100	8	h_rows_other_anchors	rotated_s	90	0.999999463558197	0.9999995827674866	0.9999996423721313	0.9999996423721313	0.9999996423721313
control	100	8	all_anchor_rows	rotated_s	4096	0.9999998807907104	0.9999995827674866	0.9999996423721313	0.9999996423721313	0.9999997019767761
control	100	8	anchor0_h	prior_p	6	0.21693158149719238	0.21693158149719238	0.21693158149719238	0.21693158149719238	0.21693158149719238
control	100	8	anchor0_non_h	prior_p	250	0.2279212921857834	0.2501594126224518	0.2539684474468231	0.26033127307891846	0.27239271998405457
control	100	8	h_rows_other_anchors	prior_p	90	0.24465179443359375	0.2446005940437317	0.24575462937355042	0.24638263881206512	0.24672631919384003
control	100	8	all_anchor_rows	prior_p	4096	0.24340319633483887	0.24445004761219025	0.2458886206150055	0.25110167264938354	0.27239271998405457
control	100	8	anchor0_h	innovation_w	6	0.0700904130935669	0.0700904130935669	0.0700904130935669	0.0700904130935669	0.0700904130935669
control	100	8	anchor0_non_h	innovation_w	250	0.07963615655899048	0.09194569289684296	0.09525559097528458	0.10041743516921997	0.11066081374883652
control	100	8	h_rows_other_anchors	innovation_w	90	0.08884439617395401	0.08892303705215454	0.08965755254030228	0.09001098573207855	0.0903906524181366
control	100	8	all_anchor_rows	innovation_w	4096	0.08808279782533646	0.08878831565380096	0.08968935161828995	0.09383637458086014	0.11066081374883652
control	100	8	anchor0_h	raw_successor_z	6	0.047173913568258286	0.047173913568258286	0.047173913568258286	0.047173913568258286	0.047173913568258286
control	100	8	anchor0_non_h	raw_successor_z	250	0.054728489369153976	0.06296297162771225	0.06481113284826279	0.06814885139465332	0.07469968497753143
control	100	8	h_rows_other_anchors	raw_successor_z	90	0.060120195150375366	0.06008782982826233	0.06065332144498825	0.06101059541106224	0.06113817170262337
control	100	8	all_anchor_rows	raw_successor_z	4096	0.05968480557203293	0.06001314893364906	0.060750216245651245	0.06339891254901886	0.07469968497753143
control	100	8	anchor0_h	raw_updated_s	6	1.032507300376892	1.032507300376892	1.032507300376892	1.032507300376892	1.032507300376892
control	100	8	anchor0_non_h	raw_updated_s	250	1.065110445022583	1.0811734199523926	1.0850353240966797	1.0850353240966797	1.0862070322036743
control	100	8	h_rows_other_anchors	raw_updated_s	90	1.0810490846633911	1.0810675621032715	1.0819038152694702	1.0820640325546265	1.0821188688278198
control	100	8	all_anchor_rows	raw_updated_s	4096	1.08005952835083	1.0810329914093018	1.0819530487060547	1.0850353240966797	1.0862070322036743
control	100	8	anchor0_h	z_boundary_denominator	6	0.04718451201915741	0.04718451201915741	0.04718451201915741	0.04718451201915741	0.04718451201915741
control	100	8	anchor0_non_h	z_boundary_denominator	250	0.05474133417010307	0.06297090649604797	0.0648188441991806	0.06815619021654129	0.07470638304948807
control	100	8	h_rows_other_anchors	z_boundary_denominator	90	0.06012850999832153	0.06009615212678909	0.06066156551241875	0.06101878732442856	0.06114635244011879
control	100	8	all_anchor_rows	z_boundary_denominator	4096	0.059693414717912674	0.060021478682756424	0.060758449137210846	0.0634067952632904	0.07470638304948807
control	100	8	anchor0_h	s_boundary_denominator	6	1.0325077772140503	1.0325077772140503	1.0325077772140503	1.0325077772140503	1.0325077772140503
control	100	8	anchor0_non_h	s_boundary_denominator	250	1.0651108026504517	1.0811738967895508	1.085035800933838	1.085035800933838	1.0862075090408325
control	100	8	h_rows_other_anchors	s_boundary_denominator	90	1.0810494422912598	1.0810678005218506	1.0819042921066284	1.0820645093917847	1.0821192264556885
control	100	8	all_anchor_rows	s_boundary_denominator	4096	1.0800600051879883	1.0810333490371704	1.081953525543213	1.085035800933838	1.0862075090408325
control	100	8	anchor0_h	stored_successor_z	6	0.9997754096984863	0.9997754096984863	0.9997754096984863	0.9997754096984863	0.9997754096984863
control	100	8	anchor0_non_h	stored_successor_z	250	0.9993532299995422	0.9998739957809448	0.9998809695243835	0.9998923540115356	0.9999104142189026
control	100	8	h_rows_other_anchors	stored_successor_z	90	0.9998616576194763	0.999861478805542	0.9998641014099121	0.9998658299446106	0.999866247177124
control	100	8	all_anchor_rows	stored_successor_z	4096	0.9998301267623901	0.9998611211776733	0.9998645782470703	0.9998756647109985	0.9999104142189026
control	100	8	anchor0_h	stored_successor_s	6	0.9999995231628418	0.9999995231628418	0.9999995231628418	0.9999995231628418	0.9999995231628418
control	100	8	anchor0_non_h	stored_successor_s	250	0.9999995231628418	0.9999995231628418	0.9999995231628418	0.9999996423721313	0.9999996423721313
control	100	8	h_rows_other_anchors	stored_successor_s	90	0.999999463558197	0.9999995231628418	0.9999995827674866	0.9999996423721313	0.9999996423721313
control	100	8	all_anchor_rows	stored_successor_s	4096	0.9999997615814209	0.9999995231628418	0.9999995827674866	0.9999996423721313	0.9999996423721313
control	100	9	anchor0_h	rotated_z	6	0.9997754096984863	0.9997754096984863	0.9997754096984863	0.9997754096984863	0.9997754096984863
control	100	9	anchor0_non_h	rotated_z	250	0.9993532299995422	0.9998739361763	0.9998809695243835	0.9998924136161804	0.9999104142189026
control	100	9	h_rows_other_anchors	rotated_z	90	0.9998616576194763	0.999861478805542	0.9998641014099121	0.9998657703399658	0.999866247177124
control	100	9	all_anchor_rows	rotated_z	4096	0.9998301267623901	0.9998611211776733	0.9998645782470703	0.9998756647109985	0.9999104142189026
control	100	9	anchor0_h	rotated_s	6	0.9999995231628418	0.9999995231628418	0.9999995231628418	0.9999995231628418	0.9999995231628418
control	100	9	anchor0_non_h	rotated_s	250	0.9999995231628418	0.9999995231628418	0.9999995827674866	0.9999995827674866	0.9999997019767761
control	100	9	h_rows_other_anchors	rotated_s	90	0.999999463558197	0.9999995231628418	0.9999995827674866	0.9999996423721313	0.9999996423721313
control	100	9	all_anchor_rows	rotated_s	4096	0.9999997615814209	0.9999995231628418	0.9999995827674866	0.9999996423721313	0.9999997019767761
control	100	9	anchor0_h	prior_p	6	0.2104741483926773	0.2104741632938385	0.2104741632938385	0.2104741632938385	0.2104741632938385
control	100	9	anchor0_non_h	prior_p	250	0.22837549448013306	0.23156096041202545	0.2374013364315033	0.37818318605422974	0.37818318605422974
control	100	9	h_rows_other_anchors	prior_p	90	0.2267637848854065	0.226694256067276	0.22778864204883575	0.22854751348495483	0.22873082756996155
control	100	9	all_anchor_rows	prior_p	4096	0.22667115926742554	0.2266066074371338	0.22805631160736084	0.23612989485263824	0.37818318605422974
control	100	9	anchor0_h	innovation_w	6	0.06595022231340408	0.06595022231340408	0.06595022231340408	0.06595022231340408	0.06595022231340408
control	100	9	anchor0_non_h	innovation_w	250	0.07952246814966202	0.0787753164768219	0.08441060036420822	0.20581486821174622	0.20581486821174622
control	100	9	h_rows_other_anchors	innovation_w	90	0.07630176842212677	0.07634864747524261	0.07697946578264236	0.07743740826845169	0.07765126973390579
control	100	9	all_anchor_rows	innovation_w	4096	0.07633940875530243	0.0762748122215271	0.077104352414608	0.08227874338626862	0.20581486821174622
control	100	9	anchor0_h	raw_successor_z	6	0.044409673660993576	0.044409673660993576	0.044409673660993576	0.044409673660993576	0.044409673660993576
control	100	9	anchor0_non_h	raw_successor_z	250	0.052633222192525864	0.053923070430755615	0.05672313645482063	0.10178548097610474	0.10178548097610474
control	100	9	h_rows_other_anchors	raw_successor_z	90	0.05163928493857384	0.051614537835121155	0.05208473652601242	0.052486520260572433	0.052536480128765106
control	100	9	all_anchor_rows	raw_successor_z	4096	0.05161653459072113	0.051561035215854645	0.05225605517625809	0.05603216961026192	0.10178548097610474
control	100	9	anchor0_h	raw_updated_s	6	1.03386652469635	1.03386652469635	1.03386652469635	1.03386652469635	1.03386652469635
control	100	9	anchor0_non_h	raw_updated_s	250	1.0624583959579468	1.0713140964508057	1.0735079050064087	1.0971357822418213	1.0971357822418213
control	100	9	h_rows_other_anchors	raw_updated_s	90	1.070339322090149	1.070336103439331	1.0707709789276123	1.0709043741226196	1.0709331035614014
control	100	9	all_anchor_rows	raw_updated_s	4096	1.0698275566101074	1.0703518390655518	1.0708465576171875	1.0735079050064087	1.0971357822418213
control	100	9	anchor0_h	z_boundary_denominator	6	0.04442093148827553	0.04442093148827553	0.04442093148827553	0.04442093148827553	0.04442093148827553
control	100	9	anchor0_non_h	z_boundary_denominator	250	0.05264456942677498	0.05393234267830849	0.056731950491666794	0.10179039090871811	0.10179039090871811
control	100	9	h_rows_other_anchors	z_boundary_denominator	90	0.05164897069334984	0.051624223589897156	0.05209433287382126	0.0524960495531559	0.05254599452018738
control	100	9	all_anchor_rows	z_boundary_denominator	4096	0.05162633955478668	0.05157073214650154	0.05226562172174454	0.05604109168052673	0.10179039090871811
control	100	9	anchor0_h	s_boundary_denominator	6	1.0338670015335083	1.0338670015335083	1.0338670015335083	1.0338670015335083	1.0338670015335083
control	100	9	anchor0_non_h	s_boundary_denominator	250	1.062458872795105	1.0713145732879639	1.073508381843567	1.09713613986969	1.09713613986969
control	100	9	h_rows_other_anchors	s_boundary_denominator	90	1.0703397989273071	1.0703365802764893	1.0707714557647705	1.0709047317504883	1.0709335803985596
control	100	9	all_anchor_rows	s_boundary_denominator	4096	1.0698280334472656	1.07035231590271	1.0708469152450562	1.073508381843567	1.09713613986969
control	100	9	anchor0_h	stored_successor_z	6	0.9997463822364807	0.9997464418411255	0.9997464418411255	0.9997464418411255	0.9997464418411255
control	100	9	anchor0_non_h	stored_successor_z	250	0.9996156692504883	0.9998281002044678	0.9998446702957153	0.9999517202377319	0.9999517202377319
control	100	9	h_rows_other_anchors	stored_successor_z	90	0.9998125433921814	0.9998123645782471	0.9998157024383545	0.9998185634613037	0.9998188614845276
control	100	9	all_anchor_rows	stored_successor_z	4096	0.9997998476028442	0.9998120069503784	0.9998169541358948	0.9998407959938049	0.9999517202377319
control	100	9	anchor0_h	stored_successor_s	6	0.9999995827674866	0.9999995827674866	0.9999995827674866	0.9999995827674866	0.9999995827674866
control	100	9	anchor0_non_h	stored_successor_s	250	0.9999995231628418	0.9999995231628418	0.9999995827674866	0.9999996423721313	0.9999996423721313
control	100	9	h_rows_other_anchors	stored_successor_s	90	0.999999463558197	0.9999995827674866	0.9999996423721313	0.9999996423721313	0.9999997019767761
control	100	9	all_anchor_rows	stored_successor_s	4096	0.9999998807907104	0.9999995827674866	0.9999996423721313	0.9999996423721313	0.9999997019767761
control	100	10	anchor0_h	rotated_z	6	0.9997463822364807	0.9997464418411255	0.9997464418411255	0.9997464418411255	0.9997464418411255
control	100	10	anchor0_non_h	rotated_z	250	0.9996156692504883	0.999828040599823	0.9998446702957153	0.9999517202377319	0.9999517202377319
control	100	10	h_rows_other_anchors	rotated_z	90	0.9998124837875366	0.9998123645782471	0.9998157024383545	0.9998185634613037	0.9998188614845276
control	100	10	all_anchor_rows	rotated_z	4096	0.9997998476028442	0.9998120069503784	0.9998169541358948	0.9998407959938049	0.9999517202377319
control	100	10	anchor0_h	rotated_s	6	0.9999995827674866	0.9999995827674866	0.9999995827674866	0.9999995827674866	0.9999995827674866
control	100	10	anchor0_non_h	rotated_s	250	0.9999995231628418	0.9999995231628418	0.9999995827674866	0.9999996423721313	0.9999996423721313
control	100	10	h_rows_other_anchors	rotated_s	90	0.999999463558197	0.9999995827674866	0.9999996423721313	0.9999997019767761	0.9999997019767761
control	100	10	all_anchor_rows	rotated_s	4096	0.9999998807907104	0.9999995827674866	0.9999996423721313	0.9999997019767761	0.9999997019767761
control	100	10	anchor0_h	prior_p	6	0.20393921434879303	0.20393922924995422	0.20393922924995422	0.20393922924995422	0.20393922924995422
control	100	10	anchor0_non_h	prior_p	250	0.2044074386358261	0.21650634706020355	0.22289374470710754	0.22798550128936768	0.2355913668870926
control	100	10	h_rows_other_anchors	prior_p	90	0.2122097909450531	0.21215158700942993	0.21311917901039124	0.2139943689107895	0.2140250951051712
control	100	10	all_anchor_rows	prior_p	4096	0.2115744799375534	0.21207305788993835	0.21349915862083435	0.22158369421958923	0.2355913668870926
control	100	10	anchor0_h	innovation_w	6	0.06188701465725899	0.06188701465725899	0.06188701465725899	0.06188701465725899	0.06188701465725899
control	100	10	anchor0_non_h	innovation_w	250	0.06291846185922623	0.06885844469070435	0.07393975555896759	0.07661376148462296	0.08275527507066727
control	100	10	h_rows_other_anchors	innovation_w	90	0.06679899990558624	0.0668240338563919	0.0674465075135231	0.06787651032209396	0.0679570809006691
control	100	10	all_anchor_rows	innovation_w	4096	0.06643493473529816	0.0667722076177597	0.06754393875598907	0.07244887202978134	0.08275527507066727
control	100	10	anchor0_h	raw_successor_z	6	0.04169777035713196	0.04169777035713196	0.04169777035713196	0.04169777035713196	0.04169777035713196
control	100	10	anchor0_non_h	raw_successor_z	250	0.042672690004110336	0.04712170362472534	0.0499875582754612	0.05220569297671318	0.05583255738019943
control	100	10	h_rows_other_anchors	raw_successor_z	90	0.04521653801202774	0.04518922418355942	0.04558677598834038	0.046007923781871796	0.0460098534822464
control	100	10	all_anchor_rows	raw_successor_z	4096	0.04499593377113342	0.04515097662806511	0.04579431936144829	0.04936322197318077	0.05583255738019943
control	100	10	anchor0_h	raw_updated_s	6	1.034458041191101	1.0344579219818115	1.0344579219818115	1.0344579219818115	1.0344579219818115
control	100	10	anchor0_non_h	raw_updated_s	250	1.052700161933899	1.0630062818527222	1.064624309539795	1.0651798248291016	1.0693230628967285
control	100	10	h_rows_other_anchors	raw_updated_s	90	1.0620086193084717	1.061969518661499	1.062333106994629	1.062485694885254	1.0625022649765015
control	100	10	all_anchor_rows	raw_updated_s	4096	1.061407208442688	1.0620126724243164	1.0623829364776611	1.064624309539795	1.0693230628967285
control	100	10	anchor0_h	z_boundary_denominator	6	0.04170975461602211	0.04170975834131241	0.04170975834131241	0.04170975834131241	0.04170975834131241
control	100	10	anchor0_non_h	z_boundary_denominator	250	0.04268716275691986	0.04713231325149536	0.04999756067991257	0.05221526697278023	0.055841509252786636
control	100	10	h_rows_other_anchors	z_boundary_denominator	90	0.04522759094834328	0.04520028829574585	0.04559774324297905	0.04601879045367241	0.04602072015404701
control	100	10	all_anchor_rows	z_boundary_denominator	4096	0.045007217675447464	0.04516204819083214	0.04580523818731308	0.04937334731221199	0.055841509252786636
control	100	10	anchor0_h	s_boundary_denominator	6	1.0344582796096802	1.0344583988189697	1.0344583988189697	1.0344583988189697	1.0344583988189697
control	100	10	anchor0_non_h	s_boundary_denominator	250	1.0527006387710571	1.0630067586898804	1.0646247863769531	1.0651803016662598	1.0693235397338867
control	100	10	h_rows_other_anchors	s_boundary_denominator	90	1.0620089769363403	1.0619698762893677	1.062333583831787	1.0624860525131226	1.0625027418136597
control	100	10	all_anchor_rows	s_boundary_denominator	4096	1.0614075660705566	1.0620131492614746	1.0623834133148193	1.0646247863769531	1.0693235397338867
control	100	10	anchor0_h	stored_successor_z	6	0.9997125267982483	0.9997125864028931	0.9997125864028931	0.9997125864028931	0.9997125864028931
control	100	10	anchor0_non_h	stored_successor_z	250	0.9993217587471008	0.9997748136520386	0.9998000264167786	0.9998165369033813	0.9998396635055542
control	100	10	h_rows_other_anchors	stored_successor_z	90	0.9997555017471313	0.9997551441192627	0.9997593760490417	0.9997638463973999	0.9997639656066895
control	100	10	all_anchor_rows	stored_successor_z	4096	0.9997283220291138	0.9997547268867493	0.9997616410255432	0.9997948408126831	0.9998396635055542
control	100	10	anchor0_h	stored_successor_s	6	0.9999995231628418	0.9999995231628418	0.9999995231628418	0.9999995231628418	0.9999995231628418
control	100	10	anchor0_non_h	stored_successor_s	250	0.9999995231628418	0.9999995231628418	0.9999995827674866	0.9999996423721313	0.9999996423721313
control	100	10	h_rows_other_anchors	stored_successor_s	90	0.999999463558197	0.9999995827674866	0.9999996423721313	0.9999996423721313	0.9999996423721313
control	100	10	all_anchor_rows	stored_successor_s	4096	0.9999998807907104	0.9999995827674866	0.9999996423721313	0.9999996423721313	0.9999997019767761
control	100	11	anchor0_h	rotated_z	6	0.9997125267982483	0.9997125267982483	0.9997125267982483	0.9997125267982483	0.9997125267982483
control	100	11	anchor0_non_h	rotated_z	250	0.9993217587471008	0.9997748136520386	0.9998000264167786	0.9998165369033813	0.9998396635055542
control	100	11	h_rows_other_anchors	rotated_z	90	0.9997555017471313	0.9997551441192627	0.9997593760490417	0.9997638463973999	0.9997639656066895
control	100	11	all_anchor_rows	rotated_z	4096	0.9997283220291138	0.9997547268867493	0.9997616410255432	0.9997948408126831	0.9998396635055542
control	100	11	anchor0_h	rotated_s	6	0.9999995231628418	0.9999995231628418	0.9999995231628418	0.9999995231628418	0.9999995231628418
control	100	11	anchor0_non_h	rotated_s	250	0.9999995231628418	0.9999995231628418	0.9999995827674866	0.9999996423721313	0.9999996423721313
control	100	11	h_rows_other_anchors	rotated_s	90	0.999999463558197	0.9999995827674866	0.9999996423721313	0.9999996423721313	0.9999996423721313
control	100	11	all_anchor_rows	rotated_s	4096	0.9999998807907104	0.9999995827674866	0.9999996423721313	0.9999996423721313	0.9999997019767761
control	100	11	anchor0_h	prior_p	6	0.19749444723129272	0.19749444723129272	0.19749444723129272	0.19749444723129272	0.19749444723129272
control	100	11	anchor0_non_h	prior_p	250	0.19082453846931458	0.20400673151016235	0.21049334108829498	0.2153974175453186	0.22144535183906555
control	100	11	h_rows_other_anchors	prior_p	90	0.20008578896522522	0.20000818371772766	0.20089253783226013	0.20186051726341248	0.20186428725719452
control	100	11	all_anchor_rows	prior_p	4096	0.19938799738883972	0.19995759427547455	0.20140081644058228	0.20883803069591522	0.22144535183906555
control	100	11	anchor0_h	innovation_w	6	0.05800401046872139	0.05800400674343109	0.05800400674343109	0.05800400674343109	0.05800400674343109
control	100	11	anchor0_non_h	innovation_w	250	0.05478651449084282	0.06113043054938316	0.06575829535722733	0.06836175918579102	0.07310353964567184
control	100	11	h_rows_other_anchors	innovation_w	90	0.05936374515295029	0.05937584862112999	0.059975530952215195	0.06036003679037094	0.060382500290870667
control	100	11	all_anchor_rows	innovation_w	4096	0.05898148566484451	0.059338755905628204	0.06007593870162964	0.06478190422058105	0.07310353964567184
control	100	11	anchor0_h	raw_successor_z	6	0.039106592535972595	0.039106592535972595	0.039106592535972595	0.039106592535972595	0.039106592535972595
control	100	11	anchor0_non_h	raw_successor_z	250	0.038853637874126434	0.04182511568069458	0.044569484889507294	0.04659164324402809	0.049313802272081375
control	100	11	h_rows_other_anchors	raw_successor_z	90	0.0401930958032608	0.0401582345366478	0.04051841422915459	0.04093766584992409	0.04093843698501587
control	100	11	all_anchor_rows	raw_successor_z	4096	0.040059879422187805	0.04013413190841675	0.04074420779943466	0.04383784905076027	0.049313802272081375
control	100	11	anchor0_h	raw_updated_s	6	1.0344675779342651	1.0344674587249756	1.0344674587249756	1.0344674587249756	1.0344674587249756
control	100	11	anchor0_non_h	raw_updated_s	250	1.0465131998062134	1.056351661682129	1.0575735569000244	1.0587776899337769	1.0625675916671753
control	100	11	h_rows_other_anchors	raw_updated_s	90	1.0553536415100098	1.0553208589553833	1.0556331872940063	1.0558841228485107	1.0558946132659912
control	100	11	all_anchor_rows	raw_updated_s	4096	1.0547823905944824	1.0553425550460815	1.0557514429092407	1.0575735569000244	1.0625675916671753
control	100	11	anchor0_h	z_boundary_denominator	6	0.03911937400698662	0.03911937400698662	0.03911937400698662	0.03911937400698662	0.03911937400698662
control	100	11	anchor0_non_h	z_boundary_denominator	250	0.03886843100190163	0.041837070137262344	0.04458070173859596	0.04660237208008766	0.04932393878698349
control	100	11	h_rows_other_anchors	z_boundary_denominator	90	0.04020553082227707	0.04017068073153496	0.040530748665332794	0.040949877351522446	0.04095064848661423
control	100	11	all_anchor_rows	z_boundary_denominator	4096	0.0400724783539772	0.040146589279174805	0.0407564751803875	0.04384925216436386	0.04932393878698349
control	100	11	anchor0_h	s_boundary_denominator	6	1.0344678163528442	1.0344679355621338	1.0344679355621338	1.0344679355621338	1.0344679355621338
control	100	11	anchor0_non_h	s_boundary_denominator	250	1.0465136766433716	1.056352138519287	1.0575740337371826	1.058778166770935	1.0625680685043335
control	100	11	h_rows_other_anchors	s_boundary_denominator	90	1.055354118347168	1.055321216583252	1.0556336641311646	1.055884599685669	1.0558950901031494
control	100	11	all_anchor_rows	s_boundary_denominator	4096	1.0547829866409302	1.0553429126739502	1.055751919746399	1.0575740337371826	1.0625680685043335
control	100	11	anchor0_h	stored_successor_z	6	0.9996733069419861	0.9996732473373413	0.9996732473373413	0.9996732473373413	0.9996732473373413
control	100	11	anchor0_non_h	stored_successor_z	250	0.9993953704833984	0.9997143149375916	0.9997483491897583	0.9997696876525879	0.9997944235801697
control	100	11	h_rows_other_anchors	stored_successor_z	90	0.999690592288971	0.9996901154518127	0.9996955990791321	0.9997017979621887	0.9997017979621887
control	100	11	all_anchor_rows	stored_successor_z	4096	0.9996718168258667	0.9996897578239441	0.9996989369392395	0.999739944934845	0.9997944235801697
control	100	11	anchor0_h	stored_successor_s	6	0.9999995231628418	0.9999995231628418	0.9999995231628418	0.9999995231628418	0.9999995231628418
control	100	11	anchor0_non_h	stored_successor_s	250	0.9999995231628418	0.9999995231628418	0.9999995827674866	0.9999995827674866	0.9999996423721313
control	100	11	h_rows_other_anchors	stored_successor_s	90	0.999999463558197	0.9999995827674866	0.9999996423721313	0.9999996423721313	0.9999996423721313
control	100	11	all_anchor_rows	stored_successor_s	4096	0.9999998807907104	0.9999995827674866	0.9999996423721313	0.9999996423721313	0.9999997019767761
control	100	12	anchor0_h	rotated_z	6	0.9996733069419861	0.9996732473373413	0.9996732473373413	0.9996732473373413	0.9996732473373413
control	100	12	anchor0_non_h	rotated_z	250	0.9993953704833984	0.9997143149375916	0.9997483491897583	0.9997696876525879	0.9997944235801697
control	100	12	h_rows_other_anchors	rotated_z	90	0.999690592288971	0.9996901154518127	0.9996955990791321	0.9997017979621887	0.9997018575668335
control	100	12	all_anchor_rows	rotated_z	4096	0.9996718168258667	0.9996896982192993	0.9996989369392395	0.999739944934845	0.9997944235801697
control	100	12	anchor0_h	rotated_s	6	0.9999995231628418	0.9999995231628418	0.9999995231628418	0.9999995231628418	0.9999995231628418
control	100	12	anchor0_non_h	rotated_s	250	0.9999995231628418	0.9999995231628418	0.9999995827674866	0.9999995827674866	0.9999996423721313
control	100	12	h_rows_other_anchors	rotated_s	90	0.999999463558197	0.9999995827674866	0.9999996423721313	0.9999996423721313	0.9999996423721313
control	100	12	all_anchor_rows	rotated_s	4096	0.9999998807907104	0.9999995827674866	0.9999996423721313	0.9999996423721313	0.9999997019767761
control	100	12	anchor0_h	prior_p	6	0.19124950468540192	0.1912495195865631	0.1912495195865631	0.1912495195865631	0.1912495195865631
control	100	12	anchor0_non_h	prior_p	250	0.19211417436599731	0.1934170424938202	0.20325511693954468	0.27551743388175964	0.27551743388175964
control	100	12	h_rows_other_anchors	prior_p	90	0.18979302048683167	0.18968918919563293	0.19056396186351776	0.19155997037887573	0.19156096875667572
control	100	12	all_anchor_rows	prior_p	4096	0.18982388079166412	0.18966765701770782	0.1911420226097107	0.19978493452072144	0.27551743388175964
control	100	12	anchor0_h	innovation_w	6	0.05435910448431969	0.05435910075902939	0.05435910075902939	0.05435910075902939	0.05435910075902939
control	100	12	anchor0_non_h	innovation_w	250	0.05527191236615181	0.05505446344614029	0.06100606545805931	0.11286593973636627	0.11286593973636627
control	100	12	h_rows_other_anchors	innovation_w	90	0.05339454114437103	0.05337552726268768	0.0539480522274971	0.054342497140169144	0.054366014897823334
control	100	12	all_anchor_rows	innovation_w	4096	0.053424861282110214	0.05336938798427582	0.054094891995191574	0.059230998158454895	0.11286593973636627
control	100	12	anchor0_h	raw_successor_z	6	0.03667503222823143	0.03667503222823143	0.03667503222823143	0.03667503222823143	0.03667503222823143
control	100	12	anchor0_non_h	raw_successor_z	250	0.03675731644034386	0.03758646175265312	0.04150675982236862	0.05344955623149872	0.05344955623149872
control	100	12	h_rows_other_anchors	raw_successor_z	90	0.03616159409284592	0.036113493144512177	0.03645707294344902	0.03686318174004555	0.036863479763269424
control	100	12	all_anchor_rows	raw_successor_z	4096	0.03615705296397209	0.03610812872648239	0.036694832146167755	0.0401412770152092	0.05344955623149872
control	100	12	anchor0_h	raw_updated_s	6	1.0340558290481567	1.0340558290481567	1.0340558290481567	1.0340558290481567	1.0340558290481567
control	100	12	anchor0_non_h	raw_updated_s	250	1.0459662675857544	1.0510802268981934	1.052700161933899	1.0687994956970215	1.0687994956970215
control	100	12	h_rows_other_anchors	raw_updated_s	90	1.0499190092086792	1.0498913526535034	1.0501850843429565	1.0504871606826782	1.0504939556121826
control	100	12	all_anchor_rows	raw_updated_s	4096	1.0496491193771362	1.0498883724212646	1.050355315208435	1.051841378211975	1.0687994956970215
control	100	12	anchor0_h	z_boundary_denominator	6	0.036688659340143204	0.0366886630654335	0.0366886630654335	0.0366886630654335	0.0366886630654335
control	100	12	anchor0_non_h	z_boundary_denominator	250	0.03677240014076233	0.03759976476430893	0.04151880741119385	0.053458910435438156	0.053458910435438156
control	100	12	h_rows_other_anchors	z_boundary_denominator	90	0.03617541119456291	0.03612733632326126	0.03647078573703766	0.03687674179673195	0.036877039819955826
control	100	12	all_anchor_rows	z_boundary_denominator	4096	0.03617096692323685	0.036121971905231476	0.03670845925807953	0.040153730660676956	0.053458910435438156
control	100	12	anchor0_h	s_boundary_denominator	6	1.034056305885315	1.034056305885315	1.034056305885315	1.034056305885315	1.034056305885315
control	100	12	anchor0_non_h	s_boundary_denominator	250	1.0459667444229126	1.0510807037353516	1.0527006387710571	1.0687999725341797	1.0687999725341797
control	100	12	h_rows_other_anchors	s_boundary_denominator	90	1.0499192476272583	1.049891710281372	1.0501855611801147	1.0504876375198364	1.0504943132400513
control	100	12	all_anchor_rows	s_boundary_denominator	4096	1.0496494770050049	1.0498887300491333	1.0503557920455933	1.0518418550491333	1.0687999725341797
control	100	12	anchor0_h	stored_successor_z	6	0.999628484249115	0.999628484249115	0.999628484249115	0.999628484249115	0.999628484249115
control	100	12	anchor0_non_h	stored_successor_z	250	0.9994112253189087	0.9996462464332581	0.9997098445892334	0.9998250007629395	0.9998250007629395
control	100	12	h_rows_other_anchors	stored_successor_z	90	0.9996177554130554	0.9996168613433838	0.9996239542961121	0.9996322989463806	0.9996322989463806
control	100	12	all_anchor_rows	stored_successor_z	4096	0.999604344367981	0.9996167421340942	0.9996289014816284	0.9996898174285889	0.9998250007629395
control	100	12	anchor0_h	stored_successor_s	6	0.9999995231628418	0.9999995231628418	0.9999995231628418	0.9999995231628418	0.9999995231628418
control	100	12	anchor0_non_h	stored_successor_s	250	0.9999995231628418	0.9999995231628418	0.9999995827674866	0.9999995827674866	0.9999995827674866
control	100	12	h_rows_other_anchors	stored_successor_s	90	0.999999463558197	0.9999995231628418	0.9999995827674866	0.9999995827674866	0.9999996423721313
control	100	12	all_anchor_rows	stored_successor_s	4096	0.9999997019767761	0.9999995231628418	0.9999995827674866	0.9999995827674866	0.9999996423721313
control	100	13	anchor0_h	rotated_z	6	0.999628484249115	0.999628484249115	0.999628484249115	0.999628484249115	0.999628484249115
control	100	13	anchor0_non_h	rotated_z	250	0.9994112253189087	0.9996462464332581	0.9997098445892334	0.9998250007629395	0.9998250007629395
control	100	13	h_rows_other_anchors	rotated_z	90	0.9996177554130554	0.9996168613433838	0.9996239542961121	0.9996322989463806	0.9996322989463806
control	100	13	all_anchor_rows	rotated_z	4096	0.999604344367981	0.9996167421340942	0.9996289014816284	0.9996898174285889	0.9998250007629395
control	100	13	anchor0_h	rotated_s	6	0.9999995231628418	0.9999995231628418	0.9999995231628418	0.9999995231628418	0.9999995231628418
control	100	13	anchor0_non_h	rotated_s	250	0.9999995231628418	0.9999995231628418	0.9999995827674866	0.9999995827674866	0.9999995827674866
control	100	13	h_rows_other_anchors	rotated_s	90	0.999999463558197	0.9999995231628418	0.9999995827674866	0.9999996423721313	0.9999996423721313
control	100	13	all_anchor_rows	rotated_s	4096	0.9999997615814209	0.9999995231628418	0.9999995827674866	0.9999996423721313	0.9999996423721313
control	100	13	anchor0_h	prior_p	6	0.18527312576770782	0.18527312576770782	0.18527312576770782	0.18527312576770782	0.18527312576770782
control	100	13	anchor0_non_h	prior_p	250	0.17645277082920074	0.18429754674434662	0.19116373360157013	0.19480833411216736	0.19895081222057343
control	100	13	h_rows_other_anchors	prior_p	90	0.18091873824596405	0.18078657984733582	0.18166065216064453	0.18267442286014557	0.1826760470867157
control	100	13	all_anchor_rows	prior_p	4096	0.18055292963981628	0.1807851493358612	0.1822737753391266	0.18855515122413635	0.19895081222057343
control	100	13	anchor0_h	innovation_w	6	0.05097919702529907	0.05097919702529907	0.05097919702529907	0.05097919702529907	0.05097919702529907
control	100	13	anchor0_non_h	innovation_w	250	0.04645385593175888	0.049877312034368515	0.054088469594717026	0.05610359460115433	0.05898517742753029
control	100	13	h_rows_other_anchors	innovation_w	90	0.04850074276328087	0.04846937209367752	0.04900748282670975	0.04940520226955414	0.04942939430475235
control	100	13	all_anchor_rows	innovation_w	4096	0.048305876553058624	0.048473507165908813	0.0491708368062973	0.05349582061171532	0.05898517742753029
control	100	13	anchor0_h	raw_successor_z	6	0.03442107141017914	0.03442107141017914	0.03442107141017914	0.03442107141017914	0.03442107141017914
control	100	13	anchor0_non_h	raw_successor_z	250	0.03169542923569679	0.03411895036697388	0.03670162707567215	0.038104742765426636	0.039785660803318024
control	100	13	h_rows_other_anchors	raw_successor_z	90	0.032857540994882584	0.032798200845718384	0.03312908113002777	0.03352075815200806	0.033521972596645355
control	100	13	all_anchor_rows	raw_successor_z	4096	0.03275375813245773	0.03280322998762131	0.03337014839053154	0.03572481870651245	0.039785660803318024
control	100	13	anchor0_h	raw_updated_s	6	1.0333527326583862	1.0333526134490967	1.0333526134490967	1.0333526134490967	1.0333526134490967
control	100	13	anchor0_non_h	raw_updated_s	250	1.0396736860275269	1.0462106466293335	1.047272801399231	1.048660159111023	1.0518779754638672
control	100	13	h_rows_other_anchors	raw_updated_s	90	1.0453976392745972	1.045351266860962	1.0456515550613403	1.045983910560608	1.045998454093933
control	100	13	all_anchor_rows	raw_updated_s	4096	1.045022964477539	1.045348882675171	1.0458524227142334	1.0470880270004272	1.0518779754638672
control	100	13	anchor0_h	z_boundary_denominator	6	0.03443559631705284	0.03443559259176254	0.03443559259176254	0.03443559259176254	0.03443559259176254
control	100	13	anchor0_non_h	z_boundary_denominator	250	0.031713828444480896	0.03413360193371773	0.036715246737003326	0.03811786323785782	0.039798226207494736
control	100	13	h_rows_other_anchors	z_boundary_denominator	90	0.0328727588057518	0.03281344100832939	0.03314416855573654	0.0335356704890728	0.0335368849337101
control	100	13	all_anchor_rows	z_boundary_denominator	4096	0.032769180834293365	0.03281846642494202	0.033385127782821655	0.035738810896873474	0.039798226207494736
control	100	13	anchor0_h	s_boundary_denominator	6	1.0333529710769653	1.0333530902862549	1.0333530902862549	1.0333530902862549	1.0333530902862549
control	100	13	anchor0_non_h	s_boundary_denominator	250	1.039674162864685	1.0462111234664917	1.0472732782363892	1.0486606359481812	1.0518784523010254
control	100	13	h_rows_other_anchors	s_boundary_denominator	90	1.0453981161117554	1.0453517436981201	1.0456520318984985	1.0459843873977661	1.0459989309310913
control	100	13	all_anchor_rows	s_boundary_denominator	4096	1.0450234413146973	1.045349359512329	1.0458528995513916	1.0470885038375854	1.0518784523010254
control	100	13	anchor0_h	stored_successor_z	6	0.9995782971382141	0.9995782971382141	0.9995782971382141	0.9995782971382141	0.9995782971382141
control	100	13	anchor0_non_h	stored_successor_z	250	0.9990848302841187	0.9995707273483276	0.9996289610862732	0.9996557831764221	0.9996842741966248
control	100	13	h_rows_other_anchors	stored_successor_z	90	0.9995370507240295	0.9995354413986206	0.999544620513916	0.9995552897453308	0.9995552897453308
control	100	13	all_anchor_rows	stored_successor_z	4096	0.9995086193084717	0.9995356202125549	0.9995512366294861	0.9996084570884705	0.9996842741966248
control	100	13	anchor0_h	stored_successor_s	6	0.9999995231628418	0.9999995231628418	0.9999995231628418	0.9999995231628418	0.9999995231628418
control	100	13	anchor0_non_h	stored_successor_s	250	0.9999995231628418	0.9999995231628418	0.9999995827674866	0.9999995827674866	0.9999996423721313
control	100	13	h_rows_other_anchors	stored_successor_s	90	0.999999463558197	0.9999995231628418	0.9999995827674866	0.9999995827674866	0.9999995827674866
control	100	13	all_anchor_rows	stored_successor_s	4096	0.9999997615814209	0.9999995231628418	0.9999995827674866	0.9999995827674866	0.9999996423721313
control	100	14	anchor0_h	rotated_z	6	0.9995782971382141	0.9995782971382141	0.9995782971382141	0.9995782971382141	0.9995782971382141
control	100	14	anchor0_non_h	rotated_z	250	0.9990848302841187	0.9995707273483276	0.9996289610862732	0.9996557831764221	0.9996842741966248
control	100	14	h_rows_other_anchors	rotated_z	90	0.9995370507240295	0.9995354413986206	0.999544620513916	0.9995552897453308	0.9995552897453308
control	100	14	all_anchor_rows	rotated_z	4096	0.9995086193084717	0.9995356202125549	0.9995512962341309	0.9996084570884705	0.9996842741966248
control	100	14	anchor0_h	rotated_s	6	0.9999995231628418	0.9999995231628418	0.9999995231628418	0.9999995231628418	0.9999995231628418
control	100	14	anchor0_non_h	rotated_s	250	0.9999995231628418	0.9999995231628418	0.9999995827674866	0.9999995827674866	0.9999996423721313
control	100	14	h_rows_other_anchors	rotated_s	90	0.999999463558197	0.9999995231628418	0.9999995827674866	0.9999996423721313	0.9999996423721313
control	100	14	all_anchor_rows	rotated_s	4096	0.9999997615814209	0.9999995231628418	0.9999995827674866	0.9999996423721313	0.9999996423721313
control	100	14	anchor0_h	prior_p	6	0.17960204184055328	0.17960205674171448	0.17960205674171448	0.17960205674171448	0.17960205674171448
control	100	14	anchor0_non_h	prior_p	250	0.17065396904945374	0.17633749544620514	0.18290670216083527	0.18697018921375275	0.18986119329929352
control	100	14	h_rows_other_anchors	prior_p	90	0.1731686145067215	0.17301863431930542	0.17388813197612762	0.17491313815116882	0.17491725087165833
control	100	14	all_anchor_rows	prior_p	4096	0.1729360669851303	0.1730251908302307	0.174534410238266	0.18033289909362793	0.18986119329929352
control	100	14	anchor0_h	innovation_w	6	0.0478697307407856	0.0478697307407856	0.0478697307407856	0.0478697307407856	0.0478697307407856
control	100	14	anchor0_non_h	innovation_w	250	0.042474087327718735	0.045692600309848785	0.049380429089069366	0.05143297091126442	0.053708516061306
control	100	14	h_rows_other_anchors	innovation_w	90	0.0444183312356472	0.04437742382287979	0.04488750174641609	0.04528457671403885	0.04530923813581467
control	100	14	all_anchor_rows	innovation_w	4096	0.044240802526474	0.04438994452357292	0.0450701005756855	0.04893624410033226	0.053708516061306
control	100	14	anchor0_h	raw_successor_z	6	0.03234836086630821	0.032348357141017914	0.032348357141017914	0.032348357141017914	0.032348357141017914
control	100	14	anchor0_non_h	raw_successor_z	250	0.030800702050328255	0.03134210407733917	0.03499865531921387	0.04422517865896225	0.04422517865896225
control	100	14	h_rows_other_anchors	raw_successor_z	90	0.03010222688317299	0.030038703233003616	0.030353447422385216	0.030732162296772003	0.030734173953533173
control	100	14	all_anchor_rows	raw_successor_z	4096	0.030118143185973167	0.03004886955022812	0.030604112893342972	0.03350157290697098	0.04422517865896225
control	100	14	anchor0_h	raw_updated_s	6	1.032457709312439	1.032457709312439	1.032457709312439	1.032457709312439	1.032457709312439
control	100	14	anchor0_non_h	raw_updated_s	250	1.036407470703125	1.0423592329025269	1.0433869361877441	1.0447015762329102	1.0476367473602295
control	100	14	h_rows_other_anchors	raw_updated_s	90	1.0415772199630737	1.041520595550537	1.041821837425232	1.042177438735962	1.0421924591064453
control	100	14	all_anchor_rows	raw_updated_s	4096	1.0412393808364868	1.0415229797363281	1.0420417785644531	1.0430915355682373	1.0476367473602295
control	100	14	anchor0_h	z_boundary_denominator	6	0.032363805919885635	0.032363809645175934	0.032363809645175934	0.032363809645175934	0.032363809645175934
control	100	14	anchor0_non_h	z_boundary_denominator	250	0.030818480998277664	0.03135805204510689	0.03501293808221817	0.04423648118972778	0.04423648118972778
control	100	14	h_rows_other_anchors	z_boundary_denominator	90	0.030118830502033234	0.030055344104766846	0.030369916930794716	0.030748426914215088	0.030750438570976257
control	100	14	all_anchor_rows	z_boundary_denominator	4096	0.030134834349155426	0.03006550669670105	0.030620448291301727	0.03351649269461632	0.04423648118972778
control	100	14	anchor0_h	s_boundary_denominator	6	1.0324581861495972	1.0324581861495972	1.0324581861495972	1.0324581861495972	1.0324581861495972
control	100	14	anchor0_non_h	s_boundary_denominator	250	1.0364079475402832	1.042359709739685	1.0433872938156128	1.0447020530700684	1.0476371049880981
control	100	14	h_rows_other_anchors	s_boundary_denominator	90	1.0415778160095215	1.0415210723876953	1.0418223142623901	1.0421779155731201	1.0421929359436035
control	100	14	all_anchor_rows	s_boundary_denominator	4096	1.041239857673645	1.0415234565734863	1.0420422554016113	1.0430920124053955	1.0476371049880981
control	100	14	anchor0_h	stored_successor_z	6	0.9995225071907043	0.9995225071907043	0.9995225071907043	0.9995225071907043	0.9995225071907043
control	100	14	anchor0_non_h	stored_successor_z	250	0.9992191195487976	0.9994913339614868	0.9995920062065125	0.9997444748878479	0.9997444748878479
control	100	14	h_rows_other_anchors	stored_successor_z	90	0.9994485378265381	0.9994462728500366	0.9994577169418335	0.9994710087776184	0.9994710683822632
control	100	14	all_anchor_rows	stored_successor_z	4096	0.9994336366653442	0.99944669008255	0.9994666576385498	0.9995548129081726	0.9997444748878479
control	100	14	anchor0_h	stored_successor_s	6	0.9999995231628418	0.9999995231628418	0.9999995231628418	0.9999995231628418	0.9999995231628418
control	100	14	anchor0_non_h	stored_successor_s	250	0.999999463558197	0.9999995231628418	0.9999995827674866	0.9999995827674866	0.9999995827674866
control	100	14	h_rows_other_anchors	stored_successor_s	90	0.999999463558197	0.9999995231628418	0.9999995827674866	0.9999995827674866	0.9999996423721313
control	100	14	all_anchor_rows	stored_successor_s	4096	0.9999998211860657	0.9999995231628418	0.9999995827674866	0.9999996423721313	0.9999996423721313
control	100	15	anchor0_h	rotated_z	6	0.9995225071907043	0.9995225071907043	0.9995225071907043	0.9995225071907043	0.9995225071907043
control	100	15	anchor0_non_h	rotated_z	250	0.9992191195487976	0.9994913339614868	0.9995920062065125	0.9997444152832031	0.9997444152832031
control	100	15	h_rows_other_anchors	rotated_z	90	0.9994485378265381	0.9994462728500366	0.9994577169418335	0.9994710087776184	0.9994710683822632
control	100	15	all_anchor_rows	rotated_z	4096	0.9994336366653442	0.9994466304779053	0.9994666576385498	0.9995548129081726	0.9997444152832031
control	100	15	anchor0_h	rotated_s	6	0.9999995231628418	0.9999995231628418	0.9999995231628418	0.9999995231628418	0.9999995231628418
control	100	15	anchor0_non_h	rotated_s	250	0.999999463558197	0.9999995231628418	0.9999995827674866	0.9999995827674866	0.9999995827674866
control	100	15	h_rows_other_anchors	rotated_s	90	0.999999463558197	0.9999995231628418	0.9999995827674866	0.9999995827674866	0.9999996423721313
control	100	15	all_anchor_rows	rotated_s	4096	0.9999997615814209	0.9999995231628418	0.9999995827674866	0.9999996423721313	0.9999996423721313
control	100	15	anchor0_h	prior_p	6	0.17425118386745453	0.17425118386745453	0.17425118386745453	0.17425118386745453	0.17425118386745453
control	100	15	anchor0_non_h	prior_p	250	0.16883838176727295	0.17052705585956573	0.17955325543880463	0.20476692914962769	0.20476692914962769
control	100	15	h_rows_other_anchors	prior_p	90	0.1663268357515335	0.16615277528762817	0.16701939702033997	0.16806244850158691	0.16806884109973907
control	100	15	all_anchor_rows	prior_p	4096	0.16641241312026978	0.16618117690086365	0.1677272617816925	0.17533816397190094	0.20476692914962769
control	100	15	anchor0_h	innovation_w	6	0.04502296447753906	0.04502296447753906	0.04502296447753906	0.04502296447753906	0.04502296447753906
control	100	15	anchor0_non_h	innovation_w	250	0.04214208945631981	0.04245825111865997	0.04751139134168625	0.062193743884563446	0.062193743884563446
control	100	15	h_rows_other_anchors	innovation_w	90	0.04096267744898796	0.04092571884393692	0.04139956459403038	0.0417957566678524	0.041820693761110306
control	100	15	all_anchor_rows	innovation_w	4096	0.04098442196846008	0.040938347578048706	0.04161246120929718	0.04538189619779587	0.062193743884563446
control	100	15	anchor0_h	raw_successor_z	6	0.030451713129878044	0.030451711267232895	0.030451711267232895	0.030451711267232895	0.030451711267232895
control	100	15	anchor0_non_h	raw_successor_z	250	0.028379544615745544	0.02888677269220352	0.03093906119465828	0.032681722193956375	0.03323234245181084
control	100	15	h_rows_other_anchors	raw_successor_z	90	0.02777070924639702	0.02770473062992096	0.028003154322504997	0.028371935710310936	0.02837463468313217
control	100	15	all_anchor_rows	raw_successor_z	4096	0.027785848826169968	0.02771768346428871	0.02825506031513214	0.030849559232592583	0.03323234245181084
control	100	15	anchor0_h	raw_updated_s	6	1.0314446687698364	1.0314446687698364	1.0314446687698364	1.0314446687698364	1.0314446687698364
control	100	15	anchor0_non_h	raw_updated_s	250	1.0355437994003296	1.0394004583358765	1.0408493280410767	1.0416624546051025	1.0439602136611938
control	100	15	h_rows_other_anchors	raw_updated_s	90	1.038305640220642	1.038238763809204	1.0385431051254272	1.0389130115509033	1.0389279127120972
control	100	15	all_anchor_rows	raw_updated_s	4096	1.0381172895431519	1.0382531881332397	1.038780927658081	1.040050983428955	1.0439602136611938
control	100	15	anchor0_h	z_boundary_denominator	6	0.030468126758933067	0.030468126758933067	0.030468126758933067	0.030468126758933067	0.030468126758933067
control	100	15	anchor0_non_h	z_boundary_denominator	250	0.028398025780916214	0.028904076665639877	0.03095521777868271	0.03269701823592186	0.033247385174036026
control	100	15	h_rows_other_anchors	z_boundary_denominator	90	0.027788707986474037	0.02772277221083641	0.028021004050970078	0.028389552608132362	0.02839224971830845
control	100	15	all_anchor_rows	z_boundary_denominator	4096	0.027803892269730568	0.027735717594623566	0.028272751718759537	0.030865762382745743	0.033247385174036026
control	100	15	anchor0_h	s_boundary_denominator	6	1.0314451456069946	1.0314451456069946	1.0314451456069946	1.0314451456069946	1.0314451456069946
control	100	15	anchor0_non_h	s_boundary_denominator	250	1.0355441570281982	1.0394009351730347	1.0408498048782349	1.0416629314422607	1.043960690498352
control	100	15	h_rows_other_anchors	s_boundary_denominator	90	1.0383062362670898	1.0382392406463623	1.0385435819625854	1.0389134883880615	1.0389283895492554
control	100	15	all_anchor_rows	s_boundary_denominator	4096	1.0381176471710205	1.038253664970398	1.0387814044952393	1.0400514602661133	1.043960690498352
control	100	15	anchor0_h	stored_successor_z	6	0.9994611740112305	0.9994611740112305	0.9994611740112305	0.9994611740112305	0.9994611740112305
control	100	15	anchor0_non_h	stored_successor_z	250	0.9992371797561646	0.999401330947876	0.9994779825210571	0.999532163143158	0.9995476007461548
control	100	15	h_rows_other_anchors	stored_successor_z	90	0.9993521571159363	0.9993491768836975	0.9993629455566406	0.9993794560432434	0.999379575252533
control	100	15	all_anchor_rows	stored_successor_z	4096	0.9993441104888916	0.9993497729301453	0.999374270439148	0.9994750618934631	0.9995476007461548
control	100	15	anchor0_h	stored_successor_s	6	0.999999463558197	0.999999463558197	0.999999463558197	0.999999463558197	0.999999463558197
control	100	15	anchor0_non_h	stored_successor_s	250	0.9999995231628418	0.9999995231628418	0.9999995827674866	0.9999996423721313	0.9999996423721313
control	100	15	h_rows_other_anchors	stored_successor_s	90	0.999999463558197	0.9999995231628418	0.9999995827674866	0.9999995827674866	0.9999996423721313
control	100	15	all_anchor_rows	stored_successor_s	4096	0.9999997615814209	0.9999995231628418	0.9999995827674866	0.9999996423721313	0.9999996423721313
control	100	16	anchor0_h	rotated_z	6	0.9994611740112305	0.9994611740112305	0.9994611740112305	0.9994611740112305	0.9994611740112305
control	100	16	anchor0_non_h	rotated_z	250	0.9992371797561646	0.999401330947876	0.9994779825210571	0.999532163143158	0.9995476007461548
control	100	16	h_rows_other_anchors	rotated_z	90	0.9993521571159363	0.9993491768836975	0.9993629455566406	0.9993794560432434	0.999379575252533
control	100	16	all_anchor_rows	rotated_z	4096	0.9993441104888916	0.9993497729301453	0.999374270439148	0.9994750618934631	0.9995476007461548
control	100	16	anchor0_h	rotated_s	6	0.999999463558197	0.999999463558197	0.999999463558197	0.999999463558197	0.999999463558197
control	100	16	anchor0_non_h	rotated_s	250	0.9999995231628418	0.9999995231628418	0.9999995827674866	0.9999996423721313	0.9999996423721313
control	100	16	h_rows_other_anchors	rotated_s	90	0.999999463558197	0.9999995231628418	0.9999995827674866	0.9999995827674866	0.9999996423721313
control	100	16	all_anchor_rows	rotated_s	4096	0.9999997615814209	0.9999995231628418	0.9999995827674866	0.9999996423721313	0.9999996423721313
control	100	16	anchor0_h	prior_p	6	0.16922079026699066	0.16922077536582947	0.16922077536582947	0.16922077536582947	0.16922077536582947
control	100	16	anchor0_non_h	prior_p	250	0.15611675381660461	0.16304738819599152	0.1691153347492218	0.17441301047801971	0.17668859660625458
control	100	16	h_rows_other_anchors	prior_p	90	0.16023124754428864	0.16003954410552979	0.1609029471874237	0.161960631608963	0.1619691401720047
control	100	16	all_anchor_rows	prior_p	4096	0.15992143750190735	0.16008278727531433	0.16160735487937927	0.1683671623468399	0.17668859660625458
control	100	16	anchor0_h	innovation_w	6	0.042423661798238754	0.042423658072948456	0.042423658072948456	0.042423658072948456	0.042423658072948456
control	100	16	anchor0_non_h	innovation_w	250	0.03610776737332344	0.039022672921419144	0.04204724356532097	0.04480089619755745	0.04548054188489914
control	100	16	h_rows_other_anchors	innovation_w	90	0.038000982254743576	0.03796778991818428	0.03841416537761688	0.03880586102604866	0.0388304740190506
control	100	16	all_anchor_rows	innovation_w	4096	0.03784191608428955	0.03797486424446106	0.03861456364393234	0.04175640642642975	0.04548054188489914
control	100	16	anchor0_h	raw_successor_z	6	0.028720935806632042	0.028720935806632042	0.028720935806632042	0.028720935806632042	0.028720935806632042
control	100	16	anchor0_non_h	raw_successor_z	250	0.024941859766840935	0.026694398373365402	0.028721947222948074	0.03057243302464485	0.031359486281871796
control	100	16	h_rows_other_anchors	raw_successor_z	90	0.025773143395781517	0.0257063377648592	0.025990614667534828	0.026349613443017006	0.026352891698479652
control	100	16	all_anchor_rows	raw_successor_z	4096	0.025703970342874527	0.025721006095409393	0.026229798793792725	0.028495851904153824	0.031359486281871796
control	100	16	anchor0_h	raw_updated_s	6	1.0303670167922974	1.030367136001587	1.030367136001587	1.030367136001587	1.030367136001587
control	100	16	anchor0_non_h	raw_updated_s	250	1.031319499015808	1.0364874601364136	1.0371559858322144	1.0383042097091675	1.0407490730285645
control	100	16	h_rows_other_anchors	raw_updated_s	90	1.0354715585708618	1.0353997945785522	1.0357166528701782	1.0360816717147827	1.0360966920852661
control	100	16	all_anchor_rows	raw_updated_s	4096	1.0352002382278442	1.0354204177856445	1.0359525680541992	1.0368891954421997	1.0407490730285645
control	100	16	anchor0_h	z_boundary_denominator	6	0.028738336637616158	0.028738338500261307	0.028738338500261307	0.028738338500261307	0.028738338500261307
control	100	16	anchor0_non_h	z_boundary_denominator	250	0.024964960291981697	0.02671312354505062	0.02873935177922249	0.0305887833237648	0.031375426799058914
control	100	16	h_rows_other_anchors	z_boundary_denominator	90	0.02579253725707531	0.02572578191757202	0.02600984461605549	0.026368582621216774	0.02637185901403427
control	100	16	all_anchor_rows	z_boundary_denominator	4096	0.02572360262274742	0.02574043720960617	0.026248853653669357	0.028513392433524132	0.031375426799058914
control	100	16	anchor0_h	s_boundary_denominator	6	1.0303677320480347	1.0303676128387451	1.0303676128387451	1.0303676128387451	1.0303676128387451
control	100	16	anchor0_non_h	s_boundary_denominator	250	1.0313199758529663	1.0364879369735718	1.0371564626693726	1.0383046865463257	1.0407495498657227
control	100	16	h_rows_other_anchors	s_boundary_denominator	90	1.0354721546173096	1.0354002714157104	1.0357170104980469	1.0360820293426514	1.0360971689224243
control	100	16	all_anchor_rows	s_boundary_denominator	4096	1.035200595855713	1.0354208946228027	1.0359529256820679	1.036889672279358	1.0407495498657227
control	100	16	anchor0_h	stored_successor_z	6	0.9993943572044373	0.9993943572044373	0.9993943572044373	0.9993943572044373	0.9993943572044373
control	100	16	anchor0_non_h	stored_successor_z	250	0.9985998272895813	0.9992990493774414	0.9993944764137268	0.9994655251502991	0.9994918704032898
control	100	16	h_rows_other_anchors	stored_successor_z	90	0.9992480874061584	0.999244213104248	0.9992607235908508	0.999280571937561	0.9992807507514954
control	100	16	all_anchor_rows	stored_successor_z	4096	0.9992073774337769	0.9992450475692749	0.9992740154266357	0.999384880065918	0.9994918704032898
control	100	16	anchor0_h	stored_successor_s	6	0.9999995231628418	0.9999995231628418	0.9999995231628418	0.9999995231628418	0.9999995231628418
control	100	16	anchor0_non_h	stored_successor_s	250	0.999999463558197	0.999999463558197	0.9999995231628418	0.9999995827674866	0.9999995827674866
control	100	16	h_rows_other_anchors	stored_successor_s	90	0.999999463558197	0.9999995231628418	0.9999995231628418	0.9999995827674866	0.9999995827674866
control	100	16	all_anchor_rows	stored_successor_s	4096	0.9999995231628418	0.9999995231628418	0.9999995827674866	0.9999995827674866	0.9999996423721313
candidate	500	0	anchor0_h	raw_encoded_root	6	1.5216479301452637	1.5216479301452637	1.5216479301452637	1.5216479301452637	1.5216479301452637
candidate	500	0	anchor0_non_h	raw_encoded_root	250	2.0939927101135254	1.9353607892990112	3.718050718307495	4.1286749839782715	4.3466691970825195
candidate	500	0	h_rows_other_anchors	raw_encoded_root	90	2.4308574199676514	1.8332939147949219	4.119325637817383	4.35627555847168	4.3736958503723145
candidate	500	0	all_anchor_rows	raw_encoded_root	4096	2.4371564388275146	1.858266830444336	4.035938262939453	4.3662285804748535	4.395793914794922
candidate	500	0	anchor0_h	initialized_recurrent_root	6	0.9999998211860657	0.9999998211860657	0.9999998211860657	0.9999998211860657	0.9999998211860657
candidate	500	0	anchor0_non_h	initialized_recurrent_root	250	0.9999998807907104	0.9999998807907104	0.9999998807907104	0.9999999403953552	1.0
candidate	500	0	h_rows_other_anchors	initialized_recurrent_root	90	0.9999999403953552	0.9999998807907104	1.0	1.0	1.0
candidate	500	0	all_anchor_rows	initialized_recurrent_root	4096	1.0	0.9999998807907104	0.9999999403953552	1.0	1.0000001192092896
candidate	500	0	anchor0_h	initialized_memory	6	1.8673839569091797	1.8673839569091797	1.8673839569091797	1.8673839569091797	1.8673839569091797
candidate	500	0	anchor0_non_h	initialized_memory	250	2.652848720550537	2.5143933296203613	3.1779167652130127	3.5807740688323975	3.5807740688323975
candidate	500	0	h_rows_other_anchors	initialized_memory	90	2.5860519409179688	2.8321189880371094	3.0628011226654053	3.2567193508148193	3.3091955184936523
candidate	500	0	all_anchor_rows	initialized_memory	4096	2.531099796295166	2.5060248374938965	3.057615280151367	3.312908172607422	3.5807740688323975
candidate	500	1	anchor0_h	rotated_z	6	0.9999998211860657	0.9999998211860657	0.9999998211860657	0.9999998211860657	0.9999998211860657
candidate	500	1	anchor0_non_h	rotated_z	250	0.9999998807907104	0.9999998807907104	0.9999998807907104	1.0	1.0
candidate	500	1	h_rows_other_anchors	rotated_z	90	0.9999999403953552	0.9999998807907104	0.9999999403953552	1.0	1.0
candidate	500	1	all_anchor_rows	rotated_z	4096	1.0	0.9999998807907104	0.9999999403953552	1.0	1.0000001192092896
candidate	500	1	anchor0_h	rotated_s	6	1.8673839569091797	1.8673839569091797	1.8673839569091797	1.8673839569091797	1.8673839569091797
candidate	500	1	anchor0_non_h	rotated_s	250	2.652848720550537	2.5143933296203613	3.1779167652130127	3.5807740688323975	3.5807740688323975
candidate	500	1	h_rows_other_anchors	rotated_s	90	2.5860519409179688	2.8321189880371094	3.0628011226654053	3.2567193508148193	3.3091952800750732
candidate	500	1	all_anchor_rows	rotated_s	4096	2.531099796295166	2.5060248374938965	3.057615280151367	3.312908172607422	3.5807740688323975
candidate	500	1	anchor0_h	prior_p	6	0.9517366290092468	0.9517366886138916	0.9517366886138916	0.9517366886138916	0.9517366886138916
candidate	500	1	anchor0_non_h	prior_p	250	0.9939678907394409	1.0211938619613647	1.1948977708816528	1.4362788200378418	1.4362788200378418
candidate	500	1	h_rows_other_anchors	prior_p	90	0.9155707359313965	0.9825330972671509	1.1794202327728271	1.2488374710083008	1.2760810852050781
candidate	500	1	all_anchor_rows	prior_p	4096	0.9196509122848511	0.9693014621734619	1.1932207345962524	1.2573670148849487	1.4362788200378418
candidate	500	1	anchor0_h	innovation_w	6	11.856667518615723	11.856668472290039	11.856668472290039	11.856668472290039	11.856668472290039
candidate	500	1	anchor0_non_h	innovation_w	250	13.662283897399902	15.253300666809082	17.728763580322266	30.63453483581543	30.63453483581543
candidate	500	1	h_rows_other_anchors	innovation_w	90	12.367798805236816	13.511873245239258	21.860408782958984	22.877687454223633	23.24542236328125
candidate	500	1	all_anchor_rows	innovation_w	4096	12.604235649108887	13.5924072265625	22.05352020263672	23.561691284179688	30.63453483581543
candidate	500	1	anchor0_h	raw_successor_z	6	6.6901116371154785	6.6901116371154785	6.6901116371154785	6.6901116371154785	6.6901116371154785
candidate	500	1	anchor0_non_h	raw_successor_z	250	6.353058338165283	5.225986003875732	9.520261764526367	19.005441665649414	19.005441665649414
candidate	500	1	h_rows_other_anchors	raw_successor_z	90	5.5708417892456055	6.022770881652832	9.557185173034668	12.124147415161133	13.552061080932617
candidate	500	1	all_anchor_rows	raw_successor_z	4096	5.683216094970703	5.995550155639648	9.914118766784668	12.26514720916748	19.005441665649414
candidate	500	1	anchor0_h	raw_updated_s	6	12.047272682189941	12.047272682189941	12.047272682189941	12.047272682189941	12.047272682189941
candidate	500	1	anchor0_non_h	raw_updated_s	250	14.98128604888916	17.1204891204834	19.642404556274414	32.32567596435547	32.32567596435547
candidate	500	1	h_rows_other_anchors	raw_updated_s	90	13.757978439331055	15.05929946899414	22.07299041748047	23.573118209838867	24.464614868164062
candidate	500	1	all_anchor_rows	raw_updated_s	4096	13.918365478515625	15.088207244873047	22.33713150024414	23.85233497619629	32.32567596435547
candidate	500	1	anchor0_h	z_boundary_denominator	6	6.6901116371154785	6.6901116371154785	6.6901116371154785	6.6901116371154785	6.6901116371154785
candidate	500	1	anchor0_non_h	z_boundary_denominator	250	6.353058338165283	5.225986003875732	9.520261764526367	19.005441665649414	19.005441665649414
candidate	500	1	h_rows_other_anchors	z_boundary_denominator	90	5.5708417892456055	6.022770881652832	9.557185173034668	12.124147415161133	13.552061080932617
candidate	500	1	all_anchor_rows	z_boundary_denominator	4096	5.683216094970703	5.995550155639648	9.914118766784668	12.26514720916748	19.005441665649414
candidate	500	1	anchor0_h	s_boundary_denominator	6	12.047272682189941	12.047272682189941	12.047272682189941	12.047272682189941	12.047272682189941
candidate	500	1	anchor0_non_h	s_boundary_denominator	250	14.98128604888916	17.1204891204834	19.642404556274414	32.32567596435547	32.32567596435547
candidate	500	1	h_rows_other_anchors	s_boundary_denominator	90	13.757978439331055	15.05929946899414	22.07299041748047	23.573118209838867	24.464614868164062
candidate	500	1	all_anchor_rows	s_boundary_denominator	4096	13.918365478515625	15.088207244873047	22.33713150024414	23.85233497619629	32.32567596435547
candidate	500	1	anchor0_h	stored_successor_z	6	1.0	1.0	1.0	1.0	1.0
candidate	500	1	anchor0_non_h	stored_successor_z	250	1.0	0.9999999403953552	1.0	1.0	1.0
candidate	500	1	h_rows_other_anchors	stored_successor_z	90	1.0	0.9999999403953552	1.0	1.0000001192092896	1.0000001192092896
candidate	500	1	all_anchor_rows	stored_successor_z	4096	1.0	0.9999999403953552	1.0	1.0000001192092896	1.0000001192092896
candidate	500	1	anchor0_h	stored_successor_s	6	0.9999999403953552	0.9999999403953552	0.9999999403953552	0.9999999403953552	0.9999999403953552
candidate	500	1	anchor0_non_h	stored_successor_s	250	1.0	1.0	1.0000001192092896	1.0000001192092896	1.0000001192092896
candidate	500	1	h_rows_other_anchors	stored_successor_s	90	1.0	1.0	1.0	1.0000001192092896	1.0000001192092896
candidate	500	1	all_anchor_rows	stored_successor_s	4096	1.0	1.0	1.0	1.0000001192092896	1.0000001192092896
candidate	500	2	anchor0_h	rotated_z	6	1.0	1.0	1.0	1.0	1.0
candidate	500	2	anchor0_non_h	rotated_z	250	1.0	0.9999999403953552	1.0	1.0	1.0
candidate	500	2	h_rows_other_anchors	rotated_z	90	1.0	0.9999999403953552	1.0	1.0000001192092896	1.0000001192092896
candidate	500	2	all_anchor_rows	rotated_z	4096	1.0	0.9999999403953552	1.0	1.0000001192092896	1.0000001192092896
candidate	500	2	anchor0_h	rotated_s	6	0.9999999403953552	0.9999999403953552	0.9999999403953552	0.9999999403953552	0.9999999403953552
candidate	500	2	anchor0_non_h	rotated_s	250	1.0	1.0	1.0000001192092896	1.0000001192092896	1.0000001192092896
candidate	500	2	h_rows_other_anchors	rotated_s	90	1.0	1.0	1.0	1.0000001192092896	1.0000001192092896
candidate	500	2	all_anchor_rows	rotated_s	4096	1.0	1.0	1.0	1.0000001192092896	1.0000001192092896
candidate	500	2	anchor0_h	prior_p	6	0.34818756580352783	0.34818756580352783	0.34818756580352783	0.34818756580352783	0.34818756580352783
candidate	500	2	anchor0_non_h	prior_p	250	0.38328251242637634	0.36379683017730713	0.4575989544391632	0.570632815361023	0.7723414301872253
candidate	500	2	h_rows_other_anchors	prior_p	90	0.3519771695137024	0.3468738794326782	0.40057674050331116	0.5018913745880127	0.5890893340110779
candidate	500	2	all_anchor_rows	prior_p	4096	0.3538746237754822	0.3495889902114868	0.3988678753376007	0.5145663619041443	0.7723414301872253
candidate	500	2	anchor0_h	innovation_w	6	1.6831189393997192	1.6831189393997192	1.6831189393997192	1.6831189393997192	1.6831189393997192
candidate	500	2	anchor0_non_h	innovation_w	250	2.195050001144409	1.9011857509613037	3.308537006378174	5.127735614776611	9.860762596130371
candidate	500	2	h_rows_other_anchors	innovation_w	90	1.7933424711227417	1.6952333450317383	2.2649383544921875	4.261672019958496	5.6018290519714355
candidate	500	2	all_anchor_rows	innovation_w	4096	1.8351895809173584	1.7281084060668945	2.3321502208709717	4.309560775756836	9.860762596130371
candidate	500	2	anchor0_h	raw_successor_z	6	0.44919249415397644	0.44919246435165405	0.44919246435165405	0.44919246435165405	0.44919246435165405
candidate	500	2	anchor0_non_h	raw_successor_z	250	0.4793744385242462	0.4258285164833069	0.6613574624061584	1.0925300121307373	1.8838576078414917
candidate	500	2	h_rows_other_anchors	raw_successor_z	90	0.3761123716831207	0.3561602234840393	0.48876988887786865	0.6808426976203918	0.9721036553382874
candidate	500	2	all_anchor_rows	raw_successor_z	4096	0.3850410282611847	0.3620384633541107	0.4763195514678955	0.8255343437194824	1.8838576078414917
candidate	500	2	anchor0_h	raw_updated_s	6	2.662586212158203	2.662586212158203	2.662586212158203	2.662586212158203	2.662586212158203
candidate	500	2	anchor0_non_h	raw_updated_s	250	3.141451597213745	2.857560634613037	4.2101545333862305	6.036932945251465	10.442441940307617
candidate	500	2	h_rows_other_anchors	raw_updated_s	90	2.736178398132324	2.649775981903076	3.1982486248016357	5.126195907592773	6.3900933265686035
candidate	500	2	all_anchor_rows	raw_updated_s	4096	2.784400224685669	2.6898207664489746	3.2675814628601074	5.173832893371582	10.442441940307617
candidate	500	2	anchor0_h	z_boundary_denominator	6	0.4491935670375824	0.4491935670375824	0.4491935670375824	0.4491935670375824	0.4491935670375824
candidate	500	2	anchor0_non_h	z_boundary_denominator	250	0.4793756604194641	0.4258297085762024	0.6613582372665405	1.0925304889678955	1.8838578462600708
candidate	500	2	h_rows_other_anchors	z_boundary_denominator	90	0.37611380219459534	0.35616162419319153	0.48877090215682983	0.6808435320854187	0.9721041917800903
candidate	500	2	all_anchor_rows	z_boundary_denominator	4096	0.38504236936569214	0.36203983426094055	0.47632062435150146	0.8255349397659302	1.8838578462600708
candidate	500	2	anchor0_h	s_boundary_denominator	6	2.662586212158203	2.662586212158203	2.662586212158203	2.662586212158203	2.662586212158203
candidate	500	2	anchor0_non_h	s_boundary_denominator	250	3.1414520740509033	2.857560873031616	4.2101545333862305	6.036932945251465	10.442441940307617
candidate	500	2	h_rows_other_anchors	s_boundary_denominator	90	2.7361786365509033	2.649775981903076	3.198248863220215	5.126195907592773	6.3900933265686035
candidate	500	2	all_anchor_rows	s_boundary_denominator	4096	2.784400463104248	2.6898207664489746	3.2675819396972656	5.173832893371582	10.442441940307617
candidate	500	2	anchor0_h	stored_successor_z	6	0.9999975562095642	0.9999975562095642	0.9999975562095642	0.9999975562095642	0.9999975562095642
candidate	500	2	anchor0_non_h	stored_successor_z	250	0.9999967217445374	0.9999971985816956	0.9999987483024597	0.9999996423721313	0.9999998807907104
candidate	500	2	h_rows_other_anchors	stored_successor_z	90	0.9999956488609314	0.9999960660934448	0.9999978542327881	0.9999987483024597	0.9999993443489075
candidate	500	2	all_anchor_rows	stored_successor_z	4096	0.9999959468841553	0.9999961853027344	0.9999977946281433	0.9999992847442627	0.9999998807907104
candidate	500	2	anchor0_h	stored_successor_s	6	0.9999999403953552	0.9999998807907104	0.9999998807907104	0.9999998807907104	0.9999998807907104
candidate	500	2	anchor0_non_h	stored_successor_s	250	0.9999999403953552	0.9999998807907104	1.0	1.0	1.0000001192092896
candidate	500	2	h_rows_other_anchors	stored_successor_s	90	0.9999999403953552	0.9999998807907104	1.0	1.0	1.0
candidate	500	2	all_anchor_rows	stored_successor_s	4096	1.0	0.9999998807907104	1.0	1.0	1.0000001192092896
candidate	500	3	anchor0_h	rotated_z	6	0.9999975562095642	0.9999975562095642	0.9999975562095642	0.9999975562095642	0.9999975562095642
candidate	500	3	anchor0_non_h	rotated_z	250	0.9999967217445374	0.9999971985816956	0.9999987483024597	0.9999996423721313	0.9999998807907104
candidate	500	3	h_rows_other_anchors	rotated_z	90	0.9999956488609314	0.9999960064888	0.9999978542327881	0.9999987483024597	0.9999994039535522
candidate	500	3	all_anchor_rows	rotated_z	4096	0.9999959468841553	0.9999961853027344	0.9999977946281433	0.9999992847442627	0.9999998807907104
candidate	500	3	anchor0_h	rotated_s	6	1.0	1.0	1.0	1.0	1.0
candidate	500	3	anchor0_non_h	rotated_s	250	1.0	0.9999998807907104	1.0	1.0	1.0000001192092896
candidate	500	3	h_rows_other_anchors	rotated_s	90	1.0	0.9999998807907104	1.0	1.0	1.0
candidate	500	3	all_anchor_rows	rotated_s	4096	1.0	0.9999998807907104	1.0	1.0	1.0000001192092896
candidate	500	3	anchor0_h	prior_p	6	0.3208400309085846	0.3208400309085846	0.3208400309085846	0.3208400309085846	0.3208400309085846
candidate	500	3	anchor0_non_h	prior_p	250	0.3617737293243408	0.380432665348053	0.4296729862689972	0.433312326669693	0.433312326669693
candidate	500	3	h_rows_other_anchors	prior_p	90	0.3790631592273712	0.3844703435897827	0.4338248670101166	0.5520297884941101	0.5597767233848572
candidate	500	3	all_anchor_rows	prior_p	4096	0.3671687841415405	0.3757438063621521	0.42868417501449585	0.5490645170211792	0.6172094941139221
candidate	500	3	anchor0_h	innovation_w	6	1.7139545679092407	1.7139544486999512	1.7139544486999512	1.7139544486999512	1.7139544486999512
candidate	500	3	anchor0_non_h	innovation_w	250	2.0271711349487305	2.306746006011963	2.7641074657440186	2.8255743980407715	2.847860813140869
candidate	500	3	h_rows_other_anchors	innovation_w	90	2.3012471199035645	2.2924728393554688	2.8331589698791504	4.697638034820557	4.833577632904053
candidate	500	3	all_anchor_rows	innovation_w	4096	2.1558315753936768	2.1980457305908203	2.7560813426971436	4.609545707702637	6.166224002838135
candidate	500	3	anchor0_h	raw_successor_z	6	0.3209891617298126	0.3209891617298126	0.3209891617298126	0.3209891617298126	0.3209891617298126
candidate	500	3	anchor0_non_h	raw_successor_z	250	0.4287039041519165	0.45565730333328247	0.6083456873893738	0.6157743334770203	0.6157743334770203
candidate	500	3	h_rows_other_anchors	raw_successor_z	90	0.4816257059574127	0.4596034586429596	0.6171372532844543	1.1228179931640625	1.160936951637268
candidate	500	3	all_anchor_rows	raw_successor_z	4096	0.4441475570201874	0.4405674338340759	0.5975191593170166	1.1097577810287476	1.4806205034255981
candidate	500	3	anchor0_h	raw_updated_s	6	2.704551935195923	2.704552173614502	2.704552173614502	2.704552173614502	2.704552173614502
candidate	500	3	anchor0_non_h	raw_updated_s	250	3.007823944091797	3.2833406925201416	3.735488176345825	3.7656638622283936	3.838080406188965
candidate	500	3	h_rows_other_anchors	raw_updated_s	90	3.2774689197540283	3.2765660285949707	3.8019306659698486	5.603501796722412	5.732585430145264
candidate	500	3	all_anchor_rows	raw_updated_s	4096	3.1355504989624023	3.189113140106201	3.7262511253356934	5.5003886222839355	7.066229343414307
candidate	500	3	anchor0_h	z_boundary_denominator	6	0.3209907114505768	0.3209907114505768	0.3209907114505768	0.3209907114505768	0.3209907114505768
candidate	500	3	anchor0_non_h	z_boundary_denominator	250	0.4287053346633911	0.4556584060192108	0.6083465218544006	0.6157751679420471	0.6157751679420471
candidate	500	3	h_rows_other_anchors	z_boundary_denominator	90	0.4816270172595978	0.45960456132888794	0.6171380877494812	1.1228184700012207	1.1609373092651367
candidate	500	3	all_anchor_rows	z_boundary_denominator	4096	0.4441488981246948	0.44056856632232666	0.5975199937820435	1.1097582578659058	1.4806207418441772
candidate	500	3	anchor0_h	s_boundary_denominator	6	2.704552412033081	2.704552412033081	2.704552412033081	2.704552412033081	2.704552412033081
candidate	500	3	anchor0_non_h	s_boundary_denominator	250	3.007824420928955	3.2833406925201416	3.7354884147644043	3.7656641006469727	3.838080644607544
candidate	500	3	h_rows_other_anchors	s_boundary_denominator	90	3.2774689197540283	3.2765660285949707	3.8019306659698486	5.603501796722412	5.732585430145264
candidate	500	3	all_anchor_rows	s_boundary_denominator	4096	3.1355507373809814	3.189113140106201	3.7262511253356934	5.5003886222839355	7.066229343414307
candidate	500	3	anchor0_h	stored_successor_z	6	0.9999951720237732	0.9999951720237732	0.9999951720237732	0.9999951720237732	0.9999951720237732
candidate	500	3	anchor0_non_h	stored_successor_z	250	0.9999947547912598	0.999997615814209	0.9999985694885254	0.9999986290931702	0.9999986290931702
candidate	500	3	h_rows_other_anchors	stored_successor_z	90	0.999995768070221	0.999997615814209	0.9999986886978149	0.9999996423721313	0.9999996423721313
candidate	500	3	all_anchor_rows	stored_successor_z	4096	0.9999953508377075	0.9999973773956299	0.9999985694885254	0.9999996423721313	0.9999997615814209
candidate	500	3	anchor0_h	stored_successor_s	6	1.0	1.0	1.0	1.0	1.0
candidate	500	3	anchor0_non_h	stored_successor_s	250	0.9999999403953552	0.9999998807907104	1.0	1.0	1.0000001192092896
candidate	500	3	h_rows_other_anchors	stored_successor_s	90	1.0	0.9999998807907104	1.0	1.0	1.0
candidate	500	3	all_anchor_rows	stored_successor_s	4096	1.0	0.9999998807907104	1.0	1.0	1.0000001192092896
candidate	500	4	anchor0_h	rotated_z	6	0.9999951720237732	0.9999951720237732	0.9999951720237732	0.9999951720237732	0.9999951720237732
candidate	500	4	anchor0_non_h	rotated_z	250	0.9999947547912598	0.999997615814209	0.9999985694885254	0.9999986290931702	0.9999986290931702
candidate	500	4	h_rows_other_anchors	rotated_z	90	0.999995768070221	0.999997615814209	0.9999986886978149	0.9999996423721313	0.9999997019767761
candidate	500	4	all_anchor_rows	rotated_z	4096	0.9999953508377075	0.9999973773956299	0.9999985694885254	0.9999996423721313	0.9999997615814209
candidate	500	4	anchor0_h	rotated_s	6	1.0	1.0	1.0	1.0	1.0
candidate	500	4	anchor0_non_h	rotated_s	250	0.9999999403953552	0.9999998807907104	1.0	1.0	1.0
candidate	500	4	h_rows_other_anchors	rotated_s	90	1.0	0.9999998807907104	1.0	1.0	1.0
candidate	500	4	all_anchor_rows	rotated_s	4096	1.0	0.9999998807907104	1.0	1.0	1.0000001192092896
candidate	500	4	anchor0_h	prior_p	6	0.3519861400127411	0.3519861400127411	0.3519861400127411	0.3519861400127411	0.3519861400127411
candidate	500	4	anchor0_non_h	prior_p	250	0.3477368950843811	0.34779059886932373	0.38799288868904114	0.454852432012558	0.454852432012558
candidate	500	4	h_rows_other_anchors	prior_p	90	0.35410380363464355	0.3479447364807129	0.3846789598464966	0.4096422791481018	0.41201460361480713
candidate	500	4	all_anchor_rows	prior_p	4096	0.35302814841270447	0.3483929932117462	0.3805220425128937	0.4050154983997345	0.454852432012558
candidate	500	4	anchor0_h	innovation_w	6	1.925226092338562	1.925226092338562	1.925226092338562	1.925226092338562	1.925226092338562
candidate	500	4	anchor0_non_h	innovation_w	250	1.8916760683059692	1.8275620937347412	2.308234691619873	2.5921506881713867	2.827988386154175
candidate	500	4	h_rows_other_anchors	innovation_w	90	2.0028154850006104	1.8366272449493408	2.527712821960449	2.8238213062286377	2.9340922832489014
candidate	500	4	all_anchor_rows	innovation_w	4096	1.9866950511932373	1.8619297742843628	2.3556294441223145	2.751328229904175	3.3456828594207764
candidate	500	4	anchor0_h	raw_successor_z	6	0.41267213225364685	0.41267216205596924	0.41267216205596924	0.41267216205596924	0.41267216205596924
candidate	500	4	anchor0_non_h	raw_successor_z	250	0.38887283205986023	0.3959686756134033	0.4602541923522949	0.49743911623954773	0.5290460586547852
candidate	500	4	h_rows_other_anchors	raw_successor_z	90	0.4035371243953705	0.3923630714416504	0.46601492166519165	0.5138289928436279	0.5481628179550171
candidate	500	4	all_anchor_rows	raw_successor_z	4096	0.40270358324050903	0.39539670944213867	0.4672512114048004	0.5018419027328491	0.5582094192504883
candidate	500	4	anchor0_h	raw_updated_s	6	2.9229114055633545	2.9229114055633545	2.9229114055633545	2.9229114055633545	2.9229114055633545
candidate	500	4	anchor0_non_h	raw_updated_s	250	2.8819069862365723	2.8258543014526367	3.301844835281372	3.587115526199341	3.8087351322174072
candidate	500	4	h_rows_other_anchors	raw_updated_s	90	2.9982187747955322	2.834587574005127	3.511591672897339	3.811976194381714	3.9219064712524414
candidate	500	4	all_anchor_rows	raw_updated_s	4096	2.981724977493286	2.8581929206848145	3.3524370193481445	3.7421021461486816	4.296863555908203
candidate	500	4	anchor0_h	z_boundary_denominator	6	0.41267338395118713	0.41267335414886475	0.41267335414886475	0.41267335414886475	0.41267335414886475
candidate	500	4	anchor0_non_h	z_boundary_denominator	250	0.3888741731643677	0.3959699273109436	0.4602552652359009	0.4974401295185089	0.5290470123291016
candidate	500	4	h_rows_other_anchors	z_boundary_denominator	90	0.4035383462905884	0.3923643231391907	0.4660159647464752	0.5138299465179443	0.5481637120246887
candidate	500	4	all_anchor_rows	z_boundary_denominator	4096	0.40270480513572693	0.39539796113967896	0.46725228428840637	0.5018429160118103	0.5582103133201599
candidate	500	4	anchor0_h	s_boundary_denominator	6	2.9229116439819336	2.9229116439819336	2.9229116439819336	2.9229116439819336	2.9229116439819336
candidate	500	4	anchor0_non_h	s_boundary_denominator	250	2.8819072246551514	2.825854539871216	3.301845073699951	3.587115526199341	3.8087351322174072
candidate	500	4	h_rows_other_anchors	s_boundary_denominator	90	2.9982190132141113	2.834587574005127	3.511591911315918	3.811976432800293	3.9219064712524414
candidate	500	4	all_anchor_rows	s_boundary_denominator	4096	2.9817252159118652	2.8581933975219727	3.3524370193481445	3.7421023845672607	4.296863555908203
candidate	500	4	anchor0_h	stored_successor_z	6	0.999997079372406	0.9999970197677612	0.9999970197677612	0.9999970197677612	0.9999970197677612
candidate	500	4	anchor0_non_h	stored_successor_z	250	0.9999964237213135	0.9999968409538269	0.999997615814209	0.9999979734420776	0.999998152256012
candidate	500	4	h_rows_other_anchors	stored_successor_z	90	0.9999967813491821	0.9999967813491821	0.999997615814209	0.9999980330467224	0.9999982714653015
candidate	500	4	all_anchor_rows	stored_successor_z	4096	0.9999967813491821	0.9999968409538269	0.9999976754188538	0.9999979734420776	0.9999983310699463
candidate	500	4	anchor0_h	stored_successor_s	6	1.0	1.0	1.0	1.0	1.0
candidate	500	4	anchor0_non_h	stored_successor_s	250	0.9999999403953552	0.9999998807907104	1.0	1.0	1.0
candidate	500	4	h_rows_other_anchors	stored_successor_s	90	0.9999999403953552	0.9999998807907104	1.0	1.0	1.0
candidate	500	4	all_anchor_rows	stored_successor_s	4096	1.0	0.9999998807907104	1.0	1.0	1.0000001192092896
candidate	500	5	anchor0_h	rotated_z	6	0.999997079372406	0.9999970197677612	0.9999970197677612	0.9999970197677612	0.9999970197677612
candidate	500	5	anchor0_non_h	rotated_z	250	0.9999964237213135	0.9999968409538269	0.999997615814209	0.9999979734420776	0.999998152256012
candidate	500	5	h_rows_other_anchors	rotated_z	90	0.9999967813491821	0.9999967813491821	0.999997615814209	0.9999980330467224	0.9999982714653015
candidate	500	5	all_anchor_rows	rotated_z	4096	0.9999967813491821	0.9999968409538269	0.9999976754188538	0.9999979734420776	0.9999983310699463
candidate	500	5	anchor0_h	rotated_s	6	0.9999999403953552	0.9999998807907104	0.9999998807907104	0.9999998807907104	0.9999998807907104
candidate	500	5	anchor0_non_h	rotated_s	250	0.9999999403953552	0.9999998807907104	1.0	1.0	1.0
candidate	500	5	h_rows_other_anchors	rotated_s	90	0.9999999403953552	0.9999998807907104	1.0	1.0	1.0
candidate	500	5	all_anchor_rows	rotated_s	4096	1.0	0.9999998807907104	1.0	1.0	1.0000001192092896
candidate	500	5	anchor0_h	prior_p	6	0.340544730424881	0.34054476022720337	0.34054476022720337	0.34054476022720337	0.34054476022720337
candidate	500	5	anchor0_non_h	prior_p	250	0.35351911187171936	0.35133010149002075	0.38292014598846436	0.41683876514434814	0.41683876514434814
candidate	500	5	h_rows_other_anchors	prior_p	90	0.3547752797603607	0.3485867977142334	0.38504230976104736	0.391696035861969	0.3936483860015869
candidate	500	5	all_anchor_rows	prior_p	4096	0.3562074303627014	0.3509887456893921	0.38712698221206665	0.40315869450569153	0.44250693917274475
candidate	500	5	anchor0_h	innovation_w	6	1.8504877090454102	1.8504877090454102	1.8504877090454102	1.8504877090454102	1.8504877090454102
candidate	500	5	anchor0_non_h	innovation_w	250	2.0613930225372314	2.061216354370117	2.4171178340911865	2.9628186225891113	2.9628186225891113
candidate	500	5	h_rows_other_anchors	innovation_w	90	2.0840327739715576	2.0375514030456543	2.4490537643432617	2.595339775085449	2.622122049331665
candidate	500	5	all_anchor_rows	innovation_w	4096	2.0986931324005127	2.061216354370117	2.484647512435913	2.722579002380371	3.3081092834472656
candidate	500	5	anchor0_h	raw_successor_z	6	0.3698823153972626	0.3698822855949402	0.3698822855949402	0.3698822855949402	0.3698822855949402
candidate	500	5	anchor0_non_h	raw_successor_z	250	0.39866340160369873	0.3912547826766968	0.4779914617538452	0.5570507049560547	0.5570507049560547
candidate	500	5	h_rows_other_anchors	raw_successor_z	90	0.4017959237098694	0.38378629088401794	0.47509071230888367	0.4866880476474762	0.49196162819862366
candidate	500	5	all_anchor_rows	raw_successor_z	4096	0.4052722752094269	0.38710787892341614	0.4806709885597229	0.5353212952613831	0.6413010954856873
candidate	500	5	anchor0_h	raw_updated_s	6	2.849799394607544	2.849799394607544	2.849799394607544	2.849799394607544	2.849799394607544
candidate	500	5	anchor0_non_h	raw_updated_s	250	3.0563113689422607	3.0607380867004395	3.4162418842315674	3.9605000019073486	3.9605000019073486
candidate	500	5	h_rows_other_anchors	raw_updated_s	90	3.081007957458496	3.033609628677368	3.4472899436950684	3.5933306217193604	3.62011981010437
candidate	500	5	all_anchor_rows	raw_updated_s	4096	3.095393180847168	3.0607380867004395	3.4807770252227783	3.7204713821411133	4.302353858947754
candidate	500	5	anchor0_h	z_boundary_denominator	6	0.36988362669944763	0.36988362669944763	0.36988362669944763	0.36988362669944763	0.36988362669944763
candidate	500	5	anchor0_non_h	z_boundary_denominator	250	0.3986647129058838	0.39125606417655945	0.4779925048351288	0.5570515990257263	0.5570515990257263
candidate	500	5	h_rows_other_anchors	z_boundary_denominator	90	0.4017971456050873	0.3837875723838806	0.47509175539016724	0.4866890609264374	0.49196264147758484
candidate	500	5	all_anchor_rows	z_boundary_denominator	4096	0.40527355670928955	0.3871091604232788	0.48067206144332886	0.5353222489356995	0.6413018703460693
candidate	500	5	anchor0_h	s_boundary_denominator	6	2.849799394607544	2.849799394607544	2.849799394607544	2.849799394607544	2.849799394607544
candidate	500	5	anchor0_non_h	s_boundary_denominator	250	3.05631160736084	3.0607383251190186	3.4162421226501465	3.9605002403259277	3.9605002403259277
candidate	500	5	h_rows_other_anchors	s_boundary_denominator	90	3.081007957458496	3.0336098670959473	3.4472901821136475	3.5933308601379395	3.620120048522949
candidate	500	5	all_anchor_rows	s_boundary_denominator	4096	3.095393180847168	3.0607383251190186	3.4807772636413574	3.7204713821411133	4.302354335784912
candidate	500	5	anchor0_h	stored_successor_z	6	0.9999962449073792	0.9999962449073792	0.9999962449073792	0.9999962449073792	0.9999962449073792
candidate	500	5	anchor0_non_h	stored_successor_z	250	0.9999964833259583	0.9999966621398926	0.9999977946281433	0.9999983906745911	0.9999983906745911
candidate	500	5	h_rows_other_anchors	stored_successor_z	90	0.9999967813491821	0.9999966621398926	0.9999977946281433	0.9999979138374329	0.9999979734420776
candidate	500	5	all_anchor_rows	stored_successor_z	4096	0.9999968409538269	0.9999966621398926	0.9999977946281433	0.9999982118606567	0.9999987483024597
candidate	500	5	anchor0_h	stored_successor_s	6	1.0	1.0	1.0	1.0	1.0
candidate	500	5	anchor0_non_h	stored_successor_s	250	0.9999999403953552	0.9999998807907104	1.0	1.0	1.0
candidate	500	5	h_rows_other_anchors	stored_successor_s	90	1.0	0.9999998807907104	1.0	1.0	1.0
candidate	500	5	all_anchor_rows	stored_successor_s	4096	1.0	0.9999998807907104	1.0	1.0	1.0000001192092896
candidate	500	6	anchor0_h	rotated_z	6	0.9999962449073792	0.9999962449073792	0.9999962449073792	0.9999962449073792	0.9999962449073792
candidate	500	6	anchor0_non_h	rotated_z	250	0.9999964833259583	0.9999966621398926	0.9999977946281433	0.9999983906745911	0.9999983906745911
candidate	500	6	h_rows_other_anchors	rotated_z	90	0.9999967813491821	0.9999966025352478	0.9999977946281433	0.9999978542327881	0.9999979734420776
candidate	500	6	all_anchor_rows	rotated_z	4096	0.9999968409538269	0.9999966621398926	0.9999977946281433	0.9999982118606567	0.9999987483024597
candidate	500	6	anchor0_h	rotated_s	6	1.0	1.0	1.0	1.0	1.0
candidate	500	6	anchor0_non_h	rotated_s	250	0.9999999403953552	0.9999998807907104	1.0	1.0	1.0
candidate	500	6	h_rows_other_anchors	rotated_s	90	0.9999999403953552	0.9999998807907104	1.0	1.0	1.0000001192092896
candidate	500	6	all_anchor_rows	rotated_s	4096	1.0	0.9999998807907104	1.0	1.0	1.0000001192092896
candidate	500	6	anchor0_h	prior_p	6	0.3412211239337921	0.3412211537361145	0.3412211537361145	0.3412211537361145	0.3412211537361145
candidate	500	6	anchor0_non_h	prior_p	250	0.3676326870918274	0.3643832504749298	0.3850466012954712	0.4560920000076294	0.4560920000076294
candidate	500	6	h_rows_other_anchors	prior_p	90	0.36555734276771545	0.3662477731704712	0.3803281784057617	0.39850252866744995	0.4016563594341278
candidate	500	6	all_anchor_rows	prior_p	4096	0.36485207080841064	0.3647303581237793	0.38052529096603394	0.3974435031414032	0.4560920000076294
candidate	500	6	anchor0_h	innovation_w	6	1.82440984249115	1.82440984249115	1.82440984249115	1.82440984249115	1.82440984249115
candidate	500	6	anchor0_non_h	innovation_w	250	2.198406934738159	2.1699109077453613	2.4134774208068848	3.2351369857788086	3.2351369857788086
candidate	500	6	h_rows_other_anchors	innovation_w	90	2.1625943183898926	2.20064640045166	2.302229642868042	2.5407228469848633	2.5975563526153564
candidate	500	6	all_anchor_rows	innovation_w	4096	2.148535966873169	2.170675754547119	2.3305935859680176	2.4739718437194824	3.2351369857788086
candidate	500	6	anchor0_h	raw_successor_z	6	0.38167789578437805	0.38167789578437805	0.38167789578437805	0.38167789578437805	0.38167789578437805
candidate	500	6	anchor0_non_h	raw_successor_z	250	0.43474406003952026	0.43133115768432617	0.48337554931640625	0.5292516946792603	0.5292516946792603
candidate	500	6	h_rows_other_anchors	raw_successor_z	90	0.4341057538986206	0.4314444661140442	0.47577783465385437	0.5209128260612488	0.5309661030769348
candidate	500	6	all_anchor_rows	raw_successor_z	4096	0.4323861598968506	0.43058258295059204	0.4747813940048218	0.5195025205612183	0.6076992154121399
candidate	500	6	anchor0_h	raw_updated_s	6	2.8238637447357178	2.8238635063171387	2.8238635063171387	2.8238635063171387	2.8238635063171387
candidate	500	6	anchor0_non_h	raw_updated_s	250	3.1949360370635986	3.165475368499756	3.407585382461548	4.119065284729004	4.119065284729004
candidate	500	6	h_rows_other_anchors	raw_updated_s	90	3.161083221435547	3.198115825653076	3.300128221511841	3.5370595455169678	3.5938913822174072
candidate	500	6	all_anchor_rows	raw_updated_s	4096	3.1469075679779053	3.1688947677612305	3.3298749923706055	3.470961093902588	4.119065284729004
candidate	500	6	anchor0_h	z_boundary_denominator	6	0.3816792070865631	0.3816792070865631	0.3816792070865631	0.3816792070865631	0.3816792070865631
candidate	500	6	anchor0_non_h	z_boundary_denominator	250	0.4347451329231262	0.4313322901725769	0.4833765923976898	0.5292526483535767	0.5292526483535767
candidate	500	6	h_rows_other_anchors	z_boundary_denominator	90	0.4341069459915161	0.4314455986022949	0.47577887773513794	0.5209137797355652	0.5309670567512512
candidate	500	6	all_anchor_rows	z_boundary_denominator	4096	0.4323872923851013	0.43058377504348755	0.47478240728378296	0.5195034742355347	0.6077000498771667
candidate	500	6	anchor0_h	s_boundary_denominator	6	2.8238637447357178	2.8238637447357178	2.8238637447357178	2.8238637447357178	2.8238637447357178
candidate	500	6	anchor0_non_h	s_boundary_denominator	250	3.194936513900757	3.165475368499756	3.407585620880127	4.119065284729004	4.119065284729004
candidate	500	6	h_rows_other_anchors	s_boundary_denominator	90	3.161083221435547	3.1981163024902344	3.30012845993042	3.537059783935547	3.5938916206359863
candidate	500	6	all_anchor_rows	s_boundary_denominator	4096	3.1469075679779053	3.1688950061798096	3.3298752307891846	3.470961093902588	4.119065284729004
candidate	500	6	anchor0_h	stored_successor_z	6	0.9999966025352478	0.999996542930603	0.999996542930603	0.999996542930603	0.999996542930603
candidate	500	6	anchor0_non_h	stored_successor_z	250	0.9999973177909851	0.9999972581863403	0.9999977946281433	0.999998152256012	0.999998152256012
candidate	500	6	h_rows_other_anchors	stored_successor_z	90	0.9999972581863403	0.9999973177909851	0.9999977946281433	0.999998152256012	0.999998152256012
candidate	500	6	all_anchor_rows	stored_successor_z	4096	0.9999971985816956	0.9999972581863403	0.9999977946281433	0.9999980926513672	0.9999986290931702
candidate	500	6	anchor0_h	stored_successor_s	6	0.9999999403953552	0.9999998807907104	0.9999998807907104	0.9999998807907104	0.9999998807907104
candidate	500	6	anchor0_non_h	stored_successor_s	250	1.0	0.9999999403953552	1.0	1.0	1.0
candidate	500	6	h_rows_other_anchors	stored_successor_s	90	1.0	0.9999998807907104	1.0	1.0	1.0
candidate	500	6	all_anchor_rows	stored_successor_s	4096	1.0	0.9999999403953552	1.0	1.0	1.0000001192092896
candidate	500	7	anchor0_h	rotated_z	6	0.9999966025352478	0.999996542930603	0.999996542930603	0.999996542930603	0.999996542930603
candidate	500	7	anchor0_non_h	rotated_z	250	0.9999973177909851	0.9999972581863403	0.9999977350234985	0.999998152256012	0.999998152256012
candidate	500	7	h_rows_other_anchors	rotated_z	90	0.9999972581863403	0.9999973177909851	0.9999977946281433	0.999998152256012	0.999998152256012
candidate	500	7	all_anchor_rows	rotated_z	4096	0.9999971985816956	0.9999972581863403	0.9999977946281433	0.9999980926513672	0.9999986290931702
candidate	500	7	anchor0_h	rotated_s	6	0.9999998211860657	0.9999998211860657	0.9999998211860657	0.9999998211860657	0.9999998211860657
candidate	500	7	anchor0_non_h	rotated_s	250	1.0	0.9999999403953552	1.0	1.0	1.0
candidate	500	7	h_rows_other_anchors	rotated_s	90	1.0	0.9999998807907104	1.0	1.0	1.0
candidate	500	7	all_anchor_rows	rotated_s	4096	1.0	0.9999998807907104	1.0	1.0	1.0000001192092896
candidate	500	7	anchor0_h	prior_p	6	0.33890625834465027	0.3389062285423279	0.3389062285423279	0.3389062285423279	0.3389062285423279
candidate	500	7	anchor0_non_h	prior_p	250	0.3611237108707428	0.3580872714519501	0.3760901987552643	0.46310901641845703	0.46310901641845703
candidate	500	7	h_rows_other_anchors	prior_p	90	0.3569101095199585	0.360409140586853	0.37149250507354736	0.3731479346752167	0.37334921956062317
candidate	500	7	all_anchor_rows	prior_p	4096	0.355985164642334	0.35537558794021606	0.37216895818710327	0.3760901987552643	0.48952019214630127
candidate	500	7	anchor0_h	innovation_w	6	1.8589950799942017	1.8589950799942017	1.8589950799942017	1.8589950799942017	1.8589950799942017
candidate	500	7	anchor0_non_h	innovation_w	250	2.089311361312866	2.105583667755127	2.2434256076812744	3.698133945465088	3.698133945465088
candidate	500	7	h_rows_other_anchors	innovation_w	90	2.0358870029449463	2.1010220050811768	2.2374093532562256	2.2501220703125	2.251063823699951
candidate	500	7	all_anchor_rows	innovation_w	4096	2.0267887115478516	2.0567193031311035	2.2420735359191895	2.275416612625122	3.698133945465088
candidate	500	7	anchor0_h	raw_successor_z	6	0.3680863380432129	0.3680863380432129	0.3680863380432129	0.3680863380432129	0.3680863380432129
candidate	500	7	anchor0_non_h	raw_successor_z	250	0.4241314232349396	0.4141315817832947	0.46218445897102356	0.7199956774711609	0.7199956774711609
candidate	500	7	h_rows_other_anchors	raw_successor_z	90	0.41222792863845825	0.41776514053344727	0.4481422007083893	0.4530639052391052	0.4549091160297394
candidate	500	7	all_anchor_rows	raw_successor_z	4096	0.4101545810699463	0.40649813413619995	0.4505982995033264	0.46218445897102356	0.8870096206665039
candidate	500	7	anchor0_h	raw_updated_s	6	2.8582704067230225	2.8582704067230225	2.8582704067230225	2.8582704067230225	2.8582704067230225
candidate	500	7	anchor0_non_h	raw_updated_s	250	3.088157892227173	3.104736804962158	3.2417120933532715	4.685285568237305	4.685285568237305
candidate	500	7	h_rows_other_anchors	raw_updated_s	90	3.03511905670166	3.1004843711853027	3.23687481880188	3.249420642852783	3.250293731689453
candidate	500	7	all_anchor_rows	raw_updated_s	4096	3.0259742736816406	3.0550827980041504	3.241372585296631	3.2744433879852295	4.685285568237305
candidate	500	7	anchor0_h	z_boundary_denominator	6	0.3680877387523651	0.3680877089500427	0.3680877089500427	0.3680877089500427	0.3680877089500427
candidate	500	7	anchor0_non_h	z_boundary_denominator	250	0.4241325855255127	0.4141328036785126	0.4621855318546295	0.7199963927268982	0.7199963927268982
candidate	500	7	h_rows_other_anchors	z_boundary_denominator	90	0.41222915053367615	0.4177663326263428	0.44814333319664	0.45306500792503357	0.4549102187156677
candidate	500	7	all_anchor_rows	z_boundary_denominator	4096	0.4101558327674866	0.40649935603141785	0.4505993723869324	0.4621855318546295	0.8870101571083069
candidate	500	7	anchor0_h	s_boundary_denominator	6	2.8582704067230225	2.8582704067230225	2.8582704067230225	2.8582704067230225	2.8582704067230225
candidate	500	7	anchor0_non_h	s_boundary_denominator	250	3.088157892227173	3.104736804962158	3.2417123317718506	4.685285568237305	4.685285568237305
candidate	500	7	h_rows_other_anchors	s_boundary_denominator	90	3.03511905670166	3.100484609603882	3.23687481880188	3.249420642852783	3.2502939701080322
candidate	500	7	all_anchor_rows	s_boundary_denominator	4096	3.0259742736816406	3.0550830364227295	3.241372585296631	3.2744433879852295	4.685285568237305
candidate	500	7	anchor0_h	stored_successor_z	6	0.9999963641166687	0.9999963641166687	0.9999963641166687	0.9999963641166687	0.9999963641166687
candidate	500	7	anchor0_non_h	stored_successor_z	250	0.999997079372406	0.9999970197677612	0.9999976754188538	0.9999991059303284	0.9999991059303284
candidate	500	7	h_rows_other_anchors	stored_successor_z	90	0.9999970197677612	0.999997079372406	0.9999975562095642	0.999997615814209	0.999997615814209
candidate	500	7	all_anchor_rows	stored_successor_z	4096	0.9999969601631165	0.9999970197677612	0.9999975562095642	0.9999976754188538	0.9999994039535522
candidate	500	7	anchor0_h	stored_successor_s	6	0.9999999403953552	0.9999999403953552	0.9999999403953552	0.9999999403953552	0.9999999403953552
candidate	500	7	anchor0_non_h	stored_successor_s	250	0.9999999403953552	0.9999998807907104	1.0	1.0	1.0
candidate	500	7	h_rows_other_anchors	stored_successor_s	90	1.0	0.9999998807907104	1.0	1.0	1.0000001192092896
candidate	500	7	all_anchor_rows	stored_successor_s	4096	1.0	0.9999998807907104	1.0	1.0	1.0000001192092896
candidate	500	8	anchor0_h	rotated_z	6	0.9999963641166687	0.9999963641166687	0.9999963641166687	0.9999963641166687	0.9999963641166687
candidate	500	8	anchor0_non_h	rotated_z	250	0.999997079372406	0.9999970197677612	0.9999976754188538	0.9999991059303284	0.9999991059303284
candidate	500	8	h_rows_other_anchors	rotated_z	90	0.9999970197677612	0.999997079372406	0.9999975562095642	0.9999975562095642	0.999997615814209
candidate	500	8	all_anchor_rows	rotated_z	4096	0.9999969601631165	0.9999970197677612	0.9999975562095642	0.9999976754188538	0.9999994039535522
candidate	500	8	anchor0_h	rotated_s	6	0.9999999403953552	0.9999998807907104	0.9999998807907104	0.9999998807907104	0.9999998807907104
candidate	500	8	anchor0_non_h	rotated_s	250	0.9999999403953552	0.9999999403953552	1.0	1.0	1.0
candidate	500	8	h_rows_other_anchors	rotated_s	90	1.0	0.9999998807907104	1.0	1.0	1.0000001192092896
candidate	500	8	all_anchor_rows	rotated_s	4096	1.0	0.9999998807907104	1.0	1.0	1.0000001192092896
candidate	500	8	anchor0_h	prior_p	6	0.34871867299079895	0.34871867299079895	0.34871867299079895	0.34871867299079895	0.34871867299079895
candidate	500	8	anchor0_non_h	prior_p	250	0.34904223680496216	0.34764862060546875	0.3615717887878418	0.45212894678115845	0.45212894678115845
candidate	500	8	h_rows_other_anchors	prior_p	90	0.3471570611000061	0.34744033217430115	0.35706648230552673	0.3607282042503357	0.36592695116996765
candidate	500	8	all_anchor_rows	prior_p	4096	0.3472839593887329	0.34699246287345886	0.35743656754493713	0.36548250913619995	0.45212894678115845
candidate	500	8	anchor0_h	innovation_w	6	1.955360770225525	1.9553608894348145	1.9553608894348145	1.9553608894348145	1.9553608894348145
candidate	500	8	anchor0_non_h	innovation_w	250	1.927620530128479	1.8678245544433594	2.1001510620117188	3.291461229324341	3.291461229324341
candidate	500	8	h_rows_other_anchors	innovation_w	90	1.9077906608581543	1.903273105621338	2.000096321105957	2.0927586555480957	2.1866557598114014
candidate	500	8	all_anchor_rows	innovation_w	4096	1.9111862182617188	1.9016618728637695	2.0047974586486816	2.157883882522583	3.291461229324341
candidate	500	8	anchor0_h	raw_successor_z	6	0.3946319818496704	0.3946319818496704	0.3946319818496704	0.3946319818496704	0.3946319818496704
candidate	500	8	anchor0_non_h	raw_successor_z	250	0.39621031284332275	0.3909505605697632	0.42312031984329224	0.7142232656478882	0.7142232656478882
candidate	500	8	h_rows_other_anchors	raw_successor_z	90	0.3904397189617157	0.3903769254684448	0.4141848385334015	0.4228702783584595	0.43244871497154236
candidate	500	8	all_anchor_rows	raw_successor_z	4096	0.3908235728740692	0.3896023631095886	0.414652943611145	0.4324497878551483	0.7142232656478882
candidate	500	8	anchor0_h	raw_updated_s	6	2.9548966884613037	2.9548966884613037	2.9548966884613037	2.9548966884613037	2.9548966884613037
candidate	500	8	anchor0_non_h	raw_updated_s	250	2.9267690181732178	2.8669376373291016	3.099647283554077	4.284336090087891	4.284336090087891
candidate	500	8	h_rows_other_anchors	raw_updated_s	90	2.907061815261841	2.902400016784668	2.999176025390625	3.0923328399658203	3.1861953735351562
candidate	500	8	all_anchor_rows	raw_updated_s	4096	2.9104361534118652	2.900880813598633	3.0038976669311523	3.157445192337036	4.284336090087891
candidate	500	8	anchor0_h	z_boundary_denominator	6	0.3946332633495331	0.3946332633495331	0.3946332633495331	0.3946332633495331	0.3946332633495331
candidate	500	8	anchor0_non_h	z_boundary_denominator	250	0.3962115943431854	0.39095184206962585	0.42312151193618774	0.7142239809036255	0.7142239809036255
candidate	500	8	h_rows_other_anchors	z_boundary_denominator	90	0.39044106006622314	0.3903782367706299	0.4141860604286194	0.422871470451355	0.4324498474597931
candidate	500	8	all_anchor_rows	z_boundary_denominator	4096	0.3908248841762543	0.3896036744117737	0.4146541357040405	0.43245092034339905	0.7142239809036255
candidate	500	8	anchor0_h	s_boundary_denominator	6	2.954896926879883	2.954896926879883	2.954896926879883	2.954896926879883	2.954896926879883
candidate	500	8	anchor0_non_h	s_boundary_denominator	250	2.9267690181732178	2.8669376373291016	3.0996475219726562	4.284336566925049	4.284336566925049
candidate	500	8	h_rows_other_anchors	s_boundary_denominator	90	2.90706205368042	2.902400493621826	2.999176263809204	3.0923330783843994	3.1861956119537354
candidate	500	8	all_anchor_rows	s_boundary_denominator	4096	2.9104366302490234	2.900881052017212	3.0038976669311523	3.1574454307556152	4.284336566925049
candidate	500	8	anchor0_h	stored_successor_z	6	0.9999967217445374	0.9999967217445374	0.9999967217445374	0.9999967217445374	0.9999967217445374
candidate	500	8	anchor0_non_h	stored_successor_z	250	0.9999967217445374	0.9999967813491821	0.9999971985816956	0.9999990463256836	0.9999990463256836
candidate	500	8	h_rows_other_anchors	stored_successor_z	90	0.9999966025352478	0.9999966621398926	0.999997079372406	0.9999971389770508	0.9999973177909851
candidate	500	8	all_anchor_rows	stored_successor_z	4096	0.9999967217445374	0.9999966621398926	0.999997079372406	0.9999973773956299	0.9999990463256836
candidate	500	8	anchor0_h	stored_successor_s	6	0.9999999403953552	0.9999998807907104	0.9999998807907104	0.9999998807907104	0.9999998807907104
candidate	500	8	anchor0_non_h	stored_successor_s	250	0.9999999403953552	0.9999998807907104	1.0	1.0	1.0
candidate	500	8	h_rows_other_anchors	stored_successor_s	90	0.9999999403953552	0.9999998807907104	1.0	1.0	1.0
candidate	500	8	all_anchor_rows	stored_successor_s	4096	1.0	0.9999998807907104	1.0	1.0	1.0000001192092896
candidate	500	9	anchor0_h	rotated_z	6	0.9999967217445374	0.9999967217445374	0.9999967217445374	0.9999967217445374	0.9999967217445374
candidate	500	9	anchor0_non_h	rotated_z	250	0.9999967217445374	0.9999967217445374	0.9999971985816956	0.9999989867210388	0.9999989867210388
candidate	500	9	h_rows_other_anchors	rotated_z	90	0.9999966025352478	0.9999966621398926	0.999997079372406	0.9999971389770508	0.9999973177909851
candidate	500	9	all_anchor_rows	rotated_z	4096	0.9999967217445374	0.9999966621398926	0.999997079372406	0.9999973773956299	0.9999989867210388
candidate	500	9	anchor0_h	rotated_s	6	0.9999999403953552	0.9999998807907104	0.9999998807907104	0.9999998807907104	0.9999998807907104
candidate	500	9	anchor0_non_h	rotated_s	250	0.9999999403953552	0.9999998807907104	1.0	1.0	1.0
candidate	500	9	h_rows_other_anchors	rotated_s	90	0.9999999403953552	0.9999998807907104	1.0	1.0	1.0
candidate	500	9	all_anchor_rows	rotated_s	4096	1.0	0.9999998807907104	1.0	1.0	1.0000001192092896
candidate	500	9	anchor0_h	prior_p	6	0.34920525550842285	0.34920525550842285	0.34920525550842285	0.34920525550842285	0.34920525550842285
candidate	500	9	anchor0_non_h	prior_p	250	0.34223538637161255	0.34119734168052673	0.3500611186027527	0.3773514926433563	0.3773514926433563
candidate	500	9	h_rows_other_anchors	prior_p	90	0.34263870120048523	0.34100019931793213	0.3511846661567688	0.35537025332450867	0.3585924506187439
candidate	500	9	all_anchor_rows	prior_p	4096	0.3431296646595001	0.3415437936782837	0.3530827760696411	0.3585931062698364	0.3773514926433563
candidate	500	9	anchor0_h	innovation_w	6	1.9583946466445923	1.9583946466445923	1.9583946466445923	1.9583946466445923	1.9583946466445923
candidate	500	9	anchor0_non_h	innovation_w	250	1.8750985860824585	1.8557720184326172	2.001600742340088	2.187730312347412	2.187730312347412
candidate	500	9	h_rows_other_anchors	innovation_w	90	1.88392972946167	1.8606772422790527	2.0030517578125	2.0364129543304443	2.039273738861084
candidate	500	9	all_anchor_rows	innovation_w	4096	1.890359878540039	1.8714104890823364	2.017932415008545	2.0809381008148193	2.3055267333984375
candidate	500	9	anchor0_h	raw_successor_z	6	0.3933089077472687	0.39330893754959106	0.39330893754959106	0.39330893754959106	0.39330893754959106
candidate	500	9	anchor0_non_h	raw_successor_z	250	0.3778510093688965	0.37533026933670044	0.3960999846458435	0.4633121192455292	0.4633121192455292
candidate	500	9	h_rows_other_anchors	raw_successor_z	90	0.3784272074699402	0.37366193532943726	0.3979944884777069	0.40953555703163147	0.4179861545562744
candidate	500	9	all_anchor_rows	raw_successor_z	4096	0.37956517934799194	0.37473419308662415	0.40256211161613464	0.4159857928752899	0.4633121192455292
candidate	500	9	anchor0_h	raw_updated_s	6	2.9580509662628174	2.9580509662628174	2.9580509662628174	2.9580509662628174	2.9580509662628174
candidate	500	9	anchor0_non_h	raw_updated_s	250	2.8744306564331055	2.8550517559051514	3.000729560852051	3.185063600540161	3.185063600540161
candidate	500	9	h_rows_other_anchors	raw_updated_s	90	2.8833560943603516	2.860265016555786	3.002302885055542	3.035957098007202	3.0386905670166016
candidate	500	9	all_anchor_rows	raw_updated_s	4096	2.8897876739501953	2.871065855026245	3.017456293106079	3.080455780029297	3.304838180541992
candidate	500	9	anchor0_h	z_boundary_denominator	6	0.39331021904945374	0.39331021904945374	0.39331021904945374	0.39331021904945374	0.39331021904945374
candidate	500	9	anchor0_non_h	z_boundary_denominator	250	0.37785226106643677	0.3753315806388855	0.3961012363433838	0.46331319212913513	0.46331319212913513
candidate	500	9	h_rows_other_anchors	z_boundary_denominator	90	0.37842857837677	0.3736632764339447	0.3979957401752472	0.40953677892684937	0.4179873466491699
candidate	500	9	all_anchor_rows	z_boundary_denominator	4096	0.379566490650177	0.3747355341911316	0.40256333351135254	0.4159869849681854	0.46331319212913513
candidate	500	9	anchor0_h	s_boundary_denominator	6	2.9580509662628174	2.9580509662628174	2.9580509662628174	2.9580509662628174	2.9580509662628174
candidate	500	9	anchor0_non_h	s_boundary_denominator	250	2.8744308948516846	2.8550519943237305	3.000729560852051	3.185063600540161	3.185063600540161
candidate	500	9	h_rows_other_anchors	s_boundary_denominator	90	2.8833563327789307	2.8602652549743652	3.002303123474121	3.0359573364257812	3.0386908054351807
candidate	500	9	all_anchor_rows	s_boundary_denominator	4096	2.8897879123687744	2.871066093444824	3.017456531524658	3.080456018447876	3.304838180541992
candidate	500	9	anchor0_h	stored_successor_z	6	0.9999967217445374	0.9999967813491821	0.9999967813491821	0.9999967813491821	0.9999967813491821
candidate	500	9	anchor0_non_h	stored_successor_z	250	0.9999964237213135	0.9999964237213135	0.9999968409538269	0.999997615814209	0.999997615814209
candidate	500	9	h_rows_other_anchors	stored_successor_z	90	0.999996542930603	0.9999964237213135	0.9999968409538269	0.9999970197677612	0.9999971985816956
candidate	500	9	all_anchor_rows	stored_successor_z	4096	0.9999964237213135	0.9999964237213135	0.9999969005584717	0.999997079372406	0.999997615814209
candidate	500	9	anchor0_h	stored_successor_s	6	1.0	1.0	1.0	1.0	1.0
candidate	500	9	anchor0_non_h	stored_successor_s	250	0.9999999403953552	0.9999998807907104	1.0	1.0	1.0
candidate	500	9	h_rows_other_anchors	stored_successor_s	90	1.0	0.9999998807907104	1.0	1.0000001192092896	1.0000001192092896
candidate	500	9	all_anchor_rows	stored_successor_s	4096	1.0	0.9999998807907104	1.0	1.0	1.0000001192092896
candidate	500	10	anchor0_h	rotated_z	6	0.9999967217445374	0.9999967217445374	0.9999967217445374	0.9999967217445374	0.9999967217445374
candidate	500	10	anchor0_non_h	rotated_z	250	0.9999964237213135	0.9999964237213135	0.9999968409538269	0.999997615814209	0.999997615814209
candidate	500	10	h_rows_other_anchors	rotated_z	90	0.999996542930603	0.9999964237213135	0.9999968409538269	0.9999970197677612	0.9999971985816956
candidate	500	10	all_anchor_rows	rotated_z	4096	0.9999964237213135	0.9999964237213135	0.9999969005584717	0.999997079372406	0.999997615814209
candidate	500	10	anchor0_h	rotated_s	6	0.9999999403953552	0.9999999403953552	0.9999999403953552	0.9999999403953552	0.9999999403953552
candidate	500	10	anchor0_non_h	rotated_s	250	0.9999999403953552	0.9999998807907104	1.0	1.0	1.0
candidate	500	10	h_rows_other_anchors	rotated_s	90	1.0	0.9999998807907104	1.0	1.0	1.0000001192092896
candidate	500	10	all_anchor_rows	rotated_s	4096	1.0	0.9999998807907104	1.0	1.0	1.0000001192092896
candidate	500	10	anchor0_h	prior_p	6	0.34720003604888916	0.34720003604888916	0.34720003604888916	0.34720003604888916	0.34720003604888916
candidate	500	10	anchor0_non_h	prior_p	250	0.3462155759334564	0.3455468714237213	0.3565448522567749	0.3598989248275757	0.3626047372817993
candidate	500	10	h_rows_other_anchors	prior_p	90	0.34700632095336914	0.3452254831790924	0.35623297095298767	0.35791563987731934	0.35804155468940735
candidate	500	10	all_anchor_rows	prior_p	4096	0.3472398519515991	0.346236914396286	0.3563734292984009	0.3592144548892975	0.36630916595458984
candidate	500	10	anchor0_h	innovation_w	6	1.9187217950820923	1.9187216758728027	1.9187216758728027	1.9187216758728027	1.9187216758728027
candidate	500	10	anchor0_non_h	innovation_w	250	1.9339677095413208	1.9284392595291138	2.0426061153411865	2.088576555252075	2.1142261028289795
candidate	500	10	h_rows_other_anchors	innovation_w	90	1.9413021802902222	1.9310886859893799	2.0427439212799072	2.077099323272705	2.078740358352661
candidate	500	10	all_anchor_rows	innovation_w	4096	1.9425512552261353	1.935186743736267	2.042987823486328	2.0839078426361084	2.186176061630249
candidate	500	10	anchor0_h	raw_successor_z	6	0.39054858684539795	0.39054858684539795	0.39054858684539795	0.39054858684539795	0.39054858684539795
candidate	500	10	anchor0_non_h	raw_successor_z	250	0.3870312571525574	0.3857184648513794	0.41213586926460266	0.4203492999076843	0.4261360466480255
candidate	500	10	h_rows_other_anchors	raw_successor_z	90	0.38897159695625305	0.38400349020957947	0.4114014506340027	0.41412293910980225	0.41428181529045105
candidate	500	10	all_anchor_rows	raw_successor_z	4096	0.3895830810070038	0.3868652582168579	0.41139474511146545	0.4186237156391144	0.43662863969802856
candidate	500	10	anchor0_h	raw_updated_s	6	2.918372869491577	2.918372631072998	2.918372631072998	2.918372631072998	2.918372631072998
candidate	500	10	anchor0_non_h	raw_updated_s	250	2.933345079421997	2.9274418354034424	3.0422165393829346	3.0881569385528564	3.113718271255493
candidate	500	10	h_rows_other_anchors	raw_updated_s	90	2.940732479095459	2.9307496547698975	3.0423543453216553	3.0765864849090576	3.078294277191162
candidate	500	10	all_anchor_rows	raw_updated_s	4096	2.9419803619384766	2.9346728324890137	3.042597770690918	3.0833635330200195	3.1857006549835205
candidate	500	10	anchor0_h	z_boundary_denominator	6	0.3905498683452606	0.3905498683452606	0.3905498683452606	0.3905498683452606	0.3905498683452606
candidate	500	10	anchor0_non_h	z_boundary_denominator	250	0.38703256845474243	0.38571977615356445	0.41213709115982056	0.42035049200057983	0.42613720893859863
candidate	500	10	h_rows_other_anchors	z_boundary_denominator	90	0.3889729082584381	0.38400477170944214	0.4114026725292206	0.41412416100502014	0.41428303718566895
candidate	500	10	all_anchor_rows	z_boundary_denominator	4096	0.38958436250686646	0.3868665397167206	0.41139596700668335	0.4186249077320099	0.4366297721862793
candidate	500	10	anchor0_h	s_boundary_denominator	6	2.918372869491577	2.918372631072998	2.918372631072998	2.918372631072998	2.918372631072998
candidate	500	10	anchor0_non_h	s_boundary_denominator	250	2.933345079421997	2.9274420738220215	3.0422167778015137	3.0881571769714355	3.113718271255493
candidate	500	10	h_rows_other_anchors	s_boundary_denominator	90	2.940732479095459	2.9307498931884766	3.0423543453216553	3.0765864849090576	3.078294277191162
candidate	500	10	all_anchor_rows	s_boundary_denominator	4096	2.9419806003570557	2.9346728324890137	3.042598247528076	3.0833637714385986	3.1857008934020996
candidate	500	10	anchor0_h	stored_successor_z	6	0.9999967217445374	0.9999967217445374	0.9999967217445374	0.9999967217445374	0.9999967217445374
candidate	500	10	anchor0_non_h	stored_successor_z	250	0.9999966025352478	0.9999966621398926	0.9999970197677612	0.999997079372406	0.9999972581863403
candidate	500	10	h_rows_other_anchors	stored_successor_z	90	0.9999966025352478	0.9999966025352478	0.9999970197677612	0.999997079372406	0.9999971389770508
candidate	500	10	all_anchor_rows	stored_successor_z	4096	0.9999966621398926	0.9999966621398926	0.9999970197677612	0.9999971389770508	0.9999973773956299
candidate	500	10	anchor0_h	stored_successor_s	6	0.9999999403953552	0.9999998807907104	0.9999998807907104	0.9999998807907104	0.9999998807907104
candidate	500	10	anchor0_non_h	stored_successor_s	250	1.0	1.0	1.0	1.0	1.0
candidate	500	10	h_rows_other_anchors	stored_successor_s	90	1.0	0.9999998807907104	1.0	1.0	1.0
candidate	500	10	all_anchor_rows	stored_successor_s	4096	1.0	0.9999998807907104	1.0	1.0	1.0000001192092896
candidate	500	11	anchor0_h	rotated_z	6	0.9999967217445374	0.9999967217445374	0.9999967217445374	0.9999967217445374	0.9999967217445374
candidate	500	11	anchor0_non_h	rotated_z	250	0.9999966025352478	0.9999966621398926	0.9999970197677612	0.999997079372406	0.9999972581863403
candidate	500	11	h_rows_other_anchors	rotated_z	90	0.9999966025352478	0.9999966025352478	0.9999970197677612	0.999997079372406	0.9999971389770508
candidate	500	11	all_anchor_rows	rotated_z	4096	0.9999966621398926	0.9999966621398926	0.9999970197677612	0.9999971389770508	0.9999973773956299
candidate	500	11	anchor0_h	rotated_s	6	0.9999999403953552	0.9999998807907104	0.9999998807907104	0.9999998807907104	0.9999998807907104
candidate	500	11	anchor0_non_h	rotated_s	250	1.0	0.9999998807907104	1.0	1.0	1.0
candidate	500	11	h_rows_other_anchors	rotated_s	90	1.0	0.9999998807907104	1.0	1.0	1.0
candidate	500	11	all_anchor_rows	rotated_s	4096	1.0	0.9999998807907104	1.0	1.0	1.0000001192092896
candidate	500	11	anchor0_h	prior_p	6	0.3440656363964081	0.3440656363964081	0.3440656363964081	0.3440656363964081	0.3440656363964081
candidate	500	11	anchor0_non_h	prior_p	250	0.3498724699020386	0.3495537042617798	0.35437220335006714	0.35586026310920715	0.3574674129486084
candidate	500	11	h_rows_other_anchors	prior_p	90	0.3495292365550995	0.3502090871334076	0.35256972908973694	0.3555227816104889	0.356668084859848
candidate	500	11	all_anchor_rows	prior_p	4096	0.34928202629089355	0.3497660756111145	0.3529655933380127	0.3554968237876892	0.37209439277648926
candidate	500	11	anchor0_h	innovation_w	6	1.8942314386367798	1.8942314386367798	1.8942314386367798	1.8942314386367798	1.8942314386367798
candidate	500	11	anchor0_non_h	innovation_w	250	1.9698611497879028	1.9612411260604858	2.030452013015747	2.0462543964385986	2.0532116889953613
candidate	500	11	h_rows_other_anchors	innovation_w	90	1.9631905555725098	1.9693653583526611	2.006639242172241	2.026707887649536	2.0281014442443848
candidate	500	11	all_anchor_rows	innovation_w	4096	1.9596354961395264	1.9644391536712646	2.0119762420654297	2.0320510864257812	2.2855281829833984
candidate	500	11	anchor0_h	raw_successor_z	6	0.3819953501224518	0.3819953501224518	0.3819953501224518	0.3819953501224518	0.3819953501224518
candidate	500	11	anchor0_non_h	raw_successor_z	250	0.39541590213775635	0.3950432538986206	0.40594592690467834	0.40983572602272034	0.4140108823776245
candidate	500	11	h_rows_other_anchors	raw_successor_z	90	0.39461544156074524	0.39573076367378235	0.40158286690711975	0.4098413288593292	0.4125235378742218
candidate	500	11	all_anchor_rows	raw_successor_z	4096	0.3940512537956238	0.39484474062919617	0.40277284383773804	0.4090687930583954	0.45203402638435364
candidate	500	11	anchor0_h	raw_updated_s	6	2.893862724304199	2.893862724304199	2.893862724304199	2.893862724304199	2.893862724304199
candidate	500	11	anchor0_non_h	raw_updated_s	250	2.9694039821624756	2.9607691764831543	3.0300402641296387	3.045869827270508	3.0528135299682617
candidate	500	11	h_rows_other_anchors	raw_updated_s	90	2.9627695083618164	2.9688453674316406	3.0062482357025146	3.026238441467285	3.0277349948883057
candidate	500	11	all_anchor_rows	raw_updated_s	4096	2.959218978881836	2.964092254638672	3.011563301086426	3.0316803455352783	3.284024953842163
candidate	500	11	anchor0_h	z_boundary_denominator	6	0.38199666142463684	0.38199666142463684	0.38199666142463684	0.38199666142463684	0.38199666142463684
candidate	500	11	anchor0_non_h	z_boundary_denominator	250	0.3954172432422638	0.3950445353984833	0.40594717860221863	0.40983694791793823	0.41401207447052
candidate	500	11	h_rows_other_anchors	z_boundary_denominator	90	0.3946166932582855	0.395732045173645	0.40158408880233765	0.4098425507545471	0.4125247597694397
candidate	500	11	all_anchor_rows	z_boundary_denominator	4096	0.39405253529548645	0.39484602212905884	0.40277406573295593	0.4090700149536133	0.452035129070282
candidate	500	11	anchor0_h	s_boundary_denominator	6	2.8938629627227783	2.8938629627227783	2.8938629627227783	2.8938629627227783	2.8938629627227783
candidate	500	11	anchor0_non_h	s_boundary_denominator	250	2.9694042205810547	2.9607694149017334	3.0300402641296387	3.045870065689087	3.0528135299682617
candidate	500	11	h_rows_other_anchors	s_boundary_denominator	90	2.9627695083618164	2.9688453674316406	3.0062482357025146	3.026238441467285	3.0277352333068848
candidate	500	11	all_anchor_rows	s_boundary_denominator	4096	2.959219217300415	2.964092254638672	3.011563539505005	3.0316805839538574	3.284025192260742
candidate	500	11	anchor0_h	stored_successor_z	6	0.9999966025352478	0.999996542930603	0.999996542930603	0.999996542930603	0.999996542930603
candidate	500	11	anchor0_non_h	stored_successor_z	250	0.9999967813491821	0.9999968409538269	0.9999970197677612	0.999997079372406	0.999997079372406
candidate	500	11	h_rows_other_anchors	stored_successor_z	90	0.9999967217445374	0.9999967813491821	0.9999969005584717	0.9999970197677612	0.999997079372406
candidate	500	11	all_anchor_rows	stored_successor_z	4096	0.9999969005584717	0.9999967813491821	0.9999969005584717	0.9999970197677612	0.9999974966049194
candidate	500	11	anchor0_h	stored_successor_s	6	0.9999999403953552	0.9999998807907104	0.9999998807907104	0.9999998807907104	0.9999998807907104
candidate	500	11	anchor0_non_h	stored_successor_s	250	1.0	0.9999998807907104	1.0	1.0	1.0
candidate	500	11	h_rows_other_anchors	stored_successor_s	90	0.9999999403953552	0.9999998807907104	0.9999999403953552	1.0	1.0
candidate	500	11	all_anchor_rows	stored_successor_s	4096	1.0	0.9999998807907104	1.0	1.0	1.0000001192092896
candidate	500	12	anchor0_h	rotated_z	6	0.9999964833259583	0.9999964833259583	0.9999964833259583	0.9999964833259583	0.9999964833259583
candidate	500	12	anchor0_non_h	rotated_z	250	0.9999967813491821	0.9999968409538269	0.9999970197677612	0.999997079372406	0.999997079372406
candidate	500	12	h_rows_other_anchors	rotated_z	90	0.9999967217445374	0.9999968409538269	0.9999969005584717	0.9999970197677612	0.9999970197677612
candidate	500	12	all_anchor_rows	rotated_z	4096	0.9999969005584717	0.9999967813491821	0.9999969005584717	0.9999970197677612	0.9999975562095642
candidate	500	12	anchor0_h	rotated_s	6	0.9999999403953552	0.9999998807907104	0.9999998807907104	0.9999998807907104	0.9999998807907104
candidate	500	12	anchor0_non_h	rotated_s	250	0.9999999403953552	0.9999998807907104	0.9999999403953552	1.0	1.0
candidate	500	12	h_rows_other_anchors	rotated_s	90	0.9999999403953552	0.9999998807907104	1.0	1.0	1.0
candidate	500	12	all_anchor_rows	rotated_s	4096	1.0	0.9999998807907104	1.0	1.0	1.0
candidate	500	12	anchor0_h	prior_p	6	0.34545329213142395	0.34545332193374634	0.34545332193374634	0.34545332193374634	0.34545332193374634
candidate	500	12	anchor0_non_h	prior_p	250	0.34883543848991394	0.34957239031791687	0.3523872196674347	0.3566931486129761	0.3566931486129761
candidate	500	12	h_rows_other_anchors	prior_p	90	0.3481006622314453	0.34976333379745483	0.35221919417381287	0.3525504469871521	0.3526195287704468
candidate	500	12	all_anchor_rows	prior_p	4096	0.34789013862609863	0.3488312363624573	0.35236942768096924	0.35284772515296936	0.3681921362876892
candidate	500	12	anchor0_h	innovation_w	6	1.914549469947815	1.914549469947815	1.914549469947815	1.914549469947815	1.914549469947815
candidate	500	12	anchor0_non_h	innovation_w	250	1.9441777467727661	1.9411234855651855	1.990156650543213	2.077270984649658	2.077270984649658
candidate	500	12	h_rows_other_anchors	innovation_w	90	1.9355095624923706	1.9573354721069336	1.9890810251235962	1.9919124841690063	1.9922071695327759
candidate	500	12	all_anchor_rows	innovation_w	4096	1.9334347248077393	1.9457546472549438	1.9902912378311157	1.9989473819732666	2.148036003112793
candidate	500	12	anchor0_h	raw_successor_z	6	0.38564833998680115	0.38564833998680115	0.38564833998680115	0.38564833998680115	0.38564833998680115
candidate	500	12	anchor0_non_h	raw_successor_z	250	0.3936160206794739	0.39444464445114136	0.40206387639045715	0.41099855303764343	0.41099855303764343
candidate	500	12	h_rows_other_anchors	raw_successor_z	90	0.39193451404571533	0.39589452743530273	0.40135759115219116	0.4021826982498169	0.4023875892162323
candidate	500	12	all_anchor_rows	raw_successor_z	4096	0.39145180583000183	0.39333564043045044	0.40173423290252686	0.402824729681015	0.4440079629421234
candidate	500	12	anchor0_h	raw_updated_s	6	2.91414737701416	2.91414737701416	2.91414737701416	2.91414737701416	2.91414737701416
candidate	500	12	anchor0_non_h	raw_updated_s	250	2.9438023567199707	2.9407780170440674	2.9898054599761963	3.0766780376434326	3.0766780376434326
candidate	500	12	h_rows_other_anchors	raw_updated_s	90	2.9351446628570557	2.956864356994629	2.9887266159057617	2.9915592670440674	2.9918551445007324
candidate	500	12	all_anchor_rows	raw_updated_s	4096	2.9330644607543945	2.9453799724578857	2.989938259124756	2.9985876083374023	3.147115468978882
candidate	500	12	anchor0_h	z_boundary_denominator	6	0.3856496512889862	0.3856496512889862	0.3856496512889862	0.3856496512889862	0.3856496512889862
candidate	500	12	anchor0_non_h	z_boundary_denominator	250	0.39361733198165894	0.39444589614868164	0.40206512808799744	0.41099977493286133	0.41099977493286133
candidate	500	12	h_rows_other_anchors	z_boundary_denominator	90	0.3919357657432556	0.395895779132843	0.40135884284973145	0.4021839499473572	0.4023888409137726
candidate	500	12	all_anchor_rows	z_boundary_denominator	4096	0.3914530873298645	0.3933368921279907	0.40173548460006714	0.4028259813785553	0.44400906562805176
candidate	500	12	anchor0_h	s_boundary_denominator	6	2.91414737701416	2.91414737701416	2.91414737701416	2.91414737701416	2.91414737701416
candidate	500	12	anchor0_non_h	s_boundary_denominator	250	2.94380259513855	2.9407782554626465	2.9898056983947754	3.0766782760620117	3.0766782760620117
candidate	500	12	h_rows_other_anchors	s_boundary_denominator	90	2.935145139694214	2.956864356994629	2.988726854324341	2.9915592670440674	2.9918551445007324
candidate	500	12	all_anchor_rows	s_boundary_denominator	4096	2.9330646991729736	2.945380210876465	2.989938497543335	2.9985878467559814	3.147115707397461
candidate	500	12	anchor0_h	stored_successor_z	6	0.9999966621398926	0.9999966621398926	0.9999966621398926	0.9999966621398926	0.9999966621398926
candidate	500	12	anchor0_non_h	stored_successor_z	250	0.9999967813491821	0.9999967217445374	0.9999969005584717	0.999997079372406	0.999997079372406
candidate	500	12	h_rows_other_anchors	stored_successor_z	90	0.9999966025352478	0.9999967813491821	0.9999969005584717	0.9999970197677612	0.9999970197677612
candidate	500	12	all_anchor_rows	stored_successor_z	4096	0.9999968409538269	0.9999967217445374	0.9999969005584717	0.9999970197677612	0.9999973773956299
candidate	500	12	anchor0_h	stored_successor_s	6	0.9999998211860657	0.9999998211860657	0.9999998211860657	0.9999998211860657	0.9999998211860657
candidate	500	12	anchor0_non_h	stored_successor_s	250	0.9999999403953552	0.9999998807907104	1.0	1.0	1.0
candidate	500	12	h_rows_other_anchors	stored_successor_s	90	1.0	0.9999998807907104	1.0	1.0	1.0
candidate	500	12	all_anchor_rows	stored_successor_s	4096	1.0	0.9999998807907104	1.0	1.0	1.0000001192092896
candidate	500	13	anchor0_h	rotated_z	6	0.9999966621398926	0.9999966621398926	0.9999966621398926	0.9999966621398926	0.9999966621398926
candidate	500	13	anchor0_non_h	rotated_z	250	0.9999967813491821	0.9999967217445374	0.9999969005584717	0.999997079372406	0.999997079372406
candidate	500	13	h_rows_other_anchors	rotated_z	90	0.9999966025352478	0.9999967813491821	0.9999969005584717	0.9999970197677612	0.9999970197677612
candidate	500	13	all_anchor_rows	rotated_z	4096	0.9999968409538269	0.9999967217445374	0.9999969005584717	0.9999970197677612	0.9999974370002747
candidate	500	13	anchor0_h	rotated_s	6	0.9999998211860657	0.9999998211860657	0.9999998211860657	0.9999998211860657	0.9999998211860657
candidate	500	13	anchor0_non_h	rotated_s	250	0.9999999403953552	0.9999998807907104	0.9999999403953552	1.0	1.0
candidate	500	13	h_rows_other_anchors	rotated_s	90	1.0	0.9999998807907104	1.0	1.0	1.0
candidate	500	13	all_anchor_rows	rotated_s	4096	1.0	0.9999998807907104	1.0	1.0	1.0000001192092896
candidate	500	13	anchor0_h	prior_p	6	0.347016841173172	0.347016841173172	0.347016841173172	0.347016841173172	0.347016841173172
candidate	500	13	anchor0_non_h	prior_p	250	0.3456096053123474	0.34463775157928467	0.3499634861946106	0.35749736428260803	0.35749736428260803
candidate	500	13	h_rows_other_anchors	prior_p	90	0.34540465474128723	0.345328152179718	0.34761402010917664	0.3500215709209442	0.35181108117103577
candidate	500	13	all_anchor_rows	prior_p	4096	0.34544721245765686	0.34535735845565796	0.3476893901824951	0.35044848918914795	0.35749736428260803
candidate	500	13	anchor0_h	innovation_w	6	1.9338876008987427	1.9338877201080322	1.9338877201080322	1.9338877201080322	1.9338877201080322
candidate	500	13	anchor0_non_h	innovation_w	250	1.9069253206253052	1.8992846012115479	1.9612013101577759	2.043489456176758	2.043489456176758
candidate	500	13	h_rows_other_anchors	innovation_w	90	1.9062395095825195	1.9047372341156006	1.933029055595398	1.9621416330337524	1.9883520603179932
candidate	500	13	all_anchor_rows	innovation_w	4096	1.9074068069458008	1.904168963432312	1.9342634677886963	1.9664658308029175	2.043489456176758
candidate	500	13	anchor0_h	raw_successor_z	6	0.38883861899375916	0.38883861899375916	0.38883861899375916	0.38883861899375916	0.38883861899375916
candidate	500	13	anchor0_non_h	raw_successor_z	250	0.3859821856021881	0.3839918375015259	0.39634034037590027	0.41395631432533264	0.41395631432533264
candidate	500	13	h_rows_other_anchors	raw_successor_z	90	0.385425865650177	0.3852123022079468	0.3906775414943695	0.3962514102458954	0.40035104751586914
candidate	500	13	all_anchor_rows	raw_successor_z	4096	0.3854978084564209	0.38528668880462646	0.390860378742218	0.397042453289032	0.41395631432533264
candidate	500	13	anchor0_h	raw_updated_s	6	2.933511734008789	2.933511734008789	2.933511734008789	2.933511734008789	2.933511734008789
candidate	500	13	anchor0_non_h	raw_updated_s	250	2.9065489768981934	2.8988394737243652	2.9608569145202637	3.0430448055267334	3.0430448055267334
candidate	500	13	h_rows_other_anchors	raw_updated_s	90	2.9058611392974854	2.904402256011963	2.9326417446136475	2.961796998977661	2.9879977703094482
candidate	500	13	all_anchor_rows	raw_updated_s	4096	2.9070253372192383	2.9038329124450684	2.933868885040283	2.966118812561035	3.0430448055267334
candidate	500	13	anchor0_h	z_boundary_denominator	6	0.3888399302959442	0.3888399004936218	0.3888399004936218	0.3888399004936218	0.3888399004936218
candidate	500	13	anchor0_non_h	z_boundary_denominator	250	0.3859834671020508	0.38399314880371094	0.39634159207344055	0.41395753622055054	0.41395753622055054
candidate	500	13	h_rows_other_anchors	z_boundary_denominator	90	0.3854271471500397	0.38521361351013184	0.3906788229942322	0.39625266194343567	0.4003522992134094
candidate	500	13	all_anchor_rows	z_boundary_denominator	4096	0.38549908995628357	0.38528797030448914	0.3908616602420807	0.39704370498657227	0.41395753622055054
candidate	500	13	anchor0_h	s_boundary_denominator	6	2.933511734008789	2.933511734008789	2.933511734008789	2.933511734008789	2.933511734008789
candidate	500	13	anchor0_non_h	s_boundary_denominator	250	2.9065494537353516	2.8988397121429443	2.9608571529388428	3.0430450439453125	3.0430450439453125
candidate	500	13	h_rows_other_anchors	s_boundary_denominator	90	2.9058611392974854	2.904402256011963	2.9326417446136475	2.961796998977661	2.9879977703094482
candidate	500	13	all_anchor_rows	s_boundary_denominator	4096	2.9070258140563965	2.9038329124450684	2.933868885040283	2.9661190509796143	3.0430450439453125
candidate	500	13	anchor0_h	stored_successor_z	6	0.9999967217445374	0.9999967217445374	0.9999967217445374	0.9999967217445374	0.9999967217445374
candidate	500	13	anchor0_non_h	stored_successor_z	250	0.9999966025352478	0.9999966621398926	0.9999967217445374	0.9999970197677612	0.9999970197677612
candidate	500	13	h_rows_other_anchors	stored_successor_z	90	0.9999966025352478	0.9999966621398926	0.9999967217445374	0.9999968409538269	0.9999969005584717
candidate	500	13	all_anchor_rows	stored_successor_z	4096	0.9999964237213135	0.9999966621398926	0.9999967217445374	0.9999968409538269	0.9999970197677612
candidate	500	13	anchor0_h	stored_successor_s	6	0.9999999403953552	0.9999999403953552	0.9999999403953552	0.9999999403953552	0.9999999403953552
candidate	500	13	anchor0_non_h	stored_successor_s	250	1.0	0.9999999403953552	1.0	1.0	1.0
candidate	500	13	h_rows_other_anchors	stored_successor_s	90	0.9999999403953552	0.9999998807907104	1.0	1.0	1.0
candidate	500	13	all_anchor_rows	stored_successor_s	4096	1.0	0.9999998807907104	1.0	1.0	1.0000001192092896
candidate	500	14	anchor0_h	rotated_z	6	0.9999967217445374	0.9999967217445374	0.9999967217445374	0.9999967217445374	0.9999967217445374
candidate	500	14	anchor0_non_h	rotated_z	250	0.9999966025352478	0.9999966621398926	0.9999967813491821	0.9999970197677612	0.9999970197677612
candidate	500	14	h_rows_other_anchors	rotated_z	90	0.9999966025352478	0.9999966621398926	0.9999967217445374	0.9999969005584717	0.9999969601631165
candidate	500	14	all_anchor_rows	rotated_z	4096	0.9999964237213135	0.9999966621398926	0.9999967217445374	0.9999968409538269	0.9999970197677612
candidate	500	14	anchor0_h	rotated_s	6	1.0	1.0	1.0	1.0	1.0
candidate	500	14	anchor0_non_h	rotated_s	250	1.0	0.9999998807907104	1.0	1.0	1.0
candidate	500	14	h_rows_other_anchors	rotated_s	90	0.9999999403953552	0.9999998807907104	1.0	1.0	1.0
candidate	500	14	all_anchor_rows	rotated_s	4096	1.0	0.9999998807907104	1.0	1.0	1.0000001192092896
candidate	500	14	anchor0_h	prior_p	6	0.3473905622959137	0.3473905622959137	0.3473905622959137	0.3473905622959137	0.3473905622959137
candidate	500	14	anchor0_non_h	prior_p	250	0.34487318992614746	0.3448719084262848	0.34773021936416626	0.3488706350326538	0.3494223356246948
candidate	500	14	h_rows_other_anchors	prior_p	90	0.34518271684646606	0.34493041038513184	0.3477092683315277	0.34835025668144226	0.34857678413391113
candidate	500	14	all_anchor_rows	prior_p	4096	0.3453381359577179	0.3452286720275879	0.34814196825027466	0.34939664602279663	0.35363638401031494
candidate	500	14	anchor0_h	innovation_w	6	1.9321879148483276	1.9321879148483276	1.9321879148483276	1.9321879148483276	1.9321879148483276
candidate	500	14	anchor0_non_h	innovation_w	250	1.9055784940719604	1.9084889888763428	1.9498695135116577	1.9514435529708862	1.9730244874954224
candidate	500	14	h_rows_other_anchors	innovation_w	90	1.9098759889602661	1.9004709720611572	1.9442977905273438	1.9501148462295532	1.9531762599945068
candidate	500	14	all_anchor_rows	innovation_w	4096	1.9116774797439575	1.9077380895614624	1.9475831985473633	1.9634181261062622	2.009796142578125
candidate	500	14	anchor0_h	raw_successor_z	6	0.3901210129261017	0.3901210129261017	0.3901210129261017	0.3901210129261017	0.3901210129261017
candidate	500	14	anchor0_non_h	raw_successor_z	250	0.3841540217399597	0.3841820955276489	0.39038944244384766	0.393508642911911	0.39440926909446716
candidate	500	14	h_rows_other_anchors	raw_successor_z	90	0.3848576545715332	0.3841366469860077	0.3906651437282562	0.3924240469932556	0.3927123248577118
candidate	500	14	all_anchor_rows	raw_successor_z	4096	0.38522446155548096	0.38507553935050964	0.391603946685791	0.3944357931613922	0.40456071496009827
candidate	500	14	anchor0_h	raw_updated_s	6	2.9318368434906006	2.9318366050720215	2.9318366050720215	2.9318366050720215	2.9318366050720215
candidate	500	14	anchor0_non_h	raw_updated_s	250	2.905177116394043	2.908076763153076	2.949450731277466	2.950986385345459	2.9725847244262695
candidate	500	14	h_rows_other_anchors	raw_updated_s	90	2.9094815254211426	2.9001169204711914	2.9439210891723633	2.9497435092926025	2.952782392501831
candidate	500	14	all_anchor_rows	raw_updated_s	4096	2.9112844467163086	2.9073646068573	2.9471702575683594	2.9630181789398193	3.009438991546631
candidate	500	14	anchor0_h	z_boundary_denominator	6	0.39012229442596436	0.39012229442596436	0.39012229442596436	0.39012229442596436	0.39012229442596436
candidate	500	14	anchor0_non_h	z_boundary_denominator	250	0.3841553330421448	0.384183406829834	0.3903907239437103	0.3935099244117737	0.39441055059432983
candidate	500	14	h_rows_other_anchors	z_boundary_denominator	90	0.38485896587371826	0.38413795828819275	0.3906664252281189	0.3924252986907959	0.3927135765552521
candidate	500	14	all_anchor_rows	z_boundary_denominator	4096	0.385225772857666	0.3850768208503723	0.3916052579879761	0.3944370448589325	0.40456193685531616
candidate	500	14	anchor0_h	s_boundary_denominator	6	2.9318368434906006	2.9318368434906006	2.9318368434906006	2.9318368434906006	2.9318368434906006
candidate	500	14	anchor0_non_h	s_boundary_denominator	250	2.905177354812622	2.9080770015716553	2.949450969696045	2.950986623764038	2.9725849628448486
candidate	500	14	h_rows_other_anchors	s_boundary_denominator	90	2.9094817638397217	2.9001173973083496	2.9439210891723633	2.9497437477111816	2.95278263092041
candidate	500	14	all_anchor_rows	s_boundary_denominator	4096	2.9112844467163086	2.907364845275879	2.9471704959869385	2.9630184173583984	3.009438991546631
candidate	500	14	anchor0_h	stored_successor_z	6	0.9999966621398926	0.9999966621398926	0.9999966621398926	0.9999966621398926	0.9999966621398926
candidate	500	14	anchor0_non_h	stored_successor_z	250	0.9999966025352478	0.9999966621398926	0.9999966621398926	0.9999967813491821	0.9999968409538269
candidate	500	14	h_rows_other_anchors	stored_successor_z	90	0.9999966025352478	0.9999966621398926	0.9999967217445374	0.9999968409538269	0.9999968409538269
candidate	500	14	all_anchor_rows	stored_successor_z	4096	0.9999964237213135	0.9999966621398926	0.9999967217445374	0.9999968409538269	0.9999970197677612
candidate	500	14	anchor0_h	stored_successor_s	6	0.9999998211860657	0.9999997615814209	0.9999997615814209	0.9999997615814209	0.9999997615814209
candidate	500	14	anchor0_non_h	stored_successor_s	250	1.0	0.9999998807907104	1.0	1.0	1.0
candidate	500	14	h_rows_other_anchors	stored_successor_s	90	1.0	0.9999998807907104	1.0	1.0	1.0
candidate	500	14	all_anchor_rows	stored_successor_s	4096	1.0	0.9999998807907104	1.0	1.0	1.0000001192092896
candidate	500	15	anchor0_h	rotated_z	6	0.9999966621398926	0.9999966621398926	0.9999966621398926	0.9999966621398926	0.9999966621398926
candidate	500	15	anchor0_non_h	rotated_z	250	0.9999966025352478	0.9999966025352478	0.9999966621398926	0.9999967813491821	0.9999968409538269
candidate	500	15	h_rows_other_anchors	rotated_z	90	0.9999966025352478	0.9999966621398926	0.9999967217445374	0.9999968409538269	0.9999968409538269
candidate	500	15	all_anchor_rows	rotated_z	4096	0.9999964237213135	0.9999966621398926	0.9999967217445374	0.9999968409538269	0.9999969601631165
candidate	500	15	anchor0_h	rotated_s	6	0.9999997019767761	0.9999997019767761	0.9999997019767761	0.9999997019767761	0.9999997019767761
candidate	500	15	anchor0_non_h	rotated_s	250	1.0	0.9999998807907104	1.0	1.0	1.0
candidate	500	15	h_rows_other_anchors	rotated_s	90	1.0	0.9999998807907104	1.0	1.0	1.0
candidate	500	15	all_anchor_rows	rotated_s	4096	1.0	0.9999998807907104	1.0	1.0	1.0000001192092896
candidate	500	15	anchor0_h	prior_p	6	0.3462670147418976	0.34626704454421997	0.34626704454421997	0.34626704454421997	0.34626704454421997
candidate	500	15	anchor0_non_h	prior_p	250	0.34631431102752686	0.3460620939731598	0.3490523397922516	0.34982937574386597	0.3505428433418274
candidate	500	15	h_rows_other_anchors	prior_p	90	0.3465273082256317	0.34627243876457214	0.348919153213501	0.3495725989341736	0.34959080815315247
candidate	500	15	all_anchor_rows	prior_p	4096	0.34656164050102234	0.3463593125343323	0.34893935918807983	0.34964412450790405	0.35168448090553284
candidate	500	15	anchor0_h	innovation_w	6	1.9184142351150513	1.9184143543243408	1.9184143543243408	1.9184143543243408	1.9184143543243408
candidate	500	15	anchor0_non_h	innovation_w	250	1.9257715940475464	1.9284191131591797	1.9520456790924072	1.962881326675415	1.966399908065796
candidate	500	15	h_rows_other_anchors	innovation_w	90	1.9275712966918945	1.926180362701416	1.9524211883544922	1.9642391204833984	1.9648524522781372
candidate	500	15	all_anchor_rows	innovation_w	4096	1.9275915622711182	1.9272246360778809	1.9522169828414917	1.962881326675415	1.9885988235473633
candidate	500	15	anchor0_h	raw_successor_z	6	0.387380987405777	0.387380987405777	0.387380987405777	0.387380987405777	0.387380987405777
candidate	500	15	anchor0_non_h	raw_successor_z	250	0.3873351216316223	0.3868359923362732	0.3938636779785156	0.39559563994407654	0.39751186966896057
candidate	500	15	h_rows_other_anchors	raw_successor_z	90	0.3878408670425415	0.3870777487754822	0.39345040917396545	0.3949647843837738	0.39511463046073914
candidate	500	15	all_anchor_rows	raw_successor_z	4096	0.3879275918006897	0.38739538192749023	0.39353013038635254	0.3952483534812927	0.39988383650779724
candidate	500	15	anchor0_h	raw_updated_s	6	2.918062925338745	2.918062925338745	2.918062925338745	2.918062925338745	2.918062925338745
candidate	500	15	anchor0_non_h	raw_updated_s	250	2.925373077392578	2.927969455718994	2.9517014026641846	2.9625349044799805	2.966055154800415
candidate	500	15	h_rows_other_anchors	raw_updated_s	90	2.927180290222168	2.925755023956299	2.9520723819732666	2.9638733863830566	2.964477062225342
candidate	500	15	all_anchor_rows	raw_updated_s	4096	2.927201986312866	2.926811695098877	2.951871156692505	2.9625349044799805	2.988243341445923
candidate	500	15	anchor0_h	z_boundary_denominator	6	0.38738226890563965	0.38738226890563965	0.38738226890563965	0.38738226890563965	0.38738226890563965
candidate	500	15	anchor0_non_h	z_boundary_denominator	250	0.387336403131485	0.38683727383613586	0.3938649594783783	0.3955968916416168	0.39751312136650085
candidate	500	15	h_rows_other_anchors	z_boundary_denominator	90	0.3878421485424042	0.38707906007766724	0.3934516906738281	0.3949660658836365	0.3951158821582794
candidate	500	15	all_anchor_rows	z_boundary_denominator	4096	0.38792887330055237	0.3873966932296753	0.3935314118862152	0.395249605178833	0.39988505840301514
candidate	500	15	anchor0_h	s_boundary_denominator	6	2.918063163757324	2.918063163757324	2.918063163757324	2.918063163757324	2.918063163757324
candidate	500	15	anchor0_non_h	s_boundary_denominator	250	2.925373077392578	2.9279696941375732	2.9517014026641846	2.9625351428985596	2.966055393218994
candidate	500	15	h_rows_other_anchors	s_boundary_denominator	90	2.927180290222168	2.925755023956299	2.9520726203918457	2.9638733863830566	2.964477300643921
candidate	500	15	all_anchor_rows	s_boundary_denominator	4096	2.9272022247314453	2.926811933517456	2.951871395111084	2.9625351428985596	2.988243579864502
candidate	500	15	anchor0_h	stored_successor_z	6	0.9999966621398926	0.9999966621398926	0.9999966621398926	0.9999966621398926	0.9999966621398926
candidate	500	15	anchor0_non_h	stored_successor_z	250	0.9999966621398926	0.9999966621398926	0.9999967217445374	0.9999968409538269	0.9999968409538269
candidate	500	15	h_rows_other_anchors	stored_successor_z	90	0.9999966025352478	0.9999966621398926	0.9999967813491821	0.9999968409538269	0.9999968409538269
candidate	500	15	all_anchor_rows	stored_successor_z	4096	0.9999966025352478	0.9999966621398926	0.9999967813491821	0.9999968409538269	0.9999969005584717
candidate	500	15	anchor0_h	stored_successor_s	6	0.9999999403953552	0.9999999403953552	0.9999999403953552	0.9999999403953552	0.9999999403953552
candidate	500	15	anchor0_non_h	stored_successor_s	250	1.0	0.9999998807907104	1.0	1.0	1.0
candidate	500	15	h_rows_other_anchors	stored_successor_s	90	1.0	0.9999998807907104	1.0	1.0	1.0
candidate	500	15	all_anchor_rows	stored_successor_s	4096	1.0	0.9999998807907104	1.0	1.0	1.0
candidate	500	16	anchor0_h	rotated_z	6	0.9999966621398926	0.9999966621398926	0.9999966621398926	0.9999966621398926	0.9999966621398926
candidate	500	16	anchor0_non_h	rotated_z	250	0.9999966621398926	0.9999966621398926	0.9999967217445374	0.9999968409538269	0.9999968409538269
candidate	500	16	h_rows_other_anchors	rotated_z	90	0.9999966025352478	0.9999966621398926	0.9999967813491821	0.9999968409538269	0.9999968409538269
candidate	500	16	all_anchor_rows	rotated_z	4096	0.9999966621398926	0.9999966621398926	0.9999967813491821	0.9999968409538269	0.9999969005584717
candidate	500	16	anchor0_h	rotated_s	6	0.9999999403953552	0.9999998807907104	0.9999998807907104	0.9999998807907104	0.9999998807907104
candidate	500	16	anchor0_non_h	rotated_s	250	0.9999999403953552	0.9999998807907104	1.0	1.0	1.0
candidate	500	16	h_rows_other_anchors	rotated_s	90	1.0	0.9999998807907104	1.0	1.0	1.0
candidate	500	16	all_anchor_rows	rotated_s	4096	1.0	0.9999998807907104	1.0	1.0	1.0
candidate	500	16	anchor0_h	prior_p	6	0.3457827568054199	0.3457827568054199	0.3457827568054199	0.3457827568054199	0.3457827568054199
candidate	500	16	anchor0_non_h	prior_p	250	0.34734413027763367	0.34723857045173645	0.3486820161342621	0.34904637932777405	0.3492407500743866
candidate	500	16	h_rows_other_anchors	prior_p	90	0.347230464220047	0.34734535217285156	0.34820860624313354	0.3486323654651642	0.3486988842487335
candidate	500	16	all_anchor_rows	prior_p	4096	0.34715336561203003	0.3472750186920166	0.34831100702285767	0.34877073764801025	0.3523467183113098
candidate	500	16	anchor0_h	innovation_w	6	1.9146028757095337	1.9146028757095337	1.9146028757095337	1.9146028757095337	1.9146028757095337
candidate	500	16	anchor0_non_h	innovation_w	250	1.9344087839126587	1.9357670545578003	1.9523450136184692	1.9550353288650513	1.9550353288650513
candidate	500	16	h_rows_other_anchors	innovation_w	90	1.932342529296875	1.933122158050537	1.9454997777938843	1.949302077293396	1.9502862691879272
candidate	500	16	all_anchor_rows	innovation_w	4096	1.931274652481079	1.9318430423736572	1.9471533298492432	1.9515355825424194	2.002993106842041
candidate	500	16	anchor0_h	raw_successor_z	6	0.3863060772418976	0.38630610704421997	0.38630610704421997	0.38630610704421997	0.38630610704421997
candidate	500	16	anchor0_non_h	raw_successor_z	250	0.3898444175720215	0.38989144563674927	0.3928948938846588	0.3937724530696869	0.3943423330783844
candidate	500	16	h_rows_other_anchors	raw_successor_z	90	0.38960394263267517	0.38987091183662415	0.39183804392814636	0.3929997384548187	0.39301925897598267
candidate	500	16	all_anchor_rows	raw_successor_z	4096	0.3894326686859131	0.38973915576934814	0.3920508623123169	0.39316919445991516	0.4013187289237976
candidate	500	16	anchor0_h	raw_updated_s	6	2.9142367839813232	2.9142367839813232	2.9142367839813232	2.9142367839813232	2.9142367839813232
candidate	500	16	anchor0_non_h	raw_updated_s	250	2.9340415000915527	2.9353606700897217	2.9519829750061035	2.954681634902954	2.954681634902954
candidate	500	16	h_rows_other_anchors	raw_updated_s	90	2.9319803714752197	2.932743787765503	2.945136785507202	2.9489521980285645	2.949927568435669
candidate	500	16	all_anchor_rows	raw_updated_s	4096	2.930912494659424	2.931492328643799	2.9467926025390625	2.9511771202087402	3.0026142597198486
candidate	500	16	anchor0_h	z_boundary_denominator	6	0.3863074481487274	0.38630741834640503	0.38630741834640503	0.38630741834640503	0.38630741834640503
candidate	500	16	anchor0_non_h	z_boundary_denominator	250	0.38984569907188416	0.38989269733428955	0.3928961753845215	0.39377373456954956	0.39434361457824707
candidate	500	16	h_rows_other_anchors	z_boundary_denominator	90	0.38960519433021545	0.3898721933364868	0.39183932542800903	0.3930010199546814	0.39302054047584534
candidate	500	16	all_anchor_rows	z_boundary_denominator	4096	0.38943395018577576	0.3897404372692108	0.3920521140098572	0.39317044615745544	0.4013199806213379
candidate	500	16	anchor0_h	s_boundary_denominator	6	2.9142370223999023	2.9142370223999023	2.9142370223999023	2.9142370223999023	2.9142370223999023
candidate	500	16	anchor0_non_h	s_boundary_denominator	250	2.934041738510132	2.935360908508301	2.9519832134246826	2.954681873321533	2.954681873321533
candidate	500	16	h_rows_other_anchors	s_boundary_denominator	90	2.9319803714752197	2.932744026184082	2.9451370239257812	2.9489521980285645	2.949927806854248
candidate	500	16	all_anchor_rows	s_boundary_denominator	4096	2.930912494659424	2.931492328643799	2.9467926025390625	2.9511773586273193	3.0026142597198486
candidate	500	16	anchor0_h	stored_successor_z	6	0.9999966621398926	0.9999966621398926	0.9999966621398926	0.9999966621398926	0.9999966621398926
candidate	500	16	anchor0_non_h	stored_successor_z	250	0.9999967217445374	0.9999967217445374	0.9999968409538269	0.9999968409538269	0.9999968409538269
candidate	500	16	h_rows_other_anchors	stored_successor_z	90	0.9999966025352478	0.9999966621398926	0.9999967217445374	0.9999968409538269	0.9999968409538269
candidate	500	16	all_anchor_rows	stored_successor_z	4096	0.9999967813491821	0.9999966621398926	0.9999967217445374	0.9999968409538269	0.9999969005584717
candidate	500	16	anchor0_h	stored_successor_s	6	0.9999999403953552	0.9999998807907104	0.9999998807907104	0.9999998807907104	0.9999998807907104
candidate	500	16	anchor0_non_h	stored_successor_s	250	0.9999999403953552	0.9999998807907104	1.0	1.0	1.0
candidate	500	16	h_rows_other_anchors	stored_successor_s	90	0.9999999403953552	0.9999998807907104	0.9999999403953552	1.0	1.0
candidate	500	16	all_anchor_rows	stored_successor_s	4096	1.0	0.9999998807907104	1.0	1.0	1.0
control	500	0	anchor0_h	raw_encoded_root	6	0.6231162548065186	0.6231162548065186	0.6231162548065186	0.6231162548065186	0.6231162548065186
control	500	0	anchor0_non_h	raw_encoded_root	250	0.5747097730636597	0.5650255084037781	0.6089983582496643	0.738772451877594	1.1627042293548584
control	500	0	h_rows_other_anchors	raw_encoded_root	90	0.5043683648109436	0.5072112083435059	0.5492672324180603	0.5594443082809448	0.5955862998962402
control	500	0	all_anchor_rows	raw_encoded_root	4096	0.5137179493904114	0.5134619474411011	0.5558099150657654	0.6089983582496643	1.1627042293548584
control	500	0	anchor0_h	initialized_recurrent_root	6	0.6231162548065186	0.6231162548065186	0.6231162548065186	0.6231162548065186	0.6231162548065186
control	500	0	anchor0_non_h	initialized_recurrent_root	250	0.5747097730636597	0.5650255084037781	0.6089983582496643	0.738772451877594	1.1627042293548584
control	500	0	h_rows_other_anchors	initialized_recurrent_root	90	0.5043683648109436	0.5072112083435059	0.5492672324180603	0.5594443082809448	0.5955862998962402
control	500	0	all_anchor_rows	initialized_recurrent_root	4096	0.5137179493904114	0.5134619474411011	0.5558099150657654	0.6089983582496643	1.1627042293548584
control	500	0	anchor0_h	initialized_memory	6	0.9992082715034485	0.9992082715034485	0.9992082715034485	0.9992082715034485	0.9992082715034485
control	500	0	anchor0_non_h	initialized_memory	250	0.6672928929328918	0.5886732339859009	0.8193598985671997	1.845160722732544	4.360048770904541
control	500	0	h_rows_other_anchors	initialized_memory	90	0.4824489951133728	0.47501638531684875	0.5412433743476868	0.5823948383331299	0.6425371170043945
control	500	0	all_anchor_rows	initialized_memory	4096	0.4985131323337555	0.478631854057312	0.5617393255233765	0.7960781455039978	4.360048770904541
control	500	1	anchor0_h	rotated_z	6	0.6231162548065186	0.6231162548065186	0.6231162548065186	0.6231162548065186	0.6231162548065186
control	500	1	anchor0_non_h	rotated_z	250	0.5747097730636597	0.5650255084037781	0.6089984178543091	0.7387725114822388	1.1627042293548584
control	500	1	h_rows_other_anchors	rotated_z	90	0.5043683648109436	0.5072112083435059	0.5492672324180603	0.5594443082809448	0.5955862998962402
control	500	1	all_anchor_rows	rotated_z	4096	0.5137179493904114	0.5134619474411011	0.5558099150657654	0.6089984178543091	1.1627042293548584
control	500	1	anchor0_h	rotated_s	6	0.999208390712738	0.9992083311080933	0.9992083311080933	0.9992083311080933	0.9992083311080933
control	500	1	anchor0_non_h	rotated_s	250	0.6672928929328918	0.5886732339859009	0.8193598985671997	1.845160722732544	4.360048770904541
control	500	1	h_rows_other_anchors	rotated_s	90	0.4824489951133728	0.47501635551452637	0.5412433743476868	0.5823948383331299	0.6425371170043945
control	500	1	all_anchor_rows	rotated_s	4096	0.4985131025314331	0.478631854057312	0.5617393255233765	0.7960781455039978	4.360048770904541
control	500	1	anchor0_h	prior_p	6	0.6166314482688904	0.6166313886642456	0.6166313886642456	0.6166313886642456	0.6166313886642456
control	500	1	anchor0_non_h	prior_p	250	0.3833443522453308	0.30845552682876587	0.5085609555244446	1.2032124996185303	4.379361629486084
control	500	1	h_rows_other_anchors	prior_p	90	0.2850639820098877	0.28661009669303894	0.32773783802986145	0.37130239605903625	0.44466790556907654
control	500	1	all_anchor_rows	prior_p	4096	0.2964016795158386	0.29698479175567627	0.337452232837677	0.4971004128456116	4.379361629486084
control	500	1	anchor0_h	innovation_w	6	10.127903938293457	10.127903938293457	10.127903938293457	10.127903938293457	10.127903938293457
control	500	1	anchor0_non_h	innovation_w	250	7.28493070602417	2.450894832611084	6.849421501159668	40.97774887084961	513.4007568359375
control	500	1	h_rows_other_anchors	innovation_w	90	2.1210832595825195	2.145388603210449	2.766291379928589	3.5302956104278564	4.880726337432861
control	500	1	all_anchor_rows	innovation_w	4096	2.5400006771087646	2.249053955078125	2.9561219215393066	6.474262714385986	513.4007568359375
control	500	1	anchor0_h	raw_successor_z	6	4.878737926483154	4.878737926483154	4.878737926483154	4.878737926483154	4.878737926483154
control	500	1	anchor0_non_h	raw_successor_z	250	10.143942832946777	0.6773965358734131	2.6690480709075928	35.91682052612305	1325.5174560546875
control	500	1	h_rows_other_anchors	raw_successor_z	90	0.5449021458625793	0.517385721206665	0.7782133221626282	1.1358109712600708	1.529139757156372
control	500	1	all_anchor_rows	raw_successor_z	4096	1.1772271394729614	0.5683788061141968	0.8488938808441162	2.2715508937835693	1325.5174560546875
control	500	1	anchor0_h	raw_updated_s	6	10.360444068908691	10.360445022583008	10.360445022583008	10.360445022583008	10.360445022583008
control	500	1	anchor0_non_h	raw_updated_s	250	7.470073699951172	2.5982112884521484	7.072209358215332	41.5288200378418	515.6615600585938
control	500	1	h_rows_other_anchors	raw_updated_s	90	2.2290875911712646	2.234083414077759	2.853212594985962	3.6344802379608154	4.953280448913574
control	500	1	all_anchor_rows	raw_updated_s	4096	2.6535842418670654	2.3465607166290283	3.0596375465393066	6.57196569442749	515.6615600585938
control	500	1	anchor0_h	z_boundary_denominator	6	4.8787384033203125	4.8787384033203125	4.8787384033203125	4.8787384033203125	4.8787384033203125
control	500	1	anchor0_non_h	z_boundary_denominator	250	10.143943786621094	0.6773973107337952	2.669048309326172	35.91682052612305	1325.5174560546875
control	500	1	h_rows_other_anchors	z_boundary_denominator	90	0.5449031591415405	0.5173866748809814	0.7782139778137207	1.135811448097229	1.5291401147842407
control	500	1	all_anchor_rows	z_boundary_denominator	4096	1.1772280931472778	0.5683797001838684	0.848894476890564	2.2715511322021484	1325.5174560546875
control	500	1	anchor0_h	s_boundary_denominator	6	10.360444068908691	10.360445022583008	10.360445022583008	10.360445022583008	10.360445022583008
control	500	1	anchor0_non_h	s_boundary_denominator	250	7.470073699951172	2.5982112884521484	7.072209358215332	41.5288200378418	515.6615600585938
control	500	1	h_rows_other_anchors	s_boundary_denominator	90	2.2290878295898438	2.234083652496338	2.853212594985962	3.6344804763793945	4.953280448913574
control	500	1	all_anchor_rows	s_boundary_denominator	4096	2.6535844802856445	2.3465609550476074	3.0596375465393066	6.57196569442749	515.6615600585938
control	500	1	anchor0_h	stored_successor_z	6	0.9999999403953552	0.9999998807907104	0.9999998807907104	0.9999998807907104	0.9999998807907104
control	500	1	anchor0_non_h	stored_successor_z	250	0.9999979138374329	0.9999988675117493	0.9999998211860657	1.0	1.0
control	500	1	h_rows_other_anchors	stored_successor_z	90	0.9999971389770508	0.9999980926513672	0.9999991059303284	0.9999995827674866	0.9999997019767761
control	500	1	all_anchor_rows	stored_successor_z	4096	0.9999971389770508	0.9999983906745911	0.9999992847442627	0.9999998807907104	1.0
control	500	1	anchor0_h	stored_successor_s	6	1.0	1.0	1.0	1.0	1.0
control	500	1	anchor0_non_h	stored_successor_s	250	0.9999999403953552	0.9999998807907104	1.0	1.0	1.0000001192092896
control	500	1	h_rows_other_anchors	stored_successor_s	90	0.9999999403953552	0.9999998807907104	0.9999999403953552	1.0	1.0
control	500	1	all_anchor_rows	stored_successor_s	4096	1.0	0.9999998807907104	1.0	1.0	1.0000001192092896
control	500	2	anchor0_h	rotated_z	6	0.9999999403953552	0.9999998807907104	0.9999998807907104	0.9999998807907104	0.9999998807907104
control	500	2	anchor0_non_h	rotated_z	250	0.9999979138374329	0.9999988675117493	0.9999998807907104	1.0	1.0
control	500	2	h_rows_other_anchors	rotated_z	90	0.9999970197677612	0.9999980926513672	0.9999991059303284	0.9999995827674866	0.9999997019767761
control	500	2	all_anchor_rows	rotated_z	4096	0.9999971389770508	0.9999983906745911	0.9999992847442627	0.9999998807907104	1.0
control	500	2	anchor0_h	rotated_s	6	1.0	1.0	1.0	1.0	1.0
control	500	2	anchor0_non_h	rotated_s	250	0.9999999403953552	0.9999998807907104	1.0	1.0	1.0000001192092896
control	500	2	h_rows_other_anchors	rotated_s	90	0.9999999403953552	0.9999998807907104	0.9999999403953552	1.0	1.0
control	500	2	all_anchor_rows	rotated_s	4096	1.0	0.9999998807907104	1.0	1.0	1.0000001192092896
control	500	2	anchor0_h	prior_p	6	0.6263971924781799	0.6263971924781799	0.6263971924781799	0.6263971924781799	0.6263971924781799
control	500	2	anchor0_non_h	prior_p	250	0.6942359805107117	0.6751872301101685	0.8155041933059692	1.0193519592285156	1.164070963859558
control	500	2	h_rows_other_anchors	prior_p	90	0.6584020256996155	0.659824013710022	0.7339262962341309	0.949228823184967	0.9665811657905579
control	500	2	all_anchor_rows	prior_p	4096	0.6684011220932007	0.6642338037490845	0.7501717805862427	0.9756195545196533	1.164070963859558
control	500	2	anchor0_h	innovation_w	6	10.621994018554688	10.621994018554688	10.621994018554688	10.621994018554688	10.621994018554688
control	500	2	anchor0_non_h	innovation_w	250	13.455174446105957	12.266332626342773	18.10131072998047	27.336524963378906	34.37138366699219
control	500	2	h_rows_other_anchors	innovation_w	90	11.733205795288086	11.63308334350586	14.475287437438965	21.750810623168945	22.39822006225586
control	500	2	all_anchor_rows	innovation_w	4096	12.130692481994629	11.803805351257324	15.055658340454102	22.832050323486328	34.37138366699219
control	500	2	anchor0_h	raw_successor_z	6	3.5906341075897217	3.5906341075897217	3.5906341075897217	3.5906341075897217	3.5906341075897217
control	500	2	anchor0_non_h	raw_successor_z	250	5.6863017082214355	4.777183532714844	8.419798851013184	16.399978637695312	23.244094848632812
control	500	2	h_rows_other_anchors	raw_successor_z	90	4.649288177490234	4.5497331619262695	5.824038028717041	12.080116271972656	12.69391918182373
control	500	2	all_anchor_rows	raw_successor_z	4096	4.841103553771973	4.668570518493652	6.421877861022949	13.035262107849121	23.244094848632812
control	500	2	anchor0_h	raw_updated_s	6	11.615691184997559	11.615691184997559	11.615691184997559	11.615691184997559	11.615691184997559
control	500	2	anchor0_non_h	raw_updated_s	250	14.417257308959961	13.216306686401367	19.073898315429688	28.184673309326172	35.00847244262695
control	500	2	h_rows_other_anchors	raw_updated_s	90	12.696516036987305	12.603581428527832	15.449456214904785	22.485580444335938	23.096750259399414
control	500	2	all_anchor_rows	raw_updated_s	4096	13.094686508178711	12.76981258392334	16.022415161132812	23.4918155670166	35.00847244262695
control	500	2	anchor0_h	z_boundary_denominator	6	3.5906341075897217	3.590634346008301	3.590634346008301	3.590634346008301	3.590634346008301
control	500	2	anchor0_non_h	z_boundary_denominator	250	5.686302185058594	4.777184009552002	8.419798851013184	16.399978637695312	23.244094848632812
control	500	2	h_rows_other_anchors	z_boundary_denominator	90	4.649288177490234	4.549733638763428	5.824038028717041	12.080116271972656	12.69391918182373
control	500	2	all_anchor_rows	z_boundary_denominator	4096	4.841103553771973	4.668570518493652	6.421877861022949	13.035262107849121	23.244094848632812
control	500	2	anchor0_h	s_boundary_denominator	6	11.615691184997559	11.615691184997559	11.615691184997559	11.615691184997559	11.615691184997559
control	500	2	anchor0_non_h	s_boundary_denominator	250	14.417257308959961	13.216306686401367	19.073898315429688	28.184673309326172	35.00847244262695
control	500	2	h_rows_other_anchors	s_boundary_denominator	90	12.696516036987305	12.603581428527832	15.449456214904785	22.485580444335938	23.096750259399414
control	500	2	all_anchor_rows	s_boundary_denominator	4096	13.094686508178711	12.76981258392334	16.022415161132812	23.4918155670166	35.00847244262695
control	500	2	anchor0_h	stored_successor_z	6	1.0	1.0	1.0	1.0	1.0
control	500	2	anchor0_non_h	stored_successor_z	250	1.0	1.0	1.0	1.0000001192092896	1.0000001192092896
control	500	2	h_rows_other_anchors	stored_successor_z	90	1.0	0.9999998807907104	1.0	1.0	1.0000001192092896
control	500	2	all_anchor_rows	stored_successor_z	4096	1.0	0.9999999403953552	1.0	1.0000001192092896	1.0000001192092896
control	500	2	anchor0_h	stored_successor_s	6	1.0	1.0	1.0	1.0	1.0
control	500	2	anchor0_non_h	stored_successor_s	250	1.0	1.0	1.0	1.0	1.0000001192092896
control	500	2	h_rows_other_anchors	stored_successor_s	90	1.0	1.0	1.0	1.0000001192092896	1.0000001192092896
control	500	2	all_anchor_rows	stored_successor_s	4096	1.0	1.0	1.0	1.0000001192092896	1.0000001192092896
control	500	3	anchor0_h	rotated_z	6	1.0	1.0	1.0	1.0	1.0
control	500	3	anchor0_non_h	rotated_z	250	1.0	1.0	1.0	1.0000001192092896	1.0000001192092896
control	500	3	h_rows_other_anchors	rotated_z	90	1.0	0.9999998807907104	1.0	1.0	1.0
control	500	3	all_anchor_rows	rotated_z	4096	1.0	0.9999999403953552	1.0	1.0000001192092896	1.0000001192092896
control	500	3	anchor0_h	rotated_s	6	0.9999999403953552	0.9999999403953552	0.9999999403953552	0.9999999403953552	0.9999999403953552
control	500	3	anchor0_non_h	rotated_s	250	1.0	1.0	1.0	1.0	1.0000001192092896
control	500	3	h_rows_other_anchors	rotated_s	90	1.0	1.0	1.0	1.0000001192092896	1.0000001192092896
control	500	3	all_anchor_rows	rotated_s	4096	1.0	1.0	1.0	1.0000001192092896	1.0000001192092896
control	500	3	anchor0_h	prior_p	6	0.4876997470855713	0.4876997470855713	0.4876997470855713	0.4876997470855713	0.4876997470855713
control	500	3	anchor0_non_h	prior_p	250	0.5124292969703674	0.5191292762756348	0.541458249092102	0.5430256724357605	0.555308997631073
control	500	3	h_rows_other_anchors	prior_p	90	0.5314955711364746	0.5384068489074707	0.5634079575538635	0.6296876668930054	0.632417619228363
control	500	3	all_anchor_rows	prior_p	4096	0.527711033821106	0.5358961224555969	0.56495201587677	0.5979825854301453	0.6605576872825623
control	500	3	anchor0_h	innovation_w	6	6.48501443862915	6.48501443862915	6.48501443862915	6.48501443862915	6.48501443862915
control	500	3	anchor0_non_h	innovation_w	250	7.159931182861328	7.332712650299072	8.000856399536133	8.038789749145508	8.414742469787598
control	500	3	h_rows_other_anchors	innovation_w	90	7.706690311431885	7.892309188842773	8.627029418945312	10.751009941101074	10.848380088806152
control	500	3	all_anchor_rows	innovation_w	4096	7.592600345611572	7.820758819580078	8.674829483032227	9.714582443237305	11.813089370727539
control	500	3	anchor0_h	raw_successor_z	6	1.8244637250900269	1.8244636058807373	1.8244636058807373	1.8244636058807373	1.8244636058807373
control	500	3	anchor0_non_h	raw_successor_z	250	2.097391366958618	2.1809046268463135	2.4763293266296387	2.4910521507263184	2.69610595703125
control	500	3	h_rows_other_anchors	raw_successor_z	90	2.3573460578918457	2.409681797027588	2.748448610305786	3.943199872970581	3.983908176422119
control	500	3	all_anchor_rows	raw_successor_z	4096	2.3061931133270264	2.3978395462036133	2.789032459259033	3.3989570140838623	4.534453392028809
control	500	3	anchor0_h	raw_updated_s	6	7.483958721160889	7.483958721160889	7.483958721160889	7.483958721160889	7.483958721160889
control	500	3	anchor0_non_h	raw_updated_s	250	8.15817928314209	8.331610679626465	8.999469757080078	9.03731632232666	9.412433624267578
control	500	3	h_rows_other_anchors	raw_updated_s	90	8.704809188842773	8.89079475402832	9.625182151794434	11.747429847717285	11.844964027404785
control	500	3	all_anchor_rows	raw_updated_s	4096	8.590673446655273	8.819478988647461	9.672785758972168	10.711419105529785	12.807710647583008
control	500	3	anchor0_h	z_boundary_denominator	6	1.8244638442993164	1.8244638442993164	1.8244638442993164	1.8244638442993164	1.8244638442993164
control	500	3	anchor0_non_h	z_boundary_denominator	250	2.097391366958618	2.1809048652648926	2.4763293266296387	2.4910521507263184	2.696106195449829
control	500	3	h_rows_other_anchors	z_boundary_denominator	90	2.357346296310425	2.409681797027588	2.748448610305786	3.943199872970581	3.983908176422119
control	500	3	all_anchor_rows	z_boundary_denominator	4096	2.3061931133270264	2.3978400230407715	2.789032459259033	3.3989572525024414	4.534453392028809
control	500	3	anchor0_h	s_boundary_denominator	6	7.483958721160889	7.483958721160889	7.483958721160889	7.483958721160889	7.483958721160889
control	500	3	anchor0_non_h	s_boundary_denominator	250	8.15817928314209	8.331610679626465	8.999469757080078	9.03731632232666	9.412433624267578
control	500	3	h_rows_other_anchors	s_boundary_denominator	90	8.704809188842773	8.89079475402832	9.625182151794434	11.747429847717285	11.844964027404785
control	500	3	all_anchor_rows	s_boundary_denominator	4096	8.590673446655273	8.819478988647461	9.672785758972168	10.711419105529785	12.807710647583008
control	500	3	anchor0_h	stored_successor_z	6	0.9999999403953552	0.9999998807907104	0.9999998807907104	0.9999998807907104	0.9999998807907104
control	500	3	anchor0_non_h	stored_successor_z	250	0.9999999403953552	0.9999998807907104	0.9999998807907104	0.9999999403953552	0.9999999403953552
control	500	3	h_rows_other_anchors	stored_successor_z	90	0.9999999403953552	0.9999998807907104	0.9999999403953552	1.0	1.0000001192092896
control	500	3	all_anchor_rows	stored_successor_z	4096	0.9999999403953552	0.9999998807907104	0.9999999403953552	1.0	1.0000001192092896
control	500	3	anchor0_h	stored_successor_s	6	0.9999999403953552	0.9999999403953552	0.9999999403953552	0.9999999403953552	0.9999999403953552
control	500	3	anchor0_non_h	stored_successor_s	250	1.0	1.0	1.0	1.0	1.0
control	500	3	h_rows_other_anchors	stored_successor_s	90	1.0	1.0	1.0	1.0000001192092896	1.0000001192092896
control	500	3	all_anchor_rows	stored_successor_s	4096	1.0	1.0	1.0	1.0000001192092896	1.0000001192092896
control	500	4	anchor0_h	rotated_z	6	0.9999999403953552	0.9999998807907104	0.9999998807907104	0.9999998807907104	0.9999998807907104
control	500	4	anchor0_non_h	rotated_z	250	0.9999999403953552	0.9999998807907104	0.9999998807907104	0.9999999403953552	0.9999999403953552
control	500	4	h_rows_other_anchors	rotated_z	90	0.9999999403953552	0.9999998807907104	0.9999999403953552	1.0	1.0000001192092896
control	500	4	all_anchor_rows	rotated_z	4096	0.9999999403953552	0.9999998807907104	0.9999999403953552	1.0	1.0000001192092896
control	500	4	anchor0_h	rotated_s	6	1.0	1.0	1.0	1.0	1.0
control	500	4	anchor0_non_h	rotated_s	250	1.0	1.0	1.0	1.0	1.0000001192092896
control	500	4	h_rows_other_anchors	rotated_s	90	1.0	1.0	1.0	1.0	1.0
control	500	4	all_anchor_rows	rotated_s	4096	1.0	1.0	1.0	1.0000001192092896	1.0000001192092896
control	500	4	anchor0_h	prior_p	6	0.4944492280483246	0.4944492280483246	0.4944492280483246	0.4944492280483246	0.4944492280483246
control	500	4	anchor0_non_h	prior_p	250	0.49365222454071045	0.4964839816093445	0.503915011882782	0.511181652545929	0.519381582736969
control	500	4	h_rows_other_anchors	prior_p	90	0.4995453655719757	0.5015923380851746	0.5076550245285034	0.5226362347602844	0.5234038829803467
control	500	4	all_anchor_rows	prior_p	4096	0.4990048408508301	0.502448320388794	0.5110836029052734	0.5220422744750977	0.5393367409706116
control	500	4	anchor0_h	innovation_w	6	6.661853313446045	6.661853313446045	6.661853313446045	6.661853313446045	6.661853313446045
control	500	4	anchor0_non_h	innovation_w	250	6.637704372406006	6.717770576477051	6.902770042419434	7.101696968078613	7.3137407302856445
control	500	4	h_rows_other_anchors	innovation_w	90	6.796079635620117	6.846058368682861	7.012648105621338	7.400805950164795	7.416884899139404
control	500	4	all_anchor_rows	innovation_w	4096	6.782386779785156	6.872063159942627	7.107723236083984	7.398821830749512	7.909757614135742
control	500	4	anchor0_h	raw_successor_z	6	1.8646470308303833	1.8646470308303833	1.8646470308303833	1.8646470308303833	1.8646470308303833
control	500	4	anchor0_non_h	raw_successor_z	250	1.842230200767517	1.875893473625183	1.9432674646377563	2.0229175090789795	2.1018619537353516
control	500	4	h_rows_other_anchors	raw_successor_z	90	1.908377766609192	1.934070110321045	2.0026907920837402	2.1244335174560547	2.1266043186187744
control	500	4	all_anchor_rows	raw_successor_z	4096	1.8985323905944824	1.9418630599975586	2.030379295349121	2.1562857627868652	2.386314630508423
control	500	4	anchor0_h	raw_updated_s	6	7.66071081161499	7.66071081161499	7.66071081161499	7.66071081161499	7.66071081161499
control	500	4	anchor0_non_h	raw_updated_s	250	7.636510848999023	7.716743469238281	7.901434421539307	8.0999755859375	8.311474800109863
control	500	4	h_rows_other_anchors	raw_updated_s	90	7.794839859008789	7.844792366027832	8.011469841003418	8.398886680603027	8.414794921875
control	500	4	all_anchor_rows	raw_updated_s	4096	7.781148910522461	7.870952606201172	8.106428146362305	8.396943092346191	8.908071517944336
control	500	4	anchor0_h	z_boundary_denominator	6	1.8646472692489624	1.8646472692489624	1.8646472692489624	1.8646472692489624	1.8646472692489624
control	500	4	anchor0_non_h	z_boundary_denominator	250	1.842230200767517	1.8758937120437622	1.9432677030563354	2.0229177474975586	2.1018621921539307
control	500	4	h_rows_other_anchors	z_boundary_denominator	90	1.90837824344635	1.934070348739624	2.0026910305023193	2.124433755874634	2.1266045570373535
control	500	4	all_anchor_rows	z_boundary_denominator	4096	1.8985326290130615	1.9418632984161377	2.0303795337677	2.1562860012054443	2.386314868927002
control	500	4	anchor0_h	s_boundary_denominator	6	7.66071081161499	7.66071081161499	7.66071081161499	7.66071081161499	7.66071081161499
control	500	4	anchor0_non_h	s_boundary_denominator	250	7.636510848999023	7.716743469238281	7.901434421539307	8.0999755859375	8.311474800109863
control	500	4	h_rows_other_anchors	s_boundary_denominator	90	7.794839859008789	7.844792366027832	8.011469841003418	8.398886680603027	8.414794921875
control	500	4	all_anchor_rows	s_boundary_denominator	4096	7.781148910522461	7.870952606201172	8.106428146362305	8.396943092346191	8.908071517944336
control	500	4	anchor0_h	stored_successor_z	6	0.9999999403953552	0.9999998807907104	0.9999998807907104	0.9999998807907104	0.9999998807907104
control	500	4	anchor0_non_h	stored_successor_z	250	0.9999998807907104	0.9999998211860657	0.9999998807907104	0.9999998807907104	0.9999999403953552
control	500	4	h_rows_other_anchors	stored_successor_z	90	0.9999999403953552	0.9999998211860657	0.9999998807907104	0.9999999403953552	0.9999999403953552
control	500	4	all_anchor_rows	stored_successor_z	4096	0.9999999403953552	0.9999998211860657	0.9999998807907104	1.0	1.0
control	500	4	anchor0_h	stored_successor_s	6	1.0000001192092896	1.0000001192092896	1.0000001192092896	1.0000001192092896	1.0000001192092896
control	500	4	anchor0_non_h	stored_successor_s	250	1.0	1.0	1.0	1.0	1.0000001192092896
control	500	4	h_rows_other_anchors	stored_successor_s	90	1.0	1.0	1.0	1.0000001192092896	1.0000001192092896
control	500	4	all_anchor_rows	stored_successor_s	4096	1.0	1.0	1.0	1.0000001192092896	1.0000001192092896
control	500	5	anchor0_h	rotated_z	6	0.9999999403953552	0.9999998807907104	0.9999998807907104	0.9999998807907104	0.9999998807907104
control	500	5	anchor0_non_h	rotated_z	250	0.9999999403953552	0.9999998211860657	0.9999998807907104	0.9999998807907104	0.9999999403953552
control	500	5	h_rows_other_anchors	rotated_z	90	0.9999999403953552	0.9999998211860657	0.9999998807907104	0.9999999403953552	1.0
control	500	5	all_anchor_rows	rotated_z	4096	0.9999999403953552	0.9999998211860657	0.9999998807907104	1.0	1.0
control	500	5	anchor0_h	rotated_s	6	1.0000001192092896	1.0000001192092896	1.0000001192092896	1.0000001192092896	1.0000001192092896
control	500	5	anchor0_non_h	rotated_s	250	1.0	1.0	1.0	1.0	1.0000001192092896
control	500	5	h_rows_other_anchors	rotated_s	90	1.0	1.0	1.0	1.0000001192092896	1.0000001192092896
control	500	5	all_anchor_rows	rotated_s	4096	1.0	1.0	1.0	1.0000001192092896	1.0000001192092896
control	500	5	anchor0_h	prior_p	6	0.48805832862854004	0.48805832862854004	0.48805832862854004	0.48805832862854004	0.48805832862854004
control	500	5	anchor0_non_h	prior_p	250	0.4844011962413788	0.48653995990753174	0.4923120141029358	0.49612292647361755	0.49612292647361755
control	500	5	h_rows_other_anchors	prior_p	90	0.4858910143375397	0.4877932071685791	0.4910104274749756	0.4960150718688965	0.49629145860671997
control	500	5	all_anchor_rows	prior_p	4096	0.48455777764320374	0.4877224862575531	0.4908049702644348	0.4964277744293213	0.5000755786895752
control	500	5	anchor0_h	innovation_w	6	6.486566066741943	6.486566543579102	6.486566543579102	6.486566543579102	6.486566543579102
control	500	5	anchor0_non_h	innovation_w	250	6.393729209899902	6.451120853424072	6.600876331329346	6.702679634094238	6.702679634094238
control	500	5	h_rows_other_anchors	innovation_w	90	6.431613445281982	6.478551864624023	6.567337512969971	6.698174953460693	6.70570182800293
control	500	5	all_anchor_rows	innovation_w	4096	6.3974809646606445	6.477277755737305	6.560782432556152	6.708269119262695	6.805149078369141
control	500	5	anchor0_h	raw_successor_z	6	1.7753533124923706	1.7753533124923706	1.7753533124923706	1.7753533124923706	1.7753533124923706
control	500	5	anchor0_non_h	raw_successor_z	250	1.7460286617279053	1.765812873840332	1.8209670782089233	1.8701707124710083	1.8701707124710083
control	500	5	h_rows_other_anchors	raw_successor_z	90	1.7574478387832642	1.766947865486145	1.8165061473846436	1.8893777132034302	1.895288348197937
control	500	5	all_anchor_rows	raw_successor_z	4096	1.7470967769622803	1.7654211521148682	1.807610034942627	1.8946269750595093	1.9293321371078491
control	500	5	anchor0_h	raw_updated_s	6	7.485435962677002	7.48543643951416	7.48543643951416	7.48543643951416	7.48543643951416
control	500	5	anchor0_non_h	raw_updated_s	250	7.392601013183594	7.450035572052002	7.599745273590088	7.701462268829346	7.701462268829346
control	500	5	h_rows_other_anchors	raw_updated_s	90	7.430502891540527	7.477426528930664	7.566227912902832	7.6968913078308105	7.704412460327148
control	500	5	all_anchor_rows	raw_updated_s	4096	7.396368026733398	7.476164817810059	7.5596747398376465	7.707027912139893	7.80389928817749
control	500	5	anchor0_h	z_boundary_denominator	6	1.7753535509109497	1.7753536701202393	1.7753536701202393	1.7753536701202393	1.7753536701202393
control	500	5	anchor0_non_h	z_boundary_denominator	250	1.7460287809371948	1.7658131122589111	1.820967435836792	1.8701709508895874	1.8701709508895874
control	500	5	h_rows_other_anchors	z_boundary_denominator	90	1.7574481964111328	1.7669481039047241	1.8165063858032227	1.8893779516220093	1.8952885866165161
control	500	5	all_anchor_rows	z_boundary_denominator	4096	1.7470970153808594	1.7654213905334473	1.807610273361206	1.8946272134780884	1.9293324947357178
control	500	5	anchor0_h	s_boundary_denominator	6	7.485435962677002	7.48543643951416	7.48543643951416	7.48543643951416	7.48543643951416
control	500	5	anchor0_non_h	s_boundary_denominator	250	7.392601013183594	7.450035572052002	7.599745273590088	7.701462268829346	7.701462268829346
control	500	5	h_rows_other_anchors	s_boundary_denominator	90	7.430502891540527	7.477426528930664	7.566227912902832	7.6968913078308105	7.704412460327148
control	500	5	all_anchor_rows	s_boundary_denominator	4096	7.396368026733398	7.476164817810059	7.5596747398376465	7.707027912139893	7.80389928817749
control	500	5	anchor0_h	stored_successor_z	6	0.9999999403953552	0.9999998807907104	0.9999998807907104	0.9999998807907104	0.9999998807907104
control	500	5	anchor0_non_h	stored_successor_z	250	0.9999998807907104	0.9999998211860657	0.9999998807907104	0.9999998807907104	0.9999998807907104
control	500	5	h_rows_other_anchors	stored_successor_z	90	0.9999999403953552	0.9999998211860657	0.9999998807907104	0.9999998807907104	0.9999998807907104
control	500	5	all_anchor_rows	stored_successor_z	4096	0.9999999403953552	0.9999998211860657	0.9999998807907104	0.9999999403953552	1.0
control	500	5	anchor0_h	stored_successor_s	6	0.9999999403953552	0.9999998807907104	0.9999998807907104	0.9999998807907104	0.9999998807907104
control	500	5	anchor0_non_h	stored_successor_s	250	1.0	1.0	1.0	1.0000001192092896	1.0000001192092896
control	500	5	h_rows_other_anchors	stored_successor_s	90	1.0	1.0	1.0	1.0000001192092896	1.0000001192092896
control	500	5	all_anchor_rows	stored_successor_s	4096	1.0	1.0	1.0	1.0000001192092896	1.0000001192092896
control	500	6	anchor0_h	rotated_z	6	0.9999999403953552	0.9999998807907104	0.9999998807907104	0.9999998807907104	0.9999998807907104
control	500	6	anchor0_non_h	rotated_z	250	0.9999998807907104	0.9999998211860657	0.9999998807907104	0.9999998807907104	0.9999998807907104
control	500	6	h_rows_other_anchors	rotated_z	90	0.9999999403953552	0.9999998211860657	0.9999998807907104	0.9999998807907104	0.9999998807907104
control	500	6	all_anchor_rows	rotated_z	4096	0.9999999403953552	0.9999998211860657	0.9999998807907104	0.9999999403953552	1.0
control	500	6	anchor0_h	rotated_s	6	0.9999999403953552	0.9999998807907104	0.9999998807907104	0.9999998807907104	0.9999998807907104
control	500	6	anchor0_non_h	rotated_s	250	1.0	1.0	1.0	1.0000001192092896	1.0000001192092896
control	500	6	h_rows_other_anchors	rotated_s	90	1.0	1.0	1.0	1.0000001192092896	1.0000001192092896
control	500	6	all_anchor_rows	rotated_s	4096	1.0	1.0	1.0	1.0000001192092896	1.0000001192092896
control	500	6	anchor0_h	prior_p	6	0.48289987444877625	0.48289984464645386	0.48289984464645386	0.48289984464645386	0.48289984464645386
control	500	6	anchor0_non_h	prior_p	250	0.48374858498573303	0.48295801877975464	0.49006080627441406	0.49006080627441406	0.49133267998695374
control	500	6	h_rows_other_anchors	prior_p	90	0.48313775658607483	0.48234111070632935	0.4900113642215729	0.4915829598903656	0.4922695755958557
control	500	6	all_anchor_rows	prior_p	4096	0.48364919424057007	0.4827151298522949	0.49021345376968384	0.49194130301475525	0.49420392513275146
control	500	6	anchor0_h	innovation_w	6	6.354457378387451	6.354456901550293	6.354456901550293	6.354456901550293	6.354456901550293
control	500	6	anchor0_non_h	innovation_w	250	6.376937389373779	6.356244087219238	6.54171895980835	6.54171895980835	6.573597431182861
control	500	6	h_rows_other_anchors	innovation_w	90	6.3612895011901855	6.340353965759277	6.540159225463867	6.578917503356934	6.596724510192871
control	500	6	all_anchor_rows	innovation_w	4096	6.374630928039551	6.349905967712402	6.545479774475098	6.588176727294922	6.646644592285156
control	500	6	anchor0_h	raw_successor_z	6	1.7290287017822266	1.7290287017822266	1.7290287017822266	1.7290287017822266	1.7290287017822266
control	500	6	anchor0_non_h	raw_successor_z	250	1.7402799129486084	1.7328011989593506	1.8065487146377563	1.8065487146377563	1.808402180671692
control	500	6	h_rows_other_anchors	raw_successor_z	90	1.734714388847351	1.7247264385223389	1.8036835193634033	1.8096832036972046	1.8106721639633179
control	500	6	all_anchor_rows	raw_successor_z	4096	1.7400625944137573	1.7292693853378296	1.8065487146377563	1.812005877494812	1.8254755735397339
control	500	6	anchor0_h	raw_updated_s	6	7.353381633758545	7.353381633758545	7.353381633758545	7.353381633758545	7.353381633758545
control	500	6	anchor0_non_h	raw_updated_s	250	7.375838279724121	7.355165958404541	7.5405144691467285	7.5405144691467285	7.572418689727783
control	500	6	h_rows_other_anchors	raw_updated_s	90	7.360198497772217	7.339284896850586	7.538960933685303	7.577751636505127	7.595546722412109
control	500	6	all_anchor_rows	raw_updated_s	4096	7.373531818389893	7.348835468292236	7.544277667999268	7.587006092071533	7.6454291343688965
control	500	6	anchor0_h	z_boundary_denominator	6	1.7290290594100952	1.7290290594100952	1.7290290594100952	1.7290290594100952	1.7290290594100952
control	500	6	anchor0_non_h	z_boundary_denominator	250	1.740280032157898	1.7328015565872192	1.806549072265625	1.806549072265625	1.808402419090271
control	500	6	h_rows_other_anchors	z_boundary_denominator	90	1.7347146272659302	1.7247267961502075	1.8036837577819824	1.8096834421157837	1.810672402381897
control	500	6	all_anchor_rows	z_boundary_denominator	4096	1.7400628328323364	1.7292697429656982	1.806549072265625	1.8120062351226807	1.8254759311676025
control	500	6	anchor0_h	s_boundary_denominator	6	7.353381633758545	7.353381633758545	7.353381633758545	7.353381633758545	7.353381633758545
control	500	6	anchor0_non_h	s_boundary_denominator	250	7.375838279724121	7.355165958404541	7.5405144691467285	7.5405144691467285	7.572418689727783
control	500	6	h_rows_other_anchors	s_boundary_denominator	90	7.360198497772217	7.339284896850586	7.538960933685303	7.577751636505127	7.595546722412109
control	500	6	all_anchor_rows	s_boundary_denominator	4096	7.373531818389893	7.348835468292236	7.544277667999268	7.587006092071533	7.6454291343688965
control	500	6	anchor0_h	stored_successor_z	6	0.9999999403953552	0.9999998807907104	0.9999998807907104	0.9999998807907104	0.9999998807907104
control	500	6	anchor0_non_h	stored_successor_z	250	0.9999999403953552	0.9999998211860657	0.9999998807907104	0.9999999403953552	0.9999999403953552
control	500	6	h_rows_other_anchors	stored_successor_z	90	0.9999999403953552	0.9999998211860657	0.9999998807907104	0.9999998807907104	0.9999998807907104
control	500	6	all_anchor_rows	stored_successor_z	4096	0.9999999403953552	0.9999998211860657	0.9999998807907104	0.9999999403953552	1.0
control	500	6	anchor0_h	stored_successor_s	6	1.0	1.0	1.0	1.0	1.0
control	500	6	anchor0_non_h	stored_successor_s	250	1.0	1.0	1.0	1.0	1.0000001192092896
control	500	6	h_rows_other_anchors	stored_successor_s	90	1.0	1.0	1.0	1.0000001192092896	1.0000001192092896
control	500	6	all_anchor_rows	stored_successor_s	4096	1.0	1.0	1.0	1.0000001192092896	1.0000001192092896
control	500	7	anchor0_h	rotated_z	6	0.9999999403953552	0.9999998807907104	0.9999998807907104	0.9999998807907104	0.9999998807907104
control	500	7	anchor0_non_h	rotated_z	250	0.9999999403953552	0.9999998211860657	0.9999998807907104	0.9999999403953552	0.9999999403953552
control	500	7	h_rows_other_anchors	rotated_z	90	0.9999999403953552	0.9999998211860657	0.9999998807907104	0.9999998807907104	0.9999998807907104
control	500	7	all_anchor_rows	rotated_z	4096	0.9999999403953552	0.9999998211860657	0.9999998807907104	0.9999998807907104	1.0
control	500	7	anchor0_h	rotated_s	6	1.0	1.0	1.0	1.0	1.0
control	500	7	anchor0_non_h	rotated_s	250	1.0	1.0	1.0	1.0	1.0000001192092896
control	500	7	h_rows_other_anchors	rotated_s	90	1.0	1.0	1.0	1.0000001192092896	1.0000001192092896
control	500	7	all_anchor_rows	rotated_s	4096	1.0	1.0	1.0	1.0000001192092896	1.0000001192092896
control	500	7	anchor0_h	prior_p	6	0.4830612242221832	0.4830612242221832	0.4830612242221832	0.4830612242221832	0.4830612242221832
control	500	7	anchor0_non_h	prior_p	250	0.4838401973247528	0.483810693025589	0.4854995012283325	0.4854995012283325	0.4854995012283325
control	500	7	h_rows_other_anchors	prior_p	90	0.4838387668132782	0.48369622230529785	0.4851880371570587	0.48568132519721985	0.48588356375694275
control	500	7	all_anchor_rows	prior_p	4096	0.48396873474121094	0.48379993438720703	0.48524010181427	0.4857127368450165	0.48632997274398804
control	500	7	anchor0_h	innovation_w	6	6.358835220336914	6.358835220336914	6.358835220336914	6.358835220336914	6.358835220336914
control	500	7	anchor0_non_h	innovation_w	250	6.378774642944336	6.378044128417969	6.420586585998535	6.420586585998535	6.420586585998535
control	500	7	h_rows_other_anchors	innovation_w	90	6.378832817077637	6.375294208526611	6.412627696990967	6.427052974700928	6.432244777679443
control	500	7	all_anchor_rows	innovation_w	4096	6.382105827331543	6.377910137176514	6.413962364196777	6.427853584289551	6.444087028503418
control	500	7	anchor0_h	raw_successor_z	6	1.7347412109375	1.7347412109375	1.7347412109375	1.7347412109375	1.7347412109375
control	500	7	anchor0_non_h	raw_successor_z	250	1.7409484386444092	1.7408537864685059	1.7510632276535034	1.7511231899261475	1.7511231899261475
control	500	7	h_rows_other_anchors	raw_successor_z	90	1.7415388822555542	1.7406940460205078	1.7493711709976196	1.763819694519043	1.765328288078308
control	500	7	all_anchor_rows	raw_successor_z	4096	1.742321491241455	1.7418875694274902	1.7499988079071045	1.7641834020614624	1.771459698677063
control	500	7	anchor0_h	raw_updated_s	6	7.357743740081787	7.357744216918945	7.357744216918945	7.357744216918945	7.357744216918945
control	500	7	anchor0_non_h	raw_updated_s	250	7.377677917480469	7.376949787139893	7.419480800628662	7.419480800628662	7.419480800628662
control	500	7	h_rows_other_anchors	raw_updated_s	90	7.377734184265137	7.374196529388428	7.411526679992676	7.425917625427246	7.431105613708496
control	500	7	all_anchor_rows	raw_updated_s	4096	7.381006240844727	7.3768110275268555	7.41286039352417	7.42672061920166	7.442938327789307
control	500	7	anchor0_h	z_boundary_denominator	6	1.7347413301467896	1.734741449356079	1.734741449356079	1.734741449356079	1.734741449356079
control	500	7	anchor0_non_h	z_boundary_denominator	250	1.7409486770629883	1.740854024887085	1.7510634660720825	1.7511234283447266	1.7511234283447266
control	500	7	h_rows_other_anchors	z_boundary_denominator	90	1.7415391206741333	1.740694284439087	1.7493714094161987	1.763819932937622	1.7653285264968872
control	500	7	all_anchor_rows	z_boundary_denominator	4096	1.7423217296600342	1.7418879270553589	1.7499990463256836	1.7641836404800415	1.7714600563049316
control	500	7	anchor0_h	s_boundary_denominator	6	7.357743740081787	7.357744216918945	7.357744216918945	7.357744216918945	7.357744216918945
control	500	7	anchor0_non_h	s_boundary_denominator	250	7.377677917480469	7.376949787139893	7.419480800628662	7.419480800628662	7.419480800628662
control	500	7	h_rows_other_anchors	s_boundary_denominator	90	7.377734184265137	7.374196529388428	7.411526679992676	7.425917625427246	7.431105613708496
control	500	7	all_anchor_rows	s_boundary_denominator	4096	7.381006240844727	7.3768110275268555	7.41286039352417	7.42672061920166	7.442938327789307
control	500	7	anchor0_h	stored_successor_z	6	0.9999998211860657	0.9999997615814209	0.9999997615814209	0.9999997615814209	0.9999997615814209
control	500	7	anchor0_non_h	stored_successor_z	250	0.9999999403953552	0.9999998211860657	0.9999998807907104	0.9999998807907104	0.9999998807907104
control	500	7	h_rows_other_anchors	stored_successor_z	90	0.9999999403953552	0.9999998211860657	0.9999998807907104	0.9999998807907104	0.9999998807907104
control	500	7	all_anchor_rows	stored_successor_z	4096	0.9999999403953552	0.9999998211860657	0.9999998807907104	0.9999998807907104	1.0
control	500	7	anchor0_h	stored_successor_s	6	0.9999999403953552	0.9999999403953552	0.9999999403953552	0.9999999403953552	0.9999999403953552
control	500	7	anchor0_non_h	stored_successor_s	250	1.0	1.0	1.0	1.0	1.0
control	500	7	h_rows_other_anchors	stored_successor_s	90	1.0	1.0	1.0	1.0	1.0000001192092896
control	500	7	all_anchor_rows	stored_successor_s	4096	1.0	1.0	1.0	1.0000001192092896	1.0000001192092896
control	500	8	anchor0_h	rotated_z	6	0.9999998211860657	0.9999997615814209	0.9999997615814209	0.9999997615814209	0.9999997615814209
control	500	8	anchor0_non_h	rotated_z	250	0.9999999403953552	0.9999998211860657	0.9999998807907104	0.9999998807907104	0.9999998807907104
control	500	8	h_rows_other_anchors	rotated_z	90	0.9999999403953552	0.9999998211860657	0.9999998807907104	0.9999998807907104	0.9999998807907104
control	500	8	all_anchor_rows	rotated_z	4096	0.9999999403953552	0.9999998211860657	0.9999998807907104	0.9999998807907104	0.9999999403953552
control	500	8	anchor0_h	rotated_s	6	0.9999999403953552	0.9999999403953552	0.9999999403953552	0.9999999403953552	0.9999999403953552
control	500	8	anchor0_non_h	rotated_s	250	1.0	1.0	1.0	1.0000001192092896	1.0000001192092896
control	500	8	h_rows_other_anchors	rotated_s	90	1.0	1.0	1.0	1.0	1.0
control	500	8	all_anchor_rows	rotated_s	4096	1.0	1.0	1.0	1.0000001192092896	1.0000001192092896
control	500	8	anchor0_h	prior_p	6	0.4841683804988861	0.4841683804988861	0.4841683804988861	0.4841683804988861	0.4841683804988861
control	500	8	anchor0_non_h	prior_p	250	0.48392823338508606	0.48409217596054077	0.48455435037612915	0.4850977957248688	0.4855743646621704
control	500	8	h_rows_other_anchors	prior_p	90	0.48406752943992615	0.48420995473861694	0.48470455408096313	0.4852396547794342	0.48531869053840637
control	500	8	all_anchor_rows	prior_p	4096	0.4839721620082855	0.48419198393821716	0.4847177267074585	0.48534369468688965	0.48568692803382874
control	500	8	anchor0_h	innovation_w	6	6.387279510498047	6.387279510498047	6.387279510498047	6.387279510498047	6.387279510498047
control	500	8	anchor0_non_h	innovation_w	250	6.381051540374756	6.385258674621582	6.397198677062988	6.411021709442139	6.423285007476807
control	500	8	h_rows_other_anchors	innovation_w	90	6.38463020324707	6.388261795043945	6.401055335998535	6.414834499359131	6.416563987731934
control	500	8	all_anchor_rows	innovation_w	4096	6.382171630859375	6.387825012207031	6.401342868804932	6.417135715484619	6.425973892211914
control	500	8	anchor0_h	raw_successor_z	6	1.743930459022522	1.743930459022522	1.743930459022522	1.743930459022522	1.743930459022522
control	500	8	anchor0_non_h	raw_successor_z	250	1.7412939071655273	1.7430026531219482	1.7472020387649536	1.751166820526123	1.7553359270095825
control	500	8	h_rows_other_anchors	raw_successor_z	90	1.7425363063812256	1.7437667846679688	1.7483940124511719	1.752304196357727	1.7537235021591187
control	500	8	all_anchor_rows	raw_successor_z	4096	1.741590142250061	1.7437341213226318	1.7481149435043335	1.7529678344726562	1.7557772397994995
control	500	8	anchor0_h	raw_updated_s	6	7.386178493499756	7.386178493499756	7.386178493499756	7.386178493499756	7.386178493499756
control	500	8	anchor0_non_h	raw_updated_s	250	7.379954814910889	7.384159564971924	7.396092891693115	7.409912586212158	7.422170639038086
control	500	8	h_rows_other_anchors	raw_updated_s	90	7.38353157043457	7.387162208557129	7.3999481201171875	7.41372013092041	7.415455341339111
control	500	8	all_anchor_rows	raw_updated_s	4096	7.381074905395508	7.386725902557373	7.400237083435059	7.416027069091797	7.42486047744751
control	500	8	anchor0_h	z_boundary_denominator	6	1.7439308166503906	1.7439308166503906	1.7439308166503906	1.7439308166503906	1.7439308166503906
control	500	8	anchor0_non_h	z_boundary_denominator	250	1.7412941455841064	1.7430028915405273	1.7472023963928223	1.7511671781539917	1.7553362846374512
control	500	8	h_rows_other_anchors	z_boundary_denominator	90	1.7425364255905151	1.7437670230865479	1.748394250869751	1.7523044347763062	1.7537238597869873
control	500	8	all_anchor_rows	z_boundary_denominator	4096	1.7415904998779297	1.743734359741211	1.7481153011322021	1.7529680728912354	1.7557775974273682
control	500	8	anchor0_h	s_boundary_denominator	6	7.386178493499756	7.386178493499756	7.386178493499756	7.386178493499756	7.386178493499756
control	500	8	anchor0_non_h	s_boundary_denominator	250	7.379954814910889	7.384159564971924	7.396092891693115	7.409912586212158	7.422170639038086
control	500	8	h_rows_other_anchors	s_boundary_denominator	90	7.38353157043457	7.387162208557129	7.3999481201171875	7.41372013092041	7.415455341339111
control	500	8	all_anchor_rows	s_boundary_denominator	4096	7.381074905395508	7.386725902557373	7.400237083435059	7.416027069091797	7.42486047744751
control	500	8	anchor0_h	stored_successor_z	6	0.9999998211860657	0.9999998211860657	0.9999998211860657	0.9999998211860657	0.9999998211860657
control	500	8	anchor0_non_h	stored_successor_z	250	0.9999999403953552	0.9999998211860657	0.9999998807907104	0.9999998807907104	0.9999998807907104
control	500	8	h_rows_other_anchors	stored_successor_z	90	0.9999999403953552	0.9999998211860657	0.9999998807907104	0.9999998807907104	0.9999998807907104
control	500	8	all_anchor_rows	stored_successor_z	4096	0.9999999403953552	0.9999998211860657	0.9999998807907104	0.9999998807907104	0.9999999403953552
control	500	8	anchor0_h	stored_successor_s	6	1.0	1.0	1.0	1.0	1.0
control	500	8	anchor0_non_h	stored_successor_s	250	1.0	1.0	1.0	1.0	1.0000001192092896
control	500	8	h_rows_other_anchors	stored_successor_s	90	1.0	1.0	1.0	1.0	1.0
control	500	8	all_anchor_rows	stored_successor_s	4096	1.0	1.0	1.0	1.0	1.0000001192092896
control	500	9	anchor0_h	rotated_z	6	0.9999998211860657	0.9999998211860657	0.9999998211860657	0.9999998211860657	0.9999998211860657
control	500	9	anchor0_non_h	rotated_z	250	0.9999999403953552	0.9999998211860657	0.9999998807907104	0.9999998807907104	0.9999998807907104
control	500	9	h_rows_other_anchors	rotated_z	90	0.9999999403953552	0.9999998211860657	0.9999998807907104	0.9999998807907104	0.9999998807907104
control	500	9	all_anchor_rows	rotated_z	4096	0.9999999403953552	0.9999998211860657	0.9999998807907104	0.9999998807907104	0.9999999403953552
control	500	9	anchor0_h	rotated_s	6	1.0	1.0	1.0	1.0	1.0
control	500	9	anchor0_non_h	rotated_s	250	1.0	1.0	1.0	1.0	1.0000001192092896
control	500	9	h_rows_other_anchors	rotated_s	90	1.0	1.0	1.0	1.0	1.0
control	500	9	all_anchor_rows	rotated_s	4096	1.0	1.0	1.0	1.0000001192092896	1.0000001192092896
control	500	9	anchor0_h	prior_p	6	0.4839083254337311	0.4839083254337311	0.4839083254337311	0.4839083254337311	0.4839083254337311
control	500	9	anchor0_non_h	prior_p	250	0.4838031530380249	0.4838232696056366	0.4840095639228821	0.48415476083755493	0.48415476083755493
control	500	9	h_rows_other_anchors	prior_p	90	0.48379379510879517	0.48379701375961304	0.4839511513710022	0.48437365889549255	0.4844052493572235
control	500	9	all_anchor_rows	prior_p	4096	0.4837757647037506	0.48379015922546387	0.4839183986186981	0.48440200090408325	0.48455125093460083
control	500	9	anchor0_h	innovation_w	6	6.380488872528076	6.380488872528076	6.380488872528076	6.380488872528076	6.380488872528076
control	500	9	anchor0_non_h	innovation_w	250	6.377812385559082	6.378256320953369	6.383118152618408	6.386870384216309	6.386870384216309
control	500	9	h_rows_other_anchors	innovation_w	90	6.377562999725342	6.377627372741699	6.381661891937256	6.392524719238281	6.393346786499023
control	500	9	all_anchor_rows	innovation_w	4096	6.377106189727783	6.377449989318848	6.3808159828186035	6.393253803253174	6.397122383117676
control	500	9	anchor0_h	raw_successor_z	6	1.740888237953186	1.7408881187438965	1.7408881187438965	1.7408881187438965	1.7408881187438965
control	500	9	anchor0_non_h	raw_successor_z	250	1.7401682138442993	1.7400397062301636	1.7419706583023071	1.7433961629867554	1.7433961629867554
control	500	9	h_rows_other_anchors	raw_successor_z	90	1.7399812936782837	1.7398463487625122	1.7417727708816528	1.745711326599121	1.7460696697235107
control	500	9	all_anchor_rows	raw_successor_z	4096	1.7399027347564697	1.7398087978363037	1.7413198947906494	1.7460300922393799	1.7475372552871704
control	500	9	anchor0_h	raw_updated_s	6	7.379393100738525	7.379393100738525	7.379393100738525	7.379393100738525	7.379393100738525
control	500	9	anchor0_non_h	raw_updated_s	250	7.376716136932373	7.377161979675293	7.382020473480225	7.385770320892334	7.385770320892334
control	500	9	h_rows_other_anchors	raw_updated_s	90	7.376466274261475	7.376532554626465	7.380563259124756	7.391421794891357	7.392242908477783
control	500	9	all_anchor_rows	raw_updated_s	4096	7.376010894775391	7.37635612487793	7.379718780517578	7.392149925231934	7.396016597747803
control	500	9	anchor0_h	z_boundary_denominator	6	1.7408884763717651	1.7408884763717651	1.7408884763717651	1.7408884763717651	1.7408884763717651
control	500	9	anchor0_non_h	z_boundary_denominator	250	1.7401684522628784	1.7400399446487427	1.7419708967208862	1.7433964014053345	1.7433964014053345
control	500	9	h_rows_other_anchors	z_boundary_denominator	90	1.7399815320968628	1.7398465871810913	1.741773009300232	1.7457115650177002	1.7460700273513794
control	500	9	all_anchor_rows	z_boundary_denominator	4096	1.7399030923843384	1.7398090362548828	1.7413201332092285	1.746030330657959	1.7475374937057495
control	500	9	anchor0_h	s_boundary_denominator	6	7.379393100738525	7.379393100738525	7.379393100738525	7.379393100738525	7.379393100738525
control	500	9	anchor0_non_h	s_boundary_denominator	250	7.376716136932373	7.377161979675293	7.382020473480225	7.385770320892334	7.385770320892334
control	500	9	h_rows_other_anchors	s_boundary_denominator	90	7.376466274261475	7.376532554626465	7.380563259124756	7.391421794891357	7.392242908477783
control	500	9	all_anchor_rows	s_boundary_denominator	4096	7.376010894775391	7.37635612487793	7.379718780517578	7.392149925231934	7.396016597747803
control	500	9	anchor0_h	stored_successor_z	6	0.9999999403953552	0.9999998807907104	0.9999998807907104	0.9999998807907104	0.9999998807907104
control	500	9	anchor0_non_h	stored_successor_z	250	0.9999999403953552	0.9999998807907104	0.9999998807907104	0.9999999403953552	0.9999999403953552
control	500	9	h_rows_other_anchors	stored_successor_z	90	0.9999999403953552	0.9999998211860657	0.9999998807907104	0.9999998807907104	0.9999998807907104
control	500	9	all_anchor_rows	stored_successor_z	4096	0.9999999403953552	0.9999998211860657	0.9999998807907104	0.9999998807907104	0.9999999403953552
control	500	9	anchor0_h	stored_successor_s	6	1.0	1.0	1.0	1.0	1.0
control	500	9	anchor0_non_h	stored_successor_s	250	1.0	1.0	1.0	1.0	1.0
control	500	9	h_rows_other_anchors	stored_successor_s	90	1.0	1.0	1.0	1.0	1.0000001192092896
control	500	9	all_anchor_rows	stored_successor_s	4096	1.0	1.0	1.0	1.0	1.0000001192092896
control	500	10	anchor0_h	rotated_z	6	0.9999999403953552	0.9999998807907104	0.9999998807907104	0.9999998807907104	0.9999998807907104
control	500	10	anchor0_non_h	rotated_z	250	0.9999999403953552	0.9999998211860657	0.9999998807907104	0.9999999403953552	0.9999999403953552
control	500	10	h_rows_other_anchors	rotated_z	90	0.9999999403953552	0.9999998211860657	0.9999998807907104	0.9999998807907104	0.9999998807907104
control	500	10	all_anchor_rows	rotated_z	4096	0.9999999403953552	0.9999998211860657	0.9999998807907104	0.9999998807907104	0.9999999403953552
control	500	10	anchor0_h	rotated_s	6	1.0	1.0	1.0	1.0	1.0
control	500	10	anchor0_non_h	rotated_s	250	1.0	1.0	1.0	1.0	1.0
control	500	10	h_rows_other_anchors	rotated_s	90	1.0	1.0	1.0	1.0	1.0000001192092896
control	500	10	all_anchor_rows	rotated_s	4096	1.0	1.0	1.0	1.0	1.0000001192092896
control	500	10	anchor0_h	prior_p	6	0.483754962682724	0.483754962682724	0.483754962682724	0.483754962682724	0.483754962682724
control	500	10	anchor0_non_h	prior_p	250	0.4838149845600128	0.48377135396003723	0.4840874969959259	0.4840874969959259	0.4840874969959259
control	500	10	h_rows_other_anchors	prior_p	90	0.48378992080688477	0.48376041650772095	0.48406437039375305	0.4840801954269409	0.48409169912338257
control	500	10	all_anchor_rows	prior_p	4096	0.483811616897583	0.4837610721588135	0.4840749502182007	0.4840892553329468	0.48411625623703003
control	500	10	anchor0_h	innovation_w	6	6.376579761505127	6.376580238342285	6.376580238342285	6.376580238342285	6.376580238342285
control	500	10	anchor0_non_h	innovation_w	250	6.378130912780762	6.376997470855713	6.385149955749512	6.385149955749512	6.385149955749512
control	500	10	h_rows_other_anchors	innovation_w	90	6.377486228942871	6.376725196838379	6.384547233581543	6.384956359863281	6.385252475738525
control	500	10	all_anchor_rows	innovation_w	4096	6.378046989440918	6.376742362976074	6.384819984436035	6.385190963745117	6.385885238647461
control	500	10	anchor0_h	raw_successor_z	6	1.7397481203079224	1.7397481203079224	1.7397481203079224	1.7397481203079224	1.7397481203079224
control	500	10	anchor0_non_h	raw_successor_z	250	1.7403501272201538	1.7398842573165894	1.7428640127182007	1.7428640127182007	1.7428640127182007
control	500	10	h_rows_other_anchors	raw_successor_z	90	1.74014151096344	1.7398462295532227	1.7426068782806396	1.7427594661712646	1.742866039276123
control	500	10	all_anchor_rows	raw_successor_z	4096	1.740342140197754	1.7398574352264404	1.7427045106887817	1.7428640127182007	1.7430928945541382
control	500	10	anchor0_h	raw_updated_s	6	7.375484943389893	7.375484943389893	7.375484943389893	7.375484943389893	7.375484943389893
control	500	10	anchor0_non_h	raw_updated_s	250	7.3770341873168945	7.37590217590332	7.384050369262695	7.384050369262695	7.384050369262695
control	500	10	h_rows_other_anchors	raw_updated_s	90	7.37639045715332	7.375629901885986	7.383448600769043	7.383857250213623	7.384153366088867
control	500	10	all_anchor_rows	raw_updated_s	4096	7.376950263977051	7.375646591186523	7.383720874786377	7.384091377258301	7.3847856521606445
control	500	10	anchor0_h	z_boundary_denominator	6	1.7397483587265015	1.7397483587265015	1.7397483587265015	1.7397483587265015	1.7397483587265015
control	500	10	anchor0_non_h	z_boundary_denominator	250	1.7403502464294434	1.7398844957351685	1.7428642511367798	1.7428642511367798	1.7428642511367798
control	500	10	h_rows_other_anchors	z_boundary_denominator	90	1.740141749382019	1.7398464679718018	1.7426071166992188	1.7427597045898438	1.7428663969039917
control	500	10	all_anchor_rows	z_boundary_denominator	4096	1.740342617034912	1.7398576736450195	1.7427047491073608	1.7428642511367798	1.7430931329727173
control	500	10	anchor0_h	s_boundary_denominator	6	7.375484943389893	7.375484943389893	7.375484943389893	7.375484943389893	7.375484943389893
control	500	10	anchor0_non_h	s_boundary_denominator	250	7.3770341873168945	7.37590217590332	7.384050369262695	7.384050369262695	7.384050369262695
control	500	10	h_rows_other_anchors	s_boundary_denominator	90	7.37639045715332	7.375629901885986	7.383448600769043	7.383857250213623	7.384153366088867
control	500	10	all_anchor_rows	s_boundary_denominator	4096	7.376950263977051	7.375646591186523	7.383720874786377	7.384091377258301	7.3847856521606445
control	500	10	anchor0_h	stored_successor_z	6	0.9999998211860657	0.9999998211860657	0.9999998211860657	0.9999998211860657	0.9999998211860657
control	500	10	anchor0_non_h	stored_successor_z	250	0.9999999403953552	0.9999998211860657	0.9999998807907104	0.9999998807907104	0.9999998807907104
control	500	10	h_rows_other_anchors	stored_successor_z	90	0.9999999403953552	0.9999998211860657	0.9999998807907104	0.9999998807907104	0.9999999403953552
control	500	10	all_anchor_rows	stored_successor_z	4096	0.9999999403953552	0.9999998211860657	0.9999998807907104	0.9999998807907104	1.0
control	500	10	anchor0_h	stored_successor_s	6	1.0	1.0	1.0	1.0	1.0
control	500	10	anchor0_non_h	stored_successor_s	250	1.0	1.0	1.0	1.0	1.0
control	500	10	h_rows_other_anchors	stored_successor_s	90	1.0	1.0	1.0	1.0	1.0
control	500	10	all_anchor_rows	stored_successor_s	4096	1.0	1.0	1.0	1.0	1.0000001192092896
control	500	11	anchor0_h	rotated_z	6	0.9999998211860657	0.9999998211860657	0.9999998211860657	0.9999998211860657	0.9999998211860657
control	500	11	anchor0_non_h	rotated_z	250	0.9999999403953552	0.9999998211860657	0.9999998807907104	0.9999998807907104	0.9999998807907104
control	500	11	h_rows_other_anchors	rotated_z	90	0.9999999403953552	0.9999998211860657	0.9999998807907104	0.9999998807907104	0.9999998807907104
control	500	11	all_anchor_rows	rotated_z	4096	0.9999999403953552	0.9999998211860657	0.9999998807907104	0.9999998807907104	1.0
control	500	11	anchor0_h	rotated_s	6	1.0	1.0	1.0	1.0	1.0
control	500	11	anchor0_non_h	rotated_s	250	1.0	1.0	1.0	1.0	1.0
control	500	11	h_rows_other_anchors	rotated_s	90	1.0	1.0	1.0	1.0	1.0
control	500	11	all_anchor_rows	rotated_s	4096	1.0	1.0	1.0	1.0	1.0000001192092896
control	500	11	anchor0_h	prior_p	6	0.4838196337223053	0.4838196337223053	0.4838196337223053	0.4838196337223053	0.4838196337223053
control	500	11	anchor0_non_h	prior_p	250	0.4838317930698395	0.48383232951164246	0.48385199904441833	0.48390185832977295	0.48392319679260254
control	500	11	h_rows_other_anchors	prior_p	90	0.48383742570877075	0.48383766412734985	0.4838751554489136	0.48395419120788574	0.48395872116088867
control	500	11	all_anchor_rows	prior_p	4096	0.483837366104126	0.4838325083255768	0.4838768541812897	0.48395660519599915	0.48399075865745544
control	500	11	anchor0_h	innovation_w	6	6.3782525062561035	6.3782525062561035	6.3782525062561035	6.3782525062561035	6.3782525062561035
control	500	11	anchor0_non_h	innovation_w	250	6.378559112548828	6.378547191619873	6.379085540771484	6.380376815795898	6.380931854248047
control	500	11	h_rows_other_anchors	innovation_w	90	6.378706932067871	6.3787150382995605	6.379681587219238	6.381720542907715	6.381836414337158
control	500	11	all_anchor_rows	innovation_w	4096	6.378704071044922	6.378583908081055	6.379728317260742	6.3817853927612305	6.382666110992432
control	500	11	anchor0_h	raw_successor_z	6	1.740430474281311	1.740430474281311	1.740430474281311	1.740430474281311	1.740430474281311
control	500	11	anchor0_non_h	raw_successor_z	250	1.7404887676239014	1.7404450178146362	1.7407197952270508	1.741248369216919	1.7414957284927368
control	500	11	h_rows_other_anchors	raw_successor_z	90	1.7405568361282349	1.7405908107757568	1.7409343719482422	1.7417041063308716	1.7417303323745728
control	500	11	all_anchor_rows	raw_successor_z	4096	1.7405402660369873	1.740537166595459	1.7409313917160034	1.7417303323745728	1.742064118385315
control	500	11	anchor0_h	raw_updated_s	6	7.377155780792236	7.3771562576293945	7.3771562576293945	7.3771562576293945	7.3771562576293945
control	500	11	anchor0_non_h	raw_updated_s	250	7.377463340759277	7.3774518966674805	7.377988338470459	7.379279136657715	7.379834175109863
control	500	11	h_rows_other_anchors	raw_updated_s	90	7.377610206604004	7.377618789672852	7.378584384918213	7.380622863769531	7.380738258361816
control	500	11	all_anchor_rows	raw_updated_s	4096	7.377607822418213	7.3774871826171875	7.378631114959717	7.380687236785889	7.38156795501709
control	500	11	anchor0_h	z_boundary_denominator	6	1.7404307126998901	1.7404307126998901	1.7404307126998901	1.7404307126998901	1.7404307126998901
control	500	11	anchor0_non_h	z_boundary_denominator	250	1.740488886833191	1.7404452562332153	1.7407200336456299	1.741248607635498	1.741495966911316
control	500	11	h_rows_other_anchors	z_boundary_denominator	90	1.7405571937561035	1.740591049194336	1.7409346103668213	1.7417044639587402	1.7417306900024414
control	500	11	all_anchor_rows	z_boundary_denominator	4096	1.7405405044555664	1.740537405014038	1.740931749343872	1.7417306900024414	1.742064356803894
control	500	11	anchor0_h	s_boundary_denominator	6	7.377155780792236	7.3771562576293945	7.3771562576293945	7.3771562576293945	7.3771562576293945
control	500	11	anchor0_non_h	s_boundary_denominator	250	7.377463340759277	7.3774518966674805	7.377988338470459	7.379279136657715	7.379834175109863
control	500	11	h_rows_other_anchors	s_boundary_denominator	90	7.377610206604004	7.377618789672852	7.378584384918213	7.380622863769531	7.380738258361816
control	500	11	all_anchor_rows	s_boundary_denominator	4096	7.377607822418213	7.3774871826171875	7.378631114959717	7.380687236785889	7.38156795501709
control	500	11	anchor0_h	stored_successor_z	6	0.9999998211860657	0.9999998211860657	0.9999998211860657	0.9999998211860657	0.9999998211860657
control	500	11	anchor0_non_h	stored_successor_z	250	0.9999999403953552	0.9999998807907104	0.9999998807907104	0.9999998807907104	0.9999998807907104
control	500	11	h_rows_other_anchors	stored_successor_z	90	0.9999999403953552	0.9999998807907104	0.9999998807907104	0.9999998807907104	0.9999998807907104
control	500	11	all_anchor_rows	stored_successor_z	4096	0.9999999403953552	0.9999998807907104	0.9999998807907104	0.9999999403953552	1.0
control	500	11	anchor0_h	stored_successor_s	6	1.0	1.0	1.0	1.0	1.0
control	500	11	anchor0_non_h	stored_successor_s	250	1.0	1.0	1.0	1.0	1.0
control	500	11	h_rows_other_anchors	stored_successor_s	90	1.0	1.0	1.0	1.0	1.0
control	500	11	all_anchor_rows	stored_successor_s	4096	1.0	1.0	1.0	1.0	1.0000001192092896
control	500	12	anchor0_h	rotated_z	6	0.9999998211860657	0.9999998211860657	0.9999998211860657	0.9999998211860657	0.9999998211860657
control	500	12	anchor0_non_h	rotated_z	250	0.9999999403953552	0.9999998211860657	0.9999998807907104	0.9999998807907104	0.9999998807907104
control	500	12	h_rows_other_anchors	rotated_z	90	0.9999999403953552	0.9999998807907104	0.9999998807907104	0.9999998807907104	0.9999998807907104
control	500	12	all_anchor_rows	rotated_z	4096	0.9999999403953552	0.9999998807907104	0.9999998807907104	0.9999998807907104	1.0
control	500	12	anchor0_h	rotated_s	6	1.0	1.0	1.0	1.0	1.0
control	500	12	anchor0_non_h	rotated_s	250	1.0	1.0	1.0	1.0	1.0
control	500	12	h_rows_other_anchors	rotated_s	90	1.0	1.0	1.0	1.0	1.0
control	500	12	all_anchor_rows	rotated_s	4096	1.0	1.0	1.0	1.0	1.0000001192092896
control	500	12	anchor0_h	prior_p	6	0.4838413894176483	0.4838413596153259	0.4838413596153259	0.4838413596153259	0.4838413596153259
control	500	12	anchor0_non_h	prior_p	250	0.4838283061981201	0.48383834958076477	0.48384809494018555	0.48385703563690186	0.48386862874031067
control	500	12	h_rows_other_anchors	prior_p	90	0.48383229970932007	0.48383840918540955	0.48384976387023926	0.48386049270629883	0.4838770031929016
control	500	12	all_anchor_rows	prior_p	4096	0.48382824659347534	0.48383828997612	0.4838489890098572	0.4838583767414093	0.4838784635066986
control	500	12	anchor0_h	innovation_w	6	6.378804683685303	6.378804683685303	6.378804683685303	6.378804683685303	6.378804683685303
control	500	12	anchor0_non_h	innovation_w	250	6.3784685134887695	6.378724098205566	6.378977298736572	6.379202842712402	6.379495620727539
control	500	12	h_rows_other_anchors	innovation_w	90	6.37856912612915	6.378727912902832	6.3790178298950195	6.379294395446777	6.379716873168945
control	500	12	all_anchor_rows	innovation_w	4096	6.378466606140137	6.378724098205566	6.378996849060059	6.379235744476318	6.379756450653076
control	500	12	anchor0_h	raw_successor_z	6	1.740566611289978	1.7405667304992676	1.7405667304992676	1.7405667304992676	1.7405667304992676
control	500	12	anchor0_non_h	raw_successor_z	250	1.740444302558899	1.7405163049697876	1.7406260967254639	1.7406748533248901	1.740722417831421
control	500	12	h_rows_other_anchors	raw_successor_z	90	1.7404742240905762	1.7405283451080322	1.740605354309082	1.740720510482788	1.7408539056777954
control	500	12	all_anchor_rows	raw_successor_z	4096	1.740439534187317	1.7405227422714233	1.7406070232391357	1.7406940460205078	1.7408777475357056
control	500	12	anchor0_h	raw_updated_s	6	7.377708435058594	7.377708435058594	7.377708435058594	7.377708435058594	7.377708435058594
control	500	12	anchor0_non_h	raw_updated_s	250	7.3773722648620605	7.377627849578857	7.377881050109863	7.378106117248535	7.378398895263672
control	500	12	h_rows_other_anchors	raw_updated_s	90	7.377472400665283	7.377631187438965	7.3779215812683105	7.378198146820068	7.378620624542236
control	500	12	all_anchor_rows	raw_updated_s	4096	7.3773698806762695	7.377627849578857	7.377901077270508	7.378139495849609	7.378659248352051
control	500	12	anchor0_h	z_boundary_denominator	6	1.7405670881271362	1.7405670881271362	1.7405670881271362	1.7405670881271362	1.7405670881271362
control	500	12	anchor0_non_h	z_boundary_denominator	250	1.7404448986053467	1.7405165433883667	1.740626335144043	1.7406750917434692	1.74072265625
control	500	12	h_rows_other_anchors	z_boundary_denominator	90	1.7404744625091553	1.7405285835266113	1.7406055927276611	1.7407207489013672	1.740854263305664
control	500	12	all_anchor_rows	z_boundary_denominator	4096	1.740439772605896	1.740523099899292	1.7406073808670044	1.740694284439087	1.7408779859542847
control	500	12	anchor0_h	s_boundary_denominator	6	7.377708435058594	7.377708435058594	7.377708435058594	7.377708435058594	7.377708435058594
control	500	12	anchor0_non_h	s_boundary_denominator	250	7.3773722648620605	7.377627849578857	7.377881050109863	7.378106117248535	7.378398895263672
control	500	12	h_rows_other_anchors	s_boundary_denominator	90	7.377472400665283	7.377631187438965	7.3779215812683105	7.378198146820068	7.378620624542236
control	500	12	all_anchor_rows	s_boundary_denominator	4096	7.3773698806762695	7.377627849578857	7.377901077270508	7.378139495849609	7.378659248352051
control	500	12	anchor0_h	stored_successor_z	6	0.9999998211860657	0.9999998211860657	0.9999998211860657	0.9999998211860657	0.9999998211860657
control	500	12	anchor0_non_h	stored_successor_z	250	0.9999999403953552	0.9999998807907104	0.9999998807907104	0.9999998807907104	0.9999998807907104
control	500	12	h_rows_other_anchors	stored_successor_z	90	0.9999999403953552	0.9999998807907104	0.9999998807907104	0.9999998807907104	0.9999999403953552
control	500	12	all_anchor_rows	stored_successor_z	4096	0.9999999403953552	0.9999998807907104	0.9999998807907104	0.9999998807907104	1.0
control	500	12	anchor0_h	stored_successor_s	6	0.9999999403953552	0.9999998807907104	0.9999998807907104	0.9999998807907104	0.9999998807907104
control	500	12	anchor0_non_h	stored_successor_s	250	1.0	1.0	1.0	1.0	1.0
control	500	12	h_rows_other_anchors	stored_successor_s	90	1.0	1.0	1.0	1.0	1.0
control	500	12	all_anchor_rows	stored_successor_s	4096	1.0	1.0	1.0	1.0	1.0000001192092896
control	500	13	anchor0_h	rotated_z	6	0.9999998211860657	0.9999998211860657	0.9999998211860657	0.9999998211860657	0.9999998211860657
control	500	13	anchor0_non_h	rotated_z	250	0.9999999403953552	0.9999998211860657	0.9999998807907104	0.9999999403953552	0.9999999403953552
control	500	13	h_rows_other_anchors	rotated_z	90	0.9999999403953552	0.9999998807907104	0.9999998807907104	0.9999998807907104	0.9999999403953552
control	500	13	all_anchor_rows	rotated_z	4096	0.9999999403953552	0.9999998807907104	0.9999998807907104	0.9999999403953552	1.0
control	500	13	anchor0_h	rotated_s	6	0.9999999403953552	0.9999998807907104	0.9999998807907104	0.9999998807907104	0.9999998807907104
control	500	13	anchor0_non_h	rotated_s	250	1.0	1.0	1.0	1.0	1.0
control	500	13	h_rows_other_anchors	rotated_s	90	1.0	1.0	1.0	1.0	1.0
control	500	13	all_anchor_rows	rotated_s	4096	1.0	1.0	1.0	1.0	1.0000001192092896
control	500	13	anchor0_h	prior_p	6	0.4838257133960724	0.4838257431983948	0.4838257431983948	0.4838257431983948	0.4838257431983948
control	500	13	anchor0_non_h	prior_p	250	0.48382532596588135	0.4838252067565918	0.4838316738605499	0.48383620381355286	0.48384198546409607
control	500	13	h_rows_other_anchors	prior_p	90	0.48382368683815	0.4838225841522217	0.48383307456970215	0.48384734988212585	0.4838491380214691
control	500	13	all_anchor_rows	prior_p	4096	0.4838241934776306	0.4838237464427948	0.4838332533836365	0.48384860157966614	0.48385536670684814
control	500	13	anchor0_h	innovation_w	6	6.378402233123779	6.378401756286621	6.378401756286621	6.378401756286621	6.378401756286621
control	500	13	anchor0_non_h	innovation_w	250	6.378391742706299	6.378387928009033	6.3785600662231445	6.378671646118164	6.37882137298584
control	500	13	h_rows_other_anchors	innovation_w	90	6.378350734710693	6.378322124481201	6.378594875335693	6.378958702087402	6.379003047943115
control	500	13	all_anchor_rows	innovation_w	4096	6.378364086151123	6.37835168838501	6.378599643707275	6.3789896965026855	6.37916374206543
control	500	13	anchor0_h	raw_successor_z	6	1.7404149770736694	1.7404149770736694	1.7404149770736694	1.7404149770736694	1.7404149770736694
control	500	13	anchor0_non_h	raw_successor_z	250	1.7404214143753052	1.7404108047485352	1.7405157089233398	1.7405157089233398	1.7405805587768555
control	500	13	h_rows_other_anchors	raw_successor_z	90	1.7404046058654785	1.7403939962387085	1.7405242919921875	1.7406100034713745	1.7406264543533325
control	500	13	all_anchor_rows	raw_successor_z	4096	1.7404122352600098	1.7404003143310547	1.740526556968689	1.7406187057495117	1.7406814098358154
control	500	13	anchor0_h	raw_updated_s	6	7.377305507659912	7.377305507659912	7.377305507659912	7.377305507659912	7.377305507659912
control	500	13	anchor0_non_h	raw_updated_s	250	7.37729549407959	7.377291679382324	7.377463340759277	7.377575397491455	7.377725124359131
control	500	13	h_rows_other_anchors	raw_updated_s	90	7.377254009246826	7.377225875854492	7.377499103546143	7.377861976623535	7.377906799316406
control	500	13	all_anchor_rows	raw_updated_s	4096	7.377267837524414	7.377255439758301	7.377503395080566	7.377892971038818	7.378066539764404
control	500	13	anchor0_h	z_boundary_denominator	6	1.7404154539108276	1.740415334701538	1.740415334701538	1.740415334701538	1.740415334701538
control	500	13	anchor0_non_h	z_boundary_denominator	250	1.7404217720031738	1.7404110431671143	1.7405160665512085	1.7405160665512085	1.7405809164047241
control	500	13	h_rows_other_anchors	z_boundary_denominator	90	1.7404049634933472	1.7403943538665771	1.7405245304107666	1.7406102418899536	1.7406268119812012
control	500	13	all_anchor_rows	z_boundary_denominator	4096	1.7404124736785889	1.7404006719589233	1.740526795387268	1.7406190633773804	1.7406816482543945
control	500	13	anchor0_h	s_boundary_denominator	6	7.377305507659912	7.377305507659912	7.377305507659912	7.377305507659912	7.377305507659912
control	500	13	anchor0_non_h	s_boundary_denominator	250	7.37729549407959	7.377291679382324	7.377463340759277	7.377575397491455	7.377725124359131
control	500	13	h_rows_other_anchors	s_boundary_denominator	90	7.377254009246826	7.377225875854492	7.377499103546143	7.377861976623535	7.377906799316406
control	500	13	all_anchor_rows	s_boundary_denominator	4096	7.377267837524414	7.377255439758301	7.377503395080566	7.377892971038818	7.378066539764404
control	500	13	anchor0_h	stored_successor_z	6	0.9999999403953552	0.9999998807907104	0.9999998807907104	0.9999998807907104	0.9999998807907104
control	500	13	anchor0_non_h	stored_successor_z	250	0.9999999403953552	0.9999998807907104	0.9999998807907104	0.9999998807907104	0.9999999403953552
control	500	13	h_rows_other_anchors	stored_successor_z	90	0.9999999403953552	0.9999998807907104	0.9999998807907104	0.9999998807907104	0.9999998807907104
control	500	13	all_anchor_rows	stored_successor_z	4096	0.9999999403953552	0.9999998807907104	0.9999998807907104	0.9999998807907104	0.9999999403953552
control	500	13	anchor0_h	stored_successor_s	6	1.0	1.0	1.0	1.0	1.0
control	500	13	anchor0_non_h	stored_successor_s	250	1.0	0.9999999403953552	1.0	1.0	1.0
control	500	13	h_rows_other_anchors	stored_successor_s	90	1.0	1.0	1.0	1.0	1.0
control	500	13	all_anchor_rows	stored_successor_s	4096	1.0	1.0	1.0	1.0	1.0000001192092896
control	500	14	anchor0_h	rotated_z	6	0.9999999403953552	0.9999998807907104	0.9999998807907104	0.9999998807907104	0.9999998807907104
control	500	14	anchor0_non_h	rotated_z	250	0.9999999403953552	0.9999998807907104	0.9999998807907104	0.9999998807907104	0.9999998807907104
control	500	14	h_rows_other_anchors	rotated_z	90	0.9999999403953552	0.9999998807907104	0.9999998807907104	0.9999998807907104	0.9999998807907104
control	500	14	all_anchor_rows	rotated_z	4096	0.9999999403953552	0.9999998807907104	0.9999998807907104	0.9999998807907104	1.0
control	500	14	anchor0_h	rotated_s	6	1.0	1.0	1.0	1.0	1.0
control	500	14	anchor0_non_h	rotated_s	250	1.0	0.9999999403953552	1.0	1.0	1.0
control	500	14	h_rows_other_anchors	rotated_s	90	1.0	1.0	1.0	1.0	1.0
control	500	14	all_anchor_rows	rotated_s	4096	1.0	1.0	1.0	1.0	1.0000001192092896
control	500	14	anchor0_h	prior_p	6	0.4838239252567291	0.4838239252567291	0.4838239252567291	0.4838239252567291	0.4838239252567291
control	500	14	anchor0_non_h	prior_p	250	0.4838264286518097	0.4838251769542694	0.4838351309299469	0.4838351309299469	0.4838351309299469
control	500	14	h_rows_other_anchors	prior_p	90	0.4838258922100067	0.4838249087333679	0.4838339388370514	0.48383456468582153	0.4838348925113678
control	500	14	all_anchor_rows	prior_p	4096	0.48382657766342163	0.48382508754730225	0.48383429646492004	0.4838351309299469	0.4838356673717499
control	500	14	anchor0_h	innovation_w	6	6.378357410430908	6.378357410430908	6.378357410430908	6.378357410430908	6.378357410430908
control	500	14	anchor0_non_h	innovation_w	250	6.378420352935791	6.378389358520508	6.3786444664001465	6.3786444664001465	6.3786444664001465
control	500	14	h_rows_other_anchors	innovation_w	90	6.378407955169678	6.378381729125977	6.378613471984863	6.378628730773926	6.37863826751709
control	500	14	all_anchor_rows	innovation_w	4096	6.378425121307373	6.378386974334717	6.378622055053711	6.3786444664001465	6.378658294677734
control	500	14	anchor0_h	raw_successor_z	6	1.7404118776321411	1.7404118776321411	1.7404118776321411	1.7404118776321411	1.7404118776321411
control	500	14	anchor0_non_h	raw_successor_z	250	1.7404334545135498	1.740426778793335	1.7405036687850952	1.7405036687850952	1.7405036687850952
control	500	14	h_rows_other_anchors	raw_successor_z	90	1.740430235862732	1.7404229640960693	1.740492582321167	1.7404975891113281	1.740500569343567
control	500	14	all_anchor_rows	raw_successor_z	4096	1.7404358386993408	1.7404247522354126	1.7404953241348267	1.7405036687850952	1.7405070066452026
control	500	14	anchor0_h	raw_updated_s	6	7.377261638641357	7.377261161804199	7.377261161804199	7.377261161804199	7.377261161804199
control	500	14	anchor0_non_h	raw_updated_s	250	7.37732458114624	7.377293586730957	7.3775482177734375	7.3775482177734375	7.3775482177734375
control	500	14	h_rows_other_anchors	raw_updated_s	90	7.377311706542969	7.377285957336426	7.3775177001953125	7.377532482147217	7.377542495727539
control	500	14	all_anchor_rows	raw_updated_s	4096	7.377328872680664	7.377290725708008	7.37752628326416	7.3775482177734375	7.377561569213867
control	500	14	anchor0_h	z_boundary_denominator	6	1.7404121160507202	1.7404121160507202	1.7404121160507202	1.7404121160507202	1.7404121160507202
control	500	14	anchor0_non_h	z_boundary_denominator	250	1.740433692932129	1.740427017211914	1.7405039072036743	1.7405039072036743	1.7405039072036743
control	500	14	h_rows_other_anchors	z_boundary_denominator	90	1.7404303550720215	1.7404232025146484	1.740492820739746	1.7404978275299072	1.7405009269714355
control	500	14	all_anchor_rows	z_boundary_denominator	4096	1.74043607711792	1.7404251098632812	1.7404955625534058	1.7405039072036743	1.7405073642730713
control	500	14	anchor0_h	s_boundary_denominator	6	7.377261638641357	7.377261161804199	7.377261161804199	7.377261161804199	7.377261161804199
control	500	14	anchor0_non_h	s_boundary_denominator	250	7.37732458114624	7.377293586730957	7.3775482177734375	7.3775482177734375	7.3775482177734375
control	500	14	h_rows_other_anchors	s_boundary_denominator	90	7.377311706542969	7.377285957336426	7.3775177001953125	7.377532482147217	7.377542495727539
control	500	14	all_anchor_rows	s_boundary_denominator	4096	7.377328872680664	7.377290725708008	7.37752628326416	7.3775482177734375	7.377561569213867
control	500	14	anchor0_h	stored_successor_z	6	0.9999999403953552	0.9999998807907104	0.9999998807907104	0.9999998807907104	0.9999998807907104
control	500	14	anchor0_non_h	stored_successor_z	250	0.9999999403953552	0.9999998211860657	0.9999998807907104	0.9999998807907104	0.9999998807907104
control	500	14	h_rows_other_anchors	stored_successor_z	90	0.9999999403953552	0.9999998807907104	0.9999998807907104	0.9999998807907104	0.9999999403953552
control	500	14	all_anchor_rows	stored_successor_z	4096	0.9999999403953552	0.9999998807907104	0.9999998807907104	0.9999998807907104	1.0
control	500	14	anchor0_h	stored_successor_s	6	1.0	1.0	1.0	1.0	1.0
control	500	14	anchor0_non_h	stored_successor_s	250	1.0	1.0	1.0	1.0	1.0
control	500	14	h_rows_other_anchors	stored_successor_s	90	1.0	1.0	1.0	1.0	1.0
control	500	14	all_anchor_rows	stored_successor_s	4096	1.0	1.0	1.0	1.0	1.0000001192092896
control	500	15	anchor0_h	rotated_z	6	0.9999999403953552	0.9999998807907104	0.9999998807907104	0.9999998807907104	0.9999998807907104
control	500	15	anchor0_non_h	rotated_z	250	0.9999999403953552	0.9999998211860657	0.9999998807907104	0.9999998807907104	0.9999998807907104
control	500	15	h_rows_other_anchors	rotated_z	90	0.9999999403953552	0.9999998807907104	0.9999998807907104	0.9999998807907104	0.9999998807907104
control	500	15	all_anchor_rows	rotated_z	4096	0.9999999403953552	0.9999998807907104	0.9999998807907104	0.9999999403953552	0.9999999403953552
control	500	15	anchor0_h	rotated_s	6	1.0	1.0	1.0	1.0	1.0
control	500	15	anchor0_non_h	rotated_s	250	1.0	1.0	1.0	1.0	1.0
control	500	15	h_rows_other_anchors	rotated_s	90	1.0	1.0	1.0	1.0	1.0
control	500	15	all_anchor_rows	rotated_s	4096	1.0	1.0	1.0	1.0	1.0000001192092896
control	500	15	anchor0_h	prior_p	6	0.483827143907547	0.483827143907547	0.483827143907547	0.483827143907547	0.483827143907547
control	500	15	anchor0_non_h	prior_p	250	0.48382681608200073	0.4838271737098694	0.48382845520973206	0.4838305115699768	0.4838317334651947
control	500	15	h_rows_other_anchors	prior_p	90	0.4838271737098694	0.48382747173309326	0.4838288426399231	0.4838317334651947	0.48383185267448425
control	500	15	all_anchor_rows	prior_p	4096	0.48382702469825745	0.4838273525238037	0.4838288128376007	0.4838319420814514	0.48383310437202454
control	500	15	anchor0_h	innovation_w	6	6.378439426422119	6.378439426422119	6.378439426422119	6.378439426422119	6.378439426422119
control	500	15	anchor0_non_h	innovation_w	250	6.378431797027588	6.378439903259277	6.37847375869751	6.378525257110596	6.3785576820373535
control	500	15	h_rows_other_anchors	innovation_w	90	6.3784403800964355	6.378448486328125	6.378483772277832	6.378556728363037	6.3785600662231445
control	500	15	all_anchor_rows	innovation_w	4096	6.3784356117248535	6.378444671630859	6.378481864929199	6.378562927246094	6.3785929679870605
control	500	15	anchor0_h	raw_successor_z	6	1.7404412031173706	1.740441083908081	1.740441083908081	1.740441083908081	1.740441083908081
control	500	15	anchor0_non_h	raw_successor_z	250	1.74043607711792	1.7404406070709229	1.7404531240463257	1.7404701709747314	1.740481972694397
control	500	15	h_rows_other_anchors	raw_successor_z	90	1.7404396533966064	1.740443468093872	1.7404563426971436	1.740478277206421	1.7404803037643433
control	500	15	all_anchor_rows	raw_successor_z	4096	1.7404375076293945	1.740442156791687	1.740456223487854	1.7404813766479492	1.740491509437561
control	500	15	anchor0_h	raw_updated_s	6	7.377343654632568	7.377343654632568	7.377343654632568	7.377343654632568	7.377343654632568
control	500	15	anchor0_non_h	raw_updated_s	250	7.377335071563721	7.377344131469727	7.377377510070801	7.377429008483887	7.3774614334106445
control	500	15	h_rows_other_anchors	raw_updated_s	90	7.377345085144043	7.377351760864258	7.377387523651123	7.377460479736328	7.3774638175964355
control	500	15	all_anchor_rows	raw_updated_s	4096	7.3773393630981445	7.37734842300415	7.377386093139648	7.377466678619385	7.377496719360352
control	500	15	anchor0_h	z_boundary_denominator	6	1.7404413223266602	1.7404413223266602	1.7404413223266602	1.7404413223266602	1.7404413223266602
control	500	15	anchor0_non_h	z_boundary_denominator	250	1.740436315536499	1.740440845489502	1.7404533624649048	1.7404704093933105	1.740482211112976
control	500	15	h_rows_other_anchors	z_boundary_denominator	90	1.7404398918151855	1.7404437065124512	1.7404567003250122	1.7404786348342896	1.7404805421829224
control	500	15	all_anchor_rows	z_boundary_denominator	4096	1.7404377460479736	1.7404423952102661	1.740456461906433	1.7404816150665283	1.7404917478561401
control	500	15	anchor0_h	s_boundary_denominator	6	7.377343654632568	7.377343654632568	7.377343654632568	7.377343654632568	7.377343654632568
control	500	15	anchor0_non_h	s_boundary_denominator	250	7.377335071563721	7.377344131469727	7.377377510070801	7.377429008483887	7.3774614334106445
control	500	15	h_rows_other_anchors	s_boundary_denominator	90	7.377345085144043	7.377351760864258	7.377387523651123	7.377460479736328	7.3774638175964355
control	500	15	all_anchor_rows	s_boundary_denominator	4096	7.3773393630981445	7.37734842300415	7.377386093139648	7.377466678619385	7.377496719360352
control	500	15	anchor0_h	stored_successor_z	6	0.9999999403953552	0.9999998807907104	0.9999998807907104	0.9999998807907104	0.9999998807907104
control	500	15	anchor0_non_h	stored_successor_z	250	0.9999999403953552	0.9999998211860657	0.9999998807907104	0.9999998807907104	0.9999999403953552
control	500	15	h_rows_other_anchors	stored_successor_z	90	0.9999999403953552	0.9999998211860657	0.9999998807907104	0.9999998807907104	0.9999999403953552
control	500	15	all_anchor_rows	stored_successor_z	4096	0.9999999403953552	0.9999998211860657	0.9999998807907104	0.9999998807907104	0.9999999403953552
control	500	15	anchor0_h	stored_successor_s	6	0.9999999403953552	0.9999999403953552	0.9999999403953552	0.9999999403953552	0.9999999403953552
control	500	15	anchor0_non_h	stored_successor_s	250	1.0	0.9999999403953552	1.0	1.0	1.0
control	500	15	h_rows_other_anchors	stored_successor_s	90	1.0	1.0	1.0	1.0	1.0
control	500	15	all_anchor_rows	stored_successor_s	4096	1.0	1.0	1.0	1.0	1.0000001192092896
control	500	16	anchor0_h	rotated_z	6	0.9999999403953552	0.9999998807907104	0.9999998807907104	0.9999998807907104	0.9999998807907104
control	500	16	anchor0_non_h	rotated_z	250	0.9999999403953552	0.9999998211860657	0.9999998807907104	0.9999998807907104	0.9999998807907104
control	500	16	h_rows_other_anchors	rotated_z	90	0.9999999403953552	0.9999998211860657	0.9999998807907104	0.9999998807907104	0.9999999403953552
control	500	16	all_anchor_rows	rotated_z	4096	0.9999999403953552	0.9999998211860657	0.9999998807907104	0.9999998807907104	1.0
control	500	16	anchor0_h	rotated_s	6	1.0	1.0	1.0	1.0	1.0
control	500	16	anchor0_non_h	rotated_s	250	1.0	1.0	1.0	1.0	1.0000001192092896
control	500	16	h_rows_other_anchors	rotated_s	90	1.0	1.0	1.0	1.0	1.0
control	500	16	all_anchor_rows	rotated_s	4096	1.0	1.0	1.0	1.0	1.0000001192092896
control	500	16	anchor0_h	prior_p	6	0.4838270843029022	0.48382705450057983	0.48382705450057983	0.48382705450057983	0.48382705450057983
control	500	16	anchor0_non_h	prior_p	250	0.48382654786109924	0.4838266968727112	0.4838272035121918	0.4838273525238037	0.4838273525238037
control	500	16	h_rows_other_anchors	prior_p	90	0.48382657766342163	0.48382672667503357	0.48382696509361267	0.48382773995399475	0.48382776975631714
control	500	16	all_anchor_rows	prior_p	4096	0.48382648825645447	0.4838266670703888	0.48382705450057983	0.4838278293609619	0.4838280975818634
control	500	16	anchor0_h	innovation_w	6	6.378437042236328	6.378437042236328	6.378437042236328	6.378437042236328	6.378437042236328
control	500	16	anchor0_non_h	innovation_w	250	6.378423690795898	6.378427505493164	6.378440856933594	6.378445625305176	6.378445625305176
control	500	16	h_rows_other_anchors	innovation_w	90	6.378425598144531	6.3784284591674805	6.378435134887695	6.378454685211182	6.37845516204834
control	500	16	all_anchor_rows	innovation_w	4096	6.378422260284424	6.378426551818848	6.378437519073486	6.378456115722656	6.378464698791504
control	500	16	anchor0_h	raw_successor_z	6	1.740437626838684	1.7404377460479736	1.7404377460479736	1.7404377460479736	1.7404377460479736
control	500	16	anchor0_non_h	raw_successor_z	250	1.7404334545135498	1.7404340505599976	1.7404394149780273	1.7404416799545288	1.7404416799545288
control	500	16	h_rows_other_anchors	raw_successor_z	90	1.7404334545135498	1.7404346466064453	1.740437388420105	1.7404464483261108	1.74044668674469
control	500	16	all_anchor_rows	raw_successor_z	4096	1.7404327392578125	1.7404340505599976	1.7404375076293945	1.7404472827911377	1.7404509782791138
control	500	16	anchor0_h	raw_updated_s	6	7.377340793609619	7.377340316772461	7.377340316772461	7.377340316772461	7.377340316772461
control	500	16	anchor0_non_h	raw_updated_s	250	7.377327919006348	7.377331256866455	7.377344608306885	7.377348899841309	7.377348899841309
control	500	16	h_rows_other_anchors	raw_updated_s	90	7.377329349517822	7.3773322105407715	7.3773393630981445	7.377358436584473	7.377358913421631
control	500	16	all_anchor_rows	raw_updated_s	4096	7.377326011657715	7.377330780029297	7.377341270446777	7.3773603439331055	7.377368450164795
control	500	16	anchor0_h	z_boundary_denominator	6	1.7404381036758423	1.7404379844665527	1.7404379844665527	1.7404379844665527	1.7404379844665527
control	500	16	anchor0_non_h	z_boundary_denominator	250	1.740433931350708	1.7404342889785767	1.7404396533966064	1.7404420375823975	1.7404420375823975
control	500	16	h_rows_other_anchors	z_boundary_denominator	90	1.7404340505599976	1.7404348850250244	1.740437626838684	1.74044668674469	1.7404470443725586
control	500	16	all_anchor_rows	z_boundary_denominator	4096	1.7404330968856812	1.7404342889785767	1.7404377460479736	1.7404475212097168	1.7404513359069824
control	500	16	anchor0_h	s_boundary_denominator	6	7.377340793609619	7.377340316772461	7.377340316772461	7.377340316772461	7.377340316772461
control	500	16	anchor0_non_h	s_boundary_denominator	250	7.377327919006348	7.377331256866455	7.377344608306885	7.377348899841309	7.377348899841309
control	500	16	h_rows_other_anchors	s_boundary_denominator	90	7.377329349517822	7.3773322105407715	7.3773393630981445	7.377358436584473	7.377358913421631
control	500	16	all_anchor_rows	s_boundary_denominator	4096	7.377326011657715	7.377330780029297	7.377341270446777	7.3773603439331055	7.377368450164795
control	500	16	anchor0_h	stored_successor_z	6	0.9999998211860657	0.9999998211860657	0.9999998211860657	0.9999998211860657	0.9999998211860657
control	500	16	anchor0_non_h	stored_successor_z	250	0.9999999403953552	0.9999998211860657	0.9999998807907104	0.9999998807907104	0.9999998807907104
control	500	16	h_rows_other_anchors	stored_successor_z	90	0.9999999403953552	0.9999998807907104	0.9999998807907104	0.9999998807907104	0.9999999403953552
control	500	16	all_anchor_rows	stored_successor_z	4096	0.9999999403953552	0.9999998211860657	0.9999998807907104	0.9999999403953552	1.0
control	500	16	anchor0_h	stored_successor_s	6	1.0	1.0	1.0	1.0	1.0
control	500	16	anchor0_non_h	stored_successor_s	250	1.0	1.0	1.0	1.0	1.0
control	500	16	h_rows_other_anchors	stored_successor_s	90	1.0	1.0	1.0	1.0	1.0
control	500	16	all_anchor_rows	stored_successor_s	4096	1.0	1.0	1.0	1.0	1.0000001192092896
candidate	1000	0	anchor0_h	raw_encoded_root	6	1.906192660331726	1.9061925411224365	1.9061925411224365	1.9061925411224365	1.9061925411224365
candidate	1000	0	anchor0_non_h	raw_encoded_root	250	3.0745418071746826	2.5673229694366455	5.0941877365112305	5.300357341766357	5.554854393005371
candidate	1000	0	h_rows_other_anchors	raw_encoded_root	90	3.185391902923584	2.5914347171783447	5.057519912719727	5.195119380950928	5.209313869476318
candidate	1000	0	all_anchor_rows	raw_encoded_root	4096	3.327585458755493	2.606304168701172	5.142809867858887	5.2244181632995605	5.554854393005371
candidate	1000	0	anchor0_h	initialized_recurrent_root	6	0.9999999403953552	0.9999999403953552	0.9999999403953552	0.9999999403953552	0.9999999403953552
candidate	1000	0	anchor0_non_h	initialized_recurrent_root	250	1.0	0.9999998807907104	1.0	1.0000001192092896	1.0000001192092896
candidate	1000	0	h_rows_other_anchors	initialized_recurrent_root	90	0.9999999403953552	0.9999998807907104	1.0	1.0	1.0
candidate	1000	0	all_anchor_rows	initialized_recurrent_root	4096	1.0	0.9999998807907104	1.0	1.0	1.0000001192092896
candidate	1000	0	anchor0_h	initialized_memory	6	1.280884861946106	1.280884861946106	1.280884861946106	1.280884861946106	1.280884861946106
candidate	1000	0	anchor0_non_h	initialized_memory	250	0.9955198764801025	0.9402357935905457	1.5216805934906006	1.5216805934906006	1.7419915199279785
candidate	1000	0	h_rows_other_anchors	initialized_memory	90	1.0334093570709229	1.0334722995758057	1.304834008216858	1.3747278451919556	1.5027008056640625
candidate	1000	0	all_anchor_rows	initialized_memory	4096	0.9920534491539001	0.9786001443862915	1.2590910196304321	1.408652663230896	1.7419915199279785
candidate	1000	1	anchor0_h	rotated_z	6	0.9999999403953552	0.9999999403953552	0.9999999403953552	0.9999999403953552	0.9999999403953552
candidate	1000	1	anchor0_non_h	rotated_z	250	1.0	0.9999998807907104	1.0	1.0000001192092896	1.0000001192092896
candidate	1000	1	h_rows_other_anchors	rotated_z	90	0.9999999403953552	0.9999998807907104	1.0	1.0	1.0
candidate	1000	1	all_anchor_rows	rotated_z	4096	1.0	0.9999998807907104	1.0	1.0	1.0000001192092896
candidate	1000	1	anchor0_h	rotated_s	6	1.280884861946106	1.280884861946106	1.280884861946106	1.280884861946106	1.280884861946106
candidate	1000	1	anchor0_non_h	rotated_s	250	0.9955198764801025	0.9402357935905457	1.5216807126998901	1.5216807126998901	1.7419915199279785
candidate	1000	1	h_rows_other_anchors	rotated_s	90	1.0334093570709229	1.0334722995758057	1.304834008216858	1.3747278451919556	1.502700924873352
candidate	1000	1	all_anchor_rows	rotated_s	4096	0.9920535087585449	0.9786001443862915	1.2590910196304321	1.4086525440216064	1.7419915199279785
candidate	1000	1	anchor0_h	prior_p	6	0.4888659417629242	0.4888659417629242	0.4888659417629242	0.4888659417629242	0.4888659417629242
candidate	1000	1	anchor0_non_h	prior_p	250	0.3403714895248413	0.33726170659065247	0.3905569911003113	0.6590731739997864	0.8017470240592957
candidate	1000	1	h_rows_other_anchors	prior_p	90	0.3008616864681244	0.30174100399017334	0.33511579036712646	0.433967649936676	0.44262030720710754
candidate	1000	1	all_anchor_rows	prior_p	4096	0.3042874336242676	0.3048103451728821	0.33726170659065247	0.49466755986213684	0.8017470240592957
candidate	1000	1	anchor0_h	innovation_w	6	14.046725273132324	14.046725273132324	14.046725273132324	14.046725273132324	14.046725273132324
candidate	1000	1	anchor0_non_h	innovation_w	250	6.85057258605957	6.730764389038086	9.45071029663086	24.26085662841797	30.031145095825195
candidate	1000	1	h_rows_other_anchors	innovation_w	90	5.1121087074279785	5.302752494812012	6.777045726776123	7.6030683517456055	8.489258766174316
candidate	1000	1	all_anchor_rows	innovation_w	4096	5.270079612731934	5.362737655639648	6.879301071166992	10.0424165725708	30.031145095825195
candidate	1000	1	anchor0_h	raw_successor_z	6	4.871066570281982	4.871066570281982	4.871066570281982	4.871066570281982	4.871066570281982
candidate	1000	1	anchor0_non_h	raw_successor_z	250	1.6458439826965332	1.5992931127548218	2.4359800815582275	8.320988655090332	13.141748428344727
candidate	1000	1	h_rows_other_anchors	raw_successor_z	90	1.102728009223938	1.034462809562683	1.6114563941955566	1.8282809257507324	2.1207833290100098
candidate	1000	1	all_anchor_rows	raw_successor_z	4096	1.150534749031067	1.0924975872039795	1.630059838294983	2.8831381797790527	13.141748428344727
candidate	1000	1	anchor0_h	raw_updated_s	6	14.856263160705566	14.856264114379883	14.856264114379883	14.856264114379883	14.856264114379883
candidate	1000	1	anchor0_non_h	raw_updated_s	250	7.589815139770508	7.45498514175415	10.132951736450195	25.095876693725586	30.848384857177734
candidate	1000	1	h_rows_other_anchors	raw_updated_s	90	5.942437648773193	6.181327819824219	7.63779878616333	8.69548225402832	9.605978965759277
candidate	1000	1	all_anchor_rows	raw_updated_s	4096	6.053112983703613	6.121074676513672	7.785605430603027	11.006532669067383	30.848384857177734
candidate	1000	1	anchor0_h	z_boundary_denominator	6	4.871066570281982	4.871066570281982	4.871066570281982	4.871066570281982	4.871066570281982
candidate	1000	1	anchor0_non_h	z_boundary_denominator	250	1.645844578742981	1.5992934703826904	2.4359803199768066	8.320988655090332	13.141748428344727
candidate	1000	1	h_rows_other_anchors	z_boundary_denominator	90	1.1027284860610962	1.0344632863998413	1.6114566326141357	1.8282811641693115	2.120783567428589
candidate	1000	1	all_anchor_rows	z_boundary_denominator	4096	1.150535225868225	1.0924980640411377	1.630060076713562	2.883138418197632	13.141748428344727
candidate	1000	1	anchor0_h	s_boundary_denominator	6	14.856263160705566	14.856264114379883	14.856264114379883	14.856264114379883	14.856264114379883
candidate	1000	1	anchor0_non_h	s_boundary_denominator	250	7.589815139770508	7.45498514175415	10.132951736450195	25.095876693725586	30.848384857177734
candidate	1000	1	h_rows_other_anchors	s_boundary_denominator	90	5.942437648773193	6.181327819824219	7.63779878616333	8.69548225402832	9.605978965759277
candidate	1000	1	all_anchor_rows	s_boundary_denominator	4096	6.053112983703613	6.121074676513672	7.785605430603027	11.006532669067383	30.848384857177734
candidate	1000	1	anchor0_h	stored_successor_z	6	0.9999999403953552	0.9999999403953552	0.9999999403953552	0.9999999403953552	0.9999999403953552
candidate	1000	1	anchor0_non_h	stored_successor_z	250	0.9999995827674866	0.9999998211860657	0.9999999403953552	1.0	1.0
candidate	1000	1	h_rows_other_anchors	stored_successor_z	90	0.9999993443489075	0.9999995231628418	0.9999998211860657	0.9999998807907104	0.9999998807907104
candidate	1000	1	all_anchor_rows	stored_successor_z	4096	0.9999994039535522	0.9999995827674866	0.9999998211860657	0.9999999403953552	1.0
candidate	1000	1	anchor0_h	stored_successor_s	6	1.0	1.0	1.0	1.0	1.0
candidate	1000	1	anchor0_non_h	stored_successor_s	250	1.0	0.9999999403953552	1.0	1.0000001192092896	1.0000001192092896
candidate	1000	1	h_rows_other_anchors	stored_successor_s	90	1.0	1.0	1.0	1.0000001192092896	1.0000001192092896
candidate	1000	1	all_anchor_rows	stored_successor_s	4096	1.0	1.0	1.0	1.0000001192092896	1.000000238418579
candidate	1000	2	anchor0_h	rotated_z	6	0.9999999403953552	0.9999998807907104	0.9999998807907104	0.9999998807907104	0.9999998807907104
candidate	1000	2	anchor0_non_h	rotated_z	250	0.9999995827674866	0.9999998211860657	0.9999998807907104	1.0	1.0
candidate	1000	2	h_rows_other_anchors	rotated_z	90	0.9999993443489075	0.9999995231628418	0.9999998211860657	0.9999998807907104	0.9999998807907104
candidate	1000	2	all_anchor_rows	rotated_z	4096	0.9999994039535522	0.9999995827674866	0.9999998211860657	0.9999998807907104	1.0
candidate	1000	2	anchor0_h	rotated_s	6	1.0	1.0	1.0	1.0	1.0
candidate	1000	2	anchor0_non_h	rotated_s	250	1.0	0.9999998807907104	1.0	1.0000001192092896	1.0000001192092896
candidate	1000	2	h_rows_other_anchors	rotated_s	90	1.0	1.0	1.0	1.0000001192092896	1.0000001192092896
candidate	1000	2	all_anchor_rows	rotated_s	4096	1.0	1.0	1.0	1.0000001192092896	1.000000238418579
candidate	1000	2	anchor0_h	prior_p	6	0.1461305469274521	0.1461305469274521	0.1461305469274521	0.1461305469274521	0.1461305469274521
candidate	1000	2	anchor0_non_h	prior_p	250	0.17160509526729584	0.15964563190937042	0.213765487074852	0.2480950504541397	0.2480950504541397
candidate	1000	2	h_rows_other_anchors	prior_p	90	0.17400836944580078	0.1672789454460144	0.2116764932870865	0.2670416533946991	0.26975277066230774
candidate	1000	2	all_anchor_rows	prior_p	4096	0.17485350370407104	0.1685323715209961	0.20979520678520203	0.26836317777633667	0.27896618843078613
candidate	1000	2	anchor0_h	innovation_w	6	1.3143547773361206	1.3143547773361206	1.3143547773361206	1.3143547773361206	1.3143547773361206
candidate	1000	2	anchor0_non_h	innovation_w	250	1.573708415031433	1.4035472869873047	2.4038784503936768	3.2383668422698975	3.711775541305542
candidate	1000	2	h_rows_other_anchors	innovation_w	90	1.6066701412200928	1.4310455322265625	2.564087152481079	2.7535109519958496	2.861940383911133
candidate	1000	2	all_anchor_rows	innovation_w	4096	1.6025054454803467	1.5675499439239502	2.4526240825653076	2.8245651721954346	4.503031253814697
candidate	1000	2	anchor0_h	raw_successor_z	6	0.1683034747838974	0.1683034598827362	0.1683034598827362	0.1683034598827362	0.1683034598827362
candidate	1000	2	anchor0_non_h	raw_successor_z	250	0.2245049774646759	0.18534478545188904	0.3524755537509918	0.4888835549354553	0.6008003354072571
candidate	1000	2	h_rows_other_anchors	raw_successor_z	90	0.22559942305088043	0.21885186433792114	0.3121596574783325	0.3994426727294922	0.4215277433395386
candidate	1000	2	all_anchor_rows	raw_successor_z	4096	0.22417126595973969	0.22242432832717896	0.29969245195388794	0.41648390889167786	0.7929480671882629
candidate	1000	2	anchor0_h	raw_updated_s	6	2.3082644939422607	2.3082644939422607	2.3082644939422607	2.3082644939422607	2.3082644939422607
candidate	1000	2	anchor0_non_h	raw_updated_s	250	2.558861017227173	2.396339178085327	3.3875603675842285	4.220770835876465	4.692624092102051
candidate	1000	2	h_rows_other_anchors	raw_updated_s	90	2.5910604000091553	2.4203500747680664	3.505873203277588	3.7381272315979004	3.8458149433135986
candidate	1000	2	all_anchor_rows	raw_updated_s	4096	2.586364269256592	2.556654691696167	3.4283432960510254	3.8084418773651123	5.452915191650391
candidate	1000	2	anchor0_h	z_boundary_denominator	6	0.16830645501613617	0.16830644011497498	0.16830644011497498	0.16830644011497498	0.16830644011497498
candidate	1000	2	anchor0_non_h	z_boundary_denominator	250	0.22450755536556244	0.18534749746322632	0.35247695446014404	0.4888845682144165	0.6008011698722839
candidate	1000	2	h_rows_other_anchors	z_boundary_denominator	90	0.22560180723667145	0.2188541442155838	0.31216126680374146	0.39944392442703247	0.4215289354324341
candidate	1000	2	all_anchor_rows	z_boundary_denominator	4096	0.22417370975017548	0.22242657840251923	0.29969412088394165	0.41648510098457336	0.7929486632347107
candidate	1000	2	anchor0_h	s_boundary_denominator	6	2.30826473236084	2.30826473236084	2.30826473236084	2.30826473236084	2.30826473236084
candidate	1000	2	anchor0_non_h	s_boundary_denominator	250	2.558861494064331	2.3963394165039062	3.3875606060028076	4.220771312713623	4.692624568939209
candidate	1000	2	h_rows_other_anchors	s_boundary_denominator	90	2.5910606384277344	2.4203500747680664	3.505873441696167	3.7381274700164795	3.8458149433135986
candidate	1000	2	all_anchor_rows	s_boundary_denominator	4096	2.586364507675171	2.556654930114746	3.4283435344696045	3.8084418773651123	5.452915191650391
candidate	1000	2	anchor0_h	stored_successor_z	6	0.9999823570251465	0.9999823570251465	0.9999823570251465	0.9999823570251465	0.9999823570251465
candidate	1000	2	anchor0_non_h	stored_successor_z	250	0.9999852776527405	0.9999854564666748	0.9999959468841553	0.9999979138374329	0.9999985694885254
candidate	1000	2	h_rows_other_anchors	stored_successor_z	90	0.9999874830245972	0.9999895095825195	0.9999948143959045	0.9999968409538269	0.9999971985816956
candidate	1000	2	all_anchor_rows	stored_successor_z	4096	0.9999872446060181	0.999989926815033	0.9999943971633911	0.999997079372406	0.9999991655349731
candidate	1000	2	anchor0_h	stored_successor_s	6	1.0	1.0	1.0	1.0	1.0
candidate	1000	2	anchor0_non_h	stored_successor_s	250	0.9999999403953552	0.9999998211860657	1.0	1.0000001192092896	1.0000001192092896
candidate	1000	2	h_rows_other_anchors	stored_successor_s	90	1.0	0.9999998807907104	1.0	1.0	1.0000001192092896
candidate	1000	2	all_anchor_rows	stored_successor_s	4096	1.0	0.9999998807907104	1.0	1.0000001192092896	1.0000001192092896
candidate	1000	3	anchor0_h	rotated_z	6	0.9999823570251465	0.9999823570251465	0.9999823570251465	0.9999823570251465	0.9999823570251465
candidate	1000	3	anchor0_non_h	rotated_z	250	0.9999852776527405	0.9999854564666748	0.9999958872795105	0.9999979138374329	0.9999985694885254
candidate	1000	3	h_rows_other_anchors	rotated_z	90	0.9999874830245972	0.9999895691871643	0.9999948143959045	0.9999968409538269	0.9999971985816956
candidate	1000	3	all_anchor_rows	rotated_z	4096	0.9999872446060181	0.999989926815033	0.9999943971633911	0.999997079372406	0.9999991655349731
candidate	1000	3	anchor0_h	rotated_s	6	1.0	1.0	1.0	1.0	1.0
candidate	1000	3	anchor0_non_h	rotated_s	250	1.0	0.9999998807907104	1.0	1.0000001192092896	1.0000001192092896
candidate	1000	3	h_rows_other_anchors	rotated_s	90	1.0	0.9999998807907104	1.0	1.0000001192092896	1.0000001192092896
candidate	1000	3	all_anchor_rows	rotated_s	4096	1.0	0.9999998807907104	1.0	1.0000001192092896	1.000000238418579
candidate	1000	3	anchor0_h	prior_p	6	0.12489482015371323	0.12489482015371323	0.12489482015371323	0.12489482015371323	0.12489482015371323
candidate	1000	3	anchor0_non_h	prior_p	250	0.14782288670539856	0.14660587906837463	0.15816949307918549	0.2135595679283142	0.2135595679283142
candidate	1000	3	h_rows_other_anchors	prior_p	90	0.1455567330121994	0.13953176140785217	0.17025963962078094	0.21791531145572662	0.21856196224689484
candidate	1000	3	all_anchor_rows	prior_p	4096	0.14925900101661682	0.14805223047733307	0.17069827020168304	0.21985477209091187	0.23390421271324158
candidate	1000	3	anchor0_h	innovation_w	6	0.9965057969093323	0.9965057969093323	0.9965057969093323	0.9965057969093323	0.9965057969093323
candidate	1000	3	anchor0_non_h	innovation_w	250	1.270287036895752	1.180375099182129	1.4187836647033691	2.8533565998077393	2.8533565998077393
candidate	1000	3	h_rows_other_anchors	innovation_w	90	1.242547869682312	1.1484315395355225	1.5990324020385742	2.913301944732666	2.931992530822754
candidate	1000	3	all_anchor_rows	innovation_w	4096	1.313347339630127	1.2441344261169434	1.6001642942428589	2.967719078063965	3.405651807785034
candidate	1000	3	anchor0_h	raw_successor_z	6	0.13751520216464996	0.13751521706581116	0.13751521706581116	0.13751521706581116	0.13751521706581116
candidate	1000	3	anchor0_non_h	raw_successor_z	250	0.1712341159582138	0.16036278009414673	0.19354714453220367	0.45176148414611816	0.45176148414611816
candidate	1000	3	h_rows_other_anchors	raw_successor_z	90	0.17097193002700806	0.15875324606895447	0.2115490585565567	0.4685823321342468	0.4723014533519745
candidate	1000	3	all_anchor_rows	raw_successor_z	4096	0.17930978536605835	0.16016626358032227	0.21544024348258972	0.4786108136177063	0.562652587890625
candidate	1000	3	anchor0_h	raw_updated_s	6	1.9949760437011719	1.9949760437011719	1.9949760437011719	1.9949760437011719	1.9949760437011719
candidate	1000	3	anchor0_non_h	raw_updated_s	250	2.2639193534851074	2.172238349914551	2.416064500808716	3.8410725593566895	3.8410725593566895
candidate	1000	3	h_rows_other_anchors	raw_updated_s	90	2.2367637157440186	2.1454920768737793	2.5695748329162598	3.8972394466400146	3.9158496856689453
candidate	1000	3	all_anchor_rows	raw_updated_s	4096	2.3070921897888184	2.2388858795166016	2.592447280883789	3.9522316455841064	4.3892903327941895
candidate	1000	3	anchor0_h	z_boundary_denominator	6	0.13751886785030365	0.13751885294914246	0.13751885294914246	0.13751885294914246	0.13751885294914246
candidate	1000	3	anchor0_non_h	z_boundary_denominator	250	0.1712372601032257	0.16036590933799744	0.1935497224330902	0.4517625868320465	0.4517625868320465
candidate	1000	3	h_rows_other_anchors	z_boundary_denominator	90	0.17097504436969757	0.15875640511512756	0.21155139803886414	0.4685834050178528	0.47230249643325806
candidate	1000	3	all_anchor_rows	z_boundary_denominator	4096	0.1793127954006195	0.16016939282417297	0.21544253826141357	0.47861185669898987	0.5626534819602966
candidate	1000	3	anchor0_h	s_boundary_denominator	6	1.9949761629104614	1.994976282119751	1.994976282119751	1.994976282119751	1.994976282119751
candidate	1000	3	anchor0_non_h	s_boundary_denominator	250	2.2639195919036865	2.172238349914551	2.416064739227295	3.8410727977752686	3.8410727977752686
candidate	1000	3	h_rows_other_anchors	s_boundary_denominator	90	2.2367639541625977	2.1454923152923584	2.569575071334839	3.8972396850585938	3.9158499240875244
candidate	1000	3	all_anchor_rows	s_boundary_denominator	4096	2.3070926666259766	2.2388863563537598	2.592447280883789	3.9522318840026855	4.3892903327941895
candidate	1000	3	anchor0_h	stored_successor_z	6	0.999973475933075	0.999973475933075	0.999973475933075	0.999973475933075	0.999973475933075
candidate	1000	3	anchor0_non_h	stored_successor_z	250	0.9999788999557495	0.9999804496765137	0.9999866485595703	0.9999975562095642	0.9999975562095642
candidate	1000	3	h_rows_other_anchors	stored_successor_z	90	0.9999796748161316	0.999980092048645	0.999988853931427	0.9999977350234985	0.9999977946281433
candidate	1000	3	all_anchor_rows	stored_successor_z	4096	0.9999808669090271	0.9999804496765137	0.9999892711639404	0.9999977946281433	0.9999984502792358
candidate	1000	3	anchor0_h	stored_successor_s	6	0.9999998211860657	0.9999997615814209	0.9999997615814209	0.9999997615814209	0.9999997615814209
candidate	1000	3	anchor0_non_h	stored_successor_s	250	0.9999999403953552	0.9999998807907104	0.9999999403953552	1.0	1.0
candidate	1000	3	h_rows_other_anchors	stored_successor_s	90	0.9999999403953552	0.9999998807907104	1.0	1.0	1.0
candidate	1000	3	all_anchor_rows	stored_successor_s	4096	1.0	0.9999998807907104	1.0	1.0	1.0000001192092896
candidate	1000	4	anchor0_h	rotated_z	6	0.999973475933075	0.9999735355377197	0.9999735355377197	0.9999735355377197	0.9999735355377197
candidate	1000	4	anchor0_non_h	rotated_z	250	0.9999788999557495	0.9999804496765137	0.9999865889549255	0.9999975562095642	0.9999975562095642
candidate	1000	4	h_rows_other_anchors	rotated_z	90	0.9999796748161316	0.999980092048645	0.999988853931427	0.9999977350234985	0.9999977946281433
candidate	1000	4	all_anchor_rows	rotated_z	4096	0.9999808669090271	0.9999804496765137	0.9999892711639404	0.9999977946281433	0.9999984502792358
candidate	1000	4	anchor0_h	rotated_s	6	0.9999998211860657	0.9999997615814209	0.9999997615814209	0.9999997615814209	0.9999997615814209
candidate	1000	4	anchor0_non_h	rotated_s	250	0.9999999403953552	0.9999998807907104	0.9999999403953552	1.0	1.0
candidate	1000	4	h_rows_other_anchors	rotated_s	90	0.9999999403953552	0.9999998807907104	1.0	1.0	1.0
candidate	1000	4	all_anchor_rows	rotated_s	4096	1.0	0.9999998807907104	1.0	1.0	1.0000001192092896
candidate	1000	4	anchor0_h	prior_p	6	0.10104811936616898	0.10104811936616898	0.10104811936616898	0.10104811936616898	0.10104811936616898
candidate	1000	4	anchor0_non_h	prior_p	250	0.11191998422145844	0.10766325145959854	0.13460370898246765	0.15079465508460999	0.1637350469827652
candidate	1000	4	h_rows_other_anchors	prior_p	90	0.11043494194746017	0.10628266632556915	0.13158439099788666	0.1694679707288742	0.18529847264289856
candidate	1000	4	all_anchor_rows	prior_p	4096	0.11216738075017929	0.10766325145959854	0.1318807303905487	0.16968940198421478	0.1941249817609787
candidate	1000	4	anchor0_h	innovation_w	6	0.6456827521324158	0.6456827521324158	0.6456827521324158	0.6456827521324158	0.6456827521324158
candidate	1000	4	anchor0_non_h	innovation_w	250	0.7629786729812622	0.6554169058799744	1.1088194847106934	1.2983609437942505	1.6049447059631348
candidate	1000	4	h_rows_other_anchors	innovation_w	90	0.734158992767334	0.6828690767288208	1.0497831106185913	1.4935485124588013	1.9190717935562134
candidate	1000	4	all_anchor_rows	innovation_w	4096	0.7593401074409485	0.6923502683639526	1.051029920578003	1.5220139026641846	2.066692590713501
candidate	1000	4	anchor0_h	raw_successor_z	6	0.09186554700136185	0.09186555445194244	0.09186555445194244	0.09186555445194244	0.09186555445194244
candidate	1000	4	anchor0_non_h	raw_successor_z	250	0.1094745621085167	0.09928368031978607	0.1460323929786682	0.18128849565982819	0.22408169507980347
candidate	1000	4	h_rows_other_anchors	raw_successor_z	90	0.10553588718175888	0.0985938161611557	0.13715846836566925	0.20313593745231628	0.26779600977897644
candidate	1000	4	all_anchor_rows	raw_successor_z	4096	0.10852236300706863	0.10085869580507278	0.13792642951011658	0.2075599730014801	0.2913949489593506
candidate	1000	4	anchor0_h	raw_updated_s	6	1.6450570821762085	1.6450570821762085	1.6450570821762085	1.6450570821762085	1.6450570821762085
candidate	1000	4	anchor0_non_h	raw_updated_s	250	1.7608187198638916	1.6547409296035767	2.1075830459594727	2.295347213745117	2.6004974842071533
candidate	1000	4	h_rows_other_anchors	raw_updated_s	90	1.7318365573883057	1.6807243824005127	2.0483949184417725	2.4872653484344482	2.91409969329834
candidate	1000	4	all_anchor_rows	raw_updated_s	4096	1.7569735050201416	1.6908354759216309	2.0496296882629395	2.5155515670776367	3.061061143875122
candidate	1000	4	anchor0_h	z_boundary_denominator	6	0.0918710008263588	0.0918710008263588	0.0918710008263588	0.0918710008263588	0.0918710008263588
candidate	1000	4	anchor0_non_h	z_boundary_denominator	250	0.10947944968938828	0.09928871691226959	0.1460358202457428	0.18129125237464905	0.22408393025398254
candidate	1000	4	h_rows_other_anchors	z_boundary_denominator	90	0.10554088652133942	0.09859888255596161	0.13716210424900055	0.20313842594623566	0.26779788732528687
candidate	1000	4	all_anchor_rows	z_boundary_denominator	4096	0.10852721333503723	0.10086365044116974	0.1379300355911255	0.2075623869895935	0.2913966774940491
candidate	1000	4	anchor0_h	s_boundary_denominator	6	1.6450575590133667	1.6450574398040771	1.6450574398040771	1.6450574398040771	1.6450574398040771
candidate	1000	4	anchor0_non_h	s_boundary_denominator	250	1.7608189582824707	1.6547411680221558	2.1075832843780518	2.2953474521636963	2.6004974842071533
candidate	1000	4	h_rows_other_anchors	s_boundary_denominator	90	1.7318369150161743	1.6807246208190918	2.0483951568603516	2.4872655868530273	2.91409969329834
candidate	1000	4	all_anchor_rows	s_boundary_denominator	4096	1.7569738626480103	1.69083571434021	2.0496299266815186	2.515551805496216	3.061061382293701
candidate	1000	4	anchor0_h	stored_successor_z	6	0.9999406933784485	0.9999406933784485	0.9999406933784485	0.9999406933784485	0.9999406933784485
candidate	1000	4	anchor0_non_h	stored_successor_z	250	0.9999492764472961	0.9999492168426514	0.9999765157699585	0.9999847412109375	0.9999899864196777
candidate	1000	4	h_rows_other_anchors	stored_successor_z	90	0.9999477863311768	0.9999485015869141	0.9999734163284302	0.9999874830245972	0.9999929666519165
candidate	1000	4	all_anchor_rows	stored_successor_z	4096	0.999950647354126	0.9999508857727051	0.9999736547470093	0.9999883770942688	0.999994158744812
candidate	1000	4	anchor0_h	stored_successor_s	6	0.9999998211860657	0.9999997615814209	0.9999997615814209	0.9999997615814209	0.9999997615814209
candidate	1000	4	anchor0_non_h	stored_successor_s	250	0.9999998807907104	0.9999998211860657	0.9999999403953552	1.0	1.0
candidate	1000	4	h_rows_other_anchors	stored_successor_s	90	0.9999999403953552	0.9999998211860657	0.9999998807907104	1.0	1.0
candidate	1000	4	all_anchor_rows	stored_successor_s	4096	0.9999999403953552	0.9999998211860657	0.9999998807907104	1.0	1.0000001192092896
candidate	1000	5	anchor0_h	rotated_z	6	0.9999406933784485	0.9999406933784485	0.9999406933784485	0.9999406933784485	0.9999406933784485
candidate	1000	5	anchor0_non_h	rotated_z	250	0.9999492764472961	0.9999492168426514	0.9999765157699585	0.9999847412109375	0.9999899864196777
candidate	1000	5	h_rows_other_anchors	rotated_z	90	0.9999477863311768	0.9999485015869141	0.9999734163284302	0.9999874830245972	0.9999930262565613
candidate	1000	5	all_anchor_rows	rotated_z	4096	0.999950647354126	0.9999508857727051	0.9999736547470093	0.9999883770942688	0.999994158744812
candidate	1000	5	anchor0_h	rotated_s	6	0.9999998211860657	0.9999997615814209	0.9999997615814209	0.9999997615814209	0.9999997615814209
candidate	1000	5	anchor0_non_h	rotated_s	250	0.9999998807907104	0.9999998211860657	1.0	1.0	1.0
candidate	1000	5	h_rows_other_anchors	rotated_s	90	0.9999999403953552	0.9999998211860657	0.9999998807907104	1.0	1.0
candidate	1000	5	all_anchor_rows	rotated_s	4096	0.9999999403953552	0.9999998211860657	0.9999998807907104	1.0	1.0000001192092896
candidate	1000	5	anchor0_h	prior_p	6	0.0922265574336052	0.0922265499830246	0.0922265499830246	0.0922265499830246	0.0922265499830246
candidate	1000	5	anchor0_non_h	prior_p	250	0.09038998186588287	0.08930954337120056	0.10569342225790024	0.11045428365468979	0.11045428365468979
candidate	1000	5	h_rows_other_anchors	prior_p	90	0.0920422226190567	0.0905972272157669	0.10774119943380356	0.11856985837221146	0.1401166170835495
candidate	1000	5	all_anchor_rows	prior_p	4096	0.09236307442188263	0.09098640829324722	0.10843884944915771	0.11583884060382843	0.14254656434059143
candidate	1000	5	anchor0_h	innovation_w	6	0.5190824866294861	0.5190824270248413	0.5190824270248413	0.5190824270248413	0.5190824270248413
candidate	1000	5	anchor0_non_h	innovation_w	250	0.49313703179359436	0.49014195799827576	0.62461256980896	0.691646158695221	0.691646158695221
candidate	1000	5	h_rows_other_anchors	innovation_w	90	0.513690710067749	0.5051742196083069	0.6468678712844849	0.8329044580459595	0.9274799227714539
candidate	1000	5	all_anchor_rows	innovation_w	4096	0.5173777937889099	0.511550784111023	0.6547760367393494	0.7463241219520569	0.976055920124054
candidate	1000	5	anchor0_h	raw_successor_z	6	0.0730004608631134	0.0730004608631134	0.0730004608631134	0.0730004608631134	0.0730004608631134
candidate	1000	5	anchor0_non_h	raw_successor_z	250	0.0746322050690651	0.07565167546272278	0.08518993109464645	0.08911745250225067	0.10241840034723282
candidate	1000	5	h_rows_other_anchors	raw_successor_z	90	0.07586788386106491	0.07569700479507446	0.08217023313045502	0.12653109431266785	0.13559186458587646
candidate	1000	5	all_anchor_rows	raw_successor_z	4096	0.07645276933908463	0.0769689679145813	0.08568019419908524	0.10134141147136688	0.14109839498996735
candidate	1000	5	anchor0_h	raw_updated_s	6	1.5183659791946411	1.5183660984039307	1.5183660984039307	1.5183660984039307	1.5183660984039307
candidate	1000	5	anchor0_non_h	raw_updated_s	250	1.4917126893997192	1.4894261360168457	1.6213364601135254	1.6882892847061157	1.6882892847061157
candidate	1000	5	h_rows_other_anchors	raw_updated_s	90	1.5123507976531982	1.5047645568847656	1.6433477401733398	1.8287667036056519	1.917197823524475
candidate	1000	5	all_anchor_rows	raw_updated_s	4096	1.516038179397583	1.5106528997421265	1.6513128280639648	1.7429851293563843	1.966526985168457
candidate	1000	5	anchor0_h	z_boundary_denominator	6	0.07300731539726257	0.07300731539726257	0.07300731539726257	0.07300731539726257	0.07300731539726257
candidate	1000	5	anchor0_non_h	z_boundary_denominator	250	0.0746389776468277	0.07565827667713165	0.08519579470157623	0.08912306278944016	0.1024232879281044
candidate	1000	5	h_rows_other_anchors	z_boundary_denominator	90	0.07587459683418274	0.07570361346006393	0.0821763128042221	0.12653504312038422	0.13559556007385254
candidate	1000	5	all_anchor_rows	z_boundary_denominator	4096	0.0764593854546547	0.07697544991970062	0.08568602800369263	0.10134635120630264	0.14110194146633148
candidate	1000	5	anchor0_h	s_boundary_denominator	6	1.5183664560317993	1.5183664560317993	1.5183664560317993	1.5183664560317993	1.5183664560317993
candidate	1000	5	anchor0_non_h	s_boundary_denominator	250	1.491713047027588	1.4894264936447144	1.621336817741394	1.6882895231246948	1.6882895231246948
candidate	1000	5	h_rows_other_anchors	s_boundary_denominator	90	1.5123509168624878	1.5047647953033447	1.6433480978012085	1.828766942024231	1.9171980619430542
candidate	1000	5	all_anchor_rows	s_boundary_denominator	4096	1.5160387754440308	1.5106532573699951	1.6513131856918335	1.742985486984253	1.9665272235870361
candidate	1000	5	anchor0_h	stored_successor_z	6	0.9999061226844788	0.9999061822891235	0.9999061822891235	0.9999061822891235	0.9999061822891235
candidate	1000	5	anchor0_non_h	stored_successor_z	250	0.9999070167541504	0.9999126195907593	0.9999310374259949	0.9999370574951172	0.9999523758888245
candidate	1000	5	h_rows_other_anchors	stored_successor_z	90	0.9999082684516907	0.9999127388000488	0.9999259114265442	0.9999687075614929	0.9999728202819824
candidate	1000	5	all_anchor_rows	stored_successor_z	4096	0.9999112486839294	0.999915599822998	0.9999318718910217	0.9999512434005737	0.9999749064445496
candidate	1000	5	anchor0_h	stored_successor_s	6	0.9999998211860657	0.9999997615814209	0.9999997615814209	0.9999997615814209	0.9999997615814209
candidate	1000	5	anchor0_non_h	stored_successor_s	250	0.9999998807907104	0.9999997019767761	0.9999998211860657	0.9999998807907104	0.9999998807907104
candidate	1000	5	h_rows_other_anchors	stored_successor_s	90	0.9999999403953552	0.9999997615814209	0.9999998211860657	0.9999998807907104	0.9999998807907104
candidate	1000	5	all_anchor_rows	stored_successor_s	4096	0.9999999403953552	0.9999997615814209	0.9999998211860657	0.9999998807907104	1.0
candidate	1000	6	anchor0_h	rotated_z	6	0.9999061226844788	0.9999061822891235	0.9999061822891235	0.9999061822891235	0.9999061822891235
candidate	1000	6	anchor0_non_h	rotated_z	250	0.9999070167541504	0.9999126195907593	0.9999310374259949	0.9999370574951172	0.9999523162841797
candidate	1000	6	h_rows_other_anchors	rotated_z	90	0.9999082684516907	0.9999127388000488	0.9999259114265442	0.9999687075614929	0.9999728202819824
candidate	1000	6	all_anchor_rows	rotated_z	4096	0.9999111890792847	0.999915599822998	0.9999318718910217	0.9999512434005737	0.9999749064445496
candidate	1000	6	anchor0_h	rotated_s	6	0.9999998211860657	0.9999997615814209	0.9999997615814209	0.9999997615814209	0.9999997615814209
candidate	1000	6	anchor0_non_h	rotated_s	250	0.9999998807907104	0.9999997019767761	0.9999998211860657	0.9999998211860657	0.9999998211860657
candidate	1000	6	h_rows_other_anchors	rotated_s	90	0.9999998211860657	0.9999997615814209	0.9999998211860657	0.9999998211860657	0.9999998807907104
candidate	1000	6	all_anchor_rows	rotated_s	4096	0.9999999403953552	0.9999997615814209	0.9999998211860657	0.9999998807907104	1.0
candidate	1000	6	anchor0_h	prior_p	6	0.08045021444559097	0.08045021444559097	0.08045021444559097	0.08045021444559097	0.08045021444559097
candidate	1000	6	anchor0_non_h	prior_p	250	0.08262719959020615	0.08250505477190018	0.0931609570980072	0.09577125310897827	0.09577125310897827
candidate	1000	6	h_rows_other_anchors	prior_p	90	0.08273109048604965	0.08143605291843414	0.09418747574090958	0.09812350571155548	0.12224645912647247
candidate	1000	6	all_anchor_rows	prior_p	4096	0.08344914019107819	0.08151236921548843	0.09425480663776398	0.09530118852853775	0.12503334879875183
candidate	1000	6	anchor0_h	innovation_w	6	0.39774397015571594	0.39774399995803833	0.39774399995803833	0.39774399995803833	0.39774399995803833
candidate	1000	6	anchor0_non_h	innovation_w	250	0.4163661301136017	0.4212421476840973	0.5097025632858276	0.5593020915985107	0.5593020915985107
candidate	1000	6	h_rows_other_anchors	innovation_w	90	0.4171900749206543	0.4067736268043518	0.5178203582763672	0.5929793119430542	0.8501721620559692
candidate	1000	6	all_anchor_rows	innovation_w	4096	0.4241567552089691	0.41088610887527466	0.521169900894165	0.5615315437316895	0.877244234085083
candidate	1000	6	anchor0_h	raw_successor_z	6	0.06060738489031792	0.060607388615608215	0.060607388615608215	0.060607388615608215	0.060607388615608215
candidate	1000	6	anchor0_non_h	raw_successor_z	250	0.062118999660015106	0.061665214598178864	0.06960274279117584	0.07772238552570343	0.07772238552570343
candidate	1000	6	h_rows_other_anchors	raw_successor_z	90	0.06268735229969025	0.05990920215845108	0.07361160963773727	0.0870465412735939	0.1297610104084015
candidate	1000	6	all_anchor_rows	raw_successor_z	4096	0.06317675113677979	0.06289342790842056	0.07339359074831009	0.07994059473276138	0.1333434283733368
candidate	1000	6	anchor0_h	raw_updated_s	6	1.3974708318710327	1.3974708318710327	1.3974708318710327	1.3974708318710327	1.3974708318710327
candidate	1000	6	anchor0_non_h	raw_updated_s	250	1.4157758951187134	1.4207086563110352	1.5076535940170288	1.558928370475769	1.558928370475769
candidate	1000	6	h_rows_other_anchors	raw_updated_s	90	1.4165586233139038	1.405749797821045	1.5173078775405884	1.5924487113952637	1.847084403038025
candidate	1000	6	all_anchor_rows	raw_updated_s	4096	1.423539161682129	1.4105323553085327	1.5207759141921997	1.5613250732421875	1.8737740516662598
candidate	1000	6	anchor0_h	z_boundary_denominator	6	0.06061563268303871	0.06061563640832901	0.06061563640832901	0.06061563640832901	0.06061563640832901
candidate	1000	6	anchor0_non_h	z_boundary_denominator	250	0.06212712079286575	0.06167332082986832	0.06960992515087128	0.07772882282733917	0.07772882282733917
candidate	1000	6	h_rows_other_anchors	z_boundary_denominator	90	0.0626954585313797	0.059917546808719635	0.07361841201782227	0.08705240488052368	0.1297648549079895
candidate	1000	6	all_anchor_rows	z_boundary_denominator	4096	0.06318475306034088	0.06290137767791748	0.07340040802955627	0.0799468457698822	0.13334718346595764
candidate	1000	6	anchor0_h	s_boundary_denominator	6	1.397471308708191	1.3974711894989014	1.3974711894989014	1.3974711894989014	1.3974711894989014
candidate	1000	6	anchor0_non_h	s_boundary_denominator	250	1.4157761335372925	1.4207090139389038	1.5076539516448975	1.5589286088943481	1.5589286088943481
candidate	1000	6	h_rows_other_anchors	s_boundary_denominator	90	1.416558861732483	1.405750036239624	1.517308235168457	1.5924490690231323	1.8470847606658936
candidate	1000	6	all_anchor_rows	s_boundary_denominator	4096	1.4235395193099976	1.4105327129364014	1.5207762718200684	1.5613254308700562	1.8737742900848389
candidate	1000	6	anchor0_h	stored_successor_z	6	0.9998638033866882	0.999863862991333	0.999863862991333	0.999863862991333	0.999863862991333
candidate	1000	6	anchor0_non_h	stored_successor_z	250	0.9998670816421509	0.9998685717582703	0.9998968243598938	0.9999172687530518	0.9999172687530518
candidate	1000	6	h_rows_other_anchors	stored_successor_z	90	0.9998665452003479	0.9998606443405151	0.9999076724052429	0.999930202960968	0.9999703168869019
candidate	1000	6	all_anchor_rows	stored_successor_z	4096	0.9998708367347717	0.9998736381530762	0.9999071955680847	0.9999217987060547	0.9999718070030212
candidate	1000	6	anchor0_h	stored_successor_s	6	0.9999995827674866	0.9999996423721313	0.9999996423721313	0.9999996423721313	0.9999996423721313
candidate	1000	6	anchor0_non_h	stored_successor_s	250	0.9999998211860657	0.9999997019767761	0.9999998211860657	0.9999998211860657	0.9999998211860657
candidate	1000	6	h_rows_other_anchors	stored_successor_s	90	0.9999998211860657	0.9999997019767761	0.9999998211860657	0.9999998807907104	0.9999999403953552
candidate	1000	6	all_anchor_rows	stored_successor_s	4096	0.9999999403953552	0.9999997019767761	0.9999998211860657	0.9999998807907104	0.9999999403953552
candidate	1000	7	anchor0_h	rotated_z	6	0.9998638033866882	0.999863862991333	0.999863862991333	0.999863862991333	0.999863862991333
candidate	1000	7	anchor0_non_h	rotated_z	250	0.9998670816421509	0.9998685121536255	0.9998968243598938	0.9999172687530518	0.9999172687530518
candidate	1000	7	h_rows_other_anchors	rotated_z	90	0.9998665452003479	0.9998606443405151	0.9999076724052429	0.999930202960968	0.9999703168869019
candidate	1000	7	all_anchor_rows	rotated_z	4096	0.9998708367347717	0.9998736381530762	0.9999071955680847	0.9999217987060547	0.9999718070030212
candidate	1000	7	anchor0_h	rotated_s	6	0.9999997019767761	0.9999997019767761	0.9999997019767761	0.9999997019767761	0.9999997019767761
candidate	1000	7	anchor0_non_h	rotated_s	250	0.9999997615814209	0.9999997019767761	0.9999997615814209	0.9999998211860657	0.9999998211860657
candidate	1000	7	h_rows_other_anchors	rotated_s	90	0.9999996423721313	0.9999997019767761	0.9999998211860657	0.9999998807907104	0.9999998807907104
candidate	1000	7	all_anchor_rows	rotated_s	4096	0.9999999403953552	0.9999997019767761	0.9999998211860657	0.9999998807907104	0.9999998807907104
candidate	1000	7	anchor0_h	prior_p	6	0.0693766176700592	0.0693766176700592	0.0693766176700592	0.0693766176700592	0.0693766176700592
candidate	1000	7	anchor0_non_h	prior_p	250	0.0755239799618721	0.07398621737957001	0.08107925951480865	0.09052513539791107	0.09706223011016846
candidate	1000	7	h_rows_other_anchors	prior_p	90	0.07377760857343674	0.07244869321584702	0.07990748435258865	0.09722642600536346	0.10040666908025742
candidate	1000	7	all_anchor_rows	prior_p	4096	0.07479909062385559	0.07387296110391617	0.07997061312198639	0.09494195878505707	0.102716363966465
candidate	1000	7	anchor0_h	innovation_w	6	0.29736796021461487	0.29736796021461487	0.29736796021461487	0.29736796021461487	0.29736796021461487
candidate	1000	7	anchor0_non_h	innovation_w	250	0.3435441553592682	0.3352894186973572	0.38891616463661194	0.46869051456451416	0.5420091152191162
candidate	1000	7	h_rows_other_anchors	innovation_w	90	0.3312665522098541	0.31101199984550476	0.38773098587989807	0.570093035697937	0.5758771300315857
candidate	1000	7	all_anchor_rows	innovation_w	4096	0.33904483914375305	0.32923996448516846	0.3879856467247009	0.5167699456214905	0.6025088429450989
candidate	1000	7	anchor0_h	raw_successor_z	6	0.05046650394797325	0.05046650022268295	0.05046650022268295	0.05046650022268295	0.05046650022268295
candidate	1000	7	anchor0_non_h	raw_successor_z	250	0.05352724343538284	0.05505487322807312	0.05756806209683418	0.06405080854892731	0.0706145316362381
candidate	1000	7	h_rows_other_anchors	raw_successor_z	90	0.05304612219333649	0.05093324929475784	0.058829810470342636	0.07508805394172668	0.09287679195404053
candidate	1000	7	all_anchor_rows	raw_successor_z	4096	0.05363692343235016	0.054501138627529144	0.05872006714344025	0.06878993660211563	0.09654813259840012
candidate	1000	7	anchor0_h	raw_updated_s	6	1.2971965074539185	1.297196626663208	1.297196626663208	1.297196626663208	1.297196626663208
candidate	1000	7	anchor0_non_h	raw_updated_s	250	1.342978596687317	1.3350679874420166	1.3883824348449707	1.4672009944915771	1.5402960777282715
candidate	1000	7	h_rows_other_anchors	raw_updated_s	90	1.3308128118515015	1.3106698989868164	1.3875092267990112	1.568410038948059	1.5736445188522339
candidate	1000	7	all_anchor_rows	raw_updated_s	4096	1.3385531902313232	1.328364610671997	1.3877403736114502	1.5149626731872559	1.6001116037368774
candidate	1000	7	anchor0_h	z_boundary_denominator	6	0.05047640576958656	0.05047640576958656	0.05047640576958656	0.05047640576958656	0.05047640576958656
candidate	1000	7	anchor0_non_h	z_boundary_denominator	250	0.053536660969257355	0.05506395548582077	0.0575767457485199	0.06405861675739288	0.07062160968780518
candidate	1000	7	h_rows_other_anchors	z_boundary_denominator	90	0.05305566266179085	0.05094306543469429	0.05883830785751343	0.07509474456310272	0.0928821787238121
candidate	1000	7	all_anchor_rows	z_boundary_denominator	4096	0.05364631116390228	0.05451031029224396	0.05872857943177223	0.06879720091819763	0.09655331820249557
candidate	1000	7	anchor0_h	s_boundary_denominator	6	1.2971969842910767	1.2971969842910767	1.2971969842910767	1.2971969842910767	1.2971969842910767
candidate	1000	7	anchor0_non_h	s_boundary_denominator	250	1.3429789543151855	1.3350683450698853	1.3883827924728394	1.4672013521194458	1.5402963161468506
candidate	1000	7	h_rows_other_anchors	s_boundary_denominator	90	1.3308131694793701	1.3106703758239746	1.3875094652175903	1.5684102773666382	1.5736448764801025
candidate	1000	7	all_anchor_rows	s_boundary_denominator	4096	1.3385534286499023	1.3283649682998657	1.3877407312393188	1.5149630308151245	1.6001118421554565
candidate	1000	7	anchor0_h	stored_successor_z	6	0.9998037219047546	0.9998037219047546	0.9998037219047546	0.9998037219047546	0.9998037219047546
candidate	1000	7	anchor0_non_h	stored_successor_z	250	0.9998217821121216	0.9998350143432617	0.9998490214347839	0.9998779892921448	0.9998997449874878
candidate	1000	7	h_rows_other_anchors	stored_successor_z	90	0.9998162984848022	0.9998073577880859	0.9998555779457092	0.9999098777770996	0.9999419450759888
candidate	1000	7	all_anchor_rows	stored_successor_z	4096	0.9998224973678589	0.9998316764831543	0.9998550415039062	0.999894380569458	0.9999463558197021
candidate	1000	7	anchor0_h	stored_successor_s	6	0.9999998211860657	0.9999997615814209	0.9999997615814209	0.9999997615814209	0.9999997615814209
candidate	1000	7	anchor0_non_h	stored_successor_s	250	0.9999997615814209	0.9999997019767761	0.9999997615814209	0.9999998211860657	0.9999998211860657
candidate	1000	7	h_rows_other_anchors	stored_successor_s	90	0.9999998211860657	0.9999997019767761	0.9999997615814209	0.9999998211860657	0.9999998211860657
candidate	1000	7	all_anchor_rows	stored_successor_s	4096	0.9999999403953552	0.9999997019767761	0.9999997615814209	0.9999998211860657	0.9999998807907104
candidate	1000	8	anchor0_h	rotated_z	6	0.9998037219047546	0.9998037219047546	0.9998037219047546	0.9998037219047546	0.9998037219047546
candidate	1000	8	anchor0_non_h	rotated_z	250	0.9998217821121216	0.9998350143432617	0.9998490214347839	0.9998779296875	0.9998997449874878
candidate	1000	8	h_rows_other_anchors	rotated_z	90	0.9998162984848022	0.9998073577880859	0.9998555779457092	0.9999098777770996	0.9999419450759888
candidate	1000	8	all_anchor_rows	rotated_z	4096	0.9998224973678589	0.9998316764831543	0.9998550415039062	0.999894380569458	0.9999463558197021
candidate	1000	8	anchor0_h	rotated_s	6	0.9999998211860657	0.9999997615814209	0.9999997615814209	0.9999997615814209	0.9999997615814209
candidate	1000	8	anchor0_non_h	rotated_s	250	0.9999997615814209	0.9999997019767761	0.9999997615814209	0.9999997615814209	0.9999998211860657
candidate	1000	8	h_rows_other_anchors	rotated_s	90	0.9999996423721313	0.9999997019767761	0.9999997615814209	0.9999998211860657	0.9999998211860657
candidate	1000	8	all_anchor_rows	rotated_s	4096	0.9999999403953552	0.9999997019767761	0.9999997615814209	0.9999998211860657	0.9999998807907104
candidate	1000	8	anchor0_h	prior_p	6	0.06350379437208176	0.06350379437208176	0.06350379437208176	0.06350379437208176	0.06350379437208176
candidate	1000	8	anchor0_non_h	prior_p	250	0.06675788015127182	0.0664418637752533	0.07135354727506638	0.07750090956687927	0.07822977006435394
candidate	1000	8	h_rows_other_anchors	prior_p	90	0.06600164622068405	0.06574505567550659	0.07055654376745224	0.08306439220905304	0.08495663851499557
candidate	1000	8	all_anchor_rows	prior_p	4096	0.06660805642604828	0.06616580486297607	0.07056833803653717	0.08072777092456818	0.08614149689674377
candidate	1000	8	anchor0_h	innovation_w	6	0.24716304242610931	0.24716304242610931	0.24716304242610931	0.24716304242610931	0.24716304242610931
candidate	1000	8	anchor0_non_h	innovation_w	250	0.27225518226623535	0.27183008193969727	0.30600905418395996	0.36905401945114136	0.3800537586212158
candidate	1000	8	h_rows_other_anchors	innovation_w	90	0.2658092975616455	0.2628941535949707	0.3014582693576813	0.4304722547531128	0.4425520896911621
candidate	1000	8	all_anchor_rows	innovation_w	4096	0.2707686424255371	0.2672390341758728	0.3017265796661377	0.39146071672439575	0.45531347393989563
candidate	1000	8	anchor0_h	raw_successor_z	6	0.04382682964205742	0.04382682964205742	0.04382682964205742	0.04382682964205742	0.04382682964205742
candidate	1000	8	anchor0_non_h	raw_successor_z	250	0.04654610529541969	0.04758770763874054	0.049471162259578705	0.056572820991277695	0.05977326259016991
candidate	1000	8	h_rows_other_anchors	raw_successor_z	90	0.04591427370905876	0.044496800750494	0.04895346239209175	0.06495743244886398	0.0718739777803421
candidate	1000	8	all_anchor_rows	raw_successor_z	4096	0.04646432399749756	0.04759646952152252	0.04947395995259285	0.05958709865808487	0.073909230530262
candidate	1000	8	anchor0_h	raw_updated_s	6	1.2470053434371948	1.2470052242279053	1.2470052242279053	1.2470052242279053	1.2470052242279053
candidate	1000	8	anchor0_non_h	raw_updated_s	250	1.2719953060150146	1.2715177536010742	1.305693507194519	1.368770956993103	1.3798482418060303
candidate	1000	8	h_rows_other_anchors	raw_updated_s	90	1.265533447265625	1.2626456022262573	1.3012157678604126	1.4302512407302856	1.4418939352035522
candidate	1000	8	all_anchor_rows	raw_updated_s	4096	1.2705001831054688	1.2669172286987305	1.3014881610870361	1.3909634351730347	1.4546053409576416
candidate	1000	8	anchor0_h	z_boundary_denominator	6	0.04383823648095131	0.04383823648095131	0.04383823648095131	0.04383823648095131	0.04383823648095131
candidate	1000	8	anchor0_non_h	z_boundary_denominator	250	0.04655691608786583	0.0475982166826725	0.04948126897215843	0.056581661105155945	0.05978162959218025
candidate	1000	8	h_rows_other_anchors	z_boundary_denominator	90	0.045925263315439224	0.044508036226034164	0.048963673412799835	0.0649651437997818	0.07188092917203903
candidate	1000	8	all_anchor_rows	z_boundary_denominator	4096	0.04647514969110489	0.047606974840164185	0.04948406666517258	0.059595488011837006	0.073915995657444
candidate	1000	8	anchor0_h	s_boundary_denominator	6	1.247005581855774	1.2470057010650635	1.2470057010650635	1.2470057010650635	1.2470057010650635
candidate	1000	8	anchor0_non_h	s_boundary_denominator	250	1.2719957828521729	1.2715182304382324	1.3056938648223877	1.3687713146209717	1.379848599433899
candidate	1000	8	h_rows_other_anchors	s_boundary_denominator	90	1.2655335664749146	1.262645959854126	1.3012161254882812	1.4302514791488647	1.441894292831421
candidate	1000	8	all_anchor_rows	s_boundary_denominator	4096	1.2705005407333374	1.2669175863265991	1.3014886379241943	1.3909636735916138	1.4546056985855103
candidate	1000	8	anchor0_h	stored_successor_z	6	0.9997398257255554	0.9997398853302002	0.9997398853302002	0.9997398853302002	0.9997398853302002
candidate	1000	8	anchor0_non_h	stored_successor_z	250	0.9997650980949402	0.999779224395752	0.9997957944869995	0.9998438358306885	0.9998601078987122
candidate	1000	8	h_rows_other_anchors	stored_successor_z	90	0.9997568130493164	0.9997475147247314	0.9997914433479309	0.9998811483383179	0.99990314245224
candidate	1000	8	all_anchor_rows	stored_successor_z	4096	0.9997644424438477	0.9997794032096863	0.9997957944869995	0.999859094619751	0.9999085068702698
candidate	1000	8	anchor0_h	stored_successor_s	6	0.9999997019767761	0.9999997019767761	0.9999997019767761	0.9999997019767761	0.9999997019767761
candidate	1000	8	anchor0_non_h	stored_successor_s	250	0.9999995827674866	0.9999996423721313	0.9999997615814209	0.9999997615814209	0.9999998211860657
candidate	1000	8	h_rows_other_anchors	stored_successor_s	90	0.9999996423721313	0.9999996423721313	0.9999997019767761	0.9999998211860657	0.9999998211860657
candidate	1000	8	all_anchor_rows	stored_successor_s	4096	0.9999999403953552	0.9999996423721313	0.9999997615814209	0.9999998211860657	0.9999998807907104
candidate	1000	9	anchor0_h	rotated_z	6	0.9997398257255554	0.9997398257255554	0.9997398257255554	0.9997398257255554	0.9997398257255554
candidate	1000	9	anchor0_non_h	rotated_z	250	0.9997650980949402	0.999779224395752	0.9997957944869995	0.9998438358306885	0.9998601078987122
candidate	1000	9	h_rows_other_anchors	rotated_z	90	0.9997568130493164	0.9997475147247314	0.9997914433479309	0.9998811483383179	0.99990314245224
candidate	1000	9	all_anchor_rows	rotated_z	4096	0.9997644424438477	0.999779462814331	0.9997957944869995	0.999859094619751	0.9999085068702698
candidate	1000	9	anchor0_h	rotated_s	6	0.9999997019767761	0.9999997019767761	0.9999997019767761	0.9999997019767761	0.9999997019767761
candidate	1000	9	anchor0_non_h	rotated_s	250	0.9999996423721313	0.9999996423721313	0.9999997615814209	0.9999998211860657	0.9999998211860657
candidate	1000	9	h_rows_other_anchors	rotated_s	90	0.9999996423721313	0.9999996423721313	0.9999997019767761	0.9999997615814209	0.9999998211860657
candidate	1000	9	all_anchor_rows	rotated_s	4096	0.9999999403953552	0.9999996423721313	0.9999997615814209	0.9999998211860657	0.9999998807907104
candidate	1000	9	anchor0_h	prior_p	6	0.06058211252093315	0.06058211624622345	0.06058211624622345	0.06058211624622345	0.06058211624622345
candidate	1000	9	anchor0_non_h	prior_p	250	0.06063169613480568	0.060330718755722046	0.06588855385780334	0.06851767748594284	0.06851767748594284
candidate	1000	9	h_rows_other_anchors	prior_p	90	0.060717180371284485	0.06016705557703972	0.06687319278717041	0.07127939909696579	0.07929439842700958
candidate	1000	9	all_anchor_rows	prior_p	4096	0.06107078492641449	0.06107264757156372	0.06723056733608246	0.07025285065174103	0.08022964000701904
candidate	1000	9	anchor0_h	innovation_w	6	0.22106854617595673	0.22106854617595673	0.22106854617595673	0.22106854617595673	0.22106854617595673
candidate	1000	9	anchor0_non_h	innovation_w	250	0.2243468314409256	0.22185644507408142	0.2573889493942261	0.2778078317642212	0.2778078317642212
candidate	1000	9	h_rows_other_anchors	innovation_w	90	0.22440241277217865	0.2159545123577118	0.26892492175102234	0.3040778338909149	0.3767257630825043
candidate	1000	9	all_anchor_rows	innovation_w	4096	0.2271777093410492	0.22864890098571777	0.2684037685394287	0.2912546694278717	0.38652315735816956
candidate	1000	9	anchor0_h	raw_successor_z	6	0.039518747478723526	0.039518751204013824	0.039518751204013824	0.039518751204013824	0.039518751204013824
candidate	1000	9	anchor0_non_h	raw_successor_z	250	0.04106711223721504	0.041867174208164215	0.043312132358551025	0.04731635004281998	0.048950277268886566
candidate	1000	9	h_rows_other_anchors	raw_successor_z	90	0.04073062911629677	0.03981441259384155	0.04392849653959274	0.05245227366685867	0.059974897652864456
candidate	1000	9	all_anchor_rows	raw_successor_z	4096	0.04114851728081703	0.04175674915313721	0.04390407353639603	0.04933379590511322	0.06131848320364952
candidate	1000	9	anchor0_h	raw_updated_s	6	1.2208271026611328	1.2208271026611328	1.2208271026611328	1.2208271026611328	1.2208271026611328
candidate	1000	9	anchor0_non_h	raw_updated_s	250	1.2241278886795044	1.2216981649398804	1.2569416761398315	1.2772810459136963	1.2772810459136963
candidate	1000	9	h_rows_other_anchors	raw_updated_s	90	1.224173665046692	1.2157032489776611	1.2684355974197388	1.3036532402038574	1.3760994672775269
candidate	1000	9	all_anchor_rows	raw_updated_s	4096	1.226951003074646	1.2284960746765137	1.267920732498169	1.2906080484390259	1.3858897686004639
candidate	1000	9	anchor0_h	z_boundary_denominator	6	0.0395314060151577	0.0395314022898674	0.0395314022898674	0.0395314022898674	0.0395314022898674
candidate	1000	9	anchor0_non_h	z_boundary_denominator	250	0.041079331189394	0.041879117488861084	0.04332367703318596	0.047326914966106415	0.04896048828959465
candidate	1000	9	h_rows_other_anchors	z_boundary_denominator	90	0.04074297845363617	0.03982696682214737	0.043939877301454544	0.05246182531118393	0.059983234852552414
candidate	1000	9	all_anchor_rows	z_boundary_denominator	4096	0.041160717606544495	0.041768722236156464	0.043915458023548126	0.049343932420015335	0.061326634138822556
candidate	1000	9	anchor0_h	s_boundary_denominator	6	1.2208274602890015	1.2208274602890015	1.2208274602890015	1.2208274602890015	1.2208274602890015
candidate	1000	9	anchor0_non_h	s_boundary_denominator	250	1.224128246307373	1.221698522567749	1.2569420337677002	1.277281403541565	1.277281403541565
candidate	1000	9	h_rows_other_anchors	s_boundary_denominator	90	1.2241740226745605	1.2157037258148193	1.2684359550476074	1.303653597831726	1.3760998249053955
candidate	1000	9	all_anchor_rows	s_boundary_denominator	4096	1.2269513607025146	1.2284965515136719	1.2679210901260376	1.2906084060668945	1.385890007019043
candidate	1000	9	anchor0_h	stored_successor_z	6	0.9996799826622009	0.9996799826622009	0.9996799826622009	0.9996799826622009	0.9996799826622009
candidate	1000	9	anchor0_non_h	stored_successor_z	250	0.9997002482414246	0.9997148513793945	0.999733567237854	0.9997767210006714	0.9997914433479309
candidate	1000	9	h_rows_other_anchors	stored_successor_z	90	0.9996932744979858	0.9996846914291382	0.9997408986091614	0.9998171329498291	0.999860942363739
candidate	1000	9	all_anchor_rows	stored_successor_z	4096	0.9997011423110962	0.9997133016586304	0.999740719795227	0.999794602394104	0.9998671412467957
candidate	1000	9	anchor0_h	stored_successor_s	6	0.9999995827674866	0.9999996423721313	0.9999996423721313	0.9999996423721313	0.9999996423721313
candidate	1000	9	anchor0_non_h	stored_successor_s	250	0.9999995231628418	0.9999996423721313	0.9999997019767761	0.9999997615814209	0.9999997615814209
candidate	1000	9	h_rows_other_anchors	stored_successor_s	90	0.9999995827674866	0.9999996423721313	0.9999997019767761	0.9999997615814209	0.9999998211860657
candidate	1000	9	all_anchor_rows	stored_successor_s	4096	0.9999999403953552	0.9999996423721313	0.9999997019767761	0.9999997615814209	0.9999998211860657
candidate	1000	10	anchor0_h	rotated_z	6	0.9996799826622009	0.9996799826622009	0.9996799826622009	0.9996799826622009	0.9996799826622009
candidate	1000	10	anchor0_non_h	rotated_z	250	0.9997002482414246	0.9997148513793945	0.999733567237854	0.9997767210006714	0.9997914433479309
candidate	1000	10	h_rows_other_anchors	rotated_z	90	0.9996932744979858	0.9996846914291382	0.9997408986091614	0.9998171925544739	0.9998610019683838
candidate	1000	10	all_anchor_rows	rotated_z	4096	0.9997011423110962	0.9997133016586304	0.999740719795227	0.999794602394104	0.9998671412467957
candidate	1000	10	anchor0_h	rotated_s	6	0.9999997019767761	0.9999997019767761	0.9999997019767761	0.9999997019767761	0.9999997019767761
candidate	1000	10	anchor0_non_h	rotated_s	250	0.9999995231628418	0.9999996423721313	0.9999997019767761	0.9999997615814209	0.9999997615814209
candidate	1000	10	h_rows_other_anchors	rotated_s	90	0.9999995827674866	0.9999996423721313	0.9999997019767761	0.9999997615814209	0.9999997615814209
candidate	1000	10	all_anchor_rows	rotated_s	4096	0.9999999403953552	0.9999996423721313	0.9999997019767761	0.9999997615814209	0.9999998211860657
candidate	1000	10	anchor0_h	prior_p	6	0.05736543610692024	0.05736543610692024	0.05736543610692024	0.05736543610692024	0.05736543610692024
candidate	1000	10	anchor0_non_h	prior_p	250	0.05736605077981949	0.05694624409079552	0.06273911148309708	0.06505531817674637	0.06505531817674637
candidate	1000	10	h_rows_other_anchors	prior_p	90	0.057337112724781036	0.05661651864647865	0.06358122825622559	0.06634164601564407	0.07125843316316605
candidate	1000	10	all_anchor_rows	prior_p	4096	0.057713013142347336	0.056631963700056076	0.06379913538694382	0.06530526280403137	0.07228467613458633
candidate	1000	10	anchor0_h	innovation_w	6	0.19653572142124176	0.19653573632240295	0.19653573632240295	0.19653573632240295	0.19653573632240295
candidate	1000	10	anchor0_non_h	innovation_w	250	0.19881878793239594	0.19817516207695007	0.23174841701984406	0.24930381774902344	0.2544224262237549
candidate	1000	10	h_rows_other_anchors	innovation_w	90	0.19822748005390167	0.19405151903629303	0.23745812475681305	0.2698162794113159	0.30542659759521484
candidate	1000	10	all_anchor_rows	innovation_w	4096	0.20094746351242065	0.19534552097320557	0.2400684952735901	0.25352469086647034	0.3140576481819153
candidate	1000	10	anchor0_h	raw_successor_z	6	0.036325205117464066	0.036325205117464066	0.036325205117464066	0.036325205117464066	0.036325205117464066
candidate	1000	10	anchor0_non_h	raw_successor_z	250	0.037253621965646744	0.038047295063734055	0.03957349807024002	0.04149490222334862	0.043549779802560806
candidate	1000	10	h_rows_other_anchors	raw_successor_z	90	0.03703046217560768	0.03600569814443588	0.040651701390743256	0.04587286338210106	0.051273930817842484
candidate	1000	10	all_anchor_rows	raw_successor_z	4096	0.0373862162232399	0.037726327776908875	0.0406356006860733	0.04314444586634636	0.05226198211312294
candidate	1000	10	anchor0_h	raw_updated_s	6	1.196273922920227	1.196273922920227	1.196273922920227	1.196273922920227	1.196273922920227
candidate	1000	10	anchor0_non_h	raw_updated_s	250	1.1985834836959839	1.1977695226669312	1.231339931488037	1.2488657236099243	1.2542383670806885
candidate	1000	10	h_rows_other_anchors	raw_updated_s	90	1.197977900505066	1.1936365365982056	1.237021565437317	1.2696303129196167	1.3050216436386108
candidate	1000	10	all_anchor_rows	raw_updated_s	4096	1.2007023096084595	1.1951866149902344	1.2396595478057861	1.2531672716140747	1.3136297464370728
candidate	1000	10	anchor0_h	z_boundary_denominator	6	0.036338966339826584	0.036338966339826584	0.036338966339826584	0.036338966339826584	0.036338966339826584
candidate	1000	10	anchor0_non_h	z_boundary_denominator	250	0.03726708143949509	0.03806043416261673	0.039586130529642105	0.04150694981217384	0.04356125742197037
candidate	1000	10	h_rows_other_anchors	z_boundary_denominator	90	0.037044037133455276	0.03601958230137825	0.04066399857401848	0.04588377848267555	0.05128368362784386
candidate	1000	10	all_anchor_rows	z_boundary_denominator	4096	0.03739963471889496	0.037739574909210205	0.040647901594638824	0.043156035244464874	0.05227154865860939
candidate	1000	10	anchor0_h	s_boundary_denominator	6	1.1962742805480957	1.1962742805480957	1.1962742805480957	1.1962742805480957	1.1962742805480957
candidate	1000	10	anchor0_non_h	s_boundary_denominator	250	1.198583960533142	1.1977699995040894	1.2313404083251953	1.248866081237793	1.2542387247085571
candidate	1000	10	h_rows_other_anchors	s_boundary_denominator	90	1.1979783773422241	1.1936368942260742	1.2370219230651855	1.269630789756775	1.3050220012664795
candidate	1000	10	all_anchor_rows	s_boundary_denominator	4096	1.2007026672363281	1.1951870918273926	1.2396600246429443	1.2531676292419434	1.3136301040649414
candidate	1000	10	anchor0_h	stored_successor_z	6	0.9996213316917419	0.9996212720870972	0.9996212720870972	0.9996212720870972	0.9996212720870972
candidate	1000	10	anchor0_non_h	stored_successor_z	250	0.9996363520622253	0.9996548891067505	0.9996808767318726	0.9997097253799438	0.9997365474700928
candidate	1000	10	h_rows_other_anchors	stored_successor_z	90	0.9996299743652344	0.9996144771575928	0.9996975660324097	0.9997613430023193	0.9998099207878113
candidate	1000	10	all_anchor_rows	stored_successor_z	4096	0.9996384382247925	0.9996488690376282	0.9996973276138306	0.9997314810752869	0.9998170137405396
candidate	1000	10	anchor0_h	stored_successor_s	6	0.9999995827674866	0.9999995827674866	0.9999995827674866	0.9999995827674866	0.9999995827674866
candidate	1000	10	anchor0_non_h	stored_successor_s	250	0.9999995231628418	0.9999995827674866	0.9999997019767761	0.9999997019767761	0.9999997019767761
candidate	1000	10	h_rows_other_anchors	stored_successor_s	90	0.999999463558197	0.9999996423721313	0.9999997019767761	0.9999997019767761	0.9999997615814209
candidate	1000	10	all_anchor_rows	stored_successor_s	4096	0.9999998807907104	0.9999996423721313	0.9999997019767761	0.9999997615814209	0.9999998211860657
candidate	1000	11	anchor0_h	rotated_z	6	0.9996213316917419	0.9996212720870972	0.9996212720870972	0.9996212720870972	0.9996212720870972
candidate	1000	11	anchor0_non_h	rotated_z	250	0.9996363520622253	0.9996548891067505	0.9996808767318726	0.9997097253799438	0.9997365474700928
candidate	1000	11	h_rows_other_anchors	rotated_z	90	0.9996300339698792	0.9996144771575928	0.9996975660324097	0.9997613430023193	0.9998099207878113
candidate	1000	11	all_anchor_rows	rotated_z	4096	0.9996384382247925	0.9996488690376282	0.9996973276138306	0.9997314214706421	0.9998170137405396
candidate	1000	11	anchor0_h	rotated_s	6	0.9999995827674866	0.9999995827674866	0.9999995827674866	0.9999995827674866	0.9999995827674866
candidate	1000	11	anchor0_non_h	rotated_s	250	0.9999995231628418	0.9999995827674866	0.9999997019767761	0.9999997019767761	0.9999997615814209
candidate	1000	11	h_rows_other_anchors	rotated_s	90	0.999999463558197	0.9999995827674866	0.9999997019767761	0.9999997615814209	0.9999997615814209
candidate	1000	11	all_anchor_rows	rotated_s	4096	0.9999998807907104	0.9999996423721313	0.9999997019767761	0.9999997615814209	0.9999998211860657
candidate	1000	11	anchor0_h	prior_p	6	0.05323697254061699	0.05323697626590729	0.05323697626590729	0.05323697626590729	0.05323697626590729
candidate	1000	11	anchor0_non_h	prior_p	250	0.05489909276366234	0.05552591755986214	0.058589719235897064	0.06063877418637276	0.06420353055000305
candidate	1000	11	h_rows_other_anchors	prior_p	90	0.05427301302552223	0.053984180092811584	0.05861321836709976	0.06303998827934265	0.06548385322093964
candidate	1000	11	all_anchor_rows	prior_p	4096	0.054781343787908554	0.05500002205371857	0.058646395802497864	0.0625842958688736	0.06638143211603165
candidate	1000	11	anchor0_h	innovation_w	6	0.17032255232334137	0.17032255232334137	0.17032255232334137	0.17032255232334137	0.17032255232334137
candidate	1000	11	anchor0_non_h	innovation_w	250	0.18045784533023834	0.18533286452293396	0.20166195929050446	0.21899087727069855	0.24265576899051666
candidate	1000	11	h_rows_other_anchors	innovation_w	90	0.176765576004982	0.17444118857383728	0.2025592178106308	0.2417667955160141	0.2533743679523468
candidate	1000	11	all_anchor_rows	innovation_w	4096	0.17996281385421753	0.18124043941497803	0.2024373710155487	0.23211947083473206	0.26030048727989197
candidate	1000	11	anchor0_h	raw_successor_z	6	0.03357264772057533	0.03357264772057533	0.03357264772057533	0.03357264772057533	0.03357264772057533
candidate	1000	11	anchor0_non_h	raw_successor_z	250	0.034472644329071045	0.03504438325762749	0.036759886890649796	0.03832832723855972	0.04040862247347832
candidate	1000	11	h_rows_other_anchors	raw_successor_z	90	0.03419317305088043	0.03330884128808975	0.037254784256219864	0.04196755588054657	0.044320739805698395
candidate	1000	11	all_anchor_rows	raw_successor_z	4096	0.034531909972429276	0.03469591587781906	0.037239402532577515	0.03970963880419731	0.045044537633657455
candidate	1000	11	anchor0_h	raw_updated_s	6	1.1701246500015259	1.1701246500015259	1.1701246500015259	1.1701246500015259	1.1701246500015259
candidate	1000	11	anchor0_non_h	raw_updated_s	250	1.180202603340149	1.1850972175598145	1.201511025428772	1.218638300895691	1.2421908378601074
candidate	1000	11	h_rows_other_anchors	raw_updated_s	90	1.176525592803955	1.174113154411316	1.20218825340271	1.2415015697479248	1.2529217004776
candidate	1000	11	all_anchor_rows	raw_updated_s	4096	1.1797188520431519	1.1810190677642822	1.2020642757415771	1.2317179441452026	1.2598371505737305
candidate	1000	11	anchor0_h	z_boundary_denominator	6	0.033587533980607986	0.033587533980607986	0.033587533980607986	0.033587533980607986	0.033587533980607986
candidate	1000	11	anchor0_non_h	z_boundary_denominator	250	0.03448719158768654	0.035058651119470596	0.03677348792552948	0.03834136947989464	0.04042099416255951
candidate	1000	11	h_rows_other_anchors	z_boundary_denominator	90	0.03420785441994667	0.03332384675741196	0.037268202751874924	0.04197947308421135	0.04433201998472214
candidate	1000	11	all_anchor_rows	z_boundary_denominator	4096	0.03454643860459328	0.03471032530069351	0.037252821028232574	0.039722226560115814	0.045055635273456573
candidate	1000	11	anchor0_h	s_boundary_denominator	6	1.170125126838684	1.170125126838684	1.170125126838684	1.170125126838684	1.170125126838684
candidate	1000	11	anchor0_non_h	s_boundary_denominator	250	1.1802029609680176	1.185097575187683	1.2015113830566406	1.2186386585235596	1.242191195487976
candidate	1000	11	h_rows_other_anchors	s_boundary_denominator	90	1.1765259504318237	1.1741135120391846	1.2021887302398682	1.2415019273757935	1.2529220581054688
candidate	1000	11	all_anchor_rows	s_boundary_denominator	4096	1.17971932888031	1.1810194253921509	1.2020647525787354	1.2317184209823608	1.2598375082015991
candidate	1000	11	anchor0_h	stored_successor_z	6	0.9995566010475159	0.9995566606521606	0.9995566606521606	0.9995566606521606	0.9995566606521606
candidate	1000	11	anchor0_non_h	stored_successor_z	250	0.9995756149291992	0.9995931386947632	0.9996301531791687	0.9996598362922668	0.9996939301490784
candidate	1000	11	h_rows_other_anchors	stored_successor_z	90	0.999566912651062	0.9995495676994324	0.9996399283409119	0.9997158646583557	0.9997455477714539
candidate	1000	11	all_anchor_rows	stored_successor_z	4096	0.9995766878128052	0.999584972858429	0.999639630317688	0.9996829628944397	0.9997537136077881
candidate	1000	11	anchor0_h	stored_successor_s	6	0.9999995827674866	0.9999995827674866	0.9999995827674866	0.9999995827674866	0.9999995827674866
candidate	1000	11	anchor0_non_h	stored_successor_s	250	0.9999995231628418	0.9999995827674866	0.9999997019767761	0.9999997615814209	0.9999997615814209
candidate	1000	11	h_rows_other_anchors	stored_successor_s	90	0.9999995827674866	0.9999996423721313	0.9999997019767761	0.9999997615814209	0.9999997615814209
candidate	1000	11	all_anchor_rows	stored_successor_s	4096	0.9999999403953552	0.9999996423721313	0.9999997019767761	0.9999997615814209	0.9999998211860657
candidate	1000	12	anchor0_h	rotated_z	6	0.9995566010475159	0.9995566606521606	0.9995566606521606	0.9995566606521606	0.9995566606521606
candidate	1000	12	anchor0_non_h	rotated_z	250	0.9995756149291992	0.9995931386947632	0.9996301531791687	0.9996598362922668	0.9996939897537231
candidate	1000	12	h_rows_other_anchors	rotated_z	90	0.9995669722557068	0.9995495676994324	0.9996399283409119	0.9997158646583557	0.9997455477714539
candidate	1000	12	all_anchor_rows	rotated_z	4096	0.9995766878128052	0.999584972858429	0.999639630317688	0.9996829628944397	0.9997537136077881
candidate	1000	12	anchor0_h	rotated_s	6	0.9999995827674866	0.9999995827674866	0.9999995827674866	0.9999995827674866	0.9999995827674866
candidate	1000	12	anchor0_non_h	rotated_s	250	0.9999995231628418	0.9999995827674866	0.9999997019767761	0.9999997615814209	0.9999997615814209
candidate	1000	12	h_rows_other_anchors	rotated_s	90	0.9999995827674866	0.9999996423721313	0.9999997019767761	0.9999997615814209	0.9999997615814209
candidate	1000	12	all_anchor_rows	rotated_s	4096	0.9999999403953552	0.9999996423721313	0.9999997019767761	0.9999997615814209	0.9999998211860657
candidate	1000	12	anchor0_h	prior_p	6	0.0496399849653244	0.0496399849653244	0.0496399849653244	0.0496399849653244	0.0496399849653244
candidate	1000	12	anchor0_non_h	prior_p	250	0.05202757567167282	0.05229674652218819	0.05417477712035179	0.058377884328365326	0.059277042746543884
candidate	1000	12	h_rows_other_anchors	prior_p	90	0.05119796469807625	0.050600238144397736	0.05369538068771362	0.057691749185323715	0.06081796810030937
candidate	1000	12	all_anchor_rows	prior_p	4096	0.05171719565987587	0.05184028297662735	0.053702861070632935	0.05905933305621147	0.061469778418540955
candidate	1000	12	anchor0_h	innovation_w	6	0.14848513901233673	0.14848513901233673	0.14848513901233673	0.14848513901233673	0.14848513901233673
candidate	1000	12	anchor0_non_h	innovation_w	250	0.16146332025527954	0.1642971634864807	0.17546440660953522	0.20078471302986145	0.21033728122711182
candidate	1000	12	h_rows_other_anchors	innovation_w	90	0.1569238305091858	0.1516827642917633	0.1719873994588852	0.2024519145488739	0.22095902264118195
candidate	1000	12	all_anchor_rows	innovation_w	4096	0.15996260941028595	0.16346117854118347	0.17234408855438232	0.20675715804100037	0.22588004171848297
candidate	1000	12	anchor0_h	raw_successor_z	6	0.03111826814711094	0.03111826814711094	0.03111826814711094	0.03111826814711094	0.03111826814711094
candidate	1000	12	anchor0_non_h	raw_successor_z	250	0.032163530588150024	0.03284824639558792	0.03419771417975426	0.03600108250975609	0.03762573003768921
candidate	1000	12	h_rows_other_anchors	raw_successor_z	90	0.03180726617574692	0.03109544888138771	0.033919718116521835	0.03876900300383568	0.03922474756836891
candidate	1000	12	all_anchor_rows	raw_successor_z	4096	0.03213495761156082	0.032471008598804474	0.033940546214580536	0.03706209734082222	0.03974153473973274
candidate	1000	12	anchor0_h	raw_updated_s	6	1.1483116149902344	1.1483116149902344	1.1483116149902344	1.1483116149902344	1.1483116149902344
candidate	1000	12	anchor0_non_h	raw_updated_s	250	1.1612086296081543	1.1639697551727295	1.1752218008041382	1.2004116773605347	1.2100824117660522
candidate	1000	12	h_rows_other_anchors	raw_updated_s	90	1.1566938161849976	1.1514004468917847	1.1717941761016846	1.2022372484207153	1.2206815481185913
candidate	1000	12	all_anchor_rows	raw_updated_s	4096	1.1597263813018799	1.1632853746414185	1.1721465587615967	1.2064303159713745	1.2256031036376953
candidate	1000	12	anchor0_h	z_boundary_denominator	6	0.031134335324168205	0.031134333461523056	0.031134333461523056	0.031134333461523056	0.031134333461523056
candidate	1000	12	anchor0_non_h	z_boundary_denominator	250	0.03217911347746849	0.03286346420645714	0.03421233221888542	0.036014970391988754	0.03763901814818382
candidate	1000	12	h_rows_other_anchors	z_boundary_denominator	90	0.031823042780160904	0.031111523509025574	0.03393445536494255	0.03878189995884895	0.03923749178647995
candidate	1000	12	all_anchor_rows	z_boundary_denominator	4096	0.03215055540204048	0.03248640149831772	0.033955276012420654	0.03707558661699295	0.03975411504507065
candidate	1000	12	anchor0_h	s_boundary_denominator	6	1.148311972618103	1.148311972618103	1.148311972618103	1.148311972618103	1.148311972618103
candidate	1000	12	anchor0_non_h	s_boundary_denominator	250	1.1612091064453125	1.1639702320098877	1.1752221584320068	1.2004120349884033	1.210082769393921
candidate	1000	12	h_rows_other_anchors	s_boundary_denominator	90	1.1566944122314453	1.1514008045196533	1.1717946529388428	1.202237606048584	1.22068190574646
candidate	1000	12	all_anchor_rows	s_boundary_denominator	4096	1.1597267389297485	1.163285732269287	1.1721469163894653	1.2064306735992432	1.225603461265564
candidate	1000	12	anchor0_h	stored_successor_z	6	0.999484121799469	0.999484121799469	0.999484121799469	0.999484121799469	0.999484121799469
candidate	1000	12	anchor0_non_h	stored_successor_z	250	0.9995130896568298	0.9995368719100952	0.9995726943016052	0.9996143579483032	0.9996469616889954
candidate	1000	12	h_rows_other_anchors	stored_successor_z	90	0.9995006322860718	0.9994833469390869	0.9995656609535217	0.9996675252914429	0.9996752142906189
candidate	1000	12	all_anchor_rows	stored_successor_z	4096	0.9995120167732239	0.9995261430740356	0.9995661973953247	0.999636173248291	0.9996835589408875
candidate	1000	12	anchor0_h	stored_successor_s	6	0.9999995827674866	0.9999995827674866	0.9999995827674866	0.9999995827674866	0.9999995827674866
candidate	1000	12	anchor0_non_h	stored_successor_s	250	0.9999995231628418	0.9999996423721313	0.9999997019767761	0.9999997615814209	0.9999997615814209
candidate	1000	12	h_rows_other_anchors	stored_successor_s	90	0.999999463558197	0.9999995827674866	0.9999996423721313	0.9999997019767761	0.9999997615814209
candidate	1000	12	all_anchor_rows	stored_successor_s	4096	0.9999998807907104	0.9999995827674866	0.9999996423721313	0.9999997019767761	0.9999997615814209
candidate	1000	13	anchor0_h	rotated_z	6	0.999484121799469	0.999484121799469	0.999484121799469	0.999484121799469	0.999484121799469
candidate	1000	13	anchor0_non_h	rotated_z	250	0.9995130896568298	0.9995368719100952	0.99957275390625	0.9996143579483032	0.9996469616889954
candidate	1000	13	h_rows_other_anchors	rotated_z	90	0.9995006322860718	0.9994833469390869	0.9995656609535217	0.9996675252914429	0.9996752142906189
candidate	1000	13	all_anchor_rows	rotated_z	4096	0.9995119571685791	0.9995261430740356	0.9995661973953247	0.9996362328529358	0.9996834993362427
candidate	1000	13	anchor0_h	rotated_s	6	0.9999995231628418	0.9999995231628418	0.9999995231628418	0.9999995231628418	0.9999995231628418
candidate	1000	13	anchor0_non_h	rotated_s	250	0.9999995231628418	0.9999995827674866	0.9999996423721313	0.9999997615814209	0.9999997615814209
candidate	1000	13	h_rows_other_anchors	rotated_s	90	0.999999463558197	0.9999995827674866	0.9999996423721313	0.9999997019767761	0.9999997019767761
candidate	1000	13	all_anchor_rows	rotated_s	4096	0.9999998807907104	0.9999995827674866	0.9999996423721313	0.9999997019767761	0.9999997615814209
candidate	1000	13	anchor0_h	prior_p	6	0.04729638993740082	0.04729638993740082	0.04729638993740082	0.04729638993740082	0.04729638993740082
candidate	1000	13	anchor0_non_h	prior_p	250	0.04888472706079483	0.04942028596997261	0.05041637271642685	0.05321431905031204	0.05342959240078926
candidate	1000	13	h_rows_other_anchors	prior_p	90	0.048387229442596436	0.0483710840344429	0.05035712942481041	0.054531171917915344	0.05468291416764259
candidate	1000	13	all_anchor_rows	prior_p	4096	0.04877578467130661	0.048970744013786316	0.05084681510925293	0.0535954013466835	0.05520511046051979
candidate	1000	13	anchor0_h	innovation_w	6	0.13406489789485931	0.13406489789485931	0.13406489789485931	0.13406489789485931	0.13406489789485931
candidate	1000	13	anchor0_non_h	innovation_w	250	0.14308664202690125	0.14789794385433197	0.15338259935379028	0.1709212213754654	0.17388534545898438
candidate	1000	13	h_rows_other_anchors	innovation_w	90	0.1400560736656189	0.13762901723384857	0.15076948702335358	0.1793467253446579	0.18212875723838806
candidate	1000	13	all_anchor_rows	innovation_w	4096	0.14240305125713348	0.14551673829555511	0.15485632419586182	0.1738889068365097	0.18572229146957397
candidate	1000	13	anchor0_h	raw_successor_z	6	0.029061703011393547	0.029061703011393547	0.029061703011393547	0.029061703011393547	0.029061703011393547
candidate	1000	13	anchor0_non_h	raw_successor_z	250	0.030113495886325836	0.03087468631565571	0.03157303109765053	0.033603813499212265	0.03457117825746536
candidate	1000	13	h_rows_other_anchors	raw_successor_z	90	0.029746035113930702	0.029095398262143135	0.03148292377591133	0.03551402688026428	0.03563785180449486
candidate	1000	13	all_anchor_rows	raw_successor_z	4096	0.030050937086343765	0.030514754354953766	0.03147301822900772	0.03431660309433937	0.036022111773490906
candidate	1000	13	anchor0_h	raw_updated_s	6	1.133872151374817	1.133872151374817	1.133872151374817	1.133872151374817	1.133872151374817
candidate	1000	13	anchor0_non_h	raw_updated_s	250	1.142871379852295	1.1476020812988281	1.1532139778137207	1.1707314252853394	1.1737414598464966
candidate	1000	13	h_rows_other_anchors	raw_updated_s	90	1.139838695526123	1.1373326778411865	1.1505950689315796	1.1791287660598755	1.181984543800354
candidate	1000	13	all_anchor_rows	raw_updated_s	4096	1.142188310623169	1.1453497409820557	1.1545851230621338	1.1737440824508667	1.1855789422988892
candidate	1000	13	anchor0_h	z_boundary_denominator	6	0.029078902676701546	0.029078902676701546	0.029078902676701546	0.029078902676701546	0.029078902676701546
candidate	1000	13	anchor0_non_h	z_boundary_denominator	250	0.030130138620734215	0.030890876427292824	0.03158886358141899	0.03361869230866432	0.03458563983440399
candidate	1000	13	h_rows_other_anchors	z_boundary_denominator	90	0.029762888327240944	0.029112577438354492	0.031498804688453674	0.03552810475230217	0.03565187752246857
candidate	1000	13	all_anchor_rows	z_boundary_denominator	4096	0.03006761148571968	0.030531136319041252	0.031488895416259766	0.034331172704696655	0.036035992205142975
candidate	1000	13	anchor0_h	s_boundary_denominator	6	1.1338725090026855	1.1338725090026855	1.1338725090026855	1.1338725090026855	1.1338725090026855
candidate	1000	13	anchor0_non_h	s_boundary_denominator	250	1.1428717374801636	1.1476024389266968	1.1532143354415894	1.170731782913208	1.1737418174743652
candidate	1000	13	h_rows_other_anchors	s_boundary_denominator	90	1.1398391723632812	1.1373331546783447	1.1505954265594482	1.1791291236877441	1.1819849014282227
candidate	1000	13	all_anchor_rows	s_boundary_denominator	4096	1.142188549041748	1.1453499794006348	1.154585599899292	1.1737444400787354	1.1855792999267578
candidate	1000	13	anchor0_h	stored_successor_z	6	0.9994086623191833	0.9994086623191833	0.9994086623191833	0.9994086623191833	0.9994086623191833
candidate	1000	13	anchor0_non_h	stored_successor_z	250	0.9994450807571411	0.9994758367538452	0.9994987845420837	0.999557375907898	0.9995819330215454
candidate	1000	13	h_rows_other_anchors	stored_successor_z	90	0.9994303584098816	0.9994098544120789	0.9994959235191345	0.999603807926178	0.9996065497398376
candidate	1000	13	all_anchor_rows	stored_successor_z	4096	0.9994428753852844	0.9994634985923767	0.9994956254959106	0.999575674533844	0.9996148347854614
candidate	1000	13	anchor0_h	stored_successor_s	6	0.9999995827674866	0.9999995827674866	0.9999995827674866	0.9999995827674866	0.9999995827674866
candidate	1000	13	anchor0_non_h	stored_successor_s	250	0.9999995231628418	0.9999995827674866	0.9999997019767761	0.9999997019767761	0.9999997615814209
candidate	1000	13	h_rows_other_anchors	stored_successor_s	90	0.999999463558197	0.9999995827674866	0.9999996423721313	0.9999997019767761	0.9999997019767761
candidate	1000	13	all_anchor_rows	stored_successor_s	4096	0.9999998807907104	0.9999995827674866	0.9999996423721313	0.9999997019767761	0.9999997615814209
candidate	1000	14	anchor0_h	rotated_z	6	0.9994086623191833	0.9994086027145386	0.9994086027145386	0.9994086027145386	0.9994086027145386
candidate	1000	14	anchor0_non_h	rotated_z	250	0.9994450807571411	0.9994758367538452	0.9994987845420837	0.999557375907898	0.9995819926261902
candidate	1000	14	h_rows_other_anchors	rotated_z	90	0.9994303584098816	0.9994098544120789	0.9994958639144897	0.999603807926178	0.9996065497398376
candidate	1000	14	all_anchor_rows	rotated_z	4096	0.9994428753852844	0.9994634985923767	0.9994956254959106	0.999575674533844	0.9996148347854614
candidate	1000	14	anchor0_h	rotated_s	6	0.9999995827674866	0.9999995827674866	0.9999995827674866	0.9999995827674866	0.9999995827674866
candidate	1000	14	anchor0_non_h	rotated_s	250	0.9999995231628418	0.9999995827674866	0.9999997019767761	0.9999997019767761	0.9999997019767761
candidate	1000	14	h_rows_other_anchors	rotated_s	90	0.999999463558197	0.9999995827674866	0.9999996423721313	0.9999997019767761	0.9999997019767761
candidate	1000	14	all_anchor_rows	rotated_s	4096	0.9999999403953552	0.9999995827674866	0.9999996423721313	0.9999997019767761	0.9999997615814209
candidate	1000	14	anchor0_h	prior_p	6	0.04583850875496864	0.04583850875496864	0.04583850875496864	0.04583850875496864	0.04583850875496864
candidate	1000	14	anchor0_non_h	prior_p	250	0.04632256180047989	0.04666774347424507	0.04863348230719566	0.0499853678047657	0.0499853678047657
candidate	1000	14	h_rows_other_anchors	prior_p	90	0.046157270669937134	0.045569270849227905	0.04894046485424042	0.05099925026297569	0.05241018533706665
candidate	1000	14	all_anchor_rows	prior_p	4096	0.046433791518211365	0.046688467264175415	0.04930373653769493	0.05074078589677811	0.05273003131151199
candidate	1000	14	anchor0_h	innovation_w	6	0.12452917546033859	0.12452917546033859	0.12452917546033859	0.12452917546033859	0.12452917546033859
candidate	1000	14	anchor0_non_h	innovation_w	250	0.12848222255706787	0.13155609369277954	0.13962160050868988	0.14725755155086517	0.15150175988674164
candidate	1000	14	h_rows_other_anchors	innovation_w	90	0.12710367143154144	0.12295275926589966	0.14358828961849213	0.1576790064573288	0.16312876343727112
candidate	1000	14	all_anchor_rows	innovation_w	4096	0.12881621718406677	0.1308920681476593	0.14362832903862	0.1512526422739029	0.16529481112957
candidate	1000	14	anchor0_h	raw_successor_z	6	0.027405202388763428	0.027405202388763428	0.027405202388763428	0.027405202388763428	0.027405202388763428
candidate	1000	14	anchor0_non_h	raw_successor_z	250	0.02828890271484852	0.02893979288637638	0.029440434649586678	0.03113214112818241	0.0318329744040966
candidate	1000	14	h_rows_other_anchors	raw_successor_z	90	0.027981357648968697	0.027414720505475998	0.02967088669538498	0.032618675380945206	0.032955847680568695
candidate	1000	14	all_anchor_rows	raw_successor_z	4096	0.028248745948076248	0.02869214490056038	0.029612120240926743	0.03165138512849808	0.03326074406504631
candidate	1000	14	anchor0_h	raw_updated_s	6	1.124287486076355	1.124287486076355	1.124287486076355	1.124287486076355	1.124287486076355
candidate	1000	14	anchor0_non_h	raw_updated_s	250	1.1282747983932495	1.1313812732696533	1.1393390893936157	1.1469579935073853	1.151354193687439
candidate	1000	14	h_rows_other_anchors	raw_updated_s	90	1.1268815994262695	1.1227107048034668	1.1433082818984985	1.1575191020965576	1.1628494262695312
candidate	1000	14	all_anchor_rows	raw_updated_s	4096	1.1285996437072754	1.1307071447372437	1.1433422565460205	1.150926113128662	1.1650184392929077
candidate	1000	14	anchor0_h	z_boundary_denominator	6	0.027423441410064697	0.027423441410064697	0.027423441410064697	0.027423441410064697	0.027423441410064697
candidate	1000	14	anchor0_non_h	z_boundary_denominator	250	0.028306609019637108	0.0289570651948452	0.029457412660121918	0.031148197129368782	0.03184867650270462
candidate	1000	14	h_rows_other_anchors	z_boundary_denominator	90	0.027999265119433403	0.02743295207619667	0.029687734320759773	0.03263399749994278	0.03297101706266403
candidate	1000	14	all_anchor_rows	z_boundary_denominator	4096	0.028266478329896927	0.028709568083286285	0.029628999531269073	0.031667180359363556	0.033275771886110306
candidate	1000	14	anchor0_h	s_boundary_denominator	6	1.1242879629135132	1.1242879629135132	1.1242879629135132	1.1242879629135132	1.1242879629135132
candidate	1000	14	anchor0_non_h	s_boundary_denominator	250	1.1282752752304077	1.1313817501068115	1.139339566230774	1.146958351135254	1.1513545513153076
candidate	1000	14	h_rows_other_anchors	s_boundary_denominator	90	1.1268819570541382	1.122711181640625	1.1433086395263672	1.1575195789337158	1.1628499031066895
candidate	1000	14	all_anchor_rows	s_boundary_denominator	4096	1.1286001205444336	1.1307076215744019	1.1433426141738892	1.1509265899658203	1.1650187969207764
candidate	1000	14	anchor0_h	stored_successor_z	6	0.9993348717689514	0.9993349313735962	0.9993349313735962	0.9993349313735962	0.9993349313735962
candidate	1000	14	anchor0_non_h	stored_successor_z	250	0.9993720054626465	0.9994035959243774	0.9994235634803772	0.9994845390319824	0.9995068907737732
candidate	1000	14	h_rows_other_anchors	stored_successor_z	90	0.999357283115387	0.9993353486061096	0.9994325041770935	0.9995303750038147	0.9995399713516235
candidate	1000	14	all_anchor_rows	stored_successor_z	4096	0.9993702173233032	0.9993931651115417	0.9994302988052368	0.9995011687278748	0.9995484352111816
candidate	1000	14	anchor0_h	stored_successor_s	6	0.9999995827674866	0.9999995827674866	0.9999995827674866	0.9999995827674866	0.9999995827674866
candidate	1000	14	anchor0_non_h	stored_successor_s	250	0.9999995231628418	0.9999995827674866	0.9999996423721313	0.9999997019767761	0.9999997019767761
candidate	1000	14	h_rows_other_anchors	stored_successor_s	90	0.999999463558197	0.9999995827674866	0.9999996423721313	0.9999996423721313	0.9999996423721313
candidate	1000	14	all_anchor_rows	stored_successor_s	4096	0.9999998807907104	0.9999995827674866	0.9999996423721313	0.9999997019767761	0.9999998211860657
candidate	1000	15	anchor0_h	rotated_z	6	0.9993348717689514	0.9993348717689514	0.9993348717689514	0.9993348717689514	0.9993348717689514
candidate	1000	15	anchor0_non_h	rotated_z	250	0.9993720054626465	0.9994035959243774	0.9994235634803772	0.9994845390319824	0.9995068907737732
candidate	1000	15	h_rows_other_anchors	rotated_z	90	0.999357283115387	0.9993354082107544	0.9994325637817383	0.9995303750038147	0.9995399713516235
candidate	1000	15	all_anchor_rows	rotated_z	4096	0.9993702173233032	0.9993931651115417	0.9994302988052368	0.9995012283325195	0.9995484352111816
candidate	1000	15	anchor0_h	rotated_s	6	0.9999995827674866	0.9999996423721313	0.9999996423721313	0.9999996423721313	0.9999996423721313
candidate	1000	15	anchor0_non_h	rotated_s	250	0.9999995231628418	0.9999995827674866	0.9999996423721313	0.9999997019767761	0.9999997019767761
candidate	1000	15	h_rows_other_anchors	rotated_s	90	0.999999463558197	0.9999995827674866	0.9999996423721313	0.9999996423721313	0.9999997019767761
candidate	1000	15	all_anchor_rows	rotated_s	4096	0.9999998807907104	0.9999995827674866	0.9999996423721313	0.9999997019767761	0.9999998211860657
candidate	1000	15	anchor0_h	prior_p	6	0.04444621503353119	0.04444621503353119	0.04444621503353119	0.04444621503353119	0.04444621503353119
candidate	1000	15	anchor0_non_h	prior_p	250	0.04458869993686676	0.044455260038375854	0.047455430030822754	0.04853738844394684	0.04876161739230156
candidate	1000	15	h_rows_other_anchors	prior_p	90	0.04445653036236763	0.04426485300064087	0.04779591038823128	0.04940692335367203	0.04959096014499664
candidate	1000	15	all_anchor_rows	prior_p	4096	0.04471121355891228	0.04427769407629967	0.04795817285776138	0.048787686973810196	0.04992704838514328
candidate	1000	15	anchor0_h	innovation_w	6	0.1160438135266304	0.1160438135266304	0.1160438135266304	0.1160438135266304	0.1160438135266304
candidate	1000	15	anchor0_non_h	innovation_w	250	0.11827711015939713	0.11864427477121353	0.13124632835388184	0.13749897480010986	0.14228509366512299
candidate	1000	15	h_rows_other_anchors	innovation_w	90	0.1172109991312027	0.11484429240226746	0.1331084966659546	0.14601153135299683	0.14628960192203522
candidate	1000	15	all_anchor_rows	innovation_w	4096	0.11870329082012177	0.11753572523593903	0.13432544469833374	0.1393791139125824	0.14880059659481049
candidate	1000	15	anchor0_h	raw_successor_z	6	0.02604425512254238	0.02604425698518753	0.02604425698518753	0.02604425698518753	0.02604425698518753
candidate	1000	15	anchor0_non_h	raw_successor_z	250	0.026732848957180977	0.02718845196068287	0.02784648723900318	0.02908904291689396	0.029796436429023743
candidate	1000	15	h_rows_other_anchors	raw_successor_z	90	0.026484867557883263	0.025960726663470268	0.02817937172949314	0.03043404594063759	0.03074478544294834
candidate	1000	15	all_anchor_rows	raw_successor_z	4096	0.02671910636126995	0.027000198140740395	0.02817627601325512	0.029562756419181824	0.03100067563354969
candidate	1000	15	anchor0_h	raw_updated_s	6	1.11576509475708	1.11576509475708	1.11576509475708	1.11576509475708	1.11576509475708
candidate	1000	15	anchor0_non_h	raw_updated_s	250	1.1180431842803955	1.1184608936309814	1.1309096813201904	1.1371631622314453	1.1420763731002808
candidate	1000	15	h_rows_other_anchors	raw_updated_s	90	1.116964340209961	1.1145262718200684	1.1327685117721558	1.1457585096359253	1.1460930109024048
candidate	1000	15	all_anchor_rows	raw_updated_s	4096	1.1184613704681396	1.117350459098816	1.1339962482452393	1.1390591859817505	1.1486005783081055
candidate	1000	15	anchor0_h	z_boundary_denominator	6	0.026063447818160057	0.026063449680805206	0.026063449680805206	0.026063449680805206	0.026063449680805206
candidate	1000	15	anchor0_non_h	z_boundary_denominator	250	0.026751575991511345	0.02720683626830578	0.02786443568766117	0.029106225818395615	0.029813211411237717
candidate	1000	15	h_rows_other_anchors	z_boundary_denominator	90	0.026503782719373703	0.02597998082637787	0.028197109699249268	0.030450472608208656	0.03076104447245598
candidate	1000	15	all_anchor_rows	z_boundary_denominator	4096	0.026737850159406662	0.0270187109708786	0.028194015845656395	0.029579663649201393	0.031016800552606583
candidate	1000	15	anchor0_h	s_boundary_denominator	6	1.1157655715942383	1.1157655715942383	1.1157655715942383	1.1157655715942383	1.1157655715942383
candidate	1000	15	anchor0_non_h	s_boundary_denominator	250	1.1180435419082642	1.1184613704681396	1.1309101581573486	1.137163519859314	1.142076849937439
candidate	1000	15	h_rows_other_anchors	s_boundary_denominator	90	1.1169648170471191	1.1145267486572266	1.132768988609314	1.145758867263794	1.1460933685302734
candidate	1000	15	all_anchor_rows	s_boundary_denominator	4096	1.1184618473052979	1.1173508167266846	1.1339967250823975	1.1390596628189087	1.1486009359359741
candidate	1000	15	anchor0_h	stored_successor_z	6	0.9992635846138	0.9992635846138	0.9992635846138	0.9992635846138	0.9992635846138
candidate	1000	15	anchor0_non_h	stored_successor_z	250	0.9992973804473877	0.9993242621421814	0.9993557929992676	0.9994096755981445	0.9994372725486755
candidate	1000	15	h_rows_other_anchors	stored_successor_z	90	0.9992831945419312	0.9992588758468628	0.9993709325790405	0.9994605779647827	0.9994714260101318
candidate	1000	15	all_anchor_rows	stored_successor_z	4096	0.9992964267730713	0.9993148446083069	0.9993708729743958	0.9994282722473145	0.9994800686836243
candidate	1000	15	anchor0_h	stored_successor_s	6	0.9999995827674866	0.9999996423721313	0.9999996423721313	0.9999996423721313	0.9999996423721313
candidate	1000	15	anchor0_non_h	stored_successor_s	250	0.9999995231628418	0.9999995827674866	0.9999997019767761	0.9999997019767761	0.9999997019767761
candidate	1000	15	h_rows_other_anchors	stored_successor_s	90	0.999999463558197	0.9999995827674866	0.9999997019767761	0.9999997615814209	0.9999997615814209
candidate	1000	15	all_anchor_rows	stored_successor_s	4096	0.9999998807907104	0.9999995827674866	0.9999996423721313	0.9999997019767761	0.9999997615814209
candidate	1000	16	anchor0_h	rotated_z	6	0.9992635846138	0.9992635846138	0.9992635846138	0.9992635846138	0.9992635846138
candidate	1000	16	anchor0_non_h	rotated_z	250	0.9992973804473877	0.9993242621421814	0.9993558526039124	0.9994096755981445	0.9994372725486755
candidate	1000	16	h_rows_other_anchors	rotated_z	90	0.9992831945419312	0.9992589354515076	0.9993709325790405	0.9994605779647827	0.9994714856147766
candidate	1000	16	all_anchor_rows	rotated_z	4096	0.9992964267730713	0.9993148446083069	0.9993708729743958	0.9994282722473145	0.9994800686836243
candidate	1000	16	anchor0_h	rotated_s	6	0.9999995827674866	0.9999996423721313	0.9999996423721313	0.9999996423721313	0.9999996423721313
candidate	1000	16	anchor0_non_h	rotated_s	250	0.9999995231628418	0.9999996423721313	0.9999997019767761	0.9999997019767761	0.9999997019767761
candidate	1000	16	h_rows_other_anchors	rotated_s	90	0.999999463558197	0.9999995827674866	0.9999996423721313	0.9999997019767761	0.9999997615814209
candidate	1000	16	all_anchor_rows	rotated_s	4096	0.9999998807907104	0.9999995827674866	0.9999996423721313	0.9999997019767761	0.9999997615814209
candidate	1000	16	anchor0_h	prior_p	6	0.042691007256507874	0.042691007256507874	0.042691007256507874	0.042691007256507874	0.042691007256507874
candidate	1000	16	anchor0_non_h	prior_p	250	0.043291982263326645	0.04343407228589058	0.04562441259622574	0.04639892280101776	0.04807405173778534
candidate	1000	16	h_rows_other_anchors	prior_p	90	0.04296498000621796	0.04307962954044342	0.04549550637602806	0.04672619700431824	0.048648349940776825
candidate	1000	16	all_anchor_rows	prior_p	4096	0.043259263038635254	0.043108634650707245	0.04554038122296333	0.047232735902071	0.04901835694909096
candidate	1000	16	anchor0_h	innovation_w	6	0.10698994249105453	0.10698994249105453	0.10698994249105453	0.10698994249105453	0.10698994249105453
candidate	1000	16	anchor0_non_h	innovation_w	250	0.11058255285024643	0.11179608851671219	0.122829869389534	0.12732845544815063	0.13550154864788055
candidate	1000	16	h_rows_other_anchors	innovation_w	90	0.10886821895837784	0.10897378623485565	0.12094154953956604	0.13017526268959045	0.13907428085803986
candidate	1000	16	all_anchor_rows	innovation_w	4096	0.11041358858346939	0.11010466516017914	0.12121769785881042	0.13129353523254395	0.14119872450828552
candidate	1000	16	anchor0_h	raw_successor_z	6	0.024855488911271095	0.024855488911271095	0.024855488911271095	0.024855488911271095	0.024855488911271095
candidate	1000	16	anchor0_non_h	raw_successor_z	250	0.025435499846935272	0.025766968727111816	0.02660307101905346	0.027544517070055008	0.0282693300396204
candidate	1000	16	h_rows_other_anchors	raw_successor_z	90	0.02521006017923355	0.024767084047198296	0.026867903769016266	0.02877175249159336	0.028782716020941734
candidate	1000	16	all_anchor_rows	raw_successor_z	4096	0.02542407624423504	0.02559918537735939	0.02686404064297676	0.027999402955174446	0.029041187837719917
candidate	1000	16	anchor0_h	raw_updated_s	6	1.1067134141921997	1.1067135334014893	1.1067135334014893	1.1067135334014893	1.1067135334014893
candidate	1000	16	anchor0_non_h	raw_updated_s	250	1.1103153228759766	1.1115583181381226	1.122497797012329	1.127060890197754	1.135191798210144
candidate	1000	16	h_rows_other_anchors	raw_updated_s	90	1.1086004972457886	1.1086232662200928	1.120628833770752	1.1299468278884888	1.1387755870819092
candidate	1000	16	all_anchor_rows	raw_updated_s	4096	1.11014723777771	1.1098721027374268	1.1209417581558228	1.1310081481933594	1.14090096950531
candidate	1000	16	anchor0_h	z_boundary_denominator	6	0.024875598028302193	0.024875598028302193	0.024875598028302193	0.024875598028302193	0.024875598028302193
candidate	1000	16	anchor0_non_h	z_boundary_denominator	250	0.025455184280872345	0.025786366313695908	0.026621859520673752	0.027562662959098816	0.02828701213002205
candidate	1000	16	h_rows_other_anchors	z_boundary_denominator	90	0.025229929015040398	0.024787262082099915	0.026886506006121635	0.028789125382900238	0.028800083324313164
candidate	1000	16	all_anchor_rows	z_boundary_denominator	4096	0.025443773716688156	0.02561870962381363	0.026882648468017578	0.028017256408929825	0.02905840054154396
candidate	1000	16	anchor0_h	s_boundary_denominator	6	1.106714129447937	1.1067140102386475	1.1067140102386475	1.1067140102386475	1.1067140102386475
candidate	1000	16	anchor0_non_h	s_boundary_denominator	250	1.1103159189224243	1.1115586757659912	1.1224982738494873	1.127061367034912	1.1351921558380127
candidate	1000	16	h_rows_other_anchors	s_boundary_denominator	90	1.1086009740829468	1.108623743057251	1.1206293106079102	1.129947304725647	1.1387759447097778
candidate	1000	16	all_anchor_rows	s_boundary_denominator	4096	1.1101477146148682	1.109872579574585	1.1209421157836914	1.1310086250305176	1.1409013271331787
candidate	1000	16	anchor0_h	stored_successor_z	6	0.9991917014122009	0.9991916418075562	0.9991916418075562	0.9991916418075562	0.9991916418075562
candidate	1000	16	anchor0_non_h	stored_successor_z	250	0.9992241263389587	0.9992478489875793	0.9992942810058594	0.9993416666984558	0.9993749260902405
candidate	1000	16	h_rows_other_anchors	stored_successor_z	90	0.9992091655731201	0.9991858005523682	0.9993081092834473	0.999396562576294	0.9993969798088074
candidate	1000	16	all_anchor_rows	stored_successor_z	4096	0.9992231130599976	0.9992378950119019	0.9993078708648682	0.9993628263473511	0.9994076490402222
candidate	1000	16	anchor0_h	stored_successor_s	6	0.9999995827674866	0.9999996423721313	0.9999996423721313	0.9999996423721313	0.9999996423721313
candidate	1000	16	anchor0_non_h	stored_successor_s	250	0.9999995827674866	0.9999995827674866	0.9999996423721313	0.9999998211860657	0.9999998211860657
candidate	1000	16	h_rows_other_anchors	stored_successor_s	90	0.999999463558197	0.9999995827674866	0.9999996423721313	0.9999997019767761	0.9999997615814209
candidate	1000	16	all_anchor_rows	stored_successor_s	4096	0.9999998807907104	0.9999995827674866	0.9999996423721313	0.9999997019767761	0.9999998211860657
control	1000	0	anchor0_h	raw_encoded_root	6	0.9336180686950684	0.9336180686950684	0.9336180686950684	0.9336180686950684	0.9336180686950684
control	1000	0	anchor0_non_h	raw_encoded_root	250	0.9335630536079407	0.8716026544570923	1.3486049175262451	1.4784023761749268	1.4784023761749268
control	1000	0	h_rows_other_anchors	raw_encoded_root	90	0.7992833256721497	0.8011940717697144	0.9053418636322021	1.013582468032837	1.0261417627334595
control	1000	0	all_anchor_rows	raw_encoded_root	4096	0.8028888702392578	0.8019310235977173	0.9176715612411499	1.0353965759277344	1.4784023761749268
control	1000	0	anchor0_h	initialized_recurrent_root	6	0.9336180686950684	0.9336180686950684	0.9336180686950684	0.9336180686950684	0.9336180686950684
control	1000	0	anchor0_non_h	initialized_recurrent_root	250	0.9335630536079407	0.8716026544570923	1.3486049175262451	1.4784023761749268	1.4784023761749268
control	1000	0	h_rows_other_anchors	initialized_recurrent_root	90	0.7992833256721497	0.8011940717697144	0.9053418636322021	1.013582468032837	1.0261417627334595
control	1000	0	all_anchor_rows	initialized_recurrent_root	4096	0.8028888702392578	0.8019310235977173	0.9176715612411499	1.0353965759277344	1.4784023761749268
control	1000	0	anchor0_h	initialized_memory	6	1.7060517072677612	1.7060515880584717	1.7060515880584717	1.7060515880584717	1.7060515880584717
control	1000	0	anchor0_non_h	initialized_memory	250	2.4316294193267822	2.275118350982666	3.516775608062744	9.994023323059082	9.994023323059082
control	1000	0	h_rows_other_anchors	initialized_memory	90	1.8114807605743408	1.388969898223877	2.9743306636810303	4.827722549438477	5.242732524871826
control	1000	0	all_anchor_rows	initialized_memory	4096	1.7950611114501953	1.465768814086914	2.7638258934020996	5.118734836578369	9.994023323059082
control	1000	1	anchor0_h	rotated_z	6	0.9336180686950684	0.9336180686950684	0.9336180686950684	0.9336180686950684	0.9336180686950684
control	1000	1	anchor0_non_h	rotated_z	250	0.9335630536079407	0.8716026544570923	1.3486049175262451	1.4784023761749268	1.4784023761749268
control	1000	1	h_rows_other_anchors	rotated_z	90	0.7992833256721497	0.8011940717697144	0.9053418636322021	1.013582468032837	1.026141881942749
control	1000	1	all_anchor_rows	rotated_z	4096	0.802888810634613	0.8019309639930725	0.9176715612411499	1.0353964567184448	1.4784023761749268
control	1000	1	anchor0_h	rotated_s	6	1.7060517072677612	1.7060515880584717	1.7060515880584717	1.7060515880584717	1.7060515880584717
control	1000	1	anchor0_non_h	rotated_s	250	2.4316294193267822	2.275118350982666	3.516775369644165	9.994023323059082	9.994023323059082
control	1000	1	h_rows_other_anchors	rotated_s	90	1.8114807605743408	1.388969898223877	2.9743306636810303	4.827722549438477	5.242732524871826
control	1000	1	all_anchor_rows	rotated_s	4096	1.7950611114501953	1.465768814086914	2.7638258934020996	5.118734359741211	9.994023323059082
control	1000	1	anchor0_h	prior_p	6	1.1111804246902466	1.1111804246902466	1.1111804246902466	1.1111804246902466	1.1111804246902466
control	1000	1	anchor0_non_h	prior_p	250	2.7328102588653564	2.002143144607544	3.5928335189819336	29.145750045776367	29.145750045776367
control	1000	1	h_rows_other_anchors	prior_p	90	1.5609149932861328	1.3394626379013062	2.683537721633911	3.8269760608673096	3.9567787647247314
control	1000	1	all_anchor_rows	prior_p	4096	1.704962968826294	1.4362685680389404	2.9371039867401123	6.144160747528076	29.145750045776367
control	1000	1	anchor0_h	innovation_w	6	15.76690673828125	15.76690673828125	15.76690673828125	15.76690673828125	15.76690673828125
control	1000	1	anchor0_non_h	innovation_w	250	1741.136962890625	217.01100158691406	821.1395263671875	51331.63671875	51331.63671875
control	1000	1	h_rows_other_anchors	innovation_w	90	184.12551879882812	106.16230773925781	444.6462707519531	888.088623046875	906.4690551757812
control	1000	1	all_anchor_rows	innovation_w	4096	309.1293029785156	121.90440368652344	518.2757568359375	2261.81591796875	51331.63671875
control	1000	1	anchor0_h	raw_successor_z	6	9.456913948059082	9.456913948059082	9.456913948059082	9.456913948059082	9.456913948059082
control	1000	1	anchor0_non_h	raw_successor_z	250	73048.1953125	691.2160034179688	4699.58154296875	2553278.75	2553278.75
control	1000	1	h_rows_other_anchors	raw_successor_z	90	702.9125366210938	210.93072509765625	1845.356201171875	6117.322265625	6866.70068359375
control	1000	1	all_anchor_rows	raw_successor_z	4096	5447.73095703125	297.8876953125	2435.3017578125	23433.078125	2553278.75
control	1000	1	anchor0_h	raw_updated_s	6	15.879799842834473	15.879799842834473	15.879799842834473	15.879799842834473	15.879799842834473
control	1000	1	anchor0_non_h	raw_updated_s	250	1742.115478515625	218.05148315429688	822.5986938476562	51337.02734375	51337.02734375
control	1000	1	h_rows_other_anchors	raw_updated_s	90	184.95578002929688	106.52018737792969	448.50836181640625	889.2939453125	907.2477416992188
control	1000	1	all_anchor_rows	raw_updated_s	4096	309.92059326171875	122.56249237060547	519.632568359375	2264.30322265625	51337.02734375
control	1000	1	anchor0_h	z_boundary_denominator	6	9.456913948059082	9.456913948059082	9.456913948059082	9.456913948059082	9.456913948059082
control	1000	1	anchor0_non_h	z_boundary_denominator	250	73048.1953125	691.2160034179688	4699.58154296875	2553278.75	2553278.75
control	1000	1	h_rows_other_anchors	z_boundary_denominator	90	702.9125366210938	210.93072509765625	1845.356201171875	6117.322265625	6866.70068359375
control	1000	1	all_anchor_rows	z_boundary_denominator	4096	5447.73095703125	297.8876953125	2435.3017578125	23433.078125	2553278.75
control	1000	1	anchor0_h	s_boundary_denominator	6	15.879799842834473	15.879799842834473	15.879799842834473	15.879799842834473	15.879799842834473
control	1000	1	anchor0_non_h	s_boundary_denominator	250	1742.115478515625	218.05148315429688	822.5986938476562	51337.02734375	51337.02734375
control	1000	1	h_rows_other_anchors	s_boundary_denominator	90	184.95578002929688	106.52018737792969	448.50836181640625	889.2939453125	907.2477416992188
control	1000	1	all_anchor_rows	s_boundary_denominator	4096	309.92059326171875	122.56249237060547	519.632568359375	2264.30322265625	51337.02734375
control	1000	1	anchor0_h	stored_successor_z	6	1.0	1.0	1.0	1.0	1.0
control	1000	1	anchor0_non_h	stored_successor_z	250	0.9999955892562866	1.0	1.0000001192092896	1.0000001192092896	1.0000001192092896
control	1000	1	h_rows_other_anchors	stored_successor_z	90	1.0	1.0	1.0	1.0000001192092896	1.0000001192092896
control	1000	1	all_anchor_rows	stored_successor_z	4096	0.9999994039535522	1.0	1.0	1.0000001192092896	1.0000001192092896
control	1000	1	anchor0_h	stored_successor_s	6	0.9999999403953552	0.9999998807907104	0.9999998807907104	0.9999998807907104	0.9999998807907104
control	1000	1	anchor0_non_h	stored_successor_s	250	1.0	1.0	1.0	1.0000001192092896	1.0000001192092896
control	1000	1	h_rows_other_anchors	stored_successor_s	90	1.0	1.0	1.0	1.0	1.0
control	1000	1	all_anchor_rows	stored_successor_s	4096	1.0	1.0	1.0	1.0000001192092896	1.0000001192092896
control	1000	2	anchor0_h	rotated_z	6	1.0	1.0	1.0	1.0	1.0
control	1000	2	anchor0_non_h	rotated_z	250	0.9999955892562866	1.0	1.0	1.0000001192092896	1.0000001192092896
control	1000	2	h_rows_other_anchors	rotated_z	90	1.0	1.0	1.0	1.0000001192092896	1.0000001192092896
control	1000	2	all_anchor_rows	rotated_z	4096	0.9999994039535522	1.0	1.0	1.0000001192092896	1.0000001192092896
control	1000	2	anchor0_h	rotated_s	6	0.9999999403953552	0.9999998807907104	0.9999998807907104	0.9999998807907104	0.9999998807907104
control	1000	2	anchor0_non_h	rotated_s	250	1.0	1.0	1.0	1.0000001192092896	1.0000001192092896
control	1000	2	h_rows_other_anchors	rotated_s	90	1.0	1.0	1.0	1.0	1.0
control	1000	2	all_anchor_rows	rotated_s	4096	1.0	1.0	1.0	1.0000001192092896	1.0000001192092896
control	1000	2	anchor0_h	prior_p	6	0.585386335849762	0.585386335849762	0.585386335849762	0.585386335849762	0.585386335849762
control	1000	2	anchor0_non_h	prior_p	250	1.0192584991455078	1.0706819295883179	1.2338013648986816	1.244310975074768	1.291096568107605
control	1000	2	h_rows_other_anchors	prior_p	90	0.9977923035621643	0.9843003749847412	1.3033450841903687	1.4335688352584839	1.4391998052597046
control	1000	2	all_anchor_rows	prior_p	4096	1.0007948875427246	0.9989635348320007	1.29335618019104	1.5486364364624023	4.6927924156188965
control	1000	2	anchor0_h	innovation_w	6	12.8197603225708	12.819759368896484	12.819759368896484	12.819759368896484	12.819759368896484
control	1000	2	anchor0_non_h	innovation_w	250	67.46096801757812	72.54421997070312	96.29214477539062	96.40177917480469	105.54478454589844
control	1000	2	h_rows_other_anchors	innovation_w	90	66.67499542236328	62.578651428222656	106.29771423339844	128.42196655273438	129.39683532714844
control	1000	2	all_anchor_rows	innovation_w	4096	68.04973602294922	63.704933166503906	104.66949462890625	139.75283813476562	1148.4754638671875
control	1000	2	anchor0_h	raw_successor_z	6	0.6537273526191711	0.6537273526191711	0.6537273526191711	0.6537273526191711	0.6537273526191711
control	1000	2	anchor0_non_h	raw_successor_z	250	62.2678337097168	64.49637603759766	108.93601989746094	109.35334014892578	124.24037170410156
control	1000	2	h_rows_other_anchors	raw_successor_z	90	64.86458587646484	46.20699691772461	134.49278259277344	187.72215270996094	190.44769287109375
control	1000	2	all_anchor_rows	raw_successor_z	4096	86.14175415039062	49.55841064453125	129.5861358642578	230.23165893554688	11295.4384765625
control	1000	2	anchor0_h	raw_updated_s	6	13.682503700256348	13.682504653930664	13.682504653930664	13.682504653930664	13.682504653930664
control	1000	2	anchor0_non_h	raw_updated_s	250	68.39505767822266	73.50959014892578	97.23673248291016	97.2994613647461	106.47132110595703
control	1000	2	h_rows_other_anchors	raw_updated_s	90	67.6394271850586	63.53388977050781	107.23930358886719	129.32513427734375	130.29925537109375
control	1000	2	all_anchor_rows	raw_updated_s	4096	69.00996398925781	64.67115783691406	105.61212921142578	140.6385498046875	1149.0323486328125
control	1000	2	anchor0_h	z_boundary_denominator	6	0.6537280678749084	0.6537281274795532	0.6537281274795532	0.6537281274795532	0.6537281274795532
control	1000	2	anchor0_non_h	z_boundary_denominator	250	62.2678337097168	64.49637603759766	108.93601989746094	109.35334014892578	124.24037170410156
control	1000	2	h_rows_other_anchors	z_boundary_denominator	90	64.86458587646484	46.20699691772461	134.49278259277344	187.72215270996094	190.44769287109375
control	1000	2	all_anchor_rows	z_boundary_denominator	4096	86.14175415039062	49.55841064453125	129.5861358642578	230.23165893554688	11295.4384765625
control	1000	2	anchor0_h	s_boundary_denominator	6	13.682503700256348	13.682504653930664	13.682504653930664	13.682504653930664	13.682504653930664
control	1000	2	anchor0_non_h	s_boundary_denominator	250	68.39505767822266	73.50959014892578	97.23673248291016	97.2994613647461	106.47132110595703
control	1000	2	h_rows_other_anchors	s_boundary_denominator	90	67.6394271850586	63.53388977050781	107.23930358886719	129.32513427734375	130.29925537109375
control	1000	2	all_anchor_rows	s_boundary_denominator	4096	69.00996398925781	64.67115783691406	105.61212921142578	140.6385498046875	1149.0323486328125
control	1000	2	anchor0_h	stored_successor_z	6	0.9999988675117493	0.9999988079071045	0.9999988079071045	0.9999988079071045	0.9999988079071045
control	1000	2	anchor0_non_h	stored_successor_z	250	1.0	1.0	1.0	1.0000001192092896	1.0000001192092896
control	1000	2	h_rows_other_anchors	stored_successor_z	90	1.0	1.0	1.0	1.0000001192092896	1.0000001192092896
control	1000	2	all_anchor_rows	stored_successor_z	4096	1.0	1.0	1.0	1.0000001192092896	1.0000001192092896
control	1000	2	anchor0_h	stored_successor_s	6	0.9999999403953552	0.9999999403953552	0.9999999403953552	0.9999999403953552	0.9999999403953552
control	1000	2	anchor0_non_h	stored_successor_s	250	1.0	1.0	1.0	1.0	1.0000001192092896
control	1000	2	h_rows_other_anchors	stored_successor_s	90	1.0	1.0	1.0	1.0000001192092896	1.0000001192092896
control	1000	2	all_anchor_rows	stored_successor_s	4096	1.0	1.0	1.0	1.0000001192092896	1.0000001192092896
control	1000	3	anchor0_h	rotated_z	6	0.9999988675117493	0.9999988079071045	0.9999988079071045	0.9999988079071045	0.9999988079071045
control	1000	3	anchor0_non_h	rotated_z	250	1.0	0.9999999403953552	1.0	1.0000001192092896	1.0000001192092896
control	1000	3	h_rows_other_anchors	rotated_z	90	1.0	1.0	1.0	1.0000001192092896	1.0000001192092896
control	1000	3	all_anchor_rows	rotated_z	4096	1.0	1.0	1.0	1.0000001192092896	1.0000001192092896
control	1000	3	anchor0_h	rotated_s	6	0.9999999403953552	0.9999998807907104	0.9999998807907104	0.9999998807907104	0.9999998807907104
control	1000	3	anchor0_non_h	rotated_s	250	1.0	1.0	1.0	1.0	1.0
control	1000	3	h_rows_other_anchors	rotated_s	90	1.0	1.0	1.0	1.0000001192092896	1.0000001192092896
control	1000	3	all_anchor_rows	rotated_s	4096	1.0	1.0	1.0	1.0000001192092896	1.0000001192092896
control	1000	3	anchor0_h	prior_p	6	0.06780600547790527	0.06780600547790527	0.06780600547790527	0.06780600547790527	0.06780600547790527
control	1000	3	anchor0_non_h	prior_p	250	0.6419715285301208	0.6348344683647156	0.6594340205192566	0.9594815969467163	1.0449378490447998
control	1000	3	h_rows_other_anchors	prior_p	90	0.630066990852356	0.6282215118408203	0.6676751375198364	0.6747918725013733	0.6771681308746338
control	1000	3	all_anchor_rows	prior_p	4096	0.6347463726997375	0.6275439262390137	0.6662876605987549	0.7854599356651306	4.3322672843933105
control	1000	3	anchor0_h	innovation_w	6	0.06412866711616516	0.06412866711616516	0.06412866711616516	0.06412866711616516	0.06412866711616516
control	1000	3	anchor0_non_h	innovation_w	250	26.610477447509766	25.82398223876953	27.827608108520508	60.08744812011719	67.12162780761719
control	1000	3	h_rows_other_anchors	innovation_w	90	25.388286590576172	25.153099060058594	28.627870559692383	29.25141143798828	29.4652099609375
control	1000	3	all_anchor_rows	innovation_w	4096	26.44700813293457	25.146671295166016	28.4969482421875	38.05229187011719	1025.08203125
control	1000	3	anchor0_h	raw_successor_z	6	0.018034355714917183	0.018034357577562332	0.018034357577562332	0.018034357577562332	0.018034357577562332
control	1000	3	anchor0_non_h	raw_successor_z	250	11.496419906616211	10.659231185913086	12.16415786743164	41.816959381103516	56.184181213378906
control	1000	3	h_rows_other_anchors	raw_successor_z	90	10.404073715209961	10.093441009521484	12.73021411895752	13.232301712036133	13.39599609375
control	1000	3	all_anchor_rows	raw_successor_z	4096	16.4881591796875	10.098990440368652	12.634468078613281	20.42732810974121	8127.0625
control	1000	3	anchor0_h	raw_updated_s	6	1.0571612119674683	1.0571610927581787	1.0571610927581787	1.0571610927581787	1.0571610927581787
control	1000	3	anchor0_non_h	raw_updated_s	250	27.605627059936523	26.82038116455078	28.822513580322266	61.05997848510742	68.07694244384766
control	1000	3	h_rows_other_anchors	raw_updated_s	90	26.38498878479004	26.15027618408203	29.62208366394043	30.245214462280273	30.458864212036133
control	1000	3	all_anchor_rows	raw_updated_s	4096	27.442230224609375	26.14376449584961	29.49118423461914	39.02533721923828	1025.4271240234375
control	1000	3	anchor0_h	z_boundary_denominator	6	0.018062062561511993	0.018062062561511993	0.018062062561511993	0.018062062561511993	0.018062062561511993
control	1000	3	anchor0_non_h	z_boundary_denominator	250	11.496419906616211	10.659231185913086	12.16415786743164	41.816959381103516	56.184181213378906
control	1000	3	h_rows_other_anchors	z_boundary_denominator	90	10.404073715209961	10.093441009521484	12.73021411895752	13.232301712036133	13.39599609375
control	1000	3	all_anchor_rows	z_boundary_denominator	4096	16.4881591796875	10.098990440368652	12.634468078613281	20.42732810974121	8127.0625
control	1000	3	anchor0_h	s_boundary_denominator	6	1.0571614503860474	1.057161569595337	1.057161569595337	1.057161569595337	1.057161569595337
control	1000	3	anchor0_non_h	s_boundary_denominator	250	27.605627059936523	26.82038116455078	28.822513580322266	61.05997848510742	68.07694244384766
control	1000	3	h_rows_other_anchors	s_boundary_denominator	90	26.38498878479004	26.15027618408203	29.62208366394043	30.245214462280273	30.458864212036133
control	1000	3	all_anchor_rows	s_boundary_denominator	4096	27.442230224609375	26.14376449584961	29.49118423461914	39.02533721923828	1025.4271240234375
control	1000	3	anchor0_h	stored_successor_z	6	0.9984663128852844	0.9984662532806396	0.9984662532806396	0.9984662532806396	0.9984662532806396
control	1000	3	anchor0_non_h	stored_successor_z	250	1.0	1.0	1.0000001192092896	1.0000001192092896	1.0000001192092896
control	1000	3	h_rows_other_anchors	stored_successor_z	90	1.0	1.0	1.0	1.0000001192092896	1.0000001192092896
control	1000	3	all_anchor_rows	stored_successor_z	4096	0.9999977350234985	1.0	1.0	1.0000001192092896	1.0000001192092896
control	1000	3	anchor0_h	stored_successor_s	6	0.9999995827674866	0.9999996423721313	0.9999996423721313	0.9999996423721313	0.9999996423721313
control	1000	3	anchor0_non_h	stored_successor_s	250	1.0	0.9999999403953552	1.0	1.0000001192092896	1.0000001192092896
control	1000	3	h_rows_other_anchors	stored_successor_s	90	1.0	1.0	1.0	1.0000001192092896	1.0000001192092896
control	1000	3	all_anchor_rows	stored_successor_s	4096	1.0	1.0	1.0	1.0000001192092896	1.0000001192092896
control	1000	4	anchor0_h	rotated_z	6	0.9984661936759949	0.9984661936759949	0.9984661936759949	0.9984661936759949	0.9984661936759949
control	1000	4	anchor0_non_h	rotated_z	250	1.0	1.0	1.0000001192092896	1.0000001192092896	1.0000001192092896
control	1000	4	h_rows_other_anchors	rotated_z	90	1.0	1.0	1.0	1.0000001192092896	1.0000001192092896
control	1000	4	all_anchor_rows	rotated_z	4096	0.9999977350234985	1.0	1.0	1.0000001192092896	1.0000001192092896
control	1000	4	anchor0_h	rotated_s	6	0.9999995827674866	0.9999995827674866	0.9999995827674866	0.9999995827674866	0.9999995827674866
control	1000	4	anchor0_non_h	rotated_s	250	1.0	0.9999999403953552	1.0	1.0000001192092896	1.0000001192092896
control	1000	4	h_rows_other_anchors	rotated_s	90	1.0	1.0	1.0	1.0000001192092896	1.0000001192092896
control	1000	4	all_anchor_rows	rotated_s	4096	1.0	1.0	1.0	1.0000001192092896	1.0000001192092896
control	1000	4	anchor0_h	prior_p	6	0.2530873119831085	0.2530873119831085	0.2530873119831085	0.2530873119831085	0.2530873119831085
control	1000	4	anchor0_non_h	prior_p	250	0.5776994824409485	0.5770114660263062	0.5795596837997437	0.6124426126480103	0.6197449564933777
control	1000	4	h_rows_other_anchors	prior_p	90	0.577238917350769	0.5783966779708862	0.5826791524887085	0.5882856845855713	0.5918813943862915
control	1000	4	all_anchor_rows	prior_p	4096	0.5779026746749878	0.5766152143478394	0.581928014755249	0.6084707379341125	1.4028041362762451
control	1000	4	anchor0_h	innovation_w	6	2.4753835201263428	2.4753832817077637	2.4753832817077637	2.4753832817077637	2.4753832817077637
control	1000	4	anchor0_non_h	innovation_w	250	21.207508087158203	21.148731231689453	21.3712158203125	23.950836181640625	24.432954788208008
control	1000	4	h_rows_other_anchors	innovation_w	90	21.152517318725586	21.219133377075195	21.60469627380371	21.75491714477539	21.989818572998047
control	1000	4	all_anchor_rows	innovation_w	4096	21.255374908447266	21.10193634033203	21.541494369506836	23.45123291015625	123.79916381835938
control	1000	4	anchor0_h	raw_successor_z	6	0.07602036744356155	0.07602037489414215	0.07602037489414215	0.07602037489414215	0.07602037489414215
control	1000	4	anchor0_non_h	raw_successor_z	250	7.679337978363037	7.64227294921875	7.792067050933838	9.283002853393555	9.714407920837402
control	1000	4	h_rows_other_anchors	raw_successor_z	90	7.644034385681152	7.650903701782227	7.931742191314697	7.986268997192383	8.099081039428711
control	1000	4	all_anchor_rows	raw_successor_z	4096	7.790842056274414	7.603464126586914	7.891468524932861	9.16175651550293	174.10829162597656
control	1000	4	anchor0_h	raw_updated_s	6	3.4666688442230225	3.4666688442230225	3.4666688442230225	3.4666688442230225	3.4666688442230225
control	1000	4	anchor0_non_h	raw_updated_s	250	22.205934524536133	22.147310256958008	22.369606018066406	24.949026107788086	25.42937469482422
control	1000	4	h_rows_other_anchors	raw_updated_s	90	22.151033401489258	22.2178955078125	22.60309410095215	22.753753662109375	22.988683700561523
control	1000	4	all_anchor_rows	raw_updated_s	4096	22.253774642944336	22.10037612915039	22.539852142333984	24.44830894470215	124.74005889892578
control	1000	4	anchor0_h	z_boundary_denominator	6	0.07602695375680923	0.07602695375680923	0.07602695375680923	0.07602695375680923	0.07602695375680923
control	1000	4	anchor0_non_h	z_boundary_denominator	250	7.679337978363037	7.64227294921875	7.792067050933838	9.283002853393555	9.714407920837402
control	1000	4	h_rows_other_anchors	z_boundary_denominator	90	7.644034385681152	7.650903701782227	7.931742191314697	7.986268997192383	8.099081039428711
control	1000	4	all_anchor_rows	z_boundary_denominator	4096	7.790842056274414	7.603464126586914	7.891468524932861	9.16175651550293	174.10829162597656
control	1000	4	anchor0_h	s_boundary_denominator	6	3.4666688442230225	3.4666688442230225	3.4666688442230225	3.4666688442230225	3.4666688442230225
control	1000	4	anchor0_non_h	s_boundary_denominator	250	22.205934524536133	22.147310256958008	22.369606018066406	24.949026107788086	25.42937469482422
control	1000	4	h_rows_other_anchors	s_boundary_denominator	90	22.151033401489258	22.2178955078125	22.60309410095215	22.753753662109375	22.988683700561523
control	1000	4	all_anchor_rows	s_boundary_denominator	4096	22.253774642944336	22.10037612915039	22.539852142333984	24.44830894470215	124.74005889892578
control	1000	4	anchor0_h	stored_successor_z	6	0.9999133944511414	0.9999134540557861	0.9999134540557861	0.9999134540557861	0.9999134540557861
control	1000	4	anchor0_non_h	stored_successor_z	250	1.0	1.0	1.0	1.0000001192092896	1.0000001192092896
control	1000	4	h_rows_other_anchors	stored_successor_z	90	1.0	1.0	1.0	1.0000001192092896	1.0000001192092896
control	1000	4	all_anchor_rows	stored_successor_z	4096	0.9999998807907104	1.0	1.0	1.0000001192092896	1.0000001192092896
control	1000	4	anchor0_h	stored_successor_s	6	0.9999998211860657	0.9999998211860657	0.9999998211860657	0.9999998211860657	0.9999998211860657
control	1000	4	anchor0_non_h	stored_successor_s	250	1.0	1.0	1.0	1.0	1.0
control	1000	4	h_rows_other_anchors	stored_successor_s	90	1.0	1.0	1.0	1.0	1.0000001192092896
control	1000	4	all_anchor_rows	stored_successor_s	4096	1.0	1.0	1.0	1.0	1.0000001192092896
control	1000	5	anchor0_h	rotated_z	6	0.9999133944511414	0.9999134540557861	0.9999134540557861	0.9999134540557861	0.9999134540557861
control	1000	5	anchor0_non_h	rotated_z	250	1.0	1.0	1.0	1.0000001192092896	1.0000001192092896
control	1000	5	h_rows_other_anchors	rotated_z	90	1.0	1.0	1.0	1.0000001192092896	1.0000001192092896
control	1000	5	all_anchor_rows	rotated_z	4096	0.9999998807907104	1.0	1.0	1.0000001192092896	1.0000001192092896
control	1000	5	anchor0_h	rotated_s	6	0.9999998211860657	0.9999998211860657	0.9999998211860657	0.9999998211860657	0.9999998211860657
control	1000	5	anchor0_non_h	rotated_s	250	1.0	1.0	1.0	1.0	1.0
control	1000	5	h_rows_other_anchors	rotated_s	90	1.0	1.0	1.0	1.0	1.0
control	1000	5	all_anchor_rows	rotated_s	4096	1.0	1.0	1.0	1.0	1.0000001192092896
control	1000	5	anchor0_h	prior_p	6	0.20473234355449677	0.20473234355449677	0.20473234355449677	0.20473234355449677	0.20473234355449677
control	1000	5	anchor0_non_h	prior_p	250	0.5719872117042542	0.5713225603103638	0.5732060670852661	0.5870267748832703	0.5870267748832703
control	1000	5	h_rows_other_anchors	prior_p	90	0.57286536693573	0.5718848705291748	0.576876699924469	0.5818043947219849	0.5823097825050354
control	1000	5	all_anchor_rows	prior_p	4096	0.5722708702087402	0.5717999935150146	0.5765316486358643	0.5833219885826111	0.6750892400741577
control	1000	5	anchor0_h	innovation_w	6	0.34151551127433777	0.3415154814720154	0.3415154814720154	0.3415154814720154	0.3415154814720154
control	1000	5	anchor0_non_h	innovation_w	250	20.72834014892578	20.694602966308594	20.79656982421875	21.656761169433594	21.656761169433594
control	1000	5	h_rows_other_anchors	innovation_w	90	20.781620025634766	20.723966598510742	21.027841567993164	21.340530395507812	21.380584716796875
control	1000	5	all_anchor_rows	innovation_w	4096	20.75113868713379	20.719411849975586	21.002849578857422	21.46044921875	29.367862701416016
control	1000	5	anchor0_h	raw_successor_z	6	0.39251086115837097	0.3925108313560486	0.3925108313560486	0.3925108313560486	0.3925108313560486
control	1000	5	anchor0_non_h	raw_successor_z	250	7.385400295257568	7.370189189910889	7.4212727546691895	7.918384552001953	7.918384552001953
control	1000	5	h_rows_other_anchors	raw_successor_z	90	7.413593292236328	7.383309841156006	7.542736530303955	7.718637943267822	7.740241050720215
control	1000	5	all_anchor_rows	raw_successor_z	4096	7.404734134674072	7.380161285400391	7.52952766418457	7.801937580108643	13.249631881713867
control	1000	5	anchor0_h	raw_updated_s	6	1.2134007215499878	1.2134007215499878	1.2134007215499878	1.2134007215499878	1.2134007215499878
control	1000	5	anchor0_non_h	raw_updated_s	250	21.727014541625977	21.693248748779297	21.79530143737793	22.6556396484375	22.6556396484375
control	1000	5	h_rows_other_anchors	raw_updated_s	90	21.780319213867188	21.72266960144043	22.026636123657227	22.339374542236328	22.37942886352539
control	1000	5	all_anchor_rows	raw_updated_s	4096	21.7496395111084	21.718120574951172	22.001646041870117	22.458877563476562	30.361785888671875
control	1000	5	anchor0_h	z_boundary_denominator	6	0.39251208305358887	0.39251208305358887	0.39251208305358887	0.39251208305358887	0.39251208305358887
control	1000	5	anchor0_non_h	z_boundary_denominator	250	7.385400295257568	7.370189189910889	7.4212727546691895	7.918384552001953	7.918384552001953
control	1000	5	h_rows_other_anchors	z_boundary_denominator	90	7.413593292236328	7.383309841156006	7.542736530303955	7.718637943267822	7.740241050720215
control	1000	5	all_anchor_rows	z_boundary_denominator	4096	7.404734134674072	7.380161285400391	7.52952766418457	7.801937580108643	13.249631881713867
control	1000	5	anchor0_h	s_boundary_denominator	6	1.213401198387146	1.213401198387146	1.213401198387146	1.213401198387146	1.213401198387146
control	1000	5	anchor0_non_h	s_boundary_denominator	250	21.727014541625977	21.693248748779297	21.79530143737793	22.6556396484375	22.6556396484375
control	1000	5	h_rows_other_anchors	s_boundary_denominator	90	21.780319213867188	21.72266960144043	22.026636123657227	22.339374542236328	22.37942886352539
control	1000	5	all_anchor_rows	s_boundary_denominator	4096	21.7496395111084	21.718120574951172	22.001646041870117	22.458877563476562	30.361785888671875
control	1000	5	anchor0_h	stored_successor_z	6	0.9999968409538269	0.9999968409538269	0.9999968409538269	0.9999968409538269	0.9999968409538269
control	1000	5	anchor0_non_h	stored_successor_z	250	1.0	1.0	1.0	1.0000001192092896	1.0000001192092896
control	1000	5	h_rows_other_anchors	stored_successor_z	90	1.0	1.0	1.0	1.0	1.0000001192092896
control	1000	5	all_anchor_rows	stored_successor_z	4096	1.0	1.0	1.0	1.0000001192092896	1.0000001192092896
control	1000	5	anchor0_h	stored_successor_s	6	0.9999997019767761	0.9999997019767761	0.9999997019767761	0.9999997019767761	0.9999997019767761
control	1000	5	anchor0_non_h	stored_successor_s	250	1.0	1.0	1.0	1.0	1.0
control	1000	5	h_rows_other_anchors	stored_successor_s	90	1.0	1.0	1.0	1.0	1.0000001192092896
control	1000	5	all_anchor_rows	stored_successor_s	4096	1.0	1.0	1.0	1.0	1.0000001192092896
control	1000	6	anchor0_h	rotated_z	6	0.9999968409538269	0.9999968409538269	0.9999968409538269	0.9999968409538269	0.9999968409538269
control	1000	6	anchor0_non_h	rotated_z	250	1.0	1.0	1.0	1.0000001192092896	1.0000001192092896
control	1000	6	h_rows_other_anchors	rotated_z	90	1.0	1.0	1.0	1.0000001192092896	1.0000001192092896
control	1000	6	all_anchor_rows	rotated_z	4096	1.0	1.0	1.0	1.0000001192092896	1.0000001192092896
control	1000	6	anchor0_h	rotated_s	6	0.9999997019767761	0.9999997019767761	0.9999997019767761	0.9999997019767761	0.9999997019767761
control	1000	6	anchor0_non_h	rotated_s	250	1.0	1.0	1.0	1.0	1.0
control	1000	6	h_rows_other_anchors	rotated_s	90	1.0	1.0	1.0	1.0	1.0
control	1000	6	all_anchor_rows	rotated_s	4096	1.0	1.0	1.0	1.0	1.0000001192092896
control	1000	6	anchor0_h	prior_p	6	1.1705188751220703	1.1705188751220703	1.1705188751220703	1.1705188751220703	1.1705188751220703
control	1000	6	anchor0_non_h	prior_p	250	0.5730752944946289	0.5728355646133423	0.5738227367401123	0.5803910493850708	0.5803910493850708
control	1000	6	h_rows_other_anchors	prior_p	90	0.5735806822776794	0.5730219483375549	0.5756373405456543	0.5777167677879333	0.5779532194137573
control	1000	6	all_anchor_rows	prior_p	4096	0.574360191822052	0.5729874968528748	0.5755308866500854	0.5783176422119141	1.1705188751220703
control	1000	6	anchor0_h	innovation_w	6	78.73009490966797	78.73009490966797	78.73009490966797	78.73009490966797	78.73009490966797
control	1000	6	anchor0_non_h	innovation_w	250	20.780977249145508	20.765871047973633	20.82624626159668	21.24149513244629	21.24149513244629
control	1000	6	h_rows_other_anchors	innovation_w	90	20.812454223632812	20.776485443115234	20.940446853637695	21.071470260620117	21.085979461669922
control	1000	6	all_anchor_rows	innovation_w	4096	20.8917236328125	20.775131225585938	20.934194564819336	21.11449432373047	78.73009490966797
control	1000	6	anchor0_h	raw_successor_z	6	73.08325958251953	73.08326721191406	73.08326721191406	73.08326721191406	73.08326721191406
control	1000	6	anchor0_non_h	raw_successor_z	250	7.413045406341553	7.404324531555176	7.437597751617432	7.671775817871094	7.671775817871094
control	1000	6	h_rows_other_anchors	raw_successor_z	90	7.430151462554932	7.410255432128906	7.4994964599609375	7.572566032409668	7.580296039581299
control	1000	6	all_anchor_rows	raw_successor_z	4096	7.523459434509277	7.409415245056152	7.496332168579102	7.601912498474121	73.08326721191406
control	1000	6	anchor0_h	raw_updated_s	6	79.7005844116211	79.7005844116211	79.7005844116211	79.7005844116211	79.7005844116211
control	1000	6	anchor0_non_h	raw_updated_s	250	21.779714584350586	21.764606475830078	21.825000762939453	22.240333557128906	22.240333557128906
control	1000	6	h_rows_other_anchors	raw_updated_s	90	21.811201095581055	21.775226593017578	21.939231872558594	22.070281982421875	22.084794998168945
control	1000	6	all_anchor_rows	raw_updated_s	4096	21.890426635742188	21.77387046813965	21.932979583740234	22.113309860229492	79.7005844116211
control	1000	6	anchor0_h	z_boundary_denominator	6	73.08325958251953	73.08326721191406	73.08326721191406	73.08326721191406	73.08326721191406
control	1000	6	anchor0_non_h	z_boundary_denominator	250	7.413045406341553	7.404324531555176	7.437597751617432	7.671775817871094	7.671775817871094
control	1000	6	h_rows_other_anchors	z_boundary_denominator	90	7.430151462554932	7.410255432128906	7.4994964599609375	7.572566032409668	7.580296039581299
control	1000	6	all_anchor_rows	z_boundary_denominator	4096	7.523459434509277	7.409415245056152	7.496332168579102	7.601912498474121	73.08326721191406
control	1000	6	anchor0_h	s_boundary_denominator	6	79.7005844116211	79.7005844116211	79.7005844116211	79.7005844116211	79.7005844116211
control	1000	6	anchor0_non_h	s_boundary_denominator	250	21.779714584350586	21.764606475830078	21.825000762939453	22.240333557128906	22.240333557128906
control	1000	6	h_rows_other_anchors	s_boundary_denominator	90	21.811201095581055	21.775226593017578	21.939231872558594	22.070281982421875	22.084794998168945
control	1000	6	all_anchor_rows	s_boundary_denominator	4096	21.890426635742188	21.77387046813965	21.932979583740234	22.113309860229492	79.7005844116211
control	1000	6	anchor0_h	stored_successor_z	6	1.0	1.0	1.0	1.0	1.0
control	1000	6	anchor0_non_h	stored_successor_z	250	1.0	1.0	1.0	1.0000001192092896	1.0000001192092896
control	1000	6	h_rows_other_anchors	stored_successor_z	90	1.0	1.0	1.0000001192092896	1.0000001192092896	1.0000001192092896
control	1000	6	all_anchor_rows	stored_successor_z	4096	1.0	1.0	1.0	1.0000001192092896	1.0000001192092896
control	1000	6	anchor0_h	stored_successor_s	6	1.0	1.0	1.0	1.0	1.0
control	1000	6	anchor0_non_h	stored_successor_s	250	1.0	1.0	1.0	1.0	1.0
control	1000	6	h_rows_other_anchors	stored_successor_s	90	1.0	1.0	1.0	1.0	1.0
control	1000	6	all_anchor_rows	stored_successor_s	4096	1.0	1.0	1.0	1.0	1.0000001192092896
control	1000	7	anchor0_h	rotated_z	6	1.0	1.0	1.0	1.0	1.0
control	1000	7	anchor0_non_h	rotated_z	250	1.0	1.0	1.0	1.0000001192092896	1.0000001192092896
control	1000	7	h_rows_other_anchors	rotated_z	90	1.0	1.0	1.0000001192092896	1.0000001192092896	1.0000001192092896
control	1000	7	all_anchor_rows	rotated_z	4096	1.0	1.0	1.0	1.0000001192092896	1.0000001192092896
control	1000	7	anchor0_h	rotated_s	6	1.0	1.0	1.0	1.0	1.0
control	1000	7	anchor0_non_h	rotated_s	250	1.0	1.0	1.0	1.0	1.0
control	1000	7	h_rows_other_anchors	rotated_s	90	1.0	1.0	1.0	1.0	1.0
control	1000	7	all_anchor_rows	rotated_s	4096	1.0	1.0	1.0	1.0	1.0000001192092896
control	1000	7	anchor0_h	prior_p	6	0.6526383757591248	0.6526383757591248	0.6526383757591248	0.6526383757591248	0.6526383757591248
control	1000	7	anchor0_non_h	prior_p	250	0.574163019657135	0.5740472078323364	0.5745892524719238	0.577524721622467	0.577524721622467
control	1000	7	h_rows_other_anchors	prior_p	90	0.5744165778160095	0.5741820335388184	0.5754210948944092	0.5763545632362366	0.5764327049255371
control	1000	7	all_anchor_rows	prior_p	4096	0.5744757056236267	0.5741415023803711	0.5753781795501709	0.5765252113342285	0.6526383757591248
control	1000	7	anchor0_h	innovation_w	6	26.48652458190918	26.48652458190918	26.48652458190918	26.48652458190918	26.48652458190918
control	1000	7	anchor0_non_h	innovation_w	250	20.84766387939453	20.840370178222656	20.874298095703125	21.059785842895508	21.059785842895508
control	1000	7	h_rows_other_anchors	innovation_w	90	20.863567352294922	20.848785400390625	20.926490783691406	20.985305786132812	20.990005493164062
control	1000	7	all_anchor_rows	innovation_w	4096	20.86838150024414	20.84625244140625	20.92381477355957	20.99759292602539	26.48652458190918
control	1000	7	anchor0_h	raw_successor_z	6	11.384765625	11.384765625	11.384765625	11.384765625	11.384765625
control	1000	7	anchor0_non_h	raw_successor_z	250	7.450233459472656	7.446078777313232	7.46484899520874	7.5676703453063965	7.5676703453063965
control	1000	7	h_rows_other_anchors	raw_successor_z	90	7.45889949798584	7.45081901550293	7.49323034286499	7.525681972503662	7.528347492218018
control	1000	7	all_anchor_rows	raw_successor_z	4096	7.46279764175415	7.449363708496094	7.491778373718262	7.532295227050781	11.384765625
control	1000	7	anchor0_h	raw_updated_s	6	27.484453201293945	27.484453201293945	27.484453201293945	27.484453201293945	27.484453201293945
control	1000	7	anchor0_non_h	raw_updated_s	250	21.846426010131836	21.839130401611328	21.87306785583496	22.058597564697266	22.058597564697266
control	1000	7	h_rows_other_anchors	raw_updated_s	90	21.862333297729492	21.847549438476562	21.92527198791504	21.984102249145508	21.988801956176758
control	1000	7	all_anchor_rows	raw_updated_s	4096	21.867145538330078	21.845016479492188	21.922595977783203	21.996381759643555	27.484453201293945
control	1000	7	anchor0_h	z_boundary_denominator	6	11.384765625	11.384765625	11.384765625	11.384765625	11.384765625
control	1000	7	anchor0_non_h	z_boundary_denominator	250	7.450233459472656	7.446078777313232	7.46484899520874	7.5676703453063965	7.5676703453063965
control	1000	7	h_rows_other_anchors	z_boundary_denominator	90	7.45889949798584	7.45081901550293	7.49323034286499	7.525681972503662	7.528347492218018
control	1000	7	all_anchor_rows	z_boundary_denominator	4096	7.46279764175415	7.449363708496094	7.491778373718262	7.532295227050781	11.384765625
control	1000	7	anchor0_h	s_boundary_denominator	6	27.484453201293945	27.484453201293945	27.484453201293945	27.484453201293945	27.484453201293945
control	1000	7	anchor0_non_h	s_boundary_denominator	250	21.846426010131836	21.839130401611328	21.87306785583496	22.058597564697266	22.058597564697266
control	1000	7	h_rows_other_anchors	s_boundary_denominator	90	21.862333297729492	21.847549438476562	21.92527198791504	21.984102249145508	21.988801956176758
control	1000	7	all_anchor_rows	s_boundary_denominator	4096	21.867145538330078	21.845016479492188	21.922595977783203	21.996381759643555	27.484453201293945
control	1000	7	anchor0_h	stored_successor_z	6	1.0	1.0	1.0	1.0	1.0
control	1000	7	anchor0_non_h	stored_successor_z	250	1.0	1.0	1.0	1.0000001192092896	1.0000001192092896
control	1000	7	h_rows_other_anchors	stored_successor_z	90	1.0	1.0	1.0	1.0	1.0000001192092896
control	1000	7	all_anchor_rows	stored_successor_z	4096	1.0	1.0	1.0	1.0000001192092896	1.0000001192092896
control	1000	7	anchor0_h	stored_successor_s	6	1.0	1.0	1.0	1.0	1.0
control	1000	7	anchor0_non_h	stored_successor_s	250	1.0	0.9999999403953552	1.0	1.0	1.0
control	1000	7	h_rows_other_anchors	stored_successor_s	90	1.0	1.0	1.0	1.0	1.0000001192092896
control	1000	7	all_anchor_rows	stored_successor_s	4096	1.0	1.0	1.0	1.0	1.0000001192092896
control	1000	8	anchor0_h	rotated_z	6	1.0	1.0	1.0	1.0	1.0
control	1000	8	anchor0_non_h	rotated_z	250	1.0	1.0	1.0	1.0000001192092896	1.0000001192092896
control	1000	8	h_rows_other_anchors	rotated_z	90	1.0	0.9999999403953552	1.0	1.0000001192092896	1.0000001192092896
control	1000	8	all_anchor_rows	rotated_z	4096	1.0	1.0	1.0	1.0000001192092896	1.0000001192092896
control	1000	8	anchor0_h	rotated_s	6	1.0	1.0	1.0	1.0	1.0
control	1000	8	anchor0_non_h	rotated_s	250	0.9999999403953552	0.9999999403953552	0.9999999403953552	1.0	1.0
control	1000	8	h_rows_other_anchors	rotated_s	90	1.0	0.9999999403953552	1.0	1.0	1.0
control	1000	8	all_anchor_rows	rotated_s	4096	1.0	0.9999999403953552	1.0	1.0	1.0000001192092896
control	1000	8	anchor0_h	prior_p	6	0.6050118803977966	0.6050118207931519	0.6050118207931519	0.6050118207931519	0.6050118207931519
control	1000	8	anchor0_non_h	prior_p	250	0.5747612118721008	0.574705958366394	0.5749691724777222	0.5762876868247986	0.5762876868247986
control	1000	8	h_rows_other_anchors	prior_p	90	0.5748809576034546	0.5747737884521484	0.5753536224365234	0.5757747888565063	0.5758191347122192
control	1000	8	all_anchor_rows	prior_p	4096	0.5748975276947021	0.5747547745704651	0.5753331184387207	0.5758495926856995	0.6050118207931519
control	1000	8	anchor0_h	innovation_w	6	22.98805809020996	22.98805809020996	22.98805809020996	22.98805809020996	22.98805809020996
control	1000	8	anchor0_non_h	innovation_w	250	20.885238647460938	20.881736755371094	20.89830207824707	20.981393814086914	20.981393814086914
control	1000	8	h_rows_other_anchors	innovation_w	90	20.892751693725586	20.88601303100586	20.922414779663086	20.948909759521484	20.951690673828125
control	1000	8	all_anchor_rows	innovation_w	4096	20.89409637451172	20.884807586669922	20.921127319335938	20.953643798828125	22.98805809020996
control	1000	8	anchor0_h	raw_successor_z	6	8.70224380493164	8.70224380493164	8.70224380493164	8.70224380493164	8.70224380493164
control	1000	8	anchor0_non_h	raw_successor_z	250	7.471005916595459	7.469058036804199	7.478163242340088	7.523806571960449	7.523806571960449
control	1000	8	h_rows_other_anchors	raw_successor_z	90	7.475104331970215	7.471426963806152	7.491312503814697	7.505850315093994	7.50739049911499
control	1000	8	all_anchor_rows	raw_successor_z	4096	7.475958824157715	7.470768928527832	7.490618705749512	7.508457660675049	8.70224380493164
control	1000	8	anchor0_h	raw_updated_s	6	23.986860275268555	23.986860275268555	23.986860275268555	23.986860275268555	23.986860275268555
control	1000	8	anchor0_non_h	raw_updated_s	250	21.884010314941406	21.880508422851562	21.897077560424805	21.980188369750977	21.980188369750977
control	1000	8	h_rows_other_anchors	raw_updated_s	90	21.891525268554688	21.884784698486328	21.92119598388672	21.94769859313965	21.95047950744629
control	1000	8	all_anchor_rows	raw_updated_s	4096	21.892871856689453	21.88357925415039	21.919910430908203	21.95243263244629	23.986860275268555
control	1000	8	anchor0_h	z_boundary_denominator	6	8.70224380493164	8.70224380493164	8.70224380493164	8.70224380493164	8.70224380493164
control	1000	8	anchor0_non_h	z_boundary_denominator	250	7.471005916595459	7.469058036804199	7.478163242340088	7.523806571960449	7.523806571960449
control	1000	8	h_rows_other_anchors	z_boundary_denominator	90	7.475104331970215	7.471426963806152	7.491312503814697	7.505850315093994	7.50739049911499
control	1000	8	all_anchor_rows	z_boundary_denominator	4096	7.475958824157715	7.470768928527832	7.490618705749512	7.508457660675049	8.70224380493164
control	1000	8	anchor0_h	s_boundary_denominator	6	23.986860275268555	23.986860275268555	23.986860275268555	23.986860275268555	23.986860275268555
control	1000	8	anchor0_non_h	s_boundary_denominator	250	21.884010314941406	21.880508422851562	21.897077560424805	21.980188369750977	21.980188369750977
control	1000	8	h_rows_other_anchors	s_boundary_denominator	90	21.891525268554688	21.884784698486328	21.92119598388672	21.94769859313965	21.95047950744629
control	1000	8	all_anchor_rows	s_boundary_denominator	4096	21.892871856689453	21.88357925415039	21.919910430908203	21.95243263244629	23.986860275268555
control	1000	8	anchor0_h	stored_successor_z	6	1.0	1.0	1.0	1.0	1.0
control	1000	8	anchor0_non_h	stored_successor_z	250	1.0	1.0	1.0000001192092896	1.0000001192092896	1.0000001192092896
control	1000	8	h_rows_other_anchors	stored_successor_z	90	1.0	1.0	1.0	1.0000001192092896	1.0000001192092896
control	1000	8	all_anchor_rows	stored_successor_z	4096	1.0	1.0	1.0	1.0000001192092896	1.0000001192092896
control	1000	8	anchor0_h	stored_successor_s	6	1.0	1.0	1.0	1.0	1.0
control	1000	8	anchor0_non_h	stored_successor_s	250	1.0	1.0	1.0	1.0	1.0
control	1000	8	h_rows_other_anchors	stored_successor_s	90	1.0	1.0	1.0	1.0	1.0
control	1000	8	all_anchor_rows	stored_successor_s	4096	1.0	1.0	1.0	1.0	1.0000001192092896
control	1000	9	anchor0_h	rotated_z	6	1.0	1.0	1.0	1.0	1.0
control	1000	9	anchor0_non_h	rotated_z	250	1.0	1.0	1.0000001192092896	1.0000001192092896	1.0000001192092896
control	1000	9	h_rows_other_anchors	rotated_z	90	1.0	1.0	1.0	1.0000001192092896	1.0000001192092896
control	1000	9	all_anchor_rows	rotated_z	4096	1.0	1.0	1.0	1.0000001192092896	1.0000001192092896
control	1000	9	anchor0_h	rotated_s	6	0.9999999403953552	0.9999999403953552	0.9999999403953552	0.9999999403953552	0.9999999403953552
control	1000	9	anchor0_non_h	rotated_s	250	1.0	0.9999999403953552	1.0	1.0	1.0
control	1000	9	h_rows_other_anchors	rotated_s	90	1.0	1.0	1.0	1.0	1.0
control	1000	9	all_anchor_rows	rotated_s	4096	1.0	1.0	1.0	1.0	1.0000001192092896
control	1000	9	anchor0_h	prior_p	6	0.5824306011199951	0.5824306011199951	0.5824306011199951	0.5824306011199951	0.5824306011199951
control	1000	9	anchor0_non_h	prior_p	250	0.5750502943992615	0.5750251412391663	0.5751480460166931	0.5757444500923157	0.5757444500923157
control	1000	9	h_rows_other_anchors	prior_p	90	0.5751059055328369	0.5750570297241211	0.5753251910209656	0.5755167603492737	0.5755369067192078
control	1000	9	all_anchor_rows	prior_p	4096	0.5751035213470459	0.5750483274459839	0.5753155946731567	0.5755465030670166	0.5824306011199951
control	1000	9	anchor0_h	innovation_w	6	21.381296157836914	21.381296157836914	21.381296157836914	21.381296157836914	21.381296157836914
control	1000	9	anchor0_non_h	innovation_w	250	20.903444290161133	20.901853561401367	20.90958595275879	20.94709014892578	20.94709014892578
control	1000	9	h_rows_other_anchors	innovation_w	90	20.90693473815918	20.90386962890625	20.920705795288086	20.932741165161133	20.934005737304688
control	1000	9	all_anchor_rows	innovation_w	4096	20.906810760498047	20.903308868408203	20.92009735107422	20.934650421142578	21.381296157836914
control	1000	9	anchor0_h	raw_successor_z	6	7.743302822113037	7.743303298950195	7.743303298950195	7.743303298950195	7.743303298950195
control	1000	9	anchor0_non_h	raw_successor_z	250	7.480990409851074	7.4801177978515625	7.484349727630615	7.504878044128418	7.504878044128418
control	1000	9	h_rows_other_anchors	raw_successor_z	90	7.4828972816467285	7.481222152709961	7.490420341491699	7.497008800506592	7.497705936431885
control	1000	9	all_anchor_rows	raw_successor_z	4096	7.482828617095947	7.480916500091553	7.490090370178223	7.49802827835083	7.743303298950195
control	1000	9	anchor0_h	raw_updated_s	6	22.38014030456543	22.380138397216797	22.380138397216797	22.380138397216797	22.380138397216797
control	1000	9	anchor0_non_h	raw_updated_s	250	21.902217864990234	21.900630950927734	21.90836524963379	21.945878982543945	21.945878982543945
control	1000	9	h_rows_other_anchors	raw_updated_s	90	21.90571403503418	21.90264892578125	21.91948699951172	21.9315242767334	21.932790756225586
control	1000	9	all_anchor_rows	raw_updated_s	4096	21.90558624267578	21.902084350585938	21.91887855529785	21.933435440063477	22.380138397216797
control	1000	9	anchor0_h	z_boundary_denominator	6	7.743302822113037	7.743303298950195	7.743303298950195	7.743303298950195	7.743303298950195
control	1000	9	anchor0_non_h	z_boundary_denominator	250	7.480990409851074	7.4801177978515625	7.484349727630615	7.504878044128418	7.504878044128418
control	1000	9	h_rows_other_anchors	z_boundary_denominator	90	7.4828972816467285	7.481222152709961	7.490420341491699	7.497008800506592	7.497705936431885
control	1000	9	all_anchor_rows	z_boundary_denominator	4096	7.482828617095947	7.480916500091553	7.490090370178223	7.49802827835083	7.743303298950195
control	1000	9	anchor0_h	s_boundary_denominator	6	22.38014030456543	22.380138397216797	22.380138397216797	22.380138397216797	22.380138397216797
control	1000	9	anchor0_non_h	s_boundary_denominator	250	21.902217864990234	21.900630950927734	21.90836524963379	21.945878982543945	21.945878982543945
control	1000	9	h_rows_other_anchors	s_boundary_denominator	90	21.90571403503418	21.90264892578125	21.91948699951172	21.9315242767334	21.932790756225586
control	1000	9	all_anchor_rows	s_boundary_denominator	4096	21.90558624267578	21.902084350585938	21.91887855529785	21.933435440063477	22.380138397216797
control	1000	9	anchor0_h	stored_successor_z	6	1.0	1.0	1.0	1.0	1.0
control	1000	9	anchor0_non_h	stored_successor_z	250	1.0	1.0	1.0	1.0000001192092896	1.0000001192092896
control	1000	9	h_rows_other_anchors	stored_successor_z	90	1.0	1.0	1.0	1.0000001192092896	1.0000001192092896
control	1000	9	all_anchor_rows	stored_successor_z	4096	1.0	1.0	1.0000001192092896	1.0000001192092896	1.0000001192092896
control	1000	9	anchor0_h	stored_successor_s	6	0.9999999403953552	0.9999999403953552	0.9999999403953552	0.9999999403953552	0.9999999403953552
control	1000	9	anchor0_non_h	stored_successor_s	250	1.0	1.0	1.0	1.0	1.0000001192092896
control	1000	9	h_rows_other_anchors	stored_successor_s	90	1.0	1.0	1.0	1.0	1.0
control	1000	9	all_anchor_rows	stored_successor_s	4096	1.0	1.0	1.0	1.0	1.0000001192092896
control	1000	10	anchor0_h	rotated_z	6	1.0	1.0	1.0	1.0	1.0
control	1000	10	anchor0_non_h	rotated_z	250	1.0	1.0	1.0000001192092896	1.0000001192092896	1.0000001192092896
control	1000	10	h_rows_other_anchors	rotated_z	90	1.0	1.0	1.0	1.0000001192092896	1.0000001192092896
control	1000	10	all_anchor_rows	rotated_z	4096	1.0	1.0	1.0000001192092896	1.0000001192092896	1.0000001192092896
control	1000	10	anchor0_h	rotated_s	6	0.9999999403953552	0.9999998807907104	0.9999998807907104	0.9999998807907104	0.9999998807907104
control	1000	10	anchor0_non_h	rotated_s	250	1.0	1.0	1.0	1.0	1.0
control	1000	10	h_rows_other_anchors	rotated_s	90	1.0	1.0	1.0	1.0	1.0
control	1000	10	all_anchor_rows	rotated_s	4096	1.0	1.0	1.0	1.0	1.0000001192092896
control	1000	10	anchor0_h	prior_p	6	0.5783234238624573	0.578323483467102	0.578323483467102	0.578323483467102	0.578323483467102
control	1000	10	anchor0_non_h	prior_p	250	0.5751845836639404	0.5751731395721436	0.5752297043800354	0.5755013823509216	0.5755013823509216
control	1000	10	h_rows_other_anchors	prior_p	90	0.5752102732658386	0.5751878023147583	0.5753112435340881	0.5753987431526184	0.5754081010818481
control	1000	10	all_anchor_rows	prior_p	4096	0.5752087235450745	0.5751838684082031	0.5753068923950195	0.5754109025001526	0.578323483467102
control	1000	10	anchor0_h	innovation_w	6	21.1113224029541	21.1113224029541	21.1113224029541	21.1113224029541	21.1113224029541
control	1000	10	anchor0_non_h	innovation_w	250	20.911888122558594	20.911170959472656	20.91472625732422	20.931787490844727	20.931787490844727
control	1000	10	h_rows_other_anchors	innovation_w	90	20.913501739501953	20.912090301513672	20.919845581054688	20.925338745117188	20.925922393798828
control	1000	10	all_anchor_rows	innovation_w	4096	20.913410186767578	20.911849975585938	20.919567108154297	20.92609977722168	21.1113224029541
control	1000	10	anchor0_h	raw_successor_z	6	7.592268466949463	7.592267990112305	7.592267990112305	7.592267990112305	7.592267990112305
control	1000	10	anchor0_non_h	raw_successor_z	250	7.485606670379639	7.485213279724121	7.487156391143799	7.496484279632568	7.496484279632568
control	1000	10	h_rows_other_anchors	raw_successor_z	90	7.48648738861084	7.485716819763184	7.489952087402344	7.492956161499023	7.493278503417969
control	1000	10	all_anchor_rows	raw_successor_z	4096	7.486433029174805	7.485584259033203	7.489802837371826	7.493365287780762	7.592267990112305
control	1000	10	anchor0_h	raw_updated_s	6	22.110139846801758	22.110139846801758	22.110139846801758	22.110139846801758	22.110139846801758
control	1000	10	anchor0_non_h	raw_updated_s	250	21.91067123413086	21.909950256347656	21.91350555419922	21.930570602416992	21.930570602416992
control	1000	10	h_rows_other_anchors	raw_updated_s	90	21.912281036376953	21.910871505737305	21.918624877929688	21.92411994934082	21.924705505371094
control	1000	10	all_anchor_rows	raw_updated_s	4096	21.912189483642578	21.910629272460938	21.918350219726562	21.924882888793945	22.110139846801758
control	1000	10	anchor0_h	z_boundary_denominator	6	7.592268466949463	7.592267990112305	7.592267990112305	7.592267990112305	7.592267990112305
control	1000	10	anchor0_non_h	z_boundary_denominator	250	7.485606670379639	7.485213279724121	7.487156391143799	7.496484279632568	7.496484279632568
control	1000	10	h_rows_other_anchors	z_boundary_denominator	90	7.48648738861084	7.485716819763184	7.489952087402344	7.492956161499023	7.493278503417969
control	1000	10	all_anchor_rows	z_boundary_denominator	4096	7.486433029174805	7.485584259033203	7.489802837371826	7.493365287780762	7.592267990112305
control	1000	10	anchor0_h	s_boundary_denominator	6	22.110139846801758	22.110139846801758	22.110139846801758	22.110139846801758	22.110139846801758
control	1000	10	anchor0_non_h	s_boundary_denominator	250	21.91067123413086	21.909950256347656	21.91350555419922	21.930570602416992	21.930570602416992
control	1000	10	h_rows_other_anchors	s_boundary_denominator	90	21.912281036376953	21.910871505737305	21.918624877929688	21.92411994934082	21.924705505371094
control	1000	10	all_anchor_rows	s_boundary_denominator	4096	21.912189483642578	21.910629272460938	21.918350219726562	21.924882888793945	22.110139846801758
control	1000	10	anchor0_h	stored_successor_z	6	1.0000001192092896	1.0000001192092896	1.0000001192092896	1.0000001192092896	1.0000001192092896
control	1000	10	anchor0_non_h	stored_successor_z	250	1.0	0.9999998807907104	1.0	1.0	1.0
control	1000	10	h_rows_other_anchors	stored_successor_z	90	1.0	0.9999999403953552	1.0	1.0	1.0
control	1000	10	all_anchor_rows	stored_successor_z	4096	1.0	0.9999999403953552	1.0	1.0	1.0000001192092896
control	1000	10	anchor0_h	stored_successor_s	6	1.0	1.0	1.0	1.0	1.0
control	1000	10	anchor0_non_h	stored_successor_s	250	1.0	1.0	1.0	1.0	1.0
control	1000	10	h_rows_other_anchors	stored_successor_s	90	1.0	1.0	1.0	1.0	1.0000001192092896
control	1000	10	all_anchor_rows	stored_successor_s	4096	1.0	1.0	1.0	1.0	1.0000001192092896
control	1000	11	anchor0_h	rotated_z	6	1.0000001192092896	1.0000001192092896	1.0000001192092896	1.0000001192092896	1.0000001192092896
control	1000	11	anchor0_non_h	rotated_z	250	1.0	0.9999999403953552	1.0	1.0	1.0
control	1000	11	h_rows_other_anchors	rotated_z	90	1.0	0.9999999403953552	1.0	1.0	1.0
control	1000	11	all_anchor_rows	rotated_z	4096	1.0	0.9999999403953552	1.0	1.0	1.0000001192092896
control	1000	11	anchor0_h	rotated_s	6	1.0	1.0	1.0	1.0	1.0
control	1000	11	anchor0_non_h	rotated_s	250	1.0	1.0	1.0	1.0	1.0
control	1000	11	h_rows_other_anchors	rotated_s	90	1.0	1.0	1.0	1.0	1.0
control	1000	11	all_anchor_rows	rotated_s	4096	1.0	1.0	1.0	1.0	1.0000001192092896
control	1000	11	anchor0_h	prior_p	6	0.5765261650085449	0.5765261650085449	0.5765261650085449	0.5765261650085449	0.5765261650085449
control	1000	11	anchor0_non_h	prior_p	250	0.5752463340759277	0.5752411484718323	0.5752670168876648	0.5753914713859558	0.5753914713859558
control	1000	11	h_rows_other_anchors	prior_p	90	0.5752581357955933	0.5752477645874023	0.5753045678138733	0.5753446817398071	0.575348973274231
control	1000	11	all_anchor_rows	prior_p	4096	0.5752571821212769	0.5752460360527039	0.5753026604652405	0.5753501057624817	0.5765261650085449
control	1000	11	anchor0_h	innovation_w	6	20.995882034301758	20.995882034301758	20.995882034301758	20.995882034301758	20.995882034301758
control	1000	11	anchor0_non_h	innovation_w	250	20.915767669677734	20.915443420410156	20.917070388793945	20.924882888793945	20.924882888793945
control	1000	11	h_rows_other_anchors	innovation_w	90	20.9165096282959	20.915863037109375	20.91942596435547	20.92194366455078	20.922216415405273
control	1000	11	all_anchor_rows	innovation_w	4096	20.91645050048828	20.91575050354004	20.91930389404297	20.922283172607422	20.995882034301758
control	1000	11	anchor0_h	raw_successor_z	6	7.531020641326904	7.531020641326904	7.531020641326904	7.531020641326904	7.531020641326904
control	1000	11	anchor0_non_h	raw_successor_z	250	7.487724781036377	7.487546920776367	7.488435745239258	7.492707252502441	7.492707252502441
control	1000	11	h_rows_other_anchors	raw_successor_z	90	7.488129138946533	7.487775802612305	7.48972225189209	7.491099834442139	7.491248607635498
control	1000	11	all_anchor_rows	raw_successor_z	4096	7.488095283508301	7.487715721130371	7.489656448364258	7.491284370422363	7.531020641326904
control	1000	11	anchor0_h	raw_updated_s	6	21.994680404663086	21.994680404663086	21.994680404663086	21.994680404663086	21.994680404663086
control	1000	11	anchor0_non_h	raw_updated_s	250	21.914546966552734	21.914222717285156	21.915849685668945	21.92366600036621	21.92366600036621
control	1000	11	h_rows_other_anchors	raw_updated_s	90	21.91529083251953	21.914642333984375	21.91820526123047	21.920724868774414	21.920995712280273
control	1000	11	all_anchor_rows	raw_updated_s	4096	21.91522789001465	21.914531707763672	21.918087005615234	21.921064376831055	21.994680404663086
control	1000	11	anchor0_h	z_boundary_denominator	6	7.531020641326904	7.531020641326904	7.531020641326904	7.531020641326904	7.531020641326904
control	1000	11	anchor0_non_h	z_boundary_denominator	250	7.487724781036377	7.487546920776367	7.488435745239258	7.492707252502441	7.492707252502441
control	1000	11	h_rows_other_anchors	z_boundary_denominator	90	7.488129138946533	7.487775802612305	7.48972225189209	7.491099834442139	7.491248607635498
control	1000	11	all_anchor_rows	z_boundary_denominator	4096	7.488095283508301	7.487715721130371	7.489656448364258	7.491284370422363	7.531020641326904
control	1000	11	anchor0_h	s_boundary_denominator	6	21.994680404663086	21.994680404663086	21.994680404663086	21.994680404663086	21.994680404663086
control	1000	11	anchor0_non_h	s_boundary_denominator	250	21.914546966552734	21.914222717285156	21.915849685668945	21.92366600036621	21.92366600036621
control	1000	11	h_rows_other_anchors	s_boundary_denominator	90	21.91529083251953	21.914642333984375	21.91820526123047	21.920724868774414	21.920995712280273
control	1000	11	all_anchor_rows	s_boundary_denominator	4096	21.91522789001465	21.914531707763672	21.918087005615234	21.921064376831055	21.994680404663086
control	1000	11	anchor0_h	stored_successor_z	6	0.9999999403953552	0.9999998807907104	0.9999998807907104	0.9999998807907104	0.9999998807907104
control	1000	11	anchor0_non_h	stored_successor_z	250	1.0	0.9999999403953552	1.0	1.0	1.0
control	1000	11	h_rows_other_anchors	stored_successor_z	90	1.0	0.9999999403953552	1.0	1.0	1.0
control	1000	11	all_anchor_rows	stored_successor_z	4096	1.0	0.9999999403953552	1.0	1.0	1.0000001192092896
control	1000	11	anchor0_h	stored_successor_s	6	1.0	1.0	1.0	1.0	1.0
control	1000	11	anchor0_non_h	stored_successor_s	250	1.0	1.0	1.0	1.0	1.0
control	1000	11	h_rows_other_anchors	stored_successor_s	90	1.0	1.0	1.0	1.0	1.0000001192092896
control	1000	11	all_anchor_rows	stored_successor_s	4096	1.0	1.0	1.0	1.0	1.0000001192092896
control	1000	12	anchor0_h	rotated_z	6	0.9999999403953552	0.9999998807907104	0.9999998807907104	0.9999998807907104	0.9999998807907104
control	1000	12	anchor0_non_h	rotated_z	250	1.0	0.9999998807907104	1.0	1.0	1.0
control	1000	12	h_rows_other_anchors	rotated_z	90	1.0	0.9999999403953552	1.0	1.0	1.0
control	1000	12	all_anchor_rows	rotated_z	4096	1.0	0.9999999403953552	1.0	1.0	1.0000001192092896
control	1000	12	anchor0_h	rotated_s	6	1.0	1.0	1.0	1.0	1.0
control	1000	12	anchor0_non_h	rotated_s	250	1.0	1.0	1.0	1.0	1.0
control	1000	12	h_rows_other_anchors	rotated_s	90	1.0	1.0	1.0	1.0	1.0
control	1000	12	all_anchor_rows	rotated_s	4096	1.0	1.0	1.0	1.0	1.0000001192092896
control	1000	12	anchor0_h	prior_p	6	0.5758489966392517	0.5758489370346069	0.5758489370346069	0.5758489370346069	0.5758489370346069
control	1000	12	anchor0_non_h	prior_p	250	0.575274646282196	0.5752723217010498	0.5752842426300049	0.5753412246704102	0.5753412246704102
control	1000	12	h_rows_other_anchors	prior_p	90	0.5752800703048706	0.5752754211425781	0.575301468372345	0.5753198862075806	0.5753218531608582
control	1000	12	all_anchor_rows	prior_p	4096	0.5752796530723572	0.5752745866775513	0.5753005743026733	0.5753224492073059	0.5758489370346069
control	1000	12	anchor0_h	innovation_w	6	20.95347023010254	20.95347023010254	20.95347023010254	20.95347023010254	20.95347023010254
control	1000	12	anchor0_non_h	innovation_w	250	20.91754913330078	20.917400360107422	20.918148040771484	20.921724319458008	20.921724319458008
control	1000	12	h_rows_other_anchors	innovation_w	90	20.917888641357422	20.91759490966797	20.919231414794922	20.92038345336914	20.92051124572754
control	1000	12	all_anchor_rows	innovation_w	4096	20.91786003112793	20.91754150390625	20.919174194335938	20.920547485351562	20.95347023010254
control	1000	12	anchor0_h	raw_successor_z	6	7.508265972137451	7.508265972137451	7.508265972137451	7.508265972137451	7.508265972137451
control	1000	12	anchor0_non_h	raw_successor_z	250	7.488696098327637	7.488615036010742	7.489026069641113	7.490980625152588	7.490980625152588
control	1000	12	h_rows_other_anchors	raw_successor_z	90	7.488883018493652	7.48872184753418	7.489617824554443	7.490248203277588	7.490316390991211
control	1000	12	all_anchor_rows	raw_successor_z	4096	7.488867282867432	7.488693714141846	7.489584922790527	7.490336894989014	7.508265972137451
control	1000	12	anchor0_h	raw_updated_s	6	21.95225715637207	21.952259063720703	21.952259063720703	21.952259063720703	21.952259063720703
control	1000	12	anchor0_non_h	raw_updated_s	250	21.91632652282715	21.916179656982422	21.916929244995117	21.920507431030273	21.920507431030273
control	1000	12	h_rows_other_anchors	raw_updated_s	90	21.916669845581055	21.91637420654297	21.918012619018555	21.919166564941406	21.919292449951172
control	1000	12	all_anchor_rows	raw_updated_s	4096	21.916641235351562	21.91632080078125	21.917953491210938	21.919328689575195	21.952259063720703
control	1000	12	anchor0_h	z_boundary_denominator	6	7.508265972137451	7.508265972137451	7.508265972137451	7.508265972137451	7.508265972137451
control	1000	12	anchor0_non_h	z_boundary_denominator	250	7.488696098327637	7.488615036010742	7.489026069641113	7.490980625152588	7.490980625152588
control	1000	12	h_rows_other_anchors	z_boundary_denominator	90	7.488883018493652	7.48872184753418	7.489617824554443	7.490248203277588	7.490316390991211
control	1000	12	all_anchor_rows	z_boundary_denominator	4096	7.488867282867432	7.488693714141846	7.489584922790527	7.490336894989014	7.508265972137451
control	1000	12	anchor0_h	s_boundary_denominator	6	21.95225715637207	21.952259063720703	21.952259063720703	21.952259063720703	21.952259063720703
control	1000	12	anchor0_non_h	s_boundary_denominator	250	21.91632652282715	21.916179656982422	21.916929244995117	21.920507431030273	21.920507431030273
control	1000	12	h_rows_other_anchors	s_boundary_denominator	90	21.916669845581055	21.91637420654297	21.918012619018555	21.919166564941406	21.919292449951172
control	1000	12	all_anchor_rows	s_boundary_denominator	4096	21.916641235351562	21.91632080078125	21.917953491210938	21.919328689575195	21.952259063720703
control	1000	12	anchor0_h	stored_successor_z	6	1.0	1.0	1.0	1.0	1.0
control	1000	12	anchor0_non_h	stored_successor_z	250	1.0	0.9999999403953552	1.0	1.0	1.0
control	1000	12	h_rows_other_anchors	stored_successor_z	90	1.0	0.9999998807907104	1.0	1.0	1.0
control	1000	12	all_anchor_rows	stored_successor_z	4096	1.0	0.9999999403953552	1.0	1.0	1.0000001192092896
control	1000	12	anchor0_h	stored_successor_s	6	1.0	1.0	1.0	1.0	1.0
control	1000	12	anchor0_non_h	stored_successor_s	250	1.0	1.0	1.0	1.0	1.0
control	1000	12	h_rows_other_anchors	stored_successor_s	90	1.0	1.0	1.0	1.0	1.0
control	1000	12	all_anchor_rows	stored_successor_s	4096	1.0	1.0	1.0	1.0	1.0000001192092896
control	1000	13	anchor0_h	rotated_z	6	1.0	1.0	1.0	1.0	1.0
control	1000	13	anchor0_non_h	rotated_z	250	1.0	0.9999999403953552	1.0	1.0	1.0
control	1000	13	h_rows_other_anchors	rotated_z	90	1.0	0.9999998807907104	1.0	1.0	1.0
control	1000	13	all_anchor_rows	rotated_z	4096	1.0	0.9999999403953552	1.0	1.0	1.0000001192092896
control	1000	13	anchor0_h	rotated_s	6	1.0	1.0	1.0	1.0	1.0
control	1000	13	anchor0_non_h	rotated_s	250	1.0	1.0	1.0	1.0	1.0
control	1000	13	h_rows_other_anchors	rotated_s	90	1.0	1.0	1.0	1.0	1.0
control	1000	13	all_anchor_rows	rotated_s	4096	1.0	1.0	1.0	1.0	1.0000001192092896
control	1000	13	anchor0_h	prior_p	6	0.5755507349967957	0.5755507349967957	0.5755507349967957	0.5755507349967957	0.5755507349967957
control	1000	13	anchor0_non_h	prior_p	250	0.5752876996994019	0.5752865672111511	0.57529217004776	0.575318455696106	0.575318455696106
control	1000	13	h_rows_other_anchors	prior_p	90	0.5752901434898376	0.5752880573272705	0.5753000974655151	0.5753085017204285	0.5753093957901001
control	1000	13	all_anchor_rows	prior_p	4096	0.5752899646759033	0.5752876996994019	0.5752995610237122	0.5753096342086792	0.5755507349967957
control	1000	13	anchor0_h	innovation_w	6	20.934846878051758	20.934846878051758	20.934846878051758	20.934846878051758	20.934846878051758
control	1000	13	anchor0_non_h	innovation_w	250	20.918365478515625	20.918296813964844	20.91864585876465	20.92029571533203	20.92029571533203
control	1000	13	h_rows_other_anchors	innovation_w	90	20.91852378845215	20.918384552001953	20.919143676757812	20.9196720123291	20.919727325439453
control	1000	13	all_anchor_rows	innovation_w	4096	20.91851043701172	20.918367385864258	20.919109344482422	20.91974449157715	20.934846878051758
control	1000	13	anchor0_h	raw_successor_z	6	7.498155117034912	7.498155117034912	7.498155117034912	7.498155117034912	7.498155117034912
control	1000	13	anchor0_non_h	raw_successor_z	250	7.489143371582031	7.489106178283691	7.489296913146973	7.490199565887451	7.490199565887451
control	1000	13	h_rows_other_anchors	raw_successor_z	90	7.489229202270508	7.489154815673828	7.48956823348999	7.489856243133545	7.4898881912231445
control	1000	13	all_anchor_rows	raw_successor_z	4096	7.489222049713135	7.4891438484191895	7.48954963684082	7.489898204803467	7.498155117034912
control	1000	13	anchor0_h	raw_updated_s	6	21.933631896972656	21.933631896972656	21.933631896972656	21.933631896972656	21.933631896972656
control	1000	13	anchor0_non_h	raw_updated_s	250	21.91714859008789	21.917078018188477	21.91742515563965	21.919076919555664	21.919076919555664
control	1000	13	h_rows_other_anchors	raw_updated_s	90	21.91730499267578	21.917163848876953	21.917922973632812	21.9184513092041	21.91851043701172
control	1000	13	all_anchor_rows	raw_updated_s	4096	21.91729164123535	21.917146682739258	21.917890548706055	21.91852569580078	21.933631896972656
control	1000	13	anchor0_h	z_boundary_denominator	6	7.498155117034912	7.498155117034912	7.498155117034912	7.498155117034912	7.498155117034912
control	1000	13	anchor0_non_h	z_boundary_denominator	250	7.489143371582031	7.489106178283691	7.489296913146973	7.490199565887451	7.490199565887451
control	1000	13	h_rows_other_anchors	z_boundary_denominator	90	7.489229202270508	7.489154815673828	7.48956823348999	7.489856243133545	7.4898881912231445
control	1000	13	all_anchor_rows	z_boundary_denominator	4096	7.489222049713135	7.4891438484191895	7.48954963684082	7.489898204803467	7.498155117034912
control	1000	13	anchor0_h	s_boundary_denominator	6	21.933631896972656	21.933631896972656	21.933631896972656	21.933631896972656	21.933631896972656
control	1000	13	anchor0_non_h	s_boundary_denominator	250	21.91714859008789	21.917078018188477	21.91742515563965	21.919076919555664	21.919076919555664
control	1000	13	h_rows_other_anchors	s_boundary_denominator	90	21.91730499267578	21.917163848876953	21.917922973632812	21.9184513092041	21.91851043701172
control	1000	13	all_anchor_rows	s_boundary_denominator	4096	21.91729164123535	21.917146682739258	21.917890548706055	21.91852569580078	21.933631896972656
control	1000	13	anchor0_h	stored_successor_z	6	0.9999999403953552	0.9999998807907104	0.9999998807907104	0.9999998807907104	0.9999998807907104
control	1000	13	anchor0_non_h	stored_successor_z	250	1.0	1.0	1.0	1.0	1.0
control	1000	13	h_rows_other_anchors	stored_successor_z	90	1.0	0.9999999403953552	1.0	1.0	1.0000001192092896
control	1000	13	all_anchor_rows	stored_successor_z	4096	1.0	0.9999999403953552	1.0	1.0	1.0000001192092896
control	1000	13	anchor0_h	stored_successor_s	6	1.0	1.0	1.0	1.0	1.0
control	1000	13	anchor0_non_h	stored_successor_s	250	1.0	1.0	1.0	1.0	1.0
control	1000	13	h_rows_other_anchors	stored_successor_s	90	1.0	1.0	1.0	1.0	1.0
control	1000	13	all_anchor_rows	stored_successor_s	4096	1.0	1.0	1.0	1.0	1.0000001192092896
control	1000	14	anchor0_h	rotated_z	6	0.9999999403953552	0.9999999403953552	0.9999999403953552	0.9999999403953552	0.9999999403953552
control	1000	14	anchor0_non_h	rotated_z	250	1.0	1.0	1.0	1.0	1.0
control	1000	14	h_rows_other_anchors	rotated_z	90	1.0	0.9999999403953552	1.0	1.0	1.0
control	1000	14	all_anchor_rows	rotated_z	4096	1.0	0.9999999403953552	1.0	1.0	1.0000001192092896
control	1000	14	anchor0_h	rotated_s	6	1.0	1.0	1.0	1.0	1.0
control	1000	14	anchor0_non_h	rotated_s	250	1.0	1.0	1.0	1.0	1.0
control	1000	14	h_rows_other_anchors	rotated_s	90	1.0	1.0	1.0	1.0	1.0
control	1000	14	all_anchor_rows	rotated_s	4096	1.0	1.0	1.0	1.0	1.0000001192092896
control	1000	14	anchor0_h	prior_p	6	0.5754148364067078	0.5754148364067078	0.5754148364067078	0.5754148364067078	0.5754148364067078
control	1000	14	anchor0_non_h	prior_p	250	0.5752937197685242	0.575293242931366	0.5752957463264465	0.5753077268600464	0.5753077268600464
control	1000	14	h_rows_other_anchors	prior_p	90	0.5752947926521301	0.5752938389778137	0.5752993226051331	0.575303316116333	0.5753036737442017
control	1000	14	all_anchor_rows	prior_p	4096	0.5752947330474854	0.5752936601638794	0.5752991437911987	0.5753037929534912	0.5754148364067078
control	1000	14	anchor0_h	innovation_w	6	20.92634391784668	20.926342010498047	20.926342010498047	20.926342010498047	20.926342010498047
control	1000	14	anchor0_non_h	innovation_w	250	20.918745040893555	20.918712615966797	20.91887092590332	20.91962432861328	20.91962432861328
control	1000	14	h_rows_other_anchors	innovation_w	90	20.91881561279297	20.918750762939453	20.919095993041992	20.919347763061523	20.919370651245117
control	1000	14	all_anchor_rows	innovation_w	4096	20.918807983398438	20.918739318847656	20.919082641601562	20.91937828063965	20.926342010498047
control	1000	14	anchor0_h	raw_successor_z	6	7.493506908416748	7.493506908416748	7.493506908416748	7.493506908416748	7.493506908416748
control	1000	14	anchor0_non_h	raw_successor_z	250	7.489349842071533	7.489333152770996	7.489419937133789	7.48983097076416	7.48983097076416
control	1000	14	h_rows_other_anchors	raw_successor_z	90	7.489388465881348	7.489355087280273	7.489543437957764	7.489679336547852	7.489692211151123
control	1000	14	all_anchor_rows	raw_successor_z	4096	7.489384651184082	7.489347457885742	7.489535331726074	7.489697456359863	7.493506908416748
control	1000	14	anchor0_h	raw_updated_s	6	21.925125122070312	21.925125122070312	21.925125122070312	21.925125122070312	21.925125122070312
control	1000	14	anchor0_non_h	raw_updated_s	250	21.917526245117188	21.917491912841797	21.917652130126953	21.91840362548828	21.91840362548828
control	1000	14	h_rows_other_anchors	raw_updated_s	90	21.91759490966797	21.91753387451172	21.917877197265625	21.918128967285156	21.91815185546875
control	1000	14	all_anchor_rows	raw_updated_s	4096	21.91758918762207	21.91752052307129	21.917865753173828	21.91815757751465	21.925125122070312
control	1000	14	anchor0_h	z_boundary_denominator	6	7.493506908416748	7.493506908416748	7.493506908416748	7.493506908416748	7.493506908416748
control	1000	14	anchor0_non_h	z_boundary_denominator	250	7.489349842071533	7.489333152770996	7.489419937133789	7.48983097076416	7.48983097076416
control	1000	14	h_rows_other_anchors	z_boundary_denominator	90	7.489388465881348	7.489355087280273	7.489543437957764	7.489679336547852	7.489692211151123
control	1000	14	all_anchor_rows	z_boundary_denominator	4096	7.489384651184082	7.489347457885742	7.489535331726074	7.489697456359863	7.493506908416748
control	1000	14	anchor0_h	s_boundary_denominator	6	21.925125122070312	21.925125122070312	21.925125122070312	21.925125122070312	21.925125122070312
control	1000	14	anchor0_non_h	s_boundary_denominator	250	21.917526245117188	21.917491912841797	21.917652130126953	21.91840362548828	21.91840362548828
control	1000	14	h_rows_other_anchors	s_boundary_denominator	90	21.91759490966797	21.91753387451172	21.917877197265625	21.918128967285156	21.91815185546875
control	1000	14	all_anchor_rows	s_boundary_denominator	4096	21.91758918762207	21.91752052307129	21.917865753173828	21.91815757751465	21.925125122070312
control	1000	14	anchor0_h	stored_successor_z	6	1.0	1.0	1.0	1.0	1.0
control	1000	14	anchor0_non_h	stored_successor_z	250	1.0	0.9999999403953552	1.0	1.0	1.0
control	1000	14	h_rows_other_anchors	stored_successor_z	90	1.0	0.9999999403953552	1.0	1.0	1.0
control	1000	14	all_anchor_rows	stored_successor_z	4096	1.0	0.9999999403953552	1.0	1.0	1.0000001192092896
control	1000	14	anchor0_h	stored_successor_s	6	1.0	1.0	1.0	1.0	1.0
control	1000	14	anchor0_non_h	stored_successor_s	250	1.0	1.0	1.0	1.0	1.0
control	1000	14	h_rows_other_anchors	stored_successor_s	90	1.0	1.0	1.0	1.0	1.0
control	1000	14	all_anchor_rows	stored_successor_s	4096	1.0	1.0	1.0	1.0	1.0000001192092896
control	1000	15	anchor0_h	rotated_z	6	0.9999999403953552	0.9999999403953552	0.9999999403953552	0.9999999403953552	0.9999999403953552
control	1000	15	anchor0_non_h	rotated_z	250	1.0	0.9999999403953552	1.0	1.0	1.0
control	1000	15	h_rows_other_anchors	rotated_z	90	1.0	0.9999999403953552	1.0	1.0	1.0
control	1000	15	all_anchor_rows	rotated_z	4096	1.0	0.9999999403953552	1.0	1.0	1.0000001192092896
control	1000	15	anchor0_h	rotated_s	6	1.0	1.0	1.0	1.0	1.0
control	1000	15	anchor0_non_h	rotated_s	250	1.0	1.0	1.0	1.0	1.0
control	1000	15	h_rows_other_anchors	rotated_s	90	1.0	1.0	1.0	1.0	1.0
control	1000	15	all_anchor_rows	rotated_s	4096	1.0	1.0	1.0	1.0	1.0000001192092896
control	1000	15	anchor0_h	prior_p	6	0.5753521919250488	0.5753521919250488	0.5753521919250488	0.5753521919250488	0.5753521919250488
control	1000	15	anchor0_non_h	prior_p	250	0.5752964615821838	0.5752962827682495	0.5752974152565002	0.5753030180931091	0.5753030180931091
control	1000	15	h_rows_other_anchors	prior_p	90	0.5752969980239868	0.5752965211868286	0.5752990245819092	0.5753008723258972	0.5753010511398315
control	1000	15	all_anchor_rows	prior_p	4096	0.575296938419342	0.5752964615821838	0.5752989649772644	0.5753010511398315	0.5753521919250488
control	1000	15	anchor0_h	innovation_w	6	20.92241668701172	20.92241668701172	20.92241668701172	20.92241668701172	20.92241668701172
control	1000	15	anchor0_non_h	innovation_w	250	20.91891860961914	20.91890525817871	20.918977737426758	20.919330596923828	20.919330596923828
control	1000	15	h_rows_other_anchors	innovation_w	90	20.918949127197266	20.91891860961914	20.919076919555664	20.9191951751709	20.91920280456543
control	1000	15	all_anchor_rows	innovation_w	4096	20.9189453125	20.918916702270508	20.91907501220703	20.919204711914062	20.92241668701172
control	1000	15	anchor0_h	raw_successor_z	6	7.491359233856201	7.491358757019043	7.491358757019043	7.491358757019043	7.491358757019043
control	1000	15	anchor0_non_h	raw_successor_z	250	7.489444255828857	7.489438056945801	7.489477634429932	7.489669322967529	7.489669322967529
control	1000	15	h_rows_other_anchors	raw_successor_z	90	7.489461898803711	7.48944616317749	7.489533424377441	7.489597320556641	7.489601135253906
control	1000	15	all_anchor_rows	raw_successor_z	4096	7.489460468292236	7.489444732666016	7.489530563354492	7.489603519439697	7.491358757019043
control	1000	15	anchor0_h	raw_updated_s	6	21.92119789123535	21.92119789123535	21.92119789123535	21.92119789123535	21.92119789123535
control	1000	15	anchor0_non_h	raw_updated_s	250	21.91769790649414	21.917686462402344	21.91775894165039	21.91811180114746	21.91811180114746
control	1000	15	h_rows_other_anchors	raw_updated_s	90	21.9177303314209	21.917699813842773	21.917858123779297	21.91797637939453	21.917984008789062
control	1000	15	all_anchor_rows	raw_updated_s	4096	21.917728424072266	21.917695999145508	21.91785430908203	21.917985916137695	21.92119789123535
control	1000	15	anchor0_h	z_boundary_denominator	6	7.491359233856201	7.491358757019043	7.491358757019043	7.491358757019043	7.491358757019043
control	1000	15	anchor0_non_h	z_boundary_denominator	250	7.489444255828857	7.489438056945801	7.489477634429932	7.489669322967529	7.489669322967529
control	1000	15	h_rows_other_anchors	z_boundary_denominator	90	7.489461898803711	7.48944616317749	7.489533424377441	7.489597320556641	7.489601135253906
control	1000	15	all_anchor_rows	z_boundary_denominator	4096	7.489460468292236	7.489444732666016	7.489530563354492	7.489603519439697	7.491358757019043
control	1000	15	anchor0_h	s_boundary_denominator	6	21.92119789123535	21.92119789123535	21.92119789123535	21.92119789123535	21.92119789123535
control	1000	15	anchor0_non_h	s_boundary_denominator	250	21.91769790649414	21.917686462402344	21.91775894165039	21.91811180114746	21.91811180114746
control	1000	15	h_rows_other_anchors	s_boundary_denominator	90	21.9177303314209	21.917699813842773	21.917858123779297	21.91797637939453	21.917984008789062
control	1000	15	all_anchor_rows	s_boundary_denominator	4096	21.917728424072266	21.917695999145508	21.91785430908203	21.917985916137695	21.92119789123535
control	1000	15	anchor0_h	stored_successor_z	6	0.9999999403953552	0.9999998807907104	0.9999998807907104	0.9999998807907104	0.9999998807907104
control	1000	15	anchor0_non_h	stored_successor_z	250	1.0	0.9999999403953552	1.0	1.0	1.0
control	1000	15	h_rows_other_anchors	stored_successor_z	90	0.9999999403953552	0.9999999403953552	1.0	1.0000001192092896	1.0000001192092896
control	1000	15	all_anchor_rows	stored_successor_z	4096	1.0	0.9999999403953552	1.0	1.0	1.0000001192092896
control	1000	15	anchor0_h	stored_successor_s	6	1.0	1.0	1.0	1.0	1.0
control	1000	15	anchor0_non_h	stored_successor_s	250	1.0	1.0	1.0	1.0	1.0
control	1000	15	h_rows_other_anchors	stored_successor_s	90	1.0	1.0	1.0	1.0	1.0000001192092896
control	1000	15	all_anchor_rows	stored_successor_s	4096	1.0	1.0	1.0	1.0	1.0000001192092896
control	1000	16	anchor0_h	rotated_z	6	0.9999999403953552	0.9999998807907104	0.9999998807907104	0.9999998807907104	0.9999998807907104
control	1000	16	anchor0_non_h	rotated_z	250	0.9999999403953552	0.9999998807907104	1.0	1.0	1.0000001192092896
control	1000	16	h_rows_other_anchors	rotated_z	90	0.9999999403953552	0.9999999403953552	1.0	1.0	1.0000001192092896
control	1000	16	all_anchor_rows	rotated_z	4096	1.0	0.9999999403953552	1.0	1.0	1.0000001192092896
control	1000	16	anchor0_h	rotated_s	6	0.9999999403953552	0.9999999403953552	0.9999999403953552	0.9999999403953552	0.9999999403953552
control	1000	16	anchor0_non_h	rotated_s	250	1.0	1.0	1.0	1.0	1.0
control	1000	16	h_rows_other_anchors	rotated_s	90	1.0	1.0	1.0	1.0	1.0
control	1000	16	all_anchor_rows	rotated_s	4096	1.0	1.0	1.0	1.0	1.0000001192092896
control	1000	16	anchor0_h	prior_p	6	0.5753232836723328	0.5753232836723328	0.5753232836723328	0.5753232836723328	0.5753232836723328
control	1000	16	anchor0_non_h	prior_p	250	0.5752977132797241	0.5752976536750793	0.5752980709075928	0.5753005743026733	0.5753005743026733
control	1000	16	h_rows_other_anchors	prior_p	90	0.5752979516983032	0.5752977132797241	0.5752989649772644	0.5752997398376465	0.5752997994422913
control	1000	16	all_anchor_rows	prior_p	4096	0.5752978920936584	0.5752977132797241	0.5752989053726196	0.5752999186515808	0.5753232836723328
control	1000	16	anchor0_h	innovation_w	6	20.920595169067383	20.920597076416016	20.920597076416016	20.920597076416016	20.920597076416016
control	1000	16	anchor0_non_h	innovation_w	250	20.918994903564453	20.918989181518555	20.91901397705078	20.91917610168457	20.91917610168457
control	1000	16	h_rows_other_anchors	innovation_w	90	20.91901206970215	20.918996810913086	20.9190731048584	20.91912269592285	20.919130325317383
control	1000	16	all_anchor_rows	innovation_w	4096	20.919008255004883	20.918994903564453	20.919069290161133	20.91913414001465	20.920597076416016
control	1000	16	anchor0_h	raw_successor_z	6	7.490365505218506	7.490365505218506	7.490365505218506	7.490365505218506	7.490365505218506
control	1000	16	anchor0_non_h	raw_successor_z	250	7.489487648010254	7.4894843101501465	7.489498138427734	7.4895853996276855	7.4895853996276855
control	1000	16	h_rows_other_anchors	raw_successor_z	90	7.489495754241943	7.48948860168457	7.489530086517334	7.489556789398193	7.489559650421143
control	1000	16	all_anchor_rows	raw_successor_z	4096	7.489495277404785	7.489487648010254	7.489527225494385	7.489562034606934	7.490365505218506
control	1000	16	anchor0_h	raw_updated_s	6	21.91937828063965	21.91937828063965	21.91937828063965	21.91937828063965	21.91937828063965
control	1000	16	anchor0_non_h	raw_updated_s	250	21.917776107788086	21.917768478393555	21.917797088623047	21.91795539855957	21.91795539855957
control	1000	16	h_rows_other_anchors	raw_updated_s	90	21.91779327392578	21.91777801513672	21.91785430908203	21.91790199279785	21.917909622192383
control	1000	16	all_anchor_rows	raw_updated_s	4096	21.917789459228516	21.917776107788086	21.917848587036133	21.91791343688965	21.91937828063965
control	1000	16	anchor0_h	z_boundary_denominator	6	7.490365505218506	7.490365505218506	7.490365505218506	7.490365505218506	7.490365505218506
control	1000	16	anchor0_non_h	z_boundary_denominator	250	7.489487648010254	7.4894843101501465	7.489498138427734	7.4895853996276855	7.4895853996276855
control	1000	16	h_rows_other_anchors	z_boundary_denominator	90	7.489495754241943	7.48948860168457	7.489530086517334	7.489556789398193	7.489559650421143
control	1000	16	all_anchor_rows	z_boundary_denominator	4096	7.489495277404785	7.489487648010254	7.489527225494385	7.489562034606934	7.490365505218506
control	1000	16	anchor0_h	s_boundary_denominator	6	21.91937828063965	21.91937828063965	21.91937828063965	21.91937828063965	21.91937828063965
control	1000	16	anchor0_non_h	s_boundary_denominator	250	21.917776107788086	21.917768478393555	21.917797088623047	21.91795539855957	21.91795539855957
control	1000	16	h_rows_other_anchors	s_boundary_denominator	90	21.91779327392578	21.91777801513672	21.91785430908203	21.91790199279785	21.917909622192383
control	1000	16	all_anchor_rows	s_boundary_denominator	4096	21.917789459228516	21.917776107788086	21.917848587036133	21.91791343688965	21.91937828063965
control	1000	16	anchor0_h	stored_successor_z	6	0.9999999403953552	0.9999998807907104	0.9999998807907104	0.9999998807907104	0.9999998807907104
control	1000	16	anchor0_non_h	stored_successor_z	250	1.0	0.9999998807907104	1.0	1.0000001192092896	1.0000001192092896
control	1000	16	h_rows_other_anchors	stored_successor_z	90	1.0	0.9999999403953552	1.0	1.0	1.0
control	1000	16	all_anchor_rows	stored_successor_z	4096	1.0	0.9999999403953552	1.0	1.0	1.0000001192092896
control	1000	16	anchor0_h	stored_successor_s	6	1.0	1.0	1.0	1.0	1.0
control	1000	16	anchor0_non_h	stored_successor_s	250	1.0	1.0	1.0	1.0	1.0
control	1000	16	h_rows_other_anchors	stored_successor_s	90	1.0	1.0	1.0	1.0	1.0
control	1000	16	all_anchor_rows	stored_successor_s	4096	1.0	1.0	1.0	1.0	1.0000001192092896
