loss_scope	horizon	tensor	shape	activation_rms	activation_max_abs	activation_q99_abs	row_rms_q50	row_rms_q99	row_rms_max	adjoint_rms	adjoint_max_abs	adjoint_q99_abs	adjoint_row_rms_q50	adjoint_row_rms_q99	adjoint_times_activation_rms	finite_fraction	module	call_index	call_role	call_weight_gradient_l2	call_weight_gradient_rms	call_weight_gradient_max_abs	phase
h1	0	encoder.embed.call0	16x272x1344	0.027277236804366112	0.9980449676513672	0.003913901746273041	0.027277236804366112	0.027277236804366112	0.027277236804366112	0.0	0.0	0.0	0.0	0.0	0.0	1.0	encoder.embed	0	encoder_use	nan	nan	nan	pre_update1001
h1	0	encoder.blocks.0.norm1.call0	16x272x672	0.0	0.0	0.0	0.0	0.0	0.0	0.0005090468330308795	0.04906517267227173	0.0014007794670760632	2.610681258374825e-05	0.0015299491351470351	0.0	1.0	encoder.blocks.0.norm1	0	encoder_use	nan	nan	nan	pre_update1001
h1	0	encoder.blocks.0.attn.qkv.call0	16x272x2016	0.0	0.0	0.0	0.0	0.0	0.0	0.00029444496612995863	0.04933435469865799	0.0005683734198100865	1.731675729388371e-05	0.0007918674382381141	0.0	1.0	encoder.blocks.0.attn.qkv	0	encoder_use	0.0	0.0	0.0	pre_update1001
h1	0	encoder.blocks.0.attn.proj.call0	16x272x672	0.0	0.0	0.0	0.0	0.0	0.0	0.0011842233361676335	0.2090282440185547	0.0037005022168159485	8.556230022804812e-05	0.003952398430556059	0.0	1.0	encoder.blocks.0.attn.proj	0	encoder_use	0.0	0.0	0.0	pre_update1001
h1	0	encoder.blocks.0.norm2.call0	16x272x672	0.9523218870162964	26.50008201599121	0.10294024646282196	0.9482464790344238	1.0054032802581787	1.0241540670394897	0.04562823474407196	3.7667579650878906	0.08214423805475235	0.007941106334328651	0.06336716562509537	0.09372857213020325	1.0	encoder.blocks.0.norm2	0	encoder_use	nan	nan	nan	pre_update1001
h1	0	encoder.blocks.0.ffn.0.call0	16x272x2688	0.5128195881843567	2.577282428741455	1.2811881303787231	0.511646032333374	0.5449364185333252	0.5744771361351013	0.020089460536837578	2.96966290473938	0.037568461149930954	0.0037899415474385023	0.02664368785917759	0.011320874094963074	1.0	encoder.blocks.0.ffn.0	0	encoder_use	2891.36328125	2.1513118743896484	227.0193634033203	pre_update1001
h1	0	encoder.blocks.0.ffn.1.call0	16x272x2688	0.2463526576757431	2.5644500255584717	0.9382575154304504	0.23703618347644806	0.33132028579711914	0.3716324269771576	0.03944353014230728	3.542337417602539	0.0696241483092308	0.007395148742944002	0.05228560045361519	0.00976579450070858	1.0	encoder.blocks.0.ffn.1	0	encoder_use	nan	nan	nan	pre_update1001
h1	0	encoder.blocks.0.ffn.2.call0	16x272x672	0.8042793869972229	4.599037170410156	2.281649589538574	0.7579709887504578	1.0058916807174683	1.0058916807174683	0.06592726707458496	5.746879577636719	0.11794500052928925	0.01267014630138874	0.08711982518434525	0.05674714967608452	1.0	encoder.blocks.0.ffn.2	0	encoder_use	2546.69384765625	1.8948614597320557	34.34122848510742	pre_update1001
h1	0	encoder.blocks.1.norm1.call0	16x272x672	0.9587236046791077	5.13038444519043	2.687429904937744	0.9584423899650574	0.9614951014518738	0.9616509675979614	0.600333571434021	61.96418762207031	1.6685744524002075	0.05203532427549362	1.7816314697265625	0.5963010787963867	1.0	encoder.blocks.1.norm1	0	encoder_use	nan	nan	nan	pre_update1001
h1	0	encoder.blocks.1.attn.qkv.call0	16x272x2016	0.8360280394554138	4.730323314666748	2.5164220333099365	0.7807011604309082	1.0565142631530762	1.0565142631530762	0.5528845191001892	69.84848022460938	1.0523767471313477	0.04518488794565201	1.615423321723938	0.3680502772331238	1.0	encoder.blocks.1.attn.qkv	0	encoder_use	77563.9375	66.63922882080078	1217.926513671875	pre_update1001
h1	0	encoder.blocks.1.attn.proj.call0	16x272x672	0.6020511984825134	4.1766533851623535	1.7059898376464844	0.5568983554840088	0.8032145500183105	1.4635131359100342	1.1798079013824463	93.31966400146484	2.1254427433013916	0.2058604657649994	1.6345350742340088	0.6864280104637146	1.0	encoder.blocks.1.attn.proj	0	encoder_use	85288.75	126.91777801513672	1295.4298095703125	pre_update1001
h1	0	encoder.blocks.1.norm2.call0	16x272x672	0.9834402799606323	4.368199348449707	2.6778979301452637	0.9824585914611816	0.9867042899131775	0.9868693351745605	0.3240720331668854	51.06549835205078	0.7039332389831543	0.018374983221292496	0.7723602652549744	0.33989226818084717	1.0	encoder.blocks.1.norm2	0	encoder_use	nan	nan	nan	pre_update1001
h1	0	encoder.blocks.1.ffn.0.call0	16x272x2688	1.1048647165298462	4.50275993347168	2.668504476547241	1.0757460594177246	1.3323076963424683	1.3843958377838135	0.20977865159511566	37.4213752746582	0.38868448138237	0.014761388301849365	0.5851710438728333	0.20880283415317535	1.0	encoder.blocks.1.ffn.0	0	encoder_use	47718.48828125	35.504825592041016	738.9029541015625	pre_update1001
h1	0	encoder.blocks.1.ffn.1.call0	16x272x2688	0.31481319665908813	3.494900703430176	1.4437710046768188	0.30750396847724915	0.43782731890678406	0.8002822399139404	0.38136616349220276	34.62995147705078	1.0834531784057617	0.03490042686462402	1.1866469383239746	0.17726820707321167	1.0	encoder.blocks.1.ffn.1	0	encoder_use	nan	nan	nan	pre_update1001
h1	0	encoder.blocks.1.ffn.2.call0	16x272x672	0.6202031373977661	5.916606903076172	1.7984265089035034	0.593193531036377	0.9399400949478149	1.8497477769851685	0.696002721786499	84.39994049072266	1.933453917503357	0.06431339681148529	2.162506103515625	0.717648446559906	1.0	encoder.blocks.1.ffn.2	0	encoder_use	69383.6640625	51.62474822998047	1512.98583984375	pre_update1001
h1	0	encoder.blocks.1.norm2.call1	16x256x672	0.9834302067756653	4.368199348449707	2.6771905422210693	0.9824472665786743	0.9867048263549805	0.9868693351745605	0.3340483605861664	51.065818786621094	0.7352583408355713	0.02016923390328884	0.8040739297866821	0.3503561019897461	1.0	encoder.blocks.1.norm2	1	inverse_decoder_prefix	nan	nan	nan	pre_update1001
h1	0	encoder.blocks.1.ffn.0.call1	16x256x2688	1.1047881841659546	4.50275993347168	2.669064998626709	1.0755047798156738	1.3325716257095337	1.3843958377838135	0.21623525023460388	37.4222412109375	0.4078737199306488	0.016218887642025948	0.6072254776954651	0.21522930264472961	1.0	encoder.blocks.1.ffn.0	1	inverse_decoder_prefix	47718.4765625	35.504817962646484	738.8988037109375	pre_update1001
h1	0	encoder.blocks.1.ffn.1.call1	16x256x2688	0.3152342140674591	3.494900703430176	1.445884346961975	0.30752241611480713	0.43797600269317627	0.8002822399139404	0.39310356974601746	34.62992477416992	1.1309758424758911	0.03848002851009369	1.2248156070709229	0.18272408843040466	1.0	encoder.blocks.1.ffn.1	1	inverse_decoder_prefix	nan	nan	nan	pre_update1001
h1	0	encoder.blocks.1.ffn.2.call1	16x256x672	0.621289074420929	5.916606903076172	1.801581621170044	0.5934653878211975	0.941795825958252	1.8497477769851685	0.7174234390258789	84.4007797241211	2.019413471221924	0.07075551152229309	2.256272315979004	0.7397380471229553	1.0	encoder.blocks.1.ffn.2	1	inverse_decoder_prefix	69383.5	51.62462615966797	1512.9700927734375	pre_update1001
h1	0	encoder.blocks.1.norm2.call2	16x16x16x672	0.9859708547592163	7.470526218414307	2.8414716720581055	0.9859167337417603	0.9870730638504028	0.9875959753990173	2.7024768769479124e-06	0.00021584708883892745	8.859627996571362e-06	0.0	1.0025411938840989e-05	2.665134616108844e-06	1.0	encoder.blocks.1.norm2	2	inverse_decoder_branch	nan	nan	nan	pre_update1001
h1	0	encoder.blocks.1.ffn.0.call2	16x16x16x2688	1.0795954465866089	5.379472732543945	3.330986261367798	1.0774391889572144	1.1529227495193481	1.172810673713684	1.951405238287407e-06	0.00027883442817255855	5.853146831213962e-06	0.0	7.127380285965046e-06	2.440814341753139e-06	1.0	encoder.blocks.1.ffn.0	2	inverse_decoder_branch	0.20779596269130707	0.00015461009752471	0.0029361050110310316	pre_update1001
h1	0	encoder.blocks.1.ffn.1.call2	16x16x16x2688	0.7126989364624023	5.379472732543945	2.476699113845825	0.6849088668823242	0.9408680200576782	0.9682960510253906	2.6582777081785025e-06	0.00025951757561415434	9.166084964817856e-06	0.0	1.108929245674517e-05	2.142204721167218e-06	1.0	encoder.blocks.1.ffn.1	2	inverse_decoder_branch	nan	nan	nan	pre_update1001
h1	0	encoder.blocks.1.ffn.2.call2	16x16x16x672	3.194114923477173	26.107280731201172	14.943115234375	3.040870428085327	3.735097885131836	3.8735251426696777	4.862905825575581e-06	0.0005342990043573081	1.6645692085148767e-05	0.0	1.988053190871142e-05	1.825185609050095e-05	1.0	encoder.blocks.1.ffn.2	2	inverse_decoder_branch	0.41308143734931946	0.0003073522821068764	0.0050908541306853294	pre_update1001
h1	0	encoder.blocks.1.norm1.call1	16x256x672	0.958723247051239	5.130384922027588	2.687429904937744	0.9584423899650574	0.9614951014518738	0.9616509675979614	0.618807852268219	61.96125411987305	1.7412794828414917	0.057271577417850494	1.957017183303833	0.614651620388031	1.0	encoder.blocks.1.norm1	1	inverse_decoder_prefix	nan	nan	nan	pre_update1001
h1	0	encoder.blocks.1.norm1.call2	16x16x16x672	0.9621489644050598	6.688129901885986	4.685690402984619	0.9617334604263306	0.9639965891838074	0.9644788503646851	2.03644267458003e-05	0.0019279943080618978	6.946724897716194e-05	0.0	7.687027391511947e-05	2.1749985535279848e-05	1.0	encoder.blocks.1.norm1	2	inverse_decoder_branch	nan	nan	nan	pre_update1001
h1	0	encoder.blocks.1.attn.qkv.call1	16x256x2016	0.8357750177383423	4.730323791503906	2.5164220333099365	0.7807011008262634	1.0565142631530762	1.0565142631530762	0.5698992013931274	69.84864044189453	1.1003351211547852	0.05016922205686569	1.8358033895492554	0.3793770968914032	1.0	encoder.blocks.1.attn.qkv	1	inverse_decoder_prefix_self	77564.3515625	66.63957977294922	1217.9498291015625	pre_update1001
h1	0	encoder.blocks.1.attn.proj.call1	16x256x672	0.6014488339424133	4.176652908325195	1.7053396701812744	0.5554084777832031	0.8042111396789551	1.4635131359100342	1.2161178588867188	93.31953430175781	2.1820125579833984	0.22069039940834045	1.6620994806289673	0.7075531482696533	1.0	encoder.blocks.1.attn.proj	1	inverse_decoder_prefix_self	85288.75	126.91777801513672	1295.4281005859375	pre_update1001
h1	0	encoder.blocks.1.attn.qkv.call2	16x256x2016	0.8357750177383423	4.730323791503906	2.5164220333099365	0.7807011008262634	1.0565142631530762	1.0565142631530762	1.7960168406716548e-05	0.0019236281514167786	7.149089651647955e-05	9.213283192366362e-06	5.108221012051217e-05	1.0875932275666855e-05	1.0	encoder.blocks.1.attn.qkv	2	inverse_decoder_prefix_branch_kv	4.803854465484619	0.004127242136746645	0.10845601558685303	pre_update1001
h1	0	encoder.blocks.1.attn.qkv.call3	16x16x16x2016	0.497609406709671	3.0712807178497314	1.6235932111740112	0.49256330728530884	0.5464471578598022	0.5861696004867554	3.5723045584745705e-05	0.00477007869631052	6.322053377516568e-05	0.0	0.00013849475362803787	1.2450917893147562e-05	1.0	encoder.blocks.1.attn.qkv	3	inverse_decoder_branch	2.9554758071899414	0.002539203502237797	0.07771972566843033	pre_update1001
h1	0	encoder.blocks.1.attn.proj.call2	16x16x16x672	0.4141714870929718	1.588841438293457	1.1070702075958252	0.4248315989971161	0.5057300329208374	0.5580045580863953	0.0005653261905536056	0.06262243539094925	8.013337549073185e-09	0.0	0.002572681987658143	0.00027027499163523316	1.0	encoder.blocks.1.attn.proj	2	inverse_decoder_branch	9.553890228271484	0.014217098243534565	1.0398004055023193	pre_update1001
h1	0	encoder.blocks.0.norm2.call1	16x256x672	0.952406108379364	26.500083923339844	0.10293887555599213	0.9482464790344238	1.0054577589035034	1.0241541862487793	0.04703569412231445	3.7679007053375244	0.08440230786800385	0.008527422323822975	0.06424253433942795	0.09664823859930038	1.0	encoder.blocks.0.norm2	1	inverse_decoder_prefix	nan	nan	nan	pre_update1001
h1	0	encoder.blocks.0.ffn.0.call1	16x256x2688	0.5128344297409058	2.5772864818573	1.2811905145645142	0.5116457343101501	0.5449366569519043	0.5744772553443909	0.020708298310637474	2.969973564147949	0.038751766085624695	0.004021787084639072	0.02707315795123577	0.011669631116092205	1.0	encoder.blocks.0.ffn.0	1	inverse_decoder_prefix	2891.58447265625	2.1514766216278076	226.915771484375	pre_update1001
h1	0	encoder.blocks.0.ffn.1.call1	16x256x2688	0.2465158998966217	2.5644543170928955	0.939486563205719	0.2370360642671585	0.3313204348087311	0.37163302302360535	0.04065881669521332	3.5425539016723633	0.07133543491363525	0.007883194833993912	0.05266888439655304	0.010066664777696133	1.0	encoder.blocks.0.ffn.1	1	inverse_decoder_prefix	nan	nan	nan	pre_update1001
h1	0	encoder.blocks.0.ffn.2.call1	16x256x672	0.8042367696762085	4.599072456359863	2.2816524505615234	0.7579714059829712	1.0058937072753906	1.005895733833313	0.06795722246170044	5.746640205383301	0.12093819677829742	0.013432725332677364	0.08780091255903244	0.05849428474903107	1.0	encoder.blocks.0.ffn.2	1	inverse_decoder_prefix	2546.791015625	1.8949337005615234	34.346134185791016	pre_update1001
h1	0	encoder.blocks.0.norm2.call2	16x16x16x672	1.0020976066589355	7.883666515350342	2.625061273574829	1.0023193359375	1.0028408765792847	1.0042871236801147	1.0009539863631289e-07	1.9133469322696328e-05	3.3033740187704552e-09	0.0	3.889085498087752e-09	1.168590060274255e-07	1.0	encoder.blocks.0.norm2	2	inverse_decoder_branch	nan	nan	nan	pre_update1001
h1	0	encoder.blocks.0.ffn.0.call2	16x16x16x2688	1.4548673629760742	5.559119701385498	3.5196666717529297	1.4461983442306519	1.5425004959106445	1.674796223640442	4.044529333668834e-08	1.7033418771461584e-05	4.969392120024452e-10	0.0	9.821273794230478e-10	3.3982669123133746e-08	1.0	encoder.blocks.0.ffn.0	2	inverse_decoder_branch	0.0034179154317826033	2.5430920231883647e-06	7.856602314859629e-05	pre_update1001
h1	0	encoder.blocks.0.ffn.1.call2	16x16x16x2688	0.7127648591995239	4.578168869018555	2.7477948665618896	0.7391797304153442	0.8912412524223328	1.0254509449005127	8.777858795383509e-08	2.2427193471230567e-05	1.1492681251112913e-09	0.0	1.4126405600833891e-09	2.836741153089406e-08	1.0	encoder.blocks.0.ffn.1	2	inverse_decoder_branch	nan	nan	nan	pre_update1001
h1	0	encoder.blocks.0.ffn.2.call2	16x16x16x672	1.9225749969482422	11.153112411499023	6.001445770263672	2.024838924407959	2.517996311187744	2.951211929321289	1.2458200160381239e-07	2.2182264729053713e-05	1.7219323744654957e-09	0.0	2.206925309167218e-09	7.287799519417604e-08	1.0	encoder.blocks.0.ffn.2	2	inverse_decoder_branch	0.003490689443424344	2.597239245005767e-06	5.080810660729185e-05	pre_update1001
h1	0	encoder.blocks.0.norm1.call1	16x256x672	0.002774536143988371	0.04257754236459732	0.008243012242019176	0.0025256224907934666	0.0054865190759301186	0.009748026728630066	6.825848686276004e-05	0.005723791196942329	0.000121408658742439	1.3495948223862797e-05	8.818086644168943e-05	1.751650415826589e-07	1.0	encoder.blocks.0.norm1	1	inverse_decoder_prefix	nan	nan	nan	pre_update1001
h1	0	encoder.blocks.0.norm1.call2	16x16x16x672	0.9940113425254822	7.0722432136535645	3.8777518272399902	0.9942514896392822	0.9950708746910095	0.9958459734916687	3.0751195367884065e-07	5.236230936134234e-05	7.75664865670933e-09	0.0	1.0705499597918333e-08	2.745209712884389e-07	1.0	encoder.blocks.0.norm1	2	inverse_decoder_branch	nan	nan	nan	pre_update1001
h1	0	encoder.blocks.0.attn.qkv.call1	16x256x2016	0.0019179547671228647	0.021087978035211563	0.0058952332474291325	0.001652768813073635	0.0040042647160589695	0.007099937181919813	0.0	0.0	0.0	0.0	0.0	0.0	1.0	encoder.blocks.0.attn.qkv	1	inverse_decoder_prefix_self	nan	nan	nan	pre_update1001
h1	0	encoder.blocks.0.attn.proj.call1	16x256x672	0.0002857877698261291	0.011041495949029922	0.0010077384067699313	0.00022120799985714257	0.000883076514583081	0.00273065734654665	0.0	0.0	0.0	0.0	0.0	0.0	1.0	encoder.blocks.0.attn.proj	1	inverse_decoder_prefix_self	nan	nan	nan	pre_update1001
h1	0	encoder.blocks.0.attn.qkv.call2	16x256x2016	0.0019179547671228647	0.021087978035211563	0.0058952332474291325	0.001652768813073635	0.0040042647160589695	0.007099937181919813	4.535191328614019e-05	0.006563470233231783	8.626769704278558e-05	9.439766472496558e-06	5.3850064432481304e-05	6.672408403574082e-08	1.0	encoder.blocks.0.attn.qkv	2	inverse_decoder_prefix_branch_kv	0.010862275958061218	9.332347872259561e-06	0.0001627679739613086	pre_update1001
h1	0	encoder.blocks.0.attn.qkv.call3	16x16x16x2016	1.3502492904663086	4.795168399810791	3.4380686283111572	1.407941222190857	1.5856744050979614	1.595194697380066	1.4218767319107428e-07	4.347520007286221e-05	1.1937724142541128e-09	0.0	4.5557717598398995e-09	1.2645580227399478e-07	1.0	encoder.blocks.0.attn.qkv	3	inverse_decoder_branch	0.010308717377483845	8.856757631292567e-06	0.00023288416559807956	pre_update1001
h1	0	encoder.blocks.0.attn.proj.call2	16x16x16x672	0.0004062385705765337	0.03250467777252197	0.0013976498739793897	0.00021958001889288425	0.0010733073577284813	0.011084421537816525	0.0005653267726302147	0.06262243539094925	4.592494093347277e-11	0.0	0.002572681987658143	1.2996763416595059e-06	1.0	encoder.blocks.0.attn.proj	2	inverse_decoder_branch	0.023472627624869347	3.492950418149121e-05	0.003184695029631257	pre_update1001
h2_h16	0	encoder.embed.call0	16x272x1344	0.027277236804366112	0.9980449676513672	0.003913901746273041	0.027277236804366112	0.027277236804366112	0.027277236804366112	0.0	0.0	0.0	0.0	0.0	0.0	1.0	encoder.embed	0	encoder_use	nan	nan	nan	pre_update1001
h2_h16	0	encoder.blocks.0.norm1.call0	16x272x672	0.0	0.0	0.0	0.0	0.0	0.0	0.016806764528155327	3.188117742538452	0.00011965555313508958	1.6119852261908818e-06	0.00013193028280511498	0.0	1.0	encoder.blocks.0.norm1	0	encoder_use	nan	nan	nan	pre_update1001
h2_h16	0	encoder.blocks.0.attn.qkv.call0	16x272x2016	0.0	0.0	0.0	0.0	0.0	0.0	0.011017865501344204	3.8891077041625977	5.389432772062719e-05	1.2848098549511633e-06	7.234047370729968e-05	0.0	1.0	encoder.blocks.0.attn.qkv	0	encoder_use	0.0	0.0	0.0	pre_update1001
h2_h16	0	encoder.blocks.0.attn.proj.call0	16x272x672	0.0	0.0	0.0	0.0	0.0	0.0	0.02753625065088272	9.562291145324707	0.00015652552247047424	1.4963232388254255e-05	0.00014951484627090394	0.0	1.0	encoder.blocks.0.attn.proj	0	encoder_use	0.0	0.0	0.0	pre_update1001
h2_h16	0	encoder.blocks.0.norm2.call0	16x272x672	0.9523218870162964	26.50008201599121	0.10294024646282196	0.9482464790344238	1.0054032802581787	1.0241540670394897	0.011721024289727211	1.4025501012802124	0.021753285080194473	0.002400594064965844	0.01834799163043499	0.03165518119931221	1.0	encoder.blocks.0.norm2	0	encoder_use	nan	nan	nan	pre_update1001
h2_h16	0	encoder.blocks.0.ffn.0.call0	16x272x2688	0.5128195881843567	2.577282428741455	1.2811881303787231	0.511646032333374	0.5449364185333252	0.5744771361351013	0.005108899436891079	0.8958377838134766	0.009686440229415894	0.0010717243421822786	0.007080934941768646	0.0029102556873112917	1.0	encoder.blocks.0.ffn.0	0	encoder_use	868.132568359375	0.6459319591522217	72.7990951538086	pre_update1001
h2_h16	0	encoder.blocks.0.ffn.1.call0	16x272x2688	0.2463526576757431	2.5644500255584717	0.9382575154304504	0.23703618347644806	0.33132028579711914	0.3716324269771576	0.009876066818833351	0.8821702003479004	0.017854945734143257	0.002091294154524803	0.013763855211436749	0.002494929824024439	1.0	encoder.blocks.0.ffn.1	0	encoder_use	nan	nan	nan	pre_update1001
h2_h16	0	encoder.blocks.0.ffn.2.call0	16x272x672	0.8042793869972229	4.599037170410156	2.281649589538574	0.7579709887504578	1.0058916807174683	1.0058916807174683	0.016681397333741188	1.1546032428741455	0.02977915294468403	0.0035480372607707977	0.021583059802651405	0.01438912097364664	1.0	encoder.blocks.0.ffn.2	0	encoder_use	741.9472045898438	0.5520440340042114	11.17293930053711	pre_update1001
h2_h16	0	encoder.blocks.1.norm1.call0	16x272x672	0.9587236046791077	5.13038444519043	2.687429904937744	0.9584423899650574	0.9614951014518738	0.9616509675979614	0.1790531426668167	22.370468139648438	0.46445903182029724	0.013881947845220566	0.5562372207641602	0.1866394281387329	1.0	encoder.blocks.1.norm1	0	encoder_use	nan	nan	nan	pre_update1001
h2_h16	0	encoder.blocks.1.attn.qkv.call0	16x272x2016	0.8360280394554138	4.730323314666748	2.5164220333099365	0.7807011604309082	1.0565142631530762	1.0565142631530762	0.1564423143863678	21.11324119567871	0.29083025455474854	0.012344548478722572	0.4843333065509796	0.1023922711610794	1.0	encoder.blocks.1.attn.qkv	0	encoder_use	28112.275390625	24.15272331237793	492.8782958984375	pre_update1001
h2_h16	0	encoder.blocks.1.attn.proj.call0	16x272x672	0.6020511984825134	4.1766533851623535	1.7059898376464844	0.5568983554840088	0.8032145500183105	1.4635131359100342	0.30351918935775757	32.10281753540039	0.563589334487915	0.06203257665038109	0.4751738905906677	0.18721629679203033	1.0	encoder.blocks.1.attn.proj	0	encoder_use	28286.33203125	42.09275817871094	469.7162170410156	pre_update1001
h2_h16	0	encoder.blocks.1.norm2.call0	16x272x672	0.9834402799606323	4.368199348449707	2.6778979301452637	0.9824585914611816	0.9867042899131775	0.9868693351745605	0.0841747298836708	7.61087703704834	0.20108409225940704	0.005047840066254139	0.23060822486877441	0.08990289270877838	1.0	encoder.blocks.1.norm2	0	encoder_use	nan	nan	nan	pre_update1001
h2_h16	0	encoder.blocks.1.ffn.0.call0	16x272x2688	1.1048647165298462	4.50275993347168	2.668504476547241	1.0757460594177246	1.3323076963424683	1.3843958377838135	0.05623992532491684	11.951534271240234	0.10948877036571503	0.004039932042360306	0.1722951978445053	0.05188792198896408	1.0	encoder.blocks.1.ffn.0	0	encoder_use	17966.716796875	13.36809253692627	292.1710510253906	pre_update1001
h2_h16	0	encoder.blocks.1.ffn.1.call0	16x272x2688	0.31481319665908813	3.494900703430176	1.4437710046768188	0.30750396847724915	0.43782731890678406	0.8002822399139404	0.11681830137968063	14.096320152282715	0.3061884641647339	0.009498970583081245	0.3494393527507782	0.04412020742893219	1.0	encoder.blocks.1.ffn.1	0	encoder_use	nan	nan	nan	pre_update1001
h2_h16	0	encoder.blocks.1.ffn.2.call0	16x272x672	0.6202031373977661	5.916606903076172	1.7984265089035034	0.593193531036377	0.9399400949478149	1.8497477769851685	0.2066619098186493	25.536287307739258	0.5402306318283081	0.01736457832157612	0.6080458760261536	0.15042464435100555	1.0	encoder.blocks.1.ffn.2	0	encoder_use	26255.46875	19.53531837463379	447.4017333984375	pre_update1001
h2_h16	0	encoder.blocks.1.norm2.call1	16x256x672	0.9834302067756653	4.368199348449707	2.6771905422210693	0.9824472665786743	0.9867048263549805	0.9868693351745605	0.08675894141197205	7.610877513885498	0.21061484515666962	0.005692131817340851	0.24846769869327545	0.09266385436058044	1.0	encoder.blocks.1.norm2	1	inverse_decoder_prefix	nan	nan	nan	pre_update1001
h2_h16	0	encoder.blocks.1.ffn.0.call1	16x256x2688	1.1047881841659546	4.50275993347168	2.669064998626709	1.0755047798156738	1.3325716257095337	1.3843958377838135	0.05796894431114197	11.951534271240234	0.11490976810455322	0.004531914368271828	0.17639467120170593	0.053483132272958755	1.0	encoder.blocks.1.ffn.0	1	inverse_decoder_prefix	17965.30078125	13.367040634155273	292.1073913574219	pre_update1001
h2_h16	0	encoder.blocks.1.ffn.1.call1	16x256x2688	0.3152342140674591	3.494900703430176	1.445884346961975	0.30752241611480713	0.43797600269317627	0.8002822399139404	0.12041079252958298	14.096319198608398	0.3198333978652954	0.010811500251293182	0.3531666100025177	0.04547661915421486	1.0	encoder.blocks.1.ffn.1	1	inverse_decoder_prefix	nan	nan	nan	pre_update1001
h2_h16	0	encoder.blocks.1.ffn.2.call1	16x256x672	0.621289074420929	5.916606903076172	1.801581621170044	0.5934653878211975	0.941795825958252	1.8497477769851685	0.213018998503685	25.53628921508789	0.5634511709213257	0.019459661096334457	0.645392119884491	0.15505348145961761	1.0	encoder.blocks.1.ffn.2	1	inverse_decoder_prefix	26254.966796875	19.53494644165039	447.3116455078125	pre_update1001
h2_h16	0	encoder.blocks.1.norm2.call2	16x16x16x672	0.9859708547592163	7.470526218414307	2.8414716720581055	0.9859167337417603	0.9870730638504028	0.9875959753990173	4.930500949740235e-07	1.4809231288381852e-05	1.8186908619099995e-06	3.101329184573842e-07	1.6514408116563573e-06	4.918570652989729e-07	1.0	encoder.blocks.1.norm2	2	inverse_decoder_branch	nan	nan	nan	pre_update1001
h2_h16	0	encoder.blocks.1.ffn.0.call2	16x16x16x2688	1.0795954465866089	5.379472732543945	3.330986261367798	1.0774391889572144	1.1529227495193481	1.172810673713684	3.7074258329994336e-07	2.0425693946890533e-05	1.4170835811455618e-06	2.3680054539454432e-07	1.2144175798312062e-06	4.0711617543820466e-07	1.0	encoder.blocks.1.ffn.0	2	inverse_decoder_branch	0.06855377554893494	5.10072750330437e-05	0.001527588814496994	pre_update1001
h2_h16	0	encoder.blocks.1.ffn.1.call2	16x16x16x2688	0.7126989364624023	5.379472732543945	2.476699113845825	0.6849088668823242	0.9408680200576782	0.9682960510253906	5.22651816936559e-07	2.2647482182946987e-05	1.8868555571316392e-06	3.3105791885645885e-07	1.6549640804441879e-06	3.5097929185212706e-07	1.0	encoder.blocks.1.ffn.1	2	inverse_decoder_branch	nan	nan	nan	pre_update1001
h2_h16	0	encoder.blocks.1.ffn.2.call2	16x16x16x672	3.194114923477173	26.107280731201172	14.943115234375	3.040870428085327	3.735097885131836	3.8735251426696777	9.622954166843556e-07	4.99710877193138e-05	3.4535387385403737e-06	6.089566113587352e-07	2.961101699838764e-06	3.0723658710485324e-06	1.0	encoder.blocks.1.ffn.2	2	inverse_decoder_branch	0.11939965188503265	8.883902046363801e-05	0.0017999946139752865	pre_update1001
h2_h16	0	encoder.blocks.1.norm1.call1	16x256x672	0.958723247051239	5.130384922027588	2.687429904937744	0.9584423899650574	0.9614951014518738	0.9616509675979614	0.18458302319049835	22.37043571472168	0.48463723063468933	0.015755971893668175	0.562201976776123	0.19240432977676392	1.0	encoder.blocks.1.norm1	1	inverse_decoder_prefix	nan	nan	nan	pre_update1001
h2_h16	0	encoder.blocks.1.norm1.call2	16x16x16x672	0.9621489644050598	6.688129901885986	4.685690402984619	0.9617334604263306	0.9639965891838074	0.9644788503646851	3.2273608212562976e-06	6.758154631825164e-05	1.1986784556938801e-05	2.152437900804216e-06	1.0210465006821323e-05	3.2996276786434464e-06	1.0	encoder.blocks.1.norm1	2	inverse_decoder_branch	nan	nan	nan	pre_update1001
h2_h16	0	encoder.blocks.1.attn.qkv.call1	16x256x2016	0.8357750177383423	4.730323791503906	2.5164220333099365	0.7807011008262634	1.0565142631530762	1.0565142631530762	0.16126367449760437	21.113256454467773	0.3041822910308838	0.013877106830477715	0.4882630407810211	0.10555335134267807	1.0	encoder.blocks.1.attn.qkv	1	inverse_decoder_prefix_self	28117.357421875	24.157089233398438	492.8887939453125	pre_update1001
h2_h16	0	encoder.blocks.1.attn.proj.call1	16x256x672	0.6014488339424133	4.176652908325195	1.7053396701812744	0.5554084777832031	0.8042111396789551	1.4635131359100342	0.3128584027290344	32.102813720703125	0.5797576308250427	0.06577853113412857	0.49525439739227295	0.19298122823238373	1.0	encoder.blocks.1.attn.proj	1	inverse_decoder_prefix_self	28286.71484375	42.093326568603516	469.6826171875	pre_update1001
h2_h16	0	encoder.blocks.1.attn.qkv.call2	16x256x2016	0.8357750177383423	4.730323791503906	2.5164220333099365	0.7807011008262634	1.0565142631530762	1.0565142631530762	3.4553365821921034e-06	0.00022253858332987875	1.4859580915072002e-05	2.248963028250728e-06	9.353864697914105e-06	2.1036814814578975e-06	1.0	encoder.blocks.1.attn.qkv	2	inverse_decoder_prefix_branch_kv	1.0767922401428223	0.0009251284063793719	0.022355912253260612	pre_update1001
h2_h16	0	encoder.blocks.1.attn.qkv.call3	16x16x16x2016	0.497609406709671	3.0712807178497314	1.6235932111740112	0.49256330728530884	0.5464471578598022	0.5861696004867554	5.0597723202372435e-06	0.00018336274661123753	2.1444790036184713e-05	2.6716743377619423e-06	1.7526073861517943e-05	1.7025166698658722e-06	1.0	encoder.blocks.1.attn.qkv	3	inverse_decoder_branch	1.0321147441864014	0.0008867436554282904	0.03322771564126015	pre_update1001
h2_h16	0	encoder.blocks.1.attn.proj.call2	16x16x16x672	0.4141714870929718	1.588841438293457	1.1070702075958252	0.4248315989971161	0.5057300329208374	0.5580045580863953	0.00015047704800963402	0.004174830392003059	0.00018063189054373652	0.00015894226089585572	0.0001671912323217839	7.106640259735286e-05	1.0	encoder.blocks.1.attn.proj	2	inverse_decoder_branch	2.484558343887329	0.003697259584441781	0.20535331964492798	pre_update1001
h2_h16	0	encoder.blocks.0.norm2.call1	16x256x672	0.952406108379364	26.500083923339844	0.10293887555599213	0.9482464790344238	1.0054577589035034	1.0241541862487793	0.012117298319935799	1.4025514125823975	0.022379130125045776	0.002543420996516943	0.019108502194285393	0.03216557204723358	1.0	encoder.blocks.0.norm2	1	inverse_decoder_prefix	nan	nan	nan	pre_update1001
h2_h16	0	encoder.blocks.0.ffn.0.call1	16x256x2688	0.5128344297409058	2.5772864818573	1.2811905145645142	0.5116457343101501	0.5449366569519043	0.5744772553443909	0.005272017326205969	0.8958549499511719	0.009980842471122742	0.0011467402800917625	0.007277844939380884	0.003010461339727044	1.0	encoder.blocks.0.ffn.0	1	inverse_decoder_prefix	870.2198486328125	0.6474850177764893	72.8036880493164	pre_update1001
h2_h16	0	encoder.blocks.0.ffn.1.call1	16x256x2688	0.2465158998966217	2.5644543170928955	0.939486563205719	0.2370360642671585	0.3313204348087311	0.37163302302360535	0.010191780515015125	0.8821757435798645	0.01832563616335392	0.00224693538621068	0.013869843445718288	0.002580263651907444	1.0	encoder.blocks.0.ffn.1	1	inverse_decoder_prefix	nan	nan	nan	pre_update1001
h2_h16	0	encoder.blocks.0.ffn.2.call1	16x256x672	0.8042367696762085	4.599072456359863	2.2816524505615234	0.7579714059829712	1.0058937072753906	1.005895733833313	0.017190616577863693	1.1239509582519531	0.030558638274669647	0.003832926508039236	0.021665068343281746	0.014844018965959549	1.0	encoder.blocks.0.ffn.2	1	inverse_decoder_prefix	742.1454467773438	0.5521915555000305	11.179113388061523	pre_update1001
h2_h16	0	encoder.blocks.0.norm2.call2	16x16x16x672	1.0020976066589355	7.883666515350342	2.625061273574829	1.0023193359375	1.0028408765792847	1.0042871236801147	8.281554109146327e-09	9.159956562143634e-07	7.845718741350538e-09	6.080369541194841e-11	1.2494710155408484e-08	1.0344678003093577e-08	1.0	encoder.blocks.0.norm2	2	inverse_decoder_branch	nan	nan	nan	pre_update1001
h2_h16	0	encoder.blocks.0.ffn.0.call2	16x16x16x2688	1.4548673629760742	5.559119701385498	3.5196666717529297	1.4461983442306519	1.5425004959106445	1.674796223640442	2.679177102393737e-09	6.887530048516055e-07	1.028029106286965e-09	1.4118720081945924e-11	4.80385420331686e-09	2.910982344062063e-09	1.0	encoder.blocks.0.ffn.0	2	inverse_decoder_branch	0.0002739822375588119	2.0385583354709524e-07	4.831186743103899e-06	pre_update1001
h2_h16	0	encoder.blocks.0.ffn.1.call2	16x16x16x2688	0.7127648591995239	4.578168869018555	2.7477948665618896	0.7391797304153442	0.8912412524223328	1.0254509449005127	5.387450041638431e-09	9.223625738741248e-07	5.103280020790635e-09	2.0747696963252515e-11	9.132224754182516e-09	2.570253787581578e-09	1.0	encoder.blocks.0.ffn.1	2	inverse_decoder_branch	nan	nan	nan	pre_update1001
h2_h16	0	encoder.blocks.0.ffn.2.call2	16x16x16x672	1.9225749969482422	11.153112411499023	6.001445770263672	2.024838924407959	2.517996311187744	2.951211929321289	7.828862891301469e-09	9.923854804583243e-07	7.830988302259811e-09	3.123330760690379e-11	1.2763431200824016e-08	6.9579586536860916e-09	1.0	encoder.blocks.0.ffn.2	2	inverse_decoder_branch	0.00035068983561359346	2.6092993721249513e-07	3.6602668842533603e-06	pre_update1001
h2_h16	0	encoder.blocks.0.norm1.call1	16x256x672	0.002774536143988371	0.04257754236459732	0.008243012242019176	0.0025256224907934666	0.0054865190759301186	0.009748026728630066	1.7269321688218042e-05	0.0011252238182350993	3.070488673984073e-05	3.851941983157303e-06	2.1772006220999174e-05	4.453294621953319e-08	1.0	encoder.blocks.0.norm1	1	inverse_decoder_prefix	nan	nan	nan	pre_update1001
h2_h16	0	encoder.blocks.0.norm1.call2	16x16x16x672	0.9940113425254822	7.0722432136535645	3.8777518272399902	0.9942514896392822	0.9950708746910095	0.9958459734916687	2.0359491870181046e-08	2.275069618917769e-06	3.089132860623067e-08	1.1416404627206944e-10	5.565994953826703e-08	1.776666458397358e-08	1.0	encoder.blocks.0.norm1	2	inverse_decoder_branch	nan	nan	nan	pre_update1001
h2_h16	0	encoder.blocks.0.attn.qkv.call1	16x256x2016	0.0019179547671228647	0.021087978035211563	0.0058952332474291325	0.001652768813073635	0.0040042647160589695	0.007099937181919813	0.0	0.0	0.0	0.0	0.0	0.0	1.0	encoder.blocks.0.attn.qkv	1	inverse_decoder_prefix_self	nan	nan	nan	pre_update1001
h2_h16	0	encoder.blocks.0.attn.proj.call1	16x256x672	0.0002857877698261291	0.011041495949029922	0.0010077384067699313	0.00022120799985714257	0.000883076514583081	0.00273065734654665	0.0	0.0	0.0	0.0	0.0	0.0	1.0	encoder.blocks.0.attn.proj	1	inverse_decoder_prefix_self	nan	nan	nan	pre_update1001
h2_h16	0	encoder.blocks.0.attn.qkv.call2	16x256x2016	0.0019179547671228647	0.021087978035211563	0.0058952332474291325	0.001652768813073635	0.0040042647160589695	0.007099937181919813	1.1252557669649832e-05	0.0012604162329807878	2.2324245946947485e-05	2.528777713450836e-06	1.4504453247354832e-05	1.697582519000207e-08	1.0	encoder.blocks.0.attn.qkv	2	inverse_decoder_prefix_branch_kv	0.0025828597135841846	2.219069756392855e-06	4.258768240106292e-05	pre_update1001
h2_h16	0	encoder.blocks.0.attn.qkv.call3	16x16x16x2016	1.3502492904663086	4.795168399810791	3.4380686283111572	1.407941222190857	1.5856744050979614	1.595194697380066	1.070692956517405e-08	3.1679396670369897e-06	1.211934108624746e-09	5.685680398714865e-11	2.870153892331473e-08	1.0645605286185855e-08	1.0	encoder.blocks.0.attn.qkv	3	inverse_decoder_branch	0.0009739421657286584	8.36764513678645e-07	2.9091524993418716e-05	pre_update1001
h2_h16	0	encoder.blocks.0.attn.proj.call2	16x16x16x672	0.0004062385705765337	0.03250467777252197	0.0013976498739793897	0.00021958001889288425	0.0010733073577284813	0.011084421537816525	0.00015047704800963402	0.0041748289950191975	0.00018063194875139743	0.00015894227544777095	0.00016719121776986867	1.1969163438152464e-07	1.0	encoder.blocks.0.attn.proj	2	inverse_decoder_branch	0.0030981977470219135	4.610413270711433e-06	0.0001666228927206248	pre_update1001
total	0	encoder.embed.call0	16x272x1344	0.027277236804366112	0.9980449676513672	0.003913901746273041	0.027277236804366112	0.027277236804366112	0.027277236804366112	0.0	0.0	0.0	0.0	0.0	0.0	1.0	encoder.embed	0	encoder_use	nan	nan	nan	pre_update1001
total	0	encoder.blocks.0.norm1.call0	16x272x672	0.0	0.0	0.0	0.0	0.0	0.0	0.01575651206076145	2.9886128902435303	0.00018870146595872939	2.5931526579370257e-06	0.00022309824998956174	0.0	1.0	encoder.blocks.0.norm1	0	encoder_use	nan	nan	nan	pre_update1001
total	0	encoder.blocks.0.attn.qkv.call0	16x272x2016	0.0	0.0	0.0	0.0	0.0	0.0	0.010329808108508587	3.646487236022949	6.869426579214633e-05	1.6782881857579923e-06	0.0001176715741166845	0.0	1.0	encoder.blocks.0.attn.qkv	0	encoder_use	0.0	0.0	0.0	pre_update1001
total	0	encoder.blocks.0.attn.proj.call0	16x272x672	0.0	0.0	0.0	0.0	0.0	0.0	0.02581724151968956	8.965901374816895	0.00031064730137586594	1.6753301679273136e-05	0.0003182420623488724	0.0	1.0	encoder.blocks.0.attn.proj	0	encoder_use	0.0	0.0	0.0	pre_update1001
total	0	encoder.blocks.0.norm2.call0	16x272x672	0.9523218870162964	26.50008201599121	0.10294024646282196	0.9482464790344238	1.0054032802581787	1.0241540670394897	0.011746874079108238	1.4072226285934448	0.021250959485769272	0.002270197030156851	0.018795890733599663	0.032635606825351715	1.0	encoder.blocks.0.norm2	0	encoder_use	nan	nan	nan	pre_update1001
total	0	encoder.blocks.0.ffn.0.call0	16x272x2688	0.5128195881843567	2.577282428741455	1.2811881303787231	0.511646032333374	0.5449364185333252	0.5744771361351013	0.005038328468799591	0.7599572539329529	0.009409439750015736	0.0010224513243883848	0.00674127321690321	0.0028624595142900944	1.0	encoder.blocks.0.ffn.0	0	encoder_use	907.6956787109375	0.6753688454627991	79.60247802734375	pre_update1001
total	0	encoder.blocks.0.ffn.1.call0	16x272x2688	0.2463526576757431	2.5644500255584717	0.9382575154304504	0.23703618347644806	0.33132028579711914	0.3716324269771576	0.00975112710148096	0.8708111643791199	0.01726071909070015	0.0019838851876556873	0.01352650672197342	0.002456206362694502	1.0	encoder.blocks.0.ffn.1	0	encoder_use	nan	nan	nan	pre_update1001
total	0	encoder.blocks.0.ffn.2.call0	16x272x672	0.8042793869972229	4.599037170410156	2.281649589538574	0.7579709887504578	1.0058916807174683	1.0058916807174683	0.016462432220578194	1.1975507736206055	0.02863570675253868	0.0033866839949041605	0.020484622567892075	0.014271380379796028	1.0	encoder.blocks.0.ffn.2	0	encoder_use	781.8058471679688	0.5817008018493652	10.920832633972168	pre_update1001
total	0	encoder.blocks.1.norm1.call0	16x272x672	0.9587236046791077	5.13038444519043	2.687429904937744	0.9584423899650574	0.9614951014518738	0.9616509675979614	0.17782354354858398	22.96866798400879	0.4546961784362793	0.013828402385115623	0.5109051465988159	0.18542958796024323	1.0	encoder.blocks.1.norm1	0	encoder_use	nan	nan	nan	pre_update1001
total	0	encoder.blocks.1.attn.qkv.call0	16x272x2016	0.8360280394554138	4.730323314666748	2.5164220333099365	0.7807011604309082	1.0565142631530762	1.0565142631530762	0.1563471555709839	21.414018630981445	0.2848765552043915	0.012069335207343102	0.4765925705432892	0.10201209038496017	1.0	encoder.blocks.1.attn.qkv	0	encoder_use	29463.3828125	25.31352996826172	487.66339111328125	pre_update1001
total	0	encoder.blocks.1.attn.proj.call0	16x272x672	0.6020511984825134	4.1766533851623535	1.7059898376464844	0.5568983554840088	0.8032145500183105	1.4635131359100342	0.3044596016407013	32.32378387451172	0.550167441368103	0.05886678025126457	0.48690807819366455	0.18771663308143616	1.0	encoder.blocks.1.attn.proj	0	encoder_use	30103.26171875	44.7965202331543	477.7685546875	pre_update1001
total	0	encoder.blocks.1.norm2.call0	16x272x672	0.9834402799606323	4.368199348449707	2.6778979301452637	0.9824585914611816	0.9867042899131775	0.9868693351745605	0.08274641633033752	7.549911022186279	0.196047842502594	0.004944914951920509	0.24049049615859985	0.08836085349321365	1.0	encoder.blocks.1.norm2	0	encoder_use	nan	nan	nan	pre_update1001
total	0	encoder.blocks.1.ffn.0.call0	16x272x2688	1.1048647165298462	4.50275993347168	2.668504476547241	1.0757460594177246	1.3323076963424683	1.3843958377838135	0.0557214617729187	12.204063415527344	0.10781674832105637	0.003934906329959631	0.16627711057662964	0.05128172039985657	1.0	encoder.blocks.1.ffn.0	0	encoder_use	19092.212890625	14.205514907836914	318.4843444824219	pre_update1001
total	0	encoder.blocks.1.ffn.1.call0	16x272x2688	0.31481319665908813	3.494900703430176	1.4437710046768188	0.30750396847724915	0.43782731890678406	0.8002822399139404	0.11571589857339859	14.321921348571777	0.2987595200538635	0.009458067826926708	0.3538222908973694	0.04361190274357796	1.0	encoder.blocks.1.ffn.1	0	encoder_use	nan	nan	nan	pre_update1001
total	0	encoder.blocks.1.ffn.2.call0	16x272x672	0.6202031373977661	5.916606903076172	1.7984265089035034	0.593193531036377	0.9399400949478149	1.8497477769851685	0.20562002062797546	26.17319679260254	0.5273792743682861	0.01715509593486786	0.6036399006843567	0.15158827602863312	1.0	encoder.blocks.1.ffn.2	0	encoder_use	27760.544921875	20.655166625976562	514.0018920898438	pre_update1001
total	0	encoder.blocks.1.norm2.call1	16x256x672	0.9834302067756653	4.368199348449707	2.6771905422210693	0.9824472665786743	0.9867048263549805	0.9868693351745605	0.08528424054384232	7.549915313720703	0.20492853224277496	0.0056055402383208275	0.2517834007740021	0.09107206016778946	1.0	encoder.blocks.1.norm2	1	inverse_decoder_prefix	nan	nan	nan	pre_update1001
total	0	encoder.blocks.1.ffn.0.call1	16x256x2688	1.1047881841659546	4.50275993347168	2.669064998626709	1.0755047798156738	1.3325716257095337	1.3843958377838135	0.057433754205703735	12.204065322875977	0.113117516040802	0.004460579715669155	0.1733616292476654	0.052857521921396255	1.0	encoder.blocks.1.ffn.0	1	inverse_decoder_prefix	19090.822265625	14.20448112487793	318.425537109375	pre_update1001
total	0	encoder.blocks.1.ffn.1.call1	16x256x2688	0.3152342140674591	3.494900703430176	1.445884346961975	0.30752241611480713	0.43797600269317627	0.8002822399139404	0.119273342192173	14.321917533874512	0.3122013807296753	0.010548099875450134	0.36801135540008545	0.04495207220315933	1.0	encoder.blocks.1.ffn.1	1	inverse_decoder_prefix	nan	nan	nan	pre_update1001
total	0	encoder.blocks.1.ffn.2.call1	16x256x672	0.621289074420929	5.916606903076172	1.801581621170044	0.5934653878211975	0.941795825958252	1.8497477769851685	0.2119436264038086	26.173208236694336	0.5508878231048584	0.019122950732707977	0.64325350522995	0.1562519073486328	1.0	encoder.blocks.1.ffn.2	1	inverse_decoder_prefix	27759.9921875	20.654756546020508	513.9164428710938	pre_update1001
total	0	encoder.blocks.1.norm2.call2	16x16x16x672	0.9859708547592163	7.470526218414307	2.8414716720581055	0.9859167337417603	0.9870730638504028	0.9875959753990173	4.922667358187027e-07	1.388366217724979e-05	1.8144785371987382e-06	2.9940525791971595e-07	1.7021005760398111e-06	4.903510557596746e-07	1.0	encoder.blocks.1.norm2	2	inverse_decoder_branch	nan	nan	nan	pre_update1001
total	0	encoder.blocks.1.ffn.0.call2	16x16x16x2688	1.0795954465866089	5.379472732543945	3.330986261367798	1.0774391889572144	1.1529227495193481	1.172810673713684	3.6846995499217883e-07	1.914910535560921e-05	1.402128191330121e-06	2.2743554950466205e-07	1.2132314850532566e-06	4.114961313916865e-07	1.0	encoder.blocks.1.ffn.0	2	inverse_decoder_branch	0.06899385154247284	5.133471131557599e-05	0.0015509793302044272	pre_update1001
total	0	encoder.blocks.1.ffn.1.call2	16x16x16x2688	0.7126989364624023	5.379472732543945	2.476699113845825	0.6849088668823242	0.9408680200576782	0.9682960510253906	5.174233024263231e-07	2.1232048311503604e-05	1.8720774050962063e-06	3.1686303714195674e-07	1.6078028011179413e-06	3.556785941327689e-07	1.0	encoder.blocks.1.ffn.1	2	inverse_decoder_branch	nan	nan	nan	pre_update1001
total	0	encoder.blocks.1.ffn.2.call2	16x16x16x672	3.194114923477173	26.107280731201172	14.943115234375	3.040870428085327	3.735097885131836	3.8735251426696777	9.523780022391293e-07	4.684788655140437e-05	3.419377890168107e-06	5.837156891175255e-07	2.9661882763321046e-06	3.103680683125276e-06	1.0	encoder.blocks.1.ffn.2	2	inverse_decoder_branch	0.12184220552444458	9.065640188055113e-05	0.001749740680679679	pre_update1001
total	0	encoder.blocks.1.norm1.call1	16x256x672	0.958723247051239	5.130384922027588	2.687429904937744	0.9584423899650574	0.9614951014518738	0.9616509675979614	0.18332599103450775	22.968669891357422	0.4744759500026703	0.015399351716041565	0.5632815957069397	0.19116662442684174	1.0	encoder.blocks.1.norm1	1	inverse_decoder_prefix	nan	nan	nan	pre_update1001
total	0	encoder.blocks.1.norm1.call2	16x16x16x672	0.9621489644050598	6.688129901885986	4.685690402984619	0.9617334604263306	0.9639965891838074	0.9644788503646851	3.286569835836417e-06	0.00013087663683108985	1.198890822706744e-05	2.086956783386995e-06	1.0253705113427714e-05	3.3848878047137987e-06	1.0	encoder.blocks.1.norm1	2	inverse_decoder_branch	nan	nan	nan	pre_update1001
total	0	encoder.blocks.1.attn.qkv.call1	16x256x2016	0.8357750177383423	4.730323791503906	2.5164220333099365	0.7807011008262634	1.0565142631530762	1.0565142631530762	0.1611684411764145	21.414012908935547	0.2978745698928833	0.013413749635219574	0.499891072511673	0.1051623672246933	1.0	encoder.blocks.1.attn.qkv	1	inverse_decoder_prefix_self	29468.08984375	25.31757354736328	487.6834716796875	pre_update1001
total	0	encoder.blocks.1.attn.proj.call1	16x256x672	0.6014488339424133	4.176652908325195	1.7053396701812744	0.5554084777832031	0.8042111396789551	1.4635131359100342	0.31382977962493896	32.32377243041992	0.5663158893585205	0.06267201900482178	0.5105244517326355	0.19349558651447296	1.0	encoder.blocks.1.attn.proj	1	inverse_decoder_prefix_self	30103.64453125	44.797088623046875	477.74688720703125	pre_update1001
total	0	encoder.blocks.1.attn.qkv.call2	16x256x2016	0.8357750177383423	4.730323791503906	2.5164220333099365	0.7807011008262634	1.0565142631530762	1.0565142631530762	3.4576157759147463e-06	0.00021883963199798018	1.4821735021541826e-05	2.218973804701818e-06	9.330420652986504e-06	2.1057323920103954e-06	1.0	encoder.blocks.1.attn.qkv	2	inverse_decoder_prefix_branch_kv	1.1399489641189575	0.0009793896460905671	0.026104411110281944	pre_update1001
total	0	encoder.blocks.1.attn.qkv.call3	16x16x16x2016	0.497609406709671	3.0712807178497314	1.6235932111740112	0.49256330728530884	0.5464471578598022	0.5861696004867554	5.237251571088564e-06	0.00038077501812949777	2.120438148267567e-05	2.571172672105604e-06	1.7090380424633622e-05	1.772166228874994e-06	1.0	encoder.blocks.1.attn.qkv	3	inverse_decoder_branch	1.0098330974578857	0.0008676003199070692	0.032881300896406174	pre_update1001
total	0	encoder.blocks.1.attn.proj.call2	16x16x16x672	0.4141714870929718	1.588841438293457	1.1070702075958252	0.4248315989971161	0.5057300329208374	0.5580045580863953	0.0001454296725569293	0.003913902677595615	0.00017542611749377102	0.0001495092292316258	0.0001618836831767112	6.873284291941673e-05	1.0	encoder.blocks.1.attn.proj	2	inverse_decoder_branch	2.647152900695801	0.003939215559512377	0.1949109137058258	pre_update1001
total	0	encoder.blocks.0.norm2.call1	16x256x672	0.952406108379364	26.500083923339844	0.10293887555599213	0.9482464790344238	1.0054577589035034	1.0241541862487793	0.012156866490840912	1.4072661399841309	0.021885480731725693	0.0024241218343377113	0.019704539328813553	0.03331652656197548	1.0	encoder.blocks.0.norm2	1	inverse_decoder_prefix	nan	nan	nan	pre_update1001
total	0	encoder.blocks.0.ffn.0.call1	16x256x2688	0.5128344297409058	2.5772864818573	1.2811905145645142	0.5116457343101501	0.5449366569519043	0.5744772553443909	0.005204417277127504	0.7599653005599976	0.009692872874438763	0.0011022272519767284	0.006786469370126724	0.002964463084936142	1.0	encoder.blocks.0.ffn.0	1	inverse_decoder_prefix	909.8931884765625	0.6770038604736328	79.6080322265625	pre_update1001
total	0	encoder.blocks.0.ffn.1.call1	16x256x2688	0.2465158998966217	2.5644543170928955	0.939486563205719	0.2370360642671585	0.3313204348087311	0.37163302302360535	0.010072839446365833	0.8708427548408508	0.017740972340106964	0.0022035108413547277	0.013648767955601215	0.0025430277455598116	1.0	encoder.blocks.0.ffn.1	1	inverse_decoder_prefix	nan	nan	nan	pre_update1001
total	0	encoder.blocks.0.ffn.2.call1	16x256x672	0.8042367696762085	4.599072456359863	2.2816524505615234	0.7579714059829712	1.0058937072753906	1.005895733833313	0.016972001641988754	1.19756281375885	0.02940765954554081	0.0037497414741665125	0.020593658089637756	0.014725280925631523	1.0	encoder.blocks.0.ffn.2	1	inverse_decoder_prefix	782.1049194335938	0.5819233059883118	10.926864624023438	pre_update1001
total	0	encoder.blocks.0.norm2.call2	16x16x16x672	1.0020976066589355	7.883666515350342	2.625061273574829	1.0023193359375	1.0028408765792847	1.0042871236801147	9.342810969314996e-09	1.0052725656350958e-06	8.479983826248372e-09	6.178935835210453e-11	1.3889277283851698e-08	1.1342621952792342e-08	1.0	encoder.blocks.0.norm2	2	inverse_decoder_branch	nan	nan	nan	pre_update1001
total	0	encoder.blocks.0.ffn.0.call2	16x16x16x2688	1.4548673629760742	5.559119701385498	3.5196666717529297	1.4461983442306519	1.5425004959106445	1.674796223640442	3.336334319925527e-09	9.71007239058963e-07	1.1530766341749654e-09	1.4107997756140911e-11	4.7998085506151256e-09	3.2938278771155183e-09	1.0	encoder.blocks.0.ffn.0	2	inverse_decoder_branch	0.00043281709076836705	3.2203652722273546e-07	8.520053597749211e-06	pre_update1001
total	0	encoder.blocks.0.ffn.1.call2	16x16x16x2688	0.7127648591995239	4.578168869018555	2.7477948665618896	0.7391797304153442	0.8912412524223328	1.0254509449005127	6.953754017047231e-09	1.2256276704647462e-06	5.3069069139155545e-09	2.057894826767992e-11	8.600282264126236e-09	2.86103984947772e-09	1.0	encoder.blocks.0.ffn.1	2	inverse_decoder_branch	nan	nan	nan	pre_update1001
total	0	encoder.blocks.0.ffn.2.call2	16x16x16x672	1.9225749969482422	11.153112411499023	6.001445770263672	2.024838924407959	2.517996311187744	2.951211929321289	1.007274352815557e-08	1.2120488008804386e-06	8.125122796798223e-09	3.082606392368348e-11	1.2493059031726261e-08	7.8002173609093e-09	1.0	encoder.blocks.0.ffn.2	2	inverse_decoder_branch	0.000468652811832726	3.487000128643558e-07	5.879098353034351e-06	pre_update1001
total	0	encoder.blocks.0.norm1.call1	16x256x672	0.002774536143988371	0.04257754236459732	0.008243012242019176	0.0025256224907934666	0.0054865190759301186	0.009748026728630066	1.7049393136403523e-05	0.0012054286198690534	2.952239810838364e-05	3.768280294025317e-06	2.0689427401521243e-05	4.35000515608408e-08	1.0	encoder.blocks.0.norm1	1	inverse_decoder_prefix	nan	nan	nan	pre_update1001
total	0	encoder.blocks.0.norm1.call2	16x16x16x672	0.9940113425254822	7.0722432136535645	3.8777518272399902	0.9942514896392822	0.9950708746910095	0.9958459734916687	2.57422225757864e-08	2.743218374234857e-06	3.264796077928622e-08	1.1294014334861657e-10	5.49033423169476e-08	2.339135818374416e-08	1.0	encoder.blocks.0.norm1	2	inverse_decoder_branch	nan	nan	nan	pre_update1001
total	0	encoder.blocks.0.attn.qkv.call1	16x256x2016	0.0019179547671228647	0.021087978035211563	0.0058952332474291325	0.001652768813073635	0.0040042647160589695	0.007099937181919813	0.0	0.0	0.0	0.0	0.0	0.0	1.0	encoder.blocks.0.attn.qkv	1	inverse_decoder_prefix_self	nan	nan	nan	pre_update1001
total	0	encoder.blocks.0.attn.proj.call1	16x256x672	0.0002857877698261291	0.011041495949029922	0.0010077384067699313	0.00022120799985714257	0.000883076514583081	0.00273065734654665	0.0	0.0	0.0	0.0	0.0	0.0	1.0	encoder.blocks.0.attn.proj	1	inverse_decoder_prefix_self	nan	nan	nan	pre_update1001
total	0	encoder.blocks.0.attn.qkv.call2	16x256x2016	0.0019179547671228647	0.021087978035211563	0.0058952332474291325	0.001652768813073635	0.0040042647160589695	0.007099937181919813	1.1068002095271368e-05	0.0013592072064056993	2.1677053155144677e-05	2.426590071991086e-06	1.3313834642758593e-05	1.6447202710878628e-08	1.0	encoder.blocks.0.attn.qkv	2	inverse_decoder_prefix_branch_kv	0.002611698815599084	2.243846665805904e-06	4.463156801648438e-05	pre_update1001
total	0	encoder.blocks.0.attn.qkv.call3	16x16x16x2016	1.3502492904663086	4.795168399810791	3.4380686283111572	1.407941222190857	1.5856744050979614	1.595194697380066	1.3417860600384302e-08	2.952864633698482e-06	1.4121060987193346e-09	5.503570862930296e-11	2.832360301852077e-08	1.266123739185332e-08	1.0	encoder.blocks.0.attn.qkv	3	inverse_decoder_branch	0.0011854128679260612	1.0184500069954083e-06	3.6836296203546226e-05	pre_update1001
total	0	encoder.blocks.0.attn.proj.call2	16x16x16x672	0.0004062385705765337	0.03250467777252197	0.0013976498739793897	0.00021958001889288425	0.0010733073577284813	0.011084421537816525	0.00014542968710884452	0.003913902211934328	0.00017542624846100807	0.0001495092292316258	0.0001618836831767112	1.3852640279310435e-07	1.0	encoder.blocks.0.attn.proj	2	inverse_decoder_branch	0.003462407272309065	5.1523916226869915e-06	0.00020353062427602708	pre_update1001
h1	0	encoder.embed.call0	16x272x1344	0.027277236804366112	0.9980449676513672	0.003913901746273041	0.027277236804366112	0.027277236804366112	0.027277236804366112	0.0	0.0	0.0	0.0	0.0	0.0	1.0	encoder.embed	0	encoder_use	nan	nan	nan	post_update1001
h1	0	encoder.blocks.0.norm1.call0	16x272x672	0.0	0.0	0.0	0.0	0.0	0.0	0.0004891138523817062	0.044023483991622925	0.0013100702781230211	2.673260314622894e-05	0.001401787274517119	0.0	1.0	encoder.blocks.0.norm1	0	encoder_use	nan	nan	nan	post_update1001
h1	0	encoder.blocks.0.attn.qkv.call0	16x272x2016	0.0	0.0	0.0	0.0	0.0	0.0	0.00027812065673060715	0.04420265927910805	0.0005437486106529832	1.7377042240696028e-05	0.0007485545938834548	0.0	1.0	encoder.blocks.0.attn.qkv	0	encoder_use	0.0	0.0	0.0	post_update1001
h1	0	encoder.blocks.0.attn.proj.call0	16x272x672	0.0	0.0	0.0	0.0	0.0	0.0	0.0011188972275704145	0.18057408928871155	0.0036633163690567017	8.636509301140904e-05	0.003908026497811079	0.0	1.0	encoder.blocks.0.attn.proj	0	encoder_use	0.0	0.0	0.0	post_update1001
h1	0	encoder.blocks.0.norm2.call0	16x272x672	0.9522897005081177	26.50193214416504	0.10293944180011749	0.9482293128967285	1.0053101778030396	1.0242252349853516	0.04603671282529831	3.8513660430908203	0.08708581328392029	0.008259201422333717	0.06822848320007324	0.09569556266069412	1.0	encoder.blocks.0.norm2	0	encoder_use	nan	nan	nan	post_update1001
h1	0	encoder.blocks.0.ffn.0.call0	16x272x2688	0.5126697421073914	2.5770978927612305	1.2812727689743042	0.5115117430686951	0.5448774099349976	0.5744571089744568	0.02015923522412777	3.098726272583008	0.03927016630768776	0.0038989000022411346	0.027905728667974472	0.011338933371007442	1.0	encoder.blocks.0.ffn.0	0	encoder_use	3387.294677734375	2.520308494567871	256.5634765625	post_update1001
h1	0	encoder.blocks.0.ffn.1.call0	16x272x2688	0.2460986077785492	2.5642595291137695	0.9358088970184326	0.23662251234054565	0.3314793109893799	0.37159547209739685	0.039446327835321426	3.4804177284240723	0.07324858009815216	0.007523321080952883	0.053677819669246674	0.009773296304047108	1.0	encoder.blocks.0.ffn.1	0	encoder_use	nan	nan	nan	post_update1001
h1	0	encoder.blocks.0.ffn.2.call0	16x272x672	0.8031476140022278	4.594814300537109	2.280477523803711	0.757524847984314	1.0032615661621094	1.0032615661621094	0.06604515761137009	5.860340118408203	0.1249040812253952	0.012909550219774246	0.0893925279378891	0.05655526742339134	1.0	encoder.blocks.0.ffn.2	0	encoder_use	2995.71435546875	2.2289540767669678	42.79901123046875	post_update1001
h1	0	encoder.blocks.1.norm1.call0	16x272x672	0.9587012529373169	5.132664203643799	2.687286376953125	0.9584190845489502	0.9614279866218567	0.9616159796714783	0.6128660440444946	67.42401885986328	1.721327781677246	0.05226335674524307	1.9128022193908691	0.6103801727294922	1.0	encoder.blocks.1.norm1	0	encoder_use	nan	nan	nan	post_update1001
h1	0	encoder.blocks.1.attn.qkv.call0	16x272x2016	0.8357934355735779	4.7261643409729	2.513127088546753	0.7814813852310181	1.0556344985961914	1.0556344985961914	0.5655751824378967	70.44384002685547	1.0877799987792969	0.04551592469215393	1.7341046333312988	0.37784790992736816	1.0	encoder.blocks.1.attn.qkv	0	encoder_use	90902.3515625	78.09895324707031	1676.3651123046875	post_update1001
h1	0	encoder.blocks.1.attn.proj.call0	16x272x672	0.60402512550354	4.150732040405273	1.7070982456207275	0.5611552000045776	0.8056092262268066	1.4535071849822998	1.1904278993606567	94.239013671875	2.2500388622283936	0.21349835395812988	1.7654619216918945	0.6921004056930542	1.0	encoder.blocks.1.attn.proj	0	encoder_use	102936.9609375	153.1800079345703	1736.367431640625	post_update1001
h1	0	encoder.blocks.1.norm2.call0	16x272x672	0.9834083914756775	4.394684791564941	2.676652669906616	0.9823991060256958	0.9866781830787659	0.9868677258491516	0.3393963873386383	55.73865509033203	0.7291476726531982	0.01874905824661255	0.8191166520118713	0.3560895323753357	1.0	encoder.blocks.1.norm2	0	encoder_use	nan	nan	nan	post_update1001
h1	0	encoder.blocks.1.ffn.0.call0	16x272x2688	1.0933526754379272	4.48714017868042	2.653290033340454	1.0666379928588867	1.313045859336853	1.367993712425232	0.21936103701591492	40.57742691040039	0.40135103464126587	0.015086925588548183	0.6169350743293762	0.21794481575489044	1.0	encoder.blocks.1.ffn.0	0	encoder_use	53057.640625	39.477413177490234	812.4207763671875	post_update1001
h1	0	encoder.blocks.1.ffn.1.call0	16x272x2688	0.3164426386356354	3.52262806892395	1.4472357034683228	0.31124579906463623	0.43936604261398315	0.7736474275588989	0.39174968004226685	38.976966857910156	1.1202952861785889	0.035743024200201035	1.2671886682510376	0.18466594815254211	1.0	encoder.blocks.1.ffn.1	0	encoder_use	nan	nan	nan	post_update1001
h1	0	encoder.blocks.1.ffn.2.call0	16x272x672	0.6253807544708252	5.659241676330566	1.8163996934890747	0.6024161577224731	0.9475802779197693	1.7885892391204834	0.714284360408783	91.78191375732422	1.9931055307388306	0.06513774394989014	2.3231022357940674	0.7480911016464233	1.0	encoder.blocks.1.ffn.2	0	encoder_use	78482.890625	58.3950080871582	1355.5703125	post_update1001
h1	0	encoder.blocks.1.norm2.call1	16x256x672	0.9834007620811462	4.394684791564941	2.676220655441284	0.9823959469795227	0.9866776466369629	0.9868677258491516	0.3498440980911255	55.738929748535156	0.7623482942581177	0.020711857825517654	0.8412352204322815	0.36705151200294495	1.0	encoder.blocks.1.norm2	1	inverse_decoder_prefix	nan	nan	nan	post_update1001
h1	0	encoder.blocks.1.ffn.0.call1	16x256x2688	1.0933496952056885	4.48714017868042	2.653813123703003	1.066199779510498	1.313201904296875	1.367993712425232	0.22611254453659058	40.577823638916016	0.4214135408401489	0.01670103147625923	0.6356480717658997	0.22465260326862335	1.0	encoder.blocks.1.ffn.0	1	inverse_decoder_prefix	53057.6875	39.477447509765625	812.434326171875	post_update1001
h1	0	encoder.blocks.1.ffn.1.call1	16x256x2688	0.3168250620365143	3.52262806892395	1.4492132663726807	0.31124579906463623	0.43958693742752075	0.7736474275588989	0.4038066864013672	38.977203369140625	1.1707464456558228	0.03909579664468765	1.3324146270751953	0.19034944474697113	1.0	encoder.blocks.1.ffn.1	1	inverse_decoder_prefix	nan	nan	nan	post_update1001
h1	0	encoder.blocks.1.ffn.2.call1	16x256x672	0.6263850331306458	5.659241676330566	1.8190572261810303	0.6026513576507568	0.9479911923408508	1.7885892391204834	0.7362677454948425	91.78268432617188	2.0814130306243896	0.07169893383979797	2.4629690647125244	0.7711169719696045	1.0	encoder.blocks.1.ffn.2	1	inverse_decoder_prefix	78482.7734375	58.394920349121094	1355.555908203125	post_update1001
h1	0	encoder.blocks.1.norm2.call2	16x16x16x672	0.9860917329788208	7.475808620452881	2.8065099716186523	0.9860531091690063	0.987169086933136	0.9876080751419067	2.8398371796356514e-06	0.00017918134108185768	9.389936167281121e-06	0.0	1.0355862286814954e-05	2.9526529488066444e-06	1.0	encoder.blocks.1.norm2	2	inverse_decoder_branch	nan	nan	nan	post_update1001
h1	0	encoder.blocks.1.ffn.0.call2	16x16x16x2688	1.0878359079360962	5.347136497497559	3.3458774089813232	1.0853016376495361	1.1570379734039307	1.1775437593460083	1.969446657312801e-06	0.00022790030925534666	6.134230261523044e-06	0.0	7.3880760282918345e-06	2.5372521577082807e-06	1.0	encoder.blocks.1.ffn.0	2	inverse_decoder_branch	0.21266506612300873	0.0001582329423399642	0.0032550597097724676	post_update1001
h1	0	encoder.blocks.1.ffn.1.call2	16x16x16x2688	0.7185965776443481	5.347136497497559	2.492697238922119	0.6901810169219971	0.9429495930671692	0.9703801870346069	2.6984464511770057e-06	0.00021119769371580333	9.639708878239617e-06	0.0	1.1208759133296553e-05	2.23791698772402e-06	1.0	encoder.blocks.1.ffn.1	2	inverse_decoder_branch	nan	nan	nan	post_update1001
h1	0	encoder.blocks.1.ffn.2.call2	16x16x16x672	3.2500064373016357	26.331043243408203	15.222503662109375	3.0901389122009277	3.7516655921936035	3.9092559814453125	4.937382527714362e-06	0.0005043031414970756	1.748394970491063e-05	0.0	2.0854040485573933e-05	1.8677070329431444e-05	1.0	encoder.blocks.1.ffn.2	2	inverse_decoder_branch	0.4381730556488037	0.0003260216035414487	0.004971215967088938	post_update1001
h1	0	encoder.blocks.1.norm1.call1	16x256x672	0.9587008357048035	5.132664203643799	2.687286376953125	0.9584190845489502	0.9614279866218567	0.9616159796714783	0.631726086139679	67.42181396484375	1.8003467321395874	0.0581272691488266	2.0016820430755615	0.6291640996932983	1.0	encoder.blocks.1.norm1	1	inverse_decoder_prefix	nan	nan	nan	post_update1001
h1	0	encoder.blocks.1.norm1.call2	16x16x16x672	0.9621739983558655	6.736813545227051	4.693182468414307	0.9617164134979248	0.9639711380004883	0.9644491076469421	2.0471206880756654e-05	0.00188113481272012	7.226884918054566e-05	0.0	8.122203144012019e-05	2.1848163669346832e-05	1.0	encoder.blocks.1.norm1	2	inverse_decoder_branch	nan	nan	nan	post_update1001
h1	0	encoder.blocks.1.attn.qkv.call1	16x256x2016	0.8355398774147034	4.726164817810059	2.513127088546753	0.7814813852310181	1.0556344985961914	1.0556344985961914	0.5829804539680481	70.44400024414062	1.137514352798462	0.050775039941072464	1.8953403234481812	0.3894761800765991	1.0	encoder.blocks.1.attn.qkv	1	inverse_decoder_prefix_self	90902.6015625	78.09916687011719	1676.3626708984375	post_update1001
h1	0	encoder.blocks.1.attn.proj.call1	16x256x672	0.6033098697662354	4.150734901428223	1.706327199935913	0.5601336359977722	0.8064174652099609	1.4535073041915894	1.2270644903182983	94.23876953125	2.311476230621338	0.23054155707359314	1.7939414978027344	0.7133999466896057	1.0	encoder.blocks.1.attn.proj	1	inverse_decoder_prefix_self	102936.9453125	153.1799774169922	1736.3580322265625	post_update1001
h1	0	encoder.blocks.1.attn.qkv.call2	16x256x2016	0.8355398774147034	4.726164817810059	2.513127088546753	0.7814813852310181	1.0556344985961914	1.0556344985961914	1.834017712099012e-05	0.00188301014713943	7.385208300547674e-05	9.425261850992683e-06	5.2571729611372575e-05	1.1053020898543764e-05	1.0	encoder.blocks.1.attn.qkv	2	inverse_decoder_prefix_branch_kv	5.780448913574219	0.004966285545378923	0.1312035173177719	post_update1001
h1	0	encoder.blocks.1.attn.qkv.call3	16x16x16x2016	0.4972900152206421	3.1394026279449463	1.626340389251709	0.4917231798171997	0.5428345799446106	0.6044346690177917	3.664182440843433e-05	0.004547052085399628	6.458983261836693e-05	0.0	0.00014114014629740268	1.2571499610203318e-05	1.0	encoder.blocks.1.attn.qkv	3	inverse_decoder_branch	3.2223896980285645	0.002768523059785366	0.09602516144514084	post_update1001
h1	0	encoder.blocks.1.attn.proj.call2	16x16x16x672	0.4067235291004181	1.5749263763427734	1.093948245048523	0.41882145404815674	0.5018506050109863	0.5525581240653992	0.0005735238664783537	0.06262242794036865	5.767854194260735e-09	0.0	0.002642177976667881	0.00027409158064983785	1.0	encoder.blocks.1.attn.proj	2	inverse_decoder_branch	11.344802856445312	0.016882147639989853	1.0296540260314941	post_update1001
h1	0	encoder.blocks.0.norm2.call1	16x256x672	0.9523738622665405	26.50193214416504	0.10293805599212646	0.9482293128967285	1.0053757429122925	1.0242252349853516	0.04745623841881752	3.8552684783935547	0.08939113467931747	0.008931766264140606	0.06918975710868835	0.09866794943809509	1.0	encoder.blocks.0.norm2	1	inverse_decoder_prefix	nan	nan	nan	post_update1001
h1	0	encoder.blocks.0.ffn.0.call1	16x256x2688	0.5126847624778748	2.577101945877075	1.2814091444015503	0.5115113258361816	0.5448774695396423	0.5744572281837463	0.020780088379979134	3.0983047485351562	0.04051877185702324	0.00418621301651001	0.028068605810403824	0.011688143946230412	1.0	encoder.blocks.0.ffn.0	1	inverse_decoder_prefix	3387.513427734375	2.5204713344573975	256.66754150390625	post_update1001
h1	0	encoder.blocks.0.ffn.1.call1	16x256x2688	0.24626241624355316	2.5642638206481934	0.9360486268997192	0.2366224229335785	0.33147966861724854	0.3715958595275879	0.04066143557429314	3.479475975036621	0.07510784268379211	0.008258333429694176	0.05391823500394821	0.0100743118673563	1.0	encoder.blocks.0.ffn.1	1	inverse_decoder_prefix	nan	nan	nan	post_update1001
h1	0	encoder.blocks.0.ffn.2.call1	16x256x672	0.8031079769134521	4.594840049743652	2.281787872314453	0.7575257420539856	1.003262996673584	1.003265619277954	0.06807857006788254	5.8600640296936035	0.12794612348079681	0.013969754800200462	0.08974774181842804	0.05829649046063423	1.0	encoder.blocks.0.ffn.2	1	inverse_decoder_prefix	2995.80810546875	2.2290239334106445	42.80445861816406	post_update1001
h1	0	encoder.blocks.0.norm2.call2	16x16x16x672	1.002284049987793	7.841515064239502	2.675670623779297	1.0025575160980225	1.0030044317245483	1.0039870738983154	1.0638510730132111e-06	0.00019642250845208764	2.6598556690515807e-09	0.0	3.2918066050768857e-09	1.1425706816226011e-06	1.0	encoder.blocks.0.norm2	2	inverse_decoder_branch	nan	nan	nan	post_update1001
h1	0	encoder.blocks.0.ffn.0.call2	16x16x16x2688	1.4498605728149414	5.573131084442139	3.5426998138427734	1.440990686416626	1.5293402671813965	1.676679253578186	5.523700679077592e-07	0.0001372804254060611	4.002962405991184e-10	0.0	6.474610292350746e-10	7.835030828573508e-07	1.0	encoder.blocks.0.ffn.0	2	inverse_decoder_branch	0.04786292091012001	3.5612290957942605e-05	0.0008522348944097757	post_update1001
h1	0	encoder.blocks.0.ffn.1.call2	16x16x16x2688	0.719165563583374	4.824748516082764	2.763157844543457	0.7501792907714844	0.8889865279197693	1.0235053300857544	9.69327174971113e-07	0.00017453440523240715	8.413935104201187e-10	0.0	9.444365289823509e-10	7.116947244867333e-07	1.0	encoder.blocks.0.ffn.1	2	inverse_decoder_branch	nan	nan	nan	post_update1001
h1	0	encoder.blocks.0.ffn.2.call2	16x16x16x672	1.9303619861602783	11.095911026000977	6.034046173095703	2.0522327423095703	2.513362407684326	2.951382637023926	1.638390699554293e-06	0.00025826127966865897	1.2434466789557064e-09	0.0	1.4002428105897025e-09	2.4383666641369928e-06	1.0	encoder.blocks.0.ffn.2	2	inverse_decoder_branch	0.10838599503040314	8.064434223342687e-05	0.001608193852007389	post_update1001
h1	0	encoder.blocks.0.norm1.call1	16x256x672	0.002786171156913042	0.04231902211904526	0.008134335279464722	0.002596755512058735	0.0052271438762545586	0.01000590156763792	6.838020635768771e-05	0.005836732219904661	0.00012855282693635672	1.4038586414244492e-05	9.013130329549313e-05	1.6623391729808645e-07	1.0	encoder.blocks.0.norm1	1	inverse_decoder_prefix	nan	nan	nan	post_update1001
h1	0	encoder.blocks.0.norm1.call2	16x16x16x672	0.9939454793930054	7.118779182434082	3.8843188285827637	0.9942023754119873	0.9949899315834045	0.9950748085975647	9.127566045208368e-06	0.0014282893389463425	5.639747779895288e-09	0.0	6.739097724306475e-09	7.519438895542407e-06	1.0	encoder.blocks.0.norm1	2	inverse_decoder_branch	nan	nan	nan	post_update1001
h1	0	encoder.blocks.0.attn.qkv.call1	16x256x2016	0.0019371293019503355	0.021280961111187935	0.005909338593482971	0.001701578963547945	0.004048096016049385	0.0063838055357337	0.0	0.0	0.0	0.0	0.0	0.0	1.0	encoder.blocks.0.attn.qkv	1	inverse_decoder_prefix_self	nan	nan	nan	post_update1001
h1	0	encoder.blocks.0.attn.proj.call1	16x256x672	0.0003909780061803758	0.0072388113476336	0.0012777429074048996	0.00034882122417911887	0.0008534856024198234	0.0015830191550776362	0.0	0.0	0.0	0.0	0.0	0.0	1.0	encoder.blocks.0.attn.proj	1	inverse_decoder_prefix_self	nan	nan	nan	post_update1001
h1	0	encoder.blocks.0.attn.qkv.call2	16x256x2016	0.0019371293019503355	0.021280961111187935	0.005909338593482971	0.001701578963547945	0.004048096016049385	0.0063838055357337	4.585417627822608e-05	0.006654271390289068	8.856906060827896e-05	9.512243195786141e-06	5.6428558309562504e-05	6.768861027239836e-08	1.0	encoder.blocks.0.attn.qkv	2	inverse_decoder_prefix_branch_kv	0.01339876651763916	1.1511579032230657e-05	0.00020960465190000832	post_update1001
h1	0	encoder.blocks.0.attn.qkv.call3	16x16x16x2016	1.3419307470321655	4.756901741027832	3.4227848052978516	1.4057968854904175	1.5766897201538086	1.5893373489379883	6.971521088416921e-06	0.0030444664880633354	1.0666462157971068e-09	0.0	2.729680037560911e-09	6.032818873791257e-06	1.0	encoder.blocks.0.attn.qkv	3	inverse_decoder_branch	0.5963093042373657	0.0005123204318806529	0.03017287328839302	post_update1001
h1	0	encoder.blocks.0.attn.proj.call2	16x16x16x672	0.010445832274854183	1.3782117366790771	0.0016013082349672914	0.00034256259095855057	0.0014704099157825112	0.3855988383293152	0.0005735222948715091	0.06262242794036865	4.9510520683249126e-11	0.0	0.002642177976667881	5.1282913773320615e-05	1.0	encoder.blocks.0.attn.proj	2	inverse_decoder_branch	1.1310935020446777	0.001683174865320325	0.177321195602417	post_update1001
h2_h16	0	encoder.embed.call0	16x272x1344	0.027277236804366112	0.9980449676513672	0.003913901746273041	0.027277236804366112	0.027277236804366112	0.027277236804366112	0.0	0.0	0.0	0.0	0.0	0.0	1.0	encoder.embed	0	encoder_use	nan	nan	nan	post_update1001
h2_h16	0	encoder.blocks.0.norm1.call0	16x272x672	0.0	0.0	0.0	0.0	0.0	0.0	3.0544240871677175e-05	0.0016703512519598007	0.0001037298352457583	1.727637140902516e-06	0.00011400398216210306	0.0	1.0	encoder.blocks.0.norm1	0	encoder_use	nan	nan	nan	post_update1001
h2_h16	0	encoder.blocks.0.attn.qkv.call0	16x272x2016	0.0	0.0	0.0	0.0	0.0	0.0	1.6798696378828026e-05	0.0014108179602771997	4.8808255087351426e-05	1.3696396763407392e-06	6.72959431540221e-05	0.0	1.0	encoder.blocks.0.attn.qkv	0	encoder_use	0.0	0.0	0.0	post_update1001
h2_h16	0	encoder.blocks.0.attn.proj.call0	16x272x672	0.0	0.0	0.0	0.0	0.0	0.0	6.65031693642959e-05	0.020375512540340424	0.00014135241508483887	1.5450612409040332e-05	0.0001275429385714233	0.0	1.0	encoder.blocks.0.attn.proj	0	encoder_use	0.0	0.0	0.0	post_update1001
h2_h16	0	encoder.blocks.0.norm2.call0	16x272x672	0.9522897005081177	26.50193214416504	0.10293944180011749	0.9482293128967285	1.0053101778030396	1.0242252349853516	0.012534186244010925	1.4982316493988037	0.02518630400300026	0.0026982896961271763	0.01927267014980316	0.03057272732257843	1.0	encoder.blocks.0.norm2	0	encoder_use	nan	nan	nan	post_update1001
h2_h16	0	encoder.blocks.0.ffn.0.call0	16x272x2688	0.5126697421073914	2.5770978927612305	1.2812727689743042	0.5115117430686951	0.5448774099349976	0.5744571089744568	0.0054166982881724834	0.9295230507850647	0.011016948148608208	0.0012155534932389855	0.00791916437447071	0.0030776201747357845	1.0	encoder.blocks.0.ffn.0	0	encoder_use	1555.2864990234375	1.1572072505950928	188.12783813476562	post_update1001
h2_h16	0	encoder.blocks.0.ffn.1.call0	16x272x2688	0.2460986077785492	2.5642595291137695	0.9358088970184326	0.23662251234054565	0.3314793109893799	0.37159547209739685	0.010505503974854946	1.021776795387268	0.020116649568080902	0.0023954673670232296	0.01574801094830036	0.002640811027958989	1.0	encoder.blocks.0.ffn.1	0	encoder_use	nan	nan	nan	post_update1001
h2_h16	0	encoder.blocks.0.ffn.2.call0	16x272x672	0.8031476140022278	4.594814300537109	2.280477523803711	0.757524847984314	1.0032615661621094	1.0032615661621094	0.017769204452633858	1.2213044166564941	0.033829465508461	0.004042663611471653	0.02642383612692356	0.015048693865537643	1.0	encoder.blocks.0.ffn.2	0	encoder_use	1340.998046875	0.9977664351463318	18.977436065673828	post_update1001
h2_h16	0	encoder.blocks.1.norm1.call0	16x272x672	0.9587012529373169	5.132664203643799	2.687286376953125	0.9584190845489502	0.9614279866218567	0.9616159796714783	0.18615463376045227	20.31314468383789	0.5137051343917847	0.014840394258499146	0.5839769840240479	0.1928635835647583	1.0	encoder.blocks.1.norm1	0	encoder_use	nan	nan	nan	post_update1001
h2_h16	0	encoder.blocks.1.attn.qkv.call0	16x272x2016	0.8357934355735779	4.7261643409729	2.513127088546753	0.7814813852310181	1.0556344985961914	1.0556344985961914	0.16870711743831635	22.93375587463379	0.32939115166664124	0.01334026362746954	0.5516037344932556	0.1102900356054306	1.0	encoder.blocks.1.attn.qkv	0	encoder_use	44428.52734375	38.170867919921875	895.5628662109375	post_update1001
h2_h16	0	encoder.blocks.1.attn.proj.call0	16x272x672	0.60402512550354	4.150732040405273	1.7070982456207275	0.5611552000045776	0.8056092262268066	1.4535071849822998	0.32399803400039673	32.37136459350586	0.6521344184875488	0.06983616948127747	0.49853795766830444	0.19826066493988037	1.0	encoder.blocks.1.attn.proj	0	encoder_use	52017.02734375	77.40629577636719	955.4854736328125	post_update1001
h2_h16	0	encoder.blocks.1.norm2.call0	16x272x672	0.9834083914756775	4.394684791564941	2.676652669906616	0.9823991060256958	0.9866781830787659	0.9868677258491516	0.08799323439598083	7.031300067901611	0.21786776185035706	0.0053148288279771805	0.25445830821990967	0.09366768598556519	1.0	encoder.blocks.1.norm2	0	encoder_use	nan	nan	nan	post_update1001
h2_h16	0	encoder.blocks.1.ffn.0.call0	16x272x2688	1.0933526754379272	4.48714017868042	2.653290033340454	1.0666379928588867	1.313045859336853	1.367993712425232	0.05914793908596039	11.689508438110352	0.12109844386577606	0.0042574442923069	0.18927912414073944	0.05476440489292145	1.0	encoder.blocks.1.ffn.0	0	encoder_use	24485.083984375	18.218069076538086	375.94866943359375	post_update1001
h2_h16	0	encoder.blocks.1.ffn.1.call0	16x272x2688	0.3164426386356354	3.52262806892395	1.4472357034683228	0.31124579906463623	0.43936604261398315	0.7736474275588989	0.12119283527135849	12.339582443237305	0.33535730838775635	0.010018039494752884	0.3839273750782013	0.046604182571172714	1.0	encoder.blocks.1.ffn.1	0	encoder_use	nan	nan	nan	post_update1001
h2_h16	0	encoder.blocks.1.ffn.2.call0	16x272x672	0.6253807544708252	5.659241676330566	1.8163996934890747	0.6024161577224731	0.9475802779197693	1.7885892391204834	0.21617579460144043	23.24959945678711	0.5938202142715454	0.0183416660875082	0.6895989775657654	0.16248580813407898	1.0	encoder.blocks.1.ffn.2	0	encoder_use	38176.3984375	28.405057907104492	573.1034545898438	post_update1001
h2_h16	0	encoder.blocks.1.norm2.call1	16x256x672	0.9834007620811462	4.394684791564941	2.676220655441284	0.9823959469795227	0.9866776466369629	0.9868677258491516	0.09070134162902832	7.031299591064453	0.2283739447593689	0.0059899622574448586	0.2751559019088745	0.09655045717954636	1.0	encoder.blocks.1.norm2	1	inverse_decoder_prefix	nan	nan	nan	post_update1001
h2_h16	0	encoder.blocks.1.ffn.0.call1	16x256x2688	1.0933496952056885	4.48714017868042	2.653813123703003	1.066199779510498	1.313201904296875	1.367993712425232	0.0609683021903038	11.689506530761719	0.12709689140319824	0.004798266105353832	0.19624218344688416	0.056449856609106064	1.0	encoder.blocks.1.ffn.0	1	inverse_decoder_prefix	24485.0859375	18.218069076538086	375.9486389160156	post_update1001
h2_h16	0	encoder.blocks.1.ffn.1.call1	16x256x2688	0.3168250620365143	3.52262806892395	1.4492132663726807	0.31124579906463623	0.43958693742752075	0.7736474275588989	0.12492271512746811	12.339581489562988	0.350239634513855	0.011332444846630096	0.4125785231590271	0.04803849384188652	1.0	encoder.blocks.1.ffn.1	1	inverse_decoder_prefix	nan	nan	nan	post_update1001
h2_h16	0	encoder.blocks.1.ffn.2.call1	16x256x672	0.6263850331306458	5.659241676330566	1.8190572261810303	0.6026513576507568	0.9479911923408508	1.7885892391204834	0.2228289097547531	23.249601364135742	0.619999885559082	0.020587321370840073	0.7252764701843262	0.1674865335226059	1.0	encoder.blocks.1.ffn.2	1	inverse_decoder_prefix	38176.3984375	28.405057907104492	573.1029052734375	post_update1001
h2_h16	0	encoder.blocks.1.norm2.call2	16x16x16x672	0.9860917329788208	7.475808620452881	2.8065099716186523	0.9860531091690063	0.987169086933136	0.9876080751419067	4.6924736807341105e-07	1.136884657171322e-05	1.7161564755951986e-06	3.1402601052832324e-07	1.4936845218471717e-06	4.6806474074401194e-07	1.0	encoder.blocks.1.norm2	2	inverse_decoder_branch	nan	nan	nan	post_update1001
h2_h16	0	encoder.blocks.1.ffn.0.call2	16x16x16x2688	1.0878359079360962	5.347136497497559	3.3458774089813232	1.0853016376495361	1.1570379734039307	1.1775437593460083	3.4853320585170877e-07	1.0585221389192156e-05	1.3555739997173077e-06	2.403573660103575e-07	1.1234729981879354e-06	4.0086467834044015e-07	1.0	encoder.blocks.1.ffn.0	2	inverse_decoder_branch	0.08464392274618149	6.297911022556946e-05	0.0016842551995068789	post_update1001
h2_h16	0	encoder.blocks.1.ffn.1.call2	16x16x16x2688	0.7185965776443481	5.347136497497559	2.492697238922119	0.6901810169219971	0.9429495930671692	0.9703801870346069	4.909708763989329e-07	1.0775955161079764e-05	1.7969919099414255e-06	3.372999231032736e-07	1.5341510106736678e-06	3.4822508609977376e-07	1.0	encoder.blocks.1.ffn.1	2	inverse_decoder_branch	nan	nan	nan	post_update1001
h2_h16	0	encoder.blocks.1.ffn.2.call2	16x16x16x672	3.2500064373016357	26.331043243408203	15.222503662109375	3.0901389122009277	3.7516655921936035	3.9092559814453125	9.019806839205557e-07	1.842120400397107e-05	3.3117937618953874e-06	6.19346337771276e-07	2.779590431600809e-06	3.1582399060425814e-06	1.0	encoder.blocks.1.ffn.2	2	inverse_decoder_branch	0.15666984021663666	0.000116569826786872	0.001770748756825924	post_update1001
h2_h16	0	encoder.blocks.1.norm1.call1	16x256x672	0.9587008357048035	5.132664203643799	2.687286376953125	0.9584190845489502	0.9614279866218567	0.9616159796714783	0.19188380241394043	20.313127517700195	0.5368983745574951	0.016810961067676544	0.6111541390419006	0.19879919290542603	1.0	encoder.blocks.1.norm1	1	inverse_decoder_prefix	nan	nan	nan	post_update1001
h2_h16	0	encoder.blocks.1.norm1.call2	16x16x16x672	0.9621739983558655	6.736813545227051	4.693182468414307	0.9617164134979248	0.9639711380004883	0.9644491076469421	3.3027065455826232e-06	6.957832374610007e-05	1.2227799743413925e-05	2.2385179363482166e-06	1.0349018339184113e-05	3.40411793331441e-06	1.0	encoder.blocks.1.norm1	2	inverse_decoder_branch	nan	nan	nan	post_update1001
h2_h16	0	encoder.blocks.1.attn.qkv.call1	16x256x2016	0.8355398774147034	4.726164817810059	2.513127088546753	0.7814813852310181	1.0556344985961914	1.0556344985961914	0.1738993376493454	22.933757781982422	0.3445793688297272	0.01484593003988266	0.5640466809272766	0.11368438601493835	1.0	encoder.blocks.1.attn.qkv	1	inverse_decoder_prefix_self	44428.53125	38.17087173461914	895.56298828125	post_update1001
h2_h16	0	encoder.blocks.1.attn.proj.call1	16x256x672	0.6033098697662354	4.150734901428223	1.706327199935913	0.5601336359977722	0.8064174652099609	1.4535073041915894	0.33396950364112854	32.371360778808594	0.6707108020782471	0.07492448389530182	0.5247828364372253	0.2043624222278595	1.0	encoder.blocks.1.attn.proj	1	inverse_decoder_prefix_self	52017.03125	77.40629577636719	955.4853515625	post_update1001
h2_h16	0	encoder.blocks.1.attn.qkv.call2	16x256x2016	0.8355398774147034	4.726164817810059	2.513127088546753	0.7814813852310181	1.0556344985961914	1.0556344985961914	3.686733407448628e-06	0.0001982615503948182	1.6032976418500766e-05	2.3666191282245563e-06	9.866987056739163e-06	2.226714741482283e-06	1.0	encoder.blocks.1.attn.qkv	2	inverse_decoder_prefix_branch_kv	1.7679861783981323	0.0015189691912382841	0.04796021431684494	post_update1001
h2_h16	0	encoder.blocks.1.attn.qkv.call3	16x16x16x2016	0.4972900152206421	3.1394026279449463	1.626340389251709	0.4917231798171997	0.5428345799446106	0.6044346690177917	5.301606506691314e-06	0.00018600690236780792	2.258522727061063e-05	2.744992798398016e-06	1.8593720596982166e-05	1.7050938367901836e-06	1.0	encoder.blocks.1.attn.qkv	3	inverse_decoder_branch	1.597623348236084	0.0013726017205044627	0.05119942128658295	post_update1001
h2_h16	0	encoder.blocks.1.attn.proj.call2	16x16x16x672	0.4067235291004181	1.5749263763427734	1.093948245048523	0.41882145404815674	0.5018506050109863	0.5525581240653992	0.00015061853628139943	0.004174829460680485	0.00016338835121132433	0.0001603613345650956	0.00016823550686240196	7.011807610979304e-05	1.0	encoder.blocks.1.attn.proj	2	inverse_decoder_branch	4.29508113861084	0.006391489878296852	0.3961184620857239	post_update1001
h2_h16	0	encoder.blocks.0.norm2.call1	16x256x672	0.9523738622665405	26.50193214416504	0.10293805599212646	0.9482293128967285	1.0053757429122925	1.0242252349853516	0.012919969856739044	1.4982305765151978	0.025892753154039383	0.0028974865563213825	0.02036089450120926	0.031513866037130356	1.0	encoder.blocks.0.norm2	1	inverse_decoder_prefix	nan	nan	nan	post_update1001
h2_h16	0	encoder.blocks.0.ffn.0.call1	16x256x2688	0.5126847624778748	2.577101945877075	1.2814091444015503	0.5115113258361816	0.5448774695396423	0.5744572281837463	0.0055834087543189526	0.9295414686203003	0.011347254738211632	0.001285903388634324	0.008104653097689152	0.0031723417341709137	1.0	encoder.blocks.0.ffn.0	1	inverse_decoder_prefix	1555.3004150390625	1.1572176218032837	188.13291931152344	post_update1001
h2_h16	0	encoder.blocks.0.ffn.1.call1	16x256x2688	0.24626241624355316	2.5642638206481934	0.9360486268997192	0.2366224229335785	0.33147966861724854	0.3715958595275879	0.010828828439116478	1.0217877626419067	0.02063220739364624	0.0025190263986587524	0.015783946961164474	0.002722088247537613	1.0	encoder.blocks.0.ffn.1	1	inverse_decoder_prefix	nan	nan	nan	post_update1001
h2_h16	0	encoder.blocks.0.ffn.2.call1	16x256x672	0.8031079769134521	4.594840049743652	2.281787872314453	0.7575257420539856	1.003262996673584	1.003265619277954	0.018316086381673813	1.2212836742401123	0.03467174991965294	0.004268346354365349	0.02648732252418995	0.01551185641437769	1.0	encoder.blocks.0.ffn.2	1	inverse_decoder_prefix	1341.0028076171875	0.9977699518203735	18.977516174316406	post_update1001
h2_h16	0	encoder.blocks.0.norm2.call2	16x16x16x672	1.002284049987793	7.841515064239502	2.675670623779297	1.0025575160980225	1.0030044317245483	1.0039870738983154	2.0092609798183503e-09	1.653193635320349e-07	4.408164944180726e-09	5.843684564021956e-11	7.241178767714018e-09	2.096605999923895e-09	1.0	encoder.blocks.0.norm2	2	inverse_decoder_branch	nan	nan	nan	post_update1001
h2_h16	0	encoder.blocks.0.ffn.0.call2	16x16x16x2688	1.4498605728149414	5.573131084442139	3.5426998138427734	1.440990686416626	1.5293402671813965	1.676679253578186	1.05250141935187e-09	2.359113580041594e-07	8.924581074154503e-10	1.3914673233084152e-11	3.6652498813793954e-09	1.4381509316763186e-09	1.0	encoder.blocks.0.ffn.0	2	inverse_decoder_branch	3.629599086707458e-05	2.700594414761781e-08	1.2578352652781177e-06	post_update1001
h2_h16	0	encoder.blocks.0.ffn.1.call2	16x16x16x2688	0.719165563583374	4.824748516082764	2.763157844543457	0.7501792907714844	0.8889865279197693	1.0235053300857544	2.2589599080191647e-09	2.1230204083622084e-07	5.091563171077951e-09	2.05378908324505e-11	7.656033140790441e-09	1.2934919801921296e-09	1.0	encoder.blocks.0.ffn.1	2	inverse_decoder_branch	nan	nan	nan	post_update1001
h2_h16	0	encoder.blocks.0.ffn.2.call2	16x16x16x672	1.9303619861602783	11.095911026000977	6.034046173095703	2.0522327423095703	2.513362407684326	2.951382637023926	3.2669777993987736e-09	2.580621014658391e-07	7.94845878004935e-09	3.071128767961895e-11	1.1566890556480303e-08	3.6670952940909274e-09	1.0	encoder.blocks.0.ffn.2	2	inverse_decoder_branch	7.82887073000893e-05	5.8250524404002135e-08	1.0732628652476706e-06	post_update1001
h2_h16	0	encoder.blocks.0.norm1.call1	16x256x672	0.002786171156913042	0.04231902211904526	0.008134335279464722	0.002596755512058735	0.0052271438762545586	0.01000590156763792	1.8397382518742234e-05	0.0012211301364004612	3.4811328077921644e-05	4.285588147467934e-06	2.6609390261000954e-05	4.5186716590706055e-08	1.0	encoder.blocks.0.norm1	1	inverse_decoder_prefix	nan	nan	nan	post_update1001
h2_h16	0	encoder.blocks.0.norm1.call2	16x16x16x672	0.9939454793930054	7.118779182434082	3.8843188285827637	0.9942023754119873	0.9949899315834045	0.9950748085975647	1.4702242978614777e-08	1.0750740102594136e-06	3.5790279184766405e-08	1.1501051500051318e-10	5.221722787496219e-08	1.516549730240513e-08	1.0	encoder.blocks.0.norm1	2	inverse_decoder_branch	nan	nan	nan	post_update1001
h2_h16	0	encoder.blocks.0.attn.qkv.call1	16x256x2016	0.0019371293019503355	0.021280961111187935	0.005909338593482971	0.001701578963547945	0.004048096016049385	0.0063838055357337	0.0	0.0	0.0	0.0	0.0	0.0	1.0	encoder.blocks.0.attn.qkv	1	inverse_decoder_prefix_self	nan	nan	nan	post_update1001
h2_h16	0	encoder.blocks.0.attn.proj.call1	16x256x672	0.0003909780061803758	0.0072388113476336	0.0012777429074048996	0.00034882122417911887	0.0008534856024198234	0.0015830191550776362	0.0	0.0	0.0	0.0	0.0	0.0	1.0	encoder.blocks.0.attn.proj	1	inverse_decoder_prefix_self	nan	nan	nan	post_update1001
h2_h16	0	encoder.blocks.0.attn.qkv.call2	16x256x2016	0.0019371293019503355	0.021280961111187935	0.005909338593482971	0.001701578963547945	0.004048096016049385	0.0063838055357337	1.1723736861313228e-05	0.0014304382493719459	2.4170225515263155e-05	2.7352457436791155e-06	1.6351599697372876e-05	1.723282139209914e-08	1.0	encoder.blocks.0.attn.qkv	2	inverse_decoder_prefix_branch_kv	0.005139870569109917	4.415931016410468e-06	9.124620555667207e-05	post_update1001
h2_h16	0	encoder.blocks.0.attn.qkv.call3	16x16x16x2016	1.3419307470321655	4.756901741027832	3.4227848052978516	1.4057968854904175	1.5766897201538086	1.5893373489379883	6.650256789697551e-09	1.4671629742224468e-06	1.945813732362467e-09	5.448531903429199e-11	2.6506855377306238e-08	8.008843366269502e-09	1.0	encoder.blocks.0.attn.qkv	3	inverse_decoder_branch	0.0003996935556642711	3.433976019096008e-07	3.069516606046818e-05	post_update1001
h2_h16	0	encoder.blocks.0.attn.proj.call2	16x16x16x672	0.010445832274854183	1.3782117366790771	0.0016013082349672914	0.00034256259095855057	0.0014704099157825112	0.3855988383293152	0.00015061853628139943	0.004174829460680485	0.00016338822024408728	0.0001603613345650956	0.00016823550686240196	1.6314389483795821e-07	1.0	encoder.blocks.0.attn.proj	2	inverse_decoder_branch	0.007079940289258957	1.0535625733609777e-05	0.0005561721045523882	post_update1001
total	0	encoder.embed.call0	16x272x1344	0.027277236804366112	0.9980449676513672	0.003913901746273041	0.027277236804366112	0.027277236804366112	0.027277236804366112	0.0	0.0	0.0	0.0	0.0	0.0	1.0	encoder.embed	0	encoder_use	nan	nan	nan	post_update1001
total	0	encoder.blocks.0.norm1.call0	16x272x672	0.0	0.0	0.0	0.0	0.0	0.0	5.057839007349685e-05	0.0032910213340073824	0.00017042708350345492	2.5275508050981443e-06	0.0001963086542673409	0.0	1.0	encoder.blocks.0.norm1	0	encoder_use	nan	nan	nan	post_update1001
total	0	encoder.blocks.0.attn.qkv.call0	16x272x2016	0.0	0.0	0.0	0.0	0.0	0.0	2.7563746698433533e-05	0.0030630449764430523	6.702504470013082e-05	1.7996095493799658e-06	0.00010494068555999547	0.0	1.0	encoder.blocks.0.attn.qkv	0	encoder_use	0.0	0.0	0.0	post_update1001
total	0	encoder.blocks.0.attn.proj.call0	16x272x672	0.0	0.0	0.0	0.0	0.0	0.0	9.588123793946579e-05	0.019385196268558502	0.0002917945384979248	1.7533548088977113e-05	0.0003080264723394066	0.0	1.0	encoder.blocks.0.attn.proj	0	encoder_use	0.0	0.0	0.0	post_update1001
total	0	encoder.blocks.0.norm2.call0	16x272x672	0.9522897005081177	26.50193214416504	0.10293944180011749	0.9482293128967285	1.0053101778030396	1.0242252349853516	0.012408166192471981	1.4941750764846802	0.024848051369190216	0.002618545899167657	0.019196484237909317	0.031153395771980286	1.0	encoder.blocks.0.norm2	0	encoder_use	nan	nan	nan	post_update1001
total	0	encoder.blocks.0.ffn.0.call0	16x272x2688	0.5126697421073914	2.5770978927612305	1.2812727689743042	0.5115117430686951	0.5448774099349976	0.5744571089744568	0.005293705500662327	0.7916737794876099	0.010846532881259918	0.0011651264503598213	0.0077264150604605675	0.0030023863073438406	1.0	encoder.blocks.0.ffn.0	0	encoder_use	1593.994384765625	1.1860077381134033	187.92715454101562	post_update1001
total	0	encoder.blocks.0.ffn.1.call0	16x272x2688	0.2460986077785492	2.5642595291137695	0.9358088970184326	0.23662251234054565	0.3314793109893799	0.37159547209739685	0.010259343311190605	1.0059858560562134	0.019814394414424896	0.0023061465471982956	0.015279365703463554	0.0025766887702047825	1.0	encoder.blocks.0.ffn.1	0	encoder_use	nan	nan	nan	post_update1001
total	0	encoder.blocks.0.ffn.2.call0	16x272x672	0.8031476140022278	4.594814300537109	2.280477523803711	0.757524847984314	1.0032615661621094	1.0032615661621094	0.017367376014590263	1.2746756076812744	0.03296619653701782	0.003862029407173395	0.025672322139143944	0.01472940482199192	1.0	encoder.blocks.0.ffn.2	0	encoder_use	1381.773681640625	1.0281054973602295	20.013778686523438	post_update1001
total	0	encoder.blocks.1.norm1.call0	16x272x672	0.9587012529373169	5.132664203643799	2.687286376953125	0.9584190845489502	0.9614279866218567	0.9616159796714783	0.18329942226409912	21.03778839111328	0.5028550624847412	0.01477050594985485	0.5831193327903748	0.19035010039806366	1.0	encoder.blocks.1.norm1	0	encoder_use	nan	nan	nan	post_update1001
total	0	encoder.blocks.1.attn.qkv.call0	16x272x2016	0.8357934355735779	4.7261643409729	2.513127088546753	0.7814813852310181	1.0556344985961914	1.0556344985961914	0.1673232614994049	23.960100173950195	0.32532307505607605	0.013199284672737122	0.5542667508125305	0.1089455634355545	1.0	encoder.blocks.1.attn.qkv	0	encoder_use	45802.14453125	39.35101318359375	925.22509765625	post_update1001
total	0	encoder.blocks.1.attn.proj.call0	16x272x672	0.60402512550354	4.150732040405273	1.7070982456207275	0.5611552000045776	0.8056092262268066	1.4535071849822998	0.3207060992717743	33.12950897216797	0.643402099609375	0.06784982979297638	0.49752628803253174	0.19592881202697754	1.0	encoder.blocks.1.attn.proj	0	encoder_use	53744.640625	79.97714233398438	989.2059326171875	post_update1001
total	0	encoder.blocks.1.norm2.call0	16x272x672	0.9834083914756775	4.394684791564941	2.676652669906616	0.9823991060256958	0.9866781830787659	0.9868677258491516	0.08462787419557571	6.885090351104736	0.21218529343605042	0.005308057181537151	0.24808204174041748	0.08984990417957306	1.0	encoder.blocks.1.norm2	0	encoder_use	nan	nan	nan	post_update1001
total	0	encoder.blocks.1.ffn.0.call0	16x272x2688	1.0933526754379272	4.48714017868042	2.653290033340454	1.0666379928588867	1.313045859336853	1.367993712425232	0.057520538568496704	11.791315078735352	0.11883468925952911	0.0042397817596793175	0.1798873245716095	0.052714861929416656	1.0	encoder.blocks.1.ffn.0	0	encoder_use	25592.611328125	19.04212188720703	398.49102783203125	post_update1001
total	0	encoder.blocks.1.ffn.1.call0	16x272x2688	0.3164426386356354	3.52262806892395	1.4472357034683228	0.31124579906463623	0.43936604261398315	0.7736474275588989	0.11903634667396545	12.440166473388672	0.3274376094341278	0.010126966051757336	0.3737129867076874	0.04486735910177231	1.0	encoder.blocks.1.ffn.1	0	encoder_use	nan	nan	nan	post_update1001
total	0	encoder.blocks.1.ffn.2.call0	16x272x672	0.6253807544708252	5.659241676330566	1.8163996934890747	0.6024161577224731	0.9475802779197693	1.7885892391204834	0.21321552991867065	23.696392059326172	0.5830689668655396	0.018440978601574898	0.6841475963592529	0.15732747316360474	1.0	encoder.blocks.1.ffn.2	0	encoder_use	39676.34375	29.521089553833008	585.9204711914062	post_update1001
total	0	encoder.blocks.1.norm2.call1	16x256x672	0.9834007620811462	4.394684791564941	2.676220655441284	0.9823959469795227	0.9866776466369629	0.9868677258491516	0.08723241090774536	6.885094165802002	0.22218415141105652	0.005952139385044575	0.26042747497558594	0.09261516481637955	1.0	encoder.blocks.1.norm2	1	inverse_decoder_prefix	nan	nan	nan	post_update1001
total	0	encoder.blocks.1.ffn.0.call1	16x256x2688	1.0933496952056885	4.48714017868042	2.653813123703003	1.066199779510498	1.313201904296875	1.367993712425232	0.0592908076941967	11.791318893432617	0.12469431757926941	0.004791225306689739	0.18359453976154327	0.05433723330497742	1.0	encoder.blocks.1.ffn.0	1	inverse_decoder_prefix	25592.609375	19.0421199798584	398.4908447265625	post_update1001
total	0	encoder.blocks.1.ffn.1.call1	16x256x2688	0.3168250620365143	3.52262806892395	1.4492132663726807	0.31124579906463623	0.43958693742752075	0.7736474275588989	0.12269985675811768	12.440155982971191	0.3417864739894867	0.01139011885970831	0.39532753825187683	0.046248212456703186	1.0	encoder.blocks.1.ffn.1	1	inverse_decoder_prefix	nan	nan	nan	post_update1001
total	0	encoder.blocks.1.ffn.2.call1	16x256x672	0.6263850331306458	5.659241676330566	1.8190572261810303	0.6026513576507568	0.9479911923408508	1.7885892391204834	0.21977752447128296	23.696401596069336	0.6077837347984314	0.020837372168898582	0.7190739512443542	0.1621694266796112	1.0	encoder.blocks.1.ffn.2	1	inverse_decoder_prefix	39676.3359375	29.521081924438477	585.920166015625	post_update1001
total	0	encoder.blocks.1.norm2.call2	16x16x16x672	0.9860917329788208	7.475808620452881	2.8065099716186523	0.9860531091690063	0.987169086933136	0.9876080751419067	4.747167565710697e-07	1.2193509974167682e-05	1.7332120023638709e-06	3.029427944056806e-07	1.5256495089488453e-06	4.761025991228962e-07	1.0	encoder.blocks.1.norm2	2	inverse_decoder_branch	nan	nan	nan	post_update1001
total	0	encoder.blocks.1.ffn.0.call2	16x16x16x2688	1.0878359079360962	5.347136497497559	3.3458774089813232	1.0853016376495361	1.1570379734039307	1.1775437593460083	3.492831410767394e-07	1.3732216757489368e-05	1.3446411912809708e-06	2.312205253929278e-07	1.1131751307402737e-06	4.0834925130184274e-07	1.0	encoder.blocks.1.ffn.0	2	inverse_decoder_branch	0.08231689780950546	6.124769424786791e-05	0.0015839964617043734	post_update1001
total	0	encoder.blocks.1.ffn.1.call2	16x16x16x2688	0.7185965776443481	5.347136497497559	2.492697238922119	0.6901810169219971	0.9429495930671692	0.9703801870346069	4.903021135760355e-07	1.2863428310083691e-05	1.7897863244797918e-06	3.2412467021458724e-07	1.5475640111617395e-06	3.555916237019119e-07	1.0	encoder.blocks.1.ffn.1	2	inverse_decoder_branch	nan	nan	nan	post_update1001
total	0	encoder.blocks.1.ffn.2.call2	16x16x16x672	3.2500064373016357	26.331043243408203	15.222503662109375	3.0901389122009277	3.7516655921936035	3.9092559814453125	9.004521643873886e-07	3.079282396356575e-05	3.2927232496149372e-06	5.946706096437993e-07	2.808664021358709e-06	3.1885617772786645e-06	1.0	encoder.blocks.1.ffn.2	2	inverse_decoder_branch	0.15419073402881622	0.00011472525511635467	0.001895905239507556	post_update1001
total	0	encoder.blocks.1.norm1.call1	16x256x672	0.9587008357048035	5.132664203643799	2.687286376953125	0.9584190845489502	0.9614279866218567	0.9616159796714783	0.18894074857234955	21.03779411315918	0.5246552228927612	0.01667996123433113	0.608271062374115	0.1962083876132965	1.0	encoder.blocks.1.norm1	1	inverse_decoder_prefix	nan	nan	nan	post_update1001
total	0	encoder.blocks.1.norm1.call2	16x16x16x672	0.9621739983558655	6.736813545227051	4.693182468414307	0.9617164134979248	0.9639711380004883	0.9644491076469421	3.3536994124006014e-06	0.00013084120291750878	1.2240552678122185e-05	2.1597036266030045e-06	1.0352538993174676e-05	3.477024620224256e-06	1.0	encoder.blocks.1.norm1	2	inverse_decoder_branch	nan	nan	nan	post_update1001
total	0	encoder.blocks.1.attn.qkv.call1	16x256x2016	0.8355398774147034	4.726164817810059	2.513127088546753	0.7814813852310181	1.0556344985961914	1.0556344985961914	0.17247289419174194	23.960111618041992	0.34043198823928833	0.014843640848994255	0.5614500045776367	0.11229857802391052	1.0	encoder.blocks.1.attn.qkv	1	inverse_decoder_prefix_self	45802.16015625	39.35102844238281	925.2244873046875	post_update1001
total	0	encoder.blocks.1.attn.proj.call1	16x256x672	0.6033098697662354	4.150734901428223	1.706327199935913	0.5601336359977722	0.8064174652099609	1.4535073041915894	0.3305762708187103	33.129493713378906	0.6620053052902222	0.07335725426673889	0.5128664970397949	0.2019587606191635	1.0	encoder.blocks.1.attn.proj	1	inverse_decoder_prefix_self	53744.63671875	79.97714233398438	989.20556640625	post_update1001
total	0	encoder.blocks.1.attn.qkv.call2	16x256x2016	0.8355398774147034	4.726164817810059	2.513127088546753	0.7814813852310181	1.0556344985961914	1.0556344985961914	3.730167691173847e-06	0.00021619371545966715	1.6196361684706062e-05	2.369665025980794e-06	1.0028814358520322e-05	2.247394377263845e-06	1.0	encoder.blocks.1.attn.qkv	2	inverse_decoder_prefix_branch_kv	1.8838531970977783	0.001618516631424427	0.04827232286334038	post_update1001
total	0	encoder.blocks.1.attn.qkv.call3	16x16x16x2016	0.4972900152206421	3.1394026279449463	1.626340389251709	0.4917231798171997	0.5428345799446106	0.6044346690177917	5.461517048388487e-06	0.0003565119986888021	2.235044667031616e-05	2.651728664204711e-06	1.8713719327934086e-05	1.7771955072021228e-06	1.0	encoder.blocks.1.attn.qkv	3	inverse_decoder_branch	1.5724025964736938	0.0013509331038221717	0.051090024411678314	post_update1001
total	0	encoder.blocks.1.attn.proj.call2	16x16x16x672	0.4067235291004181	1.5749263763427734	1.093948245048523	0.41882145404815674	0.5018506050109863	0.5525581240653992	0.0001456835598219186	0.003913902211934328	0.00015840900596231222	0.00015080225421115756	0.00016574776964262128	6.793117063352838e-05	1.0	encoder.blocks.1.attn.proj	2	inverse_decoder_branch	4.500701427459717	0.006697472650557756	0.4208349883556366	post_update1001
total	0	encoder.blocks.0.norm2.call1	16x256x672	0.9523738622665405	26.50193214416504	0.10293805599212646	0.9482293128967285	1.0053757429122925	1.0242252349853516	0.012790185399353504	1.4942169189453125	0.025558991357684135	0.0028337305411696434	0.019824862480163574	0.03211350739002228	1.0	encoder.blocks.0.norm2	1	inverse_decoder_prefix	nan	nan	nan	post_update1001
total	0	encoder.blocks.0.ffn.0.call1	16x256x2688	0.5126847624778748	2.577101945877075	1.2814091444015503	0.5115113258361816	0.5448774695396423	0.5744572281837463	0.005456653423607349	0.7916829586029053	0.011166879907250404	0.0012566227233037353	0.007804349530488253	0.0030948107596486807	1.0	encoder.blocks.0.ffn.0	1	inverse_decoder_prefix	1594.0330810546875	1.1860365867614746	187.93846130371094	post_update1001
total	0	encoder.blocks.0.ffn.1.call1	16x256x2688	0.24626241624355316	2.5642638206481934	0.9360486268997192	0.2366224229335785	0.33147966861724854	0.3715958595275879	0.010575138963758945	1.0060220956802368	0.020314864814281464	0.0024363603442907333	0.015310464426875114	0.00265600741840899	1.0	encoder.blocks.0.ffn.1	1	inverse_decoder_prefix	nan	nan	nan	post_update1001
total	0	encoder.blocks.0.ffn.2.call1	16x256x672	0.8031079769134521	4.594840049743652	2.281787872314453	0.7575257420539856	1.003262996673584	1.003265619277954	0.017901917919516563	1.2746503353118896	0.0338798463344574	0.004156845156103373	0.02572529762983322	0.01518277171999216	1.0	encoder.blocks.0.ffn.2	1	inverse_decoder_prefix	1381.784912109375	1.0281137228012085	20.013639450073242	post_update1001
total	0	encoder.blocks.0.norm2.call2	16x16x16x672	1.002284049987793	7.841515064239502	2.675670623779297	1.0025575160980225	1.0030044317245483	1.0039870738983154	6.644022221280466e-08	1.226220319949789e-05	4.794289409915109e-09	6.140810776544825e-11	7.369985954852609e-09	7.133598955988418e-08	1.0	encoder.blocks.0.norm2	2	inverse_decoder_branch	nan	nan	nan	post_update1001
total	0	encoder.blocks.0.ffn.0.call2	16x16x16x2688	1.4498605728149414	5.573131084442139	3.5426998138427734	1.440990686416626	1.5293402671813965	1.676679253578186	3.452017338645419e-08	8.570174941269215e-06	1.0135347006112738e-09	1.3911420626566695e-11	3.686759564303088e-09	4.895991878584027e-08	1.0	encoder.blocks.0.ffn.0	2	inverse_decoder_branch	0.002983253449201584	2.21968275582185e-06	5.275811781757511e-05	post_update1001
total	0	encoder.blocks.0.ffn.1.call2	16x16x16x2688	0.719165563583374	4.824748516082764	2.763157844543457	0.7501792907714844	0.8889865279197693	1.0235053300857544	6.058454005142266e-08	1.0897366337303538e-05	5.434686922711762e-09	2.0145888429690118e-11	7.836112203563061e-09	4.447132795348807e-08	1.0	encoder.blocks.0.ffn.1	2	inverse_decoder_branch	nan	nan	nan	post_update1001
total	0	encoder.blocks.0.ffn.2.call2	16x16x16x672	1.9303619861602783	11.095911026000977	6.034046173095703	2.0522327423095703	2.513362407684326	2.951382637023926	1.0240528069971333e-07	1.613400672795251e-05	8.410372842604374e-09	3.012351479370068e-11	1.1643673580863378e-08	1.5237409911605937e-07	1.0	encoder.blocks.0.ffn.2	2	inverse_decoder_branch	0.00675617903470993	5.0269186431251e-06	0.00010016564920078963	post_update1001
total	0	encoder.blocks.0.norm1.call1	16x256x672	0.002786171156913042	0.04231902211904526	0.008134335279464722	0.002596755512058735	0.0052271438762545586	0.01000590156763792	1.7981255950871855e-05	0.0012819886906072497	3.401205322006717e-05	4.175156846031314e-06	2.5836739951046184e-05	4.419057120230718e-08	1.0	encoder.blocks.0.norm1	1	inverse_decoder_prefix	nan	nan	nan	post_update1001
total	0	encoder.blocks.0.norm1.call2	16x16x16x672	0.9939454793930054	7.118779182434082	3.8843188285827637	0.9942023754119873	0.9949899315834045	0.9950748085975647	5.70432462154713e-07	8.92286334419623e-05	3.7601353142235894e-08	1.1371310837393622e-10	5.200422137363603e-08	4.698728162111365e-07	1.0	encoder.blocks.0.norm1	2	inverse_decoder_branch	nan	nan	nan	post_update1001
total	0	encoder.blocks.0.attn.qkv.call1	16x256x2016	0.0019371293019503355	0.021280961111187935	0.005909338593482971	0.001701578963547945	0.004048096016049385	0.0063838055357337	0.0	0.0	0.0	0.0	0.0	0.0	1.0	encoder.blocks.0.attn.qkv	1	inverse_decoder_prefix_self	nan	nan	nan	post_update1001
total	0	encoder.blocks.0.attn.proj.call1	16x256x672	0.0003909780061803758	0.0072388113476336	0.0012777429074048996	0.00034882122417911887	0.0008534856024198234	0.0015830191550776362	0.0	0.0	0.0	0.0	0.0	0.0	1.0	encoder.blocks.0.attn.proj	1	inverse_decoder_prefix_self	nan	nan	nan	post_update1001
total	0	encoder.blocks.0.attn.qkv.call2	16x256x2016	0.0019371293019503355	0.021280961111187935	0.005909338593482971	0.001701578963547945	0.004048096016049385	0.0063838055357337	1.14537870103959e-05	0.0014821195509284735	2.3640783183509484e-05	2.673017661436461e-06	1.5696194168413058e-05	1.6753972431615693e-08	1.0	encoder.blocks.0.attn.qkv	2	inverse_decoder_prefix_branch_kv	0.005241312552243471	4.5030851651972625e-06	9.0674904640764e-05	post_update1001
total	0	encoder.blocks.0.attn.qkv.call3	16x16x16x2016	1.3419307470321655	4.756901741027832	3.4227848052978516	1.4057968854904175	1.5766897201538086	1.5893373489379883	4.3575016661634436e-07	0.00019028720271307975	2.1071424605167977e-09	5.259893215425748e-11	2.607936622212037e-08	3.771228023197182e-07	1.0	encoder.blocks.0.attn.qkv	3	inverse_decoder_branch	0.037246137857437134	3.2000101782614365e-05	0.0018838515970855951	post_update1001
total	0	encoder.blocks.0.attn.proj.call2	16x16x16x672	0.010445832274854183	1.3782117366790771	0.0016013082349672914	0.00034256259095855057	0.0014704099157825112	0.3855988383293152	0.00014568354527000338	0.003913901746273041	0.00015840926789678633	0.00015080225421115756	0.00016574776964262128	3.2088294119603233e-06	1.0	encoder.blocks.0.attn.proj	2	inverse_decoder_branch	0.07059209048748016	0.0001050477585522458	0.0109652578830719	post_update1001
