microbatch_index	local_row	global_row	is_dominant_gradient_row	anchor_ordinal	anchor_position	target_position	horizon	input_token_id	target_token_id	target_byte_hex	predicted_token_id	correct	nll	max_probability	p_rms	innovation_w_rms	s_raw_rms	z_raw_rms	stored_s_rms	stored_z_rms	decoded_hidden_rms	logits_rms	z_boundary_denominator_rms	s_boundary_denominator_rms
0	0	0	0	0	0	5	5	32	97	61	101	0	2.5410006046295166	0.1795746386051178	0.5713225603103638	20.694602966308594	21.693246841430664	7.370188236236572	0.9999999403953552	1.0	2.420419931411743	6.1227922439575195	7.370188236236572	21.693246841430664
0	0	0	0	1	16	21	5	32	77	4d	32	0	6.843403339385986	0.17889326810836792	0.5708491802215576	20.657127380371094	21.655776977539062	7.349288463592529	0.9999999403953552	1.0	2.3248250484466553	7.435978889465332	7.349288463592529	21.655776977539062
0	0	0	0	2	32	37	5	98	32	20	32	1	1.4582726955413818	0.23263776302337646	0.5712343454360962	20.67632293701172	21.674997329711914	7.355358123779297	1.0	1.0	2.325195550918579	7.803468704223633	7.355358123779297	21.674997329711914
0	0	0	0	3	48	53	5	101	78	4e	32	0	6.834741592407227	0.20120874047279358	0.5713600516319275	20.695316314697266	21.693967819213867	7.369865894317627	1.0	1.0	2.324075937271118	7.930360794067383	7.369865894317627	21.693967819213867
0	0	0	0	4	64	69	5	32	101	65	32	0	2.552427053451538	0.1652044951915741	0.5734022855758667	20.7982234954834	21.79697608947754	7.419738292694092	1.0	1.0000001192092896	2.3356385231018066	7.828648090362549	7.419738292694092	21.79697608947754
0	0	0	0	5	80	85	5	32	105	69	32	0	3.0129995346069336	0.17386214435100555	0.573642373085022	20.813091278076172	21.81184959411621	7.428404331207275	1.0	1.0	2.3307743072509766	7.6437859535217285	7.428404331207275	21.81184959411621
0	0	0	0	6	96	101	5	103	32	20	32	1	1.682429313659668	0.18592175841331482	0.5714697241783142	20.702531814575195	21.70118522644043	7.373605251312256	1.0	1.0	2.325857162475586	7.650190353393555	7.373605251312256	21.70118522644043
0	0	0	0	7	112	117	5	10	101	65	32	0	2.5072901248931885	0.1715671718120575	0.5715599060058594	20.70261573791504	21.70128631591797	7.371023178100586	1.0	0.9999999403953552	2.334831476211548	7.3359198570251465	7.371023178100586	21.70128631591797
0	0	0	0	8	128	133	5	32	101	65	32	0	2.5215964317321777	0.18777434527873993	0.5752710103988647	20.920551300048828	21.919328689575195	7.486410617828369	0.9999999403953552	1.0	2.33971905708313	7.151134014129639	7.486410617828369	21.919328689575195
0	0	0	0	9	144	149	5	97	70	46	32	0	5.68049430847168	0.19986753165721893	0.5780624747276306	21.103925704956055	22.102733612060547	7.583896636962891	1.0	1.0000001192092896	2.905988931655884	8.465484619140625	7.583896636962891	22.102733612060547
0	0	0	0	10	160	165	5	100	101	65	32	0	2.5820250511169434	0.17656610906124115	0.5717805027961731	20.71413803100586	21.712820053100586	7.374685287475586	1.0	1.0	2.3419270515441895	6.874386787414551	7.374685287475586	21.712820053100586
0	0	0	0	11	176	181	5	110	121	79	32	0	4.804754257202148	0.17189931869506836	0.5716650485992432	20.719213485717773	21.717863082885742	7.383406639099121	1.0	1.0	2.344144344329834	6.7881693840026855	7.383406639099121	21.717863082885742
0	0	0	0	12	192	197	5	40	67	43	32	0	3.9337880611419678	0.17980574071407318	0.5715988278388977	20.706443786621094	21.70511245727539	7.374038219451904	0.9999999403953552	1.0	2.3396835327148438	6.754680156707764	7.374038219451904	21.70511245727539
0	0	0	0	13	208	213	5	101	108	6c	32	0	3.893838882446289	0.1766553372144699	0.571536123752594	20.70884895324707	21.70749855041504	7.377243518829346	1.0	0.9999998807907104	2.344728946685791	6.791710376739502	7.377243518829346	21.70749855041504
0	0	0	0	14	224	229	5	32	67	43	32	0	3.6114563941955566	0.17764368653297424	0.5741577744483948	20.848949432373047	21.84770965576172	7.447226524353027	0.9999999403953552	0.9999999403953552	2.3428969383239746	6.748816013336182	7.447226524353027	21.84770965576172
0	0	0	0	15	240	245	5	97	114	72	32	0	3.4364919662475586	0.2167685627937317	0.5772848129272461	21.05424690246582	22.05304527282715	7.556929111480713	1.0	1.0000001192092896	2.8950846195220947	9.580252647399902	7.556929111480713	22.05304527282715
0	0	0	0	0	0	6	6	32	114	72	101	0	3.0839967727661133	0.18063496053218842	0.572597324848175	20.752439498901367	21.75116539001465	7.39751672744751	1.0	1.0	2.4211084842681885	6.009115219116211	7.39751672744751	21.75116539001465
0	0	0	0	1	16	22	6	32	117	75	32	0	4.072580337524414	0.17688117921352386	0.5725215077400208	20.746614456176758	21.74534034729004	7.395010471343994	1.0	1.0	2.3311662673950195	7.205010414123535	7.395010471343994	21.74534034729004
0	0	0	0	2	32	38	6	98	83	53	32	0	4.936432838439941	0.22878776490688324	0.5728356242179871	20.76505470275879	21.763790130615234	7.404301166534424	1.0	0.9999999403953552	2.331489324569702	7.653428554534912	7.404301166534424	21.763790130615234
0	0	0	0	3	48	54	6	101	73	49	32	0	6.782382011413574	0.19181527197360992	0.5726483464241028	20.75530433654785	21.754032135009766	7.399049282073975	1.0	0.9999998807907104	2.326549530029297	7.974729061126709	7.399049282073975	21.754032135009766
0	0	0	0	4	64	70	6	32	32	20	32	1	1.7519699335098267	0.17343194782733917	0.5743939876556396	20.861434936523438	21.860200881958008	7.457367420196533	1.0	1.0	2.3423166275024414	7.638295650482178	7.457367420196533	21.860200881958008
0	0	0	0	5	80	86	6	32	110	6e	32	0	3.5034255981445312	0.17373251914978027	0.5744984745979309	20.868009567260742	21.866779327392578	7.461241245269775	0.9999998807907104	1.0	2.333707571029663	7.56783390045166	7.461241245269775	21.866779327392578
0	0	0	0	6	96	102	6	103	40	28	32	0	5.810723304748535	0.185122549533844	0.5727315545082092	20.76067543029785	21.7594051361084	7.401825428009033	0.9999999403953552	1.0	2.328970193862915	7.583906173706055	7.401825428009033	21.7594051361084
0	0	0	0	7	112	118	6	10	32	20	32	1	1.779384970664978	0.16874189674854279	0.5728444457054138	20.766517639160156	21.76525115966797	7.405025005340576	1.0	0.9999998807907104	2.3360660076141357	7.395308971405029	7.405025005340576	21.76525115966797
0	0	0	0	8	128	134	6	32	116	74	32	0	2.9538230895996094	0.1823224276304245	0.5751597285270691	20.910120010375977	21.908899307250977	7.483478546142578	1.0	0.9999998807907104	2.3421740531921387	7.062727928161621	7.483478546142578	21.908899307250977
0	0	0	0	9	144	150	6	97	80	50	32	0	5.234905242919922	0.20093414187431335	0.5761439800262451	20.972461700439453	21.971254348754883	7.516810894012451	1.0	1.0	2.9023208618164062	8.384819984436035	7.516810894012451	21.971254348754883
0	0	0	0	10	160	166	6	100	108	6c	32	0	3.9228081703186035	0.17342238128185272	0.5730326175689697	20.777650833129883	21.776391983032227	7.410430431365967	0.9999998807907104	0.9999998807907104	2.3444154262542725	6.843375205993652	7.410430431365967	21.776391983032227
0	0	0	0	11	176	182	6	110	32	20	32	1	1.7533763647079468	0.1731882095336914	0.5727130770683289	20.76009178161621	21.758819580078125	7.401297569274902	0.9999999403953552	0.9999998807907104	2.345618486404419	6.710840225219727	7.401297569274902	21.758819580078125
0	0	0	0	12	192	198	6	40	50	32	32	0	6.3285627365112305	0.17979109287261963	0.5728480219841003	20.767024993896484	21.76576042175293	7.405338764190674	1.0	0.9999998807907104	2.3394505977630615	6.78679895401001	7.405338764190674	21.76576042175293
0	0	0	0	13	208	214	6	101	100	64	32	0	3.727377414703369	0.17607375979423523	0.5726854801177979	20.757946014404297	21.756675720214844	7.400233745574951	1.0	1.0	2.3454644680023193	6.757437705993652	7.400233745574951	21.756675720214844
0	0	0	0	14	224	230	6	32	51	33	32	0	6.055416584014893	0.17655296623706818	0.5746681094169617	20.878976821899414	21.877748489379883	7.466601848602295	0.9999998807907104	0.9999998807907104	2.3430519104003906	6.777709007263184	7.466601848602295	21.877748489379883
0	0	0	0	15	240	246	6	97	110	6e	32	0	3.2460896968841553	0.2204398214817047	0.575812816619873	20.951557159423828	21.95034408569336	7.505455493927002	1.0	1.0	2.8935582637786865	9.42592716217041	7.505455493927002	21.95034408569336
0	1	1	0	0	0	5	5	104	121	79	32	0	5.373139381408691	0.18236465752124786	0.20474037528038025	0.34208282828330994	1.2141098976135254	0.3928559124469757	0.9999996423721313	0.9999967813491821	1.186684250831604	6.452343940734863	0.3928571939468384	1.214110255241394
0	1	1	0	1	16	21	5	109	32	20	32	1	1.6116441488265991	0.19955922663211823	0.5716251134872437	20.708948135375977	21.70761489868164	7.374056816101074	1.0	0.9999998807907104	2.368631362915039	5.846281051635742	7.374056816101074	21.70761489868164
0	1	1	0	2	32	37	5	46	49	31	32	0	6.840213298797607	0.1804913431406021	0.5718379020690918	20.71754264831543	21.71622657775879	7.376935958862305	1.0	1.0	2.3460030555725098	6.21360969543457	7.376935958862305	21.71622657775879
0	1	1	0	3	48	53	5	97	111	6f	32	0	3.0679702758789062	0.2373867779970169	0.5767620205879211	21.022445678710938	22.021236419677734	7.540331840515137	1.0	0.9999999403953552	2.909762144088745	7.742053031921387	7.540331840515137	22.021236419677734
0	1	1	0	4	64	69	5	114	116	74	32	0	2.645956039428711	0.20033885538578033	0.5715190172195435	20.69982147216797	21.698488235473633	7.370606422424316	1.0	1.0	2.321413040161133	7.244313716888428	7.370606422424316	21.698488235473633
0	1	1	0	5	80	85	5	111	116	74	32	0	2.773897647857666	0.2102886587381363	0.5761684775352478	21.103078842163086	22.101560592651367	7.619171142578125	1.0	1.0	2.327249765396118	6.727421760559082	7.619171142578125	22.101560592651367
0	1	1	0	6	96	101	5	104	97	61	32	0	2.606886386871338	0.20151332020759583	0.5719665288925171	20.719663619995117	21.718360900878906	7.3744001388549805	1.0	1.0	2.3198108673095703	7.324838638305664	7.3744001388549805	21.718360900878906
0	1	1	0	7	112	117	5	100	110	6e	32	0	3.1132097244262695	0.1986798793077469	0.5717328190803528	20.711790084838867	21.71047019958496	7.373782157897949	1.0	0.9999998807907104	2.320812940597534	7.2284932136535645	7.373782157897949	21.71047019958496
0	1	1	0	8	128	133	5	104	32	20	32	1	1.6065378189086914	0.20058086514472961	0.5719457864761353	20.718299865722656	21.716999053955078	7.373579025268555	1.0	0.9999999403953552	2.3147199153900146	7.177227973937988	7.373579025268555	21.716999053955078
0	1	1	0	9	144	149	5	44	104	68	32	0	3.5076143741607666	0.1852942258119583	0.5717347860336304	20.71875	21.7174129486084	7.381999969482422	1.0	1.0	2.3189194202423096	7.167363166809082	7.381999969482422	21.7174129486084
0	1	1	0	10	160	165	5	100	32	20	32	1	1.6069523096084595	0.20049773156642914	0.5717664957046509	20.71154022216797	21.710224151611328	7.372654914855957	1.0	0.9999998807907104	2.3146607875823975	7.330534934997559	7.372654914855957	21.710224151611328
0	1	1	0	11	176	181	5	105	32	20	32	1	1.6186851263046265	0.1981590837240219	0.5720356106758118	20.70680809020996	21.705541610717773	7.3671770095825195	0.9999998807907104	1.0	2.8860788345336914	8.474530220031738	7.3671770095825195	21.705541610717773
0	1	1	0	12	192	197	5	32	85	55	32	0	7.91088342666626	0.19583702087402344	0.5711470246315002	20.66953468322754	21.668209075927734	7.354222774505615	1.0	1.0	2.31740140914917	6.9323601722717285	7.354222774505615	21.668209075927734
0	1	1	0	13	208	213	5	105	101	65	32	0	2.2841484546661377	0.20708219707012177	0.5721516013145447	20.714052200317383	21.71278953552246	7.3711748123168945	0.9999998807907104	0.9999999403953552	2.8811779022216797	8.968836784362793	7.3711748123168945	21.71278953552246
0	1	1	0	14	224	229	5	32	121	79	32	0	4.938326358795166	0.18673591315746307	0.5760928988456726	20.97188949584961	21.970680236816406	7.514339923858643	1.0	1.0	2.322258234024048	6.657909393310547	7.514339923858643	21.970680236816406
0	1	1	0	15	240	245	5	102	32	20	32	1	1.6620639562606812	0.1897469460964203	0.5719789266586304	20.72349739074707	21.722192764282227	7.379708766937256	0.9999999403953552	1.0	2.321890354156494	6.693428993225098	7.379708766937256	21.722192764282227
0	1	1	0	0	0	6	6	104	97	61	195	0	3.540371894836426	0.13142752647399902	1.1706136465072632	78.74180603027344	79.71231079101562	73.09699249267578	1.0	1.0	2.7849020957946777	4.453991413116455	73.09699249267578	79.71231079101562
0	1	1	0	1	16	22	6	109	79	4f	32	0	6.169476509094238	0.20225799083709717	0.5728223323822021	20.765291213989258	21.764026641845703	7.403975963592529	1.0	1.0	2.3754091262817383	5.698988914489746	7.403975963592529	21.764026641845703
0	1	1	0	2	32	38	6	46	57	39	32	0	6.198563098907471	0.18299409747123718	0.5730398893356323	20.7780818939209	21.77682113647461	7.410919666290283	1.0	1.0	2.3524787425994873	6.124352931976318	7.410919666290283	21.77682113647461
0	1	1	0	3	48	54	6	97	110	6e	32	0	3.0852408409118652	0.22212836146354675	0.5754470229148865	20.928442001342773	21.92722511291504	7.493391990661621	1.0	1.0	2.911912441253662	7.558385848999023	7.493391990661621	21.92722511291504
0	1	1	0	4	64	70	6	114	104	68	32	0	3.520354986190796	0.2070423811674118	0.5728962421417236	20.770051956176758	21.768787384033203	7.407064914703369	1.0	1.0	2.325709581375122	7.076318264007568	7.407064914703369	21.768787384033203
0	1	1	0	5	80	86	6	111	103	67	32	0	4.993867874145508	0.21059942245483398	0.5718981027603149	20.7230224609375	21.721704483032227	7.381235599517822	1.0	1.0	2.325294017791748	6.589087009429932	7.381235599517822	21.721704483032227
0	1	1	0	6	96	102	6	104	32	20	32	1	1.5944569110870361	0.20301875472068787	0.5731377601623535	20.782793045043945	21.781536102294922	7.41348123550415	1.0	0.9999999403953552	2.3236629962921143	7.285426616668701	7.41348123550415	21.781536102294922
0	1	1	0	7	112	118	6	100	100	64	32	0	3.496126651763916	0.18988284468650818	0.5729906558990479	20.775144577026367	21.773883819580078	7.409117698669434	0.9999999403953552	0.9999999403953552	2.3233482837677	7.162970542907715	7.409117698669434	21.773883819580078
0	1	1	0	8	128	134	6	104	119	77	32	0	4.170865058898926	0.19954155385494232	0.5731272101402283	20.7821044921875	21.78084945678711	7.41309118270874	1.0	0.9999999403953552	2.3158457279205322	7.200421333312988	7.41309118270874	21.78084945678711
0	1	1	0	9	144	150	6	44	111	6f	32	0	2.914466619491577	0.18520191311836243	0.5728639960289001	20.76877212524414	21.767505645751953	7.406164169311523	0.9999999403953552	0.9999999403953552	2.3213601112365723	7.035734176635742	7.406164169311523	21.767505645751953
0	1	1	0	10	160	166	6	100	98	62	32	0	4.970226287841797	0.19941562414169312	0.5730510950088501	20.778478622436523	21.777219772338867	7.410931587219238	0.9999998807907104	0.9999999403953552	2.3174619674682617	7.291574001312256	7.410931587219238	21.777219772338867
0	1	1	0	11	176	182	6	105	99	63	32	0	3.738588809967041	0.19827736914157867	0.5737266540527344	20.818023681640625	21.81678009033203	7.433824062347412	1.0	1.0	2.893065929412842	8.525073051452637	7.433824062347412	21.81678009033203
0	1	1	0	12	192	198	6	32	83	53	32	0	5.697098731994629	0.19292820990085602	0.5728709697723389	20.767597198486328	21.76633071899414	7.4064226150512695	1.0	1.0	2.319049596786499	6.935667514801025	7.4064226150512695	21.76633071899414
0	1	1	0	13	208	214	6	105	112	70	32	0	4.803680896759033	0.21071842312812805	0.5737866759300232	20.82180404663086	21.82056427001953	7.435908794403076	1.0	1.0	2.8887312412261963	8.861726760864258	7.435908794403076	21.82056427001953
0	1	1	0	14	224	230	6	32	107	6b	32	0	5.859090805053711	0.18698203563690186	0.575553834438324	20.934885025024414	21.933670043945312	7.496987342834473	0.9999999403953552	1.0	2.3230161666870117	6.646473407745361	7.496987342834473	21.933670043945312
0	1	1	0	15	240	246	6	102	67	43	32	0	5.42805290222168	0.19195017218589783	0.5732138752937317	20.78867530822754	21.787418365478516	7.416743755340576	1.0	1.0000001192092896	2.3229658603668213	6.654898643493652	7.416743755340576	21.787418365478516
0	2	2	0	0	0	5	5	119	32	20	32	1	1.429948091506958	0.23932135105133057	0.5709803700447083	20.65229606628418	21.650981903076172	7.346726894378662	1.0	0.9999998807907104	2.4433605670928955	6.182558059692383	7.346726894378662	21.650981903076172
0	2	2	0	1	16	21	5	32	104	68	32	0	3.076613187789917	0.1625601202249527	0.5711390376091003	20.67220115661621	21.670866012573242	7.356499671936035	1.0	1.0	2.3432986736297607	6.652621746063232	7.356499671936035	21.670866012573242
0	2	2	0	2	32	37	5	104	32	20	32	1	1.482282042503357	0.2271188199520111	0.5720548033714294	20.726049423217773	21.724746704101562	7.3776774406433105	1.0	0.9999998807907104	2.3340225219726562	6.629754543304443	7.3776774406433105	21.724746704101562
0	2	2	0	3	48	53	5	107	111	6f	32	0	2.951225757598877	0.21125808358192444	0.5720392465591431	20.724245071411133	21.722946166992188	7.3790764808654785	0.9999999403953552	1.0	2.330561876296997	6.685903072357178	7.3790764808654785	21.722946166992188
0	2	2	0	4	64	69	5	101	110	6e	32	0	3.389359951019287	0.2040489912033081	0.5714731216430664	20.703218460083008	21.701871871948242	7.3740315437316895	0.9999999403953552	1.0	2.333418130874634	6.520031452178955	7.3740315437316895	21.701871871948242
0	2	2	0	5	80	85	5	99	32	20	32	1	1.5952104330062866	0.2028658390045166	0.5717341303825378	20.7185115814209	21.71717643737793	7.380398750305176	1.0	0.9999998807907104	2.327167510986328	6.388258934020996	7.380398750305176	21.71717643737793
0	2	2	0	6	96	101	5	97	111	6f	32	0	3.02252197265625	0.16968613862991333	0.5767468810081482	21.019588470458984	22.01837921142578	7.538220405578613	1.0	1.0	2.9036550521850586	8.157573699951172	7.538220405578613	22.01837921142578
0	2	2	0	7	112	117	5	101	32	20	32	1	1.6282333135604858	0.19627602398395538	0.5714789032936096	20.70468521118164	21.703332901000977	7.37499475479126	1.0	0.9999998807907104	2.3251683712005615	6.478963851928711	7.37499475479126	21.703332901000977
0	2	2	0	8	128	133	5	32	100	64	32	0	3.457923412322998	0.1793370395898819	0.5763765573501587	20.989004135131836	21.9877986907959	7.5239152908325195	1.0	1.0	2.3334743976593018	6.045773506164551	7.5239152908325195	21.9877986907959
0	2	2	0	9	144	149	5	111	115	73	32	0	3.1850109100341797	0.20743107795715332	0.5755016207695007	20.93701171875	21.935789108276367	7.493356227874756	1.0	0.9999999403953552	2.90266489982605	7.987787246704102	7.493356227874756	21.935789108276367
0	2	2	0	10	160	165	5	97	97	61	32	0	2.8828909397125244	0.22450943291187286	0.5767894387245178	21.022319793701172	22.0211124420166	7.5397539138793945	1.0	0.9999999403953552	2.8990917205810547	8.539101600646973	7.5397539138793945	22.0211124420166
0	2	2	0	11	176	181	5	99	119	77	32	0	4.148708343505859	0.19234870374202728	0.5716938376426697	20.715518951416016	21.714181900024414	7.378813743591309	1.0	0.9999998807907104	2.325192928314209	6.433941841125488	7.378813743591309	21.714181900024414
0	2	2	0	12	192	197	5	116	97	61	32	0	2.7286689281463623	0.19747796654701233	0.5722249746322632	20.739686965942383	21.738386154174805	7.391261577606201	1.0	1.0	2.3261184692382812	6.298149585723877	7.391261577606201	21.738386154174805
0	2	2	0	13	208	213	5	32	114	72	32	0	3.22043776512146	0.20442061126232147	0.5723824501037598	20.733619689941406	21.73235321044922	7.385015487670898	1.0	0.9999999403953552	2.32609224319458	6.1203413009643555	7.385015487670898	21.73235321044922
0	2	2	0	14	224	229	5	102	32	20	32	1	1.538559913635254	0.21469004452228546	0.5722165107727051	20.73631477355957	21.735017776489258	7.3854780197143555	1.0	1.0	2.3272175788879395	6.157680511474609	7.3854780197143555	21.735017776489258
0	2	2	0	15	240	245	5	120	32	20	32	1	1.602687120437622	0.2013547271490097	0.5713010430335999	20.68505859375	21.683725357055664	7.3620147705078125	0.9999998807907104	1.0000001192092896	2.3238353729248047	6.464561462402344	7.3620147705078125	21.683725357055664
0	2	2	0	0	0	6	6	119	100	64	32	0	3.85107159614563	0.2213200330734253	0.5730407238006592	20.777612686157227	21.776351928710938	7.412578105926514	0.9999998807907104	1.0	2.445343255996704	6.274622917175293	7.412578105926514	21.776351928710938
0	2	2	0	1	16	22	6	32	101	65	32	0	2.0160160064697266	0.1637813150882721	0.5727880001068115	20.762889862060547	21.761621475219727	7.4037861824035645	1.0	1.0	2.346907615661621	6.684568881988525	7.4037861824035645	21.761621475219727
0	2	2	0	2	32	38	6	104	102	66	32	0	3.8728294372558594	0.22492262721061707	0.5731600522994995	20.784252166748047	21.782995223999023	7.414139747619629	1.0	1.0	2.3421802520751953	6.493197917938232	7.414139747619629	21.782995223999023
0	2	2	0	3	48	54	6	107	109	6d	32	0	3.5708115100860596	0.21731312572956085	0.5732790231704712	20.792194366455078	21.790939331054688	7.418846607208252	1.0	1.0000001192092896	2.337127208709717	6.549901485443115	7.418846607208252	21.790939331054688
0	2	2	0	4	64	70	6	101	32	20	32	1	1.5856099128723145	0.204822838306427	0.5726931691169739	20.758203506469727	21.756935119628906	7.400494575500488	0.9999998807907104	0.9999999403953552	2.3408279418945312	6.333935737609863	7.400494575500488	21.756935119628906
0	2	2	0	5	80	86	6	99	46	2e	32	0	4.8437724113464355	0.2043980360031128	0.5728961825370789	20.770692825317383	21.769428253173828	7.40675687789917	1.0	1.0	2.33078932762146	6.319092750549316	7.40675687789917	21.769428253173828
0	2	2	0	6	96	102	6	97	32	20	32	1	1.7578058242797852	0.17242278158664703	0.575589120388031	20.937414169311523	21.936199188232422	7.497831344604492	1.0	0.9999998807907104	2.904217481613159	7.9923272132873535	7.497831344604492	21.936199188232422
0	2	2	0	7	112	118	6	101	44	2c	32	0	4.732813835144043	0.1945531815290451	0.5726665258407593	20.75668716430664	21.755416870117188	7.399619102478027	0.9999999403953552	1.0	2.329080581665039	6.351039409637451	7.399619102478027	21.755416870117188
0	2	2	0	8	128	134	6	32	111	6f	32	0	2.8575258255004883	0.18247006833553314	0.5757173299789429	20.945171356201172	21.94395637512207	7.502668857574463	1.0	0.9999999403953552	2.335120439529419	6.024832725524902	7.502668857574463	21.94395637512207
0	2	2	0	9	144	150	6	111	117	75	32	0	3.787714958190918	0.2044876366853714	0.5750820636749268	20.904890060424805	21.903669357299805	7.4805426597595215	1.0	1.0	2.903538465499878	7.980010509490967	7.4805426597595215	21.903669357299805
0	2	2	0	10	160	166	6	97	100	64	32	0	3.1814255714416504	0.21841900050640106	0.5756038427352905	20.93834114074707	21.937124252319336	7.498362064361572	1.0	0.9999998807907104	2.8991668224334717	8.363999366760254	7.498362064361572	21.937124252319336
0	2	2	0	11	176	182	6	99	108	6c	32	0	3.7256946563720703	0.1934754103422165	0.5728827118873596	20.769784927368164	21.76852035522461	7.406332015991211	1.0	1.0	2.327745199203491	6.375087738037109	7.406332015991211	21.76852035522461
0	2	2	0	12	192	198	6	116	119	77	32	0	4.256134986877441	0.19637176394462585	0.5733689069747925	20.79899787902832	21.797744750976562	7.422956943511963	1.0	1.0000001192092896	2.326895236968994	6.2717366218566895	7.422956943511963	21.797744750976562
0	2	2	0	13	208	214	6	32	32	20	32	1	1.595302700996399	0.20284712314605713	0.5739232301712036	20.83184242248535	21.830602645874023	7.441323280334473	1.0	1.0	2.32791805267334	6.115784645080566	7.441323280334473	21.830602645874023
0	2	2	0	14	224	230	6	102	103	67	32	0	4.677189826965332	0.2161884903907776	0.5733858942985535	20.79905891418457	21.797805786132812	7.422262191772461	1.0	1.0	2.3292019367218018	6.151913166046143	7.422262191772461	21.797805786132812
0	2	2	0	15	240	246	6	120	73	49	32	0	6.745143413543701	0.194888636469841	0.5727657675743103	20.76151466369629	21.7602481842041	7.402466297149658	1.0	0.9999998807907104	2.3260984420776367	6.416994094848633	7.402466297149658	21.7602481842041
0	3	3	0	0	0	5	5	32	32	20	101	0	1.746349573135376	0.1795746386051178	0.5713225603103638	20.694602966308594	21.693246841430664	7.370188236236572	0.9999999403953552	1.0	2.420419931411743	6.1227922439575195	7.370188236236572	21.693246841430664
0	3	3	0	1	16	21	5	101	114	72	32	0	3.4737091064453125	0.23915532231330872	0.5716434717178345	20.71784782409668	21.716495513916016	7.3826003074646	1.0	0.9999998807907104	2.3492321968078613	7.261197566986084	7.3826003074646	21.716495513916016
0	3	3	0	2	32	37	5	72	99	63	32	0	3.791306972503662	0.21921950578689575	0.5713304281234741	20.6822452545166	21.680923461914062	7.3573431968688965	0.9999998807907104	1.0	2.3394875526428223	6.61576509475708	7.3573431968688965	21.680923461914062
0	3	3	0	3	48	53	5	116	97	61	32	0	2.736504077911377	0.2245815247297287	0.572312593460083	20.74353790283203	21.74224281311035	7.392961502075195	1.0	1.0	2.3235225677490234	7.105701923370361	7.392961502075195	21.74224281311035
0	3	3	0	4	64	69	5	32	101	65	32	0	2.1412384510040283	0.17769406735897064	0.5711877942085266	20.675296783447266	21.673965454101562	7.357070446014404	1.0	1.0	2.3191943168640137	6.898569583892822	7.357070446014404	21.673965454101562
0	3	3	0	5	80	85	5	100	111	6f	32	0	3.0624029636383057	0.19461272656917572	0.5718249678611755	20.71428108215332	21.712970733642578	7.373661994934082	1.0	1.0	2.330968141555786	6.6218366622924805	7.373661994934082	21.712970733642578
0	3	3	0	6	96	101	5	104	101	65	32	0	2.219419479370117	0.18725989758968353	0.5720160603523254	20.723417282104492	21.72211456298828	7.37660026550293	1.0	1.0	2.330345630645752	6.370791435241699	7.37660026550293	21.72211456298828
0	3	3	0	7	112	117	5	116	116	74	32	0	2.5786166191101074	0.19562849402427673	0.5722271203994751	20.738513946533203	21.737213134765625	7.390593528747559	1.0	1.0	2.3327553272247314	6.28125524520874	7.390593528747559	21.737213134765625
0	3	3	0	8	128	133	5	117	110	6e	32	0	3.176903486251831	0.19251395761966705	0.5715143084526062	20.691837310791016	21.69052505493164	7.363609313964844	0.9999998807907104	1.0000001192092896	2.325352907180786	6.429169654846191	7.363609313964844	21.69052505493164
0	3	3	0	9	144	149	5	99	32	20	32	1	1.6376895904541016	0.19442874193191528	0.571554958820343	20.704980850219727	21.703643798828125	7.373104095458984	0.9999999403953552	0.9999998807907104	2.3361599445343018	6.082812309265137	7.373104095458984	21.703643798828125
0	3	3	0	10	160	165	5	32	72	48	32	0	6.405341148376465	0.19507436454296112	0.5726808905601501	20.75385093688965	21.752586364746094	7.39570951461792	1.0	0.9999999403953552	2.3335182666778564	6.182244777679443	7.39570951461792	21.752586364746094
0	3	3	0	11	176	181	5	104	111	6f	32	0	3.0352025032043457	0.17946934700012207	0.5720113515853882	20.72172737121582	21.720428466796875	7.375006675720215	1.0	1.0	2.332473039627075	5.976346015930176	7.375006675720215	21.720428466796875
0	3	3	0	12	192	197	5	32	105	69	32	0	3.020026683807373	0.19195431470870972	0.5723124742507935	20.73012924194336	21.728858947753906	7.383562088012695	1.0	1.0	2.3333170413970947	5.803046703338623	7.383562088012695	21.728858947753906
0	3	3	0	13	208	213	5	110	83	53	32	0	5.500133991241455	0.1992902159690857	0.571657121181488	20.72066879272461	21.71931266784668	7.384586334228516	1.0	1.0	2.336864709854126	5.8523993492126465	7.384586334228516	21.71931266784668
0	3	3	0	14	224	229	5	46	101	65	32	0	2.309225559234619	0.18633103370666504	0.5716943740844727	20.706798553466797	21.705482482910156	7.3712053298950195	0.9999998807907104	1.0	2.331298828125	6.018815040588379	7.3712053298950195	21.705482482910156
0	3	3	0	15	240	245	5	32	32	20	32	1	1.744265079498291	0.17477338016033173	0.5740500688552856	20.843120574951172	21.84187889099121	7.444563865661621	0.9999999403953552	1.0	2.335465669631958	5.816668510437012	7.444563865661621	21.84187889099121
0	3	3	0	0	0	6	6	32	53	35	101	0	7.514970302581787	0.18063496053218842	0.572597324848175	20.752439498901367	21.75116539001465	7.39751672744751	1.0	1.0	2.4211084842681885	6.009115219116211	7.39751672744751	21.75116539001465
0	3	3	0	1	16	22	6	101	101	65	32	0	2.066685199737549	0.2448609471321106	0.5726944804191589	20.75887107849121	21.757600784301758	7.400617599487305	1.0	0.9999998807907104	2.356451988220215	7.04576301574707	7.400617599487305	21.757600784301758
0	3	3	0	2	32	38	6	72	97	61	32	0	2.693859815597534	0.22159193456172943	0.5728247165679932	20.764068603515625	21.762805938720703	7.4036736488342285	1.0	1.0	2.3449504375457764	6.498897075653076	7.4036736488342285	21.762805938720703
0	3	3	0	3	48	54	6	116	97	61	32	0	2.7095484733581543	0.21247202157974243	0.5734490156173706	20.80377197265625	21.802518844604492	7.425624847412109	1.0	1.0	2.3247902393341064	7.1181511878967285	7.425624847412109	21.802518844604492
0	3	3	0	4	64	70	6	32	101	65	32	0	2.178224563598633	0.18194742500782013	0.5728175640106201	20.764598846435547	21.76333236694336	7.404363632202148	1.0	1.0	2.3233864307403564	6.823104381561279	7.404363632202148	21.76333236694336
0	3	3	0	5	80	86	6	100	110	6e	32	0	3.2856764793395996	0.2075309306383133	0.5730916261672974	20.78082275390625	21.779563903808594	7.4122161865234375	1.0	1.0	2.337881565093994	6.494663238525391	7.4122161865234375	21.779563903808594
0	3	3	0	6	96	102	6	104	114	72	32	0	3.170652151107788	0.18713605403900146	0.5731558799743652	20.784048080444336	21.782791137695312	7.4141154289245605	0.9999998807907104	1.0	2.3350062370300293	6.376833438873291	7.4141154289245605	21.782791137695312
0	3	3	0	7	112	118	6	116	101	65	32	0	2.148890733718872	0.18753761053085327	0.5734016299247742	20.8008975982666	21.79964256286621	7.42411470413208	1.0	1.0	2.3332440853118896	6.255792140960693	7.42411470413208	21.79964256286621
0	3	3	0	8	128	134	6	117	116	74	32	0	2.530768632888794	0.20199230313301086	0.5730478763580322	20.778154373168945	21.77689552307129	7.411556720733643	0.9999999403953552	1.0	2.3301618099212646	6.282236576080322	7.411556720733643	21.77689552307129
0	3	3	0	9	144	150	6	99	46	2e	32	0	4.833860874176025	0.19534139335155487	0.5728495121002197	20.767475128173828	21.766210556030273	7.405278205871582	1.0	0.9999998807907104	2.338078260421753	6.061614513397217	7.405278205871582	21.766210556030273
0	3	3	0	10	160	166	6	32	97	61	32	0	2.686617612838745	0.18970726430416107	0.5740149021148682	20.83768081665039	21.836442947387695	7.444334983825684	0.9999998807907104	0.9999998807907104	2.3335120677948	6.235360145568848	7.444334983825684	21.836442947387695
0	3	3	0	11	176	182	6	104	116	74	32	0	2.635786294937134	0.17983241379261017	0.5731683969497681	20.784528732299805	21.783273696899414	7.414390563964844	1.0	1.0000001192092896	2.3355441093444824	5.938326358795166	7.414390563964844	21.783273696899414
0	3	3	0	12	192	198	6	32	99	63	32	0	3.567150115966797	0.19097784161567688	0.5738649964332581	20.828340530395508	21.827098846435547	7.439459323883057	0.9999998807907104	0.9999999403953552	2.336059331893921	5.756248474121094	7.439459323883057	21.827098846435547
0	3	3	0	13	208	214	6	110	101	65	32	0	2.339280128479004	0.19813024997711182	0.5726563334465027	20.75679588317871	21.755521774291992	7.399420738220215	1.0	1.0	2.3386850357055664	5.785428047180176	7.399420738220215	21.755521774291992
0	3	3	0	14	224	230	6	46	114	72	32	0	3.129074811935425	0.18013371527194977	0.57300865650177	20.775922775268555	21.774662017822266	7.409938812255859	0.9999999403953552	1.0	2.332656145095825	6.00739860534668	7.409938812255859	21.774662017822266
0	3	3	0	15	240	246	6	32	44	2c	32	0	4.636538505554199	0.1794450879096985	0.5746017694473267	20.875	21.873769760131836	7.464463710784912	0.9999998807907104	0.9999999403953552	2.3363542556762695	5.827542304992676	7.464463710784912	21.873769760131836
0	4	4	0	0	0	5	5	104	97	61	32	0	2.7924976348876953	0.18236465752124786	0.20474037528038025	0.34208282828330994	1.2141098976135254	0.3928559124469757	0.9999996423721313	0.9999967813491821	1.186684250831604	6.452343940734863	0.3928571939468384	1.214110255241394
0	4	4	0	1	16	21	5	97	44	2c	32	0	4.195404529571533	0.19142067432403564	0.5775777697563171	21.076852798461914	22.075651168823242	7.570497035980225	1.0	1.0	2.9544715881347656	5.636421203613281	7.570497035980225	22.075651168823242
0	4	4	0	2	32	37	5	121	110	6e	32	0	2.9121041297912598	0.2045411616563797	0.569732666015625	20.590972900390625	21.589561462402344	7.317542552947998	1.0	1.0000001192092896	2.893796682357788	6.336956024169922	7.317542552947998	21.589561462402344
0	4	4	0	3	48	53	5	195	32	20	32	1	1.7208161354064941	0.17892006039619446	0.5708597898483276	20.655134201049805	21.653791427612305	7.345248699188232	1.0	0.9999999403953552	2.359320878982544	5.396371841430664	7.345248699188232	21.653791427612305
0	4	4	0	4	64	69	5	114	116	74	32	0	2.9977059364318848	0.17773333191871643	0.5717139840126038	20.72272491455078	21.72137451171875	7.384964942932129	1.0	1.0	2.3525421619415283	5.867976188659668	7.384964942932129	21.72137451171875
0	4	4	0	5	80	85	5	32	97	61	32	0	2.6420345306396484	0.17242228984832764	0.5712072849273682	20.6715030670166	21.670185089111328	7.354578971862793	1.0	1.0	2.3298838138580322	6.253365516662598	7.354578971862793	21.670185089111328
0	4	4	0	6	96	101	5	32	115	73	32	0	3.35575008392334	0.19145654141902924	0.5727139115333557	20.75627899169922	21.755016326904297	7.396296977996826	1.0	1.0	2.326812505722046	6.141765594482422	7.396296977996826	21.755016326904297
0	4	4	0	7	112	117	5	105	110	6e	32	0	2.9707024097442627	0.22357763350009918	0.5729758143424988	20.766357421875	21.765108108520508	7.400477409362793	1.0	0.9999999403953552	2.8951003551483154	7.815937042236328	7.400477409362793	21.765108108520508
0	4	4	0	8	128	133	5	115	97	61	32	0	2.603886842727661	0.1967993676662445	0.572118878364563	20.751094818115234	21.749752044677734	7.399775981903076	1.0	1.0	2.3477985858917236	5.934242248535156	7.399775981903076	21.749752044677734
0	4	4	0	9	144	149	5	109	110	6e	32	0	3.3018786907196045	0.18785631656646729	0.5717666149139404	20.723888397216797	21.722545623779297	7.384377479553223	1.0	1.0	2.3327581882476807	6.156948566436768	7.384377479553223	21.722545623779297
0	4	4	0	10	160	165	5	32	101	65	32	0	2.3514795303344727	0.19516459107398987	0.5726719498634338	20.752073287963867	21.750812530517578	7.394750118255615	1.0	1.0	2.3381731510162354	5.7823591232299805	7.394750118255615	21.750812530517578
0	4	4	0	11	176	181	5	32	105	69	32	0	3.0210676193237305	0.18463966250419617	0.5737860202789307	20.827116012573242	21.825870513916016	7.435991287231445	0.9999999403953552	1.0	2.336460590362549	5.809844017028809	7.435991287231445	21.825870513916016
0	4	4	0	12	192	197	5	111	101	65	32	0	2.280139923095703	0.19838829338550568	0.5770463347434998	21.03435516357422	22.03315544128418	7.546431541442871	1.0	0.9999998807907104	2.908574104309082	7.768993377685547	7.546431541442871	22.03315544128418
0	4	4	0	13	208	213	5	116	79	4f	32	0	6.890536308288574	0.18494442105293274	0.5723968148231506	20.74988555908203	21.74859046936035	7.396196365356445	1.0	0.9999998807907104	2.3315746784210205	6.078169345855713	7.396196365356445	21.74859046936035
0	4	4	0	14	224	229	5	97	32	20	32	1	1.5878385305404663	0.20436686277389526	0.5773247480392456	21.056581497192383	22.05537986755371	7.558279991149902	0.9999999403953552	1.0000001192092896	2.9041929244995117	8.316486358642578	7.558279991149902	22.05537986755371
0	4	4	0	15	240	245	5	101	101	65	32	0	2.2524852752685547	0.17988081276416779	0.5715271830558777	20.709383010864258	21.708032608032227	7.377831935882568	0.9999998211860657	0.9999999403953552	2.3293540477752686	6.245981216430664	7.377831935882568	21.708032608032227
0	4	4	0	0	0	6	6	104	110	6e	195	0	3.3406076431274414	0.13142752647399902	1.1706136465072632	78.74180603027344	79.71231079101562	73.09699249267578	1.0	1.0	2.7849020957946777	4.453991413116455	73.09699249267578	79.71231079101562
0	4	4	0	1	16	22	6	97	32	20	32	1	1.7042027711868286	0.18191735446453094	0.575707197189331	20.945112228393555	21.943897247314453	7.502601146697998	1.0	0.9999998807907104	2.9550976753234863	5.558248519897461	7.502601146697998	21.943897247314453
0	4	4	0	2	32	38	6	121	100	64	32	0	3.224106788635254	0.1798269897699356	0.5716986060142517	20.69611358642578	21.6948184967041	7.368864059448242	1.0	0.9999998807907104	2.91403865814209	6.370436668395996	7.368864059448242	21.6948184967041
0	4	4	0	3	48	54	6	195	46	2e	32	0	4.651577949523926	0.18211296200752258	0.572570264339447	20.74891471862793	21.747644424438477	7.3957839012146	1.0	0.9999999403953552	2.365522623062134	5.395508766174316	7.3957839012146	21.747644424438477
0	4	4	0	4	64	70	6	114	104	68	32	0	3.6021547317504883	0.17589899897575378	0.5727460980415344	20.762178421020508	21.760910034179688	7.402202606201172	1.0	1.0	2.3550686836242676	5.8596510887146	7.402202606201172	21.760910034179688
0	4	4	0	5	80	86	6	32	112	70	32	0	4.234770774841309	0.17029713094234467	0.5729545950889587	20.772541046142578	21.77128028869629	7.409066200256348	1.0	0.9999999403953552	2.3345437049865723	6.102016925811768	7.409066200256348	21.77128028869629
0	4	4	0	6	96	102	6	32	98	62	32	0	4.635009288787842	0.1966375857591629	0.5740068554878235	20.837087631225586	21.835847854614258	7.443824291229248	1.0	0.9999998807907104	2.3302228450775146	6.076719760894775	7.443824291229248	21.835847854614258
0	4	4	0	7	112	118	6	105	101	65	32	0	2.463804244995117	0.20614862442016602	0.5742257833480835	20.849729537963867	21.848495483398438	7.451170444488525	0.9999999403953552	1.0	2.9001307487487793	7.821749687194824	7.451170444488525	21.848495483398438
0	4	4	0	8	128	134	6	115	115	73	32	0	3.3494129180908203	0.1980193853378296	0.572923481464386	20.7735652923584	21.772296905517578	7.407691478729248	1.0	0.9999999403953552	2.3479199409484863	5.906764030456543	7.407691478729248	21.772296905517578
0	4	4	0	9	144	150	6	109	32	20	32	1	1.6600584983825684	0.19012786448001862	0.5727978348731995	20.76491928100586	21.76365089416504	7.403645992279053	0.9999998807907104	0.9999998807907104	2.335513114929199	6.0826616287231445	7.403645992279053	21.76365089416504
0	4	4	0	10	160	166	6	32	100	64	32	0	3.4017882347106934	0.19439399242401123	0.5740519165992737	20.839908599853516	21.838668823242188	7.445633411407471	1.0	0.9999998807907104	2.340031147003174	5.769618034362793	7.445633411407471	21.838668823242188
0	4	4	0	11	176	182	6	32	110	6e	32	0	3.304044723510742	0.18189623951911926	0.5744556188583374	20.865873336791992	21.864641189575195	7.45948600769043	0.9999998807907104	1.0	2.3398444652557373	5.786680698394775	7.45948600769043	21.864641189575195
0	4	4	0	12	192	198	6	111	32	20	32	1	1.621330976486206	0.1976354867219925	0.5757644772529602	20.947750091552734	21.946537017822266	7.504045486450195	1.0	0.9999998807907104	2.9074900150299072	7.656273365020752	7.504045486450195	21.946537017822266
0	4	4	0	13	208	214	6	116	110	6e	32	0	3.305042266845703	0.18438395857810974	0.5734632015228271	20.804750442504883	21.80350112915039	7.426002025604248	1.0	1.0	2.333435535430908	6.046189785003662	7.426002025604248	21.80350112915039
0	4	4	0	14	224	230	6	97	66	42	32	0	6.344484329223633	0.19793455302715302	0.5758389830589294	20.953201293945312	21.951990127563477	7.506372928619385	1.0	1.0	2.901294231414795	8.297927856445312	7.506372928619385	21.951990127563477
0	4	4	0	15	240	246	6	101	97	61	32	0	2.666369915008545	0.17943936586380005	0.5726513862609863	20.755985260009766	21.75471305847168	7.399153709411621	1.0	0.9999998807907104	2.3329975605010986	6.122427940368652	7.399153709411621	21.75471305847168
0	5	5	0	0	0	5	5	32	117	75	101	0	3.6714060306549072	0.1795746386051178	0.5713225603103638	20.694602966308594	21.693246841430664	7.370188236236572	0.9999999403953552	1.0	2.420419931411743	6.1227922439575195	7.370188236236572	21.693246841430664
0	5	5	0	1	16	21	5	105	115	73	32	0	3.51058292388916	0.2191741019487381	0.5730379819869995	20.768644332885742	21.767398834228516	7.4021100997924805	1.0	0.9999998807907104	2.94195818901062	5.854948997497559	7.4021100997924805	21.767398834228516
0	5	5	0	2	32	37	5	116	101	65	32	0	2.1027779579162598	0.16954681277275085	0.5720066428184509	20.724931716918945	21.723628997802734	7.383222579956055	1.0	1.0	2.347806692123413	6.245968818664551	7.383222579956055	21.723628997802734
0	5	5	0	3	48	53	5	32	32	20	32	1	1.7551991939544678	0.17287279665470123	0.5740566253662109	20.844385147094727	21.843141555786133	7.44531774520874	1.0	1.0	2.3344907760620117	7.010989665985107	7.44531774520874	21.843141555786133
0	5	5	0	4	64	69	5	98	117	75	32	0	3.8421459197998047	0.23866206407546997	0.5707620978355408	20.641345977783203	21.640012741088867	7.341586589813232	1.0	0.9999998807907104	2.8774893283843994	8.07005500793457	7.341586589813232	21.640012741088867
0	5	5	0	5	80	85	5	111	105	69	32	0	3.033754348754883	0.20101402699947357	0.5781028866767883	21.096328735351562	22.09514617919922	7.582472801208496	1.0	0.9999999403953552	2.9115939140319824	7.959604263305664	7.582472801208496	22.09514617919922
0	5	5	0	6	96	101	5	101	116	74	32	0	2.5619940757751465	0.1738542765378952	0.5715479254722595	20.71038055419922	21.709030151367188	7.378320693969727	0.9999999403953552	0.9999999403953552	2.3397107124328613	6.184966087341309	7.378320693969727	21.709030151367188
0	5	5	0	7	112	117	5	111	117	75	32	0	3.787808418273926	0.20883604884147644	0.5753524899482727	20.926815032958984	21.92559242248535	7.487782955169678	1.0	1.0	2.909363269805908	7.344341278076172	7.487782955169678	21.92559242248535
0	5	5	0	8	128	133	5	105	32	20	32	1	1.382869005203247	0.25085780024528503	0.5722240209579468	20.719011306762695	21.71774673461914	7.37468147277832	0.9999998807907104	1.0	2.888730525970459	8.111939430236816	7.37468147277832	21.71774673461914
0	5	5	0	9	144	149	5	118	97	61	32	0	2.7972707748413086	0.1942630261182785	0.5718516111373901	20.72231101989746	21.72098731994629	7.380734443664551	0.9999999403953552	0.9999999403953552	2.331925630569458	6.35808801651001	7.380734443664551	21.72098731994629
0	5	5	0	10	160	165	5	115	32	20	32	1	1.6449190378189087	0.19302818179130554	0.5716485977172852	20.710418701171875	21.70908546447754	7.375128746032715	1.0	0.9999998807907104	2.3285460472106934	6.526978969573975	7.375128746032715	21.70908546447754
0	5	5	0	11	176	181	5	97	111	6f	32	0	3.0739896297454834	0.19463860988616943	0.577103316783905	21.042579650878906	22.04137420654297	7.5506134033203125	1.0000001192092896	1.0000001192092896	2.89741587638855	8.396355628967285	7.5506134033203125	22.04137420654297
0	5	5	0	12	192	197	5	32	105	69	32	0	2.9480855464935303	0.1943279206752777	0.5751152634620667	20.910560607910156	21.909334182739258	7.48101282119751	0.9999999403953552	1.0	2.3281307220458984	6.3850789070129395	7.48101282119751	21.909334182739258
0	5	5	0	13	208	213	5	114	115	73	32	0	3.160338878631592	0.20046409964561462	0.5716652870178223	20.719928741455078	21.71857452392578	7.383603572845459	0.9999998807907104	1.0	2.3311855792999268	6.119071006774902	7.383603572845459	21.71857452392578
0	5	5	0	14	224	229	5	32	110	6e	32	0	3.1362338066101074	0.18823136389255524	0.5730353593826294	20.775056838989258	21.773799896240234	7.407471656799316	1.0	0.9999999403953552	2.3261618614196777	6.144464015960693	7.407471656799316	21.773799896240234
0	5	5	0	15	240	245	5	105	101	65	32	0	2.2479374408721924	0.202629953622818	0.5721302628517151	20.711650848388672	21.710386276245117	7.370818614959717	0.9999998807907104	0.9999998807907104	2.883512020111084	8.29226016998291	7.370818614959717	21.710386276245117
0	5	5	0	0	0	6	6	32	112	70	101	0	4.2957000732421875	0.18063496053218842	0.572597324848175	20.752439498901367	21.75116539001465	7.39751672744751	1.0	1.0	2.4211084842681885	6.009115219116211	7.39751672744751	21.75116539001465
0	5	5	0	1	16	22	6	105	109	6d	32	0	4.134843349456787	0.21525785326957703	0.574298620223999	20.854188919067383	21.852956771850586	7.4538774490356445	1.0	1.0	2.9484689235687256	5.802236557006836	7.4538774490356445	21.852956771850586
0	5	5	0	2	32	38	6	116	32	20	32	1	1.7760857343673706	0.16929954290390015	0.5732713341712952	20.79271697998047	21.791461944580078	7.419670581817627	1.0	1.0	2.3532228469848633	6.2428436279296875	7.419670581817627	21.791461944580078
0	5	5	0	3	48	54	6	32	107	6b	32	0	5.527353763580322	0.1715952455997467	0.574581503868103	20.873817443847656	21.87258529663086	7.463764667510986	1.0	1.0	2.339143753051758	6.834390640258789	7.463764667510986	21.87258529663086
0	5	5	0	4	64	70	6	98	109	6d	32	0	4.145413875579834	0.21862678229808807	0.5728116035461426	20.764171600341797	21.76290512084961	7.405926704406738	0.9999999403953552	1.0	2.89426326751709	7.782595157623291	7.405926704406738	21.76290512084961
0	5	5	0	5	80	86	6	111	110	6e	32	0	2.953397274017334	0.19789636135101318	0.5764308571815491	20.98955535888672	21.988351821899414	7.5273566246032715	1.0	0.9999998807907104	2.908403158187866	7.817010402679443	7.5273566246032715	21.988351821899414
0	5	5	0	6	96	102	6	101	104	68	32	0	3.4118199348449707	0.16918855905532837	0.5726738572120667	20.757354736328125	21.756084442138672	7.399899482727051	1.0	1.0000001192092896	2.3418846130371094	6.121439456939697	7.399899482727051	21.756084442138672
0	5	5	0	7	112	118	6	111	114	72	32	0	3.1677768230438232	0.20464374125003815	0.5750449895858765	20.902494430541992	21.90127182006836	7.479233741760254	1.0	1.0000001192092896	2.910144567489624	7.364132404327393	7.479233741760254	21.90127182006836
0	5	5	0	8	128	134	6	105	84	54	32	0	5.563915252685547	0.2490473836660385	0.5738424062728882	20.82556915283203	21.82432746887207	7.43806266784668	0.9999998807907104	1.0	2.895157814025879	8.140762329101562	7.43806266784668	21.82432746887207
0	5	5	0	9	144	150	6	118	108	6c	32	0	3.696474552154541	0.19794921576976776	0.5729905366897583	20.775753021240234	21.774490356445312	7.409515857696533	0.9999999403953552	1.0	2.335195541381836	6.290035724639893	7.409515857696533	21.774490356445312
0	5	5	0	10	160	166	6	115	108	6c	32	0	3.6558141708374023	0.19306141138076782	0.5728689432144165	20.768295288085938	21.767030715942383	7.405527114868164	0.9999999403953552	1.0	2.331582546234131	6.400915622711182	7.405527114868164	21.767030715942383
0	5	5	0	11	176	182	6	97	110	6e	32	0	3.035945415496826	0.1902938336133957	0.5757379531860352	20.94683074951172	21.94561767578125	7.502895832061768	1.0	1.0	2.8951783180236816	8.362112045288086	7.502895832061768	21.94561767578125
0	5	5	0	12	192	198	6	32	111	6f	32	0	2.8331356048583984	0.197755366563797	0.5750967860221863	20.906164169311523	21.90494155883789	7.4813337326049805	1.0	1.0	2.330843925476074	6.306429862976074	7.4813337326049805	21.90494155883789
0	5	5	0	13	208	214	6	114	32	20	32	1	1.611057162284851	0.19967640936374664	0.5727102160453796	20.75998306274414	21.758712768554688	7.401044845581055	1.0	0.9999998807907104	2.3318257331848145	6.120128631591797	7.401044845581055	21.758712768554688
0	5	5	0	14	224	230	6	32	32	20	32	1	1.6576176881790161	0.19059248268604279	0.5742344856262207	20.851459503173828	21.8502254486084	7.451958179473877	1.0	0.9999999403953552	2.3283965587615967	6.118850231170654	7.451958179473877	21.8502254486084
0	5	5	0	15	240	246	6	105	32	20	32	1	1.6205164194107056	0.1977965384721756	0.5738436579704285	20.825517654418945	21.824277877807617	7.438175201416016	0.9999998807907104	1.0	2.890265464782715	8.280421257019043	7.438175201416016	21.824277877807617
0	6	6	0	0	0	5	5	32	116	74	101	0	3.1565916538238525	0.1795746386051178	0.5713225603103638	20.694602966308594	21.693246841430664	7.370188236236572	0.9999999403953552	1.0	2.420419931411743	6.1227922439575195	7.370188236236572	21.693246841430664
0	6	6	0	1	16	21	5	32	114	72	32	0	3.066967725753784	0.18936382234096527	0.5708363652229309	20.65780258178711	21.65644645690918	7.349997520446777	1.0000001192092896	0.9999999403953552	2.322359085083008	7.158295154571533	7.349997520446777	21.65644645690918
0	6	6	0	2	32	37	5	47	41	29	32	0	6.032717704772949	0.2044866383075714	0.5710021257400513	20.660219192504883	21.658889770507812	7.345963478088379	0.9999999403953552	1.0	2.329702138900757	7.034809112548828	7.345963478088379	21.658889770507812
0	6	6	0	3	48	53	5	10	114	72	32	0	3.2847790718078613	0.19423700869083405	0.572114884853363	20.743051528930664	21.74172592163086	7.393597602844238	0.9999998807907104	1.0	2.334900379180908	6.902434349060059	7.393597602844238	21.74172592163086
0	6	6	0	4	64	69	5	32	116	74	32	0	3.003753185272217	0.1967841237783432	0.5711803436279297	20.670347213745117	21.669025421142578	7.354432106018066	1.0	1.0	2.3286314010620117	7.02331018447876	7.354432106018066	21.669025421142578
0	6	6	0	5	80	85	5	112	110	6e	32	0	3.5344486236572266	0.20238728821277618	0.5717300772666931	20.70217514038086	21.70087432861328	7.364951133728027	1.0	1.0	2.327820301055908	6.657256603240967	7.364951133728027	21.70087432861328
0	6	6	0	6	96	101	5	32	111	6f	32	0	2.876924991607666	0.18663011491298676	0.5737820267677307	20.826839447021484	21.825592041015625	7.436419486999512	0.9999998807907104	1.0	2.3222737312316895	6.863261699676514	7.436419486999512	21.825592041015625
0	6	6	0	7	112	117	5	32	105	69	32	0	2.972586154937744	0.20854119956493378	0.572001039981842	20.713272094726562	21.711990356445312	7.375366687774658	1.0	1.0	2.3222999572753906	6.797057628631592	7.375366687774658	21.711990356445312
0	6	6	0	8	128	133	5	111	101	65	32	0	2.3284459114074707	0.22884376347064972	0.5775021314620972	21.05970573425293	22.058515548706055	7.561690807342529	1.0	1.0000001192092896	2.9080262184143066	8.17167854309082	7.561690807342529	22.058515548706055
0	6	6	0	9	144	149	5	10	101	65	32	0	2.318699359893799	0.20433485507965088	0.5716237425804138	20.708232879638672	21.706899642944336	7.374393463134766	1.0	0.9999998807907104	2.327298641204834	6.582157135009766	7.374393463134766	21.706899642944336
0	6	6	0	10	160	165	5	111	32	20	32	1	1.4618247747421265	0.23181287944316864	0.5765652060508728	21.001649856567383	22.000446319580078	7.527906894683838	1.0	0.9999998807907104	2.901043653488159	8.370749473571777	7.527906894683838	22.000446319580078
0	6	6	0	11	176	181	5	103	122	7a	32	0	6.943645000457764	0.19844785332679749	0.5722876191139221	20.77153205871582	21.77016830444336	7.414686679840088	0.9999998807907104	1.0	2.3334975242614746	6.557275772094727	7.414686679840088	21.77016830444336
0	6	6	0	12	192	197	5	110	32	20	32	1	1.6168428659439087	0.19852447509765625	0.5718063116073608	20.730283737182617	21.728931427001953	7.389936923980713	0.9999999403953552	1.0	2.3351328372955322	6.426433563232422	7.389936923980713	21.728931427001953
0	6	6	0	13	208	213	5	32	88	58	32	0	11.490017890930176	0.20436552166938782	0.5730792880058289	20.777063369750977	21.77581024169922	7.4082512855529785	1.0	1.0000001192092896	2.33327317237854	6.424189567565918	7.4082512855529785	21.77581024169922
0	6	6	0	14	224	229	5	101	101	65	32	0	2.3571078777313232	0.2008228451013565	0.5715519785881042	20.710798263549805	21.70944595336914	7.3785247802734375	0.9999998807907104	1.0	2.331406831741333	6.580852508544922	7.3785247802734375	21.70944595336914
0	6	6	0	15	240	245	5	116	97	61	32	0	2.729670524597168	0.2052607536315918	0.5721345543861389	20.733631134033203	21.732328414916992	7.3882832527160645	1.0	1.0	2.3264641761779785	6.754517555236816	7.3882832527160645	21.732328414916992
0	6	6	0	0	0	6	6	32	117	75	101	0	3.753061294555664	0.18063496053218842	0.572597324848175	20.752439498901367	21.75116539001465	7.39751672744751	1.0	1.0	2.4211084842681885	6.009115219116211	7.39751672744751	21.75116539001465
0	6	6	0	1	16	22	6	32	101	65	32	0	2.025871992111206	0.18658114969730377	0.5724729895591736	20.74379539489746	21.742523193359375	7.393447399139404	1.0	1.0	2.3309402465820312	6.891143798828125	7.393447399139404	21.742523193359375
0	6	6	0	2	32	38	6	47	32	20	32	1	1.6349875926971436	0.1949547827243805	0.5727018713951111	20.75628662109375	21.75501823425293	7.399678707122803	1.0	1.0	2.3345932960510254	7.002610206604004	7.399678707122803	21.75501823425293
0	6	6	0	3	48	54	6	10	101	65	32	0	2.235538959503174	0.20088036358356476	0.573043167591095	20.779861450195312	21.77859878540039	7.411751747131348	1.0	0.9999999403953552	2.3391969203948975	6.789159297943115	7.411751747131348	21.77859878540039
0	6	6	0	4	64	70	6	32	97	61	32	0	2.808746814727783	0.19876734912395477	0.5729334950447083	20.7713623046875	21.77010154724121	7.408493995666504	1.0	1.0	2.3332743644714355	6.934789657592773	7.408493995666504	21.77010154724121
0	6	6	0	5	80	86	6	112	116	74	32	0	2.7727599143981934	0.2070823311805725	0.5731237530708313	20.78168487548828	21.78042984008789	7.4129719734191895	0.9999999403953552	1.0	2.3317904472351074	6.690428256988525	7.4129719734191895	21.78042984008789
0	6	6	0	6	96	102	6	32	119	77	32	0	4.216793537139893	0.19289536774158478	0.5744724273681641	20.86705780029297	21.865825653076172	7.460241794586182	0.9999999403953552	1.0	2.325587272644043	6.813786506652832	7.460241794586182	21.865825653076172
0	6	6	0	7	112	118	6	32	109	6d	32	0	3.9693541526794434	0.20864304900169373	0.573637843132019	20.814477920532227	21.813230514526367	7.431930065155029	0.9999999403953552	1.0000001192092896	2.324357509613037	6.7805657386779785	7.431930065155029	21.813230514526367
0	6	6	0	8	128	134	6	111	32	20	32	1	1.506096363067627	0.22177402675151825	0.5761693120002747	20.973302841186523	21.972095489501953	7.518049716949463	1.0	0.9999998807907104	2.9050850868225098	8.081258773803711	7.518049716949463	21.972095489501953
0	6	6	0	9	144	150	6	10	32	20	32	1	1.601893663406372	0.2015145719051361	0.5728457570075989	20.766855239868164	21.765588760375977	7.405111789703369	1.0	0.9999999403953552	2.3299918174743652	6.561241626739502	7.405111789703369	21.765588760375977
0	6	6	0	10	160	166	6	111	58	3a	32	0	8.473073959350586	0.22947868704795837	0.5755758285522461	20.935440063476562	21.934226989746094	7.497447967529297	0.9999999403953552	1.0	2.900240182876587	8.276650428771973	7.497447967529297	21.934226989746094
0	6	6	0	11	176	182	6	103	105	69	32	0	3.0588865280151367	0.20057666301727295	0.5727769732475281	20.766244888305664	21.764972686767578	7.403968811035156	1.0	0.9999999403953552	2.3335506916046143	6.556617736816406	7.403968811035156	21.764972686767578
0	6	6	0	12	192	198	6	110	88	58	32	0	11.619218826293945	0.1983467936515808	0.5727502107620239	20.762781143188477	21.76150894165039	7.402622222900391	0.9999999403953552	1.0	2.335730791091919	6.356136322021484	7.402622222900391	21.76150894165039
0	6	6	0	13	208	214	6	32	77	4d	32	0	5.776549816131592	0.1935644894838333	0.5742753744125366	20.85390853881836	21.85267448425293	7.4532694816589355	0.9999999403953552	1.0	2.3326830863952637	6.4846062660217285	7.4532694816589355	21.85267448425293
0	6	6	0	14	224	230	6	101	108	6c	32	0	3.713918685913086	0.19927138090133667	0.5726709365844727	20.757184982299805	21.75591468811035	7.399787425994873	1.0	1.0	2.332054853439331	6.51678991317749	7.399787425994873	21.75591468811035
0	6	6	0	15	240	246	6	116	103	67	32	0	4.628276824951172	0.19813179969787598	0.573334276676178	20.79682731628418	21.79557228088379	7.42189359664917	1.0	1.0	2.32670521736145	6.73164176940918	7.42189359664917	21.79557228088379
0	7	7	0	0	0	5	5	97	115	73	32	0	2.9536008834838867	0.21806199848651886	0.5728172659873962	20.778337478637695	21.777048110961914	7.409538745880127	1.0	1.0000001192092896	2.420060396194458	6.430152416229248	7.409538745880127	21.777048110961914
0	7	7	0	1	16	21	5	103	97	61	32	0	2.6642801761627197	0.21732906997203827	0.5725327730178833	20.791973114013672	21.790603637695312	7.42690372467041	1.0	1.0	2.364351272583008	5.546275615692139	7.42690372467041	21.790603637695312
0	7	7	0	2	32	37	5	61	114	72	32	0	3.111344337463379	0.18545125424861908	0.5713558197021484	20.683469772338867	21.682147979736328	7.358293533325195	0.9999999403953552	0.9999999403953552	2.325410842895508	6.87786865234375	7.358293533325195	21.682147979736328
0	7	7	0	3	48	53	5	111	32	20	32	1	1.5271135568618774	0.21716158092021942	0.5819284319877625	21.34830665588379	22.347152709960938	7.7234930992126465	0.9999998807907104	1.0	2.9212098121643066	8.074507713317871	7.7234930992126465	22.347152709960938
0	7	7	0	4	64	69	5	32	117	75	32	0	4.241857528686523	0.20065778493881226	0.5712999701499939	20.675941467285156	21.67462921142578	7.356276512145996	0.9999998807907104	0.9999998807907104	2.316138744354248	6.689332008361816	7.356276512145996	21.67462921142578
0	7	7	0	5	80	85	5	103	105	69	32	0	3.039189577102661	0.19383496046066284	0.5720247030258179	20.750917434692383	21.749555587768555	7.40293550491333	0.9999998807907104	0.9999999403953552	2.328115940093994	6.809097766876221	7.40293550491333	21.749555587768555
0	7	7	0	6	96	101	5	52	72	48	32	0	6.284807205200195	0.20068001747131348	0.5715397000312805	20.69695281982422	21.695632934570312	7.365926265716553	1.0	1.0	2.3329195976257324	6.256427764892578	7.365926265716553	21.695632934570312
0	7	7	0	7	112	117	5	101	99	63	32	0	3.498938798904419	0.20084631443023682	0.5715227723121643	20.71018409729004	21.70882797241211	7.378769874572754	0.9999999403953552	0.9999999403953552	2.3298277854919434	6.355803489685059	7.378769874572754	21.70882797241211
0	7	7	0	8	128	133	5	111	97	61	32	0	2.7234067916870117	0.1976294219493866	0.575246274471283	20.92013931274414	21.918912887573242	7.484274864196777	1.0	0.9999998807907104	2.9015965461730957	7.87918758392334	7.484274864196777	21.918912887573242
0	7	7	0	9	144	149	5	111	111	6f	32	0	3.101463794708252	0.21764281392097473	0.5767875909805298	21.015625	22.014423370361328	7.5357537269592285	1.0	0.9999999403953552	2.9062318801879883	8.013245582580566	7.5357537269592285	22.014423370361328
0	7	7	0	10	160	165	5	32	116	74	32	0	2.7037291526794434	0.20058053731918335	0.5722407102584839	20.726402282714844	21.725128173828125	7.381351470947266	0.9999999403953552	1.0000001192092896	2.3224806785583496	6.401853084564209	7.381351470947266	21.725128173828125
0	7	7	0	11	176	181	5	115	110	6e	32	0	3.256101131439209	0.18734343349933624	0.5719588398933411	20.73753547668457	21.736194610595703	7.391531467437744	1.0	0.9999998807907104	2.3193464279174805	6.504449367523193	7.391531467437744	21.736194610595703
0	7	7	0	12	192	197	5	32	110	6e	32	0	3.2377970218658447	0.18956990540027618	0.57211834192276	20.717735290527344	21.716461181640625	7.377242565155029	1.0	1.0	2.32220196723938	6.468415260314941	7.377242565155029	21.716461181640625
0	7	7	0	13	208	213	5	32	32	20	32	1	1.6715925931930542	0.18794749677181244	0.5753893256187439	20.927629470825195	21.926408767700195	7.490594387054443	1.0	1.0	2.328024387359619	6.256093978881836	7.490594387054443	21.926408767700195
0	7	7	0	14	224	229	5	121	32	20	32	1	1.5398993492126465	0.2144026905298233	0.5695756077766418	20.582918167114258	21.58148956298828	7.314445972442627	1.0	1.0	2.8579626083374023	8.106392860412598	7.314445972442627	21.58148956298828
0	7	7	0	15	240	245	5	119	110	6e	32	0	3.3204550743103027	0.20459891855716705	0.5721283555030823	20.75168228149414	21.75033950805664	7.401185035705566	1.0	0.9999998807907104	2.325361967086792	6.304966449737549	7.401185035705566	21.75033950805664
0	7	7	0	0	0	6	6	97	32	20	32	1	1.537682294845581	0.21487855911254883	0.5736897587776184	20.819107055664062	21.817859649658203	7.432729244232178	0.9999999403953552	1.0	2.42868709564209	6.390096187591553	7.432729244232178	21.817859649658203
0	7	7	0	1	16	22	6	103	114	72	32	0	3.1436071395874023	0.20748963952064514	0.5727930068969727	20.768020629882812	21.766746520996094	7.404709815979004	1.0	1.0	2.365553140640259	5.675407886505127	7.404709815979004	21.766746520996094
0	7	7	0	2	32	38	6	61	97	61	32	0	2.730044364929199	0.18512697517871857	0.5728761553764343	20.767333984375	21.766071319580078	7.405452728271484	1.0	0.9999999403953552	2.332949161529541	6.757223606109619	7.405452728271484	21.766071319580078
0	7	7	0	3	48	54	6	111	109	6d	32	0	3.9187135696411133	0.2120642364025116	0.577710747718811	21.071210861206055	22.070024490356445	7.572738170623779	0.9999999403953552	1.0	2.9130330085754395	7.897884845733643	7.572738170623779	22.070024490356445
0	7	7	0	4	64	70	6	32	114	72	32	0	3.1874992847442627	0.2062612771987915	0.5730522871017456	20.778440475463867	21.777183532714844	7.412153244018555	1.0	1.0	2.321228265762329	6.6323957443237305	7.412153244018555	21.777183532714844
0	7	7	0	5	80	86	6	103	110	6e	32	0	3.3281805515289307	0.1916227489709854	0.5727213621139526	20.762165069580078	21.760892868041992	7.40207576751709	0.9999999403953552	0.9999999403953552	2.3326282501220703	6.640064239501953	7.40207576751709	21.760892868041992
0	7	7	0	6	96	102	6	52	97	61	32	0	2.7460646629333496	0.19707782566547394	0.572950005531311	20.772321701049805	21.771059036254883	7.4079909324646	1.0	1.0	2.3379435539245605	6.184337139129639	7.4079909324646	21.771059036254883
0	7	7	0	7	112	118	6	101	104	68	32	0	3.56225323677063	0.203576922416687	0.5726244449615479	20.754507064819336	21.75323486328125	7.398383140563965	0.9999998807907104	0.9999999403953552	2.3320088386535645	6.292865753173828	7.398383140563965	21.75323486328125
0	7	7	0	8	128	134	6	111	105	69	32	0	2.9351863861083984	0.19392411410808563	0.5749991536140442	20.899639129638672	21.89841651916504	7.477694511413574	1.0	1.0	2.9032435417175293	7.807333469390869	7.477694511413574	21.89841651916504
0	7	7	0	9	144	150	6	111	117	75	32	0	3.910987377166748	0.2084769308567047	0.5756779909133911	20.941877365112305	21.94066619873047	7.501016139984131	1.0	0.9999998807907104	2.90437650680542	7.985080718994141	7.501016139984131	21.94066619873047
0	7	7	0	10	160	166	6	32	32	20	32	1	1.6315147876739502	0.19563300907611847	0.5737987756729126	20.824203491210938	21.822959899902344	7.437108516693115	0.9999998807907104	1.0	2.3256144523620605	6.331467151641846	7.437108516693115	21.822959899902344
0	7	7	0	11	176	182	6	115	103	67	32	0	4.513797760009766	0.18858219683170319	0.5728963017463684	20.771259307861328	21.76999282836914	7.406651020050049	0.9999999403953552	0.9999998807907104	2.320665121078491	6.481089115142822	7.406651020050049	21.76999282836914
0	7	7	0	12	192	198	6	32	101	65	32	0	2.2314774990081787	0.18703703582286835	0.5737828016281128	20.823232650756836	21.821990966796875	7.436786651611328	1.0	0.9999998807907104	2.3248019218444824	6.4229021072387695	7.436786651611328	21.821990966796875
0	7	7	0	13	208	214	6	32	115	73	32	0	3.2400481700897217	0.1944085657596588	0.5752377510070801	20.915077209472656	21.91385841369629	7.486262321472168	1.0	0.9999998807907104	2.3291122913360596	6.24556827545166	7.486262321472168	21.91385841369629
0	7	7	0	14	224	230	6	121	46	2e	32	0	4.536797523498535	0.2109055072069168	0.5714870691299438	20.683204650878906	21.681901931762695	7.362276554107666	1.0	1.0	2.879265785217285	8.160435676574707	7.362276554107666	21.681901931762695
0	7	7	0	15	240	246	6	119	32	20	32	1	1.588525414466858	0.204226553440094	0.5729327201843262	20.774394989013672	21.773128509521484	7.408548831939697	0.9999999403953552	1.0	2.324345350265503	6.327303886413574	7.408548831939697	21.773128509521484
0	8	8	0	0	0	5	5	51	105	69	32	0	3.1917262077331543	0.2454390525817871	0.5715283155441284	20.698169708251953	21.69684600830078	7.368373394012451	0.9999999403953552	1.0	2.435363292694092	7.189724922180176	7.368373394012451	21.69684600830078
0	8	8	0	1	16	21	5	116	101	65	32	0	2.310465097427368	0.17662949860095978	0.5726326107978821	20.757701873779297	21.756425857543945	7.39980936050415	1.0	0.9999999403953552	2.3884308338165283	5.127218723297119	7.39980936050415	21.756425857543945
0	8	8	0	2	32	37	5	197	44	2c	32	0	3.8675904273986816	0.18616902828216553	0.5708087682723999	20.643693923950195	21.642370223999023	7.335482597351074	1.0	1.0	2.3582241535186768	5.931970119476318	7.335482597351074	21.642370223999023
0	8	8	0	3	48	53	5	32	196	c4	32	0	10.64027214050293	0.18664182722568512	0.572520911693573	20.742713928222656	21.7414493560791	7.389726161956787	1.0	1.0	2.335249423980713	6.470759868621826	7.389726161956787	21.7414493560791
0	8	8	0	4	64	69	5	116	32	20	32	1	1.708967685699463	0.18105259537696838	0.572486400604248	20.75354766845703	21.75225830078125	7.397913455963135	0.9999999403953552	0.9999998807907104	2.3538382053375244	5.584949970245361	7.397913455963135	21.75225830078125
0	8	8	0	5	80	85	5	105	102	66	32	0	4.137386798858643	0.2127867490053177	0.572361409664154	20.727848052978516	21.726585388183594	7.379478454589844	1.0	1.0	2.904906988143921	7.191423416137695	7.379478454589844	21.726585388183594
0	8	8	0	6	96	101	5	103	99	63	32	0	3.5282230377197266	0.1731240153312683	0.5719789862632751	20.748390197753906	21.747024536132812	7.401869773864746	1.0	1.0	2.3413939476013184	5.908943176269531	7.401869773864746	21.747024536132812
0	8	8	0	7	112	117	5	97	97	61	32	0	2.7165489196777344	0.19187183678150177	0.5766758918762207	21.015005111694336	22.013795852661133	7.535717010498047	1.0	0.9999998807907104	2.9100165367126465	7.6984944343566895	7.535717010498047	22.013795852661133
0	8	8	0	8	128	133	5	101	98	62	32	0	4.702019691467285	0.1851409375667572	0.5716050267219543	20.71527862548828	21.713926315307617	7.381128787994385	0.9999999403953552	0.9999998807907104	2.341242790222168	5.6883769035339355	7.381128787994385	21.713926315307617
0	8	8	0	9	144	149	5	101	32	20	32	1	1.6873418092727661	0.18501067161560059	0.5714998841285706	20.706119537353516	21.704771041870117	7.37578010559082	0.9999998807907104	1.0	2.3308093547821045	6.533089637756348	7.37578010559082	21.704771041870117
0	8	8	0	10	160	165	5	101	97	61	32	0	2.6478500366210938	0.18048758804798126	0.5715088248252869	20.707592010498047	21.706239700317383	7.376779079437256	1.0	0.9999998807907104	2.3293709754943848	6.3774824142456055	7.376779079437256	21.706239700317383
0	8	8	0	11	176	181	5	105	32	20	32	1	1.5691871643066406	0.20821434259414673	0.5724977254867554	20.735912322998047	21.73465347290039	7.383855819702148	1.0	0.9999999403953552	2.8900258541107178	7.9937262535095215	7.383855819702148	21.73465347290039
0	8	8	0	12	192	197	5	51	32	20	32	1	1.607439398765564	0.20040009915828705	0.571567177772522	20.6953182220459	21.694007873535156	7.363310813903809	0.9999999403953552	0.9999998807907104	2.339440107345581	6.053694248199463	7.363310813903809	21.694007873535156
0	8	8	0	13	208	213	5	50	32	20	32	1	1.6352760791778564	0.1948985606431961	0.5714925527572632	20.69367790222168	21.69235610961914	7.363310813903809	1.0	0.9999998807907104	2.3320505619049072	6.2415056228637695	7.363310813903809	21.69235610961914
0	8	8	0	14	224	229	5	103	115	73	32	0	3.230990409851074	0.20263758301734924	0.5719555616378784	20.745628356933594	21.744264602661133	7.39998197555542	0.9999999403953552	1.0	2.3374428749084473	6.174595355987549	7.39998197555542	21.744264602661133
0	8	8	0	15	240	245	5	100	121	79	32	0	4.7964324951171875	0.1991887092590332	0.5718799233436584	20.717958450317383	21.71664810180664	7.375429630279541	1.0	0.9999999403953552	2.337559700012207	5.933725357055664	7.375429630279541	21.71664810180664
0	8	8	0	0	0	6	6	51	118	76	32	0	5.131858825683594	0.22785520553588867	0.5729028582572937	20.769847869873047	21.768585205078125	7.406946659088135	1.0	0.9999999403953552	2.441716194152832	6.9806647300720215	7.406946659088135	21.768585205078125
0	8	8	0	1	16	22	6	116	97	61	32	0	2.948773145675659	0.17606499791145325	0.5737532377243042	20.822050094604492	21.820804595947266	7.435921669006348	1.0	1.0000001192092896	2.3958992958068848	5.049637794494629	7.435921669006348	21.820804595947266
0	8	8	0	2	32	38	6	197	32	20	32	1	1.6660953760147095	0.18898352980613708	0.5726895928382874	20.75471305847168	21.753446578979492	7.398883819580078	1.0	1.0	2.3645706176757812	5.875677108764648	7.398883819580078	21.753446578979492
0	8	8	0	3	48	54	6	32	135	87	32	0	14.7697114944458	0.19007480144500732	0.5739731192588806	20.834972381591797	21.83373260498047	7.4429521560668945	0.9999998211860657	1.0	2.3407232761383057	6.387447834014893	7.4429521560668945	21.83373260498047
0	8	8	0	4	64	70	6	116	116	74	32	0	2.779435157775879	0.17779839038848877	0.5735525488853455	20.810094833374023	21.8088436126709	7.429054260253906	1.0	1.0000001192092896	2.357776165008545	5.606590747833252	7.429054260253906	21.8088436126709
0	8	8	0	5	80	86	6	105	32	20	32	1	1.6065102815628052	0.20058639347553253	0.5739234685897827	20.830732345581055	21.82949447631836	7.440777778625488	1.0	0.9999998807907104	2.9117491245269775	7.192551136016846	7.440777778625488	21.82949447631836
0	8	8	0	6	96	102	6	103	101	65	32	0	2.2528133392333984	0.17781446874141693	0.5726880431175232	20.76017189025879	21.758895874023438	7.40105676651001	1.0	0.9999998807907104	2.3440308570861816	5.833473205566406	7.40105676651001	21.758895874023438
0	8	8	0	7	112	118	6	97	110	6e	32	0	2.876169443130493	0.19191591441631317	0.5755554437637329	20.93527603149414	21.934059143066406	7.496691703796387	1.0	1.0	2.909597158432007	7.63797664642334	7.496691703796387	21.934059143066406
0	8	8	0	8	128	134	6	101	101	65	32	0	2.3002543449401855	0.19077043235301971	0.5726730227470398	20.75748634338379	21.756214141845703	7.399880409240723	0.9999999403953552	1.0	2.3469290733337402	5.5772199630737305	7.399880409240723	21.756214141845703
0	8	8	0	9	144	150	6	101	100	64	32	0	3.557781219482422	0.17718474566936493	0.5726773142814636	20.757383346557617	21.75611114501953	7.399979591369629	1.0	0.9999998807907104	2.332446336746216	6.455017566680908	7.399979591369629	21.75611114501953
0	8	8	0	10	160	166	6	101	197	c5	32	0	11.21645736694336	0.1828111708164215	0.5726580023765564	20.756311416625977	21.75503921508789	7.399367809295654	1.0	0.9999998807907104	2.3315269947052	6.338343143463135	7.399367809295654	21.75503921508789
0	8	8	0	11	176	182	6	105	107	6b	32	0	4.85792875289917	0.2039322853088379	0.5739909410476685	20.834882736206055	21.833646774291992	7.443143844604492	0.9999998807907104	1.0	2.897444248199463	7.87324857711792	7.443143844604492	21.833646774291992
0	8	8	0	12	192	198	6	51	99	63	32	0	3.611645221710205	0.201533704996109	0.5729939341545105	20.774293899536133	21.773033142089844	7.409076690673828	1.0	1.0	2.3418242931365967	6.036561012268066	7.409076690673828	21.773033142089844
0	8	8	0	13	208	214	6	50	84	54	32	0	5.811202049255371	0.19696450233459473	0.5728866457939148	20.768075942993164	21.766813278198242	7.405625820159912	1.0	0.9999999403953552	2.3350000381469727	6.160348415374756	7.405625820159912	21.766813278198242
0	8	8	0	14	224	230	6	103	111	6f	32	0	2.872323513031006	0.20137980580329895	0.5727055668830872	20.761049270629883	21.759775161743164	7.40155029296875	1.0	1.0	2.336594581604004	6.129028797149658	7.40155029296875	21.759775161743164
0	8	8	0	15	240	246	6	100	32	20	32	1	1.6059622764587402	0.20069634914398193	0.5731192827224731	20.782562255859375	21.78130531311035	7.413049221038818	1.0	0.9999998807907104	2.341409683227539	5.838763236999512	7.413049221038818	21.78130531311035
0	9	9	0	0	0	5	5	97	105	69	32	0	2.7271509170532227	0.21806199848651886	0.5728172659873962	20.778337478637695	21.777048110961914	7.409538745880127	1.0	1.0000001192092896	2.420060396194458	6.430152416229248	7.409538745880127	21.777048110961914
0	9	9	0	1	16	21	5	115	116	74	32	0	2.6737585067749023	0.1725488007068634	0.5716012716293335	20.70475959777832	21.70343017578125	7.37178897857666	1.0	1.0	2.3299567699432373	8.141101837158203	7.37178897857666	21.70343017578125
0	9	9	0	2	32	37	5	117	115	73	32	0	3.1439881324768066	0.21724796295166016	0.5715246200561523	20.69342803955078	21.692113876342773	7.364975452423096	0.9999998807907104	0.9999998807907104	2.320801258087158	7.811320781707764	7.364975452423096	21.692113876342773
0	9	9	0	3	48	53	5	83	32	20	32	1	1.632747769355774	0.1953919529914856	0.5714442729949951	20.689748764038086	21.68842887878418	7.361983776092529	0.9999999403953552	0.9999999403953552	2.3275163173675537	7.181118011474609	7.361983776092529	21.68842887878418
0	9	9	0	4	64	69	5	32	101	65	32	0	2.3819103240966797	0.19344036281108856	0.5707715153694153	20.65065574645996	21.64930534362793	7.345510005950928	1.0	0.9999999403953552	2.3269073963165283	7.41198205947876	7.345510005950928	21.64930534362793
0	9	9	0	5	80	85	5	109	97	61	32	0	2.8612048625946045	0.20727433264255524	0.5715119242668152	20.70366859436035	21.702327728271484	7.373157978057861	1.0	0.9999999403953552	2.3317203521728516	7.397593021392822	7.373157978057861	21.702327728271484
0	9	9	0	6	96	101	5	98	48	30	32	0	5.648555278778076	0.17362691462039948	0.5945232510566711	22.252809524536133	23.251649856567383	8.277237892150879	1.0	1.0	2.3398661613464355	7.349948406219482	8.277237892150879	23.251649856567383
0	9	9	0	7	112	117	5	108	83	53	32	0	5.08779764175415	0.21374201774597168	0.5708446502685547	20.652992248535156	21.651649475097656	7.343249320983887	1.0	0.9999998807907104	2.3352904319763184	6.857217788696289	7.343249320983887	21.651649475097656
0	9	9	0	8	128	133	5	111	32	20	32	1	1.4532482624053955	0.23380957543849945	0.5783969163894653	21.123994827270508	22.122806549072266	7.596952438354492	1.0	1.0	2.908060073852539	8.384130477905273	7.596952438354492	22.122806549072266
0	9	9	0	9	144	149	5	32	104	68	32	0	3.588024139404297	0.20069396495819092	0.5741965174674988	20.851926803588867	21.85068702697754	7.449935436248779	0.9999999403953552	1.0	2.332885265350342	6.461587429046631	7.449935436248779	21.85068702697754
0	9	9	0	10	160	165	5	32	105	69	32	0	2.988706350326538	0.19671519100666046	0.5758069157600403	20.953380584716797	21.952167510986328	7.50452184677124	0.9999998807907104	1.0	2.330047130584717	6.595156192779541	7.50452184677124	21.952167510986328
0	9	9	0	11	176	181	5	115	109	6d	32	0	3.9349937438964844	0.2287190556526184	0.5719136595726013	20.73411750793457	21.732778549194336	7.38948392868042	1.0	1.0000001192092896	2.3365840911865234	6.297454833984375	7.38948392868042	21.732778549194336
0	9	9	0	12	192	197	5	32	111	6f	32	0	3.0259199142456055	0.21398894488811493	0.572165846824646	20.720735549926758	21.71946144104004	7.378681659698486	1.0	1.0	2.3341774940490723	6.150329113006592	7.378681659698486	21.71946144104004
0	9	9	0	13	208	213	5	116	73	49	32	0	6.081419467926025	0.20051006972789764	0.5723756551742554	20.748178482055664	21.746883392333984	7.395456790924072	0.9999999403953552	1.0	2.331369161605835	6.362410545349121	7.395456790924072	21.746883392333984
0	9	9	0	14	224	229	5	32	32	20	32	1	1.6451330184936523	0.19298690557479858	0.5736011266708374	20.814857482910156	21.813608169555664	7.430209159851074	1.0	1.0000001192092896	2.3245835304260254	6.61638069152832	7.430209159851074	21.813608169555664
0	9	9	0	15	240	245	5	114	100	64	32	0	3.522651195526123	0.21743208169937134	0.5717689394950867	20.72783660888672	21.726484298706055	7.388185977935791	1.0	1.0	2.329287528991699	6.540015697479248	7.388185977935791	21.726484298706055
0	9	9	0	0	0	6	6	97	120	78	32	0	6.818380355834961	0.21487855911254883	0.5736897587776184	20.819107055664062	21.817859649658203	7.432729244232178	0.9999999403953552	1.0	2.42868709564209	6.390096187591553	7.432729244232178	21.817859649658203
0	9	9	0	1	16	22	6	115	104	68	32	0	3.5594358444213867	0.1713695228099823	0.5729085803031921	20.770427703857422	21.7691650390625	7.4069037437438965	0.9999999403953552	0.9999999403953552	2.3380751609802246	7.785307884216309	7.4069037437438965	21.7691650390625
0	9	9	0	2	32	38	6	117	116	74	32	0	2.8238492012023926	0.20685257017612457	0.5730372667312622	20.777687072753906	21.77642822265625	7.411330223083496	0.9999999403953552	1.0	2.3259735107421875	7.812507152557373	7.411330223083496	21.77642822265625
0	9	9	0	3	48	54	6	83	71	47	32	0	6.284531593322754	0.20202608406543732	0.572928786277771	20.77079200744629	21.769529342651367	7.407233715057373	1.0	1.0	2.3317668437957764	7.172547340393066	7.407233715057373	21.769529342651367
0	9	9	0	4	64	70	6	32	101	65	32	0	2.352923631668091	0.19160538911819458	0.5725226998329163	20.7464599609375	21.745187759399414	7.3949995040893555	0.9999999403953552	0.9999998807907104	2.331188440322876	7.257495403289795	7.3949995040893555	21.745187759399414
0	9	9	0	5	80	86	6	109	110	6e	32	0	3.3663687705993652	0.19910849630832672	0.5727456212043762	20.761051177978516	21.759784698486328	7.401969909667969	0.9999999403953552	1.0000001192092896	2.3348867893218994	7.275285720825195	7.401969909667969	21.759784698486328
0	9	9	0	6	96	102	6	98	48	30	32	0	5.802044868469238	0.17217513918876648	0.5805879831314087	21.2652645111084	22.26409339904785	7.680616855621338	0.9999999403953552	0.9999999403953552	2.3278329372406006	7.459737300872803	7.680616855621338	22.26409339904785
0	9	9	0	7	112	118	6	108	104	68	32	0	3.8089165687561035	0.2144235521554947	0.5725616216659546	20.747989654541016	21.746719360351562	7.395208358764648	0.9999999403953552	0.9999998807907104	2.3377621173858643	6.841127872467041	7.395208358764648	21.746719360351562
0	9	9	0	8	128	134	6	111	107	6b	32	0	5.148811340332031	0.23141853511333466	0.5763055086135864	20.982555389404297	21.98134994506836	7.522867679595947	1.0	1.0	2.903369665145874	8.311229705810547	7.522867679595947	21.98134994506836
0	9	9	0	9	144	150	6	32	101	65	32	0	2.304835557937622	0.1959478110074997	0.5747056603431702	20.881635665893555	21.880407333374023	7.468207359313965	1.0	0.9999999403953552	2.3333370685577393	6.4516987800598145	7.468207359313965	21.880407333374023
0	9	9	0	10	160	166	6	32	110	6e	32	0	3.36041259765625	0.2074730545282364	0.5754455924034119	20.92808723449707	21.926870346069336	7.493366718292236	1.0	0.9999998807907104	2.330900192260742	6.603392124176025	7.493366718292236	21.926870346069336
0	9	9	0	11	176	182	6	115	32	20	32	1	1.4791189432144165	0.22783835232257843	0.5728862881660461	20.770524978637695	21.76926040649414	7.406249046325684	1.0	0.9999999403953552	2.339770555496216	6.2220964431762695	7.406249046325684	21.76926040649414
0	9	9	0	12	192	198	6	32	117	75	32	0	4.213232040405273	0.2108837515115738	0.5737990736961365	20.8242130279541	21.822969436645508	7.437288761138916	0.9999998807907104	1.0000001192092896	2.337451934814453	6.063136577606201	7.437288761138916	21.822969436645508
0	9	9	0	13	208	214	6	116	110	6e	32	0	3.3060710430145264	0.19635982811450958	0.5734637975692749	20.804773330688477	21.80352210998535	7.4260969161987305	1.0	1.0	2.3308629989624023	6.407249927520752	7.4260969161987305	21.80352210998535
0	9	9	0	14	224	230	6	32	44	2c	32	0	4.675271987915039	0.1962534636259079	0.5744107961654663	20.86318588256836	21.86195182800293	7.458240509033203	0.9999998807907104	0.9999999403953552	2.326526641845703	6.606421947479248	7.458240509033203	21.86195182800293
0	9	9	0	15	240	246	6	114	32	20	32	1	1.5162454843521118	0.21953459084033966	0.5727391242980957	20.762020111083984	21.7607479095459	7.402061462402344	1.0	0.9999998807907104	2.3314175605773926	6.4068803787231445	7.402061462402344	21.7607479095459
0	10	10	1	0	0	5	5	104	111	6f	32	0	3.310421943664551	0.18236465752124786	0.20474037528038025	0.34208282828330994	1.2141098976135254	0.3928559124469757	0.9999996423721313	0.9999967813491821	1.186684250831604	6.452343940734863	0.3928571939468384	1.214110255241394
0	10	10	1	1	16	21	5	105	110	6e	32	0	3.0713582038879395	0.18244214355945587	0.5721399188041687	20.721914291381836	21.720632553100586	7.371996879577637	1.0	1.0	2.9203922748565674	6.279500484466553	7.371996879577637	21.720632553100586
0	10	10	1	2	32	37	5	101	32	20	32	1	1.6749523878097534	0.18731708824634552	0.5713841915130615	20.697160720825195	21.695810317993164	7.370837688446045	1.0	0.9999998807907104	2.3294403553009033	6.732247352600098	7.370837688446045	21.695810317993164
0	10	10	1	3	48	53	5	115	97	61	32	0	2.859483242034912	0.1747102439403534	0.5715650916099548	20.704540252685547	21.70320701599121	7.3716864585876465	1.0	0.9999999403953552	2.323439598083496	6.861446857452393	7.3716864585876465	21.70320701599121
0	10	10	1	4	64	69	5	111	112	70	32	0	4.979978561401367	0.17963699996471405	0.5773485898971558	21.04990577697754	22.04871368408203	7.555174827575684	1.0	1.0000001192092896	2.9069271087646484	8.10317325592041	7.555174827575684	22.04871368408203
0	10	10	1	5	80	85	5	121	117	75	32	0	3.623082160949707	0.18690256774425507	0.5692766904830933	20.57360076904297	21.57209014892578	7.3156304359436035	1.0	1.0000001192092896	2.8453948497772217	8.26179313659668	7.3156304359436035	21.57209014892578
0	10	10	1	6	96	101	5	109	117	75	32	0	3.9184718132019043	0.18992996215820312	0.5719043612480164	20.73580551147461	21.73445701599121	7.392090320587158	1.0	0.9999999403953552	2.314648151397705	7.002387523651123	7.392090320587158	21.73445701599121
0	10	10	1	7	112	117	5	111	110	6e	32	0	2.902078151702881	0.21011824905872345	0.5756129622459412	20.940866470336914	21.93964958190918	7.4957804679870605	1.0	0.9999998807907104	2.8971445560455322	8.469576835632324	7.4957804679870605	21.93964958190918
0	10	10	1	8	128	133	5	107	97	61	32	0	2.7824671268463135	0.18835602700710297	0.57184898853302	20.71288299560547	21.711578369140625	7.37355899810791	0.9999998807907104	0.9999998807907104	2.311321496963501	6.959870338439941	7.37355899810791	21.711578369140625
0	10	10	1	9	144	149	5	99	115	73	32	0	3.1115639209747314	0.17760157585144043	0.5715599060058594	20.707021713256836	21.705678939819336	7.374724388122559	1.0	1.0	2.3165767192840576	6.519855976104736	7.374724388122559	21.705678939819336
0	10	10	1	10	160	165	5	109	97	61	32	0	2.7057909965515137	0.18161776661872864	0.5714879035949707	20.704185485839844	21.702838897705078	7.373762607574463	1.0	1.0	2.316089630126953	6.724734306335449	7.373762607574463	21.702838897705078
0	10	10	1	11	176	181	5	99	10	0a	32	0	5.203187942504883	0.18352748453617096	0.5715623497962952	20.707292556762695	21.70595359802246	7.374886512756348	0.9999999403953552	1.0	2.317890167236328	6.490661144256592	7.374886512756348	21.70595359802246
0	10	10	1	12	192	197	5	110	117	75	32	0	3.876988410949707	0.19133535027503967	0.571763277053833	20.728803634643555	21.727447509765625	7.389619827270508	1.0	0.9999999403953552	2.3242080211639404	6.257822513580322	7.389619827270508	21.727447509765625
0	10	10	1	13	208	213	5	117	32	20	32	1	1.6418393850326538	0.19362357258796692	0.5715234279632568	20.69378089904785	21.692462921142578	7.364998817443848	1.0	1.0	2.318518877029419	6.646846771240234	7.364998817443848	21.692462921142578
0	10	10	1	14	224	229	5	115	70	46	32	0	7.056624412536621	0.18870028853416443	0.5716667175292969	20.714792251586914	21.713451385498047	7.378000259399414	1.0	1.0	2.3178048133850098	6.577101707458496	7.378000259399414	21.713451385498047
0	10	10	1	15	240	245	5	116	114	72	32	0	3.1828579902648926	0.17728763818740845	0.5721445679664612	20.733797073364258	21.73249626159668	7.388240814208984	1.0	1.0	2.3162498474121094	6.5043721199035645	7.388240814208984	21.73249626159668
0	10	10	1	0	0	6	6	104	115	73	195	0	3.871899127960205	0.13142752647399902	1.1706136465072632	78.74180603027344	79.71231079101562	73.09699249267578	1.0	1.0	2.7849020957946777	4.453991413116455	73.09699249267578	79.71231079101562
0	10	10	1	1	16	22	6	105	116	74	32	0	2.5429835319519043	0.17784206569194794	0.5733333826065063	20.793258666992188	21.792009353637695	7.419346809387207	1.0	1.0	2.9313149452209473	6.205282688140869	7.419346809387207	21.792009353637695
0	10	10	1	2	32	38	6	101	111	6f	32	0	2.9143929481506348	0.18486827611923218	0.5726528763771057	20.75562286376953	21.754350662231445	7.3991804122924805	1.0	1.0	2.3370940685272217	6.572597503662109	7.3991804122924805	21.754350662231445
0	10	10	1	3	48	54	6	115	115	73	32	0	2.853259801864624	0.17348454892635345	0.572836697101593	20.766143798828125	21.764877319335938	7.404356002807617	1.0	0.9999998807907104	2.325495719909668	6.877805709838867	7.404356002807617	21.764877319335938
0	10	10	1	4	64	70	6	111	111	6f	32	0	2.998779296875	0.1821371614933014	0.5760050415992737	20.962535858154297	21.961328506469727	7.512331962585449	0.9999998807907104	1.0	2.903801918029785	8.082244873046875	7.512331962585449	21.961328506469727
0	10	10	1	5	80	86	6	121	103	67	32	0	4.259636878967285	0.17832599580287933	0.570629358291626	20.631303787231445	21.629974365234375	7.336077690124512	1.0	1.0000001192092896	2.8744513988494873	8.243130683898926	7.336077690124512	21.629974365234375
0	10	10	1	6	96	102	6	109	118	76	32	0	4.878171920776367	0.1852562427520752	0.5728243589401245	20.767234802246094	21.765966415405273	7.404822826385498	1.0	1.0	2.3180058002471924	6.809999465942383	7.404822826385498	21.765966415405273
0	10	10	1	7	112	118	6	111	116	74	32	0	2.6886534690856934	0.20120684802532196	0.5752766132354736	20.916955947875977	21.915735244750977	7.4871506690979	1.0	0.9999999403953552	2.89729642868042	8.413424491882324	7.4871506690979	21.915735244750977
0	10	10	1	8	128	134	6	107	115	73	32	0	3.033924102783203	0.1894974708557129	0.5731730461120605	20.78570556640625	21.784448623657227	7.415412902832031	1.0	0.9999999403953552	2.3135764598846436	6.921475887298584	7.415412902832031	21.784448623657227
0	10	10	1	9	144	150	6	99	105	69	32	0	2.8266777992248535	0.17754223942756653	0.5728176236152649	20.765775680541992	21.764509201049805	7.4043073654174805	1.0	1.0	2.3189475536346436	6.421778202056885	7.4043073654174805	21.764509201049805
0	10	10	1	10	160	166	6	109	32	20	32	1	1.7057256698608398	0.18164052069187164	0.5726817846298218	20.75733184814453	21.756059646606445	7.3998332023620605	0.9999999403953552	1.0	2.3179433345794678	6.664414405822754	7.3998332023620605	21.756059646606445
0	10	10	1	11	176	182	6	99	10	0a	32	0	5.214415550231934	0.1825064867734909	0.5728158354759216	20.76567840576172	21.7644100189209	7.404244899749756	1.0	0.9999999403953552	2.319674253463745	6.433035373687744	7.404244899749756	21.7644100189209
0	10	10	1	12	192	198	6	110	114	72	32	0	3.2677297592163086	0.19327424466609955	0.5726919174194336	20.759328842163086	21.758056640625	7.400783061981201	1.0	1.0	2.324779987335205	6.24595308303833	7.400783061981201	21.758056640625
0	10	10	1	13	208	214	6	117	98	62	32	0	4.77532958984375	0.19153527915477753	0.573025107383728	20.776948928833008	21.77569007873535	7.410836696624756	1.0	0.9999998807907104	2.321812391281128	6.514441013336182	7.410836696624756	21.77569007873535
0	10	10	1	14	224	230	6	115	97	61	32	0	2.753060817718506	0.186863973736763	0.5728175044059753	20.765548706054688	21.7642822265625	7.403764247894287	1.0	0.9999999403953552	2.3181991577148438	6.601689338684082	7.403764247894287	21.7642822265625
0	10	10	1	15	240	246	6	116	101	65	32	0	2.1392884254455566	0.17573508620262146	0.5733486413955688	20.797653198242188	21.796398162841797	7.422359943389893	1.0	1.0000001192092896	2.317138671875	6.501827239990234	7.422359943389893	21.796398162841797
0	11	11	0	0	0	5	5	105	32	20	32	1	1.7254012823104858	0.1781015694141388	0.5730313062667847	20.784738540649414	21.783464431762695	7.411290168762207	0.9999999403953552	1.0	2.987370491027832	4.3926262855529785	7.411290168762207	21.783464431762695
0	11	11	0	1	16	21	5	99	116	74	32	0	2.9307427406311035	0.17717216908931732	0.5722360610961914	20.75530242919922	21.753969192504883	7.400365829467773	1.0	1.0	2.383107900619507	5.33029842376709	7.400365829467773	21.753969192504883
0	11	11	0	2	32	37	5	32	100	64	32	0	3.6693570613861084	0.19393785297870636	0.5713598728179932	20.679529190063477	21.6782169342041	7.358401775360107	1.0	0.9999999403953552	2.3362948894500732	6.046830177307129	7.358401775360107	21.6782169342041
0	11	11	0	3	48	53	5	32	99	63	32	0	3.471932888031006	0.19013947248458862	0.5709612369537354	20.660581588745117	21.659242630004883	7.350734710693359	1.0	0.9999999403953552	2.3282723426818848	6.278462886810303	7.350734710693359	21.659242630004883
0	11	11	0	4	64	69	5	32	115	73	32	0	3.0317957401275635	0.18829315900802612	0.5711460709571838	20.676864624023438	21.675521850585938	7.359679222106934	1.0	1.0	2.33069109916687	6.038449764251709	7.359679222106934	21.675521850585938
0	11	11	0	5	80	85	5	111	105	69	32	0	2.8189287185668945	0.20003893971443176	0.580674409866333	21.265151977539062	22.26399040222168	7.676307201385498	1.0	1.0	2.9188339710235596	7.789444923400879	7.676307201385498	22.26399040222168
0	11	11	0	6	96	101	5	114	115	73	32	0	3.0406546592712402	0.19122837483882904	0.5717037320137024	20.72303581237793	21.721683502197266	7.385436058044434	0.9999999403953552	1.0	2.3234498500823975	6.284401893615723	7.385436058044434	21.721683502197266
0	11	11	0	7	112	117	5	111	101	65	32	0	2.2221779823303223	0.20145532488822937	0.5871790647506714	21.681787490844727	22.680660247802734	7.918264865875244	1.0	0.9999998807907104	2.9369618892669678	7.983865737915039	7.918264865875244	22.680660247802734
0	11	11	0	8	128	133	5	97	80	50	32	0	6.164364337921143	0.18264444172382355	0.5770916938781738	21.04189682006836	22.040693283081055	7.5501556396484375	1.0	1.0	2.9062719345092773	7.891781806945801	7.5501556396484375	22.040693283081055
0	11	11	0	9	144	149	5	111	118	76	32	0	4.897497177124023	0.21069586277008057	0.5768521428108215	21.018991470336914	22.017793655395508	7.538322925567627	1.0	1.0	2.903629779815674	8.205472946166992	7.538322925567627	22.017793655395508
0	11	11	0	10	160	165	5	116	101	65	32	0	2.1685400009155273	0.18458369374275208	0.5722680687904358	20.741943359375	21.740642547607422	7.392447471618652	1.0	1.0	2.322774648666382	6.194498062133789	7.392447471618652	21.740642547607422
0	11	11	0	11	176	181	5	111	116	74	32	0	2.69268798828125	0.19886437058448792	0.5765560865402222	20.999011993408203	21.99781036376953	7.527169704437256	1.0	0.9999999403953552	2.902569532394409	8.147268295288086	7.527169704437256	21.99781036376953
0	11	11	0	12	192	197	5	118	46	2e	32	0	4.991281509399414	0.18765732645988464	0.5718905329704285	20.724735260009766	21.723411560058594	7.381890296936035	1.0	1.0	2.321042060852051	6.195245265960693	7.381890296936035	21.723411560058594
0	11	11	0	13	208	213	5	32	121	79	32	0	5.020136833190918	0.18564151227474213	0.5727073550224304	20.75365447998047	21.75239372253418	7.395497798919678	1.0	1.0	2.324475049972534	6.120762825012207	7.395497798919678	21.75239372253418
0	11	11	0	14	224	229	5	108	115	73	32	0	3.0143516063690186	0.1842186450958252	0.5708279013633728	20.65082359313965	21.649484634399414	7.341551303863525	1.0	1.0	2.326357126235962	6.18771505355835	7.341551303863525	21.649484634399414
0	11	11	0	15	240	245	5	114	114	72	32	0	3.190744638442993	0.1882784217596054	0.5716729760169983	20.719440460205078	21.71809196472168	7.3831868171691895	1.0	0.9999998807907104	2.32281756401062	6.3722991943359375	7.3831868171691895	21.71809196472168
0	11	11	0	0	0	6	6	105	44	2c	32	0	4.270418167114258	0.17529720067977905	0.5738226175308228	20.82624053955078	21.824996948242188	7.437594413757324	1.0	0.9999998807907104	2.9916181564331055	4.465892791748047	7.437594413757324	21.824996948242188
0	11	11	0	1	16	22	6	99	104	68	32	0	3.1812028884887695	0.1789904683828354	0.5730724334716797	20.782482147216797	21.781219482421875	7.412479877471924	1.0	1.0	2.393174171447754	5.3766350746154785	7.412479877471924	21.781219482421875
0	11	11	0	2	32	38	6	32	105	69	32	0	2.8693697452545166	0.1924259513616562	0.5730770230293274	20.779970169067383	21.778711318969727	7.413089752197266	1.0	1.0	2.3420369625091553	6.018887519836426	7.413089752197266	21.778711318969727
0	11	11	0	3	48	54	6	32	105	69	32	0	2.869840145111084	0.19708402454853058	0.5727059245109558	20.757766723632812	21.756498336791992	7.401200771331787	1.0	1.0	2.3331775665283203	6.233134746551514	7.401200771331787	21.756498336791992
0	11	11	0	4	64	70	6	32	32	20	32	1	1.713159203529358	0.18029530346393585	0.572701632976532	20.75811767578125	21.75684928894043	7.400904655456543	1.0	1.0000001192092896	2.33284854888916	6.0405049324035645	7.400904655456543	21.75684928894043
0	11	11	0	5	80	86	6	111	110	6e	32	0	3.1761152744293213	0.2048039436340332	0.5772783756256104	21.043415069580078	22.042221069335938	7.55727481842041	1.0	1.0000001192092896	2.9119956493377686	7.653542518615723	7.55727481842041	22.042221069335938
0	11	11	0	6	96	102	6	114	105	69	32	0	2.828704833984375	0.1914229691028595	0.5727165341377258	20.760486602783203	21.75921630859375	7.401278495788574	0.9999999403953552	0.9999998807907104	2.326608896255493	6.1869940757751465	7.401278495788574	21.75921630859375
0	11	11	0	7	112	118	6	111	32	20	32	1	1.632001519203186	0.19553780555725098	0.5798041224479675	21.203792572021484	22.202625274658203	7.648265361785889	1.0	0.9999999403953552	2.9197800159454346	7.879647254943848	7.648265361785889	22.202625274658203
0	11	11	0	8	128	134	6	97	97	61	32	0	2.7811412811279297	0.1859833151102066	0.5757262110710144	20.946075439453125	21.944862365722656	7.5024919509887695	1.0	1.0	2.9038636684417725	7.879438400268555	7.5024919509887695	21.944862365722656
0	11	11	0	9	144	150	6	111	105	69	32	0	2.9192123413085938	0.20769473910331726	0.5757960081100464	20.949501037597656	21.94828987121582	7.5050883293151855	1.0	1.0	2.902223825454712	8.078204154968262	7.5050883293151855	21.94828987121582
0	11	11	0	10	160	166	6	116	109	6d	32	0	3.7691845893859863	0.1871771663427353	0.5734013915061951	20.800981521606445	21.799728393554688	7.424072265625	1.0	1.0000001192092896	2.3262572288513184	6.156721115112305	7.424072265625	21.799728393554688
0	11	11	0	11	176	182	6	111	108	6c	32	0	3.5597219467163086	0.19533811509609222	0.5756832957267761	20.942180633544922	21.940967559814453	7.501161098480225	1.0	0.9999998807907104	2.9014532566070557	8.04734992980957	7.501161098480225	21.940967559814453
0	11	11	0	12	192	198	6	118	32	20	32	1	1.6691726446151733	0.18840287625789642	0.5730146169662476	20.777250289916992	21.77598762512207	7.41027307510376	1.0	0.9999999403953552	2.323025703430176	6.168063640594482	7.41027307510376	21.77598762512207
0	11	11	0	13	208	214	6	32	32	20	32	1	1.6948354244232178	0.18362945318222046	0.5740886926651001	20.84214210510254	21.840906143188477	7.446868896484375	1.0	0.9999998807907104	2.3282740116119385	6.039924621582031	7.446868896484375	21.840906143188477
0	11	11	0	14	224	230	6	108	32	20	32	1	1.6898784637451172	0.18454194068908691	0.5725746154785156	20.74857521057129	21.74730682373047	7.395500659942627	1.0	1.0	2.3273611068725586	6.20327615737915	7.395500659942627	21.74730682373047
0	11	11	0	15	240	246	6	114	101	65	32	0	2.1570816040039062	0.18697278201580048	0.5727392435073853	20.761672973632812	21.76040267944336	7.40201997756958	1.0	0.9999999403953552	2.32462477684021	6.319284439086914	7.40201997756958	21.76040267944336
0	12	12	0	0	0	5	5	115	101	65	32	0	2.0415329933166504	0.19304019212722778	0.571169912815094	20.679393768310547	21.678049087524414	7.358903408050537	0.9999999403953552	1.0	2.405862331390381	7.0096635818481445	7.358903408050537	21.678049087524414
0	12	12	0	1	16	21	5	110	101	65	32	0	2.180988073348999	0.18356622755527496	0.5717427134513855	20.72435760498047	21.723007202148438	7.386266231536865	1.0	1.0	2.3465030193328857	6.190232753753662	7.386266231536865	21.723007202148438
0	12	12	0	2	32	37	5	110	49	31	32	0	5.123611927032471	0.18328692018985748	0.5716881155967712	20.72109031677246	21.71973991394043	7.384538650512695	0.9999998807907104	1.0	2.3278064727783203	6.76941442489624	7.384538650512695	21.71973991394043
0	12	12	0	3	48	53	5	111	118	76	32	0	5.028975009918213	0.22006434202194214	0.5843188762664795	21.73884391784668	22.73722267150879	8.01020336151123	1.0	1.0	2.329343557357788	7.8872857093811035	8.01020336151123	22.73722267150879
0	12	12	0	4	64	69	5	195	32	20	32	1	1.6301859617233276	0.19589313864707947	0.5709874033927917	20.661821365356445	21.660486221313477	7.348565101623535	1.0	0.9999999403953552	2.3317275047302246	7.038081169128418	7.348565101623535	21.660486221313477
0	12	12	0	5	80	85	5	112	111	6f	32	0	2.9524872303009033	0.18081209063529968	0.5717273950576782	20.701435089111328	21.70013427734375	7.36431360244751	1.0	0.9999999403953552	2.3283634185791016	6.560849189758301	7.36431360244751	21.70013427734375
0	12	12	0	6	96	101	5	32	97	61	32	0	2.6778135299682617	0.19119857251644135	0.5729400515556335	20.769025802612305	21.76776885986328	7.4042277336120605	1.0	0.9999999403953552	2.3235878944396973	6.868169784545898	7.4042277336120605	21.76776885986328
0	12	12	0	7	112	117	5	32	111	6f	32	0	2.952411651611328	0.197103351354599	0.5739688873291016	20.83908462524414	21.837839126586914	7.4427032470703125	0.9999999403953552	0.9999999403953552	2.325296640396118	6.598765850067139	7.4427032470703125	21.837839126586914
0	12	12	0	8	128	133	5	32	50	32	32	0	6.328036308288574	0.19040676951408386	0.5745059251785278	20.871105194091797	21.869873046875	7.459550380706787	0.9999998807907104	0.9999999403953552	2.3267626762390137	6.485430717468262	7.459550380706787	21.869873046875
0	12	12	0	9	144	149	5	97	97	61	32	0	3.011636257171631	0.24181464314460754	0.577767014503479	21.084896087646484	22.083702087402344	7.573706150054932	1.0	1.0	2.907581090927124	8.350398063659668	7.573706150054932	22.083702087402344
0	12	12	0	10	160	165	5	105	111	6f	32	0	2.960660696029663	0.21292634308338165	0.5726838707923889	20.746746063232422	21.745494842529297	7.389899730682373	0.9999999403953552	1.0	2.8934102058410645	8.029104232788086	7.389899730682373	21.745494842529297
0	12	12	0	11	176	181	5	100	116	74	32	0	2.6949830055236816	0.20176641643047333	0.5718190670013428	20.718599319458008	21.7172794342041	7.377780914306641	0.9999999403953552	0.9999999403953552	2.3305201530456543	6.383977890014648	7.377780914306641	21.7172794342041
0	12	12	0	12	192	197	5	110	110	6e	32	0	3.1852927207946777	0.19461935758590698	0.5716181397438049	20.715675354003906	21.714324951171875	7.381690502166748	1.0	0.9999999403953552	2.331721067428589	6.265116214752197	7.381690502166748	21.714324951171875
0	12	12	0	13	208	213	5	32	102	66	32	0	3.807493209838867	0.1903131753206253	0.5724519491195679	20.73985481262207	21.738584518432617	7.38822078704834	1.0	1.0	2.3291244506835938	6.260353088378906	7.38822078704834	21.738584518432617
0	12	12	0	14	224	229	5	114	116	74	32	0	2.6699514389038086	0.1899864226579666	0.5717597603797913	20.727460861206055	21.726106643676758	7.388005256652832	0.9999998807907104	0.9999998807907104	2.332914352416992	6.225595474243164	7.388005256652832	21.726106643676758
0	12	12	0	15	240	245	5	97	111	6f	32	0	3.144996404647827	0.23198352754116058	0.5767940282821655	21.0225887298584	22.021381378173828	7.53985595703125	1.0	1.0	2.901089668273926	8.445720672607422	7.53985595703125	22.021381378173828
0	12	12	0	0	0	6	6	115	115	73	32	0	2.9759957790374756	0.19328661262989044	0.5726008415222168	20.751171112060547	21.749900817871094	7.39646577835083	0.9999999403953552	1.0	2.415377140045166	6.85662841796875	7.39646577835083	21.749900817871094
0	12	12	0	1	16	22	6	110	121	79	32	0	4.894345283508301	0.18528513610363007	0.5727620720863342	20.763225555419922	21.76195526123047	7.402935028076172	1.0	1.0	2.355661630630493	6.182644844055176	7.402935028076172	21.76195526123047
0	12	12	0	2	32	38	6	110	50	32	32	0	6.561439037322998	0.18228723108768463	0.5727231502532959	20.76079559326172	21.759523391723633	7.401625633239746	1.0	0.9999999403953552	2.3328135013580322	6.8155293464660645	7.401625633239746	21.759523391723633
0	12	12	0	3	48	54	6	111	105	69	32	0	3.009652614593506	0.21784301102161407	0.5722911953926086	20.76353645324707	21.76219367980957	7.40661096572876	1.0	1.0	2.317427635192871	7.749533653259277	7.40661096572876	21.76219367980957
0	12	12	0	4	64	70	6	195	97	61	32	0	2.7866077423095703	0.19024857878684998	0.5726774334907532	20.755428314208984	21.754161834716797	7.399327278137207	1.0	1.0	2.3363077640533447	6.913495063781738	7.399327278137207	21.754161834716797
0	12	12	0	5	80	86	6	112	102	66	32	0	3.8751821517944336	0.1806204915046692	0.5731340050697327	20.782222747802734	21.78096580505371	7.413267135620117	1.0	1.0	2.332752227783203	6.54644250869751	7.413267135620117	21.78096580505371
0	12	12	0	6	96	102	6	32	114	72	32	0	3.1172094345092773	0.19348613917827606	0.574192464351654	20.848825454711914	21.84758949279785	7.4505181312561035	1.0	1.0	2.3271472454071045	6.845265865325928	7.4505181312561035	21.84758949279785
0	12	12	0	7	112	118	6	32	32	20	32	1	1.6332927942276	0.19528548419475555	0.5745379328727722	20.871150970458984	21.86992073059082	7.4623565673828125	0.9999998807907104	1.0	2.3295443058013916	6.53186559677124	7.4623565673828125	21.86992073059082
0	12	12	0	8	128	134	6	32	48	30	32	0	6.638359069824219	0.19128963351249695	0.574840247631073	20.88990592956543	21.88867950439453	7.4725661277771	0.9999999403953552	1.0	2.330171585083008	6.440314292907715	7.4725661277771	21.88867950439453
0	12	12	0	9	144	150	6	97	110	6e	32	0	3.1305418014526367	0.23269277811050415	0.5760273933410645	20.965105056762695	21.963895797729492	7.512836933135986	1.0	0.9999998807907104	2.9049196243286133	8.230438232421875	7.512836933135986	21.963895797729492
0	12	12	0	10	160	166	6	105	32	20	32	1	1.5635933876037598	0.2093823254108429	0.5741162300109863	20.842710494995117	21.841476440429688	7.447491645812988	1.0	0.9999999403953552	2.898353338241577	8.080157279968262	7.447491645812988	21.841476440429688
0	12	12	0	11	176	182	6	100	101	65	32	0	2.34859037399292	0.20310798287391663	0.5730220079421997	20.777368545532227	21.776107788085938	7.410195350646973	0.9999998807907104	1.0	2.332162857055664	6.283235549926758	7.410195350646973	21.776107788085938
0	12	12	0	12	192	198	6	110	103	67	32	0	4.680497646331787	0.19498774409294128	0.5727091431617737	20.759817123413086	21.758544921875	7.401243686676025	1.0	0.9999999403953552	2.332573652267456	6.22920560836792	7.401243686676025	21.758544921875
0	12	12	0	13	208	214	6	32	105	69	32	0	3.0457961559295654	0.19302816689014435	0.5738896131515503	20.829853057861328	21.828611373901367	7.440070152282715	0.9999998807907104	1.0	2.33119535446167	6.254720211029053	7.440070152282715	21.828611373901367
0	12	12	0	14	224	230	6	114	104	68	32	0	3.432605743408203	0.18599697947502136	0.572727382183075	20.761308670043945	21.76003646850586	7.401669502258301	1.0	1.0	2.3327431678771973	6.2249956130981445	7.401669502258301	21.76003646850586
0	12	12	0	15	240	246	6	97	32	20	32	1	1.473817229270935	0.2290494740009308	0.5756053924560547	20.938432693481445	21.93721580505371	7.498405933380127	1.0	0.9999999403953552	2.8994011878967285	8.424745559692383	7.498405933380127	21.93721580505371
0	13	13	0	0	0	5	5	32	121	79	101	0	4.689328193664551	0.1795746386051178	0.5713225603103638	20.694602966308594	21.693246841430664	7.370188236236572	0.9999999403953552	1.0	2.420419931411743	6.1227922439575195	7.370188236236572	21.693246841430664
0	13	13	0	1	16	21	5	105	103	67	32	0	3.9869937896728516	0.18161660432815552	0.5717029571533203	20.693540573120117	21.692251205444336	7.357233047485352	1.0	1.0	2.9269213676452637	5.901830196380615	7.357233047485352	21.692251205444336
0	13	13	0	2	32	37	5	32	105	69	32	0	2.760336399078369	0.18319885432720184	0.5711170434951782	20.676776885986328	21.67542839050293	7.359709739685059	0.9999998807907104	1.0000001192092896	2.3513076305389404	5.94338321685791	7.359709739685059	21.67542839050293
0	13	13	0	3	48	53	5	122	105	69	32	0	2.7378273010253906	0.17981018126010895	0.5712776184082031	20.674022674560547	21.67270851135254	7.35212516784668	1.0	1.0	2.337169885635376	6.375645637512207	7.35212516784668	21.67270851135254
0	13	13	0	4	64	69	5	59	100	64	32	0	3.508981704711914	0.16773711144924164	0.5715068578720093	20.698152542114258	21.696823120117188	7.368168830871582	0.9999998807907104	0.9999998807907104	2.3478336334228516	5.764416694641113	7.368168830871582	21.696823120117188
0	13	13	0	5	80	85	5	32	114	72	32	0	3.1101737022399902	0.17075181007385254	0.5710962414741516	20.668344497680664	21.667015075683594	7.354066848754883	1.0	1.0	2.3437459468841553	5.686426162719727	7.354066848754883	21.667015075683594
0	13	13	0	6	96	101	5	104	111	6f	32	0	2.9992570877075195	0.17479579150676727	0.5720171332359314	20.721765518188477	21.72046661376953	7.374568462371826	1.0	1.0	2.327070474624634	6.099318027496338	7.374568462371826	21.72046661376953
0	13	13	0	7	112	117	5	100	116	74	32	0	2.5973286628723145	0.16681493818759918	0.5718024373054504	20.7187442779541	21.71742057800293	7.3783416748046875	0.9999998807907104	1.0	2.334359884262085	5.895662784576416	7.3783416748046875	21.71742057800293
0	13	13	0	8	128	133	5	32	101	65	32	0	2.245972156524658	0.1701883226633072	0.5711801052093506	20.671171188354492	21.66984748840332	7.354722499847412	1.0	0.9999999403953552	2.3308260440826416	5.811724662780762	7.354722499847412	21.66984748840332
0	13	13	0	9	144	149	5	45	97	61	32	0	2.6496806144714355	0.18139012157917023	0.5714762210845947	20.694299697875977	21.692974090576172	7.366213321685791	0.9999999403953552	1.0	2.3363165855407715	6.0286664962768555	7.366213321685791	21.692974090576172
0	13	13	0	10	160	165	5	110	116	74	32	0	2.7998249530792236	0.18715061247348785	0.5716977715492249	20.722976684570312	21.721620559692383	7.385539531707764	0.9999999403953552	0.9999998807907104	2.340271234512329	5.926209926605225	7.385539531707764	21.721620559692383
0	13	13	0	11	176	181	5	111	119	77	32	0	4.125363349914551	0.20025759935379028	0.5806859731674194	21.26712989807129	22.265966415405273	7.676532745361328	0.9999999403953552	0.9999998807907104	2.914184808731079	8.241952896118164	7.676532745361328	22.265966415405273
0	13	13	0	12	192	197	5	32	116	74	32	0	2.661803722381592	0.18952882289886475	0.5710678100585938	20.667583465576172	21.666248321533203	7.354087829589844	1.0	0.9999998807907104	2.3324339389801025	6.156192302703857	7.354087829589844	21.666248321533203
0	13	13	0	13	208	213	5	32	99	63	32	0	3.5296273231506348	0.17267070710659027	0.5711372494697571	20.671384811401367	21.670053482055664	7.355344772338867	1.0	0.9999998807907104	2.3318517208099365	6.063336372375488	7.355344772338867	21.670053482055664
0	13	13	0	14	224	229	5	97	110	6e	32	0	2.9432971477508545	0.1954723447561264	0.5760353207588196	20.974693298339844	21.973474502563477	7.51402473449707	1.0	1.0	2.8989906311035156	8.112616539001465	7.51402473449707	21.973474502563477
0	13	13	0	15	240	245	5	115	32	20	32	1	1.7290335893630981	0.1774558275938034	0.5719354152679443	20.735258102416992	21.733917236328125	7.390032768249512	1.0	1.0	2.3343958854675293	5.968489170074463	7.390032768249512	21.733917236328125
0	13	13	0	0	0	6	6	32	32	20	101	0	1.8008939027786255	0.18063496053218842	0.572597324848175	20.752439498901367	21.75116539001465	7.39751672744751	1.0	1.0	2.4211084842681885	6.009115219116211	7.39751672744751	21.75116539001465
0	13	13	0	1	16	22	6	105	32	20	32	1	1.7425613403320312	0.17507140338420868	0.5731536149978638	20.781980514526367	21.78072738647461	7.413393020629883	1.0	0.9999999403953552	2.9355196952819824	5.958794593811035	7.413393020629883	21.78072738647461
0	13	13	0	2	32	38	6	32	110	6e	32	0	3.3779616355895996	0.17949724197387695	0.5726180076599121	20.753034591674805	21.75176429748535	7.398067474365234	1.0	1.0	2.355541706085205	5.834997653961182	7.398067474365234	21.75176429748535
0	13	13	0	3	48	54	6	122	32	20	32	1	1.6928725242614746	0.1839902400970459	0.5729292035102844	20.769987106323242	21.768728256225586	7.407171249389648	1.0	0.9999999403953552	2.3422677516937256	6.36073112487793	7.407171249389648	21.768728256225586
0	13	13	0	4	64	70	6	59	105	69	32	0	2.8297224044799805	0.16662484407424927	0.5728537440299988	20.76687240600586	21.765605926513672	7.405127048492432	1.0	1.0	2.348997116088867	5.772675514221191	7.405127048492432	21.765605926513672
0	13	13	0	5	80	86	6	32	101	65	32	0	2.2560410499572754	0.17310446500778198	0.5727938413619995	20.763071060180664	21.76180648803711	7.403905868530273	1.0	1.0	2.348876953125	5.572445392608643	7.403905868530273	21.76180648803711
0	13	13	0	6	96	102	6	104	116	74	32	0	2.6936380863189697	0.1740734726190567	0.5731606483459473	20.78389549255371	21.78264045715332	7.414012908935547	1.0	1.0	2.331456422805786	6.041207790374756	7.414012908935547	21.78264045715332
0	13	13	0	7	112	118	6	100	32	20	32	1	1.7633726596832275	0.17146559059619904	0.5729941725730896	20.77585792541504	21.774595260620117	7.409358501434326	1.0	1.0	2.338151693344116	5.786917686462402	7.409358501434326	21.774595260620117
0	13	13	0	8	128	134	6	32	100	64	32	0	3.4384188652038574	0.16753509640693665	0.5729029178619385	20.769500732421875	21.76823616027832	7.407380104064941	1.0	1.0	2.334216356277466	5.770769119262695	7.407380104064941	21.76823616027832
0	13	13	0	9	144	150	6	45	110	6e	32	0	3.168081521987915	0.18602830171585083	0.572894811630249	20.76927947998047	21.768014907836914	7.406652927398682	1.0	0.9999999403953552	2.3380141258239746	6.043711185455322	7.406652927398682	21.768014907836914
0	13	13	0	10	160	166	6	110	97	61	32	0	2.653332233428955	0.18823277950286865	0.5726816654205322	20.75831413269043	21.757041931152344	7.400201797485352	0.9999999403953552	0.9999999403953552	2.3416619300842285	5.896852970123291	7.400201797485352	21.757041931152344
0	13	13	0	11	176	182	6	111	104	68	32	0	3.4251549243927	0.19581517577171326	0.5771609544754028	21.035858154296875	22.034664154052734	7.553424835205078	1.0	1.0	2.9058547019958496	8.209188461303711	7.553424835205078	22.034664154052734
0	13	13	0	12	192	198	6	32	97	61	32	0	2.6179957389831543	0.1847105324268341	0.5727552771568298	20.760839462280273	21.75957489013672	7.402711868286133	1.0	1.0	2.3349525928497314	6.06439733505249	7.402711868286133	21.75957489013672
0	13	13	0	13	208	214	6	32	104	68	32	0	3.2089290618896484	0.1747216284275055	0.5728235840797424	20.76499366760254	21.763729095458984	7.404730796813965	1.0	0.9999999403953552	2.33251953125	6.0538010597229	7.404730796813965	21.763729095458984
0	13	13	0	14	224	230	6	97	99	63	32	0	3.765923500061035	0.19120565056800842	0.5752055644989014	20.913118362426758	21.911897659301758	7.4848952293396	1.0	0.9999998807907104	2.9002394676208496	7.997019290924072	7.4848952293396	21.911897659301758
0	13	13	0	15	240	246	6	115	109	6d	32	0	3.6321394443511963	0.1803995817899704	0.5728998184204102	20.77133560180664	21.770071029663086	7.406711101531982	1.0	1.0	2.335970640182495	5.892324447631836	7.406711101531982	21.770071029663086
0	14	14	0	0	0	5	5	112	99	63	32	0	3.415628433227539	0.14767557382583618	0.5870267748832703	21.65675926208496	22.6556396484375	7.918385028839111	1.0	0.9999998807907104	3.054114818572998	4.113864421844482	7.918385028839111	22.6556396484375
0	14	14	0	1	16	21	5	119	107	6b	32	0	5.4800124168396	0.20199082791805267	0.5718271732330322	20.724693298339844	21.723360061645508	7.38424015045166	1.0	1.0	2.376983404159546	5.777242183685303	7.38424015045166	21.723360061645508
0	14	14	0	2	32	37	5	101	114	72	32	0	3.2594518661499023	0.19664894044399261	0.5714361071586609	20.70231819152832	21.700965881347656	7.373831272125244	1.0	1.0	2.3680336475372314	5.435037612915039	7.373831272125244	21.700965881347656
0	14	14	0	3	48	53	5	104	32	20	32	1	1.5663886070251465	0.208797886967659	0.5719937682151794	20.71854591369629	21.71725082397461	7.371801853179932	0.9999999403953552	1.0	2.35799241065979	6.05556583404541	7.371801853179932	21.71725082397461
0	14	14	0	4	64	69	5	32	32	20	32	1	1.611753225326538	0.1995374709367752	0.5761029124259949	20.972320556640625	21.971111297607422	7.514845848083496	0.9999998807907104	1.0	2.3549909591674805	5.61635684967041	7.514845848083496	21.971111297607422
0	14	14	0	5	80	85	5	110	119	77	32	0	4.023934841156006	0.22304491698741913	0.5716500878334045	20.718284606933594	21.71693229675293	7.382046699523926	1.0	1.0	2.353747606277466	5.732281684875488	7.382046699523926	21.71693229675293
0	14	14	0	6	96	101	5	68	32	20	32	1	1.5623244047164917	0.20964819192886353	0.5714612007141113	20.687942504882812	21.686630249023438	7.359014987945557	1.0	1.0	2.354656219482422	5.564734935760498	7.359014987945557	21.686630249023438
0	14	14	0	7	112	117	5	116	97	61	32	0	2.8123745918273926	0.2196546196937561	0.5720217227935791	20.727203369140625	21.72589683532715	7.38499116897583	1.0	0.9999999403953552	2.347261905670166	6.140209197998047	7.38499116897583	21.72589683532715
0	14	14	0	8	128	133	5	101	65	41	32	0	4.969316005706787	0.20752498507499695	0.5715488791465759	20.710647583007812	21.70929527282715	7.378442764282227	1.0	1.0	2.339301824569702	6.222233772277832	7.378442764282227	21.70929527282715
0	14	14	0	9	144	149	5	97	54	36	32	0	6.805915832519531	0.23518434166908264	0.5782712697982788	21.118011474609375	22.116819381713867	7.591270446777344	1.0	1.0	2.9170713424682617	7.675192832946777	7.591270446777344	22.116819381713867
0	14	14	0	10	160	165	5	104	97	61	32	0	2.7556467056274414	0.21924246847629547	0.5719577074050903	20.7169132232666	21.71561622619629	7.371181011199951	1.0	0.9999998807907104	2.3406131267547607	5.930970668792725	7.371181011199951	21.71561622619629
0	14	14	0	11	176	181	5	32	46	2e	32	0	5.29051399230957	0.1986520141363144	0.5718562006950378	20.70254135131836	21.70125961303711	7.369752883911133	0.9999998807907104	1.0	2.3449058532714844	5.564355373382568	7.369752883911133	21.70125961303711
0	14	14	0	12	192	197	5	102	100	64	32	0	3.662928819656372	0.20202946662902832	0.5721235871315002	20.73261070251465	21.731307983398438	7.3843488693237305	1.0	0.9999999403953552	2.34513521194458	5.5965046882629395	7.3843488693237305	21.731307983398438
0	14	14	0	13	208	213	5	110	101	65	32	0	2.4296793937683105	0.20880144834518433	0.5718181133270264	20.734224319458008	21.732866287231445	7.393081188201904	0.9999999403953552	1.0	2.33848237991333	6.0457658767700195	7.393081188201904	21.732866287231445
0	14	14	0	14	224	229	5	102	99	63	32	0	3.6464171409606934	0.20331843197345734	0.5721021890640259	20.731449127197266	21.730144500732422	7.3838043212890625	1.0	1.0	2.34114146232605	5.8102569580078125	7.3838043212890625	21.730144500732422
0	14	14	0	15	240	245	5	32	101	65	32	0	2.312289237976074	0.19719333946704865	0.572284996509552	20.72826385498047	21.726991653442383	7.38243293762207	1.0	0.9999998807907104	2.336911201477051	5.843450546264648	7.38243293762207	21.726991653442383
0	14	14	0	0	0	6	6	112	32	20	32	1	1.9129853248596191	0.1476389765739441	0.580390989780426	21.241485595703125	22.240325927734375	7.671772003173828	1.0	1.0	3.035334825515747	4.109951496124268	7.671772003173828	22.240325927734375
0	14	14	0	1	16	22	6	119	32	20	32	1	1.6072460412979126	0.20043885707855225	0.5729284882545471	20.772748947143555	21.771484375	7.407962322235107	1.0	0.9999999403953552	2.384514570236206	5.881847381591797	7.407962322235107	21.771484375
0	14	14	0	2	32	38	6	101	121	79	32	0	5.0843119621276855	0.19842226803302765	0.5726325511932373	20.754613876342773	21.753339767456055	7.398505687713623	1.0	1.0	2.3772058486938477	5.365966796875	7.398505687713623	21.753339767456055
0	14	14	0	3	48	54	6	104	104	68	32	0	3.458953380584717	0.21009017527103424	0.573154866695404	20.783100128173828	21.781845092773438	7.41359806060791	0.9999999403953552	0.9999999403953552	2.365546464920044	6.0034308433532715	7.41359806060791	21.781845092773438
0	14	14	0	4	64	70	6	32	33	21	32	0	10.830238342285156	0.19411469995975494	0.575577974319458	20.936460494995117	21.935243606567383	7.497884273529053	1.0	0.9999998807907104	2.3583860397338867	5.588637351989746	7.497884273529053	21.935243606567383
0	14	14	0	5	80	86	6	110	101	65	32	0	2.2797892093658447	0.21938127279281616	0.5726781487464905	20.75771141052246	21.756441116333008	7.399837017059326	1.0	1.0	2.355069637298584	5.753830432891846	7.399837017059326	21.756441116333008
0	14	14	0	6	96	102	6	68	116	74	32	0	2.957195281982422	0.2041170299053192	0.5729423761367798	20.770872116088867	21.769611358642578	7.40722131729126	0.9999998807907104	1.0	2.3585479259490967	5.515081882476807	7.40722131729126	21.769611358642578
0	14	14	0	7	112	118	6	116	32	20	32	1	1.5563819408416748	0.21089774370193481	0.5732591152191162	20.792213439941406	21.790956497192383	7.419377326965332	1.0	1.0000001192092896	2.3491570949554443	6.117694854736328	7.419377326965332	21.790956497192383
0	14	14	0	8	128	134	6	101	112	70	32	0	4.328180313110352	0.2088652402162552	0.5726672410964966	20.756959915161133	21.755687713623047	7.399663925170898	1.0	0.9999999403953552	2.3414344787597656	6.19760799407959	7.399663925170898	21.755687713623047
0	14	14	0	9	144	150	6	97	54	36	32	0	6.960525035858154	0.23384253680706024	0.5761869549751282	20.975173950195312	21.973966598510742	7.518293857574463	1.0	0.9999999403953552	2.912043571472168	7.67454719543457	7.518293857574463	21.973966598510742
0	14	14	0	10	160	166	6	104	115	73	32	0	3.2370049953460693	0.21448218822479248	0.5731387734413147	20.782236099243164	21.78097915649414	7.4130682945251465	1.0	1.0	2.34346604347229	5.931069850921631	7.4130682945251465	21.78097915649414
0	14	14	0	11	176	182	6	32	32	20	32	1	1.6221407651901245	0.19747549295425415	0.5736204385757446	20.813274383544922	21.81202507019043	7.431457042694092	1.0	1.0	2.346787929534912	5.569065093994141	7.431457042694092	21.81202507019043
0	14	14	0	12	192	198	6	102	32	20	32	1	1.6014872789382935	0.2015964686870575	0.5732952356338501	20.793760299682617	21.79250717163086	7.419389247894287	0.9999998807907104	1.0000001192092896	2.3481943607330322	5.575010776519775	7.419389247894287	21.79250717163086
0	14	14	0	13	208	214	6	110	32	20	32	1	1.5752387046813965	0.20695814490318298	0.5726785659790039	20.758811950683594	21.757539749145508	7.4004292488098145	1.0	0.9999998807907104	2.3376729488372803	6.044386863708496	7.4004292488098145	21.757539749145508
0	14	14	0	14	224	230	6	102	99	63	32	0	3.6454830169677734	0.20187696814537048	0.573280930519104	20.792898178100586	21.791643142700195	7.418923854827881	1.0	1.0	2.343156337738037	5.779239177703857	7.418923854827881	21.791643142700195
0	14	14	0	15	240	246	6	32	108	6c	32	0	3.69218373298645	0.19904722273349762	0.5738563537597656	20.827770233154297	21.826528549194336	7.43912410736084	1.0	1.0	2.3391034603118896	5.8221964836120605	7.43912410736084	21.826528549194336
0	15	15	0	0	0	5	5	97	115	73	32	0	2.9536008834838867	0.21806199848651886	0.5728172659873962	20.778337478637695	21.777048110961914	7.409538745880127	1.0	1.0000001192092896	2.420060396194458	6.430152416229248	7.409538745880127	21.777048110961914
0	15	15	0	1	16	21	5	73	49	31	32	0	6.865357398986816	0.18230672180652618	0.571010410785675	20.66725730895996	21.665912628173828	7.350532054901123	1.0	1.0	2.346662998199463	6.243858337402344	7.350532054901123	21.665912628173828
0	15	15	0	2	32	37	5	109	114	72	32	0	3.441088914871216	0.20036838948726654	0.5718749761581421	20.732833862304688	21.731489181518555	7.389805793762207	1.0	1.0	2.3443009853363037	6.818044662475586	7.389805793762207	21.731489181518555
0	15	15	0	3	48	53	5	101	101	65	32	0	2.4002490043640137	0.19751529395580292	0.5714076161384583	20.698781967163086	21.697431564331055	7.371772289276123	1.0	1.0	2.330599069595337	7.435307502746582	7.371772289276123	21.697431564331055
0	15	15	0	4	64	69	5	117	115	73	32	0	3.1280436515808105	0.19329607486724854	0.5714513063430786	20.688547134399414	21.687231063842773	7.362177848815918	1.0	1.0	2.3231401443481445	7.204668045043945	7.362177848815918	21.687231063842773
0	15	15	0	5	80	85	5	97	105	69	32	0	2.9665775299072266	0.19429026544094086	0.5770546793937683	21.039203643798828	22.038000106811523	7.548805236816406	1.0	0.9999999403953552	2.9071333408355713	8.045417785644531	7.548805236816406	22.038000106811523
0	15	15	0	6	96	101	5	32	114	72	32	0	3.3309903144836426	0.20483160018920898	0.5758848190307617	20.958524703979492	21.957311630249023	7.507439136505127	1.0	1.0	2.3252739906311035	6.779914379119873	7.507439136505127	21.957311630249023
0	15	15	0	7	112	117	5	99	32	20	32	1	1.6086097955703735	0.20016568899154663	0.5716688632965088	20.71397590637207	21.71263885498047	7.378174304962158	1.0	0.9999999403953552	2.321985960006714	6.707249641418457	7.378174304962158	21.71263885498047
0	15	15	0	8	128	133	5	110	110	6e	32	0	3.3744149208068848	0.19188472628593445	0.5716462731361389	20.71957015991211	21.71821403503418	7.3839030265808105	0.9999998807907104	1.0	2.323542356491089	6.404345512390137	7.3839030265808105	21.71821403503418
0	15	15	0	9	144	149	5	114	103	67	32	0	4.577554702758789	0.20796547830104828	0.5716978907585144	20.72178077697754	21.720428466796875	7.3845415115356445	1.0	0.9999998807907104	2.324652910232544	6.560497760772705	7.3845415115356445	21.720428466796875
0	15	15	0	10	160	165	5	101	105	69	32	0	2.93569278717041	0.22078965604305267	0.5714932084083557	20.706253051757812	21.70490074157715	7.376053810119629	1.0	0.9999999403953552	2.324802875518799	6.665969371795654	7.376053810119629	21.70490074157715
0	15	15	0	11	176	181	5	32	48	30	32	0	6.873926162719727	0.21916545927524567	0.5719484090805054	20.70853042602539	21.70724868774414	7.372453689575195	1.0	1.0	2.3188772201538086	6.848957538604736	7.372453689575195	21.70724868774414
0	15	15	0	12	192	197	5	67	110	6e	32	0	3.2639760971069336	0.21956679224967957	0.5715768933296204	20.701934814453125	21.700611114501953	7.369722366333008	1.0	0.9999998807907104	2.3184163570404053	6.808105945587158	7.369722366333008	21.700611114501953
0	15	15	0	13	208	213	5	101	101	65	32	0	2.208946704864502	0.20362094044685364	0.5715183615684509	20.707826614379883	21.70647621154785	7.376776695251465	1.0	0.9999998807907104	2.3184890747070312	7.044365882873535	7.376776695251465	21.70647621154785
0	15	15	0	14	224	229	5	97	105	69	32	0	2.805788993835449	0.20543387532234192	0.5768386721611023	21.0255126953125	22.02430534362793	7.5413713455200195	1.0	0.9999999403953552	2.8936312198638916	8.901488304138184	7.5413713455200195	22.02430534362793
0	15	15	0	15	240	245	5	101	118	76	32	0	4.557887077331543	0.2034423053264618	0.57155841588974	20.710947036743164	21.709596633911133	7.378471851348877	1.0	1.0	2.320699453353882	6.91959810256958	7.378471851348877	21.709596633911133
0	15	15	0	0	0	6	6	97	32	20	32	1	1.537682294845581	0.21487855911254883	0.5736897587776184	20.819107055664062	21.817859649658203	7.432729244232178	0.9999999403953552	1.0	2.42868709564209	6.390096187591553	7.432729244232178	21.817859649658203
0	15	15	0	1	16	22	6	73	49	31	32	0	6.728965759277344	0.18814922869205475	0.5725411772727966	20.747119903564453	21.745851516723633	7.394283771514893	1.0	1.0	2.355665683746338	6.172929763793945	7.394283771514893	21.745851516723633
0	15	15	0	2	32	38	6	109	114	72	32	0	3.4438748359680176	0.19574587047100067	0.5728178024291992	20.766550064086914	21.765281677246094	7.4044342041015625	0.9999999403953552	1.0	2.347757339477539	6.817042350769043	7.4044342041015625	21.765281677246094
0	15	15	0	3	48	54	6	101	110	6e	32	0	3.2682652473449707	0.19264788925647736	0.5726652145385742	20.75642967224121	21.755155563354492	7.399606704711914	1.0	0.9999999403953552	2.3338615894317627	7.36431360244751	7.399606704711914	21.755155563354492
0	15	15	0	4	64	70	6	117	116	74	32	0	2.7636539936065674	0.19069117307662964	0.5729984641075134	20.775178909301758	21.77391815185547	7.40997314453125	1.0	0.9999998807907104	2.3281185626983643	7.096683502197266	7.40997314453125	21.77391815185547
0	15	15	0	5	80	86	6	97	109	6d	32	0	3.9767003059387207	0.19086089730262756	0.5757289528846741	20.946247100830078	21.94503402709961	7.502588272094727	0.9999999403953552	0.9999999403953552	2.9067373275756836	7.884680271148682	7.502588272094727	21.94503402709961
0	15	15	0	6	96	102	6	32	32	20	32	1	1.5882810354232788	0.2042764574289322	0.5754831433296204	20.93050765991211	21.929292678833008	7.494665145874023	1.0	0.9999998807907104	2.329920768737793	6.609396934509277	7.494665145874023	21.929292678833008
0	15	15	0	7	112	118	6	99	97	61	32	0	2.8312020301818848	0.19720476865768433	0.5728695392608643	20.76898956298828	21.767723083496094	7.405951023101807	0.9999999403953552	1.0	2.322828769683838	6.657226085662842	7.405951023101807	21.767723083496094
0	15	15	0	8	128	134	6	110	99	63	32	0	3.4898502826690674	0.1924661546945572	0.5726589560508728	20.75689125061035	21.755617141723633	7.399496078491211	1.0	1.0	2.3249754905700684	6.3681321144104	7.399496078491211	21.755617141723633
0	15	15	0	9	144	150	6	114	108	6c	32	0	3.742401361465454	0.20060662925243378	0.5727342963218689	20.761465072631836	21.760194778442383	7.401846408843994	1.0	1.0	2.32539439201355	6.545512676239014	7.401846408843994	21.760194778442383
0	15	15	0	10	160	166	6	101	116	74	32	0	2.7251200675964355	0.22256602346897125	0.5726591944694519	20.756343841552734	21.755069732666016	7.399419784545898	1.0	1.0	2.328765392303467	6.530645370483398	7.399419784545898	21.755069732666016
0	15	15	0	11	176	182	6	32	32	20	32	1	1.5357518196105957	0.2152937650680542	0.5736502408981323	20.815061569213867	21.813814163208008	7.4322829246521	1.0	1.0000001192092896	2.319782018661499	6.840782165527344	7.4322829246521	21.813814163208008
0	15	15	0	12	192	198	6	67	105	69	32	0	2.972942352294922	0.2209114283323288	0.5729135274887085	20.77052116394043	21.769258499145508	7.407022953033447	1.0	1.0	2.3213682174682617	6.720703601837158	7.407022953033447	21.769258499145508
0	15	15	0	13	208	214	6	101	32	20	32	1	1.6159714460372925	0.1986975520849228	0.5726732611656189	20.757205963134766	21.75593376159668	7.399847507476807	1.0	1.0	2.3212785720825195	6.921550750732422	7.399847507476807	21.75593376159668
0	15	15	0	14	224	230	6	97	109	6d	32	0	3.8496499061584473	0.2064688503742218	0.5756215453147888	20.9394474029541	21.938232421875	7.498940467834473	1.0	0.9999999403953552	2.891676187515259	8.882065773010254	7.498940467834473	21.938232421875
0	15	15	0	15	240	246	6	101	101	65	32	0	2.351486921310425	0.20023898780345917	0.5726799964904785	20.75770378112793	21.756431579589844	7.400058269500732	1.0	0.9999998807907104	2.3206627368927	6.898966312408447	7.400058269500732	21.756431579589844
