scope_level	scope_id	microbatch_index	global_row	local_row	anchor_ordinal	loss_component	parameter_group	unweighted_ce_mean	weighted_objective_contribution	gradient_l2	gradient_max_abs	reconstruction_relative_error
physical_microbatch	micro0	0				h5	all	3.254913330078125	0.0508580207824707	6.138885278644541	0.28062862157821655	
physical_microbatch	micro0	0				h5	central.hidden_phase	3.254913330078125	0.0508580207824707	0.04465427199528489	0.00769773218780756	
physical_microbatch	micro0	0				h5	central.key	3.254913330078125	0.0508580207824707	2.760713170279942	0.09703822433948517	
physical_microbatch	micro0	0				h5	central.memory_phase	3.254913330078125	0.0508580207824707	0.077492754389861	0.028754495084285736	
physical_microbatch	micro0	0				h5	central.output	3.254913330078125	0.0508580207824707	1.2392591592166637	0.13488459587097168	
physical_microbatch	micro0	0				h5	central.query	3.254913330078125	0.0508580207824707	2.900983900023542	0.08414175361394882	
physical_microbatch	micro0	0				h5	central.value	3.254913330078125	0.0508580207824707	1.7710879049385588	0.03764507919549942	
physical_microbatch	micro0	0				h5	revblock0.attn.proj	3.254913330078125	0.0508580207824707	0.00019576004761693542	1.363801220577443e-05	
physical_microbatch	micro0	0				h5	revblock0.attn.qkv	3.254913330078125	0.0508580207824707	0.00015438094899908902	2.108820808643941e-06	
physical_microbatch	micro0	0				h5	revblock0.ffn	3.254913330078125	0.0508580207824707	2.843865770332251	0.26118141412734985	
physical_microbatch	micro0	0				h5	revblock0.norm1	3.254913330078125	0.0508580207824707	5.576131505264781e-06	1.157410110863566e-06	
physical_microbatch	micro0	0				h5	revblock0.norm2	3.254913330078125	0.0508580207824707	0.28074318202649234	0.28062862157821655	
physical_microbatch	micro0	0				h5	revblock1.attn.proj	3.254913330078125	0.0508580207824707	1.3204179529817976	0.02108389139175415	
physical_microbatch	micro0	0				h5	revblock1.attn.qkv	3.254913330078125	0.0508580207824707	2.408689278122793	0.03922629356384277	
physical_microbatch	micro0	0				h5	revblock1.ffn	3.254913330078125	0.0508580207824707	1.1175041763811469	0.016677767038345337	
physical_microbatch	micro0	0				h5	revblock1.norm1	3.254913330078125	0.0508580207824707	0.0846720365627287	0.020133763551712036	
physical_microbatch	micro0	0				h5	revblock1.norm2	3.254913330078125	0.0508580207824707	0.022159482837859637	0.004845380783081055	
physical_microbatch	micro0	0				h6	all	3.4907708168029785	0.05454329401254654	20.0344504428874	0.9202654361724854	
physical_microbatch	micro0	0				h6	central.hidden_phase	3.4907708168029785	0.05454329401254654	0.14652270133581805	0.025246646255254745	
physical_microbatch	micro0	0				h6	central.key	3.4907708168029785	0.05454329401254654	9.047529391272377	0.3175593316555023	
physical_microbatch	micro0	0				h6	central.memory_phase	3.4907708168029785	0.05454329401254654	0.2533311493025505	0.09430110454559326	
physical_microbatch	micro0	0				h6	central.output	3.4907708168029785	0.05454329401254654	3.642485965657214	0.12972137331962585	
physical_microbatch	micro0	0				h6	central.query	3.4907708168029785	0.05454329401254654	9.478400722760695	0.276464581489563	
physical_microbatch	micro0	0				h6	central.value	3.4907708168029785	0.05454329401254654	5.808929331050993	0.1237209215760231	
physical_microbatch	micro0	0				h6	revblock0.attn.proj	3.4907708168029785	0.05454329401254654	0.00018201859098127273	8.960196282714605e-06	
physical_microbatch	micro0	0				h6	revblock0.attn.qkv	3.4907708168029785	0.05454329401254654	0.00018430458799702083	4.16035527450731e-06	
physical_microbatch	micro0	0				h6	revblock0.ffn	3.4907708168029785	0.05454329401254654	9.330805579852177	0.8564421534538269	
physical_microbatch	micro0	0				h6	revblock0.norm1	3.4907708168029785	0.05454329401254654	6.146893523914974e-06	1.4154469454297214e-06	
physical_microbatch	micro0	0				h6	revblock0.norm2	3.4907708168029785	0.05454329401254654	0.9206441647567131	0.9202654361724854	
physical_microbatch	micro0	0				h6	revblock1.attn.proj	3.4907708168029785	0.05454329401254654	4.3247927842086	0.06925535202026367	
physical_microbatch	micro0	0				h6	revblock1.attn.qkv	3.4907708168029785	0.05454329401254654	7.902889698608915	0.12872743606567383	
physical_microbatch	micro0	0				h6	revblock1.ffn	3.4907708168029785	0.05454329401254654	3.6648106871048483	0.05473726987838745	
physical_microbatch	micro0	0				h6	revblock1.norm1	3.4907708168029785	0.05454329401254654	0.27783149491243264	0.06647109985351562	
physical_microbatch	micro0	0				h6	revblock1.norm2	3.4907708168029785	0.05454329401254654	0.07267877360362593	0.015871763229370117	
physical_microbatch	micro0	0				h5+h6	all	3.3728420734405518	0.10540131479501724	26.15489265833459	1.2008941173553467	
physical_microbatch	micro0	0				h5+h6	central.hidden_phase	3.3728420734405518	0.10540131479501724	0.19117616915975733	0.03294437751173973	
physical_microbatch	micro0	0				h5+h6	central.key	3.3728420734405518	0.10540131479501724	11.808197691216206	0.4145975708961487	
physical_microbatch	micro0	0				h5+h6	central.memory_phase	3.3728420734405518	0.10540131479501724	0.33081885746162826	0.123055599629879	
physical_microbatch	micro0	0				h5+h6	central.output	3.3728420734405518	0.10540131479501724	4.793569214755368	0.2151389718055725	
physical_microbatch	micro0	0				h5+h6	central.query	3.3728420734405518	0.10540131479501724	12.37886372369628	0.3606063425540924	
physical_microbatch	micro0	0				h5+h6	central.value	3.3728420734405518	0.10540131479501724	7.5799570916805825	0.16136600077152252	
physical_microbatch	micro0	0				h5+h6	revblock0.attn.proj	3.3728420734405518	0.10540131479501724	0.0002623135881317034	1.2897381566290278e-05	
physical_microbatch	micro0	0				h5+h6	revblock0.attn.qkv	3.3728420734405518	0.10540131479501724	0.00024447129706383757	4.5953438529977575e-06	
physical_microbatch	micro0	0				h5+h6	revblock0.ffn	3.3728420734405518	0.10540131479501724	12.174653331782375	1.1176235675811768	
physical_microbatch	micro0	0				h5+h6	revblock0.norm1	3.3728420734405518	0.10540131479501724	8.780591420232866e-06	1.4605866454076022e-06	
physical_microbatch	micro0	0				h5+h6	revblock0.norm2	3.3728420734405518	0.10540131479501724	1.2013874139697087	1.2008941173553467	
physical_microbatch	micro0	0				h5+h6	revblock1.attn.proj	3.3728420734405518	0.10540131479501724	5.642364149304737	0.09033924341201782	
physical_microbatch	micro0	0				h5+h6	revblock1.attn.qkv	3.3728420734405518	0.10540131479501724	10.310966608891135	0.1679537296295166	
physical_microbatch	micro0	0				h5+h6	revblock1.ffn	3.3728420734405518	0.10540131479501724	4.78229481116919	0.07141503691673279	
physical_microbatch	micro0	0				h5+h6	revblock1.norm1	3.3728420734405518	0.10540131479501724	0.36250003781811746	0.08660486340522766	
physical_microbatch	micro0	0				h5+h6	revblock1.norm2	3.3728420734405518	0.10540131479501724	0.0948380423859909	0.020717144012451172	
row	row0	0	0	0		h5	all	3.618563175201416	0.003533753100782633	0.17895376219557965	0.0699424222111702	
row	row0	0	0	0		h5	central.hidden_phase	3.618563175201416	0.003533753100782633	2.5949807483317568e-05	6.303691861830885e-06	
row	row0	0	0	0		h5	central.key	3.618563175201416	0.003533753100782633	0.0006588787481487396	2.1147647203179076e-05	
row	row0	0	0	0		h5	central.memory_phase	3.618563175201416	0.003533753100782633	9.971388114207301e-05	4.99237394251395e-05	
row	row0	0	0	0		h5	central.output	3.618563175201416	0.003533753100782633	0.1762136756550619	0.0699424222111702	
row	row0	0	0	0		h5	central.query	3.618563175201416	0.003533753100782633	0.0016817863377913726	0.00010778018622659147	
row	row0	0	0	0		h5	central.value	3.618563175201416	0.003533753100782633	0.0022295231017973108	9.914860129356384e-05	
row	row0	0	0	0		h5	revblock0.attn.proj	3.618563175201416	0.003533753100782633	4.574967119064608e-05	3.3496180549263954e-06	
row	row0	0	0	0		h5	revblock0.attn.qkv	3.618563175201416	0.003533753100782633	3.775306749076093e-05	5.22916877798707e-07	
row	row0	0	0	0		h5	revblock0.ffn	3.618563175201416	0.003533753100782633	0.003271967275638294	0.00012868456542491913	
row	row0	0	0	0		h5	revblock0.norm1	3.618563175201416	0.003533753100782633	1.3357954444433461e-06	3.711234626280202e-07	
row	row0	0	0	0		h5	revblock0.norm2	3.618563175201416	0.003533753100782633	6.711017820564787e-05	3.664568066596985e-05	
row	row0	0	0	0		h5	revblock1.attn.proj	3.618563175201416	0.003533753100782633	0.026130202908648745	0.002484917640686035	
row	row0	0	0	0		h5	revblock1.attn.qkv	3.618563175201416	0.003533753100782633	0.01639478423316734	0.00034987926483154297	
row	row0	0	0	0		h5	revblock1.ffn	3.618563175201416	0.003533753100782633	0.0016117768931223852	1.6713514924049377e-05	
row	row0	0	0	0		h5	revblock1.norm1	3.618563175201416	0.003533753100782633	0.00023906982407590898	0.00010985136032104492	
row	row0	0	0	0		h5	revblock1.norm2	3.618563175201416	0.003533753100782633	1.9316027869068835e-05	5.751848220825195e-06	
row	row0	0	0	0		h6	all	4.058953285217285	0.003963821567595005	0.13875565608565124	0.027056341990828514	
row	row0	0	0	0		h6	central.hidden_phase	4.058953285217285	0.003963821567595005	2.1868027751844437e-05	5.501276973518543e-06	
row	row0	0	0	0		h6	central.key	4.058953285217285	0.003963821567595005	0.00044426666546988364	1.5439671187778004e-05	
row	row0	0	0	0		h6	central.memory_phase	4.058953285217285	0.003963821567595005	8.12285983464221e-05	5.2382343710632995e-05	
row	row0	0	0	0		h6	central.output	4.058953285217285	0.003963821567595005	0.13569446108914046	0.027056341990828514	
row	row0	0	0	0		h6	central.query	4.058953285217285	0.003963821567595005	0.002237705691776034	0.0001716421393211931	
row	row0	0	0	0		h6	central.value	4.058953285217285	0.003963821567595005	0.001982122765209498	5.9667614550562575e-05	
row	row0	0	0	0		h6	revblock0.attn.proj	4.058953285217285	0.003963821567595005	4.2685867240207025e-05	3.5720674986805534e-06	
row	row0	0	0	0		h6	revblock0.attn.qkv	4.058953285217285	0.003963821567595005	3.735464032160132e-05	6.086528401283431e-07	
row	row0	0	0	0		h6	revblock0.ffn	4.058953285217285	0.003963821567595005	0.003323485260068392	0.00010888278484344482	
row	row0	0	0	0		h6	revblock0.norm1	4.058953285217285	0.003963821567595005	1.261001652241539e-06	2.431897883070633e-07	
row	row0	0	0	0		h6	revblock0.norm2	4.058953285217285	0.003963821567595005	5.353876690914165e-05	3.059208393096924e-05	
row	row0	0	0	0		h6	revblock1.attn.proj	4.058953285217285	0.003963821567595005	0.023170101902656327	0.0011897385120391846	
row	row0	0	0	0		h6	revblock1.attn.qkv	4.058953285217285	0.003963821567595005	0.016686559397518667	0.0004572272300720215	
row	row0	0	0	0		h6	revblock1.ffn	4.058953285217285	0.003963821567595005	0.0021376441362141205	2.4043023586273193e-05	
row	row0	0	0	0		h6	revblock1.norm1	4.058953285217285	0.003963821567595005	0.0002959841230279833	9.770691394805908e-05	
row	row0	0	0	0		h6	revblock1.norm2	4.058953285217285	0.003963821567595005	3.291542891194761e-05	1.1961907148361206e-05	
row	row0	0	0	0		h5+h6	all	3.8387582302093506	0.007497574668377638	0.19617499609876388	0.04288607835769653	
row	row0	0	0	0		h5+h6	central.hidden_phase	3.8387582302093506	0.007497574668377638	1.6877319876797486e-05	4.156185696047032e-06	
row	row0	0	0	0		h5+h6	central.key	3.8387582302093506	0.007497574668377638	0.000612487747418861	2.027247683145106e-05	
row	row0	0	0	0		h5+h6	central.memory_phase	3.8387582302093506	0.007497574668377638	3.843943786504688e-05	2.3159007469075732e-05	
row	row0	0	0	0		h5+h6	central.output	3.8387582302093506	0.007497574668377638	0.19273489476919733	0.04288607835769653	
row	row0	0	0	0		h5+h6	central.query	3.8387582302093506	0.007497574668377638	0.0015266574423211086	9.703426621854305e-05	
row	row0	0	0	0		h5+h6	central.value	3.8387582302093506	0.007497574668377638	0.0025261538361875586	0.00011460368114057928	
row	row0	0	0	0		h5+h6	revblock0.attn.proj	3.8387582302093506	0.007497574668377638	5.7904604794212344e-05	3.411944135223166e-06	
row	row0	0	0	0		h5+h6	revblock0.attn.qkv	3.8387582302093506	0.007497574668377638	4.9863582724874044e-05	7.072846983646741e-07	
row	row0	0	0	0		h5+h6	revblock0.ffn	3.8387582302093506	0.007497574668377638	0.004709874795408104	0.00018818490207195282	
row	row0	0	0	0		h5+h6	revblock0.norm1	3.8387582302093506	0.007497574668377638	1.8143349382111313e-06	4.3112109437970503e-07	
row	row0	0	0	0		h5+h6	revblock0.norm2	3.8387582302093506	0.007497574668377638	8.815908298827047e-05	5.101412534713745e-05	
row	row0	0	0	0		h5+h6	revblock1.attn.proj	3.8387582302093506	0.007497574668377638	0.029822558620366927	0.0013412833213806152	
row	row0	0	0	0		h5+h6	revblock1.attn.qkv	3.8387582302093506	0.007497574668377638	0.020270642265200676	0.0004763007164001465	
row	row0	0	0	0		h5+h6	revblock1.ffn	3.8387582302093506	0.007497574668377638	0.0024800814117577658	2.76956707239151e-05	
row	row0	0	0	0		h5+h6	revblock1.norm1	3.8387582302093506	0.007497574668377638	0.00040965572928018315	0.00013914704322814941	
row	row0	0	0	0		h5+h6	revblock1.norm2	3.8387582302093506	0.007497574668377638	3.599267142104703e-05	1.0011717677116394e-05	
row	row1	0	1	1		h5	all	3.3230080604553223	0.0032451250590384007	0.267657129293165	0.047171805053949356	
row	row1	0	1	1		h5	central.hidden_phase	3.3230080604553223	0.0032451250590384007	0.0016112515966889476	0.00027743951068259776	
row	row1	0	1	1		h5	central.key	3.3230080604553223	0.0032451250590384007	0.09875782984614305	0.0034300615079700947	
row	row1	0	1	1		h5	central.memory_phase	3.3230080604553223	0.0032451250590384007	0.0027498971118912877	0.0010348806390538812	
row	row1	0	1	1		h5	central.output	3.3230080604553223	0.0032451250590384007	0.156804186788777	0.047171805053949356	
row	row1	0	1	1		h5	central.query	3.3230080604553223	0.0032451250590384007	0.10273739389690699	0.0030697945039719343	
row	row1	0	1	1		h5	central.value	3.3230080604553223	0.0032451250590384007	0.06378797655763883	0.0013705150922760367	
row	row1	0	1	1		h5	revblock0.attn.proj	3.3230080604553223	0.0032451250590384007	3.7684646304538466e-05	3.474304094197578e-06	
row	row1	0	1	1		h5	revblock0.attn.qkv	3.3230080604553223	0.0032451250590384007	3.1855087820706984e-05	5.283971518110775e-07	
row	row1	0	1	1		h5	revblock0.ffn	3.3230080604553223	0.0032451250590384007	0.10232468339749948	0.009357348084449768	
row	row1	0	1	1		h5	revblock0.norm1	3.3230080604553223	0.0032451250590384007	9.211580362827567e-07	2.136641086281088e-07	
row	row1	0	1	1		h5	revblock0.norm2	3.3230080604553223	0.0032451250590384007	0.010085742515509184	0.01008133590221405	
row	row1	0	1	1		h5	revblock1.attn.proj	3.3230080604553223	0.0032451250590384007	0.05221842764153392	0.0015659332275390625	
row	row1	0	1	1		h5	revblock1.attn.qkv	3.3230080604553223	0.0032451250590384007	0.08800022920529904	0.0013992786407470703	
row	row1	0	1	1		h5	revblock1.ffn	3.3230080604553223	0.0032451250590384007	0.04015835876815977	0.0006019771099090576	
row	row1	0	1	1		h5	revblock1.norm1	3.3230080604553223	0.0032451250590384007	0.0030733193216471713	0.0007225275039672852	
row	row1	0	1	1		h5	revblock1.norm2	3.3230080604553223	0.0032451250590384007	0.0007948086618782918	0.00017266720533370972	
row	row1	0	1	1		h6	all	4.386282920837402	0.004283479414880276	1.1380934499563682	0.05111336708068848	
row	row1	0	1	1		h6	central.hidden_phase	4.386282920837402	0.004283479414880276	0.008129522634953323	0.0014009908773005009	
row	row1	0	1	1		h6	central.key	4.386282920837402	0.004283479414880276	0.5060509278523262	0.017914393916726112	
row	row1	0	1	1		h6	central.memory_phase	4.386282920837402	0.004283479414880276	0.014293540341119453	0.005354698281735182	
row	row1	0	1	1		h6	central.output	4.386282920837402	0.004283479414880276	0.2781975726479026	0.03211233392357826	
row	row1	0	1	1		h6	central.query	4.386282920837402	0.004283479414880276	0.5421683085450247	0.015159443952143192	
row	row1	0	1	1		h6	central.value	4.386282920837402	0.004283479414880276	0.3229874705041317	0.006758722476661205	
row	row1	0	1	1		h6	revblock0.attn.proj	4.386282920837402	0.004283479414880276	4.813371465033307e-05	6.56866450299276e-06	
row	row1	0	1	1		h6	revblock0.attn.qkv	4.386282920837402	0.004283479414880276	8.441373270777318e-05	3.0361779863596894e-06	
row	row1	0	1	1		h6	revblock0.ffn	4.386282920837402	0.004283479414880276	0.5181387888155274	0.04774680733680725	
row	row1	0	1	1		h6	revblock0.norm1	4.386282920837402	0.004283479414880276	3.182430081444963e-06	8.035926839511376e-07	
row	row1	0	1	1		h6	revblock0.norm2	4.386282920837402	0.004283479414880276	0.05113456308531584	0.05111336708068848	
row	row1	0	1	1		h6	revblock1.attn.proj	4.386282920837402	0.004283479414880276	0.24082396041198645	0.0038099288940429688	
row	row1	0	1	1		h6	revblock1.attn.qkv	4.386282920837402	0.004283479414880276	0.43851336556251314	0.007142782211303711	
row	row1	0	1	1		h6	revblock1.ffn	4.386282920837402	0.004283479414880276	0.2039886026663607	0.003030724823474884	
row	row1	0	1	1		h6	revblock1.norm1	4.386282920837402	0.004283479414880276	0.015397401648444957	0.003750920295715332	
row	row1	0	1	1		h6	revblock1.norm2	4.386282920837402	0.004283479414880276	0.0040441746543063125	0.0008878856897354126	
row	row1	0	1	1		h5+h6	all	3.8546454906463623	0.007528604473918676	0.937457323043166	0.07305185496807098	
row	row1	0	1	1		h5+h6	central.hidden_phase	3.8546454906463623	0.007528604473918676	0.0065238946614216645	0.0011235513957217336	
row	row1	0	1	1		h5+h6	central.key	3.8546454906463623	0.007528604473918676	0.4077306687259137	0.014484332874417305	
row	row1	0	1	1		h5+h6	central.memory_phase	3.8546454906463623	0.007528604473918676	0.011589612187518979	0.004363623447716236	
row	row1	0	1	1		h5+h6	central.output	3.8546454906463623	0.007528604473918676	0.2922640144407778	0.07305185496807098	
row	row1	0	1	1		h5+h6	central.query	3.8546454906463623	0.007528604473918676	0.44286290069706663	0.012089649215340614	
row	row1	0	1	1		h5+h6	central.value	3.8546454906463623	0.007528604473918676	0.25968980758321125	0.005388207267969847	
row	row1	0	1	1		h5+h6	revblock0.attn.proj	3.8546454906463623	0.007528604473918676	5.896268978458873e-05	6.336847036436666e-06	
row	row1	0	1	1		h5+h6	revblock0.attn.qkv	3.8546454906463623	0.007528604473918676	8.972030113735262e-05	3.0226074159145355e-06	
row	row1	0	1	1		h5+h6	revblock0.ffn	3.8546454906463623	0.007528604473918676	0.41589516773616453	0.03838945925235748	
row	row1	0	1	1		h5+h6	revblock0.norm1	3.8546454906463623	0.007528604473918676	3.2982097022297127e-06	8.09958351055684e-07	
row	row1	0	1	1		h5+h6	revblock0.norm2	3.8546454906463623	0.007528604473918676	0.04104897585027885	0.041032031178474426	
row	row1	0	1	1		h5+h6	revblock1.attn.proj	3.8546454906463623	0.007528604473918676	0.19430300179497587	0.00304364413022995	
row	row1	0	1	1		h5+h6	revblock1.attn.qkv	3.8546454906463623	0.007528604473918676	0.35208383688053635	0.005743503570556641	
row	row1	0	1	1		h5+h6	revblock1.ffn	3.8546454906463623	0.007528604473918676	0.16397357541225505	0.0024287477135658264	
row	row1	0	1	1		h5+h6	revblock1.norm1	3.8546454906463623	0.007528604473918676	0.012330599849610106	0.003028392791748047	
row	row1	0	1	1		h5+h6	revblock1.norm2	3.8546454906463623	0.007528604473918676	0.0032515465330332526	0.0007152184844017029	
row	row2	0	2	2		h5	all	2.583767890930176	0.0025232108309865	0.19336923908087575	0.0970844030380249	
row	row2	0	2	2		h5	central.hidden_phase	2.583767890930176	0.0025232108309865	3.1166882044289346e-05	6.882951765874168e-06	
row	row2	0	2	2		h5	central.key	2.583767890930176	0.0025232108309865	0.0008982216115079946	4.284696842660196e-05	
row	row2	0	2	2		h5	central.memory_phase	2.583767890930176	0.0025232108309865	0.00011435677696701305	5.930817860644311e-05	
row	row2	0	2	2		h5	central.output	2.583767890930176	0.0025232108309865	0.19105198246973817	0.0970844030380249	
row	row2	0	2	2		h5	central.query	2.583767890930176	0.0025232108309865	0.002772948252512254	0.0001858866453403607	
row	row2	0	2	2		h5	central.value	2.583767890930176	0.0025232108309865	0.001956851740676706	6.310681055765599e-05	
row	row2	0	2	2		h5	revblock0.attn.proj	2.583767890930176	0.0025232108309865	2.9217576018581583e-05	2.6736618110589916e-06	
row	row2	0	2	2		h5	revblock0.attn.qkv	2.583767890930176	0.0025232108309865	2.0788435692441423e-05	3.071997696224571e-07	
row	row2	0	2	2		h5	revblock0.ffn	2.583767890930176	0.0025232108309865	0.001547886894158865	7.543526589870453e-05	
row	row2	0	2	2		h5	revblock0.norm1	2.583767890930176	0.0025232108309865	7.563726270117143e-07	1.4807116599513392e-07	
row	row2	0	2	2		h5	revblock0.norm2	2.583767890930176	0.0025232108309865	7.959298434362413e-05	3.9577484130859375e-05	
row	row2	0	2	2		h5	revblock1.attn.proj	2.583767890930176	0.0025232108309865	0.02439943709991693	0.0022383928298950195	
row	row2	0	2	2		h5	revblock1.attn.qkv	2.583767890930176	0.0025232108309865	0.016731126526414203	0.0005558133125305176	
row	row2	0	2	2		h5	revblock1.ffn	2.583767890930176	0.0025232108309865	0.0008803179965163991	8.821487426757812e-06	
row	row2	0	2	2		h5	revblock1.norm1	2.583767890930176	0.0025232108309865	0.00014642730509565596	4.094839096069336e-05	
row	row2	0	2	2		h5	revblock1.norm2	2.583767890930176	0.0025232108309865	1.2401563022050926e-05	3.863126039505005e-06	
row	row2	0	2	2		h6	all	3.566053867340088	0.0034824744798243046	0.13165783718326002	0.028528958559036255	
row	row2	0	2	2		h6	central.hidden_phase	3.566053867340088	0.0034824744798243046	1.1971712326056163e-05	2.7954436063737376e-06	
row	row2	0	2	2		h6	central.key	3.566053867340088	0.0034824744798243046	0.0005929570241311144	2.2402706235880032e-05	
row	row2	0	2	2		h6	central.memory_phase	3.566053867340088	0.0034824744798243046	3.4891435655403376e-05	1.8299882867722772e-05	
row	row2	0	2	2		h6	central.output	3.566053867340088	0.0034824744798243046	0.12912817837919985	0.028528958559036255	
row	row2	0	2	2		h6	central.query	3.566053867340088	0.0034824744798243046	0.0011795724444171882	7.642148557351902e-05	
row	row2	0	2	2		h6	central.value	3.566053867340088	0.0034824744798243046	0.0018281577210731048	6.783969729440287e-05	
row	row2	0	2	2		h6	revblock0.attn.proj	3.566053867340088	0.0034824744798243046	3.482630746962764e-05	3.12868587570847e-06	
row	row2	0	2	2		h6	revblock0.attn.qkv	3.566053867340088	0.0034824744798243046	2.937550588993391e-05	4.6092387151475123e-07	
row	row2	0	2	2		h6	revblock0.ffn	3.566053867340088	0.0034824744798243046	0.00207829746433871	8.979067206382751e-05	
row	row2	0	2	2		h6	revblock0.norm1	3.566053867340088	0.0034824744798243046	9.298053201773827e-07	2.297202428280798e-07	
row	row2	0	2	2		h6	revblock0.norm2	3.566053867340088	0.0034824744798243046	4.1690466551215144e-05	1.8649734556674957e-05	
row	row2	0	2	2		h6	revblock1.attn.proj	3.566053867340088	0.0034824744798243046	0.02085428112988772	0.0011179447174072266	
row	row2	0	2	2		h6	revblock1.attn.qkv	3.566053867340088	0.0034824744798243046	0.014631967922075738	0.0003916025161743164	
row	row2	0	2	2		h6	revblock1.ffn	3.566053867340088	0.0034824744798243046	0.0011206338198276042	1.3425946235656738e-05	
row	row2	0	2	2		h6	revblock1.norm1	3.566053867340088	0.0034824744798243046	0.0001962269096665733	7.319450378417969e-05	
row	row2	0	2	2		h6	revblock1.norm2	3.566053867340088	0.0034824744798243046	1.1945494634109413e-05	2.332031726837158e-06	
row	row2	0	2	2		h5+h6	all	3.074910879135132	0.006005685310810804	0.21469158950808506	0.07237574458122253	
row	row2	0	2	2		h5+h6	central.hidden_phase	3.074910879135132	0.006005685310810804	3.022156994412751e-05	6.78359174344223e-06	
row	row2	0	2	2		h5+h6	central.key	3.074910879135132	0.006005685310810804	0.0007724796916152618	2.0779967599082738e-05	
row	row2	0	2	2		h5+h6	central.memory_phase	3.074910879135132	0.006005685310810804	9.2616675893715e-05	5.7985627790912986e-05	
row	row2	0	2	2		h5+h6	central.output	3.074910879135132	0.006005685310810804	0.21113966155257582	0.07237574458122253	
row	row2	0	2	2		h5+h6	central.query	3.074910879135132	0.006005685310810804	0.002225289332889071	0.0001711460790829733	
row	row2	0	2	2		h5+h6	central.value	3.074910879135132	0.006005685310810804	0.0024217393666439977	7.984545663930476e-05	
row	row2	0	2	2		h5+h6	revblock0.attn.proj	3.074910879135132	0.006005685310810804	4.155480092100784e-05	3.0961402899265522e-06	
row	row2	0	2	2		h5+h6	revblock0.attn.qkv	3.074910879135132	0.006005685310810804	3.4232636125716115e-05	5.226273742664489e-07	
row	row2	0	2	2		h5+h6	revblock0.ffn	3.074910879135132	0.006005685310810804	0.002366457489487982	8.329004049301147e-05	
row	row2	0	2	2		h5+h6	revblock0.norm1	3.074910879135132	0.006005685310810804	1.13071780390959e-06	2.6162683752772864e-07	
row	row2	0	2	2		h5+h6	revblock0.norm2	3.074910879135132	0.006005685310810804	6.922067189688114e-05	2.6815570890903473e-05	
row	row2	0	2	2		h5+h6	revblock1.attn.proj	3.074910879135132	0.006005685310810804	0.032312235959337424	0.001965850591659546	
row	row2	0	2	2		h5+h6	revblock1.attn.qkv	3.074910879135132	0.006005685310810804	0.02120653718675694	0.0006117820739746094	
row	row2	0	2	2		h5+h6	revblock1.ffn	3.074910879135132	0.006005685310810804	0.0012856456438015433	1.2127682566642761e-05	
row	row2	0	2	2		h5+h6	revblock1.norm1	3.074910879135132	0.006005685310810804	0.000200642045539067	7.471442222595215e-05	
row	row2	0	2	2		h5+h6	revblock1.norm2	3.074910879135132	0.006005685310810804	1.4426693518197918e-05	3.159046173095703e-06	
row	row3	0	3	3		h5	all	3.0361459255218506	0.002964986255392432	0.10701093920976425	0.030831053853034973	
row	row3	0	3	3		h5	central.hidden_phase	3.0361459255218506	0.002964986255392432	1.2675343350893168e-05	2.615543735373649e-06	
row	row3	0	3	3		h5	central.key	3.0361459255218506	0.002964986255392432	0.00047389228257042453	2.2447009541792795e-05	
row	row3	0	3	3		h5	central.memory_phase	3.0361459255218506	0.002964986255392432	3.983908143392649e-05	2.246117583126761e-05	
row	row3	0	3	3		h5	central.output	3.0361459255218506	0.002964986255392432	0.10526958840716952	0.030831053853034973	
row	row3	0	3	3		h5	central.query	3.0361459255218506	0.002964986255392432	0.0008699084701911642	6.204268720466644e-05	
row	row3	0	3	3		h5	central.value	3.0361459255218506	0.002964986255392432	0.0011802526889513828	3.1794141250429675e-05	
row	row3	0	3	3		h5	revblock0.attn.proj	3.0361459255218506	0.002964986255392432	3.763519027195083e-05	3.2814257338031894e-06	
row	row3	0	3	3		h5	revblock0.attn.qkv	3.0361459255218506	0.002964986255392432	2.7314329437028387e-05	4.2928570564981783e-07	
row	row3	0	3	3		h5	revblock0.ffn	3.0361459255218506	0.002964986255392432	0.00182773295890719	5.8263540267944336e-05	
row	row3	0	3	3		h5	revblock0.norm1	3.0361459255218506	0.002964986255392432	1.0351183802412918e-06	2.3789594649770152e-07	
row	row3	0	3	3		h5	revblock0.norm2	3.0361459255218506	0.002964986255392432	2.67837232625336e-05	1.2964010238647461e-05	
row	row3	0	3	3		h5	revblock1.attn.proj	3.0361459255218506	0.002964986255392432	0.016034459097177416	0.001050114631652832	
row	row3	0	3	3		h5	revblock1.attn.qkv	3.0361459255218506	0.002964986255392432	0.010310436921469197	0.00019824504852294922	
row	row3	0	3	3		h5	revblock1.ffn	3.0361459255218506	0.002964986255392432	0.0007148007937937945	7.400522008538246e-06	
row	row3	0	3	3		h5	revblock1.norm1	3.0361459255218506	0.002964986255392432	0.0001236840974049723	3.4928321838378906e-05	
row	row3	0	3	3		h5	revblock1.norm2	3.0361459255218506	0.002964986255392432	9.67484104895568e-06	1.959502696990967e-06	
row	row3	0	3	3		h6	all	3.257974147796631	0.0031816153787076473	0.20510906661114678	0.07585157454013824	
row	row3	0	3	3		h6	central.hidden_phase	3.257974147796631	0.0031816153787076473	1.9286702510579272e-05	4.48167156719137e-06	
row	row3	0	3	3		h6	central.key	3.257974147796631	0.0031816153787076473	0.0006850456185737755	2.2473957869806327e-05	
row	row3	0	3	3		h6	central.memory_phase	3.257974147796631	0.0031816153787076473	4.7973373765640985e-05	1.816406256693881e-05	
row	row3	0	3	3		h6	central.output	3.257974147796631	0.0031816153787076473	0.20195993673911777	0.07585157454013824	
row	row3	0	3	3		h6	central.query	3.257974147796631	0.0031816153787076473	0.0014268440282789359	9.974749991670251e-05	
row	row3	0	3	3		h6	central.value	3.257974147796631	0.0031816153787076473	0.002026654970425873	7.924573583295569e-05	
row	row3	0	3	3		h6	revblock0.attn.proj	3.257974147796631	0.0031816153787076473	5.5126835263439814e-05	3.883816589222988e-06	
row	row3	0	3	3		h6	revblock0.attn.qkv	3.257974147796631	0.0031816153787076473	4.181354514797267e-05	6.832906365161762e-07	
row	row3	0	3	3		h6	revblock0.ffn	3.257974147796631	0.0031816153787076473	0.002064210960093523	9.229779243469238e-05	
row	row3	0	3	3		h6	revblock0.norm1	3.257974147796631	0.0031816153787076473	1.3949824129633025e-06	5.362805950426264e-07	
row	row3	0	3	3		h6	revblock0.norm2	3.257974147796631	0.0031816153787076473	6.335785544835648e-05	4.8570334911346436e-05	
row	row3	0	3	3		h6	revblock1.attn.proj	3.257974147796631	0.0031816153787076473	0.030078218122437227	0.002374887466430664	
row	row3	0	3	3		h6	revblock1.attn.qkv	3.257974147796631	0.0031816153787076473	0.018966903439629878	0.0005750656127929688	
row	row3	0	3	3		h6	revblock1.ffn	3.257974147796631	0.0031816153787076473	0.0025507829159329043	2.7744099497795105e-05	
row	row3	0	3	3		h6	revblock1.norm1	3.257974147796631	0.0031816153787076473	0.00027952832145075097	9.003281593322754e-05	
row	row3	0	3	3		h6	revblock1.norm2	3.257974147796631	0.0031816153787076473	3.085106487314196e-05	7.839873433113098e-06	
row	row3	0	3	3		h5+h6	all	3.1470600366592407	0.0061466016341000795	0.2559425468419407	0.08291420340538025	
row	row3	0	3	3		h5+h6	central.hidden_phase	3.1470600366592407	0.0061466016341000795	2.982600582356693e-05	6.532311090268195e-06	
row	row3	0	3	3		h5+h6	central.key	3.1470600366592407	0.0061466016341000795	0.0009949133888940908	3.5864646633854136e-05	
row	row3	0	3	3		h5+h6	central.memory_phase	3.1470600366592407	0.0061466016341000795	7.946706417926202e-05	3.5971923352917656e-05	
row	row3	0	3	3		h5+h6	central.output	3.1470600366592407	0.0061466016341000795	0.25204794230704264	0.08291420340538025	
row	row3	0	3	3		h5+h6	central.query	3.1470600366592407	0.0061466016341000795	0.0022344709307306862	0.00016179018712136894	
row	row3	0	3	3		h5+h6	central.value	3.1470600366592407	0.0061466016341000795	0.0026204971170601644	8.574674575356767e-05	
row	row3	0	3	3		h5+h6	revblock0.attn.proj	3.1470600366592407	0.0061466016341000795	7.603190133685852e-05	5.418576620286331e-06	
row	row3	0	3	3		h5+h6	revblock0.attn.qkv	3.1470600366592407	0.0061466016341000795	5.506944224958477e-05	1.0368389666837174e-06	
row	row3	0	3	3		h5+h6	revblock0.ffn	3.1470600366592407	0.0061466016341000795	0.0028293532022799343	0.00011055916547775269	
row	row3	0	3	3		h5+h6	revblock0.norm1	3.1470600366592407	0.0061466016341000795	1.9981632730740775e-06	7.741765557511826e-07	
row	row3	0	3	3		h5+h6	revblock0.norm2	3.1470600366592407	0.0061466016341000795	6.281577740861754e-05	3.939121961593628e-05	
row	row3	0	3	3		h5+h6	revblock1.attn.proj	3.1470600366592407	0.0061466016341000795	0.03788111397740518	0.0027444586157798767	
row	row3	0	3	3		h5+h6	revblock1.attn.qkv	3.1470600366592407	0.0061466016341000795	0.022710461132222526	0.000548630952835083	
row	row3	0	3	3		h5+h6	revblock1.ffn	3.1470600366592407	0.0061466016341000795	0.002591751473103505	2.5896355509757996e-05	
row	row3	0	3	3		h5+h6	revblock1.norm1	3.1470600366592407	0.0061466016341000795	0.0002918970236264189	7.370114326477051e-05	
row	row3	0	3	3		h5+h6	revblock1.norm2	3.1470600366592407	0.0061466016341000795	3.027471252070529e-05	7.009133696556091e-06	
row	row4	0	4	4		h5	all	2.9922704696655273	0.0029221391305327415	5.51589473947812	0.25301307439804077	
row	row4	0	4	4		h5	central.hidden_phase	2.9922704696655273	0.0029221391305327415	0.04027534176961471	0.006940845865756273	
row	row4	0	4	4		h5	central.key	2.9922704696655273	0.0029221391305327415	2.4895363221990436	0.08748506009578705	
row	row4	0	4	4		h5	central.memory_phase	2.9922704696655273	0.0029221391305327415	0.06977494375140507	0.025926468893885612	
row	row4	0	4	4		h5	central.output	2.9922704696655273	0.0029221391305327415	1.017766543350193	0.07055214047431946	
row	row4	0	4	4		h5	central.query	2.9922704696655273	0.0029221391305327415	2.614009738533308	0.07588028907775879	
row	row4	0	4	4		h5	central.value	2.9922704696655273	0.0029221391305327415	1.5969853193244887	0.03393888846039772	
row	row4	0	4	4		h5	revblock0.attn.proj	2.9922704696655273	0.0029221391305327415	3.9779182187099404e-05	3.3965745842579054e-06	
row	row4	0	4	4		h5	revblock0.attn.qkv	2.9922704696655273	0.0029221391305327415	3.577563680820469e-05	5.47989429833251e-07	
row	row4	0	4	4		h5	revblock0.ffn	2.9922704696655273	0.0029221391305327415	2.5654710897728563	0.23558536171913147	
row	row4	0	4	4		h5	revblock0.norm1	2.9922704696655273	0.0029221391305327415	1.3046276973733678e-06	2.1174965070258622e-07	
row	row4	0	4	4		h5	revblock0.norm2	2.9922704696655273	0.0029221391305327415	0.2531171862255692	0.25301307439804077	
row	row4	0	4	4		h5	revblock1.attn.proj	2.9922704696655273	0.0029221391305327415	1.188774228335469	0.01901686191558838	
row	row4	0	4	4		h5	revblock1.attn.qkv	2.9922704696655273	0.0029221391305327415	2.1727310798759665	0.03537994623184204	
row	row4	0	4	4		h5	revblock1.ffn	2.9922704696655273	0.0029221391305327415	1.0078040664561638	0.01504334807395935	
row	row4	0	4	4		h5	revblock1.norm1	2.9922704696655273	0.0029221391305327415	0.07636821946132229	0.0183144211769104	
row	row4	0	4	4		h5	revblock1.norm2	2.9922704696655273	0.0029221391305327415	0.019984830899170292	0.004366887733340263	
row	row4	0	4	4		h6	all	3.3442978858947754	0.0032659159041941166	13.777284797913616	0.6326063871383667	
row	row4	0	4	4		h6	central.hidden_phase	3.3442978858947754	0.0032659159041941166	0.10070613512552173	0.017351601272821426	
row	row4	0	4	4		h6	central.key	3.3442978858947754	0.0032659159041941166	6.222113078537658	0.21855564415454865	
row	row4	0	4	4		h6	central.memory_phase	3.3442978858947754	0.0032659159041941166	0.17422028570824055	0.06482304632663727	
row	row4	0	4	4		h6	central.output	3.3442978858947754	0.0032659159041941166	2.506857812100218	0.05291808396577835	
row	row4	0	4	4		h6	central.query	3.3442978858947754	0.0032659159041941166	6.524774142627827	0.1898508220911026	
row	row4	0	4	4		h6	central.value	3.3442978858947754	0.0032659159041941166	3.992803417851417	0.08491911739110947	
row	row4	0	4	4		h6	revblock0.attn.proj	3.3442978858947754	0.0032659159041941166	4.790439428591284e-05	7.214788183773635e-06	
row	row4	0	4	4		h6	revblock0.attn.qkv	3.3442978858947754	0.0032659159041941166	6.298293387596831e-05	2.0403783764777472e-06	
row	row4	0	4	4		h6	revblock0.ffn	3.3442978858947754	0.0032659159041941166	6.413688005208361	0.5888614654541016	
row	row4	0	4	4		h6	revblock0.norm1	3.3442978858947754	0.0032659159041941166	2.2932278593073966e-06	6.493447131106223e-07	
row	row4	0	4	4		h6	revblock0.norm2	3.3442978858947754	0.0032659159041941166	0.6328662331456298	0.6326063871383667	
row	row4	0	4	4		h6	revblock1.attn.proj	3.3442978858947754	0.0032659159041941166	2.9715144086061906	0.047570109367370605	
row	row4	0	4	4		h6	revblock1.attn.qkv	3.3442978858947754	0.0032659159041941166	5.431970525254298	0.0884253978729248	
row	row4	0	4	4		h6	revblock1.ffn	3.3442978858947754	0.0032659159041941166	2.519490180494049	0.03761672228574753	
row	row4	0	4	4		h6	revblock1.norm1	3.3442978858947754	0.0032659159041941166	0.19093334399506115	0.04579663276672363	
row	row4	0	4	4		h6	revblock1.norm2	3.3442978858947754	0.0032659159041941166	0.0499648715834741	0.010915815830230713	
row	row4	0	4	4		h5+h6	all	3.1682841777801514	0.006188055034726858	8.264457627118746	0.3795933127403259	
row	row4	0	4	4		h5+h6	central.hidden_phase	3.1682841777801514	0.006188055034726858	0.06043102347999938	0.01041075587272644	
row	row4	0	4	4		h5+h6	central.key	3.1682841777801514	0.006188055034726858	3.732588975360718	0.1310705840587616	
row	row4	0	4	4		h5+h6	central.memory_phase	3.1682841777801514	0.006188055034726858	0.10444706985566851	0.038896575570106506	
row	row4	0	4	4		h5+h6	central.output	3.1682841777801514	0.006188055034726858	1.5046737495974538	0.05689515918493271	
row	row4	0	4	4		h5+h6	central.query	3.1682841777801514	0.006188055034726858	3.9109222545928635	0.11397053301334381	
row	row4	0	4	4		h5+h6	central.value	3.1682841777801514	0.006188055034726858	2.395831354112775	0.050980228930711746	
row	row4	0	4	4		h5+h6	revblock0.attn.proj	3.1682841777801514	0.006188055034726858	6.453441573636798e-05	7.71192480897298e-06	
row	row4	0	4	4		h5+h6	revblock0.attn.qkv	3.1682841777801514	0.006188055034726858	8.212103344330121e-05	2.5119318252109224e-06	
row	row4	0	4	4		h5+h6	revblock0.ffn	3.1682841777801514	0.006188055034726858	3.848219419306595	0.3532761037349701	
row	row4	0	4	4		h5+h6	revblock0.norm1	3.1682841777801514	0.006188055034726858	3.0646071828322627e-06	7.520685585404863e-07	
row	row4	0	4	4		h5+h6	revblock0.norm2	3.1682841777801514	0.006188055034726858	0.37974910785703353	0.3795933127403259	
row	row4	0	4	4		h5+h6	revblock1.attn.proj	3.1682841777801514	0.006188055034726858	1.7831445623769466	0.028553247451782227	
row	row4	0	4	4		h5+h6	revblock1.attn.qkv	3.1682841777801514	0.006188055034726858	3.2593364124446107	0.053045451641082764	
row	row4	0	4	4		h5+h6	revblock1.ffn	3.1682841777801514	0.006188055034726858	1.5116910666233863	0.022573374211788177	
row	row4	0	4	4		h5+h6	revblock1.norm1	3.1682841777801514	0.006188055034726858	0.11456569532265982	0.027482211589813232	
row	row4	0	4	4		h5+h6	revblock1.norm2	3.1682841777801514	0.006188055034726858	0.029980104557583823	0.0065489280968904495	
row	row5	0	5	5		h5	all	2.7910819053649902	0.0027256659232079983	0.09518815437737851	0.028422633185982704	
row	row5	0	5	5		h5	central.hidden_phase	2.7910819053649902	0.0027256659232079983	7.864450899534591e-06	1.8313037344341865e-06	
row	row5	0	5	5		h5	central.key	2.7910819053649902	0.0027256659232079983	0.0002196734338252843	9.19217836781172e-06	
row	row5	0	5	5		h5	central.memory_phase	2.7910819053649902	0.0027256659232079983	2.918452050480227e-05	1.4685119822388515e-05	
row	row5	0	5	5		h5	central.output	2.7910819053649902	0.0027256659232079983	0.09308180006231358	0.028422633185982704	
row	row5	0	5	5		h5	central.query	2.7910819053649902	0.0027256659232079983	0.0005147072259527547	3.3866406738525257e-05	
row	row5	0	5	5		h5	central.value	2.7910819053649902	0.0027256659232079983	0.0010535227914642304	2.8821608793805353e-05	
row	row5	0	5	5		h5	revblock0.attn.proj	2.7910819053649902	0.0027256659232079983	3.675895539749567e-05	3.6974458907934604e-06	
row	row5	0	5	5		h5	revblock0.attn.qkv	2.7910819053649902	0.0027256659232079983	3.0063218269535004e-05	3.8062546536821174e-07	
row	row5	0	5	5		h5	revblock0.ffn	2.7910819053649902	0.0027256659232079983	0.0013609370646945197	5.033612251281738e-05	
row	row5	0	5	5		h5	revblock0.norm1	2.7910819053649902	0.0027256659232079983	9.396159218209829e-07	1.70584897318804e-07	
row	row5	0	5	5		h5	revblock0.norm2	2.7910819053649902	0.0027256659232079983	3.4301584618689175e-05	1.4409422874450684e-05	
row	row5	0	5	5		h5	revblock1.attn.proj	2.7910819053649902	0.0027256659232079983	0.016104702219033856	0.0016079097986221313	
row	row5	0	5	5		h5	revblock1.attn.qkv	2.7910819053649902	0.0027256659232079983	0.011515642920361089	0.0002840757369995117	
row	row5	0	5	5		h5	revblock1.ffn	2.7910819053649902	0.0027256659232079983	0.001139122293609292	1.6345875337719917e-05	
row	row5	0	5	5		h5	revblock1.norm1	2.7910819053649902	0.0027256659232079983	0.0001203084356168981	3.081560134887695e-05	
row	row5	0	5	5		h5	revblock1.norm2	2.7910819053649902	0.0027256659232079983	1.0284996580892544e-05	3.516674041748047e-06	
row	row5	0	5	5		h6	all	3.317929267883301	0.003240165300667286	0.18357846819184076	0.05001242086291313	
row	row5	0	5	5		h6	central.hidden_phase	3.317929267883301	0.003240165300667286	2.6760852009916847e-05	5.4220413403527346e-06	
row	row5	0	5	5		h6	central.key	3.317929267883301	0.003240165300667286	0.0007556044872874292	2.3975520889507607e-05	
row	row5	0	5	5		h6	central.memory_phase	3.317929267883301	0.003240165300667286	9.289243815317218e-05	5.515953671419993e-05	
row	row5	0	5	5		h6	central.output	3.317929267883301	0.003240165300667286	0.18132306098030088	0.05001242086291313	
row	row5	0	5	5		h6	central.query	3.317929267883301	0.003240165300667286	0.0019400338215868104	0.00014328294491861016	
row	row5	0	5	5		h6	central.value	3.317929267883301	0.003240165300667286	0.0024875144429979457	8.285208605229855e-05	
row	row5	0	5	5		h6	revblock0.attn.proj	3.317929267883301	0.003240165300667286	4.079214854268307e-05	3.841788839054061e-06	
row	row5	0	5	5		h6	revblock0.attn.qkv	3.317929267883301	0.003240165300667286	3.5983927114627105e-05	4.5569066742245923e-07	
row	row5	0	5	5		h6	revblock0.ffn	3.317929267883301	0.003240165300667286	0.0018477609570170125	6.875395774841309e-05	
row	row5	0	5	5		h6	revblock0.norm1	3.317929267883301	0.003240165300667286	1.1045674196584653e-06	2.0068412709406402e-07	
row	row5	0	5	5		h6	revblock0.norm2	3.317929267883301	0.003240165300667286	6.238336919590833e-05	3.2275915145874023e-05	
row	row5	0	5	5		h6	revblock1.attn.proj	3.317929267883301	0.003240165300667286	0.02202394909398129	0.0012791454792022705	
row	row5	0	5	5		h6	revblock1.attn.qkv	3.317929267883301	0.003240165300667286	0.01792598373023788	0.0005169808864593506	
row	row5	0	5	5		h6	revblock1.ffn	3.317929267883301	0.003240165300667286	0.0016143982179743983	2.7954578399658203e-05	
row	row5	0	5	5		h6	revblock1.norm1	3.317929267883301	0.003240165300667286	0.0002168456052189006	7.69495964050293e-05	
row	row5	0	5	5		h6	revblock1.norm2	3.317929267883301	0.003240165300667286	1.3980667069982441e-05	3.2186508178710938e-06	
row	row5	0	5	5		h5+h6	all	3.0545055866241455	0.005965831223875284	0.19523464348350972	0.06468378007411957	
row	row5	0	5	5		h5+h6	central.hidden_phase	3.0545055866241455	0.005965831223875284	2.303697833783273e-05	5.1430711209832225e-06	
row	row5	0	5	5		h5+h6	central.key	3.0545055866241455	0.005965831223875284	0.0008003432581775706	3.316770016681403e-05	
row	row5	0	5	5		h5+h6	central.memory_phase	3.0545055866241455	0.005965831223875284	7.974766521893337e-05	4.0474416891811416e-05	
row	row5	0	5	5		h5+h6	central.output	3.0545055866241455	0.005965831223875284	0.1925918489096502	0.06468378007411957	
row	row5	0	5	5		h5+h6	central.query	3.0545055866241455	0.005965831223875284	0.0016079755702884915	0.00010941653454210609	
row	row5	0	5	5		h5+h6	central.value	3.0545055866241455	0.005965831223875284	0.002597349552692617	0.0001082791350199841	
row	row5	0	5	5		h5+h6	revblock0.attn.proj	3.0545055866241455	0.005965831223875284	5.2889229880427405e-05	3.7981408240739256e-06	
row	row5	0	5	5		h5+h6	revblock0.attn.qkv	3.0545055866241455	0.005965831223875284	4.4393395278548866e-05	6.114344159868779e-07	
row	row5	0	5	5		h5+h6	revblock0.ffn	3.0545055866241455	0.005965831223875284	0.002126533177054607	7.131695747375488e-05	
row	row5	0	5	5		h5+h6	revblock0.norm1	3.0545055866241455	0.005965831223875284	1.3051800165272434e-06	2.5169907758026966e-07	
row	row5	0	5	5		h5+h6	revblock0.norm2	3.0545055866241455	0.005965831223875284	8.911614006227568e-05	4.629790782928467e-05	
row	row5	0	5	5		h5+h6	revblock1.attn.proj	3.0545055866241455	0.005965831223875284	0.024344007595221092	0.0014146734029054642	
row	row5	0	5	5		h5+h6	revblock1.attn.qkv	3.0545055866241455	0.005965831223875284	0.020348584980987853	0.000526726245880127	
row	row5	0	5	5		h5+h6	revblock1.ffn	3.0545055866241455	0.005965831223875284	0.0019204720022013345	2.5206711143255234e-05	
row	row5	0	5	5		h5+h6	revblock1.norm1	3.0545055866241455	0.005965831223875284	0.00021805350583157282	8.707121014595032e-05	
row	row5	0	5	5		h5+h6	revblock1.norm2	3.0545055866241455	0.005965831223875284	1.6385486850662334e-05	4.9620866775512695e-06	
row	row6	0	6	6		h5	all	3.698438882827759	0.003611756721511483	0.15066820289429325	0.05587785318493843	
row	row6	0	6	6		h5	central.hidden_phase	3.698438882827759	0.003611756721511483	0.00010814284258435152	2.7289472200209275e-05	
row	row6	0	6	6		h5	central.key	3.698438882827759	0.003611756721511483	0.00156748334267568	7.703028677497059e-05	
row	row6	0	6	6		h5	central.memory_phase	3.698438882827759	0.003611756721511483	0.0004407229183188529	0.00025886078947223723	
row	row6	0	6	6		h5	central.output	3.698438882827759	0.003611756721511483	0.14766945527584352	0.05587785318493843	
row	row6	0	6	6		h5	central.query	3.698438882827759	0.003611756721511483	0.010797548622465304	0.0007443433278240263	
row	row6	0	6	6		h5	central.value	3.698438882827759	0.003611756721511483	0.0022062811652266198	7.344815821852535e-05	
row	row6	0	6	6		h5	revblock0.attn.proj	3.698438882827759	0.003611756721511483	3.912320516209825e-05	3.6313374494056916e-06	
row	row6	0	6	6		h5	revblock0.attn.qkv	3.698438882827759	0.003611756721511483	3.306718255183787e-05	5.164014851288812e-07	
row	row6	0	6	6		h5	revblock0.ffn	3.698438882827759	0.003611756721511483	0.0031807524011692153	0.00015980005264282227	
row	row6	0	6	6		h5	revblock0.norm1	3.698438882827759	0.003611756721511483	1.0489176318843542e-06	2.241494030386093e-07	
row	row6	0	6	6		h5	revblock0.norm2	3.698438882827759	0.003611756721511483	8.224664300292709e-05	7.328391075134277e-05	
row	row6	0	6	6		h5	revblock1.attn.proj	3.698438882827759	0.003611756721511483	0.021532647267344593	0.0013311579823493958	
row	row6	0	6	6		h5	revblock1.attn.qkv	3.698438882827759	0.003611756721511483	0.017136707933771176	0.0004202127456665039	
row	row6	0	6	6		h5	revblock1.ffn	3.698438882827759	0.003611756721511483	0.0017377760047893147	1.8440638086758554e-05	
row	row6	0	6	6		h5	revblock1.norm1	3.698438882827759	0.003611756721511483	0.00022968724688901448	6.717443466186523e-05	
row	row6	0	6	6		h5	revblock1.norm2	3.698438882827759	0.003611756721511483	2.8621129710638124e-05	1.1116266250610352e-05	
row	row6	0	6	6		h6	all	3.987189292907715	0.0038937395438551903	0.12765637302963637	0.03095269575715065	
row	row6	0	6	6		h6	central.hidden_phase	3.987189292907715	0.0038937395438551903	5.30138124051151e-05	1.3127733836881816e-05	
row	row6	0	6	6		h6	central.key	3.987189292907715	0.0038937395438551903	0.0009212049936077626	5.418033106252551e-05	
row	row6	0	6	6		h6	central.memory_phase	3.987189292907715	0.0038937395438551903	0.00022102349860516325	0.00012836151290684938	
row	row6	0	6	6		h6	central.output	3.987189292907715	0.0038937395438551903	0.12535329155993963	0.03095269575715065	
row	row6	0	6	6		h6	central.query	3.987189292907715	0.0038937395438551903	0.005699971216299457	0.000377277669031173	
row	row6	0	6	6		h6	central.value	3.987189292907715	0.0038937395438551903	0.001833170733543936	5.085975499241613e-05	
row	row6	0	6	6		h6	revblock0.attn.proj	3.987189292907715	0.0038937395438551903	3.6754216274190215e-05	3.8113496430014493e-06	
row	row6	0	6	6		h6	revblock0.attn.qkv	3.987189292907715	0.0038937395438551903	3.170150163896882e-05	4.5388009084490477e-07	
row	row6	0	6	6		h6	revblock0.ffn	3.987189292907715	0.0038937395438551903	0.002917718573520454	0.00013369321823120117	
row	row6	0	6	6		h6	revblock0.norm1	3.987189292907715	0.0038937395438551903	9.314332790069347e-07	1.5809916931175394e-07	
row	row6	0	6	6		h6	revblock0.norm2	3.987189292907715	0.0038937395438551903	5.14181274117542e-05	2.2858381271362305e-05	
row	row6	0	6	6		h6	revblock1.attn.proj	3.987189292907715	0.0038937395438551903	0.018191900507065407	0.0009796768426895142	
row	row6	0	6	6		h6	revblock1.attn.qkv	3.987189292907715	0.0038937395438551903	0.014282165429400164	0.00045180320739746094	
row	row6	0	6	6		h6	revblock1.ffn	3.987189292907715	0.0038937395438551903	0.0015647794084042755	1.431349664926529e-05	
row	row6	0	6	6		h6	revblock1.norm1	3.987189292907715	0.0038937395438551903	0.0002429280220350432	6.103515625e-05	
row	row6	0	6	6		h6	revblock1.norm2	3.987189292907715	0.0038937395438551903	1.669185815206183e-05	4.9173831939697266e-06	
row	row6	0	6	6		h5+h6	all	3.842814087867737	0.0075054962653666735	0.22110336272670333	0.08683054894208908	
row	row6	0	6	6		h5+h6	central.hidden_phase	3.842814087867737	0.0075054962653666735	0.00016084667073899535	4.041720603709109e-05	
row	row6	0	6	6		h5+h6	central.key	3.842814087867737	0.0075054962653666735	0.002435764017940751	0.0001312106178374961	
row	row6	0	6	6		h5+h6	central.memory_phase	3.842814087867737	0.0075054962653666735	0.0006612678657543035	0.0003872223023790866	
row	row6	0	6	6		h5+h6	central.output	3.842814087867737	0.0075054962653666735	0.21714656567577387	0.08683054894208908	
row	row6	0	6	6		h5+h6	central.query	3.842814087867737	0.0075054962653666735	0.01648317666720737	0.0011216209968551993	
row	row6	0	6	6		h5+h6	central.value	3.842814087867737	0.0075054962653666735	0.0034201373783941734	0.00011288559471722692	
row	row6	0	6	6		h5+h6	revblock0.attn.proj	3.842814087867737	0.0075054962653666735	5.4098338897422165e-05	3.7299403174984036e-06	
row	row6	0	6	6		h5+h6	revblock0.attn.qkv	3.842814087867737	0.0075054962653666735	4.652676348953714e-05	6.9975828864699e-07	
row	row6	0	6	6		h5+h6	revblock0.ffn	3.842814087867737	0.0075054962653666735	0.005123334788100513	0.00022050738334655762	
row	row6	0	6	6		h5+h6	revblock0.norm1	3.842814087867737	0.0075054962653666735	1.408698743470054e-06	2.9963896963636216e-07	
row	row6	0	6	6		h5+h6	revblock0.norm2	3.842814087867737	0.0075054962653666735	0.00011914837294061865	9.614229202270508e-05	
row	row6	0	6	6		h5+h6	revblock1.attn.proj	3.842814087867737	0.0075054962653666735	0.02922527783447798	0.0017183758318424225	
row	row6	0	6	6		h5+h6	revblock1.attn.qkv	3.842814087867737	0.0075054962653666735	0.023609979590375474	0.0006845481693744659	
row	row6	0	6	6		h5+h6	revblock1.ffn	3.842814087867737	0.0075054962653666735	0.002517291784337727	2.697108720894903e-05	
row	row6	0	6	6		h5+h6	revblock1.norm1	3.842814087867737	0.0075054962653666735	0.0003516822949182551	7.596611976623535e-05	
row	row6	0	6	6		h5+h6	revblock1.norm2	3.842814087867737	0.0075054962653666735	3.4499073332738464e-05	1.1645257472991943e-05	
row	row7	0	7	7		h5	all	3.0547232627868652	0.002983128186315298	0.18418469334046522	0.06755568087100983	
row	row7	0	7	7		h5	central.hidden_phase	3.0547232627868652	0.002983128186315298	2.3128567948039052e-05	5.399645942816278e-06	
row	row7	0	7	7		h5	central.key	3.0547232627868652	0.002983128186315298	0.0005022533675781273	1.835674083849881e-05	
row	row7	0	7	7		h5	central.memory_phase	3.0547232627868652	0.002983128186315298	7.873463362864445e-05	5.2099312597420067e-05	
row	row7	0	7	7		h5	central.output	3.0547232627868652	0.002983128186315298	0.18219959227082413	0.06755568087100983	
row	row7	0	7	7		h5	central.query	3.0547232627868652	0.002983128186315298	0.0017648923360826332	0.00013971293810755014	
row	row7	0	7	7		h5	central.value	3.0547232627868652	0.002983128186315298	0.0018140660388644642	6.920724990777671e-05	
row	row7	0	7	7		h5	revblock0.attn.proj	3.0547232627868652	0.002983128186315298	3.35991034323375e-05	3.4912488899863092e-06	
row	row7	0	7	7		h5	revblock0.attn.qkv	3.0547232627868652	0.002983128186315298	2.8152209806396785e-05	4.09231034836921e-07	
row	row7	0	7	7		h5	revblock0.ffn	3.0547232627868652	0.002983128186315298	0.0017939358701492165	6.99460506439209e-05	
row	row7	0	7	7		h5	revblock0.norm1	3.0547232627868652	0.002983128186315298	9.92423514592559e-07	1.6681283909747435e-07	
row	row7	0	7	7		h5	revblock0.norm2	3.0547232627868652	0.002983128186315298	4.28785865274117e-05	2.730637788772583e-05	
row	row7	0	7	7		h5	revblock1.attn.proj	3.0547232627868652	0.002983128186315298	0.02163320167035775	0.002029895782470703	
row	row7	0	7	7		h5	revblock1.attn.qkv	3.0547232627868652	0.002983128186315298	0.015757323593842267	0.00044417381286621094	
row	row7	0	7	7		h5	revblock1.ffn	3.0547232627868652	0.002983128186315298	0.0010549103310126134	1.2211501598358154e-05	
row	row7	0	7	7		h5	revblock1.norm1	3.0547232627868652	0.002983128186315298	0.00014656400375001453	5.549192428588867e-05	
row	row7	0	7	7		h5	revblock1.norm2	3.0547232627868652	0.002983128186315298	1.480273057883852e-05	4.678964614868164e-06	
row	row7	0	7	7		h6	all	3.046398639678955	0.0029749986715614796	0.15671141038018832	0.04047619551420212	
row	row7	0	7	7		h6	central.hidden_phase	3.046398639678955	0.0029749986715614796	2.4033212538445148e-05	5.673181476595346e-06	
row	row7	0	7	7		h6	central.key	3.046398639678955	0.0029749986715614796	0.00048117236035158335	2.1803602066938765e-05	
row	row7	0	7	7		h6	central.memory_phase	3.046398639678955	0.0029749986715614796	8.945689198229946e-05	5.352891457732767e-05	
row	row7	0	7	7		h6	central.output	3.046398639678955	0.0029749986715614796	0.15503510591932457	0.04047619551420212	
row	row7	0	7	7		h6	central.query	3.046398639678955	0.0029749986715614796	0.002196158106820216	0.00016052249702624977	
row	row7	0	7	7		h6	central.value	3.046398639678955	0.0029749986715614796	0.001956658384950623	6.445665349019691e-05	
row	row7	0	7	7		h6	revblock0.attn.proj	3.046398639678955	0.0029749986715614796	2.775292668141008e-05	2.8054125777998706e-06	
row	row7	0	7	7		h6	revblock0.attn.qkv	3.046398639678955	0.0029749986715614796	2.063548491753566e-05	2.8353110792522784e-07	
row	row7	0	7	7		h6	revblock0.ffn	3.046398639678955	0.0029749986715614796	0.001559741126807954	5.191820673644543e-05	
row	row7	0	7	7		h6	revblock0.norm1	3.046398639678955	0.0029749986715614796	7.341953205752575e-07	1.2767939949753782e-07	
row	row7	0	7	7		h6	revblock0.norm2	3.046398639678955	0.0029749986715614796	3.6754530422369175e-05	2.154707908630371e-05	
row	row7	0	7	7		h6	revblock1.attn.proj	3.046398639678955	0.0029749986715614796	0.01740509377263595	0.0011515617370605469	
row	row7	0	7	7		h6	revblock1.attn.qkv	3.046398639678955	0.0029749986715614796	0.014395702655202888	0.00041334331035614014	
row	row7	0	7	7		h6	revblock1.ffn	3.046398639678955	0.0029749986715614796	0.0010298396495211336	1.1980533599853516e-05	
row	row7	0	7	7		h6	revblock1.norm1	3.046398639678955	0.0029749986715614796	0.0001441052585717758	4.363805055618286e-05	
row	row7	0	7	7		h6	revblock1.norm2	3.046398639678955	0.0029749986715614796	1.1244062289234171e-05	4.522502422332764e-06	
row	row7	0	7	7		h5+h6	all	3.05056095123291	0.005958126857876778	0.22518711058580582	0.08575674891471863	
row	row7	0	7	7		h5+h6	central.hidden_phase	3.05056095123291	0.005958126857876778	1.0191358720335074e-05	2.3504051114286995e-06	
row	row7	0	7	7		h5+h6	central.key	3.05056095123291	0.005958126857876778	0.000618512364268962	2.1190091501921415e-05	
row	row7	0	7	7		h5+h6	central.memory_phase	3.05056095123291	0.005958126857876778	3.02003437107882e-05	1.0311454389011487e-05	
row	row7	0	7	7		h5+h6	central.output	3.05056095123291	0.005958126857876778	0.22197340106293717	0.08575674891471863	
row	row7	0	7	7		h5+h6	central.query	3.05056095123291	0.005958126857876778	0.0008821504180479894	4.882716166321188e-05	
row	row7	0	7	7		h5+h6	central.value	3.05056095123291	0.005958126857876778	0.0022451559472440583	6.400338315870613e-05	
row	row7	0	7	7		h5+h6	revblock0.attn.proj	3.05056095123291	0.005958126857876778	4.412232571379132e-05	3.4784227409545565e-06	
row	row7	0	7	7		h5+h6	revblock0.attn.qkv	3.05056095123291	0.005958126857876778	3.53389355308552e-05	4.522468088907772e-07	
row	row7	0	7	7		h5+h6	revblock0.ffn	3.05056095123291	0.005958126857876778	0.0025703568842399952	9.414553642272949e-05	
row	row7	0	7	7		h5+h6	revblock0.norm1	3.05056095123291	0.005958126857876778	1.2397210119706824e-06	1.9157992880991515e-07	
row	row7	0	7	7		h5+h6	revblock0.norm2	3.05056095123291	0.005958126857876778	6.341633792937969e-05	3.95849347114563e-05	
row	row7	0	7	7		h5+h6	revblock1.attn.proj	3.05056095123291	0.005958126857876778	0.031084204799423046	0.0023497343063354492	
row	row7	0	7	7		h5+h6	revblock1.attn.qkv	3.05056095123291	0.005958126857876778	0.02135588140648937	0.0005854517221450806	
row	row7	0	7	7		h5+h6	revblock1.ffn	3.05056095123291	0.005958126857876778	0.001368842855375915	1.7503276467323303e-05	
row	row7	0	7	7		h5+h6	revblock1.norm1	3.05056095123291	0.005958126857876778	0.00022816173766068655	9.912997484207153e-05	
row	row7	0	7	7		h5+h6	revblock1.norm2	3.05056095123291	0.005958126857876778	1.7492187768241705e-05	9.201467037200928e-06	
row	row8	0	8	8		h5	all	3.3736073970794678	0.0032945384737104177	0.1212651346178698	0.02923014387488365	
row	row8	0	8	8		h5	central.hidden_phase	3.3736073970794678	0.0032945384737104177	3.221626053185606e-05	7.862347956688609e-06	
row	row8	0	8	8		h5	central.key	3.3736073970794678	0.0032945384737104177	0.0009856638140716455	6.220515206223354e-05	
row	row8	0	8	8		h5	central.memory_phase	3.3736073970794678	0.0032945384737104177	0.00010862755593897137	7.151122554205358e-05	
row	row8	0	8	8		h5	central.output	3.3736073970794678	0.0032945384737104177	0.11873127623438928	0.02923014387488365	
row	row8	0	8	8		h5	central.query	3.3736073970794678	0.0032945384737104177	0.004366800862021596	0.00032057348289527	
row	row8	0	8	8		h5	central.value	3.3736073970794678	0.0032945384737104177	0.0018251616050047107	5.9561625675996765e-05	
row	row8	0	8	8		h5	revblock0.attn.proj	3.3736073970794678	0.0032945384737104177	7.593529400555024e-05	8.878056178218685e-06	
row	row8	0	8	8		h5	revblock0.attn.qkv	3.3736073970794678	0.0032945384737104177	6.127935817807191e-05	1.0197406936640618e-06	
row	row8	0	8	8		h5	revblock0.ffn	3.3736073970794678	0.0032945384737104177	0.0023206207577662168	0.00010664761066436768	
row	row8	0	8	8		h5	revblock0.norm1	3.3736073970794678	0.0032945384737104177	2.2107640252710416e-06	4.6136932496665395e-07	
row	row8	0	8	8		h5	revblock0.norm2	3.3736073970794678	0.0032945384737104177	8.18667544810377e-05	3.086775541305542e-05	
row	row8	0	8	8		h5	revblock1.attn.proj	3.3736073970794678	0.0032945384737104177	0.01950604033727594	0.0015867948532104492	
row	row8	0	8	8		h5	revblock1.attn.qkv	3.3736073970794678	0.0032945384737104177	0.014042745729036353	0.00036856532096862793	
row	row8	0	8	8		h5	revblock1.ffn	3.3736073970794678	0.0032945384737104177	0.0012716069327339814	1.2185424566268921e-05	
row	row8	0	8	8		h5	revblock1.norm1	3.3736073970794678	0.0032945384737104177	0.00017139590513966097	4.929397255182266e-05	
row	row8	0	8	8		h5	revblock1.norm2	3.3736073970794678	0.0032945384737104177	1.3961451714961267e-05	3.1087547540664673e-06	
row	row8	0	8	8		h6	all	4.366557598114014	0.0042642164044082165	0.13318935785900918	0.0334518700838089	
row	row8	0	8	8		h6	central.hidden_phase	4.366557598114014	0.0042642164044082165	5.8292611240409595e-05	1.333983618678758e-05	
row	row8	0	8	8		h6	central.key	4.366557598114014	0.0042642164044082165	0.0014183456946884553	8.918550884118304e-05	
row	row8	0	8	8		h6	central.memory_phase	4.366557598114014	0.0042642164044082165	0.00020325809620148991	0.00012939004227519035	
row	row8	0	8	8		h6	central.output	4.366557598114014	0.0042642164044082165	0.1308949906007198	0.0334518700838089	
row	row8	0	8	8		h6	central.query	4.366557598114014	0.0042642164044082165	0.007217175609025519	0.0005322637734934688	
row	row8	0	8	8		h6	central.value	4.366557598114014	0.0042642164044082165	0.002217683245006703	8.268559031421319e-05	
row	row8	0	8	8		h6	revblock0.attn.proj	4.366557598114014	0.0042642164044082165	8.052694496796569e-05	9.636205504648387e-06	
row	row8	0	8	8		h6	revblock0.attn.qkv	4.366557598114014	0.0042642164044082165	6.774131141166643e-05	1.1007456350853317e-06	
row	row8	0	8	8		h6	revblock0.ffn	4.366557598114014	0.0042642164044082165	0.003669701940475983	0.00013475678861141205	
row	row8	0	8	8		h6	revblock0.norm1	4.366557598114014	0.0042642164044082165	1.6677688746633925e-06	3.194648456883442e-07	
row	row8	0	8	8		h6	revblock0.norm2	4.366557598114014	0.0042642164044082165	8.696905426566282e-05	4.012882709503174e-05	
row	row8	0	8	8		h6	revblock1.attn.proj	4.366557598114014	0.0042642164044082165	0.016882824424896546	0.0010017454624176025	
row	row8	0	8	8		h6	revblock1.attn.qkv	4.366557598114014	0.0042642164044082165	0.015599835889692208	0.00034108757972717285	
row	row8	0	8	8		h6	revblock1.ffn	4.366557598114014	0.0042642164044082165	0.0022117298233177408	2.3137778043746948e-05	
row	row8	0	8	8		h6	revblock1.norm1	4.366557598114014	0.0042642164044082165	0.0002862917129006936	9.298324584960938e-05	
row	row8	0	8	8		h6	revblock1.norm2	4.366557598114014	0.0042642164044082165	2.488145457643048e-05	5.781650543212891e-06	
row	row8	0	8	8		h5+h6	all	3.8700824975967407	0.007558754878118634	0.17148436809370424	0.04269992187619209	
row	row8	0	8	8		h5+h6	central.hidden_phase	3.8700824975967407	0.007558754878118634	8.940176153922965e-05	2.1202184143476188e-05	
row	row8	0	8	8		h5+h6	central.key	3.8700824975967407	0.007558754878118634	0.0022945519000722326	0.00015139066090341657	
row	row8	0	8	8		h5+h6	central.memory_phase	3.8700824975967407	0.007558754878118634	0.00030808426051138083	0.00020090126781724393	
row	row8	0	8	8		h5+h6	central.output	3.8700824975967407	0.007558754878118634	0.16794146271776703	0.04269992187619209	
row	row8	0	8	8		h5+h6	central.query	3.8700824975967407	0.007558754878118634	0.011550420803942228	0.0008528372272849083	
row	row8	0	8	8		h5+h6	central.value	3.8700824975967407	0.007558754878118634	0.003111508866588726	0.00010831303370650858	
row	row8	0	8	8		h5+h6	revblock0.attn.proj	3.8700824975967407	0.007558754878118634	0.00010762179404848735	9.508868970442563e-06	
row	row8	0	8	8		h5+h6	revblock0.attn.qkv	3.8700824975967407	0.007558754878118634	8.910000777808365e-05	1.2826033071178244e-06	
row	row8	0	8	8		h5+h6	revblock0.ffn	3.8700824975967407	0.007558754878118634	0.004836406032954056	0.00019640475511550903	
row	row8	0	8	8		h5+h6	revblock0.norm1	3.8700824975967407	0.007558754878118634	2.7637018978260916e-06	5.379187086873571e-07	
row	row8	0	8	8		h5+h6	revblock0.norm2	3.8700824975967407	0.007558754878118634	0.00010631150509651884	4.501640796661377e-05	
row	row8	0	8	8		h5+h6	revblock1.attn.proj	3.8700824975967407	0.007558754878118634	0.024557869094043273	0.0014787912368774414	
row	row8	0	8	8		h5+h6	revblock1.attn.qkv	3.8700824975967407	0.007558754878118634	0.020472554427044546	0.0005424469709396362	
row	row8	0	8	8		h5+h6	revblock1.ffn	3.8700824975967407	0.007558754878118634	0.0028878791659776317	3.240816295146942e-05	
row	row8	0	8	8		h5+h6	revblock1.norm1	3.8700824975967407	0.007558754878118634	0.0003391690743521724	9.077787399291992e-05	
row	row8	0	8	8		h5+h6	revblock1.norm2	3.8700824975967407	0.007558754878118634	3.256120070344508e-05	6.616115570068359e-06	
row	row9	0	9	9		h5	all	3.2748255729675293	0.003198071848601103	0.12993693697181177	0.043718285858631134	
row	row9	0	9	9		h5	central.hidden_phase	3.2748255729675293	0.003198071848601103	3.7292795875010584e-05	8.664366760058329e-06	
row	row9	0	9	9		h5	central.key	3.2748255729675293	0.003198071848601103	0.0007708730073734875	3.9441147237084806e-05	
row	row9	0	9	9		h5	central.memory_phase	3.2748255729675293	0.003198071848601103	0.00015025622815715805	8.32149526104331e-05	
row	row9	0	9	9		h5	central.output	3.2748255729675293	0.003198071848601103	0.12808878665976597	0.043718285858631134	
row	row9	0	9	9		h5	central.query	3.2748255729675293	0.003198071848601103	0.0028512959432757837	0.00017914253112394363	
row	row9	0	9	9		h5	central.value	3.2748255729675293	0.003198071848601103	0.0014748218715880967	5.53078789380379e-05	
row	row9	0	9	9		h5	revblock0.attn.proj	3.2748255729675293	0.003198071848601103	3.110605888716593e-05	3.692955033329781e-06	
row	row9	0	9	9		h5	revblock0.attn.qkv	3.2748255729675293	0.003198071848601103	2.7460961200290563e-05	3.993055486262165e-07	
row	row9	0	9	9		h5	revblock0.ffn	3.2748255729675293	0.003198071848601103	0.0018867801356414057	5.193985998630524e-05	
row	row9	0	9	9		h5	revblock0.norm1	3.2748255729675293	0.003198071848601103	1.0226977292525457e-06	2.0731245342631155e-07	
row	row9	0	9	9		h5	revblock0.norm2	3.2748255729675293	0.003198071848601103	2.4681274871662564e-05	1.3729557394981384e-05	
row	row9	0	9	9		h5	revblock1.attn.proj	3.2748255729675293	0.003198071848601103	0.017422705919717434	0.0011298507452011108	
row	row9	0	9	9		h5	revblock1.attn.qkv	3.2748255729675293	0.003198071848601103	0.012570428880734527	0.000452384352684021	
row	row9	0	9	9		h5	revblock1.ffn	3.2748255729675293	0.003198071848601103	0.0008925320879094601	1.062639057636261e-05	
row	row9	0	9	9		h5	revblock1.norm1	3.2748255729675293	0.003198071848601103	0.00014733751581720074	5.856528878211975e-05	
row	row9	0	9	9		h5	revblock1.norm2	3.2748255729675293	0.003198071848601103	1.2798101851046758e-05	3.9208680391311646e-06	
row	row9	0	9	9		h6	all	3.8012781143188477	0.0037121856585144997	0.17074393058654483	0.05998854339122772	
row	row9	0	9	9		h6	central.hidden_phase	3.8012781143188477	0.0037121856585144997	4.0658027894318965e-05	1.042556505126413e-05	
row	row9	0	9	9		h6	central.key	3.8012781143188477	0.0037121856585144997	0.0008189713937495376	3.569634645828046e-05	
row	row9	0	9	9		h6	central.memory_phase	3.8012781143188477	0.0037121856585144997	0.00017307297359255494	0.00010064974776469171	
row	row9	0	9	9		h6	central.output	3.8012781143188477	0.0037121856585144997	0.16754707368858315	0.05998854339122772	
row	row9	0	9	9		h6	central.query	3.8012781143188477	0.0037121856585144997	0.004208850116162215	0.00026841764338314533	
row	row9	0	9	9		h6	central.value	3.8012781143188477	0.0037121856585144997	0.0025380540965001803	9.68651584116742e-05	
row	row9	0	9	9		h6	revblock0.attn.proj	3.8012781143188477	0.0037121856585144997	3.764680394718567e-05	3.869336524076061e-06	
row	row9	0	9	9		h6	revblock0.attn.qkv	3.8012781143188477	0.0037121856585144997	3.397541217821846e-05	5.258257260720711e-07	
row	row9	0	9	9		h6	revblock0.ffn	3.8012781143188477	0.0037121856585144997	0.002201490088653246	6.937980651855469e-05	
row	row9	0	9	9		h6	revblock0.norm1	3.8012781143188477	0.0037121856585144997	9.55306315647272e-07	1.6045163420130848e-07	
row	row9	0	9	9		h6	revblock0.norm2	3.8012781143188477	0.0037121856585144997	6.4417649178507e-05	4.988908767700195e-05	
row	row9	0	9	9		h6	revblock1.attn.proj	3.8012781143188477	0.0037121856585144997	0.02661174918200357	0.0020780563354492188	
row	row9	0	9	9		h6	revblock1.attn.qkv	3.8012781143188477	0.0037121856585144997	0.01835625427309241	0.0004988908767700195	
row	row9	0	9	9		h6	revblock1.ffn	3.8012781143188477	0.0037121856585144997	0.002557205332559982	2.890452742576599e-05	
row	row9	0	9	9		h6	revblock1.norm1	3.8012781143188477	0.0037121856585144997	0.00028047928117438405	8.660554885864258e-05	
row	row9	0	9	9		h6	revblock1.norm2	3.8012781143188477	0.0037121856585144997	3.0938546469882984e-05	1.3560056686401367e-05	
row	row9	0	9	9		h5+h6	all	3.5380518436431885	0.0069102575071156025	0.21777705702272993	0.06267742812633514	
row	row9	0	9	9		h5+h6	central.hidden_phase	3.5380518436431885	0.0069102575071156025	7.640463710248773e-05	1.9089931811322458e-05	
row	row9	0	9	9		h5+h6	central.key	3.5380518436431885	0.0069102575071156025	0.0013954407042994935	5.0293499953113496e-05	
row	row9	0	9	9		h5+h6	central.memory_phase	3.5380518436431885	0.0069102575071156025	0.00031977541402547076	0.0001838647003751248	
row	row9	0	9	9		h5+h6	central.output	3.5380518436431885	0.0069102575071156025	0.21410216743593966	0.06267742812633514	
row	row9	0	9	9		h5+h6	central.query	3.5380518436431885	0.0069102575071156025	0.006976390645928392	0.00044756015995517373	
row	row9	0	9	9		h5+h6	central.value	3.5380518436431885	0.0069102575071156025	0.0031513937988112972	0.0001268670748686418	
row	row9	0	9	9		h5+h6	revblock0.attn.proj	3.5380518436431885	0.0069102575071156025	4.913907963421384e-05	3.860700871882727e-06	
row	row9	0	9	9		h5+h6	revblock0.attn.qkv	3.5380518436431885	0.0069102575071156025	4.416575726370308e-05	7.303693791982369e-07	
row	row9	0	9	9		h5+h6	revblock0.ffn	3.5380518436431885	0.0069102575071156025	0.003119259186454448	0.00010767579078674316	
row	row9	0	9	9		h5+h6	revblock0.norm1	3.5380518436431885	0.0069102575071156025	1.3594035213548757e-06	2.6926400664706307e-07	
row	row9	0	9	9		h5+h6	revblock0.norm2	3.5380518436431885	0.0069102575071156025	6.001957622130835e-05	4.4971704483032227e-05	
row	row9	0	9	9		h5+h6	revblock1.attn.proj	3.5380518436431885	0.0069102575071156025	0.03173713865424234	0.0019148383289575577	
row	row9	0	9	9		h5+h6	revblock1.attn.qkv	3.5380518436431885	0.0069102575071156025	0.022414109404672054	0.000656425952911377	
row	row9	0	9	9		h5+h6	revblock1.ffn	3.5380518436431885	0.0069102575071156025	0.002640332849746481	2.691522240638733e-05	
row	row9	0	9	9		h5+h6	revblock1.norm1	3.5380518436431885	0.0069102575071156025	0.000321154704566638	0.00010547041893005371	
row	row9	0	9	9		h5+h6	revblock1.norm2	3.5380518436431885	0.0069102575071156025	3.593122965188136e-05	1.6421079635620117e-05	
row	row10	0	10	10		h5	all	3.493821620941162	0.0034119351767003536	11.410823999766315	0.5235528349876404	
row	row10	0	10	10		h5	central.hidden_phase	3.493821620941162	0.0034119351767003536	0.08332249793250565	0.014360478147864342	
row	row10	0	10	10		h5	central.key	3.493821620941162	0.0034119351767003536	5.15151778882345	0.1810939908027649	
row	row10	0	10	10		h5	central.memory_phase	3.493821620941162	0.0034119351767003536	0.1443959001899098	0.05364473909139633	
row	row10	0	10	10		h5	central.output	3.493821620941162	0.0034119351767003536	2.094895689923524	0.06609760224819183	
row	row10	0	10	10		h5	central.query	3.493821620941162	0.0034119351767003536	5.410683109781753	0.15694878995418549	
row	row10	0	10	10		h5	central.value	3.493821620941162	0.0034119351767003536	3.3043603757733444	0.07020508497953415	
row	row10	0	10	10		h5	revblock0.attn.proj	3.493821620941162	0.0034119351767003536	3.730523933237925e-05	3.39196526510932e-06	
row	row10	0	10	10		h5	revblock0.attn.qkv	3.493821620941162	0.0034119351767003536	2.980325090183792e-05	3.8864786233716586e-07	
row	row10	0	10	10		h5	revblock0.ffn	3.493821620941162	0.0034119351767003536	5.307119712572438	0.4874019920825958	
row	row10	0	10	10		h5	revblock0.norm1	3.493821620941162	0.0034119351767003536	1.0006900714260335e-06	1.96341304103953e-07	
row	row10	0	10	10		h5	revblock0.norm2	3.493821620941162	0.0034119351767003536	0.5237678225723722	0.5235528349876404	
row	row10	0	10	10		h5	revblock1.attn.proj	3.493821620941162	0.0034119351767003536	2.458648101138	0.039334118366241455	
row	row10	0	10	10		h5	revblock1.attn.qkv	3.493821620941162	0.0034119351767003536	4.494281314005494	0.07315695285797119	
row	row10	0	10	10		h5	revblock1.ffn	3.493821620941162	0.0034119351767003536	2.085203081281211	0.03111940622329712	
row	row10	0	10	10		h5	revblock1.norm1	3.493821620941162	0.0034119351767003536	0.1579549396828384	0.037828683853149414	
row	row10	0	10	10		h5	revblock1.norm2	3.493821620941162	0.0034119351767003536	0.04134979667538269	0.009038448333740234	
row	row10	0	10	10		h6	all	3.29524564743042	0.0032180133275687695	7.375198386805922	0.3387972116470337	
row	row10	0	10	10		h6	central.hidden_phase	3.29524564743042	0.0032180133275687695	0.05394245664632009	0.009293288923799992	
row	row10	0	10	10		h6	central.key	3.29524564743042	0.0032180133275687695	3.330846971820023	0.11691605299711227	
row	row10	0	10	10		h6	central.memory_phase	3.29524564743042	0.0032180133275687695	0.09319292896838524	0.03471718356013298	
row	row10	0	10	10		h6	central.output	3.29524564743042	0.0032180133275687695	1.3428164943380874	0.07695505023002625	
row	row10	0	10	10		h6	central.query	3.29524564743042	0.0032180133275687695	3.488303668216036	0.10177294909954071	
row	row10	0	10	10		h6	central.value	3.29524564743042	0.0032180133275687695	2.138508996901318	0.04554436728358269	
row	row10	0	10	10		h6	revblock0.attn.proj	3.29524564743042	0.0032180133275687695	4.6089848014125445e-05	6.954507625778206e-06	
row	row10	0	10	10		h6	revblock0.attn.qkv	3.29524564743042	0.0032180133275687695	4.473403045941959e-05	1.442083771507896e-06	
row	row10	0	10	10		h6	revblock0.ffn	3.29524564743042	0.0032180133275687695	3.4348972414155794	0.3152819871902466	
row	row10	0	10	10		h6	revblock0.norm1	3.29524564743042	0.0032180133275687695	1.5244365873730138e-06	3.254933460539178e-07	
row	row10	0	10	10		h6	revblock0.norm2	3.29524564743042	0.0032180133275687695	0.3389362187939035	0.3387972116470337	
row	row10	0	10	10		h6	revblock1.attn.proj	3.29524564743042	0.0032180133275687695	1.5916370522238927	0.02549484372138977	
row	row10	0	10	10		h6	revblock1.attn.qkv	3.29524564743042	0.0032180133275687695	2.9093825982442234	0.047327399253845215	
row	row10	0	10	10		h6	revblock1.ffn	3.29524564743042	0.0032180133275687695	1.3492156584792068	0.020151197910308838	
row	row10	0	10	10		h6	revblock1.norm1	3.29524564743042	0.0032180133275687695	0.10229517224265257	0.024548709392547607	
row	row10	0	10	10		h6	revblock1.norm2	3.29524564743042	0.0032180133275687695	0.026758316263273834	0.005843043327331543	
row	row10	0	10	10		h5+h6	all	3.394533634185791	0.006629948504269123	18.784256423407818	0.8623500466346741	
row	row10	0	10	10		h5+h6	central.hidden_phase	3.394533634185791	0.006629948504269123	0.13726428049174844	0.023653768002986908	
row	row10	0	10	10		h5+h6	central.key	3.394533634185791	0.006629948504269123	8.482318214382143	0.29801005125045776	
row	row10	0	10	10		h5+h6	central.memory_phase	3.394533634185791	0.006629948504269123	0.2375832794392994	0.08836191892623901	
row	row10	0	10	10		h5+h6	central.output	3.394533634185791	0.006629948504269123	3.4298486345885535	0.11871249973773956	
row	row10	0	10	10		h5+h6	central.query	3.394533634185791	0.006629948504269123	8.89850609060483	0.2587217390537262	
row	row10	0	10	10		h5+h6	central.value	3.394533634185791	0.006629948504269123	5.4428185070026815	0.11574944853782654	
row	row10	0	10	10		h5+h6	revblock0.attn.proj	3.394533634185791	0.006629948504269123	5.988809682057997e-05	6.87200054017012e-06	
row	row10	0	10	10		h5+h6	revblock0.attn.qkv	3.394533634185791	0.006629948504269123	5.4328237988162596e-05	1.4136705885903211e-06	
row	row10	0	10	10		h5+h6	revblock0.ffn	3.394533634185791	0.006629948504269123	8.742011264920068	0.80268394947052	
row	row10	0	10	10		h5+h6	revblock0.norm1	3.394533634185791	0.006629948504269123	1.8160550805762117e-06	3.2454366305501026e-07	
row	row10	0	10	10		h5+h6	revblock0.norm2	3.394533634185791	0.006629948504269123	0.8627040193276845	0.8623500466346741	
row	row10	0	10	10		h5+h6	revblock1.attn.proj	3.394533634185791	0.006629948504269123	4.050145068926014	0.06482896208763123	
row	row10	0	10	10		h5+h6	revblock1.attn.qkv	3.394533634185791	0.006629948504269123	7.403615491019721	0.1204843521118164	
row	row10	0	10	10		h5+h6	revblock1.ffn	3.394533634185791	0.006629948504269123	3.434406633736861	0.05127060413360596	
row	row10	0	10	10		h5+h6	revblock1.norm1	3.394533634185791	0.006629948504269123	0.2602498267106314	0.06237739324569702	
row	row10	0	10	10		h5+h6	revblock1.norm2	3.394533634185791	0.006629948504269123	0.068107915642347	0.014881491661071777	
row	row11	0	11	11		h5	all	3.440662145614624	0.0033600216265767813	0.1756844831499782	0.06747834384441376	
row	row11	0	11	11		h5	central.hidden_phase	3.440662145614624	0.0033600216265767813	5.035596917019556e-05	1.319886177952867e-05	
row	row11	0	11	11		h5	central.key	3.440662145614624	0.0033600216265767813	0.0007185678882467663	2.5294961233157665e-05	
row	row11	0	11	11		h5	central.memory_phase	3.440662145614624	0.0033600216265767813	0.0002146458514434878	0.00011889540473930538	
row	row11	0	11	11		h5	central.output	3.440662145614624	0.0033600216265767813	0.1729753126710287	0.06747834384441376	
row	row11	0	11	11		h5	central.query	3.440662145614624	0.0033600216265767813	0.004679546253231725	0.00029256506240926683	
row	row11	0	11	11		h5	central.value	3.440662145614624	0.0033600216265767813	0.0018672613734261666	6.0093083448009565e-05	
row	row11	0	11	11		h5	revblock0.attn.proj	3.440662145614624	0.0033600216265767813	4.0814869425268866e-05	3.8533544284291565e-06	
row	row11	0	11	11		h5	revblock0.attn.qkv	3.440662145614624	0.0033600216265767813	2.7880152236339475e-05	5.656247594743036e-07	
row	row11	0	11	11		h5	revblock0.ffn	3.440662145614624	0.0033600216265767813	0.002074903665632909	6.449222564697266e-05	
row	row11	0	11	11		h5	revblock0.norm1	3.440662145614624	0.0033600216265767813	1.0077755362708668e-06	2.0505882503130124e-07	
row	row11	0	11	11		h5	revblock0.norm2	3.440662145614624	0.0033600216265767813	0.00012711024852952402	5.3316354751586914e-05	
row	row11	0	11	11		h5	revblock1.attn.proj	3.440662145614624	0.0033600216265767813	0.024927242537744414	0.001981794834136963	
row	row11	0	11	11		h5	revblock1.attn.qkv	3.440662145614624	0.0033600216265767813	0.01707721311576926	0.00042938441038131714	
row	row11	0	11	11		h5	revblock1.ffn	3.440662145614624	0.0033600216265767813	0.0011276684493802956	1.8701888620853424e-05	
row	row11	0	11	11		h5	revblock1.norm1	3.440662145614624	0.0033600216265767813	0.00018669462136751915	5.4955482482910156e-05	
row	row11	0	11	11		h5	revblock1.norm2	3.440662145614624	0.0033600216265767813	1.0664309943863543e-05	2.078711986541748e-06	
row	row11	0	11	11		h6	all	2.6738152503967285	0.002611147705465555	0.15565600847469316	0.05585169047117233	
row	row11	0	11	11		h6	central.hidden_phase	2.6738152503967285	0.002611147705465555	9.171702164344772e-06	1.8128519059246173e-06	
row	row11	0	11	11		h6	central.key	2.6738152503967285	0.002611147705465555	0.0005201508259989046	2.005641727009788e-05	
row	row11	0	11	11		h6	central.memory_phase	2.6738152503967285	0.002611147705465555	2.2825572013699278e-05	1.317386340815574e-05	
row	row11	0	11	11		h6	central.output	2.6738152503967285	0.002611147705465555	0.15261985138910825	0.05585169047117233	
row	row11	0	11	11		h6	central.query	2.6738152503967285	0.002611147705465555	0.000886602275352334	4.527177588897757e-05	
row	row11	0	11	11		h6	central.value	2.6738152503967285	0.002611147705465555	0.001837737460041223	7.344766345340759e-05	
row	row11	0	11	11		h6	revblock0.attn.proj	2.6738152503967285	0.002611147705465555	4.114314361945746e-05	3.448711140663363e-06	
row	row11	0	11	11		h6	revblock0.attn.qkv	2.6738152503967285	0.002611147705465555	3.071497310245563e-05	5.73481031551637e-07	
row	row11	0	11	11		h6	revblock0.ffn	2.6738152503967285	0.002611147705465555	0.0017319639016979739	7.341057062149048e-05	
row	row11	0	11	11		h6	revblock0.norm1	2.6738152503967285	0.002611147705465555	9.77028292774483e-07	1.575266708186973e-07	
row	row11	0	11	11		h6	revblock0.norm2	2.6738152503967285	0.002611147705465555	0.0001221203171907185	7.062405347824097e-05	
row	row11	0	11	11		h6	revblock1.attn.proj	2.6738152503967285	0.002611147705465555	0.02476529669468838	0.0024119019508361816	
row	row11	0	11	11		h6	revblock1.attn.qkv	2.6738152503967285	0.002611147705465555	0.01769629550591848	0.0004235804080963135	
row	row11	0	11	11		h6	revblock1.ffn	2.6738152503967285	0.002611147705465555	0.0014079000960232602	2.7976930141448975e-05	
row	row11	0	11	11		h6	revblock1.norm1	2.6738152503967285	0.002611147705465555	0.00024690108779104266	0.0001035928726196289	
row	row11	0	11	11		h6	revblock1.norm2	2.6738152503967285	0.002611147705465555	1.5632580520586956e-05	8.504372090101242e-06	
row	row11	0	11	11		h5+h6	all	3.0572386980056763	0.0059711693320423365	0.18119588655984104	0.0610290989279747	
row	row11	0	11	11		h5+h6	central.hidden_phase	3.0572386980056763	0.0059711693320423365	5.133982249811656e-05	1.3231854609330185e-05	
row	row11	0	11	11		h5+h6	central.key	3.0572386980056763	0.0059711693320423365	0.0010256657539961802	4.5351378503255546e-05	
row	row11	0	11	11		h5+h6	central.memory_phase	3.0572386980056763	0.0059711693320423365	0.0002188813870725144	0.00011900637036887929	
row	row11	0	11	11		h5+h6	central.output	3.0572386980056763	0.0059711693320423365	0.17813456200148395	0.0610290989279747	
row	row11	0	11	11		h5+h6	central.query	3.0572386980056763	0.0059711693320423365	0.005416899163880174	0.00032547107548452914	
row	row11	0	11	11		h5+h6	central.value	3.0572386980056763	0.0059711693320423365	0.0021562267328248006	8.635457925265655e-05	
row	row11	0	11	11		h5+h6	revblock0.attn.proj	3.0572386980056763	0.0059711693320423365	4.583039082355065e-05	3.3707101465552114e-06	
row	row11	0	11	11		h5+h6	revblock0.attn.qkv	3.0572386980056763	0.0059711693320423365	3.616960609262776e-05	5.623890046990709e-07	
row	row11	0	11	11		h5+h6	revblock0.ffn	3.0572386980056763	0.0059711693320423365	0.00209773678007733	8.491426706314087e-05	
row	row11	0	11	11		h5+h6	revblock0.norm1	3.0572386980056763	0.0059711693320423365	1.267540245634962e-06	3.3304146995760675e-07	
row	row11	0	11	11		h5+h6	revblock0.norm2	3.0572386980056763	0.0059711693320423365	4.854198437263089e-05	2.9355287551879883e-05	
row	row11	0	11	11		h5+h6	revblock1.attn.proj	3.0572386980056763	0.0059711693320423365	0.02612397713653704	0.002413332462310791	
row	row11	0	11	11		h5+h6	revblock1.attn.qkv	3.0572386980056763	0.0059711693320423365	0.019369399492811693	0.0005780458450317383	
row	row11	0	11	11		h5+h6	revblock1.ffn	3.0572386980056763	0.0059711693320423365	0.001682396877797118	3.9682723581790924e-05	
row	row11	0	11	11		h5+h6	revblock1.norm1	3.0572386980056763	0.0059711693320423365	0.0002441267420781498	8.26716423034668e-05	
row	row11	0	11	11		h5+h6	revblock1.norm2	3.0572386980056763	0.0059711693320423365	1.843734725968397e-05	1.0471325367689133e-05	
row	row12	0	12	12		h5	all	3.2744407653808594	0.0031976960599422455	0.12250422583625484	0.03411233425140381	
row	row12	0	12	12		h5	central.hidden_phase	3.2744407653808594	0.0031976960599422455	3.336673125317289e-05	8.6610180005664e-06	
row	row12	0	12	12		h5	central.key	3.2744407653808594	0.0031976960599422455	0.00045726380648223095	1.4162987099552993e-05	
row	row12	0	12	12		h5	central.memory_phase	3.2744407653808594	0.0031976960599422455	0.00013313306185989867	7.682522846153006e-05	
row	row12	0	12	12		h5	central.output	3.2744407653808594	0.0031976960599422455	0.11840295288401446	0.03411233425140381	
row	row12	0	12	12		h5	central.query	3.2744407653808594	0.0031976960599422455	0.0028572687313264226	0.000194454551092349	
row	row12	0	12	12		h5	central.value	3.2744407653808594	0.0031976960599422455	0.0016671715054564142	7.151107274694368e-05	
row	row12	0	12	12		h5	revblock0.attn.proj	3.2744407653808594	0.0031976960599422455	4.4216380601148035e-05	5.106828211864922e-06	
row	row12	0	12	12		h5	revblock0.attn.qkv	3.2744407653808594	0.0031976960599422455	3.0135625749910752e-05	5.604027251138177e-07	
row	row12	0	12	12		h5	revblock0.ffn	3.2744407653808594	0.0031976960599422455	0.0021520221712916596	9.521469473838806e-05	
row	row12	0	12	12		h5	revblock0.norm1	3.2744407653808594	0.0031976960599422455	1.1064571762627257e-06	2.238047471792015e-07	
row	row12	0	12	12		h5	revblock0.norm2	3.2744407653808594	0.0031976960599422455	6.487595611028116e-05	4.112720489501953e-05	
row	row12	0	12	12		h5	revblock1.attn.proj	3.2744407653808594	0.0031976960599422455	0.026467003021622554	0.0022109150886535645	
row	row12	0	12	12		h5	revblock1.attn.qkv	3.2744407653808594	0.0031976960599422455	0.016449131195228953	0.0003757476806640625	
row	row12	0	12	12		h5	revblock1.ffn	3.2744407653808594	0.0031976960599422455	0.0010528323388926378	1.0868534445762634e-05	
row	row12	0	12	12		h5	revblock1.norm1	3.2744407653808594	0.0031976960599422455	0.00017794903559182232	6.118416786193848e-05	
row	row12	0	12	12		h5	revblock1.norm2	3.2744407653808594	0.0031976960599422455	1.2732371931822356e-05	3.252178430557251e-06	
row	row12	0	12	12		h6	all	3.447970390319824	0.0033671585842967033	0.17150870632839718	0.06870411336421967	
row	row12	0	12	12		h6	central.hidden_phase	3.447970390319824	0.0033671585842967033	2.3189080811103246e-05	4.921877916785888e-06	
row	row12	0	12	12		h6	central.key	3.447970390319824	0.0033671585842967033	0.0007158219956990367	2.662781480466947e-05	
row	row12	0	12	12		h6	central.memory_phase	3.447970390319824	0.0033671585842967033	8.378440221054235e-05	4.721071672975086e-05	
row	row12	0	12	12		h6	central.output	3.447970390319824	0.0033671585842967033	0.16966489564912657	0.06870411336421967	
row	row12	0	12	12		h6	central.query	3.447970390319824	0.0033671585842967033	0.00236034075418894	0.00016459675680380315	
row	row12	0	12	12		h6	central.value	3.447970390319824	0.0033671585842967033	0.001953601313417051	7.080255454638973e-05	
row	row12	0	12	12		h6	revblock0.attn.proj	3.447970390319824	0.0033671585842967033	4.514565437700154e-05	5.044377303420333e-06	
row	row12	0	12	12		h6	revblock0.attn.qkv	3.447970390319824	0.0033671585842967033	3.4966186753655e-05	4.7041893935784174e-07	
row	row12	0	12	12		h6	revblock0.ffn	3.447970390319824	0.0033671585842967033	0.0019348024235288307	6.75511546432972e-05	
row	row12	0	12	12		h6	revblock0.norm1	3.447970390319824	0.0033671585842967033	1.18006618849719e-06	1.7823823839080433e-07	
row	row12	0	12	12		h6	revblock0.norm2	3.447970390319824	0.0033671585842967033	4.3164456265793555e-05	2.8595328330993652e-05	
row	row12	0	12	12		h6	revblock1.attn.proj	3.447970390319824	0.0033671585842967033	0.01961145473323863	0.0012167692184448242	
row	row12	0	12	12		h6	revblock1.attn.qkv	3.447970390319824	0.0033671585842967033	0.015142928856901577	0.0005361922085285187	
row	row12	0	12	12		h6	revblock1.ffn	3.447970390319824	0.0033671585842967033	0.0012073701557750248	1.4768913388252258e-05	
row	row12	0	12	12		h6	revblock1.norm1	3.447970390319824	0.0033671585842967033	0.00016659668284351657	4.4733285903930664e-05	
row	row12	0	12	12		h6	revblock1.norm2	3.447970390319824	0.0033671585842967033	1.6478548668202377e-05	4.351139068603516e-06	
row	row12	0	12	12		h5+h6	all	3.361205577850342	0.006564854644238949	0.21613869727648718	0.0891256257891655	
row	row12	0	12	12		h5+h6	central.hidden_phase	3.361205577850342	0.006564854644238949	5.337360269781999e-05	1.3058936019660905e-05	
row	row12	0	12	12		h5+h6	central.key	3.361205577850342	0.006564854644238949	0.0010222101975717777	4.079080099472776e-05	
row	row12	0	12	12		h5+h6	central.memory_phase	3.361205577850342	0.006564854644238949	0.00020944118037010052	0.0001240359415533021	
row	row12	0	12	12		h5+h6	central.output	3.361205577850342	0.006564854644238949	0.2127374570513325	0.0891256257891655	
row	row12	0	12	12		h5+h6	central.query	3.361205577850342	0.006564854644238949	0.005150529497576361	0.00035905130789615214	
row	row12	0	12	12		h5+h6	central.value	3.361205577850342	0.006564854644238949	0.0026811409837167407	9.007078188005835e-05	
row	row12	0	12	12		h5+h6	revblock0.attn.proj	3.361205577850342	0.006564854644238949	6.0001062735787916e-05	4.7295256990764756e-06	
row	row12	0	12	12		h5+h6	revblock0.attn.qkv	3.361205577850342	0.006564854644238949	4.3499914768243384e-05	7.317555628105765e-07	
row	row12	0	12	12		h5+h6	revblock0.ffn	3.361205577850342	0.006564854644238949	0.0031679460086860866	0.00011055171489715576	
row	row12	0	12	12		h5+h6	revblock0.norm1	3.361205577850342	0.006564854644238949	1.4904040012190044e-06	2.5433772066207894e-07	
row	row12	0	12	12		h5+h6	revblock0.norm2	3.361205577850342	0.006564854644238949	0.00010071621987308834	6.972253322601318e-05	
row	row12	0	12	12		h5+h6	revblock1.attn.proj	3.361205577850342	0.006564854644238949	0.031016915707972915	0.0020197927951812744	
row	row12	0	12	12		h5+h6	revblock1.attn.qkv	3.361205577850342	0.006564854644238949	0.021190550260571293	0.0006065219640731812	
row	row12	0	12	12		h5+h6	revblock1.ffn	3.361205577850342	0.006564854644238949	0.0016405117047026024	1.6527250409126282e-05	
row	row12	0	12	12		h5+h6	revblock1.norm1	3.361205577850342	0.006564854644238949	0.0002664975993099843	8.274614810943604e-05	
row	row12	0	12	12		h5+h6	revblock1.norm2	3.361205577850342	0.006564854644238949	2.069600506782585e-05	4.172325134277344e-06	
row	row13	0	13	13		h5	all	3.0671768188476562	0.0029952898621559143	0.15848458720267164	0.05683604255318642	
row	row13	0	13	13		h5	central.hidden_phase	3.0671768188476562	0.0029952898621559143	1.1157822812872238e-05	2.240997901026276e-06	
row	row13	0	13	13		h5	central.key	3.0671768188476562	0.0029952898621559143	0.0004283994269471209	1.4321549315354787e-05	
row	row13	0	13	13		h5	central.memory_phase	3.0671768188476562	0.0029952898621559143	2.8017890255601652e-05	1.9956769392592832e-05	
row	row13	0	13	13		h5	central.output	3.0671768188476562	0.0029952898621559143	0.1563197933723935	0.05683604255318642	
row	row13	0	13	13		h5	central.query	3.0671768188476562	0.0029952898621559143	0.0009484085799518238	6.899071740917861e-05	
row	row13	0	13	13		h5	central.value	3.0671768188476562	0.0029952898621559143	0.001655732973874913	4.743364843307063e-05	
row	row13	0	13	13		h5	revblock0.attn.proj	3.0671768188476562	0.0029952898621559143	3.9643506679149076e-05	3.880491931340657e-06	
row	row13	0	13	13		h5	revblock0.attn.qkv	3.0671768188476562	0.0029952898621559143	3.384420474966821e-05	4.388480192574207e-07	
row	row13	0	13	13		h5	revblock0.ffn	3.0671768188476562	0.0029952898621559143	0.0014991156241724907	6.492063403129578e-05	
row	row13	0	13	13		h5	revblock0.norm1	3.0671768188476562	0.0029952898621559143	9.896768258008916e-07	2.1144182937860023e-07	
row	row13	0	13	13		h5	revblock0.norm2	3.0671768188476562	0.0029952898621559143	4.340668867006483e-05	2.7567148208618164e-05	
row	row13	0	13	13		h5	revblock1.attn.proj	3.0671768188476562	0.0029952898621559143	0.020899082083654694	0.0016513466835021973	
row	row13	0	13	13		h5	revblock1.attn.qkv	3.0671768188476562	0.0029952898621559143	0.015381011224178783	0.0003807544708251953	
row	row13	0	13	13		h5	revblock1.ffn	3.0671768188476562	0.0029952898621559143	0.001424076107068761	1.4837831258773804e-05	
row	row13	0	13	13		h5	revblock1.norm1	3.0671768188476562	0.0029952898621559143	0.0001839902026338517	6.953952834010124e-05	
row	row13	0	13	13		h5	revblock1.norm2	3.0671768188476562	0.0029952898621559143	1.6779343537563603e-05	5.603767931461334e-06	
row	row13	0	13	13		h6	all	2.754189968109131	0.002689638640731573	0.11682501294113716	0.04009618982672691	
row	row13	0	13	13		h6	central.hidden_phase	2.754189968109131	0.002689638640731573	9.660538990336172e-06	2.152752813344705e-06	
row	row13	0	13	13		h6	central.key	2.754189968109131	0.002689638640731573	0.0003926155010484052	1.7615469914744608e-05	
row	row13	0	13	13		h6	central.memory_phase	2.754189968109131	0.002689638640731573	2.4253544186976185e-05	1.1656378774205223e-05	
row	row13	0	13	13		h6	central.output	2.754189968109131	0.002689638640731573	0.11508646054971536	0.04009618982672691	
row	row13	0	13	13		h6	central.query	2.754189968109131	0.002689638640731573	0.0005276219854487881	2.788567144307308e-05	
row	row13	0	13	13		h6	central.value	2.754189968109131	0.002689638640731573	0.0013855766236556503	4.918428749078885e-05	
row	row13	0	13	13		h6	revblock0.attn.proj	2.754189968109131	0.002689638640731573	3.3776529822530056e-05	3.0076516850385815e-06	
row	row13	0	13	13		h6	revblock0.attn.qkv	2.754189968109131	0.002689638640731573	2.4913260936592632e-05	3.8616792608081596e-07	
row	row13	0	13	13		h6	revblock0.ffn	2.754189968109131	0.002689638640731573	0.0013585849469023462	5.2869319915771484e-05	
row	row13	0	13	13		h6	revblock0.norm1	2.754189968109131	0.002689638640731573	9.459813065118035e-07	1.457313345554212e-07	
row	row13	0	13	13		h6	revblock0.norm2	2.754189968109131	0.002689638640731573	3.8105877740181775e-05	2.6701949536800385e-05	
row	row13	0	13	13		h6	revblock1.attn.proj	2.754189968109131	0.002689638640731573	0.017003249570059057	0.001196742057800293	
row	row13	0	13	13		h6	revblock1.attn.qkv	2.754189968109131	0.002689638640731573	0.010438707002074549	0.0002067089080810547	
row	row13	0	13	13		h6	revblock1.ffn	2.754189968109131	0.002689638640731573	0.0009461791172781063	1.1327676475048065e-05	
row	row13	0	13	13		h6	revblock1.norm1	2.754189968109131	0.002689638640731573	0.00012562192550578374	3.075599670410156e-05	
row	row13	0	13	13		h6	revblock1.norm2	2.754189968109131	0.002689638640731573	1.0376017571000068e-05	1.996755599975586e-06	
row	row13	0	13	13		h5+h6	all	2.9106833934783936	0.005684928502887487	0.19033554582507461	0.0648060142993927	
row	row13	0	13	13		h5+h6	central.hidden_phase	2.9106833934783936	0.005684928502887487	1.5601685666465857e-05	3.1473778108193073e-06	
row	row13	0	13	13		h5+h6	central.key	2.9106833934783936	0.005684928502887487	0.0006090097747336415	3.1430630770046264e-05	
row	row13	0	13	13		h5+h6	central.memory_phase	2.9106833934783936	0.005684928502887487	2.7140430086974953e-05	1.6358992070308886e-05	
row	row13	0	13	13		h5+h6	central.output	2.9106833934783936	0.005684928502887487	0.18767520546762792	0.0648060142993927	
row	row13	0	13	13		h5+h6	central.query	2.9106833934783936	0.005684928502887487	0.0013229715262764884	8.96554920473136e-05	
row	row13	0	13	13		h5+h6	central.value	2.9106833934783936	0.005684928502887487	0.0023389042942079086	8.346476533915848e-05	
row	row13	0	13	13		h5+h6	revblock0.attn.proj	2.9106833934783936	0.005684928502887487	5.104881201950957e-05	3.877712060784688e-06	
row	row13	0	13	13		h5+h6	revblock0.attn.qkv	2.9106833934783936	0.005684928502887487	4.1073241866260464e-05	6.40048028799356e-07	
row	row13	0	13	13		h5+h6	revblock0.ffn	2.9106833934783936	0.005684928502887487	0.00220002919117923	8.597597479820251e-05	
row	row13	0	13	13		h5+h6	revblock0.norm1	2.9106833934783936	0.005684928502887487	1.309921920531853e-06	2.635238161019515e-07	
row	row13	0	13	13		h5+h6	revblock0.norm2	2.9106833934783936	0.005684928502887487	4.188224183161018e-05	2.053380012512207e-05	
row	row13	0	13	13		h5+h6	revblock1.attn.proj	2.9106833934783936	0.005684928502887487	0.02589092897550099	0.0016835927963256836	
row	row13	0	13	13		h5+h6	revblock1.attn.qkv	2.9106833934783936	0.005684928502887487	0.01789770181198953	0.0003746151924133301	
row	row13	0	13	13		h5+h6	revblock1.ffn	2.9106833934783936	0.005684928502887487	0.0015747354301253226	1.9155442714691162e-05	
row	row13	0	13	13		h5+h6	revblock1.norm1	2.9106833934783936	0.005684928502887487	0.0002245136629336438	9.551644325256348e-05	
row	row13	0	13	13		h5+h6	revblock1.norm2	2.9106833934783936	0.005684928502887487	1.8671825397184626e-05	6.170012056827545e-06	
row	row14	0	14	14		h5	all	3.4752860069274902	0.003393833991140127	0.125331949490809	0.03167487308382988	
row	row14	0	14	14		h5	central.hidden_phase	3.4752860069274902	0.003393833991140127	2.73837907863281e-05	5.9834069361386355e-06	
row	row14	0	14	14		h5	central.key	3.4752860069274902	0.003393833991140127	0.0005977464750742053	2.645376298460178e-05	
row	row14	0	14	14		h5	central.memory_phase	3.4752860069274902	0.003393833991140127	8.844027345490398e-05	5.869255983270705e-05	
row	row14	0	14	14		h5	central.output	3.4752860069274902	0.003393833991140127	0.12318879979752825	0.03167487308382988	
row	row14	0	14	14		h5	central.query	3.4752860069274902	0.003393833991140127	0.002788503257781726	0.00021992901747580618	
row	row14	0	14	14		h5	central.value	3.4752860069274902	0.003393833991140127	0.0015377701896944526	5.645458077196963e-05	
row	row14	0	14	14		h5	revblock0.attn.proj	3.4752860069274902	0.003393833991140127	4.56524037714953e-05	6.087103429308627e-06	
row	row14	0	14	14		h5	revblock0.attn.qkv	3.4752860069274902	0.003393833991140127	4.2016656009687516e-05	5.297503662404779e-07	
row	row14	0	14	14		h5	revblock0.ffn	3.4752860069274902	0.003393833991140127	0.0020853815038573897	7.856637239456177e-05	
row	row14	0	14	14		h5	revblock0.norm1	3.4752860069274902	0.003393833991140127	1.4287309401241248e-06	4.018601202915306e-07	
row	row14	0	14	14		h5	revblock0.norm2	3.4752860069274902	0.003393833991140127	6.2274493155718e-05	2.8673559427261353e-05	
row	row14	0	14	14		h5	revblock1.attn.proj	3.4752860069274902	0.003393833991140127	0.017757818543222913	0.0009752511978149414	
row	row14	0	14	14		h5	revblock1.attn.qkv	3.4752860069274902	0.003393833991140127	0.014155373197107296	0.0003588348627090454	
row	row14	0	14	14		h5	revblock1.ffn	3.4752860069274902	0.003393833991140127	0.0014154438334217265	2.256035804748535e-05	
row	row14	0	14	14		h5	revblock1.norm1	3.4752860069274902	0.003393833991140127	0.0001895178397595239	5.46574592590332e-05	
row	row14	0	14	14		h5	revblock1.norm2	3.4752860069274902	0.003393833991140127	1.2405703321354519e-05	3.4794211387634277e-06	
row	row14	0	14	14		h6	all	3.521833896636963	0.003439290914684534	0.1246772439803796	0.03700202703475952	
row	row14	0	14	14		h6	central.hidden_phase	3.521833896636963	0.003439290914684534	1.3547477997471722e-05	2.971830781461904e-06	
row	row14	0	14	14		h6	central.key	3.521833896636963	0.003439290914684534	0.0008084135232797116	3.641654257080518e-05	
row	row14	0	14	14		h6	central.memory_phase	3.521833896636963	0.003439290914684534	5.196491068070071e-05	1.886087738967035e-05	
row	row14	0	14	14		h6	central.output	3.521833896636963	0.003439290914684534	0.12258092137338727	0.03700202703475952	
row	row14	0	14	14		h6	central.query	3.521833896636963	0.003439290914684534	0.0010921084619743351	5.8137389714829624e-05	
row	row14	0	14	14		h6	central.value	3.521833896636963	0.003439290914684534	0.0019189850377124772	6.069582013878971e-05	
row	row14	0	14	14		h6	revblock0.attn.proj	3.521833896636963	0.003439290914684534	4.3158269977453454e-05	6.268434390221955e-06	
row	row14	0	14	14		h6	revblock0.attn.qkv	3.521833896636963	0.003439290914684534	3.117600169318632e-05	5.366013624552579e-07	
row	row14	0	14	14		h6	revblock0.ffn	3.521833896636963	0.003439290914684534	0.0024277403182227713	0.00010147690773010254	
row	row14	0	14	14		h6	revblock0.norm1	3.521833896636963	0.003439290914684534	1.1989341293569567e-06	1.791337638223922e-07	
row	row14	0	14	14		h6	revblock0.norm2	3.521833896636963	0.003439290914684534	9.532514021850902e-05	7.519125938415527e-05	
row	row14	0	14	14		h6	revblock1.attn.proj	3.521833896636963	0.003439290914684534	0.018853157048642356	0.001748800277709961	
row	row14	0	14	14		h6	revblock1.attn.qkv	3.521833896636963	0.003439290914684534	0.012202902930267049	0.00027889013290405273	
row	row14	0	14	14		h6	revblock1.ffn	3.521833896636963	0.003439290914684534	0.0015813054995808824	1.599639654159546e-05	
row	row14	0	14	14		h6	revblock1.norm1	3.521833896636963	0.003439290914684534	0.00020515560269479747	5.97834587097168e-05	
row	row14	0	14	14		h6	revblock1.norm2	3.521833896636963	0.003439290914684534	2.070105439361567e-05	7.0035457611083984e-06	
row	row14	0	14	14		h5+h6	all	3.4985599517822266	0.006833124905824661	0.1740891082267006	0.04909797012805939	
row	row14	0	14	14		h5+h6	central.hidden_phase	3.4985599517822266	0.006833124905824661	3.268142804351753e-05	6.100176960899262e-06	
row	row14	0	14	14		h5+h6	central.key	3.4985599517822266	0.006833124905824661	0.0010635211720456997	4.625395740731619e-05	
row	row14	0	14	14		h5+h6	central.memory_phase	3.4985599517822266	0.006833124905824661	0.00012497083576611692	6.650120485574007e-05	
row	row14	0	14	14		h5+h6	central.output	3.4985599517822266	0.006833124905824661	0.17129793611723423	0.04909797012805939	
row	row14	0	14	14		h5+h6	central.query	3.4985599517822266	0.006833124905824661	0.002600983012265095	0.00017951241170521826	
row	row14	0	14	14		h5+h6	central.value	3.4985599517822266	0.006833124905824661	0.002543043423160243	9.184499504044652e-05	
row	row14	0	14	14		h5+h6	revblock0.attn.proj	3.4985599517822266	0.006833124905824661	5.897997061767877e-05	5.935925400990527e-06	
row	row14	0	14	14		h5+h6	revblock0.attn.qkv	3.4985599517822266	0.006833124905824661	4.848924172204005e-05	6.230602025425469e-07	
row	row14	0	14	14		h5+h6	revblock0.ffn	3.4985599517822266	0.006833124905824661	0.0034001901271558306	0.00013619661331176758	
row	row14	0	14	14		h5+h6	revblock0.norm1	3.4985599517822266	0.006833124905824661	1.6694211086075288e-06	3.874648371038347e-07	
row	row14	0	14	14		h5+h6	revblock0.norm2	3.4985599517822266	0.006833124905824661	0.00013200612298415028	7.459521293640137e-05	
row	row14	0	14	14		h5+h6	revblock1.attn.proj	3.4985599517822266	0.006833124905824661	0.024894301667973726	0.0015675723552703857	
row	row14	0	14	14		h5+h6	revblock1.attn.qkv	3.4985599517822266	0.006833124905824661	0.01768678288535138	0.0003614649176597595	
row	row14	0	14	14		h5+h6	revblock1.ffn	3.4985599517822266	0.006833124905824661	0.002333270454343435	3.366917371749878e-05	
row	row14	0	14	14		h5+h6	revblock1.norm1	3.4985599517822266	0.006833124905824661	0.000277299026545076	8.774921298027039e-05	
row	row14	0	14	14		h5+h6	revblock1.norm2	3.4985599517822266	0.006833124905824661	2.4460418364320397e-05	8.881092071533203e-06	
row	row15	0	15	15		h5	all	3.580794334411621	0.0034968694671988487	0.17166156600325558	0.04014914482831955	
row	row15	0	15	15		h5	central.hidden_phase	3.580794334411621	0.0034968694671988487	2.592897747386552e-05	6.024630692991195e-06	
row	row15	0	15	15		h5	central.key	3.580794334411621	0.0034968694671988487	0.0005377141116623234	2.0765803128597327e-05	
row	row15	0	15	15		h5	central.memory_phase	3.580794334411621	0.0034968694671988487	9.895768591120958e-05	5.925426376052201e-05	
row	row15	0	15	15		h5	central.output	3.580794334411621	0.0034968694671988487	0.1684289051846189	0.04014914482831955	
row	row15	0	15	15		h5	central.query	3.580794334411621	0.0034968694671988487	0.0021677272096973944	0.0001568841253174469	
row	row15	0	15	15		h5	central.value	3.580794334411621	0.0034968694671988487	0.0019611284533725903	5.455628706840798e-05	
row	row15	0	15	15		h5	revblock0.attn.proj	3.580794334411621	0.0034968694671988487	4.1815809951375445e-05	3.855658633256098e-06	
row	row15	0	15	15		h5	revblock0.attn.qkv	3.580794334411621	0.0034968694671988487	3.427109636961476e-05	5.812564722873503e-07	
row	row15	0	15	15		h5	revblock0.ffn	3.580794334411621	0.0034968694671988487	0.002315769063110053	9.18954610824585e-05	
row	row15	0	15	15		h5	revblock0.norm1	3.580794334411621	0.0034968694671988487	1.1701165699619085e-06	2.5962899030673725e-07	
row	row15	0	15	15		h5	revblock0.norm2	3.580794334411621	0.0034968694671988487	6.564359816558679e-05	4.410743713378906e-05	
row	row15	0	15	15		h5	revblock1.attn.proj	3.580794334411621	0.0034968694671988487	0.027555992666420472	0.001737356185913086	
row	row15	0	15	15		h5	revblock1.attn.qkv	3.580794334411621	0.0034968694671988487	0.01801047414459104	0.00046324729919433594	
row	row15	0	15	15		h5	revblock1.ffn	3.580794334411621	0.0034968694671988487	0.001196934162150162	1.3668090105056763e-05	
row	row15	0	15	15		h5	revblock1.norm1	3.580794334411621	0.0034968694671988487	0.00019900763593203605	4.398822784423828e-05	
row	row15	0	15	15		h5	revblock1.norm2	3.580794334411621	0.0034968694671988487	1.6955405780386556e-05	6.413087248802185e-06	
row	row15	0	15	15		h6	all	3.026362419128418	0.0029554320499300957	0.1451806271242323	0.05590279400348663	
row	row15	0	15	15		h6	central.hidden_phase	3.026362419128418	0.0029554320499300957	1.969172947281684e-05	4.674588126363233e-06	
row	row15	0	15	15		h6	central.key	3.026362419128418	0.0029554320499300957	0.00044178769707708515	2.1931644369033165e-05	
row	row15	0	15	15		h6	central.memory_phase	3.026362419128418	0.0029554320499300957	7.534246075121096e-05	3.477158315945417e-05	
row	row15	0	15	15		h6	central.output	3.026362419128418	0.0029554320499300957	0.14348618825875673	0.05590279400348663	
row	row15	0	15	15		h6	central.query	3.026362419128418	0.0029554320499300957	0.0010807243579831788	7.092642044881359e-05	
row	row15	0	15	15		h6	central.value	3.026362419128418	0.0029554320499300957	0.0017166352932958143	5.150859578861855e-05	
row	row15	0	15	15		h6	revblock0.attn.proj	3.026362419128418	0.0029554320499300957	2.9414754432304402e-05	2.9461205031111604e-06	
row	row15	0	15	15		h6	revblock0.attn.qkv	3.026362419128418	0.0029554320499300957	2.198184556265325e-05	3.4843398566408723e-07	
row	row15	0	15	15		h6	revblock0.ffn	3.026362419128418	0.0029554320499300957	0.0016748263329908054	7.202476263046265e-05	
row	row15	0	15	15		h6	revblock0.norm1	3.026362419128418	0.0029554320499300957	7.881299404068707e-07	1.4207378740138665e-07	
row	row15	0	15	15		h6	revblock0.norm2	3.026362419128418	0.0029554320499300957	3.590372404611133e-05	2.065300941467285e-05	
row	row15	0	15	15		h6	revblock1.attn.proj	3.026362419128418	0.0029554320499300957	0.017374347650936695	0.0009354427456855774	
row	row15	0	15	15		h6	revblock1.attn.qkv	3.026362419128418	0.0029554320499300957	0.013376328840467711	0.0003794245421886444	
row	row15	0	15	15		h6	revblock1.ffn	3.026362419128418	0.0029554320499300957	0.0010883958520464126	1.3316981494426727e-05	
row	row15	0	15	15		h6	revblock1.norm1	3.026362419128418	0.0029554320499300957	0.00016011759153690885	4.412047564983368e-05	
row	row15	0	15	15		h6	revblock1.norm2	3.026362419128418	0.0029554320499300957	1.3212820642488432e-05	3.769993782043457e-06	
row	row15	0	15	15		h5+h6	all	3.3035783767700195	0.006452301517128944	0.21589483018174688	0.06376993656158447	
row	row15	0	15	15		h5+h6	central.hidden_phase	3.3035783767700195	0.006452301517128944	3.899518010094585e-05	9.662367119744886e-06	
row	row15	0	15	15		h5+h6	central.key	3.3035783767700195	0.006452301517128944	0.0006284051863544303	1.935017280629836e-05	
row	row15	0	15	15		h5+h6	central.memory_phase	3.3035783767700195	0.006452301517128944	0.00015687485046152124	8.716566662769765e-05	
row	row15	0	15	15		h5+h6	central.output	3.3035783767700195	0.006452301517128944	0.21241192850871013	0.06376993656158447	
row	row15	0	15	15		h5+h6	central.query	3.3035783767700195	0.006452301517128944	0.0029118822304596724	0.0001875437592389062	
row	row15	0	15	15		h5+h6	central.value	3.3035783767700195	0.006452301517128944	0.0025307351319085194	8.90648370841518e-05	
row	row15	0	15	15		h5+h6	revblock0.attn.proj	3.3035783767700195	0.006452301517128944	4.62627854145017e-05	3.2732314139138907e-06	
row	row15	0	15	15		h5+h6	revblock0.attn.qkv	3.3035783767700195	0.006452301517128944	3.919320402067973e-05	5.457891916194058e-07	
row	row15	0	15	15		h5+h6	revblock0.ffn	3.3035783767700195	0.006452301517128944	0.003304500999288258	0.00014203600585460663	
row	row15	0	15	15		h5+h6	revblock0.norm1	3.3035783767700195	0.006452301517128944	1.2815997339881337e-06	2.0169767367406166e-07	
row	row15	0	15	15		h5+h6	revblock0.norm2	3.3035783767700195	0.006452301517128944	5.5455814033734446e-05	4.0143728256225586e-05	
row	row15	0	15	15		h5+h6	revblock1.attn.proj	3.3035783767700195	0.006452301517128944	0.03143409431161357	0.0018350481986999512	
row	row15	0	15	15		h5+h6	revblock1.attn.qkv	3.3035783767700195	0.006452301517128944	0.021770494339733895	0.0004963874816894531	
row	row15	0	15	15		h5+h6	revblock1.ffn	3.3035783767700195	0.006452301517128944	0.0018409275705345987	2.1070241928100586e-05	
row	row15	0	15	15		h5+h6	revblock1.norm1	3.3035783767700195	0.006452301517128944	0.0002699004543348707	7.727742195129395e-05	
row	row15	0	15	15		h5+h6	revblock1.norm2	3.3035783767700195	0.006452301517128944	2.397505612205631e-05	8.137896656990051e-06	
anchor	row10.anchor0	0	10	10	0	h5	all	3.310421943664551	0.00020205212058499455	11.409955878056191	0.5235519409179688	
anchor	row10.anchor0	0	10	10	0	h5	central.hidden_phase	3.310421943664551	0.00020205212058499455	0.08332271030139528	0.01436026580631733	
anchor	row10.anchor0	0	10	10	0	h5	central.key	3.310421943664551	0.00020205212058499455	5.151503719310349	0.18109360337257385	
anchor	row10.anchor0	0	10	10	0	h5	central.memory_phase	3.310421943664551	0.00020205212058499455	0.14438478678192612	0.05364479124546051	
anchor	row10.anchor0	0	10	10	0	h5	central.output	3.310421943664551	0.00020205212058499455	2.091142539611224	0.05647570639848709	
anchor	row10.anchor0	0	10	10	0	h5	central.query	3.310421943664551	0.00020205212058499455	5.410427353879851	0.15695007145404816	
anchor	row10.anchor0	0	10	10	0	h5	central.value	3.310421943664551	0.00020205212058499455	3.3043426261572875	0.07019668817520142	
anchor	row10.anchor0	0	10	10	0	h5	revblock0.attn.proj	3.310421943664551	0.00020205212058499455	3.0350231562877718e-05	3.420225311856484e-06	
anchor	row10.anchor0	0	10	10	0	h5	revblock0.attn.qkv	3.310421943664551	0.00020205212058499455	2.4903267787391086e-05	4.0646048660164524e-07	
anchor	row10.anchor0	0	10	10	0	h5	revblock0.ffn	3.310421943664551	0.00020205212058499455	5.307106005733034	0.4873885214328766	
anchor	row10.anchor0	0	10	10	0	h5	revblock0.norm1	3.310421943664551	0.00020205212058499455	8.284882187932309e-07	1.468520594016809e-07	
anchor	row10.anchor0	0	10	10	0	h5	revblock0.norm2	3.310421943664551	0.00020205212058499455	0.5237666845736835	0.5235519409179688	
anchor	row10.anchor0	0	10	10	0	h5	revblock1.attn.proj	3.310421943664551	0.00020205212058499455	2.458492941982215	0.0393342450261116	
anchor	row10.anchor0	0	10	10	0	h5	revblock1.attn.qkv	3.310421943664551	0.00020205212058499455	4.494264974784444	0.07316875457763672	
anchor	row10.anchor0	0	10	10	0	h5	revblock1.ffn	3.310421943664551	0.00020205212058499455	2.0851997914842952	0.031119413673877716	
anchor	row10.anchor0	0	10	10	0	h5	revblock1.norm1	3.310421943664551	0.00020205212058499455	0.1579637423569628	0.03787118196487427	
anchor	row10.anchor0	0	10	10	0	h5	revblock1.norm2	3.310421943664551	0.00020205212058499455	0.041350255579505245	0.009038388729095459	
anchor	row10.anchor0	0	10	10	0	h6	all	3.871899127960205	0.00023632196825928986	7.373788405842126	0.3387947082519531	
anchor	row10.anchor0	0	10	10	0	h6	central.hidden_phase	3.871899127960205	0.00023632196825928986	0.053942907695494556	0.00929321814328432	
anchor	row10.anchor0	0	10	10	0	h6	central.key	3.871899127960205	0.00023632196825928986	3.330845253924418	0.11691579967737198	
anchor	row10.anchor0	0	10	10	0	h6	central.memory_phase	3.871899127960205	0.00023632196825928986	0.09318355960081742	0.034717243164777756	
anchor	row10.anchor0	0	10	10	0	h6	central.output	3.871899127960205	0.00023632196825928986	1.335363565937508	0.03796990588307381	
anchor	row10.anchor0	0	10	10	0	h6	central.query	3.871899127960205	0.00023632196825928986	3.4882197358622893	0.10177367180585861	
anchor	row10.anchor0	0	10	10	0	h6	central.value	3.871899127960205	0.00023632196825928986	2.1385100002951365	0.045539453625679016	
anchor	row10.anchor0	0	10	10	0	h6	revblock0.attn.proj	3.871899127960205	0.00023632196825928986	4.1684081485834386e-05	6.9310249273257796e-06	
anchor	row10.anchor0	0	10	10	0	h6	revblock0.attn.qkv	3.871899127960205	0.00023632196825928986	4.228544444752124e-05	1.450333115826652e-06	
anchor	row10.anchor0	0	10	10	0	h6	revblock0.ffn	3.871899127960205	0.00023632196825928986	3.434866352978477	0.3152797818183899	
anchor	row10.anchor0	0	10	10	0	h6	revblock0.norm1	3.871899127960205	0.00023632196825928986	1.4602416295934278e-06	3.0478128110189573e-07	
anchor	row10.anchor0	0	10	10	0	h6	revblock0.norm2	3.871899127960205	0.00023632196825928986	0.3389338447026203	0.3387947082519531	
anchor	row10.anchor0	0	10	10	0	h6	revblock1.attn.proj	3.871899127960205	0.00023632196825928986	1.5915514423279098	0.025495141744613647	
anchor	row10.anchor0	0	10	10	0	h6	revblock1.attn.qkv	3.871899127960205	0.00023632196825928986	2.9094250470864957	0.04734337329864502	
anchor	row10.anchor0	0	10	10	0	h6	revblock1.ffn	3.871899127960205	0.00023632196825928986	1.3492157432960832	0.020151227712631226	
anchor	row10.anchor0	0	10	10	0	h6	revblock1.norm1	3.871899127960205	0.00023632196825928986	0.10228551671166938	0.02454984188079834	
anchor	row10.anchor0	0	10	10	0	h6	revblock1.norm2	3.871899127960205	0.00023632196825928986	0.026757628856154046	0.005842804908752441	
anchor	row10.anchor0	0	10	10	0	h5+h6	all	3.591160535812378	0.0004383740888442844	18.78316908437454	0.8623466491699219	
anchor	row10.anchor0	0	10	10	0	h5+h6	central.hidden_phase	3.591160535812378	0.0004383740888442844	0.13726493862416894	0.023653484880924225	
anchor	row10.anchor0	0	10	10	0	h5+h6	central.key	3.591160535812378	0.0004383740888442844	8.482302024323111	0.29800939559936523	
anchor	row10.anchor0	0	10	10	0	h5+h6	central.memory_phase	3.591160535812378	0.0004383740888442844	0.2375628005620254	0.08836203813552856	
anchor	row10.anchor0	0	10	10	0	h5+h6	central.output	3.591160535812378	0.0004383740888442844	3.4249668871538868	0.09156612306833267	
anchor	row10.anchor0	0	10	10	0	h5+h6	central.query	3.591160535812378	0.0004383740888442844	8.898169134177529	0.25872373580932617	
anchor	row10.anchor0	0	10	10	0	h5+h6	central.value	3.591160535812378	0.0004383740888442844	5.442802737450068	0.11573614180088043	
anchor	row10.anchor0	0	10	10	0	h5+h6	revblock0.attn.proj	3.591160535812378	0.0004383740888442844	5.105760625984675e-05	6.8113786255707964e-06	
anchor	row10.anchor0	0	10	10	0	h5+h6	revblock0.attn.qkv	3.591160535812378	0.0004383740888442844	4.934715661444685e-05	1.420662101736525e-06	
anchor	row10.anchor0	0	10	10	0	h5+h6	revblock0.ffn	3.591160535812378	0.0004383740888442844	8.741966618056239	0.8026683330535889	
anchor	row10.anchor0	0	10	10	0	h5+h6	revblock0.norm1	3.591160535812378	0.0004383740888442844	1.710944004296412e-06	3.2665099070072756e-07	
anchor	row10.anchor0	0	10	10	0	h5+h6	revblock0.norm2	3.591160535812378	0.0004383740888442844	0.8627005302508046	0.8623466491699219	
anchor	row10.anchor0	0	10	10	0	h5+h6	revblock1.attn.proj	3.591160535812378	0.0004383740888442844	4.050018385857187	0.06482938677072525	
anchor	row10.anchor0	0	10	10	0	h5+h6	revblock1.attn.qkv	3.591160535812378	0.0004383740888442844	7.4036762900211865	0.12051212787628174	
anchor	row10.anchor0	0	10	10	0	h5+h6	revblock1.ffn	3.591160535812378	0.0004383740888442844	3.4344037880333116	0.05127064138650894	
anchor	row10.anchor0	0	10	10	0	h5+h6	revblock1.norm1	3.591160535812378	0.0004383740888442844	0.2602490823667254	0.06242102384567261	
anchor	row10.anchor0	0	10	10	0	h5+h6	revblock1.norm2	3.591160535812378	0.0004383740888442844	0.06810768659878859	0.0148811936378479	
anchor	row10.anchor1	0	10	10	1	h5	all	3.0713582038879395	0.00018746082787401974	0.03958488984099928	0.023282639682292938	
anchor	row10.anchor1	0	10	10	1	h5	central.hidden_phase	3.0713582038879395	0.00018746082787401974	4.4928553176928715e-06	1.0221158390777418e-06	
anchor	row10.anchor1	0	10	10	1	h5	central.key	3.0713582038879395	0.00018746082787401974	0.0001011917921703953	3.860843207803555e-06	
anchor	row10.anchor1	0	10	10	1	h5	central.memory_phase	3.0713582038879395	0.00018746082787401974	1.762556453230478e-05	9.500851774646435e-06	
anchor	row10.anchor1	0	10	10	1	h5	central.output	3.0713582038879395	0.00018746082787401974	0.03894658622983196	0.023282639682292938	
anchor	row10.anchor1	0	10	10	1	h5	central.query	3.0713582038879395	0.00018746082787401974	0.00023520602310441027	1.3851222320226952e-05	
anchor	row10.anchor1	0	10	10	1	h5	central.value	3.0713582038879395	0.00018746082787401974	0.00038690312921034286	1.0673902579583228e-05	
anchor	row10.anchor1	0	10	10	1	h5	revblock0.attn.proj	3.0713582038879395	0.00018746082787401974	9.143941502532914e-06	1.2653721341848723e-06	
anchor	row10.anchor1	0	10	10	1	h5	revblock0.attn.qkv	3.0713582038879395	0.00018746082787401974	6.254495045378755e-06	1.2624481371403817e-07	
anchor	row10.anchor1	0	10	10	1	h5	revblock0.ffn	3.0713582038879395	0.00018746082787401974	0.00022633153018511155	9.713694453239441e-06	
anchor	row10.anchor1	0	10	10	1	h5	revblock0.norm1	3.0713582038879395	0.00018746082787401974	2.5327284347760115e-07	5.293588856147835e-08	
anchor	row10.anchor1	0	10	10	1	h5	revblock0.norm2	3.0713582038879395	0.00018746082787401974	7.721721217811336e-06	3.807246685028076e-06	
anchor	row10.anchor1	0	10	10	1	h5	revblock1.attn.proj	3.0713582038879395	0.00018746082787401974	0.0043073207001720695	0.000620037317276001	
anchor	row10.anchor1	0	10	10	1	h5	revblock1.attn.qkv	3.0713582038879395	0.00018746082787401974	0.005584035373243379	0.0001678168773651123	
anchor	row10.anchor1	0	10	10	1	h5	revblock1.ffn	3.0713582038879395	0.00018746082787401974	0.0003519799342724282	1.5759840607643127e-05	
anchor	row10.anchor1	0	10	10	1	h5	revblock1.norm1	3.0713582038879395	0.00018746082787401974	3.960509859065402e-05	2.0227394998073578e-05	
anchor	row10.anchor1	0	10	10	1	h5	revblock1.norm2	3.0713582038879395	0.00018746082787401974	2.958674184640273e-06	5.774199962615967e-07	
anchor	row10.anchor1	0	10	10	1	h6	all	2.5429835319519043	0.00015521139721386135	0.03809603366866934	0.022339025512337685	
anchor	row10.anchor1	0	10	10	1	h6	central.hidden_phase	2.5429835319519043	0.00015521139721386135	4.432361097365682e-06	1.0813489552674582e-06	
anchor	row10.anchor1	0	10	10	1	h6	central.key	2.5429835319519043	0.00015521139721386135	8.306375604283374e-05	3.175968686264241e-06	
anchor	row10.anchor1	0	10	10	1	h6	central.memory_phase	2.5429835319519043	0.00015521139721386135	1.4466266857952665e-05	9.674571629147977e-06	
anchor	row10.anchor1	0	10	10	1	h6	central.output	2.5429835319519043	0.00015521139721386135	0.037388710196516815	0.022339025512337685	
anchor	row10.anchor1	0	10	10	1	h6	central.query	2.5429835319519043	0.00015521139721386135	0.0004156122593596502	3.259951699874364e-05	
anchor	row10.anchor1	0	10	10	1	h6	central.value	2.5429835319519043	0.00015521139721386135	0.00038547882755955265	1.3384028534346726e-05	
anchor	row10.anchor1	0	10	10	1	h6	revblock0.attn.proj	2.5429835319519043	0.00015521139721386135	8.818116637841869e-06	1.2221813676660531e-06	
anchor	row10.anchor1	0	10	10	1	h6	revblock0.attn.qkv	2.5429835319519043	0.00015521139721386135	6.082509302659785e-06	1.1801968469171698e-07	
anchor	row10.anchor1	0	10	10	1	h6	revblock0.ffn	2.5429835319519043	0.00015521139721386135	0.00020277364708965479	1.074373722076416e-05	
anchor	row10.anchor1	0	10	10	1	h6	revblock0.norm1	2.5429835319519043	0.00015521139721386135	2.2696547122152078e-07	6.33142889228111e-08	
anchor	row10.anchor1	0	10	10	1	h6	revblock0.norm2	2.5429835319519043	0.00015521139721386135	3.6944447851039655e-06	1.944834366440773e-06	
anchor	row10.anchor1	0	10	10	1	h6	revblock1.attn.proj	2.5429835319519043	0.00015521139721386135	0.004157076956168116	0.0005900636315345764	
anchor	row10.anchor1	0	10	10	1	h6	revblock1.attn.qkv	2.5429835319519043	0.00015521139721386135	0.005970033517573445	0.00022532790899276733	
anchor	row10.anchor1	0	10	10	1	h6	revblock1.ffn	2.5429835319519043	0.00015521139721386135	0.0003119158726694078	8.441289537586272e-06	
anchor	row10.anchor1	0	10	10	1	h6	revblock1.norm1	2.5429835319519043	0.00015521139721386135	5.039817464252654e-05	2.9394810553640127e-05	
anchor	row10.anchor1	0	10	10	1	h6	revblock1.norm2	2.5429835319519043	0.00015521139721386135	3.0042962130599605e-06	1.267995685338974e-06	
anchor	row10.anchor1	0	10	10	1	h5+h6	all	2.807170867919922	0.0003426722250878811	0.053177635338328165	0.022113308310508728	
anchor	row10.anchor1	0	10	10	1	h5+h6	central.hidden_phase	2.807170867919922	0.0003426722250878811	8.152909099514112e-06	2.1034647943452e-06	
anchor	row10.anchor1	0	10	10	1	h5+h6	central.key	2.807170867919922	0.0003426722250878811	0.00012022833823315194	4.351198185759131e-06	
anchor	row10.anchor1	0	10	10	1	h5+h6	central.memory_phase	2.807170867919922	0.0003426722250878811	3.1335581333277005e-05	1.917542249429971e-05	
anchor	row10.anchor1	0	10	10	1	h5+h6	central.output	2.807170867919922	0.0003426722250878811	0.05229524947134179	0.022113308310508728	
anchor	row10.anchor1	0	10	10	1	h5+h6	central.query	2.807170867919922	0.0003426722250878811	0.0006191668989355584	4.645073931897059e-05	
anchor	row10.anchor1	0	10	10	1	h5+h6	central.value	2.807170867919922	0.0003426722250878811	0.0005863643093857976	2.0086024960619397e-05	
anchor	row10.anchor1	0	10	10	1	h5+h6	revblock0.attn.proj	2.807170867919922	0.0003426722250878811	1.2306289992868523e-05	1.2018230108878925e-06	
anchor	row10.anchor1	0	10	10	1	h5+h6	revblock0.attn.qkv	2.807170867919922	0.0003426722250878811	8.035785354906e-06	1.754850416091358e-07	
anchor	row10.anchor1	0	10	10	1	h5+h6	revblock0.ffn	2.807170867919922	0.0003426722250878811	0.0002822041385899743	1.2274831533432007e-05	
anchor	row10.anchor1	0	10	10	1	h5+h6	revblock0.norm1	2.807170867919922	0.0003426722250878811	3.0096413906358596e-07	6.478599345882685e-08	
anchor	row10.anchor1	0	10	10	1	h5+h6	revblock0.norm2	2.807170867919922	0.0003426722250878811	9.850508310143098e-06	4.520639777183533e-06	
anchor	row10.anchor1	0	10	10	1	h5+h6	revblock1.attn.proj	2.807170867919922	0.0003426722250878811	0.005799628102092366	0.0005893483757972717	
anchor	row10.anchor1	0	10	10	1	h5+h6	revblock1.attn.qkv	2.807170867919922	0.0003426722250878811	0.007643186262836933	0.00023175030946731567	
anchor	row10.anchor1	0	10	10	1	h5+h6	revblock1.ffn	2.807170867919922	0.0003426722250878811	0.00043432705779523597	1.0677031241357327e-05	
anchor	row10.anchor1	0	10	10	1	h5+h6	revblock1.norm1	2.807170867919922	0.0003426722250878811	5.003988313647645e-05	1.693516969680786e-05	
anchor	row10.anchor1	0	10	10	1	h5+h6	revblock1.norm2	2.807170867919922	0.0003426722250878811	3.2001235685845235e-06	1.2419186532497406e-06	
anchor	row10.anchor2	0	10	10	2	h5	all	1.6749523878097534	0.0001022309807012789	0.03378259374693807	0.01997917704284191	
anchor	row10.anchor2	0	10	10	2	h5	central.hidden_phase	1.6749523878097534	0.0001022309807012789	3.9806034242827855e-06	8.396861517212528e-07	
anchor	row10.anchor2	0	10	10	2	h5	central.key	1.6749523878097534	0.0001022309807012789	0.00012700945630924514	5.220430466579273e-06	
anchor	row10.anchor2	0	10	10	2	h5	central.memory_phase	1.6749523878097534	0.0001022309807012789	1.4549397757446042e-05	7.874369657656644e-06	
anchor	row10.anchor2	0	10	10	2	h5	central.output	1.6749523878097534	0.0001022309807012789	0.03323434140650258	0.01997917704284191	
anchor	row10.anchor2	0	10	10	2	h5	central.query	1.6749523878097534	0.0001022309807012789	0.00033113355979278835	2.211478386016097e-05	
anchor	row10.anchor2	0	10	10	2	h5	central.value	1.6749523878097534	0.0001022309807012789	0.0003232476994040673	1.1170454854436684e-05	
anchor	row10.anchor2	0	10	10	2	h5	revblock0.attn.proj	1.6749523878097534	0.0001022309807012789	4.64307934372018e-06	5.027395104661991e-07	
anchor	row10.anchor2	0	10	10	2	h5	revblock0.attn.qkv	1.6749523878097534	0.0001022309807012789	2.9981129610202975e-06	5.3428486523898755e-08	
anchor	row10.anchor2	0	10	10	2	h5	revblock0.ffn	1.6749523878097534	0.0001022309807012789	0.00032937917861095586	1.2291595339775085e-05	
anchor	row10.anchor2	0	10	10	2	h5	revblock0.norm1	1.6749523878097534	0.0001022309807012789	1.2190389443710218e-07	2.6472561032164776e-08	
anchor	row10.anchor2	0	10	10	2	h5	revblock0.norm2	1.6749523878097534	0.0001022309807012789	2.753476245362012e-05	1.3805925846099854e-05	
anchor	row10.anchor2	0	10	10	2	h5	revblock1.attn.proj	1.6749523878097534	0.0001022309807012789	0.005156967389642382	0.0006800591945648193	
anchor	row10.anchor2	0	10	10	2	h5	revblock1.attn.qkv	1.6749523878097534	0.0001022309807012789	0.003127784979306621	9.933486580848694e-05	
anchor	row10.anchor2	0	10	10	2	h5	revblock1.ffn	1.6749523878097534	0.0001022309807012789	0.00015654998418731627	1.7173588275909424e-06	
anchor	row10.anchor2	0	10	10	2	h5	revblock1.norm1	1.6749523878097534	0.0001022309807012789	2.3483569360485562e-05	9.503215551376343e-06	
anchor	row10.anchor2	0	10	10	2	h5	revblock1.norm2	1.6749523878097534	0.0001022309807012789	1.956159987630807e-06	5.461042746901512e-07	
anchor	row10.anchor2	0	10	10	2	h6	all	2.9143929481506348	0.00017788042896427214	0.03933977900861778	0.02301986701786518	
anchor	row10.anchor2	0	10	10	2	h6	central.hidden_phase	2.9143929481506348	0.00017788042896427214	3.196498115660566e-06	5.448185333989386e-07	
anchor	row10.anchor2	0	10	10	2	h6	central.key	2.9143929481506348	0.00017788042896427214	0.00010280407762778083	4.821254606213188e-06	
anchor	row10.anchor2	0	10	10	2	h6	central.memory_phase	2.9143929481506348	0.00017788042896427214	1.1042961923647552e-05	4.743372755910968e-06	
anchor	row10.anchor2	0	10	10	2	h6	central.output	2.9143929481506348	0.00017788042896427214	0.03865817145103121	0.02301986701786518	
anchor	row10.anchor2	0	10	10	2	h6	central.query	2.9143929481506348	0.00017788042896427214	0.00017830344685252313	1.1032014299416915e-05	
anchor	row10.anchor2	0	10	10	2	h6	central.value	2.9143929481506348	0.00017788042896427214	0.0003547605567164483	1.0629698408592958e-05	
anchor	row10.anchor2	0	10	10	2	h6	revblock0.attn.proj	2.9143929481506348	0.00017788042896427214	5.446588450712783e-06	5.851397304468264e-07	
anchor	row10.anchor2	0	10	10	2	h6	revblock0.attn.qkv	2.9143929481506348	0.00017788042896427214	4.2189278578644785e-06	6.53645884085563e-08	
anchor	row10.anchor2	0	10	10	2	h6	revblock0.ffn	2.9143929481506348	0.00017788042896427214	0.00036923164065853146	1.4699995517730713e-05	
anchor	row10.anchor2	0	10	10	2	h6	revblock0.norm1	2.9143929481506348	0.00017788042896427214	1.4483591332555255e-07	3.7480006653822784e-08	
anchor	row10.anchor2	0	10	10	2	h6	revblock0.norm2	2.9143929481506348	0.00017788042896427214	8.557057903940304e-06	4.06801700592041e-06	
anchor	row10.anchor2	0	10	10	2	h6	revblock1.attn.proj	2.9143929481506348	0.00017788042896427214	0.005993959233046947	0.0007551610469818115	
anchor	row10.anchor2	0	10	10	2	h6	revblock1.attn.qkv	2.9143929481506348	0.00017788042896427214	0.004107892090795562	0.0001109689474105835	
anchor	row10.anchor2	0	10	10	2	h6	revblock1.ffn	2.9143929481506348	0.00017788042896427214	0.00023635477190192268	2.528540790081024e-06	
anchor	row10.anchor2	0	10	10	2	h6	revblock1.norm1	2.9143929481506348	0.00017788042896427214	3.154645684155253e-05	8.374452590942383e-06	
anchor	row10.anchor2	0	10	10	2	h6	revblock1.norm2	2.9143929481506348	0.00017788042896427214	2.8822325718858023e-06	5.792826414108276e-07	
anchor	row10.anchor2	0	10	10	2	h5+h6	all	2.294672667980194	0.00028011140966555104	0.046486782788634745	0.021681228652596474	
anchor	row10.anchor2	0	10	10	2	h5+h6	central.hidden_phase	2.294672667980194	0.00028011140966555104	4.755046328182471e-06	1.0054108088297653e-06	
anchor	row10.anchor2	0	10	10	2	h5+h6	central.key	2.294672667980194	0.00028011140966555104	0.00011861846588248115	5.293849426379893e-06	
anchor	row10.anchor2	0	10	10	2	h5+h6	central.memory_phase	2.294672667980194	0.00028011140966555104	1.915476096429189e-05	1.0479020602360833e-05	
anchor	row10.anchor2	0	10	10	2	h5+h6	central.output	2.294672667980194	0.00028011140966555104	0.04571920004194236	0.021681228652596474	
anchor	row10.anchor2	0	10	10	2	h5+h6	central.query	2.294672667980194	0.00028011140966555104	0.0003837441463677251	2.153743480448611e-05	
anchor	row10.anchor2	0	10	10	2	h5+h6	central.value	2.294672667980194	0.00028011140966555104	0.00039050139393792153	1.2620728739420883e-05	
anchor	row10.anchor2	0	10	10	2	h5+h6	revblock0.attn.proj	2.294672667980194	0.00028011140966555104	6.421595510740451e-06	5.51753089439444e-07	
anchor	row10.anchor2	0	10	10	2	h5+h6	revblock0.attn.qkv	2.294672667980194	0.00028011140966555104	4.905604436757534e-06	7.375033561629607e-08	
anchor	row10.anchor2	0	10	10	2	h5+h6	revblock0.ffn	2.294672667980194	0.00028011140966555104	0.00045231673169083777	1.771003007888794e-05	
anchor	row10.anchor2	0	10	10	2	h5+h6	revblock0.norm1	2.294672667980194	0.00028011140966555104	1.7749261574666539e-07	3.931547354341092e-08	
anchor	row10.anchor2	0	10	10	2	h5+h6	revblock0.norm2	2.294672667980194	0.00028011140966555104	2.057416889424567e-05	1.0086398106068373e-05	
anchor	row10.anchor2	0	10	10	2	h5+h6	revblock1.attn.proj	2.294672667980194	0.00028011140966555104	0.007094965689187319	0.0007099509239196777	
anchor	row10.anchor2	0	10	10	2	h5+h6	revblock1.attn.qkv	2.294672667980194	0.00028011140966555104	0.004456093223009825	0.00012268871068954468	
anchor	row10.anchor2	0	10	10	2	h5+h6	revblock1.ffn	2.294672667980194	0.00028011140966555104	0.00024408426925922634	3.5045668482780457e-06	
anchor	row10.anchor2	0	10	10	2	h5+h6	revblock1.norm1	2.294672667980194	0.00028011140966555104	3.922771085606254e-05	9.882962331175804e-06	
anchor	row10.anchor2	0	10	10	2	h5+h6	revblock1.norm2	2.294672667980194	0.00028011140966555104	3.294845398217742e-06	9.89413820207119e-07	
anchor	row10.anchor3	0	10	10	3	h5	all	2.859483242034912	0.00017452900647185743	0.039367264445354426	0.023141510784626007	
anchor	row10.anchor3	0	10	10	3	h5	central.hidden_phase	2.859483242034912	0.00017452900647185743	1.2286136632420717e-06	2.338175875138404e-07	
anchor	row10.anchor3	0	10	10	3	h5	central.key	2.859483242034912	0.00017452900647185743	6.528416909738255e-05	2.169675781260594e-06	
anchor	row10.anchor3	0	10	10	3	h5	central.memory_phase	2.859483242034912	0.00017452900647185743	4.506761838129339e-06	1.8985455199072021e-06	
anchor	row10.anchor3	0	10	10	3	h5	central.output	2.859483242034912	0.00017452900647185743	0.03876317197883191	0.023141510784626007	
anchor	row10.anchor3	0	10	10	3	h5	central.query	2.859483242034912	0.00017452900647185743	8.378014589690635e-05	4.133177753828932e-06	
anchor	row10.anchor3	0	10	10	3	h5	central.value	2.859483242034912	0.00017452900647185743	0.000322315311779793	1.1608095519477502e-05	
anchor	row10.anchor3	0	10	10	3	h5	revblock0.attn.proj	2.859483242034912	0.00017452900647185743	4.8786061675346745e-06	5.393528681452153e-07	
anchor	row10.anchor3	0	10	10	3	h5	revblock0.attn.qkv	2.859483242034912	0.00017452900647185743	3.918701285885861e-06	6.578895295206166e-08	
anchor	row10.anchor3	0	10	10	3	h5	revblock0.ffn	2.859483242034912	0.00017452900647185743	0.000381244511756735	1.3822223991155624e-05	
anchor	row10.anchor3	0	10	10	3	h5	revblock0.norm1	2.859483242034912	0.00017452900647185743	1.4245409650318722e-07	3.884394672581948e-08	
anchor	row10.anchor3	0	10	10	3	h5	revblock0.norm2	2.859483242034912	0.00017452900647185743	7.87511610533545e-06	5.41098415851593e-06	
anchor	row10.anchor3	0	10	10	3	h5	revblock1.attn.proj	2.859483242034912	0.00017452900647185743	0.005953226195800199	0.0008249282836914062	
anchor	row10.anchor3	0	10	10	3	h5	revblock1.attn.qkv	2.859483242034912	0.00017452900647185743	0.0033857056753665055	8.021295070648193e-05	
anchor	row10.anchor3	0	10	10	3	h5	revblock1.ffn	2.859483242034912	0.00017452900647185743	0.0001793169639401569	2.0656734704971313e-06	
anchor	row10.anchor3	0	10	10	3	h5	revblock1.norm1	2.859483242034912	0.00017452900647185743	3.613066243902958e-05	1.2993812561035156e-05	
anchor	row10.anchor3	0	10	10	3	h5	revblock1.norm2	2.859483242034912	0.00017452900647185743	2.0746998181908723e-06	4.3958425521850586e-07	
anchor	row10.anchor3	0	10	10	3	h6	all	2.853259801864624	0.00017414915782865137	0.03905828374028062	0.02289985865354538	
anchor	row10.anchor3	0	10	10	3	h6	central.hidden_phase	2.853259801864624	0.00017414915782865137	2.602773765881872e-06	5.33553588866198e-07	
anchor	row10.anchor3	0	10	10	3	h6	central.key	2.853259801864624	0.00017414915782865137	9.326770945949542e-05	3.6783749237656593e-06	
anchor	row10.anchor3	0	10	10	3	h6	central.memory_phase	2.853259801864624	0.00017414915782865137	9.325966092846026e-06	4.414741397340549e-06	
anchor	row10.anchor3	0	10	10	3	h6	central.output	2.853259801864624	0.00017414915782865137	0.038435453999153824	0.02289985865354538	
anchor	row10.anchor3	0	10	10	3	h6	central.query	2.853259801864624	0.00017414915782865137	0.00015998403526454303	9.752136065799277e-06	
anchor	row10.anchor3	0	10	10	3	h6	central.value	2.853259801864624	0.00017414915782865137	0.00033248304327211447	8.082509339146782e-06	
anchor	row10.anchor3	0	10	10	3	h6	revblock0.attn.proj	2.853259801864624	0.00017414915782865137	4.876361956175991e-06	5.392180355556775e-07	
anchor	row10.anchor3	0	10	10	3	h6	revblock0.attn.qkv	2.853259801864624	0.00017414915782865137	4.070457797223928e-06	5.798915125865278e-08	
anchor	row10.anchor3	0	10	10	3	h6	revblock0.ffn	2.853259801864624	0.00017414915782865137	0.00040032678587219333	1.822039484977722e-05	
anchor	row10.anchor3	0	10	10	3	h6	revblock0.norm1	2.853259801864624	0.00017414915782865137	1.5424985113435262e-07	4.1465860078915284e-08	
anchor	row10.anchor3	0	10	10	3	h6	revblock0.norm2	2.853259801864624	0.00017414915782865137	9.674513995613293e-06	5.945563316345215e-06	
anchor	row10.anchor3	0	10	10	3	h6	revblock1.attn.proj	2.853259801864624	0.00017414915782865137	0.005984397446748092	0.0008159279823303223	
anchor	row10.anchor3	0	10	10	3	h6	revblock1.attn.qkv	2.853259801864624	0.00017414915782865137	0.003480179853546266	8.106976747512817e-05	
anchor	row10.anchor3	0	10	10	3	h6	revblock1.ffn	2.853259801864624	0.00017414915782865137	0.0001856611175337881	1.8284190446138382e-06	
anchor	row10.anchor3	0	10	10	3	h6	revblock1.norm1	2.853259801864624	0.00017414915782865137	3.059841064513242e-05	1.1444091796875e-05	
anchor	row10.anchor3	0	10	10	3	h6	revblock1.norm2	2.853259801864624	0.00017414915782865137	2.3887000688688757e-06	5.979090929031372e-07	
anchor	row10.anchor3	0	10	10	3	h5+h6	all	2.856371521949768	0.0003486781643005088	0.05420084896634231	0.02171516977250576	
anchor	row10.anchor3	0	10	10	3	h5+h6	central.hidden_phase	2.856371521949768	0.0003486781643005088	3.0478701966181405e-06	6.616579639739939e-07	
anchor	row10.anchor3	0	10	10	3	h5+h6	central.key	2.856371521949768	0.0003486781643005088	8.081531815380397e-05	4.135509698244277e-06	
anchor	row10.anchor3	0	10	10	3	h5+h6	central.memory_phase	2.856371521949768	0.0003486781643005088	1.1610596800467813e-05	6.313287030934589e-06	
anchor	row10.anchor3	0	10	10	3	h5+h6	central.output	2.856371521949768	0.0003486781643005088	0.05336898845570641	0.02171516977250576	
anchor	row10.anchor3	0	10	10	3	h5+h6	central.query	2.856371521949768	0.0003486781643005088	0.0002086683872347736	1.3885313819628209e-05	
anchor	row10.anchor3	0	10	10	3	h5+h6	central.value	2.856371521949768	0.0003486781643005088	0.00047545312651387195	1.6020710972952656e-05	
anchor	row10.anchor3	0	10	10	3	h5+h6	revblock0.attn.proj	2.856371521949768	0.0003486781643005088	6.741004408380894e-06	5.066619337412703e-07	
anchor	row10.anchor3	0	10	10	3	h5+h6	revblock0.attn.qkv	2.856371521949768	0.0003486781643005088	5.342226052239503e-06	9.063109018825344e-08	
anchor	row10.anchor3	0	10	10	3	h5+h6	revblock0.ffn	2.856371521949768	0.0003486781643005088	0.0005081874108006129	2.0959414541721344e-05	
anchor	row10.anchor3	0	10	10	3	h5+h6	revblock0.norm1	2.856371521949768	0.0003486781643005088	1.9314107097822184e-07	3.8064698060225055e-08	
anchor	row10.anchor3	0	10	10	3	h5+h6	revblock0.norm2	2.856371521949768	0.0003486781643005088	6.907387674524049e-06	5.2852556109428406e-06	
anchor	row10.anchor3	0	10	10	3	h5+h6	revblock1.attn.proj	2.856371521949768	0.0003486781643005088	0.008249557799238536	0.0007742196321487427	
anchor	row10.anchor3	0	10	10	3	h5+h6	revblock1.attn.qkv	2.856371521949768	0.0003486781643005088	0.004565167531095702	0.00011578202247619629	
anchor	row10.anchor3	0	10	10	3	h5+h6	revblock1.ffn	2.856371521949768	0.0003486781643005088	0.00022515245994807995	2.5532208383083344e-06	
anchor	row10.anchor3	0	10	10	3	h5+h6	revblock1.norm1	2.856371521949768	0.0003486781643005088	4.231195151005851e-05	1.7531216144561768e-05	
anchor	row10.anchor3	0	10	10	3	h5+h6	revblock1.norm2	2.856371521949768	0.0003486781643005088	2.8158001684683783e-06	8.307397365570068e-07	
anchor	row10.anchor4	0	10	10	4	h5	all	4.979978561401367	0.00030395376961678267	0.0405579518780554	0.02387569285929203	
anchor	row10.anchor4	0	10	10	4	h5	central.hidden_phase	4.979978561401367	0.00030395376961678267	3.666262242769078e-06	7.017047209956218e-07	
anchor	row10.anchor4	0	10	10	4	h5	central.key	4.979978561401367	0.00030395376961678267	0.00011222159766347575	4.123719918425195e-06	
anchor	row10.anchor4	0	10	10	4	h5	central.memory_phase	4.979978561401367	0.00030395376961678267	1.3364126271610448e-05	7.515878678532317e-06	
anchor	row10.anchor4	0	10	10	4	h5	central.output	4.979978561401367	0.00030395376961678267	0.04009580806973203	0.02387569285929203	
anchor	row10.anchor4	0	10	10	4	h5	central.query	4.979978561401367	0.00030395376961678267	0.00031594804699184507	2.267005038447678e-05	
anchor	row10.anchor4	0	10	10	4	h5	central.value	4.979978561401367	0.00030395376961678267	0.0006278158337667135	2.3786929887137376e-05	
anchor	row10.anchor4	0	10	10	4	h5	revblock0.attn.proj	4.979978561401367	0.00030395376961678267	4.885233367842807e-06	6.248638442230003e-07	
anchor	row10.anchor4	0	10	10	4	h5	revblock0.attn.qkv	4.979978561401367	0.00030395376961678267	4.229682858742085e-06	5.649959788911474e-08	
anchor	row10.anchor4	0	10	10	4	h5	revblock0.ffn	4.979978561401367	0.00030395376961678267	0.000407340560296942	1.2042000889778137e-05	
anchor	row10.anchor4	0	10	10	4	h5	revblock0.norm1	4.979978561401367	0.00030395376961678267	1.1797674476304851e-07	2.5354157884294182e-08	
anchor	row10.anchor4	0	10	10	4	h5	revblock0.norm2	4.979978561401367	0.00030395376961678267	8.691423213386065e-06	4.5299530029296875e-06	
anchor	row10.anchor4	0	10	10	4	h5	revblock1.attn.proj	4.979978561401367	0.00030395376961678267	0.004538339781759774	0.0006323903799057007	
anchor	row10.anchor4	0	10	10	4	h5	revblock1.attn.qkv	4.979978561401367	0.00030395376961678267	0.003982210967514765	0.00011843442916870117	
anchor	row10.anchor4	0	10	10	4	h5	revblock1.ffn	4.979978561401367	0.00030395376961678267	0.00037844895656695545	7.557013304904103e-06	
anchor	row10.anchor4	0	10	10	4	h5	revblock1.norm1	4.979978561401367	0.00030395376961678267	5.5350206299705736e-05	2.238154411315918e-05	
anchor	row10.anchor4	0	10	10	4	h5	revblock1.norm2	4.979978561401367	0.00030395376961678267	3.3309019767113333e-06	1.0728836059570312e-06	
anchor	row10.anchor4	0	10	10	4	h6	all	2.998779296875	0.00018303096294403076	0.03890717197120987	0.02287421189248562	
anchor	row10.anchor4	0	10	10	4	h6	central.hidden_phase	2.998779296875	0.00018303096294403076	2.9444947026092526e-06	6.444319637921581e-07	
anchor	row10.anchor4	0	10	10	4	h6	central.key	2.998779296875	0.00018303096294403076	0.00010651528466901409	5.600900294666644e-06	
anchor	row10.anchor4	0	10	10	4	h6	central.memory_phase	2.998779296875	0.00018303096294403076	9.458305186472788e-06	3.977820597356185e-06	
anchor	row10.anchor4	0	10	10	4	h6	central.output	2.998779296875	0.00018303096294403076	0.038458666173377884	0.02287421189248562	
anchor	row10.anchor4	0	10	10	4	h6	central.query	2.998779296875	0.00018303096294403076	0.00017704652494695213	9.539257916912902e-06	
anchor	row10.anchor4	0	10	10	4	h6	central.value	2.998779296875	0.00018303096294403076	0.0003614388504378355	1.1124287084385287e-05	
anchor	row10.anchor4	0	10	10	4	h6	revblock0.attn.proj	2.998779296875	0.00018303096294403076	4.684470526555903e-06	5.990657427901169e-07	
anchor	row10.anchor4	0	10	10	4	h6	revblock0.attn.qkv	2.998779296875	0.00018303096294403076	3.5650683896143157e-06	5.1737959694264646e-08	
anchor	row10.anchor4	0	10	10	4	h6	revblock0.ffn	2.998779296875	0.00018303096294403076	0.00026635983017934983	8.303672075271606e-06	
anchor	row10.anchor4	0	10	10	4	h6	revblock0.norm1	2.998779296875	0.00018303096294403076	1.1730357264455868e-07	4.086243166057102e-08	
anchor	row10.anchor4	0	10	10	4	h6	revblock0.norm2	2.998779296875	0.00018303096294403076	7.004109981153634e-06	3.686174750328064e-06	
anchor	row10.anchor4	0	10	10	4	h6	revblock1.attn.proj	2.998779296875	0.00018303096294403076	0.00434784231315004	0.0006118714809417725	
anchor	row10.anchor4	0	10	10	4	h6	revblock1.attn.qkv	2.998779296875	0.00018303096294403076	0.003935033347851396	0.00013577938079833984	
anchor	row10.anchor4	0	10	10	4	h6	revblock1.ffn	2.998779296875	0.00018303096294403076	0.0002550452676778416	5.6694261729717255e-06	
anchor	row10.anchor4	0	10	10	4	h6	revblock1.norm1	2.998779296875	0.00018303096294403076	3.5988183076161126e-05	1.315772533416748e-05	
anchor	row10.anchor4	0	10	10	4	h6	revblock1.norm2	2.998779296875	0.00018303096294403076	2.2496420176794e-06	4.78699803352356e-07	
anchor	row10.anchor4	0	10	10	4	h5+h6	all	3.9893789291381836	0.0004869847325608134	0.056677371306010915	0.023722806945443153	
anchor	row10.anchor4	0	10	10	4	h5+h6	central.hidden_phase	3.9893789291381836	0.0004869847325608134	3.4105134410565807e-06	7.529674803663511e-07	
anchor	row10.anchor4	0	10	10	4	h5+h6	central.key	3.9893789291381836	0.0004869847325608134	0.0001281695295557506	4.104036634089425e-06	
anchor	row10.anchor4	0	10	10	4	h5+h6	central.memory_phase	3.9893789291381836	0.0004869847325608134	1.2729603675133874e-05	6.5389162955398206e-06	
anchor	row10.anchor4	0	10	10	4	h5+h6	central.output	3.9893789291381836	0.0004869847325608134	0.05602279521761216	0.023722806945443153	
anchor	row10.anchor4	0	10	10	4	h5+h6	central.query	3.9893789291381836	0.0004869847325608134	0.0002364523395160225	1.3130792467563879e-05	
anchor	row10.anchor4	0	10	10	4	h5+h6	central.value	3.9893789291381836	0.0004869847325608134	0.000773736285085617	3.4445027267793193e-05	
anchor	row10.anchor4	0	10	10	4	h5+h6	revblock0.attn.proj	3.9893789291381836	0.0004869847325608134	6.823825608052316e-06	6.207754381648556e-07	
anchor	row10.anchor4	0	10	10	4	h5+h6	revblock0.attn.qkv	3.9893789291381836	0.0004869847325608134	5.504524543903455e-06	6.922693529531898e-08	
anchor	row10.anchor4	0	10	10	4	h5+h6	revblock0.ffn	3.9893789291381836	0.0004869847325608134	0.0004842409047075555	1.7605721950531006e-05	
anchor	row10.anchor4	0	10	10	4	h5+h6	revblock0.norm1	3.9893789291381836	0.0004869847325608134	1.5754731140436063e-07	4.073944737115198e-08	
anchor	row10.anchor4	0	10	10	4	h5+h6	revblock0.norm2	3.9893789291381836	0.0004869847325608134	1.2863910179658112e-05	7.3928385972976685e-06	
anchor	row10.anchor4	0	10	10	4	h5+h6	revblock1.attn.proj	3.9893789291381836	0.0004869847325608134	0.00633646908812735	0.0006282031536102295	
anchor	row10.anchor4	0	10	10	4	h5+h6	revblock1.attn.qkv	3.9893789291381836	0.0004869847325608134	0.005702152320814272	0.0002167224884033203	
anchor	row10.anchor4	0	10	10	4	h5+h6	revblock1.ffn	3.9893789291381836	0.0004869847325608134	0.00044247673326389857	9.714160114526749e-06	
anchor	row10.anchor4	0	10	10	4	h5+h6	revblock1.norm1	3.9893789291381836	0.0004869847325608134	6.11806148516131e-05	2.8887763619422913e-05	
anchor	row10.anchor4	0	10	10	4	h5+h6	revblock1.norm2	3.9893789291381836	0.0004869847325608134	3.6836970183887673e-06	7.241033017635345e-07	
anchor	row10.anchor5	0	10	10	5	h5	all	3.623082160949707	0.00022113538580015302	0.04130027535217502	0.02449837327003479	
anchor	row10.anchor5	0	10	10	5	h5	central.hidden_phase	3.623082160949707	0.00022113538580015302	2.9043601718189578e-06	6.278620503508137e-07	
anchor	row10.anchor5	0	10	10	5	h5	central.key	3.623082160949707	0.00022113538580015302	0.00012401733629011682	5.5479449656559154e-06	
anchor	row10.anchor5	0	10	10	5	h5	central.memory_phase	3.623082160949707	0.00022113538580015302	1.0667904913065772e-05	5.67666666029254e-06	
anchor	row10.anchor5	0	10	10	5	h5	central.output	3.623082160949707	0.00022113538580015302	0.04086323083513988	0.02449837327003479	
anchor	row10.anchor5	0	10	10	5	h5	central.query	3.623082160949707	0.00022113538580015302	0.0002827560794867978	1.7688211300992407e-05	
anchor	row10.anchor5	0	10	10	5	h5	central.value	3.623082160949707	0.00022113538580015302	0.0005095355901387231	2.0974001017748378e-05	
anchor	row10.anchor5	0	10	10	5	h5	revblock0.attn.proj	3.623082160949707	0.00022113538580015302	4.853102366175886e-06	5.643246367981192e-07	
anchor	row10.anchor5	0	10	10	5	h5	revblock0.attn.qkv	3.623082160949707	0.00022113538580015302	3.6197530133179907e-06	4.8951413589293225e-08	
anchor	row10.anchor5	0	10	10	5	h5	revblock0.ffn	3.623082160949707	0.00022113538580015302	0.0003653293445114768	1.0494666639715433e-05	
anchor	row10.anchor5	0	10	10	5	h5	revblock0.norm1	3.623082160949707	0.00022113538580015302	9.900995652284612e-08	1.7807337826525327e-08	
anchor	row10.anchor5	0	10	10	5	h5	revblock0.norm2	3.623082160949707	0.00022113538580015302	1.2344916769400819e-05	5.725771188735962e-06	
anchor	row10.anchor5	0	10	10	5	h5	revblock1.attn.proj	3.623082160949707	0.00022113538580015302	0.00450022651280053	0.0006683245301246643	
anchor	row10.anchor5	0	10	10	5	h5	revblock1.attn.qkv	3.623082160949707	0.00022113538580015302	0.0038774508370654198	0.00014141201972961426	
anchor	row10.anchor5	0	10	10	5	h5	revblock1.ffn	3.623082160949707	0.00022113538580015302	0.00036156673849444785	8.096452802419662e-06	
anchor	row10.anchor5	0	10	10	5	h5	revblock1.norm1	3.623082160949707	0.00022113538580015302	5.454480852886751e-05	1.9960105419158936e-05	
anchor	row10.anchor5	0	10	10	5	h5	revblock1.norm2	3.623082160949707	0.00022113538580015302	2.434624528420168e-06	7.599592208862305e-07	
anchor	row10.anchor5	0	10	10	5	h6	all	4.259636878967285	0.0002599876024760306	0.0408888840271672	0.0241886954754591	
anchor	row10.anchor5	0	10	10	5	h6	central.hidden_phase	4.259636878967285	0.0002599876024760306	4.419538853221117e-06	1.156586336037435e-06	
anchor	row10.anchor5	0	10	10	5	h6	central.key	4.259636878967285	0.0002599876024760306	0.00015853846176730252	8.38450614537578e-06	
anchor	row10.anchor5	0	10	10	5	h6	central.memory_phase	4.259636878967285	0.0002599876024760306	1.5019875248150933e-05	9.042298188433051e-06	
anchor	row10.anchor5	0	10	10	5	h6	central.output	4.259636878967285	0.0002599876024760306	0.040442174731480526	0.0241886954754591	
anchor	row10.anchor5	0	10	10	5	h6	central.query	4.259636878967285	0.0002599876024760306	0.00048776053765503416	3.529412788338959e-05	
anchor	row10.anchor5	0	10	10	5	h6	central.value	4.259636878967285	0.0002599876024760306	0.0006229694070317243	1.8373017155681737e-05	
anchor	row10.anchor5	0	10	10	5	h6	revblock0.attn.proj	4.259636878967285	0.0002599876024760306	4.908903493002721e-06	5.715988891097368e-07	
anchor	row10.anchor5	0	10	10	5	h6	revblock0.attn.qkv	4.259636878967285	0.0002599876024760306	4.0065064185710144e-06	6.175921640760862e-08	
anchor	row10.anchor5	0	10	10	5	h6	revblock0.ffn	4.259636878967285	0.0002599876024760306	0.0004159532657621286	1.423410139977932e-05	
anchor	row10.anchor5	0	10	10	5	h6	revblock0.norm1	4.259636878967285	0.0002599876024760306	1.1364485689191916e-07	2.925355779836991e-08	
anchor	row10.anchor5	0	10	10	5	h6	revblock0.norm2	4.259636878967285	0.0002599876024760306	1.3888529746571425e-05	7.37607479095459e-06	
anchor	row10.anchor5	0	10	10	5	h6	revblock1.attn.proj	4.259636878967285	0.0002599876024760306	0.004511003915954577	0.0006636753678321838	
anchor	row10.anchor5	0	10	10	5	h6	revblock1.attn.qkv	4.259636878967285	0.0002599876024760306	0.0038680762227952387	0.00011923909187316895	
anchor	row10.anchor5	0	10	10	5	h6	revblock1.ffn	4.259636878967285	0.0002599876024760306	0.0004380981645521885	7.157213985919952e-06	
anchor	row10.anchor5	0	10	10	5	h6	revblock1.norm1	4.259636878967285	0.0002599876024760306	6.0003429272614554e-05	2.7179718017578125e-05	
anchor	row10.anchor5	0	10	10	5	h6	revblock1.norm2	4.259636878967285	0.0002599876024760306	2.932095006428647e-06	7.264316082000732e-07	
anchor	row10.anchor5	0	10	10	5	h5+h6	all	3.941359519958496	0.0004811229882761836	0.058990791386335104	0.023843269795179367	
anchor	row10.anchor5	0	10	10	5	h5+h6	central.hidden_phase	3.941359519958496	0.0004811229882761836	2.8055538785013004e-06	5.359576107366593e-07	
anchor	row10.anchor5	0	10	10	5	h5+h6	central.key	3.941359519958496	0.0004811229882761836	0.00013565574560839888	4.995705239707604e-06	
anchor	row10.anchor5	0	10	10	5	h5+h6	central.memory_phase	3.941359519958496	0.0004811229882761836	7.228171799906361e-06	3.3656315281405114e-06	
anchor	row10.anchor5	0	10	10	5	h5+h6	central.output	3.941359519958496	0.0004811229882761836	0.05836598314205115	0.023843269795179367	
anchor	row10.anchor5	0	10	10	5	h5+h6	central.query	3.941359519958496	0.0004811229882761836	0.0002689134214265028	1.7605916582397185e-05	
anchor	row10.anchor5	0	10	10	5	h5+h6	central.value	3.941359519958496	0.0004811229882761836	0.0007242777370606885	2.6907895517069846e-05	
anchor	row10.anchor5	0	10	10	5	h5+h6	revblock0.attn.proj	3.941359519958496	0.0004811229882761836	7.00741810079676e-06	5.633823434436636e-07	
anchor	row10.anchor5	0	10	10	5	h5+h6	revblock0.attn.qkv	3.941359519958496	0.0004811229882761836	5.430538019461384e-06	7.552891645445925e-08	
anchor	row10.anchor5	0	10	10	5	h5+h6	revblock0.ffn	3.941359519958496	0.0004811229882761836	0.0005436313801845292	1.7687678337097168e-05	
anchor	row10.anchor5	0	10	10	5	h5+h6	revblock0.norm1	3.941359519958496	0.0004811229882761836	1.4827149728855593e-07	2.4219080074772137e-08	
anchor	row10.anchor5	0	10	10	5	h5+h6	revblock0.norm2	3.941359519958496	0.0004811229882761836	2.220256516536095e-05	1.1270865797996521e-05	
anchor	row10.anchor5	0	10	10	5	h5+h6	revblock1.attn.proj	3.941359519958496	0.0004811229882761836	0.0064682728330741745	0.0006539300084114075	
anchor	row10.anchor5	0	10	10	5	h5+h6	revblock1.attn.qkv	3.941359519958496	0.0004811229882761836	0.00550099698535398	0.00018756091594696045	
anchor	row10.anchor5	0	10	10	5	h5+h6	revblock1.ffn	3.941359519958496	0.0004811229882761836	0.000553164719497607	1.0938500054180622e-05	
anchor	row10.anchor5	0	10	10	5	h5+h6	revblock1.norm1	3.941359519958496	0.0004811229882761836	9.215576367026689e-05	4.692375659942627e-05	
anchor	row10.anchor5	0	10	10	5	h5+h6	revblock1.norm2	3.941359519958496	0.0004811229882761836	3.62831585540543e-06	8.624047040939331e-07	
anchor	row10.anchor6	0	10	10	6	h5	all	3.9184718132019043	0.00023916453937999904	0.041068911766320354	0.024090629070997238	
anchor	row10.anchor6	0	10	10	6	h5	central.hidden_phase	3.9184718132019043	0.00023916453937999904	2.4950349915927327e-06	5.1084390406686e-07	
anchor	row10.anchor6	0	10	10	6	h5	central.key	3.9184718132019043	0.00023916453937999904	0.00011172379902149034	4.2593378566380125e-06	
anchor	row10.anchor6	0	10	10	6	h5	central.memory_phase	3.9184718132019043	0.00023916453937999904	6.381972460960597e-06	4.352452378952876e-06	
anchor	row10.anchor6	0	10	10	6	h5	central.output	3.9184718132019043	0.00023916453937999904	0.040416396186130826	0.024090629070997238	
anchor	row10.anchor6	0	10	10	6	h5	central.query	3.9184718132019043	0.00023916453937999904	0.0002240562619600348	1.4861351701256353e-05	
anchor	row10.anchor6	0	10	10	6	h5	central.value	3.9184718132019043	0.00023916453937999904	0.0005091951927711577	2.1021804059273563e-05	
anchor	row10.anchor6	0	10	10	6	h5	revblock0.attn.proj	3.9184718132019043	0.00023916453937999904	4.742679719952651e-06	4.849217702940223e-07	
anchor	row10.anchor6	0	10	10	6	h5	revblock0.attn.qkv	3.9184718132019043	0.00023916453937999904	3.5927581119927526e-06	4.957595223231692e-08	
anchor	row10.anchor6	0	10	10	6	h5	revblock0.ffn	3.9184718132019043	0.00023916453937999904	0.0005406530034256536	1.9957078620791435e-05	
anchor	row10.anchor6	0	10	10	6	h5	revblock0.norm1	3.9184718132019043	0.00023916453937999904	9.762314990658067e-08	2.358091855114708e-08	
anchor	row10.anchor6	0	10	10	6	h5	revblock0.norm2	3.9184718132019043	0.00023916453937999904	1.5815920791328334e-05	8.23289155960083e-06	
anchor	row10.anchor6	0	10	10	6	h5	revblock1.attn.proj	3.9184718132019043	0.00023916453937999904	0.006269280292247015	0.0008816272020339966	
anchor	row10.anchor6	0	10	10	6	h5	revblock1.attn.qkv	3.9184718132019043	0.00023916453937999904	0.003636356917008918	8.842349052429199e-05	
anchor	row10.anchor6	0	10	10	6	h5	revblock1.ffn	3.9184718132019043	0.00023916453937999904	0.00016399755882949056	1.834239810705185e-06	
anchor	row10.anchor6	0	10	10	6	h5	revblock1.norm1	3.9184718132019043	0.00023916453937999904	4.429923002302003e-05	1.3686716556549072e-05	
anchor	row10.anchor6	0	10	10	6	h5	revblock1.norm2	3.9184718132019043	0.00023916453937999904	2.6504673086679192e-06	1.2665987014770508e-06	
anchor	row10.anchor6	0	10	10	6	h6	all	4.878171920776367	0.0002977399853989482	0.04116158109766002	0.024126429110765457	
anchor	row10.anchor6	0	10	10	6	h6	central.hidden_phase	4.878171920776367	0.0002977399853989482	3.3739834899862813e-06	9.046307241078466e-07	
anchor	row10.anchor6	0	10	10	6	h6	central.key	4.878171920776367	0.0002977399853989482	0.00013333380514219366	5.296785275277216e-06	
anchor	row10.anchor6	0	10	10	6	h6	central.memory_phase	4.878171920776367	0.0002977399853989482	1.032982091961234e-05	6.694672265439294e-06	
anchor	row10.anchor6	0	10	10	6	h6	central.output	4.878171920776367	0.0002977399853989482	0.040495262317028054	0.024126429110765457	
anchor	row10.anchor6	0	10	10	6	h6	central.query	4.878171920776367	0.0002977399853989482	0.00030435017624407657	2.2794862161390483e-05	
anchor	row10.anchor6	0	10	10	6	h6	central.value	4.878171920776367	0.0002977399853989482	0.0006330884049216094	2.221771501353942e-05	
anchor	row10.anchor6	0	10	10	6	h6	revblock0.attn.proj	4.878171920776367	0.0002977399853989482	4.7947836469771325e-06	4.910028224003327e-07	
anchor	row10.anchor6	0	10	10	6	h6	revblock0.attn.qkv	4.878171920776367	0.0002977399853989482	4.050618994197026e-06	6.559936593930615e-08	
anchor	row10.anchor6	0	10	10	6	h6	revblock0.ffn	4.878171920776367	0.0002977399853989482	0.0007858311040227855	2.7991831302642822e-05	
anchor	row10.anchor6	0	10	10	6	h6	revblock0.norm1	4.878171920776367	0.0002977399853989482	9.451575475030497e-08	2.36666259922913e-08	
anchor	row10.anchor6	0	10	10	6	h6	revblock0.norm2	4.878171920776367	0.0002977399853989482	2.2142057558325184e-05	1.1704862117767334e-05	
anchor	row10.anchor6	0	10	10	6	h6	revblock1.attn.proj	4.878171920776367	0.0002977399853989482	0.006269731448778476	0.0008700564503669739	
anchor	row10.anchor6	0	10	10	6	h6	revblock1.attn.qkv	4.878171920776367	0.0002977399853989482	0.003729759533787103	8.518993854522705e-05	
anchor	row10.anchor6	0	10	10	6	h6	revblock1.ffn	4.878171920776367	0.0002977399853989482	0.00023665465831611862	3.1455419957637787e-06	
anchor	row10.anchor6	0	10	10	6	h6	revblock1.norm1	4.878171920776367	0.0002977399853989482	5.874504944614166e-05	1.857895404100418e-05	
anchor	row10.anchor6	0	10	10	6	h6	revblock1.norm2	4.878171920776367	0.0002977399853989482	2.674802940897295e-06	7.841736078262329e-07	
anchor	row10.anchor6	0	10	10	6	h5+h6	all	4.398321866989136	0.0005369045247789472	0.059522664409042456	0.0239635668694973	
anchor	row10.anchor6	0	10	10	6	h5+h6	central.hidden_phase	4.398321866989136	0.0005369045247789472	4.2774712086082635e-06	9.768729114512098e-07	
anchor	row10.anchor6	0	10	10	6	h5+h6	central.key	4.398321866989136	0.0005369045247789472	0.0001574609813965047	4.781455572810955e-06	
anchor	row10.anchor6	0	10	10	6	h5+h6	central.memory_phase	4.398321866989136	0.0005369045247789472	8.440784427980095e-06	5.748884632339468e-06	
anchor	row10.anchor6	0	10	10	6	h5+h6	central.output	4.398321866989136	0.0005369045247789472	0.05856918972580705	0.0239635668694973	
anchor	row10.anchor6	0	10	10	6	h5+h6	central.query	4.398321866989136	0.0005369045247789472	0.0003747163454310654	2.637674151628744e-05	
anchor	row10.anchor6	0	10	10	6	h5+h6	central.value	4.398321866989136	0.0005369045247789472	0.0007764510919670794	2.5856070351437666e-05	
anchor	row10.anchor6	0	10	10	6	h5+h6	revblock0.attn.proj	4.398321866989136	0.0005369045247789472	6.904550713282609e-06	4.87325621634227e-07	
anchor	row10.anchor6	0	10	10	6	h5+h6	revblock0.attn.qkv	4.398321866989136	0.0005369045247789472	5.629914831568241e-06	8.458928846266645e-08	
anchor	row10.anchor6	0	10	10	6	h5+h6	revblock0.ffn	4.398321866989136	0.0005369045247789472	0.001013165548890077	3.7610530853271484e-05	
anchor	row10.anchor6	0	10	10	6	h5+h6	revblock0.norm1	4.398321866989136	0.0005369045247789472	1.3833789979353467e-07	2.7217634368525978e-08	
anchor	row10.anchor6	0	10	10	6	h5+h6	revblock0.norm2	4.398321866989136	0.0005369045247789472	3.7399527959933265e-05	1.9937753677368164e-05	
anchor	row10.anchor6	0	10	10	6	h5+h6	revblock1.attn.proj	4.398321866989136	0.0005369045247789472	0.00907719057554547	0.0008640885353088379	
anchor	row10.anchor6	0	10	10	6	h5+h6	revblock1.attn.qkv	4.398321866989136	0.0005369045247789472	0.005320706871987941	0.00016045570373535156	
anchor	row10.anchor6	0	10	10	6	h5+h6	revblock1.ffn	4.398321866989136	0.0005369045247789472	0.00029915553180449595	3.4288677852600813e-06	
anchor	row10.anchor6	0	10	10	6	h5+h6	revblock1.norm1	4.398321866989136	0.0005369045247789472	8.134754485519084e-05	2.8398819267749786e-05	
anchor	row10.anchor6	0	10	10	6	h5+h6	revblock1.norm2	4.398321866989136	0.0005369045247789472	4.088054630154719e-06	1.16787850856781e-06	
anchor	row10.anchor7	0	10	10	7	h5	all	2.902078151702881	0.00017712879343889654	0.03882629574293767	0.022778956219553947	
anchor	row10.anchor7	0	10	10	7	h5	central.hidden_phase	2.902078151702881	0.00017712879343889654	4.498940106753303e-06	1.1280383205303224e-06	
anchor	row10.anchor7	0	10	10	7	h5	central.key	2.902078151702881	0.00017712879343889654	9.919472334892924e-05	3.935623226425378e-06	
anchor	row10.anchor7	0	10	10	7	h5	central.memory_phase	2.902078151702881	0.00017712879343889654	1.7608624064043902e-05	1.0154070878343191e-05	
anchor	row10.anchor7	0	10	10	7	h5	central.output	2.902078151702881	0.00017712879343889654	0.03845678483168204	0.022778956219553947	
anchor	row10.anchor7	0	10	10	7	h5	central.query	2.902078151702881	0.00017712879343889654	0.00029566775747748194	2.0685560230049305e-05	
anchor	row10.anchor7	0	10	10	7	h5	central.value	2.902078151702881	0.00017712879343889654	0.0003844822640855362	1.0632630619511474e-05	
anchor	row10.anchor7	0	10	10	7	h5	revblock0.attn.proj	2.902078151702881	0.00017712879343889654	5.298382118150607e-06	5.704157501895679e-07	
anchor	row10.anchor7	0	10	10	7	h5	revblock0.attn.qkv	2.902078151702881	0.00017712879343889654	3.7354122473339426e-06	5.963494942307079e-08	
anchor	row10.anchor7	0	10	10	7	h5	revblock0.ffn	2.902078151702881	0.00017712879343889654	0.00026398175522842477	1.5626661479473114e-05	
anchor	row10.anchor7	0	10	10	7	h5	revblock0.norm1	2.902078151702881	0.00017712879343889654	1.564136461379714e-07	3.257961367353346e-08	
anchor	row10.anchor7	0	10	10	7	h5	revblock0.norm2	2.902078151702881	0.00017712879343889654	9.649217059097335e-06	5.499343387782574e-06	
anchor	row10.anchor7	0	10	10	7	h5	revblock1.attn.proj	2.902078151702881	0.00017712879343889654	0.004376330284518362	0.0005976855754852295	
anchor	row10.anchor7	0	10	10	7	h5	revblock1.attn.qkv	2.902078151702881	0.00017712879343889654	0.0030073511324057727	8.203089237213135e-05	
anchor	row10.anchor7	0	10	10	7	h5	revblock1.ffn	2.902078151702881	0.00017712879343889654	0.00021101734786252568	7.510185241699219e-06	
anchor	row10.anchor7	0	10	10	7	h5	revblock1.norm1	2.902078151702881	0.00017712879343889654	2.7301770946403862e-05	9.000301361083984e-06	
anchor	row10.anchor7	0	10	10	7	h5	revblock1.norm2	2.902078151702881	0.00017712879343889654	1.6645244933352113e-06	3.390014171600342e-07	
anchor	row10.anchor7	0	10	10	7	h6	all	2.6886534690856934	0.00016410238458774984	0.038312494470090976	0.02247931808233261	
anchor	row10.anchor7	0	10	10	7	h6	central.hidden_phase	2.6886534690856934	0.00016410238458774984	4.962128454044953e-06	1.2274807659196085e-06	
anchor	row10.anchor7	0	10	10	7	h6	central.key	2.6886534690856934	0.00016410238458774984	8.692349422543988e-05	3.3869582694023848e-06	
anchor	row10.anchor7	0	10	10	7	h6	central.memory_phase	2.6886534690856934	0.00016410238458774984	1.7639413601108533e-05	1.1190582881681621e-05	
anchor	row10.anchor7	0	10	10	7	h6	central.output	2.6886534690856934	0.00016410238458774984	0.03792065893798371	0.02247931808233261	
anchor	row10.anchor7	0	10	10	7	h6	central.query	2.6886534690856934	0.00016410238458774984	0.00046301454332878386	3.508478403091431e-05	
anchor	row10.anchor7	0	10	10	7	h6	central.value	2.6886534690856934	0.00016410238458774984	0.0003917964146085394	1.3612942893814761e-05	
anchor	row10.anchor7	0	10	10	7	h6	revblock0.attn.proj	2.6886534690856934	0.00016410238458774984	5.224807960780382e-06	5.631527528748848e-07	
anchor	row10.anchor7	0	10	10	7	h6	revblock0.attn.qkv	2.6886534690856934	0.00016410238458774984	3.691021594388605e-06	5.7930261476712985e-08	
anchor	row10.anchor7	0	10	10	7	h6	revblock0.ffn	2.6886534690856934	0.00016410238458774984	0.0002454398917846856	1.005362719297409e-05	
anchor	row10.anchor7	0	10	10	7	h6	revblock0.norm1	2.6886534690856934	0.00016410238458774984	1.2861540177326288e-07	2.5978080131494607e-08	
anchor	row10.anchor7	0	10	10	7	h6	revblock0.norm2	2.6886534690856934	0.00016410238458774984	4.344598548824102e-06	3.020279109477997e-06	
anchor	row10.anchor7	0	10	10	7	h6	revblock1.attn.proj	2.6886534690856934	0.00016410238458774984	0.004302616433878583	0.0005888864398002625	
anchor	row10.anchor7	0	10	10	7	h6	revblock1.attn.qkv	2.6886534690856934	0.00016410238458774984	0.003297383527931537	0.00011268258094787598	
anchor	row10.anchor7	0	10	10	7	h6	revblock1.ffn	2.6886534690856934	0.00016410238458774984	0.00022041156299969607	4.808709491044283e-06	
anchor	row10.anchor7	0	10	10	7	h6	revblock1.norm1	2.6886534690856934	0.00016410238458774984	3.0775012547655585e-05	1.5910714864730835e-05	
anchor	row10.anchor7	0	10	10	7	h6	revblock1.norm2	2.6886534690856934	0.00016410238458774984	2.1554304601468786e-06	7.306225597858429e-07	
anchor	row10.anchor7	0	10	10	7	h5+h6	all	2.795365810394287	0.0003412311780266464	0.053366877313155474	0.021490339189767838	
anchor	row10.anchor7	0	10	10	7	h5+h6	central.hidden_phase	2.795365810394287	0.0003412311780266464	9.065410318984858e-06	2.355518972763093e-06	
anchor	row10.anchor7	0	10	10	7	h5+h6	central.key	2.795365810394287	0.0003412311780266464	0.00012706521332671766	4.346480636741035e-06	
anchor	row10.anchor7	0	10	10	7	h5+h6	central.memory_phase	2.795365810394287	0.0003412311780266464	3.4763577132340906e-05	2.1344654669519514e-05	
anchor	row10.anchor7	0	10	10	7	h5+h6	central.output	2.795365810394287	0.0003412311780266464	0.052850423386133376	0.021490339189767838	
anchor	row10.anchor7	0	10	10	7	h5+h6	central.query	2.795365810394287	0.0003412311780266464	0.0007471908560298332	5.5770346079953015e-05	
anchor	row10.anchor7	0	10	10	7	h5+h6	central.value	2.795365810394287	0.0003412311780266464	0.0005925323369281855	1.9733701265067793e-05	
anchor	row10.anchor7	0	10	10	7	h5+h6	revblock0.attn.proj	2.795365810394287	0.0003412311780266464	7.282466376283868e-06	5.382837002798624e-07	
anchor	row10.anchor7	0	10	10	7	h5+h6	revblock0.attn.qkv	2.795365810394287	0.0003412311780266464	4.8739684747357794e-06	8.714945920473838e-08	
anchor	row10.anchor7	0	10	10	7	h5+h6	revblock0.ffn	2.795365810394287	0.0003412311780266464	0.00032682301903595853	1.2119300663471222e-05	
anchor	row10.anchor7	0	10	10	7	h5+h6	revblock0.norm1	2.795365810394287	0.0003412311780266464	1.7905168492558318e-07	3.701403983313867e-08	
anchor	row10.anchor7	0	10	10	7	h5+h6	revblock0.norm2	2.795365810394287	0.0003412311780266464	9.042969744937923e-06	5.494686774909496e-06	
anchor	row10.anchor7	0	10	10	7	h5+h6	revblock1.attn.proj	2.795365810394287	0.0003412311780266464	0.006006441025170658	0.0005640760064125061	
anchor	row10.anchor7	0	10	10	7	h5+h6	revblock1.attn.qkv	2.795365810394287	0.0003412311780266464	0.004203091240328178	0.00011619925498962402	
anchor	row10.anchor7	0	10	10	7	h5+h6	revblock1.ffn	2.795365810394287	0.0003412311780266464	0.0002795574126369715	6.654299795627594e-06	
anchor	row10.anchor7	0	10	10	7	h5+h6	revblock1.norm1	2.795365810394287	0.0003412311780266464	3.282676940513938e-05	1.0196119546890259e-05	
anchor	row10.anchor7	0	10	10	7	h5+h6	revblock1.norm2	2.795365810394287	0.0003412311780266464	2.3391563959816183e-06	1.0062940418720245e-06	
anchor	row10.anchor8	0	10	10	8	h5	all	2.7824671268463135	0.0001698283158475533	0.039144244383002715	0.022955400869250298	
anchor	row10.anchor8	0	10	10	8	h5	central.hidden_phase	2.7824671268463135	0.0001698283158475533	9.085381980414728e-07	2.008824679933241e-07	
anchor	row10.anchor8	0	10	10	8	h5	central.key	2.7824671268463135	0.0001698283158475533	6.341351925701137e-05	2.2243532384891296e-06	
anchor	row10.anchor8	0	10	10	8	h5	central.memory_phase	2.7824671268463135	0.0001698283158475533	2.703729846975673e-06	7.89982777860132e-07	
anchor	row10.anchor8	0	10	10	8	h5	central.output	2.7824671268463135	0.0001698283158475533	0.03856706100160377	0.022955400869250298	
anchor	row10.anchor8	0	10	10	8	h5	central.query	2.7824671268463135	0.0001698283158475533	6.070046495477444e-05	2.0470124582061544e-06	
anchor	row10.anchor8	0	10	10	8	h5	central.value	2.7824671268463135	0.0001698283158475533	0.0003207494133245037	1.1730237019946799e-05	
anchor	row10.anchor8	0	10	10	8	h5	revblock0.attn.proj	2.7824671268463135	0.0001698283158475533	5.2422613146439626e-06	6.151572051749099e-07	
anchor	row10.anchor8	0	10	10	8	h5	revblock0.attn.qkv	2.7824671268463135	0.0001698283158475533	3.882763898892077e-06	6.805706220802676e-08	
anchor	row10.anchor8	0	10	10	8	h5	revblock0.ffn	2.7824671268463135	0.0001698283158475533	0.00035640945082754546	1.2015923857688904e-05	
anchor	row10.anchor8	0	10	10	8	h5	revblock0.norm1	2.7824671268463135	0.0001698283158475533	1.4288949931716764e-07	3.638102796799103e-08	
anchor	row10.anchor8	0	10	10	8	h5	revblock0.norm2	2.7824671268463135	0.0001698283158475533	4.609071292414709e-06	2.7939677238464355e-06	
anchor	row10.anchor8	0	10	10	8	h5	revblock1.attn.proj	2.7824671268463135	0.0001698283158475533	0.005945715088448814	0.0008247494697570801	
anchor	row10.anchor8	0	10	10	8	h5	revblock1.attn.qkv	2.7824671268463135	0.0001698283158475533	0.003040159357955344	6.142258644104004e-05	
anchor	row10.anchor8	0	10	10	8	h5	revblock1.ffn	2.7824671268463135	0.0001698283158475533	0.00014403244328015257	1.6975682228803635e-06	
anchor	row10.anchor8	0	10	10	8	h5	revblock1.norm1	2.7824671268463135	0.0001698283158475533	3.381236175362762e-05	9.797513484954834e-06	
anchor	row10.anchor8	0	10	10	8	h5	revblock1.norm2	2.7824671268463135	0.0001698283158475533	1.7026885708460394e-06	4.1909515857696533e-07	
anchor	row10.anchor8	0	10	10	8	h6	all	3.033924102783203	0.00018517603166401386	0.039427715791866054	0.023089611902832985	
anchor	row10.anchor8	0	10	10	8	h6	central.hidden_phase	3.033924102783203	0.00018517603166401386	3.026717842846565e-06	6.285678750828083e-07	
anchor	row10.anchor8	0	10	10	8	h6	central.key	3.033924102783203	0.00018517603166401386	9.533423818404424e-05	3.843391368718585e-06	
anchor	row10.anchor8	0	10	10	8	h6	central.memory_phase	3.033924102783203	0.00018517603166401386	1.1575329414311343e-05	5.609296749753412e-06	
anchor	row10.anchor8	0	10	10	8	h6	central.output	3.033924102783203	0.00018517603166401386	0.03883663233243066	0.023089611902832985	
anchor	row10.anchor8	0	10	10	8	h6	central.query	3.033924102783203	0.00018517603166401386	0.0002092321025141434	1.2592155144375283e-05	
anchor	row10.anchor8	0	10	10	8	h6	central.value	3.033924102783203	0.00018517603166401386	0.00033731788841809393	7.91839738667477e-06	
anchor	row10.anchor8	0	10	10	8	h6	revblock0.attn.proj	3.033924102783203	0.00018517603166401386	5.317282475277486e-06	6.241376127036347e-07	
anchor	row10.anchor8	0	10	10	8	h6	revblock0.attn.qkv	3.033924102783203	0.00018517603166401386	4.0986680139521135e-06	6.177874212198731e-08	
anchor	row10.anchor8	0	10	10	8	h6	revblock0.ffn	3.033924102783203	0.00018517603166401386	0.0003679803450017044	1.2867152690887451e-05	
anchor	row10.anchor8	0	10	10	8	h6	revblock0.norm1	3.033924102783203	0.00018517603166401386	1.429939401740562e-07	2.4549743571355975e-08	
anchor	row10.anchor8	0	10	10	8	h6	revblock0.norm2	3.033924102783203	0.00018517603166401386	1.2656248210626649e-05	6.701797246932983e-06	
anchor	row10.anchor8	0	10	10	8	h6	revblock1.attn.proj	3.033924102783203	0.00018517603166401386	0.00602095072494613	0.0008300691843032837	
anchor	row10.anchor8	0	10	10	8	h6	revblock1.attn.qkv	3.033924102783203	0.00018517603166401386	0.0031125036974740975	6.492435932159424e-05	
anchor	row10.anchor8	0	10	10	8	h6	revblock1.ffn	3.033924102783203	0.00018517603166401386	0.00013443519632227029	1.3867393136024475e-06	
anchor	row10.anchor8	0	10	10	8	h6	revblock1.norm1	3.033924102783203	0.00018517603166401386	2.7406504744838246e-05	7.4356794357299805e-06	
anchor	row10.anchor8	0	10	10	8	h6	revblock1.norm2	3.033924102783203	0.00018517603166401386	1.672565696623691e-06	6.332993507385254e-07	
anchor	row10.anchor8	0	10	10	8	h5+h6	all	2.9081956148147583	0.0003550043475115672	0.05459230914834715	0.02193530648946762	
anchor	row10.anchor8	0	10	10	8	h5+h6	central.hidden_phase	2.9081956148147583	0.0003550043475115672	3.161120924372479e-06	7.114009576980607e-07	
anchor	row10.anchor8	0	10	10	8	h5+h6	central.key	2.9081956148147583	0.0003550043475115672	8.534174326608261e-05	4.402460490382509e-06	
anchor	row10.anchor8	0	10	10	8	h5+h6	central.memory_phase	2.9081956148147583	0.0003550043475115672	1.1850397882501437e-05	6.352624041028321e-06	
anchor	row10.anchor8	0	10	10	8	h5+h6	central.output	2.9081956148147583	0.0003550043475115672	0.0537939751908821	0.02193530648946762	
anchor	row10.anchor8	0	10	10	8	h5+h6	central.query	2.9081956148147583	0.0003550043475115672	0.00019857163733383922	1.3173178558645304e-05	
anchor	row10.anchor8	0	10	10	8	h5+h6	central.value	2.9081956148147583	0.0003550043475115672	0.0004818444055001093	1.60874224093277e-05	
anchor	row10.anchor8	0	10	10	8	h5+h6	revblock0.attn.proj	2.9081956148147583	0.0003550043475115672	7.3357202120026664e-06	5.929564395046327e-07	
anchor	row10.anchor8	0	10	10	8	h5+h6	revblock0.attn.qkv	2.9081956148147583	0.0003550043475115672	5.3625429303251366e-06	9.590287675109721e-08	
anchor	row10.anchor8	0	10	10	8	h5+h6	revblock0.ffn	2.9081956148147583	0.0003550043475115672	0.0004625385633891953	1.9931234419345856e-05	
anchor	row10.anchor8	0	10	10	8	h5+h6	revblock0.norm1	2.9081956148147583	0.0003550043475115672	1.7811872367920415e-07	3.3733194015894696e-08	
anchor	row10.anchor8	0	10	10	8	h5+h6	revblock0.norm2	2.9081956148147583	0.0003550043475115672	1.0417411142473479e-05	6.3069164752960205e-06	
anchor	row10.anchor8	0	10	10	8	h5+h6	revblock1.attn.proj	2.9081956148147583	0.0003550043475115672	0.008313269547396957	0.0007882863283157349	
anchor	row10.anchor8	0	10	10	8	h5+h6	revblock1.attn.qkv	2.9081956148147583	0.0003550043475115672	0.004110501810445769	8.51750373840332e-05	
anchor	row10.anchor8	0	10	10	8	h5+h6	revblock1.ffn	2.9081956148147583	0.0003550043475115672	0.0001647974588171519	1.810956746339798e-06	
anchor	row10.anchor8	0	10	10	8	h5+h6	revblock1.norm1	2.9081956148147583	0.0003550043475115672	3.796197961754621e-05	1.2323260307312012e-05	
anchor	row10.anchor8	0	10	10	8	h5+h6	revblock1.norm2	2.9081956148147583	0.0003550043475115672	2.2102712947571984e-06	8.121132850646973e-07	
anchor	row10.anchor9	0	10	10	9	h5	all	3.1115639209747314	0.00018991479009855539	0.03987731885642465	0.023459259420633316	
anchor	row10.anchor9	0	10	10	9	h5	central.hidden_phase	3.1115639209747314	0.00018991479009855539	2.8774164632004244e-06	5.868378707418742e-07	
anchor	row10.anchor9	0	10	10	9	h5	central.key	3.1115639209747314	0.00018991479009855539	9.459002197071846e-05	3.621809810283594e-06	
anchor	row10.anchor9	0	10	10	9	h5	central.memory_phase	3.1115639209747314	0.00018991479009855539	1.0973023272292693e-05	5.245060037850635e-06	
anchor	row10.anchor9	0	10	10	9	h5	central.output	3.1115639209747314	0.00018991479009855539	0.03932252260956993	0.023459259420633316	
anchor	row10.anchor9	0	10	10	9	h5	central.query	3.1115639209747314	0.00018991479009855539	0.00019600303876728107	1.1559845006559044e-05	
anchor	row10.anchor9	0	10	10	9	h5	central.value	3.1115639209747314	0.00018991479009855539	0.00033668211080150885	7.915630703791976e-06	
anchor	row10.anchor9	0	10	10	9	h5	revblock0.attn.proj	3.1115639209747314	0.00018991479009855539	5.228208199405734e-06	6.504958491859725e-07	
anchor	row10.anchor9	0	10	10	9	h5	revblock0.attn.qkv	3.1115639209747314	0.00018991479009855539	4.025852515468651e-06	6.415431386130876e-08	
anchor	row10.anchor9	0	10	10	9	h5	revblock0.ffn	3.1115639209747314	0.00018991479009855539	0.000377929429220859	1.376122236251831e-05	
anchor	row10.anchor9	0	10	10	9	h5	revblock0.norm1	3.1115639209747314	0.00018991479009855539	1.3995555467418453e-07	2.606056348497532e-08	
anchor	row10.anchor9	0	10	10	9	h5	revblock0.norm2	3.1115639209747314	0.00018991479009855539	1.3238244565355314e-05	7.148832082748413e-06	
anchor	row10.anchor9	0	10	10	9	h5	revblock1.attn.proj	3.1115639209747314	0.00018991479009855539	0.005864571338446533	0.0008558034896850586	
anchor	row10.anchor9	0	10	10	9	h5	revblock1.attn.qkv	3.1115639209747314	0.00018991479009855539	0.003037420359488772	6.312131881713867e-05	
anchor	row10.anchor9	0	10	10	9	h5	revblock1.ffn	3.1115639209747314	0.00018991479009855539	0.00012651781018547145	1.4528632164001465e-06	
anchor	row10.anchor9	0	10	10	9	h5	revblock1.norm1	3.1115639209747314	0.00018991479009855539	2.7358892101509802e-05	7.599592208862305e-06	
anchor	row10.anchor9	0	10	10	9	h5	revblock1.norm2	3.1115639209747314	0.00018991479009855539	1.62720537915825e-06	5.513429641723633e-07	
anchor	row10.anchor9	0	10	10	9	h6	all	2.8266777992248535	0.00017252672114409506	0.03897030943485396	0.02287893369793892	
anchor	row10.anchor9	0	10	10	9	h6	central.hidden_phase	2.8266777992248535	0.00017252672114409506	4.286253275536822e-06	1.0491835382708814e-06	
anchor	row10.anchor9	0	10	10	9	h6	central.key	2.8266777992248535	0.00017252672114409506	8.789266742649944e-05	2.5670090053608874e-06	
anchor	row10.anchor9	0	10	10	9	h6	central.memory_phase	2.8266777992248535	0.00017252672114409506	1.7498677129529996e-05	1.0117660167452414e-05	
anchor	row10.anchor9	0	10	10	9	h6	central.output	2.8266777992248535	0.00017252672114409506	0.03841401434465361	0.02287893369793892	
anchor	row10.anchor9	0	10	10	9	h6	central.query	2.8266777992248535	0.00017252672114409506	0.00034715722330344904	2.3168769985204563e-05	
anchor	row10.anchor9	0	10	10	9	h6	central.value	2.8266777992248535	0.00017252672114409506	0.0003359984194049302	1.2953617442690302e-05	
anchor	row10.anchor9	0	10	10	9	h6	revblock0.attn.proj	2.8266777992248535	0.00017252672114409506	5.149367999274592e-06	6.404721375474764e-07	
anchor	row10.anchor9	0	10	10	9	h6	revblock0.attn.qkv	2.8266777992248535	0.00017252672114409506	4.016822011716858e-06	7.448620920058602e-08	
anchor	row10.anchor9	0	10	10	9	h6	revblock0.ffn	2.8266777992248535	0.00017252672114409506	0.0003252543735989023	1.3809651136398315e-05	
anchor	row10.anchor9	0	10	10	9	h6	revblock0.norm1	2.8266777992248535	0.00017252672114409506	1.5251200273626676e-07	3.4270470905539696e-08	
anchor	row10.anchor9	0	10	10	9	h6	revblock0.norm2	2.8266777992248535	0.00017252672114409506	4.902581993241341e-06	2.8759241104125977e-06	
anchor	row10.anchor9	0	10	10	9	h6	revblock1.attn.proj	2.8266777992248535	0.00017252672114409506	0.005742362195211292	0.0008224844932556152	
anchor	row10.anchor9	0	10	10	9	h6	revblock1.attn.qkv	2.8266777992248535	0.00017252672114409506	0.003115740688158135	7.399916648864746e-05	
anchor	row10.anchor9	0	10	10	9	h6	revblock1.ffn	2.8266777992248535	0.00017252672114409506	0.00013364869283283038	1.3899989426136017e-06	
anchor	row10.anchor9	0	10	10	9	h6	revblock1.norm1	2.8266777992248535	0.00017252672114409506	2.7766094814457417e-05	8.419156074523926e-06	
anchor	row10.anchor9	0	10	10	9	h6	revblock1.norm2	2.8266777992248535	0.00017252672114409506	1.7151985454652295e-06	6.277114152908325e-07	
anchor	row10.anchor9	0	10	10	9	h5+h6	all	2.9691208600997925	0.00036244151124265045	0.0548872277579548	0.02237185277044773	
anchor	row10.anchor9	0	10	10	9	h5+h6	central.hidden_phase	2.9691208600997925	0.00036244151124265045	3.1307654725003706e-06	6.628716846535099e-07	
anchor	row10.anchor9	0	10	10	9	h5+h6	central.key	2.9691208600997925	0.00036244151124265045	0.00010349362260920419	5.125401912664529e-06	
anchor	row10.anchor9	0	10	10	9	h5+h6	central.memory_phase	2.9691208600997925	0.00036244151124265045	9.883603769835965e-06	5.130822046339745e-06	
anchor	row10.anchor9	0	10	10	9	h5+h6	central.output	2.9691208600997925	0.00036244151124265045	0.05411180328714029	0.02237185277044773	
anchor	row10.anchor9	0	10	10	9	h5+h6	central.query	2.9691208600997925	0.00036244151124265045	0.00021099251190734455	1.4217896932677832e-05	
anchor	row10.anchor9	0	10	10	9	h5+h6	central.value	2.9691208600997925	0.00036244151124265045	0.0004645682524289671	1.4544975783792324e-05	
anchor	row10.anchor9	0	10	10	9	h5+h6	revblock0.attn.proj	2.9691208600997925	0.00036244151124265045	7.22502430310982e-06	6.202458280313294e-07	
anchor	row10.anchor9	0	10	10	9	h5+h6	revblock0.attn.qkv	2.9691208600997925	0.00036244151124265045	5.625017194421667e-06	1.0472788858351123e-07	
anchor	row10.anchor9	0	10	10	9	h5+h6	revblock0.ffn	2.9691208600997925	0.00036244151124265045	0.0004906918641856832	1.7952173948287964e-05	
anchor	row10.anchor9	0	10	10	9	h5+h6	revblock0.norm1	2.9691208600997925	0.00036244151124265045	2.0552691514983062e-07	4.7333308828001464e-08	
anchor	row10.anchor9	0	10	10	9	h5+h6	revblock0.norm2	2.9691208600997925	0.00036244151124265045	1.2348323097300975e-05	7.64988362789154e-06	
anchor	row10.anchor9	0	10	10	9	h5+h6	revblock1.attn.proj	2.9691208600997925	0.00036244151124265045	0.008081206344783357	0.0008169710636138916	
anchor	row10.anchor9	0	10	10	9	h5+h6	revblock1.attn.qkv	2.9691208600997925	0.00036244151124265045	0.004321301959982984	0.00010355561971664429	
anchor	row10.anchor9	0	10	10	9	h5+h6	revblock1.ffn	2.9691208600997925	0.00036244151124265045	0.00016549419641345814	1.5541445463895798e-06	
anchor	row10.anchor9	0	10	10	9	h5+h6	revblock1.norm1	2.9691208600997925	0.00036244151124265045	3.744424615285858e-05	1.1876225471496582e-05	
anchor	row10.anchor9	0	10	10	9	h5+h6	revblock1.norm2	2.9691208600997925	0.00036244151124265045	2.039931516905715e-06	5.122274160385132e-07	
anchor	row10.anchor10	0	10	10	10	h5	all	2.7057909965515137	0.00016514837625436485	0.03903245383409367	0.022945234552025795	
anchor	row10.anchor10	0	10	10	10	h5	central.hidden_phase	2.7057909965515137	0.00016514837625436485	1.019187414000002e-06	1.922417283140021e-07	
anchor	row10.anchor10	0	10	10	10	h5	central.key	2.7057909965515137	0.00016514837625436485	6.057312860986363e-05	1.988112671824638e-06	
anchor	row10.anchor10	0	10	10	10	h5	central.memory_phase	2.7057909965515137	0.00016514837625436485	3.4560848698964106e-06	1.1918608606720227e-06	
anchor	row10.anchor10	0	10	10	10	h5	central.output	2.7057909965515137	0.00016514837625436485	0.03847959386676929	0.022945234552025795	
anchor	row10.anchor10	0	10	10	10	h5	central.query	2.7057909965515137	0.00016514837625436485	6.7516942669517e-05	2.7362757464288734e-06	
anchor	row10.anchor10	0	10	10	10	h5	central.value	2.7057909965515137	0.00016514837625436485	0.0003191092183109312	1.1504480426083319e-05	
anchor	row10.anchor10	0	10	10	10	h5	revblock0.attn.proj	2.7057909965515137	0.00016514837625436485	4.569218516974634e-06	5.51429252482194e-07	
anchor	row10.anchor10	0	10	10	10	h5	revblock0.attn.qkv	2.7057909965515137	0.00016514837625436485	3.341924762947637e-06	7.164576487639351e-08	
anchor	row10.anchor10	0	10	10	10	h5	revblock0.ffn	2.7057909965515137	0.00016514837625436485	0.0003414045470957363	1.0452698916196823e-05	
anchor	row10.anchor10	0	10	10	10	h5	revblock0.norm1	2.7057909965515137	0.00016514837625436485	1.210328411046002e-07	3.1025759739122805e-08	
anchor	row10.anchor10	0	10	10	10	h5	revblock0.norm2	2.7057909965515137	0.00016514837625436485	5.347781707039846e-06	2.518296241760254e-06	
anchor	row10.anchor10	0	10	10	10	h5	revblock1.attn.proj	2.7057909965515137	0.00016514837625436485	0.005820133011245736	0.0008293986320495605	
anchor	row10.anchor10	0	10	10	10	h5	revblock1.attn.qkv	2.7057909965515137	0.00016514837625436485	0.00295531868737456	6.0677528381347656e-05	
anchor	row10.anchor10	0	10	10	10	h5	revblock1.ffn	2.7057909965515137	0.00016514837625436485	0.00013307803846989536	1.5613622963428497e-06	
anchor	row10.anchor10	0	10	10	10	h5	revblock1.norm1	2.7057909965515137	0.00016514837625436485	3.23952940779151e-05	8.471310138702393e-06	
anchor	row10.anchor10	0	10	10	10	h5	revblock1.norm2	2.7057909965515137	0.00016514837625436485	1.7563762285703337e-06	4.209578037261963e-07	
anchor	row10.anchor10	0	10	10	10	h6	all	1.7057256698608398	0.00010410923277959228	0.03361067972009904	0.019892903044819832	
anchor	row10.anchor10	0	10	10	10	h6	central.hidden_phase	1.7057256698608398	0.00010410923277959228	4.168280860034756e-06	8.596109637437621e-07	
anchor	row10.anchor10	0	10	10	10	h6	central.key	1.7057256698608398	0.00010410923277959228	0.00012852870625636382	5.776380930910818e-06	
anchor	row10.anchor10	0	10	10	10	h6	central.memory_phase	1.7057256698608398	0.00010410923277959228	1.6111828429766266e-05	8.244425771408714e-06	
anchor	row10.anchor10	0	10	10	10	h6	central.output	1.7057256698608398	0.00010410923277959228	0.03312487181321569	0.019892903044819832	
anchor	row10.anchor10	0	10	10	10	h6	central.query	1.7057256698608398	0.00010410923277959228	0.0003521067291675694	2.159524774469901e-05	
anchor	row10.anchor10	0	10	10	10	h6	central.value	1.7057256698608398	0.00010410923277959228	0.0003249916241505986	1.1124492630187888e-05	
anchor	row10.anchor10	0	10	10	10	h6	revblock0.attn.proj	1.7057256698608398	0.00010410923277959228	3.972617549020532e-06	4.834981837120722e-07	
anchor	row10.anchor10	0	10	10	10	h6	revblock0.attn.qkv	1.7057256698608398	0.00010410923277959228	2.3074426005914938e-06	5.469246744382872e-08	
anchor	row10.anchor10	0	10	10	10	h6	revblock0.ffn	1.7057256698608398	0.00010410923277959228	0.00030138927267304007	1.4465302228927612e-05	
anchor	row10.anchor10	0	10	10	10	h6	revblock0.norm1	1.7057256698608398	0.00010410923277959228	9.158934290512138e-08	2.5603796416362457e-08	
anchor	row10.anchor10	0	10	10	10	h6	revblock0.norm2	1.7057256698608398	0.00010410923277959228	2.7770271917041696e-05	1.2628734111785889e-05	
anchor	row10.anchor10	0	10	10	10	h6	revblock1.attn.proj	1.7057256698608398	0.00010410923277959228	0.005037263142779418	0.0007156729698181152	
anchor	row10.anchor10	0	10	10	10	h6	revblock1.attn.qkv	1.7057256698608398	0.00010410923277959228	0.0025882323872746874	6.694765761494637e-05	
anchor	row10.anchor10	0	10	10	10	h6	revblock1.ffn	1.7057256698608398	0.00010410923277959228	9.565250780221209e-05	1.2764940038323402e-06	
anchor	row10.anchor10	0	10	10	10	h6	revblock1.norm1	1.7057256698608398	0.00010410923277959228	2.2759443319117222e-05	8.128583431243896e-06	
anchor	row10.anchor10	0	10	10	10	h6	revblock1.norm2	1.7057256698608398	0.00010410923277959228	1.1207115777026226e-06	2.6263296604156494e-07	
anchor	row10.anchor10	0	10	10	10	h5+h6	all	2.2057583332061768	0.0002692576090339571	0.045727833154269794	0.021302495151758194	
anchor	row10.anchor10	0	10	10	10	h5+h6	central.hidden_phase	2.2057583332061768	0.0002692576090339571	4.828281986997673e-06	1.0475229146322818e-06	
anchor	row10.anchor10	0	10	10	10	h5+h6	central.key	2.2057583332061768	0.0002692576090339571	0.00013359251940952752	7.187641131167766e-06	
anchor	row10.anchor10	0	10	10	10	h5+h6	central.memory_phase	2.2057583332061768	0.0002692576090339571	1.8786797426739552e-05	9.436286745767575e-06	
anchor	row10.anchor10	0	10	10	10	h5+h6	central.output	2.2057583332061768	0.0002692576090339571	0.0450713841672418	0.021302495151758194	
anchor	row10.anchor10	0	10	10	10	h5+h6	central.query	2.2057583332061768	0.0002692576090339571	0.00039893774800589223	2.433152258163318e-05	
anchor	row10.anchor10	0	10	10	10	h5+h6	central.value	2.2057583332061768	0.0002692576090339571	0.0003783837305815651	1.33349731186172e-05	
anchor	row10.anchor10	0	10	10	10	h5+h6	revblock0.attn.proj	2.2057583332061768	0.0002692576090339571	5.375809301014525e-06	5.112829626341409e-07	
anchor	row10.anchor10	0	10	10	10	h5+h6	revblock0.attn.qkv	2.2057583332061768	0.0002692576090339571	3.677546624488502e-06	1.0464032840218351e-07	
anchor	row10.anchor10	0	10	10	10	h5+h6	revblock0.ffn	2.2057583332061768	0.0002692576090339571	0.00043640203666158437	1.467391848564148e-05	
anchor	row10.anchor10	0	10	10	10	h5+h6	revblock0.norm1	2.2057583332061768	0.0002692576090339571	1.3886776734938717e-07	3.104741708170877e-08	
anchor	row10.anchor10	0	10	10	10	h5+h6	revblock0.norm2	2.2057583332061768	0.0002692576090339571	3.14193819467771e-05	1.4609657227993011e-05	
anchor	row10.anchor10	0	10	10	10	h5+h6	revblock1.attn.proj	2.2057583332061768	0.0002692576090339571	0.006834932928267071	0.0007699728012084961	
anchor	row10.anchor10	0	10	10	10	h5+h6	revblock1.attn.qkv	2.2057583332061768	0.0002692576090339571	0.0035141674418978125	7.155537605285645e-05	
anchor	row10.anchor10	0	10	10	10	h5+h6	revblock1.ffn	2.2057583332061768	0.0002692576090339571	0.00016088293393688204	1.8731225281953812e-06	
anchor	row10.anchor10	0	10	10	10	h5+h6	revblock1.norm1	2.2057583332061768	0.0002692576090339571	3.8220264274243714e-05	1.093745231628418e-05	
anchor	row10.anchor10	0	10	10	10	h5+h6	revblock1.norm2	2.2057583332061768	0.0002692576090339571	2.0082880286312226e-06	6.60773366689682e-07	
anchor	row10.anchor11	0	10	10	11	h5	all	5.203187942504883	0.00031757738906890154	0.04158915297167081	0.024434395134449005	
anchor	row10.anchor11	0	10	10	11	h5	central.hidden_phase	5.203187942504883	0.00031757738906890154	1.3078733454411293e-05	2.6295901989215054e-06	
anchor	row10.anchor11	0	10	10	11	h5	central.key	5.203187942504883	0.00031757738906890154	0.0003658317899543263	2.1527124772546813e-05	
anchor	row10.anchor11	0	10	10	11	h5	central.memory_phase	5.203187942504883	0.00031757738906890154	5.3453194450439784e-05	2.694838804018218e-05	
anchor	row10.anchor11	0	10	10	11	h5	central.output	5.203187942504883	0.00031757738906890154	0.040923526086085446	0.024434395134449005	
anchor	row10.anchor11	0	10	10	11	h5	central.query	5.203187942504883	0.00031757738906890154	0.001294259116098609	8.30795761430636e-05	
anchor	row10.anchor11	0	10	10	11	h5	central.value	5.203187942504883	0.00031757738906890154	0.0008004330627332859	2.5135104806395248e-05	
anchor	row10.anchor11	0	10	10	11	h5	revblock0.attn.proj	5.203187942504883	0.00031757738906890154	4.517401244725093e-06	5.790931254523457e-07	
anchor	row10.anchor11	0	10	10	11	h5	revblock0.attn.qkv	5.203187942504883	0.00031757738906890154	3.6878047926810345e-06	7.571312465870506e-08	
anchor	row10.anchor11	0	10	10	11	h5	revblock0.ffn	5.203187942504883	0.00031757738906890154	0.0010065482406970596	3.505870699882507e-05	
anchor	row10.anchor11	0	10	10	11	h5	revblock0.norm1	5.203187942504883	0.00031757738906890154	8.385511320445422e-08	1.6518749035299152e-08	
anchor	row10.anchor11	0	10	10	11	h5	revblock0.norm2	5.203187942504883	0.00031757738906890154	1.0783014771797917e-05	4.764646291732788e-06	
anchor	row10.anchor11	0	10	10	11	h5	revblock1.attn.proj	5.203187942504883	0.00031757738906890154	0.006043681774270078	0.0008673444390296936	
anchor	row10.anchor11	0	10	10	11	h5	revblock1.attn.qkv	5.203187942504883	0.00031757738906890154	0.0038479459899010663	7.660407572984695e-05	
anchor	row10.anchor11	0	10	10	11	h5	revblock1.ffn	5.203187942504883	0.00031757738906890154	0.00034503014766664553	3.859400749206543e-06	
anchor	row10.anchor11	0	10	10	11	h5	revblock1.norm1	5.203187942504883	0.00031757738906890154	6.973406562452805e-05	2.302229404449463e-05	
anchor	row10.anchor11	0	10	10	11	h5	revblock1.norm2	5.203187942504883	0.00031757738906890154	4.540763855578177e-06	1.1995434761047363e-06	
anchor	row10.anchor11	0	10	10	11	h6	all	5.214415550231934	0.0003182626678608358	0.04124628386639972	0.02419012226164341	
anchor	row10.anchor11	0	10	10	11	h6	central.hidden_phase	5.214415550231934	0.0003182626678608358	1.3499011807047414e-05	2.764935743471142e-06	
anchor	row10.anchor11	0	10	10	11	h6	central.key	5.214415550231934	0.0003182626678608358	0.00037146873263041804	2.215417225670535e-05	
anchor	row10.anchor11	0	10	10	11	h6	central.memory_phase	5.214415550231934	0.0003182626678608358	5.496786909137779e-05	2.726069578784518e-05	
anchor	row10.anchor11	0	10	10	11	h6	central.output	5.214415550231934	0.0003182626678608358	0.04057576549982975	0.02419012226164341	
anchor	row10.anchor11	0	10	10	11	h6	central.query	5.214415550231934	0.0003182626678608358	0.001338115901326101	8.470126340398565e-05	
anchor	row10.anchor11	0	10	10	11	h6	central.value	5.214415550231934	0.0003182626678608358	0.0008044408209728833	2.535871863074135e-05	
anchor	row10.anchor11	0	10	10	11	h6	revblock0.attn.proj	5.214415550231934	0.0003182626678608358	4.517083657982721e-06	5.792327897324867e-07	
anchor	row10.anchor11	0	10	10	11	h6	revblock0.attn.qkv	5.214415550231934	0.0003182626678608358	3.6873434243128315e-06	7.562960036011646e-08	
anchor	row10.anchor11	0	10	10	11	h6	revblock0.ffn	5.214415550231934	0.0003182626678608358	0.000993555581193982	3.565289080142975e-05	
anchor	row10.anchor11	0	10	10	11	h6	revblock0.norm1	5.214415550231934	0.0003182626678608358	8.383495141361309e-08	1.6493777010850863e-08	
anchor	row10.anchor11	0	10	10	11	h6	revblock0.norm2	5.214415550231934	0.0003182626678608358	1.0885395782369619e-05	4.580244421958923e-06	
anchor	row10.anchor11	0	10	10	11	h6	revblock1.attn.proj	5.214415550231934	0.0003182626678608358	0.006019011470685649	0.0008498355746269226	
anchor	row10.anchor11	0	10	10	11	h6	revblock1.attn.qkv	5.214415550231934	0.0003182626678608358	0.0038652100033474213	7.878988981246948e-05	
anchor	row10.anchor11	0	10	10	11	h6	revblock1.ffn	5.214415550231934	0.0003182626678608358	0.0003519433325064032	4.019588232040405e-06	
anchor	row10.anchor11	0	10	10	11	h6	revblock1.norm1	5.214415550231934	0.0003182626678608358	6.912134554191266e-05	2.244114875793457e-05	
anchor	row10.anchor11	0	10	10	11	h6	revblock1.norm2	5.214415550231934	0.0003182626678608358	4.523834960897698e-06	1.2060627341270447e-06	
anchor	row10.anchor11	0	10	10	11	h5+h6	all	5.208801746368408	0.0006358400569297373	0.08283316050956112	0.048624515533447266	
anchor	row10.anchor11	0	10	10	11	h5+h6	central.hidden_phase	5.208801746368408	0.0006358400569297373	2.6573605742269195e-05	5.394525942392647e-06	
anchor	row10.anchor11	0	10	10	11	h5+h6	central.key	5.208801746368408	0.0006358400569297373	0.0007369369797211959	4.368129884824157e-05	
anchor	row10.anchor11	0	10	10	11	h5+h6	central.memory_phase	5.208801746368408	0.0006358400569297373	0.00010840441044802267	5.4209085647016764e-05	
anchor	row10.anchor11	0	10	10	11	h5+h6	central.output	5.208801746368408	0.0006358400569297373	0.08149772519592946	0.048624515533447266	
anchor	row10.anchor11	0	10	10	11	h5+h6	central.query	5.208801746368408	0.0006358400569297373	0.0026319151242309353	0.00016778084682300687	
anchor	row10.anchor11	0	10	10	11	h5+h6	central.value	5.208801746368408	0.0006358400569297373	0.001604553636431101	5.0493821618147194e-05	
anchor	row10.anchor11	0	10	10	11	h5+h6	revblock0.attn.proj	5.208801746368408	0.0006358400569297373	9.034439977526555e-06	1.1583258583414136e-06	
anchor	row10.anchor11	0	10	10	11	h5+h6	revblock0.attn.qkv	5.208801746368408	0.0006358400569297373	7.375116830553973e-06	1.5134273212424887e-07	
anchor	row10.anchor11	0	10	10	11	h5+h6	revblock0.ffn	5.208801746368408	0.0006358400569297373	0.001999009402129997	7.071159780025482e-05	
anchor	row10.anchor11	0	10	10	11	h5+h6	revblock0.norm1	5.208801746368408	0.0006358400569297373	1.676883155866173e-07	3.300990059074138e-08	
anchor	row10.anchor11	0	10	10	11	h5+h6	revblock0.norm2	5.208801746368408	0.0006358400569297373	2.150499966823982e-05	9.344890713691711e-06	
anchor	row10.anchor11	0	10	10	11	h5+h6	revblock1.attn.proj	5.208801746368408	0.0006358400569297373	0.012060588767098633	0.0017171800136566162	
anchor	row10.anchor11	0	10	10	11	h5+h6	revblock1.attn.qkv	5.208801746368408	0.0006358400569297373	0.007709656534080526	0.00015539396554231644	
anchor	row10.anchor11	0	10	10	11	h5+h6	revblock1.ffn	5.208801746368408	0.0006358400569297373	0.000695399897825725	7.878988981246948e-06	
anchor	row10.anchor11	0	10	10	11	h5+h6	revblock1.norm1	5.208801746368408	0.0006358400569297373	0.00013877764943888394	4.54634428024292e-05	
anchor	row10.anchor11	0	10	10	11	h5+h6	revblock1.norm2	5.208801746368408	0.0006358400569297373	9.048784963586751e-06	2.405606210231781e-06	
anchor	row10.anchor12	0	10	10	12	h5	all	3.876988410949707	0.00023663259344175458	0.04093892149057577	0.024102462455630302	
anchor	row10.anchor12	0	10	10	12	h5	central.hidden_phase	3.876988410949707	0.00023663259344175458	2.7323718741004362e-06	6.066283049221965e-07	
anchor	row10.anchor12	0	10	10	12	h5	central.key	3.876988410949707	0.00023663259344175458	0.00012383449149897273	5.749502179241972e-06	
anchor	row10.anchor12	0	10	10	12	h5	central.memory_phase	3.876988410949707	0.00023663259344175458	9.65690780246611e-06	5.177490493224468e-06	
anchor	row10.anchor12	0	10	10	12	h5	central.output	3.876988410949707	0.00023663259344175458	0.04036194734400642	0.024102462455630302	
anchor	row10.anchor12	0	10	10	12	h5	central.query	3.876988410949707	0.00023663259344175458	0.00027885063359031116	1.7224852854269557e-05	
anchor	row10.anchor12	0	10	10	12	h5	central.value	3.876988410949707	0.00023663259344175458	0.0005067983266108424	2.112423135258723e-05	
anchor	row10.anchor12	0	10	10	12	h5	revblock0.attn.proj	3.876988410949707	0.00023663259344175458	4.340527750317997e-06	5.675963734574907e-07	
anchor	row10.anchor12	0	10	10	12	h5	revblock0.attn.qkv	3.876988410949707	0.00023663259344175458	3.172406916947269e-06	4.8123101947794567e-08	
anchor	row10.anchor12	0	10	10	12	h5	revblock0.ffn	3.876988410949707	0.00023663259344175458	0.000529907228279083	1.811794936656952e-05	
anchor	row10.anchor12	0	10	10	12	h5	revblock0.norm1	3.876988410949707	0.00023663259344175458	9.021260765589224e-08	1.9695185926593695e-08	
anchor	row10.anchor12	0	10	10	12	h5	revblock0.norm2	3.876988410949707	0.00023663259344175458	1.4777417113572666e-05	7.5194984674453735e-06	
anchor	row10.anchor12	0	10	10	12	h5	revblock1.attn.proj	3.876988410949707	0.00023663259344175458	0.0058881301170047775	0.0008000284433364868	
anchor	row10.anchor12	0	10	10	12	h5	revblock1.attn.qkv	3.876988410949707	0.00023663259344175458	0.003404590595899225	7.680058479309082e-05	
anchor	row10.anchor12	0	10	10	12	h5	revblock1.ffn	3.876988410949707	0.00023663259344175458	0.00011989161284332154	1.3348180800676346e-06	
anchor	row10.anchor12	0	10	10	12	h5	revblock1.norm1	3.876988410949707	0.00023663259344175458	4.150601761927564e-05	1.3709068298339844e-05	
anchor	row10.anchor12	0	10	10	12	h5	revblock1.norm2	3.876988410949707	0.00023663259344175458	1.5441969330445679e-06	4.824250936508179e-07	
anchor	row10.anchor12	0	10	10	12	h6	all	3.2677297592163086	0.00019944639643654227	0.039862503849018405	0.023402942344546318	
anchor	row10.anchor12	0	10	10	12	h6	central.hidden_phase	3.2677297592163086	0.00019944639643654227	4.851773556366947e-06	1.0442771554153296e-06	
anchor	row10.anchor12	0	10	10	12	h6	central.key	3.2677297592163086	0.00019944639643654227	0.00015265060231354588	8.027123840292916e-06	
anchor	row10.anchor12	0	10	10	12	h6	central.memory_phase	3.2677297592163086	0.00019944639643654227	1.9862775567163765e-05	1.0496955837879796e-05	
anchor	row10.anchor12	0	10	10	12	h6	central.output	3.2677297592163086	0.00019944639643654227	0.03930287313472353	0.023402942344546318	
anchor	row10.anchor12	0	10	10	12	h6	central.query	3.2677297592163086	0.00019944639643654227	0.0005450821528950968	3.267484134994447e-05	
anchor	row10.anchor12	0	10	10	12	h6	central.value	3.2677297592163086	0.00019944639643654227	0.000402880805611531	1.2530965250334702e-05	
anchor	row10.anchor12	0	10	10	12	h6	revblock0.attn.proj	3.2677297592163086	0.00019944639643654227	4.268179726479454e-06	5.576337116508512e-07	
anchor	row10.anchor12	0	10	10	12	h6	revblock0.attn.qkv	3.2677297592163086	0.00019944639643654227	3.336209356128965e-06	6.966561016952255e-08	
anchor	row10.anchor12	0	10	10	12	h6	revblock0.ffn	3.2677297592163086	0.00019944639643654227	0.0003586066216210303	1.3024546205997467e-05	
anchor	row10.anchor12	0	10	10	12	h6	revblock0.norm1	3.2677297592163086	0.00019944639643654227	1.2017924181391283e-07	2.4101165507772748e-08	
anchor	row10.anchor12	0	10	10	12	h6	revblock0.norm2	3.2677297592163086	0.00019944639643654227	6.347765954559179e-06	3.826804459095001e-06	
anchor	row10.anchor12	0	10	10	12	h6	revblock1.attn.proj	3.2677297592163086	0.00019944639643654227	0.005787179898431942	0.0007849633693695068	
anchor	row10.anchor12	0	10	10	12	h6	revblock1.attn.qkv	3.2677297592163086	0.00019944639643654227	0.003187697452403538	7.680058479309082e-05	
anchor	row10.anchor12	0	10	10	12	h6	revblock1.ffn	3.2677297592163086	0.00019944639643654227	0.00019445825643782695	2.343207597732544e-06	
anchor	row10.anchor12	0	10	10	12	h6	revblock1.norm1	3.2677297592163086	0.00019944639643654227	2.9559574531536423e-05	9.059906005859375e-06	
anchor	row10.anchor12	0	10	10	12	h6	revblock1.norm2	3.2677297592163086	0.00019944639643654227	2.5147241838499234e-06	7.282942533493042e-07	
anchor	row10.anchor12	0	10	10	12	h5+h6	all	3.572359085083008	0.00043607898987829685	0.05757162203695542	0.023586424067616463	
anchor	row10.anchor12	0	10	10	12	h5+h6	central.hidden_phase	3.572359085083008	0.00043607898987829685	7.308725257925906e-06	1.6509054603375262e-06	
anchor	row10.anchor12	0	10	10	12	h5+h6	central.key	3.572359085083008	0.00043607898987829685	0.00025434251084327877	1.3776625564787537e-05	
anchor	row10.anchor12	0	10	10	12	h5+h6	central.memory_phase	3.572359085083008	0.00043607898987829685	2.9025511326054605e-05	1.5674446331104264e-05	
anchor	row10.anchor12	0	10	10	12	h5+h6	central.output	3.572359085083008	0.00043607898987829685	0.05675645199147342	0.023586424067616463	
anchor	row10.anchor12	0	10	10	12	h5+h6	central.query	3.572359085083008	0.00043607898987829685	0.000811129895477544	4.989969602320343e-05	
anchor	row10.anchor12	0	10	10	12	h5+h6	central.value	3.572359085083008	0.00043607898987829685	0.000659431849183437	2.4226552341133356e-05	
anchor	row10.anchor12	0	10	10	12	h5+h6	revblock0.attn.proj	3.572359085083008	0.00043607898987829685	6.135428152298339e-06	5.553757205234433e-07	
anchor	row10.anchor12	0	10	10	12	h5+h6	revblock0.attn.qkv	3.572359085083008	0.00043607898987829685	4.579001416762501e-06	7.892143116805528e-08	
anchor	row10.anchor12	0	10	10	12	h5+h6	revblock0.ffn	3.572359085083008	0.00043607898987829685	0.0006639459624926183	2.264394424855709e-05	
anchor	row10.anchor12	0	10	10	12	h5+h6	revblock0.norm1	3.572359085083008	0.00043607898987829685	1.5075944302990185e-07	3.512915469627842e-08	
anchor	row10.anchor12	0	10	10	12	h5+h6	revblock0.norm2	3.572359085083008	0.00043607898987829685	1.8751955406399957e-05	8.802860975265503e-06	
anchor	row10.anchor12	0	10	10	12	h5+h6	revblock1.attn.proj	3.572359085083008	0.00043607898987829685	0.008320986300427794	0.0007829219102859497	
anchor	row10.anchor12	0	10	10	12	h5+h6	revblock1.attn.qkv	3.572359085083008	0.00043607898987829685	0.004723020998136291	9.564310312271118e-05	
anchor	row10.anchor12	0	10	10	12	h5+h6	revblock1.ffn	3.572359085083008	0.00043607898987829685	0.0002217739528757595	2.8926879167556763e-06	
anchor	row10.anchor12	0	10	10	12	h5+h6	revblock1.norm1	3.572359085083008	0.00043607898987829685	4.7828679344270274e-05	1.3917684555053711e-05	
anchor	row10.anchor12	0	10	10	12	h5+h6	revblock1.norm2	3.572359085083008	0.00043607898987829685	2.6615946201549545e-06	8.065253496170044e-07	
anchor	row10.anchor13	0	10	10	13	h5	all	1.6418393850326538	0.00010020992340287194	0.03324518296233021	0.019745146855711937	
anchor	row10.anchor13	0	10	10	13	h5	central.hidden_phase	1.6418393850326538	0.00010020992340287194	4.094836952467871e-06	8.062672236519575e-07	
anchor	row10.anchor13	0	10	10	13	h5	central.key	1.6418393850326538	0.00010020992340287194	0.00012559270076307555	5.418115051725181e-06	
anchor	row10.anchor13	0	10	10	13	h5	central.memory_phase	1.6418393850326538	0.00010020992340287194	1.5838394043608096e-05	8.30570570542477e-06	
anchor	row10.anchor13	0	10	10	13	h5	central.output	1.6418393850326538	0.00010020992340287194	0.03278172474591015	0.019745146855711937	
anchor	row10.anchor13	0	10	10	13	h5	central.query	1.6418393850326538	0.00010020992340287194	0.0003483360103565744	2.1747722712461837e-05	
anchor	row10.anchor13	0	10	10	13	h5	central.value	1.6418393850326538	0.00010020992340287194	0.0003196006610912483	1.0963593013002537e-05	
anchor	row10.anchor13	0	10	10	13	h5	revblock0.attn.proj	1.6418393850326538	0.00010020992340287194	3.542725611719556e-06	4.5682972427130153e-07	
anchor	row10.anchor13	0	10	10	13	h5	revblock0.attn.qkv	1.6418393850326538	0.00010020992340287194	2.0946914724944707e-06	4.602146219667702e-08	
anchor	row10.anchor13	0	10	10	13	h5	revblock0.ffn	1.6418393850326538	0.00010020992340287194	0.00030340161425966404	1.3321638107299805e-05	
anchor	row10.anchor13	0	10	10	13	h5	revblock0.norm1	1.6418393850326538	0.00010020992340287194	8.264922662695315e-08	2.3590073894297348e-08	
anchor	row10.anchor13	0	10	10	13	h5	revblock0.norm2	1.6418393850326538	0.00010020992340287194	2.7172175504791994e-05	1.3891607522964478e-05	
anchor	row10.anchor13	0	10	10	13	h5	revblock1.attn.proj	1.6418393850326538	0.00010020992340287194	0.004920141758364691	0.0006941854953765869	
anchor	row10.anchor13	0	10	10	13	h5	revblock1.attn.qkv	1.6418393850326538	0.00010020992340287194	0.0024600999006685028	6.294576451182365e-05	
anchor	row10.anchor13	0	10	10	13	h5	revblock1.ffn	1.6418393850326538	0.00010020992340287194	8.92850784728697e-05	1.1784140951931477e-06	
anchor	row10.anchor13	0	10	10	13	h5	revblock1.norm1	1.6418393850326538	0.00010020992340287194	2.2848699294475196e-05	7.37607479095459e-06	
anchor	row10.anchor13	0	10	10	13	h5	revblock1.norm2	1.6418393850326538	0.00010020992340287194	1.0151430481709896e-06	2.123415470123291e-07	
anchor	row10.anchor13	0	10	10	13	h6	all	4.77532958984375	0.0002914629876613617	0.04092003949011171	0.024037299677729607	
anchor	row10.anchor13	0	10	10	13	h6	central.hidden_phase	4.77532958984375	0.0002914629876613617	1.2453843264281336e-05	2.599216941234772e-06	
anchor	row10.anchor13	0	10	10	13	h6	central.key	4.77532958984375	0.0002914629876613617	0.00022888804467045392	1.0769832442747429e-05	
anchor	row10.anchor13	0	10	10	13	h6	central.memory_phase	4.77532958984375	0.0002914629876613617	5.227039127970315e-05	2.657644472492393e-05	
anchor	row10.anchor13	0	10	10	13	h6	central.output	4.77532958984375	0.0002914629876613617	0.04030300145145083	0.024037299677729607	
anchor	row10.anchor13	0	10	10	13	h6	central.query	4.77532958984375	0.0002914629876613617	0.0011295802274485566	6.8840199674014e-05	
anchor	row10.anchor13	0	10	10	13	h6	central.value	4.77532958984375	0.0002914629876613617	0.0005361936313052547	1.745224290061742e-05	
anchor	row10.anchor13	0	10	10	13	h6	revblock0.attn.proj	4.77532958984375	0.0002914629876613617	4.392380299317469e-06	5.617675924440846e-07	
anchor	row10.anchor13	0	10	10	13	h6	revblock0.attn.qkv	4.77532958984375	0.0002914629876613617	3.6050409381699324e-06	6.55965592954999e-08	
anchor	row10.anchor13	0	10	10	13	h6	revblock0.ffn	4.77532958984375	0.0002914629876613617	0.0007032716602656996	2.9783579520881176e-05	
anchor	row10.anchor13	0	10	10	13	h6	revblock0.norm1	4.77532958984375	0.0002914629876613617	9.770552943708822e-08	3.3718357883572025e-08	
anchor	row10.anchor13	0	10	10	13	h6	revblock0.norm2	4.77532958984375	0.0002914629876613617	1.08061065763869e-05	7.539987564086914e-06	
anchor	row10.anchor13	0	10	10	13	h6	revblock1.attn.proj	4.77532958984375	0.0002914629876613617	0.006045330885278918	0.0008345246315002441	
anchor	row10.anchor13	0	10	10	13	h6	revblock1.attn.qkv	4.77532958984375	0.0002914629876613617	0.003380016596843162	6.797909736633301e-05	
anchor	row10.anchor13	0	10	10	13	h6	revblock1.ffn	4.77532958984375	0.0002914629876613617	0.00017387638169882806	1.9900035113096237e-06	
anchor	row10.anchor13	0	10	10	13	h6	revblock1.norm1	4.77532958984375	0.0002914629876613617	5.8809557911763194e-05	2.6226043701171875e-05	
anchor	row10.anchor13	0	10	10	13	h6	revblock1.norm2	4.77532958984375	0.0002914629876613617	2.0929760808540156e-06	4.507601261138916e-07	
anchor	row10.anchor13	0	10	10	13	h5+h6	all	3.208584487438202	0.00039167291106423363	0.04887309550837855	0.02385309897363186	
anchor	row10.anchor13	0	10	10	13	h5+h6	central.hidden_phase	3.208584487438202	0.00039167291106423363	9.130336936392916e-06	2.007027660511085e-06	
anchor	row10.anchor13	0	10	10	13	h5+h6	central.key	3.208584487438202	0.00039167291106423363	0.00017609273088360492	5.488524493557634e-06	
anchor	row10.anchor13	0	10	10	13	h5+h6	central.memory_phase	3.208584487438202	0.00039167291106423363	3.779879344566008e-05	2.049048271146603e-05	
anchor	row10.anchor13	0	10	10	13	h5+h6	central.output	3.208584487438202	0.00039167291106423363	0.048165232364960196	0.02385309897363186	
anchor	row10.anchor13	0	10	10	13	h5+h6	central.query	3.208584487438202	0.00039167291106423363	0.000815528096927783	5.4409942094935104e-05	
anchor	row10.anchor13	0	10	10	13	h5+h6	central.value	3.208584487438202	0.00039167291106423363	0.0005301760748882927	1.4556781025021337e-05	
anchor	row10.anchor13	0	10	10	13	h5+h6	revblock0.attn.proj	3.208584487438202	0.00039167291106423363	5.225140464921152e-06	5.571263272940996e-07	
anchor	row10.anchor13	0	10	10	13	h5+h6	revblock0.attn.qkv	3.208584487438202	0.00039167291106423363	4.1141081706688984e-06	9.642234743978406e-08	
anchor	row10.anchor13	0	10	10	13	h5+h6	revblock0.ffn	3.208584487438202	0.00039167291106423363	0.0007203307697385304	3.2397336326539516e-05	
anchor	row10.anchor13	0	10	10	13	h5+h6	revblock0.norm1	3.208584487438202	0.00039167291106423363	1.290751173047498e-07	3.2807360383912965e-08	
anchor	row10.anchor13	0	10	10	13	h5+h6	revblock0.norm2	3.208584487438202	0.00039167291106423363	2.579202471541958e-05	1.3884156942367554e-05	
anchor	row10.anchor13	0	10	10	13	h5+h6	revblock1.attn.proj	3.208584487438202	0.00039167291106423363	0.007216369048166134	0.0008274614810943604	
anchor	row10.anchor13	0	10	10	13	h5+h6	revblock1.attn.qkv	3.208584487438202	0.00039167291106423363	0.0038820889490972744	6.44465908408165e-05	
anchor	row10.anchor13	0	10	10	13	h5+h6	revblock1.ffn	3.208584487438202	0.00039167291106423363	0.0002029161866552818	2.16485932469368e-06	
anchor	row10.anchor13	0	10	10	13	h5+h6	revblock1.norm1	3.208584487438202	0.00039167291106423363	6.163063705630246e-05	2.3623928427696228e-05	
anchor	row10.anchor13	0	10	10	13	h5+h6	revblock1.norm2	3.208584487438202	0.00039167291106423363	2.4976464503443216e-06	5.19677996635437e-07	
anchor	row10.anchor14	0	10	10	14	h5	all	7.056624412536621	0.00043070217361673713	0.041849088316761485	0.02457200363278389	
anchor	row10.anchor14	0	10	10	14	h5	central.hidden_phase	7.056624412536621	0.00043070217361673713	1.7143135108181758e-05	3.8121756915643346e-06	
anchor	row10.anchor14	0	10	10	14	h5	central.key	7.056624412536621	0.00043070217361673713	0.0004151924531139239	1.6195162970689125e-05	
anchor	row10.anchor14	0	10	10	14	h5	central.memory_phase	7.056624412536621	0.00043070217361673713	7.423041828620172e-05	3.946873403037898e-05	
anchor	row10.anchor14	0	10	10	14	h5	central.output	7.056624412536621	0.00043070217361673713	0.041143269826207085	0.02457200363278389	
anchor	row10.anchor14	0	10	10	14	h5	central.query	7.056624412536621	0.00043070217361673713	0.0017326454741192028	0.00010146564454771578	
anchor	row10.anchor14	0	10	10	14	h5	central.value	7.056624412536621	0.00043070217361673713	0.0008071076371673836	2.5542618459439836e-05	
anchor	row10.anchor14	0	10	10	14	h5	revblock0.attn.proj	7.056624412536621	0.00043070217361673713	4.391236801278919e-06	5.496254971149028e-07	
anchor	row10.anchor14	0	10	10	14	h5	revblock0.attn.qkv	7.056624412536621	0.00043070217361673713	3.423623236040016e-06	6.86079246747795e-08	
anchor	row10.anchor14	0	10	10	14	h5	revblock0.ffn	7.056624412536621	0.00043070217361673713	0.00134347820751237	5.626492202281952e-05	
anchor	row10.anchor14	0	10	10	14	h5	revblock0.norm1	7.056624412536621	0.00043070217361673713	8.638691987518848e-08	2.074670568674719e-08	
anchor	row10.anchor14	0	10	10	14	h5	revblock0.norm2	7.056624412536621	0.00043070217361673713	1.4782678073971736e-05	8.165836334228516e-06	
anchor	row10.anchor14	0	10	10	14	h5	revblock1.attn.proj	7.056624412536621	0.00043070217361673713	0.006150752206564001	0.0008611977100372314	
anchor	row10.anchor14	0	10	10	14	h5	revblock1.attn.qkv	7.056624412536621	0.00043070217361673713	0.0038737405517012317	6.637722253799438e-05	
anchor	row10.anchor14	0	10	10	14	h5	revblock1.ffn	7.056624412536621	0.00043070217361673713	0.00031116478686837634	4.027271643280983e-06	
anchor	row10.anchor14	0	10	10	14	h5	revblock1.norm1	7.056624412536621	0.00043070217361673713	7.89260058386543e-05	1.7773360013961792e-05	
anchor	row10.anchor14	0	10	10	14	h5	revblock1.norm2	7.056624412536621	0.00043070217361673713	3.797258887058775e-06	1.0505318641662598e-06	
anchor	row10.anchor14	0	10	10	14	h6	all	2.753060817718506	0.00016803349717520177	0.03880429179606967	0.02275802195072174	
anchor	row10.anchor14	0	10	10	14	h6	central.hidden_phase	2.753060817718506	0.00016803349717520177	8.614076200843031e-07	1.999043774958409e-07	
anchor	row10.anchor14	0	10	10	14	h6	central.key	2.753060817718506	0.00016803349717520177	6.291114960167353e-05	2.1920393464824883e-06	
anchor	row10.anchor14	0	10	10	14	h6	central.memory_phase	2.753060817718506	0.00016803349717520177	2.5906740859259484e-06	7.967550459397899e-07	
anchor	row10.anchor14	0	10	10	14	h6	central.output	2.753060817718506	0.00016803349717520177	0.03826076777056748	0.02275802195072174	
anchor	row10.anchor14	0	10	10	14	h6	central.query	2.753060817718506	0.00016803349717520177	6.0266975963845285e-05	2.0389204564708052e-06	
anchor	row10.anchor14	0	10	10	14	h6	central.value	2.753060817718506	0.00016803349717520177	0.0003202648028887445	1.1760093002521899e-05	
anchor	row10.anchor14	0	10	10	14	h6	revblock0.attn.proj	2.753060817718506	0.00016803349717520177	4.126070766087694e-06	5.151210302756226e-07	
anchor	row10.anchor14	0	10	10	14	h6	revblock0.attn.qkv	2.753060817718506	0.00016803349717520177	3.0696338372601683e-06	6.035043753627178e-08	
anchor	row10.anchor14	0	10	10	14	h6	revblock0.ffn	2.753060817718506	0.00016803349717520177	0.0003303469763632304	1.0183081030845642e-05	
anchor	row10.anchor14	0	10	10	14	h6	revblock0.norm1	2.753060817718506	0.00016803349717520177	1.1243257969322033e-07	2.7567319094146114e-08	
anchor	row10.anchor14	0	10	10	14	h6	revblock0.norm2	2.753060817718506	0.00016803349717520177	4.387898414022331e-06	2.518296241760254e-06	
anchor	row10.anchor14	0	10	10	14	h6	revblock1.attn.proj	2.753060817718506	0.00016803349717520177	0.005778020466380319	0.0008062124252319336	
anchor	row10.anchor14	0	10	10	14	h6	revblock1.attn.qkv	2.753060817718506	0.00016803349717520177	0.0028749770967227864	5.7756900787353516e-05	
anchor	row10.anchor14	0	10	10	14	h6	revblock1.ffn	2.753060817718506	0.00016803349717520177	0.00012402489183328501	1.4310353435575962e-06	
anchor	row10.anchor14	0	10	10	14	h6	revblock1.norm1	2.753060817718506	0.00016803349717520177	3.117085897379225e-05	8.843839168548584e-06	
anchor	row10.anchor14	0	10	10	14	h6	revblock1.norm2	2.753060817718506	0.00016803349717520177	1.425297388741091e-06	3.4319236874580383e-07	
anchor	row10.anchor14	0	10	10	14	h5+h6	all	4.9048426151275635	0.0005987356707919389	0.05737194820038922	0.024554938077926636	
anchor	row10.anchor14	0	10	10	14	h5+h6	central.hidden_phase	4.9048426151275635	0.0005987356707919389	1.7118224941353265e-05	3.882281816913746e-06	
anchor	row10.anchor14	0	10	10	14	h5+h6	central.key	4.9048426151275635	0.0005987356707919389	0.0004381501071238283	1.702633744571358e-05	
anchor	row10.anchor14	0	10	10	14	h5+h6	central.memory_phase	4.9048426151275635	0.0005987356707919389	7.41723705732249e-05	3.962272239732556e-05	
anchor	row10.anchor14	0	10	10	14	h5+h6	central.output	4.9048426151275635	0.0005987356707919389	0.05647077456374692	0.024554938077926636	
anchor	row10.anchor14	0	10	10	14	h5+h6	central.query	4.9048426151275635	0.0005987356707919389	0.0017591159356113537	0.00010350456432206556	
anchor	row10.anchor14	0	10	10	14	h5+h6	central.value	4.9048426151275635	0.0005987356707919389	0.000873923521220063	3.4687051083892584e-05	
anchor	row10.anchor14	0	10	10	14	h5+h6	revblock0.attn.proj	4.9048426151275635	0.0005987356707919389	6.0644116218453664e-06	5.491515935318603e-07	
anchor	row10.anchor14	0	10	10	14	h5+h6	revblock0.attn.qkv	4.9048426151275635	0.0005987356707919389	4.551251168932091e-06	8.749669433427698e-08	
anchor	row10.anchor14	0	10	10	14	h5+h6	revblock0.ffn	4.9048426151275635	0.0005987356707919389	0.0014012148913000212	5.934387445449829e-05	
anchor	row10.anchor14	0	10	10	14	h5+h6	revblock0.norm1	4.9048426151275635	0.0005987356707919389	1.3706715223715378e-07	3.162453054983416e-08	
anchor	row10.anchor14	0	10	10	14	h5+h6	revblock0.norm2	4.9048426151275635	0.0005987356707919389	1.6365790058679408e-05	7.982365787029266e-06	
anchor	row10.anchor14	0	10	10	14	h5+h6	revblock1.attn.proj	4.9048426151275635	0.0005987356707919389	0.008493399689626332	0.0008604675531387329	
anchor	row10.anchor14	0	10	10	14	h5+h6	revblock1.attn.qkv	4.9048426151275635	0.0005987356707919389	0.004929807566911206	8.054077625274658e-05	
anchor	row10.anchor14	0	10	10	14	h5+h6	revblock1.ffn	4.9048426151275635	0.0005987356707919389	0.0003520830185913583	4.174769856035709e-06	
anchor	row10.anchor14	0	10	10	14	h5+h6	revblock1.norm1	4.9048426151275635	0.0005987356707919389	8.66504253133981e-05	2.1886080503463745e-05	
anchor	row10.anchor14	0	10	10	14	h5+h6	revblock1.norm2	4.9048426151275635	0.0005987356707919389	4.357642104584552e-06	1.1604279279708862e-06	
anchor	row10.anchor15	0	10	10	15	h5	all	3.1828579902648926	0.0001942662347573787	0.039852868253660675	0.023430997505784035	
anchor	row10.anchor15	0	10	10	15	h5	central.hidden_phase	3.1828579902648926	0.0001942662347573787	4.57147917876804e-06	9.786442660697503e-07	
anchor	row10.anchor15	0	10	10	15	h5	central.key	3.1828579902648926	0.0001942662347573787	0.00014725951451471445	7.582177204312757e-06	
anchor	row10.anchor15	0	10	10	15	h5	central.memory_phase	3.1828579902648926	0.0001942662347573787	1.888766560983018e-05	9.845428394328337e-06	
anchor	row10.anchor15	0	10	10	15	h5	central.output	3.1828579902648926	0.0001942662347573787	0.03927345237158727	0.023430997505784035	
anchor	row10.anchor15	0	10	10	15	h5	central.query	3.1828579902648926	0.0001942662347573787	0.0005154023801042047	3.0345261620823294e-05	
anchor	row10.anchor15	0	10	10	15	h5	central.value	3.1828579902648926	0.0001942662347573787	0.000400971126605515	1.2200025594211183e-05	
anchor	row10.anchor15	0	10	10	15	h5	revblock0.attn.proj	3.1828579902648926	0.0001942662347573787	3.75480180226639e-06	4.694501853919064e-07	
anchor	row10.anchor15	0	10	10	15	h5	revblock0.attn.qkv	3.1828579902648926	0.0001942662347573787	3.058958733569251e-06	6.284385278831905e-08	
anchor	row10.anchor15	0	10	10	15	h5	revblock0.ffn	3.1828579902648926	0.0001942662347573787	0.00034894274876510426	1.3969838619232178e-05	
anchor	row10.anchor15	0	10	10	15	h5	revblock0.norm1	3.1828579902648926	0.0001942662347573787	1.0794055932447181e-07	2.0960653657198236e-08	
anchor	row10.anchor15	0	10	10	15	h5	revblock0.norm2	3.1828579902648926	0.0001942662347573787	5.765494246145205e-06	3.5017728805541992e-06	
anchor	row10.anchor15	0	10	10	15	h5	revblock1.attn.proj	3.1828579902648926	0.0001942662347573787	0.005932132677615075	0.0008456707000732422	
anchor	row10.anchor15	0	10	10	15	h5	revblock1.attn.qkv	3.1828579902648926	0.0001942662347573787	0.0031716876537838242	7.024407386779785e-05	
anchor	row10.anchor15	0	10	10	15	h5	revblock1.ffn	3.1828579902648926	0.0001942662347573787	0.00016178865222616506	1.7881393432617188e-06	
anchor	row10.anchor15	0	10	10	15	h5	revblock1.norm1	3.1828579902648926	0.0001942662347573787	2.7710557298954683e-05	8.344650268554688e-06	
anchor	row10.anchor15	0	10	10	15	h5	revblock1.norm2	3.1828579902648926	0.0001942662347573787	2.1270495222890047e-06	6.798654794692993e-07	
anchor	row10.anchor15	0	10	10	15	h6	all	2.1392884254455566	0.00013057180331088603	0.03638434486368403	0.021386895328760147	
anchor	row10.anchor15	0	10	10	15	h6	central.hidden_phase	2.1392884254455566	0.00013057180331088603	1.27847766493705e-06	2.438902413359756e-07	
anchor	row10.anchor15	0	10	10	15	h6	central.key	2.1392884254455566	0.00013057180331088603	7.708553455240833e-05	3.034247356481501e-06	
anchor	row10.anchor15	0	10	10	15	h6	central.memory_phase	2.1392884254455566	0.00013057180331088603	3.475935408717132e-06	1.6651010810164735e-06	
anchor	row10.anchor15	0	10	10	15	h6	central.output	2.1392884254455566	0.00013057180331088603	0.03585988953632635	0.021386895328760147	
anchor	row10.anchor15	0	10	10	15	h6	central.query	2.1392884254455566	0.00013057180331088603	0.0001037533687482772	5.723985850636382e-06	
anchor	row10.anchor15	0	10	10	15	h6	central.value	2.1392884254455566	0.00013057180331088603	0.0003398688309342213	9.997740562539548e-06	
anchor	row10.anchor15	0	10	10	15	h6	revblock0.attn.proj	2.1392884254455566	0.00013057180331088603	3.453543275364859e-06	4.3215379719185876e-07	
anchor	row10.anchor15	0	10	10	15	h6	revblock0.attn.qkv	2.1392884254455566	0.00013057180331088603	2.304478719301744e-06	4.28646202976779e-08	
anchor	row10.anchor15	0	10	10	15	h6	revblock0.ffn	2.1392884254455566	0.00013057180331088603	0.00026741034958109415	1.0084360837936401e-05	
anchor	row10.anchor15	0	10	10	15	h6	revblock0.norm1	2.1392884254455566	0.00013057180331088603	9.751697786433337e-08	3.186658048548452e-08	
anchor	row10.anchor15	0	10	10	15	h6	revblock0.norm2	2.1392884254455566	0.00013057180331088603	8.54441316193019e-06	5.632638931274414e-06	
anchor	row10.anchor15	0	10	10	15	h6	revblock1.attn.proj	2.1392884254455566	0.00013057180331088603	0.00545499741610734	0.0007718205451965332	
anchor	row10.anchor15	0	10	10	15	h6	revblock1.attn.qkv	2.1392884254455566	0.00013057180331088603	0.002812806256774036	5.82672655582428e-05	
anchor	row10.anchor15	0	10	10	15	h6	revblock1.ffn	2.1392884254455566	0.00013057180331088603	0.0001254660167968422	1.3131648302078247e-06	
anchor	row10.anchor15	0	10	10	15	h6	revblock1.norm1	2.1392884254455566	0.00013057180331088603	2.057039323231876e-05	9.065959602594376e-06	
anchor	row10.anchor15	0	10	10	15	h6	revblock1.norm2	2.1392884254455566	0.00013057180331088603	1.6918747942727475e-06	6.826594471931458e-07	
anchor	row10.anchor15	0	10	10	15	h5+h6	all	2.6610732078552246	0.0003248380380682647	0.0513951372065171	0.022440163418650627	
anchor	row10.anchor15	0	10	10	15	h5+h6	central.hidden_phase	2.6610732078552246	0.0003248380380682647	5.443908911170814e-06	1.168640551441058e-06	
anchor	row10.anchor15	0	10	10	15	h5+h6	central.key	2.6610732078552246	0.0003248380380682647	0.0001885848762242644	9.103216143557802e-06	
anchor	row10.anchor15	0	10	10	15	h5+h6	central.memory_phase	2.6610732078552246	0.0003248380380682647	2.1506547755437098e-05	1.151052947534481e-05	
anchor	row10.anchor15	0	10	10	15	h5+h6	central.output	2.6610732078552246	0.0003248380380682647	0.050656495540242666	0.022440163418650627	
anchor	row10.anchor15	0	10	10	15	h5+h6	central.query	2.6610732078552246	0.0003248380380682647	0.0006038931765002592	3.6069246561964974e-05	
anchor	row10.anchor15	0	10	10	15	h5+h6	central.value	2.6610732078552246	0.0003248380380682647	0.0005102245606349585	1.5243735106196254e-05	
anchor	row10.anchor15	0	10	10	15	h5+h6	revblock0.attn.proj	2.6610732078552246	0.0003248380380682647	4.856626400820391e-06	4.4913042529515224e-07	
anchor	row10.anchor15	0	10	10	15	h5+h6	revblock0.attn.qkv	2.6610732078552246	0.0003248380380682647	3.6575369887493405e-06	6.419242026822758e-08	
anchor	row10.anchor15	0	10	10	15	h5+h6	revblock0.ffn	2.6610732078552246	0.0003248380380682647	0.00042586125556646234	1.5050172805786133e-05	
anchor	row10.anchor15	0	10	10	15	h5+h6	revblock0.norm1	2.6610732078552246	0.0003248380380682647	1.519567762131058e-07	4.1611375678485274e-08	
anchor	row10.anchor15	0	10	10	15	h5+h6	revblock0.norm2	2.6610732078552246	0.0003248380380682647	1.2668242258132732e-05	9.134411811828613e-06	
anchor	row10.anchor15	0	10	10	15	h5+h6	revblock1.attn.proj	2.6610732078552246	0.0003248380380682647	0.0076722678520611785	0.000809401273727417	
anchor	row10.anchor15	0	10	10	15	h5+h6	revblock1.attn.qkv	2.6610732078552246	0.0003248380380682647	0.003954068736868456	7.373467087745667e-05	
anchor	row10.anchor15	0	10	10	15	h5+h6	revblock1.ffn	2.6610732078552246	0.0003248380380682647	0.00019377349899469255	2.162531018257141e-06	
anchor	row10.anchor15	0	10	10	15	h5+h6	revblock1.norm1	2.6610732078552246	0.0003248380380682647	3.2415286820983726e-05	8.66129994392395e-06	
anchor	row10.anchor15	0	10	10	15	h5+h6	revblock1.norm2	2.6610732078552246	0.0003248380380682647	2.7917176738187873e-06	9.103678166866302e-07	
validation	row_sum_vs_micro0	0				h5	all					0.00010921132809850947
validation	anchor_sum_vs_dominant_row	0	10			h5	all					1.5403727970609206e-05
validation	row_sum_vs_micro0	0				h6	all					3.756499474132081e-05
validation	anchor_sum_vs_dominant_row	0	10			h6	all					2.7856428387057085e-05
