checkpoint_step	example	token_start	anchor_position	horizon	previous_memory_norm	rotated_memory_norm	write_norm	updated_memory_norm	updated_over_previous_norm	updated_over_incoherent_write_rss	updated_over_sum_write_norm	energy_delta	write_energy	cross_energy	write_alignment_cosine	cross_energy_negative	memory_energy_decreased	memory_norm_decreased	unitary_norm_error_abs	energy_identity_error	energy_identity_error_relative_abs	q_norm	k_norm	v_norm	outer_product_norm_error_relative_abs	forward_write_recompute_error_max	raw_read_norm	frob_normalized_read_norm	previous_hidden_norm	measurement_delta_norm	updated_hidden_norm	decoder_read_hidden_norm	write_real_negative_fraction	entrywise_cancellation_fraction
13428	0	342139	0	1	0.0	0.0	16401.17848444207	16401.17848444207	nan	1.0	1.0	268998655.67852545	268998655.67852545	0.0	nan	0.0	0.0	0.0	0.0	0.0	0.0	208.45156362759673	191.7067780442581	275.58780749942076	3.0921418647522453e-09	0.0	169924.23289359818	10.360489230507305	163.42983957343327	146.13537753971625	103.75315054092071	65.96967958623378	0.4964717741935484	0.0
13428	0	342139	16	1	0.0	0.0	25109.3039729173	25109.3039729173	nan	1.0	1.0	630477146.0043604	630477146.0043604	0.0	nan	0.0	0.0	0.0	0.0	0.0	0.0	255.55824448526897	234.179948995546	325.68717141317563	1.9342969708909146e-09	0.0	301399.4349809255	12.00349624773943	142.94952341696762	134.4817207341327	81.06527713144739	65.9696692109947	0.49369959677419356	0.0
13428	0	342139	32	1	0.0	0.0	13508.335884357664	13508.335884357664	nan	1.0	1.0	182475138.36462498	182475138.36462498	0.0	nan	0.0	0.0	0.0	0.0	0.0	0.0	222.16913253955565	188.4788982294572	226.23618701196438	4.194688867330843e-10	0.0	202021.78820613326	14.955342362495047	247.01939007401504	161.8377393994455	162.6870404582231	65.96968617197568	0.5007560483870968	0.0
13428	0	342139	48	1	0.0	0.0	37250.526229657335	37250.526229657335	nan	1.0	1.0	1387601704.386389	1387601704.386389	0.0	nan	0.0	0.0	0.0	0.0	0.0	0.0	196.6238786394809	254.38306105229861	355.1397269081807	1.7295747032518333e-08	0.0	275429.0910631894	7.393965140762335	116.04159331449817	95.12606857582605	70.98201105992632	65.96965904402641	0.5055443548387096	0.0
13428	0	342139	64	1	0.0	0.0	1911.5886183301234	1911.5886183301234	nan	1.0	1.0	3654171.0457292697	3654171.0457292697	0.0	nan	0.0	0.0	0.0	0.0	0.0	0.0	121.16870365851487	71.97893073682657	67.67799669950378	5.061303563692639e-09	0.0	13419.51312955435	7.020084223760877	1457.7755049940854	87.63888759692193	1516.3504880560495	65.96968928590302	0.5042842741935484	0.0
13428	0	342139	80	1	0.0	0.0	17787.195389045402	17787.195389045402	nan	1.0	1.0	316384319.80807805	316384319.80807805	0.0	nan	0.0	0.0	0.0	0.0	0.0	0.0	240.1587985076402	221.7303359494461	278.34184197018453	4.876006110907962e-09	0.0	253815.58876680204	14.269567785867173	135.28866915247417	124.42151586636847	96.47392036278387	65.9696758486582	0.4974798387096774	0.0
13428	0	342139	96	1	0.0	0.0	17773.763514223658	17773.763514223658	nan	1.0	1.0	315906669.4595481	315906669.4595481	0.0	nan	0.0	0.0	0.0	0.0	0.0	0.0	221.06031246877026	212.6486199728717	262.89232991280073	6.661807075983096e-09	0.0	212186.96476444384	11.93821239763311	220.533384570234	140.16257115357024	137.79309781004622	65.9696803221882	0.4909274193548387	0.0
13428	0	342139	112	1	0.0	0.0	15495.34781649342	15495.34781649342	nan	1.0	1.0	240105803.9541074	240105803.9541074	0.0	nan	0.0	0.0	0.0	0.0	0.0	0.0	203.86295656943832	201.5767689129649	243.40860994910597	2.0884069344121603e-08	0.0	192676.89263349838	12.434499488422935	236.1247193349076	143.33189376451335	156.7281455638441	65.96968626917868	0.49722782258064513	0.0
13428	0	342139	128	1	0.0	0.0	39163.3401293502	39163.3401293502	nan	1.0	1.0	1533767210.0871718	1533767210.0871718	0.0	nan	0.0	0.0	0.0	0.0	0.0	0.0	210.6895932151526	264.59998544462053	361.158829544083	4.2158677732638976e-09	0.0	291809.8755881979	7.451097784695459	112.91968253743879	93.70462613842889	64.92025621475975	65.96965455849286	0.5040322580645161	0.0
13428	0	342139	144	1	0.0	0.0	27051.954658247665	27051.954658247665	nan	1.0	1.0	731808250.8318876	731808250.8318876	0.0	nan	0.0	0.0	0.0	0.0	0.0	0.0	252.89919922014934	258.1204693040266	328.1230542424859	1.239187021286903e-08	0.0	324867.0710799653	12.009005442255948	127.76135339192241	121.0718628266359	83.82078469298338	65.96967041910652	0.502016129032258	0.0
13428	0	342139	160	1	0.0	0.0	27555.48244279497	27555.48244279497	nan	1.0	1.0	759304612.655182	759304612.655182	0.0	nan	0.0	0.0	0.0	0.0	0.0	0.0	263.0720743152795	258.0870870116996	326.4669798971295	8.436059911684304e-09	0.0	498459.3065217917	18.08929702651369	143.82722439345127	156.88646420076557	91.9331771249651	65.96967407125047	0.5047883064516129	0.0
13428	0	342139	176	1	0.0	0.0	14769.115708095018	14769.115708095018	nan	1.0	1.0	218126778.79909903	218126778.79909903	0.0	nan	0.0	0.0	0.0	0.0	0.0	0.0	214.19455297739074	196.88129841533998	242.3783726107788	7.958158175516883e-09	0.0	188626.67451405333	12.771697219995001	251.59895660561375	150.5753323003312	161.24262182334655	65.96968038283504	0.4949596774193548	0.0
13428	0	342139	192	1	0.0	0.0	23626.808261235146	23626.808261235146	nan	1.0	1.0	558226068.6131693	558226068.6131693	0.0	nan	0.0	0.0	0.0	0.0	0.0	0.0	205.9295735666538	238.11671077159926	306.58522059117735	3.06863916284541e-09	0.0	220407.6012020549	9.328708202987235	128.76963325202814	99.88685153748251	75.8562000484299	65.969665101083	0.49899193548387094	0.0
13428	0	342139	208	1	0.0	0.0	20380.885847080015	20380.885847080015	nan	1.0	1.0	415380507.91170645	415380507.91170645	0.0	nan	0.0	0.0	0.0	0.0	0.0	0.0	248.57466494089272	226.0046480618151	291.78098824959847	8.342436388597492e-09	0.0	261634.34085762643	12.837240874141266	208.0636940222303	140.27175773898227	131.22597158893967	65.96968549818426	0.4962197580645161	0.0
13428	0	342139	224	1	0.0	0.0	19643.43140448819	19643.43140448819	nan	1.0	1.0	385864397.3428329	385864397.3428329	0.0	nan	0.0	0.0	0.0	0.0	0.0	0.0	239.3816727342355	221.6254709036873	295.70614780948176	4.173111013564807e-09	0.0	296284.81669525325	15.083149621401708	145.0237558297348	132.06051285470105	95.45062222219167	65.96967435239367	0.49017137096774194	0.0
13428	0	342139	240	1	0.0	0.0	2465.0845994161614	2465.0845994161614	nan	1.0	1.0	6076642.082278738	6076642.082278738	0.0	nan	0.0	0.0	0.0	0.0	0.0	0.0	125.16735883017131	85.75391690388246	77.34380841479751	3.744316341349861e-09	0.0	24345.58859672558	9.876167591553806	1282.1199306027636	101.67714346339126	1328.606388646581	65.9696906296103	0.5032762096774194	0.0
13428	0	342139	0	2	16401.17848444207	16401.178424891335	12829.473135616969	26569.588306567213	1.6199804380990523	1.2759779657598593	0.9089632571972595	436944367.1019478	164595380.9375175	272348993.5225072	0.6471603542572228	0.0	0.0	0.0	5.955073356744833e-05	-7.3580769300460815	1.6839848465947373e-08	111.05929555834446	162.54311386495598	174.6929724928639	1.2611585749380045e-08	0.0	165377.79927076868	6.22432675511137	103.75315054092071	37.951216033448326	100.96716397201662	65.96967049905052	0.506804435483871	0.2127016129032258
13428	0	342139	16	2	25109.3039729173	25109.303919600272	16901.15546206429	36568.67392425806	1.4563794346390784	1.2081797705011632	0.8704659367235527	706790766.5743506	285649055.95286554	421141709.32063496	0.4961890659813196	0.0	0.0	0.0	5.3317027777666226e-05	1.3008500933647156	1.8405023875306571e-09	129.04738370585352	185.2142896229968	198.74468238339807	3.048194388568753e-09	0.0	203784.08754831675	5.57264090341621	81.06527713144739	43.208146689607744	79.99052010280936	65.96966459331531	0.49470766129032256	0.36693548387096775
13428	0	342139	32	2	13508.335884357664	13508.335877583782	6506.135779498031	18048.675753276897	1.3361139305232141	1.2037669531394044	0.9017812738904896	143279558.08230042	42329802.781264454	100949756.68714657	0.5743151962099335	0.0	0.0	0.0	6.773881978006102e-06	-1.3861106038093567	9.674168613872807e-09	95.5853626399132	111.22203058972744	138.25548923493923	1.7985863712997688e-09	0.0	111730.34995768311	6.190501294798031	162.6870404582231	47.36214004128806	158.21502664114888	65.96968665186539	0.5042842741935484	0.24470766129032256
13428	0	342139	48	2	37250.526229657335	37250.52610071603	20834.86349873211	53871.13032191216	1.4461844106519544	1.2621717759030364	0.9274471699994887	1514496977.7740552	434091537.01079965	1080405461.2396343	0.6960392090627017	0.0	0.0	0.0	0.0001289413048652932	-20.476378679275513	1.35202506045082e-08	99.98147777093287	192.33063089093238	215.9001816113334	1.4697024127994332e-08	0.0	188557.19644458187	3.5001529480194966	70.98201105992632	29.749538254148177	76.17023452580297	65.9696699960032	0.5047883064516129	0.26083669354838707
13428	0	342139	64	2	1911.5886183301234	1911.5886170298834	1913.0699588089808	3800.8074317535725	1.988297793420524	1.405394208757787	0.9937638497909079	10791966.087543918	3659836.667297396	7132129.356894778	0.9751331665737548	0.0	0.0	0.0	1.3002400010009296e-06	0.06335174385458231	5.8702689890494434e-09	122.47470706799537	70.42249596301133	66.43940506723845	1.50054888746452e-08	0.0	24929.476942532892	6.55899499777962	1516.3504880560495	77.80827034338898	1574.0952691975642	65.96968793330608	0.5075604838709677	0.004284274193548387
13428	0	342139	80	2	17787.195389045402	17787.195377360513	6675.924721799649	21493.455922573896	1.2083667746637037	1.1313092809085512	0.8786064829500373	145584327.68754876	44567970.89113572	101016355.76893464	0.4253464328739745	0.0	0.0	0.0	1.16848896141164e-05	1.0274783968925476	7.057616799918936e-09	103.90283471259626	118.4665960828238	130.0978676257988	1.1990260655083762e-08	0.0	138003.3298000629	6.420713867703231	96.47392036278387	40.91206740653974	92.05180665710338	65.96967426939601	0.49193548387096775	0.4188508064516129
13428	0	342139	96	2	17773.763514223658	17773.7635509433	13929.19435125937	29790.257972957537	1.6760804738466077	1.3192264656136228	0.9396680934113103	571552800.6358119	194022455.27515593	377530348.1343434	0.7624589672145095	0.0	0.0	0.0	3.671964077511802e-05	-2.7736873626708984	4.852897859279787e-09	80.30798082655703	164.94182326954555	199.7903856588665	8.664074706621054e-10	0.0	150874.81693756033	5.0645690073964	137.79309781004622	40.162964362907594	136.83768197593653	65.96968028020561	0.5118447580645161	0.16431451612903225
13428	0	342139	112	2	15495.34781649342	15495.34784449647	11629.049323066187	25238.7378676515	1.6287945366923036	1.302731353446582	0.9304810624101221	396888085.1979184	135234788.15830612	261653297.79854393	0.7260234942440678	0.0	0.0	0.0	2.800304901029449e-05	-0.7589316368103027	1.912205644651293e-09	87.40540468709143	156.74319966981014	175.02527979430005	1.0065100468767568e-08	0.0	131788.75900688002	5.221685810905748	156.7281455638441	34.41104015638178	156.21400602596773	65.96967922946189	0.5050403225806451	0.17288306451612903
13428	0	342139	128	2	39163.3401293502	39163.33978092183	23378.509274844437	58292.81533342815	1.4884536186366222	1.278055635187308	0.9320609462104984	1864285109.4099844	546554695.9139874	1317730441.7185302	0.7196147353537927	0.0	0.0	0.0	0.00034842837339965627	-28.222533226013184	1.513852848127138e-08	88.41471799262082	202.37028653050942	232.68221672942371	3.0953740164668163e-09	0.0	193694.84095710545	3.322790976640128	64.92025621475975	29.833482967214206	69.01065697157102	65.96966129996316	0.5032762096774194	0.2421875
13428	0	342139	144	2	27051.954658247665	27051.954719563786	12229.02342171017	34454.807552606944	1.273653160663652	1.1605766649737213	0.877137210852361	455325512.6552931	149549013.84873593	305776486.24068946	0.4621507492824948	0.0	0.0	0.0	6.13161209912505e-05	12.565867722034454	2.7597548067875385e-08	149.13263512952906	164.3512794861661	164.39325084951005	9.987532718613398e-09	0.0	266014.5615438768	7.720680527792023	83.82078469298338	44.712708973233745	77.93168944680635	65.96967053262483	0.5143649193548387	0.3876008064516129
13428	0	342139	160	2	27555.48244279497	27555.482491123286	13902.827112169596	35998.289991082594	1.3063930223618783	1.1663479473841392	0.868300960109259	536572269.6268953	193288601.710878	343283650.7688481	0.44803504190511756	0.0	0.0	0.0	4.832831473322585e-05	17.147169172763824	3.195686796242206e-08	162.17955124877918	180.25406467476984	168.7158996825004	1.1650619063224838e-08	0.0	386282.8638422248	10.730589304233831	91.9331771249651	61.78058220149685	78.44228563510296	65.96966456633912	0.5017641129032258	0.4173387096774193
13428	0	342139	176	2	14769.115708095018	14769.115731432064	10310.28275999494	23332.620821992925	1.5798251759382054	1.2953999738336055	0.9303500979770482	326284415.6237988	106301930.59104888	219982486.00630677	0.7223256554795527	0.0	0.0	0.0	2.3337046513915993e-05	-0.9735568761825562	2.9837676259262508e-09	86.65444140464724	146.2186655956786	170.4880254099503	4.084173753127023e-10	0.0	119533.86295194676	5.123036273965296	161.24262182334655	42.15198282278567	157.35150713824504	65.96968680525696	0.5143649193548387	0.15171370967741934
13428	0	342139	192	2	23626.808261235146	23626.808155051513	15970.545485359002	36633.645139355605	1.550511805670382	1.284573372521155	0.925153871993442	783797887.5830632	255058323.0999208	528739562.0864177	0.7006272205568024	0.0	0.0	0.0	0.00010618363376124762	2.396724760532379	3.0578351874907105e-09	97.93396761051726	181.28779400529376	202.35116762257553	2.942688871018254e-08	0.0	152315.75982827932	4.157810622111786	75.8562000484299	24.698265206860675	79.1591877829817	65.9696732232553	0.5005040322580645	0.24722782258064516
13428	0	342139	208	2	20380.885847080015	20380.88589476746	14473.781900247335	32399.167663672444	1.5896839767793653	1.296100605417652	0.9295503230311758	634325557.3870517	209490362.49592736	424835200.2359258	0.7200877390420826	0.0	0.0	0.0	4.768744474858977e-05	-5.344801425933838	8.42595945203664e-09	78.54897363754137	166.23816032268462	206.5954577093177	1.060074500825354e-08	0.0	157446.55000539805	4.859586280404912	131.22597158893967	36.77335034241061	131.46796159566898	65.96968290947662	0.5047883064516129	0.22983870967741934
13428	0	342139	224	2	19643.43140448819	19643.431404183804	9496.763229784776	25265.870265753198	1.2862248832951038	1.1579949089857637	0.8670453503435761	252499802.9430387	90188511.84259215	162311295.4822253	0.43503658725994515	0.0	0.0	0.0	3.0438604881055653e-07	-4.381778746843338	1.7353592738572635e-08	108.05241233894458	142.2256546241971	160.03093487073613	6.366209832664749e-10	0.0	149914.06212982524	5.933461251610079	95.45062222219167	36.090058844236474	91.17357143480429	65.96967752263464	0.4974798387096774	0.41204637096774194
13428	0	342139	240	2	2465.0845994161614	2465.084597407813	2334.7686971455387	4746.194491444463	1.925367791664662	1.3978885903510216	0.9888207405931189	16449720.068339026	5451144.869170676	10998575.038044453	0.9555000990243335	0.0	0.0	0.0	2.0083484741917346e-06	0.16112389788031578	9.794932510154558e-09	123.7698281172751	81.34686959850868	73.41952295672709	8.901361477815361e-09	0.0	40046.311881411886	8.437562370550086	1328.606388646581	88.40525464221962	1383.7363367712305	65.96968985659534	0.5063004032258064	0.014364919354838709
13428	0	342139	0	3	26569.588306567213	26569.58856664142	15555.237182939929	40450.65223049058	1.5224418144443879	1.5563015319979396	0.9032008365050447	930312243.0916195	241965403.81751692	688346832.3362665	0.8327523283760804	0.0	0.0	0.0	0.0002600742081995122	6.937836050987244	7.457534932498989e-09	86.22950300545007	172.982087750017	193.87496832800022	1.0857909350110447e-08	0.0	113916.66260816822	2.816188517707757	100.96716397201662	19.007996490473474	102.63594971484079	65.96967529977813	0.5100806451612903	0.11945564516129031
13428	0	342139	16	3	36568.67392425806	36568.673477306984	22046.419087551323	56473.50385137699	1.5443136923243732	1.5081490857658422	0.8816149827143331	1851988724.6727805	486044594.58394724	1365944140.2159796	0.8471409551324043	0.0	0.0	0.0	0.0004469510749913752	-10.127146244049072	5.46825480583765e-09	96.37056082626789	209.92841561896446	225.6009910109013	4.1388771699943407e-11	0.0	171551.49666435624	3.0377342460164765	79.99052010280936	23.238512892693496	79.43887107502997	65.96966477990867	0.5128528225806451	0.15297379032258063
13428	0	342139	32	3	18048.675753276897	18048.675839283555	4963.074815703421	20648.6256163636	1.1440521121121396	1.3074065814111187	0.8266875064475137	100611043.39782166	24632111.62626955	75978925.75335145	0.42409874402450887	0.0	0.0	0.0	8.600665751146153e-05	6.018200665712357	5.98165018716291e-08	124.26957217199791	100.59713504683293	107.78929025111385	3.834075908286309e-09	0.0	120507.85060824137	5.836119699394393	158.21502664114888	33.14421257694278	161.81008815078073	65.96968392512518	0.49949596774193544	0.3092237903225806
13428	0	342139	48	3	53871.13032191216	53871.13023954096	22700.511946518607	74809.15161868306	1.3886686834238249	1.5474790241518244	0.9260174122921082	2694310483.746665	515313242.63403404	2178997239.88902	0.8909122808431972	0.0	0.0	0.0	8.237120346166193e-05	1.2236108779907227	4.5414620377722355e-10	94.4872518748904	205.95280522357282	221.9957394756165	1.2998580461366539e-08	0.0	182246.91145980064	2.4361579603978507	76.17023452580297	19.506081388594893	75.15973371299081	65.96966727542775	0.5040322580645161	0.07358870967741936
13428	0	342139	64	3	3800.8074317535725	3800.8074231379414	1954.1427525312365	5701.002768702607	1.4999451750893742	1.7086431019676531	0.9865372494174025	18055295.435481597	3818673.8972703572	14236621.371157633	0.9583955474549789	0.0	0.0	0.0	8.615631031716475e-06	0.16705360636115074	9.252333032051261e-09	124.32640721316963	70.37121495973813	65.99411293882635	8.668360806895326e-09	0.0	35704.15528164014	6.262785110879764	1574.0952691975642	69.48216814107717	1628.6293778972474	65.96969491097073	0.5055443548387096	0.0073084677419354835
13428	0	342139	80	3	21493.455922573896	21493.45596205809	10512.159429808626	29883.034203139126	1.3903317507797301	1.3762688662339233	0.8544044420975806	431027085.69035614	110505495.87771443	320521593.19425225	0.7092986060397661	0.0	0.0	0.0	3.948419544030912e-05	-3.3816105127334595	7.845471027226259e-09	92.04879138693745	153.43647017003934	150.39747008363202	1.1528039079215142e-09	0.0	128038.37298998206	4.284651034022278	92.05180665710338	25.70197411631568	95.20238521560938	65.96967102130263	0.5007560483870968	0.2091733870967742
13428	0	342139	96	3	29790.257972957537	29790.25822379715	13363.766160027666	40880.18362925851	1.3722668553715776	1.557954451178694	0.9071035118087942	783729943.4665353	178590245.9799006	605139649.6016896	0.7600155504518915	0.0	0.0	0.0	0.0002508396137272939	47.88494515419006	6.10987822442881e-08	99.40207873881141	157.24425371355122	174.71493943344814	2.337161889669888e-10	0.0	170935.321907757	4.181373627956287	136.83768197593653	23.525215204422516	141.8765814139746	65.96967647372833	0.5138608870967741	0.15524193548387097
13428	0	342139	112	3	25238.7378676515	25238.73802769453	12081.674957449846	35471.01824026619	1.4054196539569994	1.5535551856018222	0.904732770793732	621199245.8492707	145966869.77747074	475232376.42248386	0.7792579498487484	0.0	0.0	0.0	0.00016004302960936911	-0.35068386793136597	5.645271952188698e-10	102.64495431671041	156.9322709724903	163.6988657010558	1.2836001446916146e-09	0.0	152693.8545006155	4.304749701116622	156.21400602596773	23.58789420574368	160.72205522924205	65.96968666739868	0.5030241935483871	0.13382056451612903
13428	0	342139	128	3	58292.81533342815	58292.81511702512	23026.821179582406	79451.46143827711	1.3629717656253855	1.5550177470910096	0.9285111115579293	2914482405.1808777	530234493.63646483	2384247950.97402	0.8881215433810967	0.0	0.0	0.0	0.00021640303020831198	-39.42960739135742	1.3528854153061993e-08	95.00970610754187	208.4939575943587	223.02863953129506	1.0611901807976497e-08	0.0	204387.66659109155	2.5724846761424276	69.01065697157102	20.31803871992538	67.42073304594584	65.96966080270329	0.5065524193548387	0.08820564516129031
13428	0	342139	144	3	34454.807552606944	34454.807615320824	15105.62791548448	47343.899976001536	1.3740869080088467	1.4213239849292758	0.870506609292167	1054311101.4504576	228179994.72106397	826131107.6423594	0.7936524620084063	0.0	0.0	0.0	6.271387974265963e-05	-0.9129657745361328	8.659358450082993e-10	92.47715662424551	176.11810608679028	192.78051062993066	2.5617248638998975e-08	0.0	147880.53462901016	3.1235393486152523	77.93168944680635	17.974674211552124	80.59612223084581	65.96966845039323	0.5126008064516129	0.1597782258064516
13428	0	342139	160	3	35998.289991082594	35998.29015144274	20129.6474464624	53985.958375646645	1.4996811901070832	1.4650875091842441	0.8765667998111353	1618606819.4549751	405202706.3188702	1213404105.0569696	0.8372543689132598	0.0	0.0	0.0	0.0001603601485840045	8.079135417938232	4.991413183751862e-09	94.2826421243386	201.1490023278297	224.77462943046098	8.16772065311066e-09	0.0	227467.4032037078	4.213454938102124	78.44228563510296	27.47746924440384	82.52142783252366	65.96966839856351	0.4977318548387097	0.19783266129032256
13428	0	342139	176	3	23332.620821992925	23332.62099328973	10742.240555808126	31915.611397161392	1.367853686075346	1.521820704846485	0.8909589920179024	474195056.43172026	115395732.1588489	358799317.4360907	0.7157530584322482	0.0	0.0	0.0	0.00017129680418292992	6.836780667304993	1.4417654875508864e-08	106.72796119486726	146.83905178726894	154.77626144727765	2.291042590593027e-08	0.0	155596.10741254754	4.875235069985406	157.35150713824504	27.995975518367207	164.0448193131324	65.96968619863549	0.508820564516129	0.16431451612903225
13428	0	342139	192	3	36633.645139355605	36633.64527373912	18664.752345157573	53810.493567033845	1.4688817714518154	1.5788030225534617	0.923593346973976	1553545261.731558	348372980.10606515	1205172279.811985	0.8812857962360691	0.0	0.0	0.0	0.0001343835174338892	1.8135080337524414	1.1673351774322511e-09	83.73662209334658	194.44473944698882	214.62792128582254	7.382860510621405e-09	0.0	126116.1814648726	2.3437098257641327	79.1591877829817	15.159635416505964	80.14290504055545	65.96966886060443	0.5085685483870968	0.08744959677419355
13428	0	342139	208	3	32399.167663672444	32399.167628940555	12750.413378457237	42667.44459269072	1.316930269185019	1.5205013792614983	0.8962792118755686	770804762.7715744	162573041.3215413	608231731.2983872	0.7361748215888335	0.0	0.0	0.0	3.473188917268999e-05	-9.84835410118103	1.2776716721066187e-08	102.58306482709334	153.7823698295658	173.91194299319122	2.675372796503238e-08	0.0	181398.94810164376	4.251460380809747	131.46796159566898	22.98698907511513	135.89376399288298	65.96968034863887	0.5055443548387096	0.1736391129032258
13428	0	342139	224	3	25265.870265753198	25265.870223733284	9955.79704660111	32959.41329996215	1.3045033855270451	1.3742984475395654	0.8430381704855445	447958724.79185045	99117894.8331114	348840830.9959065	0.6934050829440757	0.0	0.0	0.0	4.201991396257654e-05	-1.0371674299240112	2.3153191857261937e-09	86.83699588234764	138.05729777827582	160.8640768184759	8.863182245572189e-09	0.0	126438.8669748571	3.8361989580200486	91.17357143480429	20.266036760703713	93.43052672935451	65.96967318138181	0.4921875	0.20589717741935484
13428	0	342139	240	3	4746.194491444463	4746.194471611886	2346.452303149733	6976.623167851031	1.4699404292064224	1.6904087040134863	0.9762559227991519	26146908.675578	5505838.410956686	20641070.623192273	0.9267123790010601	0.0	0.0	0.0	1.9832576981571037e-05	-0.35857096314430237	1.3713703887267503e-08	125.2654427462105	80.25195364268671	71.67686900066606	3.90142669103026e-09	0.0	53960.016728694834	7.7344031696913715	1383.7363367712305	78.59223000758038	1440.0534295914938	65.96968854303948	0.502016129032258	0.019153225806451613
13428	0	342139	0	4	40450.65223049058	40450.65224038197	19020.950878367537	58298.593118165256	1.441227518062648	1.810064955245814	0.913673101650107	1762470693.6852927	361796572.31727076	1400674145.0334158	0.9102262662529174	0.0	0.0	0.0	9.891387890093029e-06	-23.665393829345703	1.3427397070564512e-08	73.82327209894034	194.5938452304281	219.89165615396305	2.8241640635981897e-08	0.0	168565.0898399082	2.891409228230293	102.63594971484079	20.722000831438546	102.93113508823762	65.96967652752497	0.49974798387096775	0.05594758064516129
13428	0	342139	16	4	56473.50385137699	56473.50369723271	22781.85846878977	77594.95511648766	1.3740063892741032	1.770308767403474	0.8935523224415539	2831720422.278244	519013075.2919682	2312707353.972083	0.8987870438651637	0.0	0.0	0.0	0.00015414428344229236	-6.985807418823242	2.466983450718928e-09	87.45192982843582	214.61681115809836	234.10367294302398	4.641442742542302e-09	0.0	228462.5429168835	2.9442963292779627	79.43887107502997	17.39754845430069	80.59512694191946	65.96967049146629	0.5083165322580645	0.0889616935483871
13428	0	342139	32	4	20648.6256163636	20648.625638059995	5248.165830428223	24335.485170265816	1.1785522979786345	1.4622295979457558	0.8051252827621453	165850098.6274804	27543244.583674353	138306852.3693647	0.638138580735376	0.0	0.0	0.0	2.1696396288461983e-05	1.6744413375854492	1.0096113004710654e-08	103.49536042195366	105.5013560827299	107.90596042406165	8.526404403679984e-09	0.0	118733.04113589753	4.879008613487373	161.81008815078073	28.363090914362218	161.58821203020992	65.96968838668042	0.5032762096774194	0.21875
13428	0	342139	48	4	74809.15161868306	74809.15093818845	26758.634285047578	100488.19863986675	1.3432607704479105	1.8186513719640505	0.9343868355830154	4501468899.978208	716024508.8009236	3785444534.976042	0.9455145620191612	0.0	0.0	0.0	0.0006804946024203673	-143.7987575531006	3.194485194683823e-08	81.18463406605164	221.0481346423016	255.21907255975037	7.487006425092372e-09	0.0	243636.27092945052	2.4245262076137375	75.15973371299081	16.316974833563844	75.64894420461383	65.96966986878007	0.5085685483870968	0.033014112903225805
13428	0	342139	64	4	5701.002768702607	5701.002751713466	2007.6698534879472	7623.309420370607	1.3371874615148565	1.9576947111751108	0.9790454804301348	25613413.949956454	4030738.240604315	21582676.22396686	0.9428264366213958	0.0	0.0	0.0	1.698914093140047e-05	-0.5146147198975086	2.009160984564432e-08	125.9891629264569	71.09928416273492	65.7943221131334	1.9676168806986643e-08	0.0	45894.36647631011	6.020268106278884	1628.6293778972474	62.42587146591312	1679.0852780135601	65.96969015739403	0.5063004032258064	0.015372983870967742
13428	0	342139	80	4	29883.034203139126	29883.034471603998	12377.464608079454	40807.01330783736	1.3655578958428092	1.632725456152735	0.8617665996222756	772216601.9200327	153201630.12425947	619014948.8421419	0.836786668405418	0.0	0.0	0.0	0.000268464871624019	22.95363140106201	2.972434333060219e-08	82.67035882357611	175.3544875707423	164.0594326096635	1.688358211132637e-08	0.0	133192.95035688308	3.2639720262175818	95.20238521560938	16.800255875496237	96.83030212020464	65.96968115425412	0.5037802419354839	0.11265120967741934
13428	0	342139	96	4	40880.18362925851	40880.1834809178	14587.3323469767	54014.23209510198	1.3212815427874756	1.799165850223579	0.9054578243234687	1246347855.2616496	212790265.00115275	1033557609.1975706	0.866594600874603	0.0	0.0	0.0	0.00014834070316283032	-18.937073707580566	1.519405166674359e-08	86.82611070984777	168.11750539979948	183.7421854081296	2.8989568857899395e-09	0.0	174465.92948891912	3.229999266797813	141.8765814139746	20.132361510144566	141.93095730027997	65.96968240857326	0.508820564516129	0.0798891129032258
13428	0	342139	112	4	35471.01824026619	35471.01851455705	13409.37011736626	47739.268716800536	1.3458668818987443	1.8029346958805073	0.9073242893653206	1020844642.613594	179811206.94451523	841033419.7002844	0.8840996542967468	0.0	0.0	0.0	0.0002742908618529327	15.968794465065002	1.5642727402850705e-08	87.67941639419954	167.73508100194803	175.44578645749627	1.895781761181081e-08	0.0	144157.6647313671	3.0196873131669713	160.72205522924205	20.67663336096316	159.5696959649741	65.96968285548081	0.5078125	0.05720766129032258
13428	0	342139	128	4	79451.46143827711	79451.46178658682	26072.04380151128	104294.36473671945	1.3126802559540314	1.818203858929839	0.9341965009000609	4564779791.157835	679751467.9879229	3885028204.661429	0.9377502990766432	0.0	0.0	0.0	0.00034830970980692655	118.50848340988159	2.5961489673485972e-08	85.50336981980088	218.2657356973142	251.39989663907824	3.4991813578140815e-09	0.0	261907.8462687013	2.5112368071278963	67.42073304594584	16.244576792007308	69.52558807382243	65.9696592323273	0.5108366935483871	0.04107862903225806
13428	0	342139	144	4	47343.899976001536	47343.900036499996	16347.155293538144	62089.469027168096	1.3114565774818094	1.6733537532113478	0.87779114097303	1613657299.1380281	267229486.1910522	1346427802.9912286	0.8698549839941724	0.0	0.0	0.0	6.049845978850499e-05	9.955747365951538	6.169678884896829e-09	84.98420380659127	185.1773982599168	207.21456761530084	3.542906597995816e-09	0.0	192165.75949584655	3.0949815120810706	80.59612223084581	18.98010773949394	81.32877504675258	65.96967225429007	0.5042842741935484	0.07711693548387097
13428	0	342139	160	4	53985.958375646645	53985.958849697425	22084.167955256755	74678.22873898609	1.3832898588065787	1.7383460350042312	0.8925102449309887	2662354145.8552756	487710474.27598935	2174643707.148986	0.9120029772393276	0.0	0.0	0.0	0.00047405077930307016	-35.56969976425171	1.3360243534702637e-08	91.78664350366081	213.5657347110904	252.99706114947404	3.0249071174232e-09	0.0	288402.0016450475	3.8619287916341425	82.52142783252366	21.616827937523997	82.72180169005887	65.96967165591293	0.5085685483870968	0.0859375
13428	0	342139	176	4	31915.611397161392	31915.61172538529	12448.386814465437	43071.27718527034	1.34953633346661	1.7660666844793653	0.8922986146619921	836528667.5157712	154962334.28255695	681566310.876039	0.8577522620695546	0.0	0.0	0.0	0.00032822389766806737	22.35717511177063	2.6726131428543216e-08	90.25342439327852	161.08773478978034	168.3323101830273	1.0947610660210409e-08	0.0	145371.93218961643	3.3751479186291067	164.0448193131324	21.818107564157835	163.8732749382543	65.96968439797368	0.5105846774193549	0.0720766129032258
13428	0	342139	192	4	53810.493567033845	53810.49371538723	19691.641996347942	72365.37120589291	1.3448189453186212	1.838427368165496	0.9283116332534642	2341177731.8388834	387760764.512334	1953416992.2043166	0.9217561783947047	0.0	0.0	0.0	0.00014835338515695184	-24.877767086029053	1.062617619657981e-08	75.22672185848683	200.92586969393358	225.0547200204348	5.8330157289600474e-09	0.0	151072.2484358743	2.0876317600625534	80.14290504055545	11.6743047544604	81.3453157845462	65.969668424192	0.4987399193548387	0.0390625
13428	0	342139	208	4	42667.44459269072	42667.44445895135	13243.388805209115	54289.50226835972	1.2723870104388664	1.7496080543406314	0.8922081743374599	1126839228.4759026	175387347.04593813	951451895.9500211	0.8419011038277426	0.0	0.0	0.0	0.00013373936963034794	-14.52005672454834	1.2885650727821507e-08	91.81788122742319	159.02743903547304	179.0563429090858	7.291769539703883e-09	0.0	184486.3836557321	3.398196265612651	135.89376399288298	20.709353163392997	137.79380401169018	65.96968167819145	0.5083165322580645	0.08518145161290322
13428	0	342139	224	4	32959.41329996215	32959.41317145629	9611.876489011382	40930.7485306836	1.2418530681409492	1.5841812465850806	0.8403313482725938	589003250.2043357	92388169.64000976	496615077.3451256	0.7837945742976308	0.0	0.0	0.0	0.00012850586062995717	3.219200313091278	5.465505176710791e-09	82.88030955789364	138.05549375324267	159.67809818371566	2.104977974361811e-09	0.0	154795.1324565574	3.7818788831842745	93.43052672935451	20.362566916696856	95.4695344989226	65.96967452995875	0.5025201612903226	0.14566532258064516
13428	0	342139	240	4	6976.623167851031	6976.623165040223	2413.190571837153	9218.99113959792	1.3214116511380378	1.928291555951715	0.9643804416215895	36316526.80578919	5823488.736003727	30493037.712416295	0.905594569742549	0.0	0.0	0.0	2.810807927744463e-06	0.35736916586756706	9.840400426469173e-09	127.14540578304239	80.84629524964748	70.80597814915018	9.545320808030964e-09	0.0	67447.8461029516	7.31618516270064	1440.0534295914938	70.53794770802399	1493.953095372149	65.96968648026561	0.5007560483870968	0.03150201612903226
13428	0	342139	0	5	58298.593118165256	58298.593210867824	20591.002273786296	77974.1049831899	1.3374954833840398	2.0397360044051593	0.9238874262285481	2681235088.372135	423989374.63907236	2257245699.921091	0.9401849113837788	0.0	0.0	0.0	9.270256850868464e-05	13.811971664428711	5.151346752221718e-09	87.64538553633162	204.14344909473482	240.88826573866695	6.470182138031621e-09	0.0	214500.90347644617	2.750924846976326	102.93113508823762	16.72208311606177	102.75741233326838	65.96967879246172	0.4909274193548387	0.02595766129032258
13428	0	342139	16	5	77594.95511648766	77594.95519223799	21721.700142881848	97901.93649331806	1.26170491813991	2.0013289115757993	0.9018196598848416	3563812109.611948	471832257.09727323	3091979897.5698166	0.9172323534870811	0.0	0.0	0.0	7.57503294153139e-05	-45.05514192581177	1.2642401041371869e-08	90.32862907874657	213.20648379953244	233.1673173790127	7.625653183329407e-09	0.0	253584.8703768698	2.5901925751314305	80.59512694191946	15.838561297535326	81.16967642025271	65.96966611371012	0.5055443548387096	0.06401209677419355
13428	0	342139	32	5	24335.485170265816	24335.485208991493	6138.914350028944	29297.24081425798	1.203889735884726	1.651586863919219	0.805652181945015	266112480.85639608	37686269.39699129	228426207.37893677	0.7645120755312588	0.0	0.0	0.0	3.87256768590305e-05	4.080468028783798	1.5333621390669633e-08	98.1100096551646	117.18117628673143	120.23899389777095	1.2141165129976442e-08	0.0	175914.79415316207	6.004483338874634	161.58821203020992	37.437385031142966	160.37551493537143	65.9696860702273	0.5017641129032258	0.15524193548387097
13428	0	342139	48	5	100488.19863986675	100488.19908870172	27547.057625900172	127037.59549064843	1.2642041275506426	2.057610398762322	0.9403812044745125	6040672602.160299	758840383.8446648	5281832389.714882	0.9540350694136011	0.0	0.0	0.0	0.0004488349659368396	-171.39924716949463	2.8374199109582244e-08	83.16191087030334	224.05389620497576	270.5020254556898	1.1952583223025003e-08	0.0	230850.984968997	1.817186355144609	75.64894420461383	10.939666054758234	74.47896256782103	65.9696608670413	0.5083165322580645	0.047379032258064516
13428	0	342139	64	5	7623.309420370607	7623.309444501822	2062.555737157509	9567.966795935034	1.2550935910285912	2.1713127177729916	0.9714631580708736	33431142.089404076	4254136.168881356	29177006.967097968	0.9278152382233571	0.0	0.0	0.0	2.413121546851471e-05	-1.0465752482414246	3.130539918267208e-08	127.2565700152765	72.21032335962983	65.63974628145239	9.335896687358573e-09	0.0	55405.66076051016	5.79074548341036	1679.0852780135601	56.44664678234934	1725.3281693647414	65.96968585790808	0.5030241935483871	0.015877016129032258
13428	0	342139	80	5	40807.01330783736	40807.01325046884	12009.666771517379	51844.49327011619	1.270479975562411	1.8696921322947302	0.8733555875917145	1022639147.3291068	144232095.96288866	878407027.3540647	0.896189888365508	0.0	0.0	0.0	5.736852472182363e-05	24.012153387069702	2.348057323033624e-08	85.41636555862532	176.28290668512383	169.0046712086659	1.8883375692134003e-10	0.0	167071.79763906501	3.2225562911621424	96.83030212020464	17.34952330740003	95.23819777840171	65.96966875990798	0.49722782258064513	0.07888104838709677
13428	0	342139	96	5	54014.23209510198	54014.23257616971	14507.945997985822	67495.49320241477	1.2495872029352664	2.024246362313032	0.9101088299267304	1638104333.8136735	210480497.08047283	1427623786.900175	0.9108977710817286	0.0	0.0	0.0	0.0004810677273781039	49.83302545547485	3.042115476213808e-08	84.11886324112889	171.0723063442296	190.1170166579994	5.395634012506267e-09	0.0	214646.8437718085	3.1801656145351673	141.93095730027997	19.855919373143305	140.29340794022224	65.96968608575658	0.5093245967741935	0.06754032258064516
13428	0	342139	112	5	47739.268716800536	47739.26911783455	14082.393484980008	60956.57825020849	1.2768645161243637	2.032526881405842	0.9139213830711648	1436666654.3589005	198313806.2658074	1238352768.8820593	0.9210053290909093	0.0	0.0	0.0	0.00040103401261148974	79.21103382110596	5.5135290835056765e-08	82.87264932365485	174.78103264595742	186.81010193405467	1.7869285269910557e-08	0.0	191479.42052896362	3.1412429504419124	159.5696959649741	21.72788576665671	156.30578087089808	65.96968383043686	0.5100806451612903	0.03629032258064516
13428	0	342139	128	5	104294.36473671945	104294.36370286261	25753.04457906467	128915.41519794648	1.2360726825785877	2.0502767537669726	0.9382916383515918	5741869759.823061	663219305.0912921	5078650854.703329	0.9454290508065517	0.0	0.0	0.0	0.0010338568390579894	-399.97156047821045	6.965876573461948e-08	89.56868077720355	217.81988020064742	259.2299816433954	1.1659877343426112e-08	0.0	238878.06103069652	1.8529829022522883	69.52558807382243	12.55437212837776	69.4841902605127	65.96965746295538	0.5090725806451613	0.055191532258064516
13428	0	342139	144	5	62089.469027168096	62089.469296803814	17367.96403681782	78163.52697025036	1.2588854147882766	1.9078961902066107	0.8871963253977526	2254434784.353388	301646174.7841971	1952788686.0826557	0.9054373293772396	0.0	0.0	0.0	0.0002696357187232934	-76.51346492767334	3.3939089947824226e-08	100.77243842942926	192.4482316502745	220.90453528257154	1.1952703825742282e-08	0.0	288326.42969228013	3.6887592121285606	81.32877504675258	22.86011771823749	83.16838625096555	65.96967102265614	0.5032762096774194	0.06754032258064516
13428	0	342139	160	5	74678.22873898609	74678.22890407467	21861.80989271251	95160.8256826149	1.2742780230529998	1.9742038366104149	0.9017083066069276	3478744897.004691	477938731.7851026	3000806103.6424713	0.9190260376583144	0.0	0.0	0.0	0.0001650885824346915	61.57711696624756	1.770095789986423e-08	108.97000800063442	214.44967157786988	256.42578523706186	8.630223761092261e-10	0.0	361257.57250595884	3.7962845250515924	82.72180169005887	21.392470000155324	84.11893924490587	65.96966817352474	0.5138608870967741	0.08316532258064516
13428	0	342139	176	5	43071.27718527034	43071.27753776025	12910.41686699442	55060.2282086647	1.2783514166952632	1.9953213595099992	0.8999645274525407	1176493812.0198467	166678863.679574	1009814918.1189306	0.9079956492195365	0.0	0.0	0.0	0.00035248991480330005	30.221342086791992	2.5687633694313198e-08	86.57175745840244	167.01952455716273	177.47111830823715	3.4870366229648154e-10	0.0	186815.29745679523	3.3929263423127987	163.8732749382543	22.05886624462602	161.1608144655313	65.96968216318245	0.5151209677419355	0.046875
13428	0	342139	192	5	72365.37120589291	72365.37129929221	19146.625497902623	90529.86781011082	1.2510108951495122	2.0682014647335962	0.9323328476169874	2958910015.9494667	366593267.9569349	2592316758.342049	0.9354811358080752	0.0	0.0	0.0	9.339929965790361e-05	-10.349517345428467	3.4977465653369906e-09	71.16359881835285	201.133017703633	225.4192924034692	2.511840382032605e-08	0.0	155372.97475207032	1.7162620325116555	81.3453157845462	9.915393427788324	81.28535905278866	65.96966871822738	0.5030241935483871	0.01663306451612903
13428	0	342139	208	5	54289.50226835972	54289.50258304207	13250.137338039809	66283.10065173468	1.2209192916171736	1.964517350322667	0.8945255935928367	1446099375.4617548	175566139.47691667	1270533195.2173965	0.883120118022467	0.0	0.0	0.0	0.0003146823510178365	40.767441511154175	2.8191313960105058e-08	90.45706378221942	162.5526998360017	184.62772466368125	1.596009445179975e-08	0.0	237250.69360032043	3.579354173218423	137.79380401169018	22.31178276379126	138.5343283717589	65.96968164547954	0.5057963709677419	0.055191532258064516
13428	0	342139	224	5	40930.7485306836	40930.74858597409	8893.19312888379	48484.61709452404	1.184552416826135	1.7743776499371036	0.8417313153839407	675431919.5205545	79088884.02762586	596343060.8589435	0.8191411869744154	0.0	0.0	0.0	5.5290489399340004e-05	-25.3660147190094	3.755525018274987e-08	89.68045769079245	138.9986756488416	157.83460388980276	1.2108304625680528e-08	0.0	195039.9671081444	4.022718497909088	95.4695344989226	22.209859928695643	97.6428465699447	65.96967725968234	0.5141129032258064	0.12247983870967742
13428	0	342139	240	5	9218.99113959792	9218.991128520569	2496.573292872109	11496.876644804366	1.247086201810342	2.131611568102384	0.9536173193704139	47188374.953863144	6232878.206682285	40955496.702936105	0.8897223173299934	0.0	0.0	0.0	1.1077350791310892e-05	0.04424475133419037	9.376197289575917e-10	128.61514821004099	82.22147132977982	70.26916342378621	2.480335814468429e-11	0.0	80250.27018191342	6.980180117004129	1493.953095372149	63.61438466527572	1543.9237159596423	65.96968605213853	0.5030241935483871	0.02595766129032258
13428	0	342139	0	6	77974.1049831899	77974.10467748597	19239.563490197852	96328.26842940273	1.2353879335988496	2.2508655700518014	0.9294739482859581	3199174250.6775465	370160803.2933541	2829013374.339512	0.942886447995555	0.0	0.0	0.0	0.00030570392846129835	73.04468059539795	2.283235449895484e-08	88.4501603318712	196.24463542289263	238.56877525925054	3.76085045459505e-09	0.0	137580.02064123776	1.4282413907302054	102.75741233326838	8.505504502071686	101.22369217324876	65.96967830929847	0.4904233870967742	0.01663306451612903
13428	0	342139	16	6	97901.93649331806	97901.93669035965	19480.930396436714	116082.80843717195	1.1857049267365078	2.2046027519338574	0.9066039411785607	3890429245.519476	379506649.11081195	3510922448.507741	0.9204289356815786	0.0	0.0	0.0	0.00019704159058164805	147.90092277526855	3.8016607793498075e-08	90.40080489449085	202.75883659106228	229.35220562698868	2.4078994723108783e-08	0.0	186743.3011332526	1.608707654240418	81.16967642025271	10.20411978365807	80.09458223527201	65.96966418265662	0.5042842741935484	0.052923387096774195
13428	0	342139	32	6	29297.24081425798	29297.240953914727	6560.545005962555	34913.196586447266	1.1916888968416504	1.8459745174967774	0.8133501913078751	360602976.5552895	43040750.77526021	317562215.5060477	0.8260991693268463	0.0	0.0	0.0	0.0001396567458868958	10.27398157119751	2.8491116932370217e-08	97.18331626568326	122.01651611593118	134.5645627619073	3.3500585040258593e-09	0.0	196444.4942172308	5.626654506508598	160.37551493537143	34.568263358044106	161.62037213677348	65.96968308139103	0.5012600806451613	0.12247983870967742
13428	0	342139	48	6	127037.59549064843	127037.59495820214	26492.829753307848	152424.52722477543	1.199837942745034	2.2687493576296416	0.9433120103714345	7094685831.650692	701870028.3377535	6392816200.593066	0.9497331797218793	0.0	0.0	0.0	0.0005324462836142629	-397.2801275253296	5.599685975564841e-08	79.23448166269112	219.28658155906615	270.5464835878331	5.976435370598685e-09	0.0	205456.59680905569	1.3479234616645759	74.47896256782103	7.725970496177817	72.7531655769158	65.9696631053441	0.5078125	0.05115927419354838
13428	0	342139	64	6	9567.966795935034	9567.966790244285	2114.441304949228	11529.95905137801	1.2050584306246268	2.3590332899571136	0.9637639214879586	41393967.11833839	4470862.032075396	36923105.29347536	0.9125421423235172	0.0	0.0	0.0	5.69074836676009e-06	-0.20721236616373062	5.0058590801733336e-09	128.12484050177855	73.48709542001343	65.47198117692336	4.9180133016927845e-09	0.0	64143.99416628221	5.563245662236118	1725.3281693647414	51.3579415868077	1767.546892356067	65.96968828820643	0.4992439516129032	0.008820564516129031
13428	0	342139	80	6	51844.49327011619	51844.49315882608	10114.405859985098	61197.78277514696	1.1804104720688267	2.0733783972912665	0.8808374593315591	1057317134.1589518	102301205.9005009	955015888.7131199	0.910620853886961	0.0	0.0	0.0	0.00011129010817967355	39.54533100128174	3.7401579643120295e-08	81.66943536466057	159.5942281617507	163.60744463297712	2.168358239383712e-09	0.0	156989.88225796432	2.5652870807587087	95.23819777840171	14.525574205938806	93.5210964606226	65.96967466441876	0.4982358870967742	0.06678427419354839
13428	0	342139	96	6	67495.49320241477	67495.49334586429	13199.76831362146	79828.22682506606	1.1827193644717313	2.226034767610045	0.9137661267618952	1816904195.3969774	174233883.53328514	1642670262.1863513	0.9218904474585258	0.0	0.0	0.0	0.00014344952069222927	49.67734098434448	2.7341750385187714e-08	81.38247793528087	165.05339270519474	189.23322520329089	2.485142270841933e-08	0.0	197682.8970372358	2.4763533483114673	140.29340794022224	13.741391360964702	138.6897639444	65.9696810781918	0.5103326612903226	0.04838709677419355
13428	0	342139	112	6	60956.57825020849	60956.57834674065	13724.219071652127	73859.42144948986	1.21167269505055	2.2394121817475674	0.9183975920510326	1739509704.879572	188354189.12669998	1551155506.219708	0.927079804283905	0.0	0.0	0.0	9.653215965954587e-05	9.533164024353027	5.4803741523322046e-09	80.22844095903326	174.27468595424577	191.6215816569809	1.0255375560220997e-08	0.0	196741.57048718672	2.6637302103588114	156.30578087089808	16.141029339011283	153.6656445790089	65.96968405375632	0.5093245967741935	0.028225806451612902
13428	0	342139	128	6	128915.41519794648	128915.41478255429	24578.781584522956	152267.50948797457	1.1811427613538032	2.2554700274073265	0.9400822446322447	6566210170.011496	604116504.1796849	5962093857.982691	0.9408136554644096	0.0	0.0	0.0	0.00041539219091646373	-192.15087985992432	2.9263589633103065e-08	87.3116332007335	211.60768315686275	261.57515552189324	1.4676125750386316e-08	0.0	212122.73005998504	1.3930925353176673	69.4841902605127	8.057808338497832	68.04371860182535	65.96965905177423	0.5108366935483871	0.06754032258064516
13428	0	342139	144	6	78163.52697025036	78163.5275826842	16381.659663062397	93205.98444962257	1.1924485506532667	2.1124492609884045	0.8920651303511996	2577818588.7942314	268358773.3164056	2309459706.498774	0.9018168457135496	0.0	0.0	0.0	0.0006124338397057727	108.97905158996582	4.227568691749582e-08	107.38580091886652	186.21034124411113	223.66116967021554	3.119257683270514e-08	0.0	212569.04992838434	2.2806373454325173	83.16838625096555	13.881299477349707	83.76717658856734	65.96966928894241	0.5012600806451613	0.10131048387096774
13428	0	342139	160	6	95160.8256826149	95160.82643981662	19406.451688368412	113242.72725743247	1.1900141307634848	2.1793349060603937	0.9063740748329091	3768332532.1042213	376610367.13297725	3391722132.962214	0.9183028438278549	0.0	0.0	0.0	0.0007572017202619463	32.00902986526489	8.49421583487251e-09	107.07744444526351	202.3700477367999	245.51996908192757	1.9297612095129262e-08	0.0	246385.2047958711	2.1757265178083394	84.11893924490587	11.916704393693287	83.51104935530624	65.96966908766782	0.5040322580645161	0.09450604838709677
13428	0	342139	176	6	55060.2282086647	55060.228546324615	12265.559031295938	66512.46852146214	1.2079947847182229	2.202557108885236	0.9055968595805605	1392279738.428257	150443938.35020533	1241835772.9451318	0.9194091336083442	0.0	0.0	0.0	0.0003376599124749191	27.132919788360596	1.9488123714987706e-08	83.19214849059918	164.45993845102512	180.03471932788395	3.9373478209374335e-09	0.0	186681.98158548732	2.8067215734823265	161.1608144655313	16.539534562773802	158.84822799516832	65.96968033350593	0.5090725806451613	0.046118951612903226
13428	0	342139	192	6	90529.86781011082	90529.86765760528	17855.552321029158	107401.12112820796	1.1863611836204722	2.271885079528297	0.9342808583444989	3339343853.879858	318820748.6890098	3020523079.778988	0.9343013765398769	0.0	0.0	0.0	0.00015250554133672267	25.411860466003418	7.609836416360158e-09	67.58935890676	195.56802673522535	222.55649484539094	1.2828984621309897e-08	0.0	122570.687905811	1.1412421537284567	81.28535905278866	6.682782145042911	80.88183481944115	65.96967171397964	0.49949596774193544	0.012600806451612902
13428	0	342139	208	6	66283.10065173468	66283.1009539749	12325.477182775932	77484.25520533032	1.168989598305741	2.1570768893327377	0.8965585889259374	1610360372.7167702	151917387.78313014	1458443015.0550907	0.892591833533735	0.0	0.0	0.0	0.00030224022339098155	-30.121450662612915	1.8704788799414075e-08	90.72050413036912	159.74199665905343	185.63896212946906	1.1032881459264246e-08	0.0	242544.39622772852	3.1302410556871507	138.5343283717589	17.825407329442136	138.5828133545949	65.96968293003161	0.5052923387096774	0.060735887096774195
13428	0	342139	224	6	48484.61709452404	48484.61755998827	7531.623915357629	54806.810764234855	1.1303958667423375	1.9336410469165692	0.8414640143279031	653028411.344037	56725358.802386984	596303010.8744739	0.8164778482421119	0.0	0.0	0.0	0.00046546423254767433	41.66717612743378	6.380606938934871e-08	90.02631047275648	131.37578679680047	155.88629561771134	4.0915487045473365e-09	0.0	162910.7360666999	2.9724542251271666	97.6428465699447	16.134464072679336	98.42071615366865	65.96967615734495	0.5025201612903226	0.1302923387096774
13428	0	342139	240	6	11496.876644804366	11496.87664167829	2580.990698528485	13813.650398942145	1.2015133175482724	2.3102623175408254	0.9437448671495294	58638764.75834641	6661512.985890558	51977253.30176394	0.8758243575792911	0.0	0.0	0.0	3.1260769901564345e-06	-1.5293080881237984	2.608015524246054e-08	129.5541370193239	83.90938257410646	69.87307692840395	2.6609851205662454e-09	0.0	92024.0399477281	6.661819140779481	1543.9237159596423	57.569699075565325	1589.4932592024375	65.96968768904975	0.5050403225806451	0.03125
13428	0	342139	0	7	96328.26842940273	96328.26868611538	17796.381036669278	113170.43035312426	1.174841323303396	2.4417087278383915	0.9319517543816426	3528411007.704281	316711178.0023219	3211699740.734663	0.9367409164041778	0.0	0.0	0.0	0.00025671265029814094	88.96729612350464	2.521455009896655e-08	75.50386398708729	186.5730353683114	226.18093471502357	1.610112662789293e-08	0.0	130527.1191341899	1.1533677056572285	101.22369217324876	7.722557837023609	100.47766788426568	65.96967794359018	0.49521169354838707	0.011088709677419355
13428	0	342139	16	7	116082.80843717195	116082.80816542302	17665.860182155506	132487.07048254934	1.1413151720416548	2.3854685233846458	0.9092690360130545	4077605430.386837	312082615.9754673	3765522830.5371113	0.9181055124548152	0.0	0.0	0.0	0.000271748926024884	-16.125741481781006	3.954708653664702e-09	83.28601029475305	193.00683295987895	223.08367578402152	1.4557539101163635e-09	0.0	155467.59449649148	1.1734548423756246	80.09458223527201	7.973833897351973	78.37552240646264	65.96966441374656	0.5007560483870968	0.03629032258064516
13428	0	342139	32	7	34913.196586447266	34913.19692288876	5972.20433056718	39912.06281461187	1.1431798493669034	2.012338560515143	0.8162414035761582	374041462.23361063	35667224.56604537	338374217.748265	0.8114149273638147	0.0	0.0	0.0	0.0003364414951647632	19.919300198554993	5.325425710723543e-08	89.67634127830661	113.91397527779537	137.37696207057257	1.2121163749185232e-09	0.0	140926.62563520862	3.5309281618312665	161.62037213677348	19.17878417593429	162.03414085455665	65.9696846797594	0.4909274193548387	0.1033266129032258
13428	0	342139	48	7	152424.52722477543	152424.5269669753	25664.120795495797	176745.1081177167	1.1595581848653302	2.4575470071457013	0.9439064476282963	8005596743.847057	658647096.2057998	7346950039.890718	0.9390654110038186	0.0	0.0	0.0	0.000257800129475072	-392.24946117401123	4.8996904756099084e-08	70.71852473486769	216.36652338415442	263.1148617669162	2.0768494009668838e-08	0.0	180672.6836299284	1.022221695172745	72.7531655769158	5.971411299014289	72.65122087179121	65.96966368443209	0.5093245967741935	0.04032258064516129
13428	0	342139	64	7	11529.95905137801	11529.958984134746	2161.643772125634	13501.808640553008	1.1710196524019165	2.5264128259458167	0.9558726786058196	49358880.839658186	4672703.797569539	44686179.96483749	0.8964608877210504	0.0	0.0	0.0	6.7243263401906e-05	-2.922748848795891	5.921424471293039e-08	128.65608193936998	74.80478528468196	65.28410634190458	1.8328724040974444e-09	0.0	72070.12554322777	5.3378127124785335	1767.546892356067	46.986351471848366	1806.0499104219139	65.96968668259085	0.49899193548387094	0.005544354838709678
13428	0	342139	80	7	61197.78277514696	61197.78290525122	8223.181790671799	68660.17160482728	1.121938875744872	2.2408626397886544	0.8836573084640336	969050548.2102556	67620718.76243626	901429847.9164908	0.8956253109948704	0.0	0.0	0.0	0.0001301042575505562	-18.468671441078186	1.9058522256850345e-08	70.15855079065825	139.90400799243153	151.1927234107169	2.463392957335392e-09	0.0	100460.37802684474	1.4631536182788571	93.5210964606226	8.23181927781886	92.65256720095128	65.9696727348147	0.4974798387096774	0.07006048387096774
13428	0	342139	96	7	79828.22682506606	79828.22706583304	11581.496051074866	90515.70374684746	1.1338809259186193	2.4019062293059803	0.9148242900562482	1820546826.7528582	134131050.78106272	1686415807.8988123	0.9120392345352961	0.0	0.0	0.0	0.00024076698173303157	-31.927016735076904	1.7537047806686844e-08	76.41790494618074	155.29705587732343	182.17887009332424	5.757926969156973e-09	0.0	141101.48849198522	1.558861961545465	138.6897639444	8.118199385111817	137.5993879917563	65.96967924472203	0.5057963709677419	0.03351814516129032
13428	0	342139	112	7	73859.42144948986	73859.42160013234	12707.377717009487	85652.87119630144	1.159674277368619	2.423342469864327	0.9197185992443593	1881200207.3168411	161477448.44274926	1719722718.0260963	0.9161500112690043	0.0	0.0	0.0	0.0001506424741819501	40.84799551963806	2.171379492770715e-08	75.44638207435389	168.17574048254303	188.3431476159778	1.2418053042418112e-08	0.0	147551.93855963068	1.7226735807216695	153.6656445790089	8.83859974284245	152.22504256590383	65.96968412036586	0.5060483870967741	0.03024193548387097
13428	0	342139	128	7	152267.50948797457	152267.50900135594	23680.75974372927	174590.22919277166	1.1466019886964791	2.440348705745618	0.9404100488254329	7296353683.914116	560778382.0402288	6735575452.10219	0.9339891586766728	0.0	0.0	0.0	0.0004866186354774982	-150.22830295562744	2.058950394452887e-08	78.25815560674697	208.7067787329308	255.81297753985584	7.980761211560485e-09	0.0	197341.2557915434	1.130310998300799	68.04371860182535	6.465465198828746	66.92335936620921	65.96965501357097	0.5095766129032258	0.04662298387096774
13428	0	342139	144	7	93205.98444962257	93205.98511560219	14568.730797665727	106391.30082532189	1.1414642681321168	2.289695999720441	0.8936531713228284	2631753354.0808525	212247917.05485383	2419505282.718116	0.8909043092574844	0.0	0.0	0.0	0.00066597961995285	154.30788278579712	5.863310957560823e-08	95.2241961900701	173.84857089024487	212.4393427538436	1.4317765129515759e-08	0.0	155753.13651848235	1.463964958224377	83.76717658856734	8.884412195117449	80.99252846580649	65.96967234146862	0.4977318548387097	0.11995967741935483
13428	0	342139	160	7	113242.72725743247	113242.72790386819	17066.245927973032	128978.09331185871	1.138952552941041	2.3582241260450396	0.9082540094947862	3811433277.661293	291256750.07405615	3520176507.7299337	0.910722617949912	0.0	0.0	0.0	0.0006464357138611376	19.857303142547607	5.2099306733062135e-09	91.1096503780274	189.0561541063443	228.091219678819	1.1255438119951005e-08	0.0	172363.64896219922	1.336379251600503	83.51104935530624	8.405374722572713	81.22210268006702	65.96966729221936	0.5060483870967741	0.08845766129032258
13428	0	342139	176	7	66512.46852146214	66512.46915684205	11091.610003442462	76741.0932036475	1.1537850708229962	2.3854580419658817	0.9077745588505791	1465286917.272419	123023812.4684649	1342263031.399495	0.9097246698524978	0.0	0.0	0.0	0.0006353799108183011	73.40445923805237	5.00956218012867e-08	78.07746378581697	156.9744772767617	175.92185478694884	1.103685027337418e-08	0.0	139916.0272311274	1.8232217165774178	158.84822799516832	9.34270324219599	157.70097400507413	65.96968293980615	0.5025201612903226	0.052167338709677415
13428	0	342139	192	7	107401.12112820796	107401.1218284637	16660.09926044636	122973.23253982645	1.1449902128398604	2.4533921399693024	0.9343332803383658	3587415101.6982307	277558907.3679254	3309856117.8601475	0.9248956079216223	0.0	0.0	0.0	0.0007002557395026088	76.47015762329102	2.1316227828525095e-08	64.15442955888552	189.3576071936884	217.76118518471768	3.3875733131185125e-09	0.0	96450.56865533539	0.7843216492570023	80.88183481944115	4.54382978676935	80.46991505666387	65.9696696029297	0.5025201612903226	0.02973790322580645
13428	0	342139	208	7	77484.25520533032	77484.25579919823	10877.494433832911	87210.30041766643	1.1255228586318917	2.3236386717297424	0.8962886462527385	1601826694.2148676	118319885.15806596	1483506791.4428616	0.8800699803953704	0.0	0.0	0.0	0.0005938679096288979	17.613940000534058	1.0996158363541006e-08	86.57693014636297	151.71961657180972	180.3294134140935	8.296705301238682e-09	0.0	192195.7069313371	2.2038189078013946	138.5828133545949	11.269023235468977	137.6029964618219	65.96967866145862	0.5095766129032258	0.08064516129032258
13428	0	342139	224	7	54806.810764234855	54806.810933158595	6290.463564357595	59885.953607587675	1.0926735705385597	2.06265135800514	0.8384670044906749	582540933.3434939	39569931.85451046	542970999.225102	0.7874617267367136	0.0	0.0	0.0	0.00016892373969312757	2.26388156414032	3.886218863877549e-09	81.90814898347583	119.45562925113894	150.75767109267346	1.2550574745921935e-08	0.0	114926.13481234584	1.9190833242718013	98.42071615366865	10.303747164301251	96.82270907439978	65.96967885501172	0.5050403225806451	0.1502016129032258
13428	0	342139	240	7	13813.650398942145	13813.650385979196	2659.872646881291	16162.40862678189	1.1700316831544841	2.469733867318032	0.9344089385371381	70406515.27487916	7074922.497627286	63331591.455271915	0.8618289973078144	0.0	0.0	0.0	1.2962949767825194e-05	1.3219799548387527	1.8776386669294958e-08	130.04636822223236	85.66481780179981	69.55172698740957	2.10605345654261e-08	0.0	102609.89403961944	6.348675895569618	1589.4932592024375	52.258380095643666	1630.6764041491163	65.96969193517326	0.5005040322580645	0.033014112903225805
13428	0	342139	0	8	113170.43035312426	113170.43077188091	17626.329889459124	129580.12970377573	1.1449998846823193	2.6131692941971436	0.9318281408424907	3983463707.7359924	310687505.37204015	3672776198.8144045	0.9205971089550842	0.0	0.0	0.0	0.00041875665192492306	3.5495476722717285	8.9107066932188e-10	69.82703091792864	184.75028670741142	221.68425533793956	9.677647040437216e-09	0.0	78189.03962818367	0.6034030005454695	100.47766788426568	3.969049807669812	100.84556673634724	65.96967314946627	0.5012600806451613	0.008568548387096774
13428	0	342139	16	8	132487.07048254934	132487.07003558328	16943.229672900346	148082.62317568227	1.1177137711350265	2.550239836859868	0.9104347172201934	4375639441.543114	287073031.7486508	4088566643.7042584	0.910691728027924	0.0	0.0	0.0	0.0004469660634640604	-233.90979528427124	5.3457282851847725e-08	74.60543027743104	188.9973640124332	218.58839899708514	1.526034854537868e-08	0.0	124544.80824824917	0.8410494437370808	78.37552240646264	5.3059355179874785	77.4939068538382	65.96966693589383	0.5060483870967741	0.030745967741935484
13428	0	342139	32	8	39912.06281461187	39912.06305359092	5055.520364097179	43920.276222720175	1.1004261149499117	2.1458179107975384	0.8140485346539897	336017905.36251545	25558286.15180127	310459586.92769265	0.7693164847494907	0.0	0.0	0.0	0.00023897905339254066	32.28302150964737	9.607530132901278e-08	79.99013184216751	102.07645609521822	129.48844751366238	9.124739997435272e-09	0.0	78877.61609034451	1.7959271400715868	162.03414085455665	12.184386536307189	160.84937643388307	65.96968109605552	0.5022681451612903	0.11391129032258064
13428	0	342139	48	8	176745.1081177167	176745.1090558476	25585.928032171945	200562.36720216693	1.1347548418063562	2.627398129582917	0.9423396743970829	8986429894.193481	654639713.2674822	8331789977.117154	0.9212123246270622	0.0	0.0	0.0	0.0009381308918818831	203.80884552001953	2.2679623378769047e-08	68.65303461787629	216.85990233860787	260.15869525272353	2.514297831299076e-08	0.0	142279.24629923652	0.7094015127290096	72.65122087179121	3.9740783404598625	73.51238810837718	65.9696681069392	0.5063004032258064	0.0360383064516129
13428	0	342139	64	8	13501.808640553008	13501.808564507	2203.4634108376554	15474.967131879324	1.1461403093360312	2.677010540882555	0.947723040436287	57175771.16663352	4855251.002900314	52320518.74775556	0.879314543466309	0.0	0.0	0.0	7.604600796184968e-05	1.4159776419401169	2.4765344009324867e-08	128.92508175815206	76.08647614721768	65.08415473781392	7.855178412213423e-09	0.0	79200.36440774298	5.117966602238087	1806.0499104219139	43.18216868207511	1841.1684716190598	65.96968785041243	0.5022681451612903	0.008316532258064516
13428	0	342139	80	8	68660.17160482728	68660.17209132678	7515.298134959344	75320.79441708987	1.0970085372142342	2.387478040997562	0.8838881906035108	959002906.8171864	56479706.05732339	902523065.5429721	0.8745350352498088	0.0	0.0	0.0	0.00048649949894752353	135.21689093112946	1.4099737338638298e-07	64.16359450897623	132.05396290225468	142.83020301181554	1.0377507638457465e-08	0.0	66521.55813699862	0.8831765378765829	92.65256720095128	5.860557830294552	92.6023901280131	65.9696740909539	0.4992439516129032	0.0798891129032258
13428	0	342139	96	8	90515.70374684746	90515.70416316911	10455.934283378052	99969.25923135466	1.1044410537971039	2.5561971221654254	0.9138024619979248	1800760166.478735	109326561.7383205	1691433458.3646283	0.8935896751603756	0.0	0.0	0.0	0.00041632165084593	146.3757860660553	8.128555306300632e-08	72.61813582337834	147.94637888779485	174.7821389335824	3.6446680945074713e-09	0.0	103109.44042693997	1.0314114669955587	137.5993879917563	6.205708111384451	137.25465115348635	65.96968204885333	0.5075604838709677	0.028729838709677418
13428	0	342139	112	8	85652.87119630144	85652.87112269444	11804.082038084993	96394.59566408824	1.1254099753780424	2.586807031265876	0.9186254372535094	1955503729.072855	139336352.76184076	1816167251.278635	0.8981558442701791	0.0	0.0	0.0	7.360699237324297e-05	125.03237915039062	6.393870658056535e-08	71.3478812443259	162.0515818839443	182.12604123284518	9.894062127624642e-09	0.0	102492.15450952145	1.0632562279288236	152.22504256590383	6.089701054470031	151.93096249866505	65.96968101748098	0.5045362903225806	0.02444556451612903
13428	0	342139	128	8	174590.22919277166	174590.22977503866	23567.55795281683	196490.10340994617	1.1254358523866421	2.608565135493813	0.9391515982572715	8126612608.466797	555429787.8593799	7571182856.248344	0.9200241328405117	0.0	0.0	0.0	0.000582267006393522	-35.6409273147583	4.385705217155968e-09	72.31738683134594	209.1632017062205	252.2155559180644	1.9562608502541937e-09	0.0	154701.9808645193	0.7873270852022544	66.92335936620921	4.1249081158962415	67.12974545257109	65.9696645953467	0.509828629032258	0.04259072580645161
13428	0	342139	144	8	106391.30082532189	106391.30107941183	13841.075798246726	118969.36092516773	1.1182245164996814	2.4538399094307835	0.8952254024938265	2834599947.638687	191575379.25281125	2643024661.057897	0.8974189847867969	0.0	0.0	0.0	0.00025408994406461716	-92.67202138900757	3.269315709478029e-08	81.47134770909526	167.66977652091043	202.40173574312908	2.1256241950741067e-08	0.0	181274.3446115987	1.5237061301655606	80.99252846580649	9.08358402936986	79.09568803315369	65.96966894529356	0.49899193548387094	0.09778225806451613
13428	0	342139	160	8	128978.09331185871	128978.09455394672	16400.886047571392	143941.99126772236	1.1160189112090697	2.520917524314088	0.9086815614476572	4083948295.754524	268989063.1454219	3814958987.1381006	0.9017301896106089	0.0	0.0	0.0	0.0012420880084391683	245.47100162506104	6.010629514586187e-08	80.98864182746308	184.9758012316084	220.93494359366076	8.37732079616139e-09	0.0	173093.2241356413	1.2025206872322645	81.22210268006702	7.245871938906132	80.49326146729727	65.96967082044894	0.5073084677419355	0.07056451612903225
13428	0	342139	176	8	76741.0932036475	76741.09333172425	10113.207199986895	85886.1901542049	1.1191681870662058	2.546847472180204	0.9074003914173568	1487242273.1133308	102276959.86986676	1384965237.4364073	0.8922611620346349	0.0	0.0	0.0	0.00012807674647774547	75.80705666542053	5.097155859262204e-08	74.04299894534448	150.06777054490522	169.7975177718571	5.134027027395393e-09	0.0	97472.4501003968	1.1349024807181822	157.70097400507413	6.040368759519018	157.63753195268717	65.96968264447072	0.5055443548387096	0.047379032258064516
13428	0	342139	192	8	122973.23253982645	122973.23213913864	15926.591630639614	137630.00355422636	1.1191866775532076	2.616877020316388	0.9328152539313133	3819601957.0421352	253656320.96915978	3565945724.8419056	0.9103560874614386	0.0	0.0	0.0	0.0004006878152722493	-88.7689299583435	2.3240361418990725e-08	61.39326496090672	184.8192796935748	214.32104805985418	2.0305088345246673e-11	0.0	86464.08312970985	0.6282357109614439	80.46991505666387	3.4730557019303085	80.32630662489308	65.96967114427918	0.5037802419354839	0.03755040322580645
13428	0	342139	208	8	87210.30041766643	87210.30046416007	9668.039035514505	95653.3848919311	1.0968129273013527	2.4680281176740406	0.8942107745250945	1543933542.344285	93470978.79223222	1450462540.8721957	0.8601423748646353	0.0	0.0	0.0	4.649364564102143e-05	22.67985701560974	1.4689658844494689e-08	79.98272020990264	143.8764638997714	172.52126721996308	4.980866193315419e-09	0.0	136297.29552935803	1.4249082286399806	137.6029964618219	8.27836905748752	136.39474067057176	65.96968599755563	0.5050403225806451	0.08190524193548387
13428	0	342139	224	8	59885.953607587675	59885.95427023075	5533.917631611349	64331.55273493578	1.0742344215887185	2.176585974767449	0.8359408139613841	552221237.7976804	30624244.353458963	521596907.85355735	0.7869503764078798	0.0	0.0	0.0	0.0006626430767937563	85.59066408872604	1.5499343058602947e-07	72.13826203384089	110.47433626502286	143.68648694547832	7.267950678874801e-09	0.0	99977.96656874963	1.5541046519533792	96.82270907439978	9.017608139845226	94.98508280253239	65.96967913590589	0.5005040322580645	0.13155241935483872
13428	0	342139	240	8	16162.40862678189	16162.408583854518	2729.9915912970473	18530.985103885872	1.146548483694388	2.61338848901154	0.9253035929392421	82173956.30136642	7452854.088552584	74721104.43056428	0.8467318495665186	0.0	0.0	0.0	4.2927371396217495e-05	-2.217750445008278	2.6988483271693228e-08	130.21287175695778	87.35110701696985	69.2799126231494	5.378848189312599e-10	0.0	111993.86727534111	6.043600310144745	1630.6764041491163	47.569291814528455	1667.7006900167542	65.96968772241426	0.5025201612903226	0.03125
13428	0	342139	0	9	129580.12970377573	129580.13055758197	17813.31214210348	145839.0012107605	1.1254734930745405	2.767877231210504	0.9296603165534395	4478004260.104862	317314089.47201127	4160690017.4417076	0.9012645187165332	0.0	0.0	0.0	0.0008538062393199652	153.19114351272583	3.4209691330025335e-08	72.16778018543964	185.94543566559358	223.88920097482904	1.1058784702239419e-08	0.0	51299.810903978876	0.35175645977346504	100.84556673634724	2.8315584150092437	101.1505983330028	65.96967705110798	0.4987399193548387	0.006048387096774193
13428	0	342139	16	9	148082.62317568227	148082.62415677836	16839.67072597476	163303.4768558869	1.102786224026751	2.7010754397263588	0.909818710220574	4739562266.630074	283574510.15925133	4455987552.114308	0.8934623907522574	0.0	0.0	0.0	0.0009810960909817368	204.35651397705078	4.3117170422228146e-08	70.69420814494835	188.45954310070786	217.2802682811466	1.7238571276095691e-09	0.0	72827.52592504724	0.44596433476460695	77.4939068538382	2.9871868700846003	77.32693184777311	65.9696659668621	0.509828629032258	0.02595766129032258
13428	0	342139	32	9	43920.276222720175	43920.27643169105	4429.971090866931	47318.17498680279	1.0773651501382149	2.259512397412673	0.810480489436441	310019020.60165024	19624643.86591675	290394359.17897654	0.7462635391328146	0.0	0.0	0.0	0.00020897087233606726	17.5567569732666	5.663122520416461e-08	75.50416977686181	94.29571196106198	121.43037983040419	1.7177086071325415e-08	0.0	68883.51239997675	1.4557516696561823	160.84937643388307	11.35796506570973	160.42943381383782	65.96968552999631	0.5025201612903226	0.13180443548387097
13428	0	342139	48	9	200562.36720216693	200562.3685359879	25646.606765928755	223959.3349166977	1.1166568187288426	2.7811323558447976	0.9391073535852422	9932520558.592728	657748438.6061826	9274772619.861992	0.9015585012639439	0.0	0.0	0.0	0.0013338209537323564	-499.8754463195801	5.032714942504021e-08	71.59269744019952	217.60611855912975	262.6560810584811	9.86424346612455e-09	0.0	144360.82239909837	0.6445849716378826	73.51238810837718	4.1039123086210205	74.25516718276134	65.96966389937378	0.5078125	0.030493951612903226
13428	0	342139	64	9	15474.967131879324	15474.967038757934	2239.5174190728385	17440.525817200858	1.1270153706027828	2.8132877084849297	0.939273945871145	64697333.04770428	5015438.2703306675	59681896.46030358	0.8610501402371536	0.0	0.0	0.0	9.312139081885107e-05	-1.6829299703240395	2.6012354621837947e-08	129.0000605834353	77.28125167574959	64.8814825771107	1.0162242550128066e-08	0.0	85595.50795275369	4.9078513271861635	1841.1684716190598	39.824527760144356	1873.2141386177764	65.9696908490161	0.49949596774193544	0.009576612903225807
13428	0	342139	80	9	75320.79441708987	75320.79452158687	7615.676470557635	81897.22660407628	1.0873123051593074	2.5234509636130036	0.8822187660193046	1033933653.8179026	57998528.1042052	975935089.3216889	0.8506826179068572	0.0	0.0	0.0	0.00010449699766468257	36.39200842380524	3.519762442147437e-08	64.06327025566185	133.39611961452619	141.5899062390471	6.559918086718849e-09	0.0	49289.728813590846	0.601848574242312	92.6023901280131	4.073099061384304	92.96098517404016	65.96967813244451	0.49899193548387094	0.0733366935483871
13428	0	342139	96	9	99969.25923135466	99969.25917618719	9835.949886443115	108639.91938480249	1.086733264006505	2.694007367227054	0.9111400334568224	1808779292.6705933	96745910.16862032	1712033270.955264	0.8705614331584383	0.0	0.0	0.0	5.5167474783957005e-05	111.54670882225037	6.16696073834171e-08	71.12720007524051	143.95661324462688	170.05320210199065	1.2046597763460702e-08	0.0	91944.19287754138	0.846320521718138	137.25465115348635	5.166927247076798	137.3720524935005	65.96968182769407	0.5090725806451613	0.030745967741935484
13428	0	342139	112	9	96394.59566408824	96394.59577389747	11274.513472739116	106411.01126865603	1.1039105515777312	2.733240070862025	0.9156941486840902	2031385245.9749813	127114654.04697585	1904270513.8819404	0.8760888451614768	0.0	0.0	0.0	0.0001098092325264588	78.04606509208679	3.8420120086393504e-08	69.792245357012	158.37559556545608	177.53229589429904	6.32216814047612e-09	0.0	88728.29115433674	0.8338262197153452	151.93096249866505	5.278502467440053	152.31200852850768	65.96968312267626	0.5022681451612903	0.0234375
13428	0	342139	128	9	196490.10340994617	196490.102601003	23680.000302234326	218056.40106086276	1.1097576787667613	2.761625233087986	0.9362627618491318	8940233305.564491	560742414.3138179	8379491489.548869	0.9004617832540999	0.0	0.0	0.0	0.000808943179436028	-598.2981958389282	6.692198910139643e-08	73.04436526032056	210.24011100157134	252.88534354881517	9.051376882539856e-09	0.0	123139.72548064515	0.5647150227071965	67.12974545257109	3.335339675108772	67.87486127994961	65.9696562702001	0.5085685483870968	0.04259072580645161
13428	0	342139	144	9	118969.36092516773	118969.3614053909	14073.899331783503	131689.0444322654	1.106915624394237	2.608512211486986	0.896044438322824	3188295584.5403404	198074642.40117615	2990220839.2093544	0.8929429185419403	0.0	0.0	0.0	0.00048022317059803754	102.92981004714966	3.228364727105098e-08	77.21191401274153	168.66568785431554	202.12265704440964	2.9700910269293627e-09	0.0	91991.38738176567	0.6985500442798548	79.09568803315369	4.497642055733332	79.17830533499446	65.96967267704578	0.5025201612903226	0.05846774193548387
13428	0	342139	160	9	143941.99126772236	143941.99092651778	16306.996236050485	158543.00801341288	1.1014368122678921	2.6698842074179616	0.9074403934948059	4416588539.824047	265918126.24256468	4150670566.4070826	0.8841517144329106	0.0	0.0	0.0	0.0003412045771256089	-152.82560014724731	3.4602634764191945e-08	79.68503542095728	184.77664431283222	221.79308278535726	1.1521161960518449e-08	0.0	99699.64752199566	0.6288492205537426	80.49326146729727	3.76173595490046	80.88028335783241	65.96966931256469	0.5050403225806451	0.03276209677419355
13428	0	342139	176	9	85886.1901542049	85886.19092461937	9521.61043297726	94301.95267310156	1.0979873772929796	2.6911892603199927	0.9052486655119566	1516420618.7556458	90661065.23738143	1425759482.5580559	0.871731063778924	0.0	0.0	0.0	0.0007704144663875923	70.96020841598511	4.6794542054047044e-08	72.26307188021364	145.7368720470956	165.22419176161333	9.339047508682909e-09	0.0	83675.41993568673	0.8873137572169213	157.63753195268717	5.282205343992049	158.20074350985527	65.96968571317744	0.5052923387096774	0.03553427419354838
13428	0	342139	192	9	137630.00355422636	137630.00381851697	15443.077538138336	151556.12086636195	1.101185184570955	2.764934025372106	0.929873762746849	4027239893.72295	238488643.84895277	3788751013.4123034	0.8912901273453903	0.0	0.0	0.0	0.00026429060380905867	236.4616937637329	5.87155719559427e-08	59.493445048727104	181.51576759567402	212.02328278149872	6.097745311164886e-10	0.0	75236.93197649712	0.4964295165022139	80.32630662489308	2.7529536993238963	80.36452639512474	65.96967037160397	0.5030241935483871	0.037298387096774195
13428	0	342139	208	9	95653.3848919311	95653.3856457022	8938.74338542582	103280.27157779233	1.079734624075019	2.596648715431145	0.8910510890979773	1517244455.8986244	79901133.31049386	1437343188.3388917	0.8405308604310004	0.0	0.0	0.0	0.0007537711062468588	134.24923872947693	8.848227337892271e-08	75.12268846372831	138.81663242832173	166.20801938916216	3.5743789397642883e-09	0.0	106249.33304965237	1.0287476105660631	136.39474067057176	6.893306919646819	135.79779129574356	65.96967641037165	0.5103326612903226	0.06854838709677419
13428	0	342139	224	9	64331.55273493578	64331.55296181141	5268.640779512299	68618.2120265667	1.0666338539859774	2.285590675613673	0.8345104514374897	569910344.4350405	27758575.663539957	542151740.056434	0.7997757577091057	0.0	0.0	0.0	0.0002268756288685836	28.71506643295288	5.0385234648475275e-08	65.73206808511611	106.53418926652459	139.06635234180422	6.616384298245169e-09	0.0	79979.52177373835	1.1655728079320715	94.98508280253239	6.672094788224468	94.26829359052707	65.96967242817527	0.4959677419354839	0.09223790322580645
13428	0	342139	240	9	18530.985103885872	18530.985029713884	2789.3921215951013	20904.529433867272	1.1280851674465853	2.7434807452547876	0.9162096525549419	93601941.93098307	7780708.408016821	85821233.82980211	0.8301502120346695	0.0	0.0	0.0	7.417198867187835e-05	-0.3068358600139618	3.2780928865792732e-09	130.15982412344516	88.88665160467392	69.04255697394723	7.667313705169139e-09	0.0	120244.23778897988	5.752066195936923	1667.7006900167542	43.41209340846224	1700.875684387759	65.96969167654865	0.5035282258064516	0.028729838709677418
13428	0	342139	0	10	145839.0012107605	145839.00164178255	17594.008710690257	161582.92949197802	1.1079541696700532	2.908799819816384	0.9261494985122518	4840028829.057339	309549142.5118447	4530479250.845892	0.8828271174810153	0.0	0.0	0.0	0.0004310220538172871	435.6996021270752	9.002004275497954e-08	75.11702081582176	184.93407887275552	224.9381813007063	4.5308511985658e-09	0.0	60989.92782843922	0.3774527919718936	101.1505983330028	2.252763251854458	101.19778381438157	65.96967648176626	0.4959677419354839	0.006300403225806451
13428	0	342139	16	10	163303.4768558869	163303.47639380782	16713.946417662708	178040.43032621403	1.0902427416369849	2.8383624196570647	0.9074247349516441	5030369277.522285	279356004.8525001	4751013287.166033	0.8703257113415639	0.0	0.0	0.0	0.00046207907143980265	-14.496247291564941	2.881746148605831e-09	70.64275899668806	187.89442940212982	216.8360017924714	2.2104442501751986e-08	0.0	51485.03014975	0.28917606030874027	77.32693184777311	2.1766057462986543	77.42642163382465	65.96966471932072	0.5083165322580645	0.022681451612903226
13428	0	342139	32	10	47318.17498680279	47318.17527262113	4144.451293368668	50459.61057238494	1.0663896185019457	2.3636774056436316	0.8070010290744756	307162615.0350523	17176476.52310523	289986088.05694926	0.7393535100144897	0.0	0.0	0.0	0.00028581833612406626	50.45499783754349	1.6426151936421606e-07	74.20525845471423	91.31873761601726	117.39374743112651	6.721309572313648e-09	0.0	61849.366465904255	1.2257202536912908	160.42943381383782	8.028227975173257	160.8977956218197	65.9696828341657	0.5027721774193549	0.12827620967741934
13428	0	342139	48	10	223959.3349166977	223959.3341240868	25201.21673309598	246461.09970366844	1.1004725469261656	2.920869182811634	0.9346896009127181	10585289970.812027	635101324.8284768	9950188591.845482	0.8814762992654258	0.0	0.0	0.0	0.0007926108955871314	54.13806915283203	5.11446255153263e-09	74.58282779719146	216.04550871905127	263.7919416412393	1.0612698862743524e-09	0.0	151774.75806277152	0.6158162849607588	74.25516718276134	3.465018547984712	74.74591245307481	65.96966492822801	0.5057963709677419	0.030745967741935484
13428	0	342139	64	10	17440.525817200858	17440.525634216945	2269.510334140981	19389.603746350927	1.1117556861288995	2.9370607040000354	0.9305102701173146	71784792.6600563	5150677.156772706	66634119.77654997	0.8417341261788687	0.0	0.0	0.0	0.00018298391296411864	-4.2732663825154305	5.952885317579574e-08	128.93682466190847	78.35347557296328	64.68252274107472	1.5394148432356e-08	0.0	91348.84082388978	4.711227854864535	1873.2141386177764	36.821462265662916	1902.4631714698596	65.96968631930012	0.4977318548387097	0.013608870967741936
13428	0	342139	80	10	81897.22660407628	81897.22670319345	7711.845004075993	88338.54533717105	1.0786512437623152	2.6481871027856037	0.8786161650907826	1096542866.8480053	59472553.366891846	1037070327.9999273	0.8210143070533629	0.0	0.0	0.0	9.911716915667057e-05	-14.518813848495483	1.3240534672602066e-08	65.17172722351522	135.06794585728753	142.14300795234882	4.2854685499503225e-09	0.0	42142.26380388113	0.4770540850399188	92.96098517404016	2.8483363139391513	93.31869763341889	65.96967398836968	0.502016129032258	0.0720766129032258
13428	0	342139	96	10	108639.91938480249	108639.91979478484	9441.909462710564	116708.80311224093	1.0742718125448756	2.8178884659360075	0.9069899699195767	1818312639.9554348	89149654.3020233	1729162758.8185658	0.8428622629368684	0.0	0.0	0.0	0.00040998235635925084	226.83484554290771	1.2475018902605616e-07	70.81598024501356	141.5680784117245	167.33494863352306	7.145354415548574e-09	0.0	91029.69409911358	0.7799728194417453	137.3720524935005	4.491033584896222	137.62340873320287	65.96967846702962	0.5083165322580645	0.03553427419354838
13428	0	342139	112	10	106411.01126865603	106411.01152714837	10951.276300466523	115864.52552228577	1.088839624216731	2.8648763769052876	0.9111761515269342	2101284955.2863693	119930452.60915974	1981354407.5956955	0.8501212297583632	0.0	0.0	0.0	0.000258492334978655	95.08151412010193	4.524922423343765e-08	69.5680815083366	156.2669621747201	175.01527273425003	2.6263212269913485e-09	0.0	87347.17041308885	0.7538732865005494	152.31200852850768	4.5425108466382325	152.8518409585991	65.96968003738986	0.5035282258064516	0.020161290322580645
13428	0	342139	128	10	218056.40106086276	218056.40117304862	23389.15672354049	238878.68184901582	1.0954903441809134	2.9007466988850044	0.9320639416882589	9514430598.307487	547052652.2383394	8967378353.574286	0.8791279630658878	0.0	0.0	0.0	0.0001121858658734709	-407.50513648986816	4.283021798092246e-08	76.28253209040949	209.30038906945092	253.87011321052353	2.271829577204022e-08	0.0	117186.62700454214	0.490569628428795	67.87486127994961	2.9023958927323505	68.57806667342962	65.96966066447428	0.5052923387096774	0.034274193548387094
13428	0	342139	144	10	131689.0444322654	131689.0443911571	14207.346903636118	144281.07507455949	1.0956194245055126	2.751072890276647	0.8951858435238992	3475024201.187504	201848706.04025882	3273175295.061266	0.8747352698383803	0.0	0.0	0.0	4.1108287405222654e-05	200.08597898483276	5.757829799184084e-08	80.94896405413509	169.90882867461679	205.75388012703206	2.399335420662328e-08	0.0	67778.79289887006	0.4697691129767801	79.17830533499446	3.6060492009746863	79.75161257793151	65.96966840252702	0.5022681451612903	0.05115927419354838
13428	0	342139	160	10	158543.00801341288	158543.00836063648	15856.461895724133	172360.71054420888	1.0871542851617084	2.8043201963786433	0.9044436544249373	4572329149.363453	251427383.85055137	4320901527.134347	0.8593913741840297	0.0	0.0	0.0	0.00034722359851002693	238.37855434417725	5.2135038086084344e-08	80.92425725061703	182.76224618757618	221.053475530367	7.315804712996588e-09	0.0	88906.94985869447	0.515819117464226	80.88028335783241	2.768474740814437	81.36958762680695	65.96967111165961	0.5055443548387096	0.025201612903225805
13428	0	342139	176	10	94301.95267310156	94301.95305573718	9156.569475317698	102176.60864476842	1.0835046968641722	2.821187020850154	0.9015927933985329	1547201076.1862755	83842764.5563198	1463358287.7792912	0.8473585063904887	0.0	0.0	0.0	0.0003826356114586815	23.850664615631104	1.5415361960851946e-08	71.75417032266333	143.05914672859484	162.421905372765	3.43547467578134e-09	0.0	82411.04056857836	0.8065548645010907	158.20074350985527	4.745218536639299	158.93521665285337	65.96968517778326	0.5040322580645161	0.027973790322580645
13428	0	342139	192	10	151556.12086636195	151556.12076175187	14954.170196452274	164715.17928596685	1.0868263079338656	2.8990511634682203	0.9256789068516442	4161832515.1488914	223627206.26446146	3938205213.7763476	0.8688254770460939	0.0	0.0	0.0	0.0001046100805979222	95.10808229446411	2.2852453083653603e-08	58.153244463883816	178.35881946571212	209.65010269464776	1.236771569069678e-08	0.0	67800.1353573889	0.4116204429837122	80.36452639512474	2.2283480332243424	80.47921729491357	65.96966852781068	0.5007560483870968	0.04032258064516129
13428	0	342139	208	10	103280.27157779233	103280.27144728354	8561.778165060776	110400.01646565009	1.0689361557545387	2.713497089620963	0.8869598518510635	1521349138.4332733	73304045.34771147	1448045201.5052562	0.8187867033347094	0.0	0.0	0.0	0.0001305087935179472	-108.41969442367554	7.126549171699607e-08	72.87127151441258	136.1344388744836	162.58193906560626	1.107134703230512e-08	0.0	92936.90198316259	0.8418196414835118	135.79779129574356	5.346166811042354	135.77596390171635	65.96967855968403	0.5055443548387096	0.05821572580645161
13428	0	342139	224	10	68618.2120265667	68618.21231023353	5241.087412166775	72821.46427991113	1.0612556365024064	2.3894584390403732	0.832561254947754	594506638.1475086	27468997.261973016	567037588.2519169	0.7883535918919832	0.0	0.0	0.0	0.0002836668281815946	52.63361871242523	8.853327336500792e-08	63.44396943364522	105.740387742819	137.34172978558593	2.530396957842802e-09	0.0	52235.31712233603	0.7173066002107259	94.26829359052707	3.7926642289182966	94.25421233322284	65.96967218805096	0.5050403225806451	0.07888104838709677
13428	0	342139	240	10	20904.529433867272	20904.529376576713	2836.746731264129	23266.96013387777	1.1130104701703134	2.861643438064942	0.9069856454769333	104352083.0200342	8047132.017337719	96304947.68883967	0.8120030231906793	0.0	0.0	0.0	5.729055919800885e-05	3.3138567954301834	3.1756498763843244e-08	129.9669666369264	90.22056481198759	68.82570329505491	1.1643642398729853e-08	0.0	127469.2902468365	5.478553681954387	1700.875684387759	39.71504424153071	1730.5326029480646	65.9696913423277	0.5025201612903226	0.028225806451612902
13428	0	342139	0	11	161582.92949197802	161582.93008187792	17156.979972661462	176592.15059847973	1.092888655711907	3.0374188891940883	0.9215534908424237	5075744549.786598	294361961.78230655	4781382750.306048	0.8623571950607276	0.0	0.0	0.0	0.0005898998933844268	-162.30175685882568	3.197595057569424e-08	75.99621698139737	182.55860379051816	223.8037661038822	1.377748689789785e-08	0.0	50323.894277925174	0.2849724309274221	101.19778381438157	1.6871118865739452	101.1909147987774	65.96967403772285	0.49722782258064513	0.005544354838709678
13428	0	342139	16	11	178040.43032621403	178040.42982028925	16346.312832617634	192054.72400981977	1.0787141081266096	2.9628300667724465	0.9035726840749985	5186622183.7445755	267201943.2217999	4919420316.427919	0.8451727663634091	0.0	0.0	0.0	0.0005059247778262943	-75.90514373779297	1.4634793329594691e-08	71.42061923698137	186.06019100512938	215.49816095762847	1.878740845332702e-09	0.0	51220.88853468835	0.26669944596374406	77.42642163382465	1.623471669067414	77.54805343708821	65.96966847685596	0.5090725806451613	0.02192540322580645
13428	0	342139	32	11	50459.61057238494	50459.610505386954	4027.5835339371215	53454.96501930147	1.0593614261572561	2.4605805125980496	0.8031709639564133	311260986.09800196	16221429.12284143	295039550.0529896	0.72587491943559	0.0	0.0	0.0	6.699798541376367e-05	6.92217093706131	2.2239121657482098e-08	73.6108880712821	90.6950443640989	115.75447297319461	1.923978917701202e-11	0.0	52885.4452158232	0.9893458004924447	160.8977956218197	5.141485456735066	161.50634945355478	65.969685856122	0.5017641129032258	0.11365927419354839
13428	0	342139	48	11	246461.09970366844	246461.09807267174	24428.481765227873	267755.1522914022	1.0863992435858503	3.048063670061779	0.929347921930651	10949747911.450409	596750721.3540707	10352998327.658798	0.8597878285027013	0.0	0.0	0.0	0.00163099670317024	-1137.5624599456787	1.0388937436231778e-07	75.89144321300184	213.27411049522766	262.05167281511234	3.2025956202054762e-09	0.0	151126.33457366732	0.5644198966152629	74.74591245307481	2.9809245368448014	75.21346943944968	65.96966161962125	0.5030241935483871	0.03503024193548387
13428	0	342139	64	11	19389.603746350927	19389.603634317395	2293.195042704554	21313.591857755047	1.0992278200510524	3.0497436860805522	0.9214378020873543	78312464.4384563	5258743.503884741	73053721.94794019	0.8214902742644872	0.0	0.0	0.0	0.00011203353278688155	-1.0133686363697052	1.2940068271840493e-08	128.7781581784139	79.27760026904674	64.49041554956675	8.311179210854992e-09	0.0	96575.60228335107	4.5311744156649665	1902.4631714698596	34.10700277409912	1929.1537665349115	65.96968815197474	0.4959677419354839	0.01965725806451613
13428	0	342139	80	11	88338.54533717105	88338.54589861029	7575.099853500113	94426.3062516075	1.0689139818999809	2.760405651546001	0.8733640821858288	1112628720.0349445	57382137.79049743	1055246500.1465899	0.7884702591504887	0.0	0.0	0.0	0.0005614392430288717	82.09785723686218	7.378728928935407e-08	65.76604709057281	134.37725663245746	141.60381058182014	1.0162486115821209e-08	0.0	45212.31888884264	0.47881062802092045	93.31869763341889	2.6135534864068393	93.63686793313369	65.96967009114074	0.5042842741935484	0.07484879032258064
13428	0	342139	96	11	116708.80311224093	116708.80298925424	9098.493214340555	124204.19686450508	1.0642230367580388	2.929018617418859	0.9014966271976883	1805737794.8649158	82782578.77140112	1722955150.7213035	0.8112802186287871	0.0	0.0	0.0	0.00012298669025767595	65.37221121788025	3.6202493741773087e-08	70.80199998626952	139.47265915425427	165.32055356154828	5.051897422552652e-09	0.0	93603.97828366369	0.7536297518777286	137.62340873320287	4.20669582914343	137.91606558812873	65.96968573450924	0.5027721774193549	0.04259072580645161
13428	0	342139	112	11	115864.52552228577	115864.5265866631	10664.127991042516	124768.85905714621	1.0768512492906879	2.9830838851795742	0.9052804518341817	2142679915.9176064	113723625.80933648	2028955940.0655775	0.8210446588030781	0.0	0.0	0.0	0.001064377327566035	350.0426924228668	1.6336676786040644e-07	69.62880025202831	154.45615351599258	173.38622855037707	1.2908277106819422e-08	0.0	90541.27699626765	0.7256720783992116	152.8518409585991	4.191908917427686	153.3730791160369	65.96968220323787	0.5037802419354839	0.019909274193548387
13428	0	342139	128	11	238878.68184901582	238878.6815537828	22647.631142882536	258546.32932660938	1.0823332049781846	3.027183608296335	0.9268965041126095	9783179766.340233	512915196.3840629	9270263387.552492	0.856765364296286	0.0	0.0	0.0	0.0002952330105472356	1182.4036769866943	1.2086087603693467e-07	78.38829017204307	206.56035435023153	252.27170314903327	5.746307296063231e-09	0.0	116801.99047052796	0.45176425293186045	68.57806667342962	2.521668612605652	69.1459892761126	65.9696627521718	0.5065524193548387	0.038306451612903226
13428	0	342139	144	11	144281.07507455949	144281.07511436098	13800.157067752412	156231.27327323533	1.0828258189267053	2.880867047576532	0.8928797541910974	3591182123.9056664	190444335.09463686	3400738025.544546	0.8539840957722692	0.0	0.0	0.0	3.9801496313884854e-05	-236.73351669311523	6.592077720515345e-08	84.15810018059067	167.66210900087495	206.03376160180852	2.204985137161321e-08	0.0	65725.71195987279	0.4206949762793043	79.75161257793151	2.7877185243052858	80.12203030305601	65.96966857373272	0.5022681451612903	0.05317540322580645
13428	0	342139	160	11	172360.71054420888	172360.71142645937	15160.08732642451	185169.28690223454	1.0743126221607238	2.925051653418128	0.900055068630174	4579450272.577492	229828247.74481702	4349621566.22765	0.8323030702627463	0.0	0.0	0.0	0.000882250489667058	458.60502529144287	1.0014412167277935e-07	80.59627023157257	179.1569216177336	217.62285583503962	1.4199275254019067e-08	0.0	91427.66515901842	0.49375178024628247	81.36958762680695	2.5449001879995095	81.84782188476055	65.96966600853226	0.5070564516129032	0.022681451612903226
13428	0	342139	176	11	102176.60864476842	102176.6094371159	8862.80432320538	109553.6398456332	1.0721988261179434	2.9381790234920073	0.8965711038063358	1561940649.2805443	78549300.47142798	1483391201.9771762	0.8190361204996252	0.0	0.0	0.0	0.0007923474768176675	146.83194017410278	9.400609443242034e-08	71.61982105939299	140.87811546407661	160.44846307426386	1.7040337700234698e-09	0.0	84040.02618626376	0.767113046951936	158.93521665285337	4.359432082201613	159.6496485132681	65.96968838819784	0.5042842741935484	0.030493951612903226
13428	0	342139	192	11	164715.17928596685	164715.17993564584	14393.891402950818	177031.99051394986	1.0747764187937983	3.020413657589188	0.9204416024255883	4209235378.123024	207184109.71994144	4002051047.22525	0.8439967638926259	0.0	0.0	0.0	0.0006496789865195751	221.1778326034546	5.254584567852841e-08	57.011802915508554	174.9877612157794	206.71382836125193	7.986363432984073e-09	0.0	65359.263626386906	0.36919464982833283	80.47921729491357	1.924325618208893	80.62152716220463	65.96966507729655	0.5025201612903226	0.04485887096774194
13428	0	342139	208	11	110400.01646565009	110400.01784082978	8337.859047762893	117116.17326077183	1.0608347445057802	2.8199644535257873	0.8818457816278169	1528034403.6313171	69519893.50036153	1458514403.3440795	0.7922404887802866	0.0	0.0	0.0	0.0013751796941505745	106.78687620162964	6.988512558870048e-08	72.04949546193713	134.53632134246743	160.71869194343455	2.5532610721469388e-08	0.0	85994.03822070468	0.7342627062792152	135.77596390171635	4.271263970858865	136.01248812887067	65.96967847940893	0.5078125	0.04914314516129032
13428	0	342139	224	11	72821.46427991113	72821.46446616255	5106.648541921696	76764.78191650186	1.0541504853765835	2.4842154220685333	0.8292311413473537	589866082.8177185	26077859.33071098	563788194.8393254	0.758037349823902	0.0	0.0	0.0	0.00018625141819939017	28.647682070732117	4.856641686174873e-08	63.321241115140985	104.41996690786678	135.30251841477926	5.397222878758397e-09	0.0	39057.759290256516	0.508797891387018	94.25421233322284	2.422286947535753	94.44142120475193	65.96967230498824	0.5025201612903226	0.08719758064516128
13428	0	342139	240	11	23266.96013387777	23266.960005754354	2871.204917171133	25601.910818250246	1.1003547808109526	2.969129559691502	0.8975483845765215	114106403.67418158	8243817.676387693	105862587.47928093	0.7923347010396624	0.0	0.0	0.0	0.00012812341446988285	-1.481487050652504	1.2983382202481195e-08	129.68887811192306	91.3211728878754	68.61526027752787	2.8095308184989557e-09	0.0	133792.88205908588	5.22589436091115	1730.5326029480646	36.422618548488835	1756.9974479421799	65.96968809247642	0.5083165322580645	0.026461693548387098
13428	0	342139	0	12	176592.15059847973	176592.15144304396	16754.792591549627	190869.91374834848	1.0808516295966764	3.1546147065609027	0.9159738821454008	5246536321.305847	280723074.78584623	4965812949.481584	0.8391699182684516	0.0	0.0	0.0	0.0008445642306469381	297.0384168624878	5.6616098445031984e-08	76.33397713107082	180.3771720802688	222.37933695086554	7.518865093390054e-09	0.0	42612.43350460252	0.22325380033369951	101.1909147987774	1.5311448382456452	101.22962672942353	65.96967235671812	0.4974798387096774	0.005292338709677419
13428	0	342139	16	12	192054.72400981977	192054.72343298135	15860.108061026143	205243.25047618974	1.0686706694374029	3.07556761275077	0.8985718895977757	5239774851.543915	251543027.70742646	4988231498.364289	0.8188143966810528	0.0	0.0	0.0	0.0005768384144175798	325.47219944000244	6.21156841012169e-08	71.70544376610562	183.56015011258478	213.51461564807306	1.0887341237987492e-08	0.0	52352.94734809913	0.2550775598544166	77.54805343708821	1.345549097908936	77.62568472630215	65.96966520108647	0.5103326612903226	0.024949596774193547
13428	0	342139	32	12	53454.96501930147	53454.96530599705	3937.5702004780765	56295.5435878138	1.0531396581680796	2.54979108083099	0.7986036183416562	311754942.63269997	15504459.08369296	296250437.084727	0.7037406575619375	0.0	0.0	0.0	0.00028669558378169313	46.464280009269714	1.49041037222664e-07	73.01261916007354	90.30573331963235	114.68327158188512	7.285439957268869e-09	0.0	50085.09871178502	0.8896814143111906	161.50634945355478	3.869609752627319	161.99475621341588	65.96968289691378	0.5007560483870968	0.10710685483870967
13428	0	342139	48	12	267755.1522914022	267755.15348324575	23642.87673739587	287810.3150150664	1.0749011272128122	3.1637796890480323	0.9231978877127327	11141955850.479767	558985620.4196947	10582969643.668188	0.8358712700721471	0.0	0.0	0.0	0.0011918435338884592	586.3918838500977	5.262916957482361e-08	76.81591713485352	210.5757692927423	259.4955174769024	3.648633135510532e-08	0.0	148976.06568179312	0.5176189254904747	75.21346943944968	2.7601414285605834	75.76372696160064	65.96966288963367	0.5022681451612903	0.03679435483870968
13428	0	342139	64	12	21313.591857755047	21313.59173624918	2310.403478915296	23204.33726847328	1.088710782459235	3.152484000584495	0.9120770928018723	84172070.19009566	5337964.235383903	78834113.90779388	0.8004601620336129	0.0	0.0	0.0	0.0001215058691741433	-7.953082114458084	9.448599869881667e-08	128.5553583725828	80.03555917578056	64.3060881261175	1.8494429210228524e-09	0.0	101403.796095813	4.370036286651968	1929.1537665349115	31.636814215773917	1953.48866916458	65.96968817560153	0.49798387096774194	0.028981854838709676
13428	0	342139	80	12	94426.3062516075	94426.30665509979	7324.998522600395	100063.66354034738	1.0597011310991942	2.8603608553588553	0.8667804532752501	1096409448.793476	53655603.35609796	1042753920.8347642	0.7537915959429086	0.0	0.0	0.0	0.0004034922894788906	-75.39738607406616	6.876754496874854e-08	65.84464644628727	132.42399268187964	140.25858602038554	2.204959409443704e-09	0.0	48582.36644284821	0.4855145684505674	93.63686793313369	2.5763542052767723	93.9619299649375	65.96966651493645	0.5015120967741935	0.07862903225806452
13428	0	342139	96	12	124204.19686450508	124204.19761395353	8759.482052816333	131124.13929190603	1.0557142399539843	3.0282724898603326	0.8948313195121909	1766857386.2864456	76728525.83361143	1690128696.617242	0.7767389423121371	0.0	0.0	0.0	0.0007494484452763572	163.83559203147888	9.272711725524496e-08	70.79331080588955	137.31178913647418	163.43069222816143	7.1769172931658135e-09	0.0	96507.50727891657	0.7360010727249094	137.91606558812873	4.080714497838838	138.2597755313888	65.96968263255431	0.5040322580645161	0.04838709677419355
13428	0	342139	112	12	124768.85905714621	124768.8597005493	10359.410642407343	133100.76068837984	1.0667786953747609	3.0889525534437308	0.898219780739246	2148544305.403343	107317388.85802251	2041226897.0934017	0.7896234403506179	0.0	0.0	0.0	0.000643403094727546	19.451919078826904	9.053534074167125e-09	69.64886730542608	152.46703096629423	171.8828635272821	8.103039350256992e-09	0.0	94621.3531034829	0.7109001676974385	153.3730791160369	4.035104339847408	153.88811926750952	65.96968122262005	0.5030241935483871	0.020413306451612902
13428	0	342139	128	12	258546.32932660938	258546.32925570107	21782.43562113758	276951.91129494476	1.0711887189281442	3.1421056425258094	0.9209624758698731	9856156761.659409	474474501.58900344	9381684052.62601	0.8329251814379923	0.0	0.0	0.0	7.090831059031188e-05	-1792.5556049346924	1.8187166136680774e-07	79.30268537194178	203.40524871195706	249.25891412971657	3.385825734688272e-08	0.0	114745.03769994009	0.41431393637912084	69.1459892761126	2.2864091876215875	69.67102562470673	65.96966350935136	0.5080645161290323	0.04032258064516129
13428	0	342139	144	12	156231.27327323533	156231.27443671657	13230.397645334187	167392.0859401715	1.0714377629593843	2.998719004628078	0.8894136318438651	3611899686.8254204	175043421.8536644	3436856018.900133	0.8313625747314428	0.0	0.0	0.0	0.0011634812399279326	246.07162284851074	6.812803349607657e-08	84.92972683823953	164.28717287324415	203.92059542800493	7.334588551247446e-09	0.0	53246.19534346648	0.31809266931799546	80.12203030305601	2.023228252531831	80.32149257910025	65.96967206267337	0.5030241935483871	0.05317540322580645
13428	0	342139	160	12	185169.28690223454	185169.28747815118	14489.10671129316	196995.7815778794	1.0638685544103703	3.0334305187837276	0.8945401366599897	4519673147.597519	209934213.29124048	4309738908.113155	0.8031754005105215	0.0	0.0	0.0	0.0005759166378993541	26.19312286376953	5.795357763357903e-09	79.73318221746486	175.52914567825587	213.91978464241646	2.273162025164444e-08	0.0	93185.86737161817	0.47303483392056106	81.84782188476055	2.439065025791153	82.35628528204599	65.96967192943063	0.5078125	0.034022177419354836
13428	0	342139	176	12	109553.6398456332	109553.64037789575	8578.57092850602	116429.90796870194	1.062766222398067	3.0430947206320655	0.8903385707193001	1553923466.1736946	73591879.17540865	1480331614.9056458	0.7875665438469237	0.0	0.0	0.0	0.0005322625511325896	-27.907359838485718	1.7959288501642516e-08	71.50535190744489	138.70712716643527	158.70328656610843	7.440079903321499e-09	0.0	86219.31580219591	0.7405254957643057	159.6496485132681	4.1166193305473255	160.3147373985432	65.9696827373527	0.5032762096774194	0.030493951612903226
13428	0	342139	192	12	177031.99051394986	177031.9916500903	13800.306573958122	188477.48070490884	1.064652101339035	3.1300970063318165	0.9143441816954225	4183435067.5380554	190448461.53523177	3992985779.1897597	0.8171979681593184	0.0	0.0	0.0	0.0011361404322087765	826.8130640983582	1.9763975076704996e-07	55.90020276525143	171.4987502368476	203.44005958020895	6.715948389838451e-09	0.0	64554.35976139213	0.3425043632747506	80.62152716220463	1.742932021149197	80.77615586304813	65.96967319256248	0.5070564516129032	0.04712701612903226
13428	0	342139	208	12	117116.17326077183	117116.17445052872	8140.263791285103	123427.4305895061	1.0538888622554425	2.916435822405099	0.8756931697209273	1518132582.6802197	66263894.59170732	1451868359.6610363	0.761450872280377	0.0	0.0	0.0	0.001189756891108118	328.42747616767883	2.163364912357322e-07	71.68613071353293	133.10704099586627	159.41678027080852	2.1101671003314046e-08	0.0	82614.95325758286	0.6693402987017376	136.01248812887067	3.7486669575321834	136.3401427748202	65.96968587363413	0.5085685483870968	0.05015120967741935
13428	0	342139	224	12	76764.78191650186	76764.78208411964	4829.614550636103	80318.41944610208	1.0462925503190457	2.568039904710404	0.8245985428728009	558216759.631897	23325176.707715966	534891479.8580525	0.7213751736056011	0.0	0.0	0.0	0.0001676177780609578	103.06612849235535	1.8463460065283584e-07	63.51328814914139	101.7326502873323	132.09462065365858	7.136945149045672e-10	0.0	36746.69740313785	0.4575127042521026	94.44142120475193	2.060716309960451	94.67112682208597	65.96967325953712	0.5027721774193549	0.08845766129032258
13428	0	342139	240	12	25601.910818250246	25601.910754315828	2892.3931914769287	27893.452309309054	1.089506658597736	3.06693944461617	0.8878553958150353	122586844.1860596	8365938.374102093	114220903.53026387	0.7712334999964026	0.0	0.0	0.0	6.393441799446009e-05	2.2816936373710632	1.8612875243839046e-08	129.36018897680378	92.17033867777867	68.39831075083785	1.0767985730572719e-08	0.0	139340.9387295075	4.995471326905645	1756.9974479421799	33.492115348300736	1780.57968179427	65.96969027642474	0.5073084677419355	0.030745967741935484
13428	0	342139	0	13	190869.91374834848	190869.9147966037	16391.01737002662	204434.87698292843	1.0710691536879122	3.2612591848747563	0.9095282750181973	5362294952.723099	268665450.42451435	5093629366.598269	0.8140553875956209	0.0	0.0	0.0	0.0010482552170287818	135.70031452178955	2.5306387604224897e-08	76.9177236311192	178.45931500867246	221.15637828657	8.309787321617096e-09	0.0	40015.03879934682	0.19573489293448845	101.22962672942353	1.4771906668943129	101.30772047158105	65.96967302881075	0.4957157258064516	0.007056451612903226
13428	0	342139	16	13	205243.25047618974	205243.24999785173	15370.866875711266	217606.56480220144	1.0602373734450574	3.1776296859824544	0.8926300302464555	5227825178.982727	236263548.51083785	4991562092.186032	0.7911143057163537	0.0	0.0	0.0	0.0004783380136359483	-461.71414279937744	8.831858889535812e-08	71.48431746501132	180.98876997328884	211.37897969648836	4.5979754647343555e-10	0.0	52903.61024843407	0.24311587484502392	77.62568472630215	1.2314686581275742	77.66992221746312	65.96966399835595	0.509828629032258	0.03150201612903226
13428	0	342139	32	13	56295.5435878138	56295.54377327646	3839.0132861023862	58965.10219282435	1.0474204250438826	2.6312228183196122	0.7932722127865018	307695048.7627754	14738023.010870641	292956998.1243396	0.6777667316926635	0.0	0.0	0.0	0.000185462660738267	27.6275652050972	8.978878703504036e-08	72.21516358073933	89.61187472076935	113.64382341049958	2.9959600613144044e-09	0.0	50702.39934941481	0.859871303571263	161.99475621341588	3.4501276458008845	162.3592820200016	65.96968405891076	0.5045362903225806	0.10786290322580645
13428	0	342139	48	13	287810.3150150664	287810.31288228405	22884.43019852233	306642.9046361936	1.0654340328981653	3.268952234836552	0.9163419197077821	11195093534.649933	523697145.5110406	10671399541.803215	0.81011174709739	0.0	0.0	0.0	0.002132782363332808	-3152.664321899414	2.816112533710954e-07	78.12867118587882	207.95793203450688	257.0783809149327	2.5502039925727557e-08	0.0	148637.04503223771	0.48472357481353995	75.76372696160064	2.654374483671762	76.35044601206899	65.96966769588059	0.5015120967741935	0.04561491935483871
13428	0	342139	64	13	23204.33726847328	23204.337107915544	2321.0880286683673	25054.300861196112	1.079724905362253	3.2462406815960074	0.90245801485927	89276723.5742743	5387449.636827608	83889281.10030912	0.7787816307156518	0.0	0.0	0.0	0.00016055773448897526	-7.162862420082092	8.02321381577462e-08	128.29017436911386	80.61526713686155	64.12961727122085	1.6487952663874473e-08	0.0	105966.02304839931	4.229454395494019	1953.48866916458	29.383639050705902	1975.639613046236	65.96969134925932	0.5	0.037298387096774195
13428	0	342139	80	13	100063.66354034738	100063.664659124	7058.5359733743335	105239.89130650784	1.0517293449292242	2.9488971175811516	0.8590909669479748	1062697961.0897408	49822930.087419555	1012874786.0871528	0.7170257096525188	0.0	0.0	0.0	0.0011187766212970018	244.91516840457916	2.304654543172658e-07	65.73995074996125	130.1859558963956	138.74357695129274	3.0898580137115856e-10	0.0	51243.18789986616	0.4869179094938032	93.9619299649375	2.5588075962945465	94.31495709501499	65.96967756951159	0.5022681451612903	0.08341733870967742
13428	0	342139	96	13	131124.13929190603	131124.14044355386	8422.252828316427	137472.27984827754	1.0484132104939077	3.1164740064891525	0.8871623994695008	1705087821.6399574	70934342.70408404	1634153226.2351027	0.7398639237217775	0.0	0.0	0.0	0.001151647826191038	252.70077085494995	1.4820396207621832e-07	70.75205731769745	135.07704615800478	161.5327833345141	3.5717901289162426e-10	0.0	98739.63938322337	0.7182512664931203	138.2597755313888	3.9949133994365926	138.67180932303526	65.96967888625565	0.5047883064516129	0.05191532258064516
13428	0	342139	112	13	133100.76068837984	133100.7616090312	10039.435331894363	140846.83537398747	1.0581970729960215	3.183455447761246	0.8901833352342362	2122018539.0417671	100790261.7832889	2021228071.899971	0.7563024347651494	0.0	0.0	0.0	0.0009206513641402125	205.35850715637207	9.677507683279013e-08	69.60859010962906	150.2910090097746	170.30207173585586	9.905946722340402e-09	0.0	97795.82306973414	0.6943416423022061	153.88811926750952	3.9140991580635873	154.43000166871633	65.96968297196683	0.5057963709677419	0.023689516129032258
13428	0	342139	128	13	276951.91129494476	276951.91326954187	20954.875526435306	294129.6077952654	1.0620241124894312	3.246506492566936	0.9143689954133045	9809865011.873672	439106808.3283973	9370758084.128735	0.8073377787352903	0.0	0.0	0.0	0.001974597107619047	119.41654014587402	1.2173107377250811e-08	79.91119934392503	200.38621185959752	246.0688577384073	2.5282532073384045e-08	0.0	112219.02783676775	0.3815291799743204	69.67102562470673	2.134518643525553	70.19609389578196	65.9696631202427	0.506804435483871	0.05115927419354838
13428	0	342139	144	13	167392.0859401715	167392.08643465565	12732.672134822824	177823.8411830829	1.062319285791324	3.105825829913544	0.8849701795668949	3601208057.704529	162120939.69289362	3439086657.0907273	0.8067865412653704	0.0	0.0	0.0	0.0004944841493852437	460.92090797424316	1.279906355280239e-07	85.24047215901146	161.37245042679208	201.70435067502717	1.4551818215207883e-08	0.0	50668.53924130759	0.28493670436313134	80.32149257910025	1.8830236276439802	80.52377319401941	65.96966651564871	0.5025201612903226	0.053931451612903226
13428	0	342139	160	13	196995.7815778794	196995.78286258798	13862.318100723076	207886.43474930874	1.0552836872150173	3.1306021261039167	0.8880905010436667	4409431793.2990265	192163863.1256346	4217267543.645797	0.7721618988665327	0.0	0.0	0.0	0.0012847085890825838	386.5275950431824	8.765927519971732e-08	78.90517165883723	172.02843788602678	210.3919907633832	7.401367848537996e-10	0.0	95414.0385616927	0.4589719330450214	82.35628528204599	2.357527639284066	82.90728171325469	65.96967113110095	0.509828629032258	0.04359879032258064
13428	0	342139	176	13	116429.90796870194	116429.90897919842	8290.364553676247	122799.31271220143	1.054705915813415	3.1367765269238337	0.8830624222265051	1523747732.9886322	68730144.43285155	1455017444.8387172	0.7537026086430065	0.0	0.0	0.0	0.0010104964749189094	143.71706342697144	9.431814749616669e-08	71.32910030827776	136.4466754198337	156.9697245627296	1.952123577920746e-09	0.0	88097.0060076539	0.717406344210149	160.3147373985432	3.94541629907173	160.94317478340648	65.96968310350971	0.5042842741935484	0.03477822580645161
13428	0	342139	192	13	188477.48070490884	188477.4802706844	13210.547369183178	199060.91253358853	1.056152235211854	3.229060848985073	0.9075258910787938	4101486165.835701	174518561.7934326	3926967763.052244	0.7885823648398126	0.0	0.0	0.0	0.00043422443559393287	-159.00997591018677	3.876886803488403e-08	54.78067782084191	168.01568444682505	200.0563812591871	5.09124365333127e-10	0.0	63660.996470534774	0.31980661301464736	80.77615586304813	1.6084566342453066	80.93726773018128	65.96967179574267	0.5065524193548387	0.056451612903225805
13428	0	342139	208	13	123427.4305895061	123427.43018653497	7926.400725413834	129310.71988054951	1.0476659788099294	3.0032310695951248	0.8685878257819392	1486931654.0985966	62827828.45984095	1424103822.800251	0.7278199321417614	0.0	0.0	0.0	0.00040297112718690187	2.8385045528411865	1.9089677356838143e-09	71.37811337261074	131.52781591819544	158.08384860032814	5.497747869226078e-09	0.0	80648.38282317444	0.6236790193211433	136.3401427748202	3.4719481301182156	136.71379839656205	65.96967818907295	0.5073084677419355	0.0546875
13428	0	342139	224	13	80318.41944610208	80318.41954215526	4509.6959806756395	83460.06038862474	1.0391148252690763	2.6411737385874634	0.8189363684036275	514533177.75289917	20337357.838122014	494195826.4831867	0.6821920572144358	0.0	0.0	0.0	9.605317609384656e-05	-6.568409562110901	1.2765764864370578e-08	63.53908322604101	98.46027752541309	128.50456287763163	1.3915388630595845e-08	0.0	35593.37648338749	0.426471974347465	94.67112682208597	1.8526995458367927	94.90209994340084	65.96968045979501	0.5012600806451613	0.08971774193548387
13428	0	342139	240	13	27893.452309309054	27893.45232868877	2900.408155687059	30126.677432467837	1.0800627006795238	3.1558935763184643	0.8778919020571735	129572011.38826835	8412367.469576009	121159650.76017442	0.7488013693999596	0.0	0.0	0.0	1.9379716832190752e-05	-6.841482073068619	5.28006164276312e-08	129.00079762453643	92.75999291850377	68.16458555671159	3.9012305548343044e-09	0.0	144233.67893443807	4.787573357111024	1780.57968179427	30.889910722187942	1801.5676095195458	65.96969182643679	0.5065524193548387	0.035282258064516125
13428	0	342139	0	14	204434.87698292843	204434.87671556536	16030.122855883035	217284.73441417594	1.0628555049944857	3.358184301784293	0.9023439309834392	5419036882.413887	256964838.77470368	5162072323.600949	0.787593729465987	0.0	0.0	0.0	0.0002673630660865456	-279.96176624298096	5.166264270160737e-08	77.65031014141341	176.58266491150079	219.94603301192996	3.9856758292829135e-09	0.0	39590.72133387124	0.18220664136875256	101.30772047158105	1.4340798250317837	101.41156393563095	65.9696790549086	0.4954637096774193	0.012096774193548387
13428	0	342139	16	14	217606.56480220144	217606.5660685097	14912.239475129045	229173.2433200285	1.05315408810548	3.2699045103185354	0.8858867855587691	5167758408.806297	222374886.16359696	4945383126.27247	0.7620001941480825	0.0	0.0	0.0	0.001266308274352923	396.37022972106934	7.670061143834065e-08	71.01599950899775	178.5266523684376	209.25710716590632	1.5731214161014914e-08	0.0	53027.02731514245	0.23138402502572425	77.66992221746312	1.163767308369497	77.70053047057519	65.96967067187684	0.5060483870967741	0.03654233870967742
13428	0	342139	32	14	58965.10219282435	58965.10266583218	3737.111611288301	61462.40908131235	1.0423522862781014	2.7053021697762007	0.7872872210673045	300744453.4683671	13966003.195225842	286778397.3454814	0.6507067474488182	0.0	0.0	0.0	0.0004730078289867379	52.92765986919403	1.7598881461918986e-07	71.23743178884311	88.69773633783555	112.63106903037928	4.84238848341868e-09	0.0	52310.9542662168	0.8511048413590533	162.3592820200016	3.318044972796575	162.62801115108564	65.96968758492484	0.5035282258064516	0.11063508064516128
13428	0	342139	48	14	306642.9046361936	306642.9056553084	22101.232685028837	324239.427382491	1.0573844119014404	3.364418083110976	0.9088973709483222	11101335305.603958	488464486.1977869	10612872483.599033	0.7829851619944161	0.0	0.0	0.0	0.001019114803057164	-1664.1928615570068	1.4990925107152844e-07	79.54611119183312	205.13739551393172	254.55766243948952	4.064600756043911e-09	0.0	148131.76037038557	0.45685918666208797	76.35044601206899	2.524623687739655	76.92618681580623	65.96966282526337	0.5055443548387096	0.05493951612903226
13428	0	342139	64	14	25054.300861196112	25054.300895366094	2325.3582871132817	26856.69976948746	1.071939700823298	3.331831680457332	0.892615460355015	93564330.86505556	5407291.163446414	88157040.62099889	0.756579971865088	0.0	0.0	0.0	3.416998151806183e-05	-0.9193897396326065	9.826284558787782e-09	127.99699435694379	81.00975961749656	63.96156323548731	7.132500459183639e-09	0.0	110392.32856355153	4.110420474716693	1975.639613046236	27.333268497882266	1995.7518592963143	65.96968932049066	0.49798387096774194	0.04712701612903226
13428	0	342139	80	14	105239.89130650784	105239.8924205686	6802.6535609761095	109969.30010836446	1.0449393166711125	3.026918888654303	0.8504702861563659	1017812244.1179428	46276095.47066094	971535995.0365691	0.6785317129548012	0.0	0.0	0.0	0.0011140607675770298	153.61071276664734	1.5092244532759535e-07	65.61368465197783	127.95329583701611	137.27747755779413	1.0490234066315315e-08	0.0	53767.56690869764	0.48893251943225186	94.31495709501499	2.551693067090386	94.70225614876635	65.96967258767978	0.5022681451612903	0.08442540322580645
13428	0	342139	96	14	137472.27984827754	137472.28055356976	8088.110715835974	143259.461766501	1.042097082587199	3.1944150794947506	0.8786476802648924	1624645658.9444237	65417534.95162071	1559227861.810461	0.7011603772695824	0.0	0.0	0.0	0.0007052922155708075	262.18234181404114	1.6137816906142358e-07	70.68592163224997	132.789230708598	159.59614287853267	1.2788319003900978e-09	0.0	100214.69284119007	0.6995328044823592	138.67180932303526	3.9144949087124696	139.16058974057273	65.9696851216842	0.5005040322580645	0.05493951612903226
13428	0	342139	112	14	140846.83537398747	140846.83663846247	9712.813993430236	148006.89728019072	1.0508358025027065	3.2674788888431854	0.881333944502403	2068210607.6418	94338755.67097421	1973871652.538073	0.7214342311687237	0.0	0.0	0.0	0.001264474994968623	199.43275260925293	9.642768094911218e-08	69.54828294876805	147.99684354717675	168.6297409881578	7.031971465404403e-09	0.0	99973.96002481134	0.6754682482100952	154.43000166871633	3.796394252906007	155.01381071781213	65.96968201658862	0.5032762096774194	0.029233870967741934
13428	0	342139	128	14	294129.6077952654	294129.60659583576	20165.250580938256	310118.40241423855	1.054359691085919	3.341222701765786	0.9072028246743871	9661197334.162964	406637330.9920307	9254561240.894783	0.7801596285868655	0.0	0.0	0.0	0.0011994296219199896	-1237.7238502502441	1.2811288367680146e-07	80.48190489338792	197.41514087093327	242.94105571314634	1.2856650019210853e-08	0.0	109615.68722033472	0.3534639889352973	70.19609389578196	2.001241313860984	70.70953520466527	65.96966343406643	0.508820564516129	0.054183467741935484
13428	0	342139	144	14	177823.8411830829	177823.84005436394	12284.513727338715	187565.49307784886	1.0547825973725098	3.2030734747149037	0.879671591807822	3559495700.43029	150909277.51717335	3408586336.2733817	0.7801827588134308	0.0	0.0	0.0	0.0011287189554423094	86.6397352218628	2.434045227569437e-08	85.75212694838301	158.76208471631986	199.6946522937484	2.0186666077576872e-08	0.0	52307.9659503653	0.27887840763446187	80.52377319401941	1.8787921073281602	80.76826975370257	65.96966915446565	0.5030241935483871	0.05040322580645161
13428	0	342139	160	14	207886.43474930874	207886.43446639596	13249.828591966225	217869.05518727296	1.0480195855492076	3.2175082654220923	0.8808758091103489	4250155455.4163895	175557957.71648568	4074597909.817038	0.7396365289560435	0.0	0.0	0.0	0.0002829127770382911	-412.1171340942383	9.696519066591718e-08	78.07152491300398	168.49695424223282	206.80793406356486	2.1783623039174536e-09	0.0	97592.84095967801	0.4479426475796605	82.90728171325469	2.284271701478312	83.50100465634688	65.96966771489382	0.5085685483870968	0.06023185483870967
13428	0	342139	176	14	122799.31271220143	122799.31326612218	7997.072137015452	128661.77979581736	1.0477402271570975	3.2200293789300143	0.8749061277599467	1474182377.638363	63953162.7646289	1410229129.8482504	0.7180137051437215	0.0	0.0	0.0	0.0005539207486435771	85.02548360824585	5.767636684441751e-08	71.0885811959219	134.09750200951936	155.17915595590875	1.3509599098534954e-09	0.0	89423.67127830668	0.6950290260893801	160.94317478340648	3.807494167162154	161.54964906909294	65.96968358082067	0.5017641129032258	0.04107862903225806
13428	0	342139	192	14	199060.91253358853	199060.9129022722	12640.813679904235	208809.29191719228	1.0489718411290758	3.31815367327691	0.9000966039762952	3976073492.2542343	159790170.49005404	3816282569.8097296	0.7583147553755084	0.0	0.0	0.0	0.000368683657143265	751.9544506072998	1.8911985708316958e-07	53.6575362880998	164.59085725530647	196.65434729467543	2.0646334370159495e-08	0.0	62468.51267902388	0.2991653883978719	80.93726773018128	1.4940483644014275	81.10155204661164	65.96966782321512	0.5060483870967741	0.06149193548387097
13428	0	342139	208	14	129310.71988054951	129310.71979136807	7692.605574247927	134751.23086085558	1.042073162884962	3.0808039397751017	0.8606602903459286	1436631942.4896507	59176180.52095027	1377455789.8036604	0.6923722907016696	0.0	0.0	0.0	8.918144158087671e-05	-27.834959983825684	1.9375150419938684e-08	71.0219178626434	129.77288070840794	156.5726549934901	3.02193600999802e-09	0.0	78876.4545784741	0.5853486778069421	136.71379839656205	3.273312094285618	137.12567629013256	65.96968660922369	0.5070564516129032	0.0625
13428	0	342139	224	14	83460.06038862474	83460.0604893598	4204.939103225582	86217.72281119194	1.0330417017400464	2.7046018914187133	0.8124726476231522	467914046.67463875	17681512.86183556	450232588.3957595	0.641458442052542	0.0	0.0	0.0	0.00010073506564367563	-54.582956314086914	1.1665167289162586e-07	63.43891065884821	95.15777856071504	125.05922836133975	1.842340676136522e-10	0.0	34147.058286935746	0.396056138683739	94.90209994340084	1.6744356072338473	95.12141894231227	65.96967325398985	0.5007560483870968	0.09173387096774194
13428	0	342139	240	14	30126.677432467837	30126.677410055912	2895.790619864875	32288.187107302936	1.0717473634349608	3.236679646295061	0.8676620659471896	134910333.55623662	8385603.314097397	126524733.71306112	0.7251486489258122	0.0	0.0	0.0	2.2411924874177203e-05	-3.470921903848648	2.5727620800832232e-08	128.62065041954114	93.08990525615444	67.90764040031462	3.3850753070131162e-09	0.0	148581.2075426761	4.601720368886065	1801.5676095195458	28.588339911874485	1820.2266180867623	65.96969201313563	0.5055443548387096	0.04158266129032258
13428	0	342139	0	15	217284.73441417594	217284.7348448542	15668.879495367895	229420.15911708926	1.0558503326781414	3.4461314333766313	0.8945328823875822	5420953599.871582	245513784.64036047	5175439262.916927	0.7600638262386499	0.0	0.0	0.0	0.0004306782502681017	552.3142938613892	1.0188508049109165e-07	78.42814289906124	174.71150611399625	218.68248841535603	1.721126824196685e-08	0.0	40358.24724814969	0.17591412795971523	101.41156393563095	1.3966839823400519	101.5372013246108	65.96967444947055	0.49420362903225806	0.01839717741935484
13428	0	342139	16	15	229173.2433200285	229173.24358064943	14479.644875175853	239969.81520561088	1.0471109616863323	3.3531390576255053	0.8784528432022944	5065136755.994049	209660115.71120635	4855476931.792064	0.7316107486006702	0.0	0.0	0.0	0.00026062093093059957	-291.50922107696533	5.755209288910023e-08	70.46151007628647	176.1531295895505	207.13673373008993	7.100876909133895e-10	0.0	52903.28727321559	0.2204580896165257	77.70053047057519	1.1093671395190958	77.72801928147312	65.96966384128213	0.5063004032258064	0.04032258064516129
13428	0	342139	32	15	61462.40908131235	61462.409856474354	3637.563118155475	63794.589369737594	1.03794482388967	2.7726409292357297	0.7807806532992857	292121902.77485037	13231865.438564982	278889945.8843243	0.6237100473792463	0.0	0.0	0.0	0.0007751620069029741	91.45196110010147	3.1306095240173426e-07	70.14222703834042	87.67063756384195	111.68409384147994	8.28049866045398e-10	0.0	54225.8152941918	0.8500064964764351	162.62801115108564	3.2977702281332033	162.8220131587222	65.96968655803047	0.501008064516129	0.11567540322580645
13428	0	342139	48	15	324239.427382491	324239.42789234134	21287.615220304255	340590.8749800392	1.0504301643065115	3.450901849594695	0.9009698672333571	10870937850.343002	453162561.76772934	10417774752.14754	0.754661390355115	0.0	0.0	0.0	0.000509850331582129	536.427734375	4.934512015061097e-08	80.74553733382636	202.1024747444786	251.7065137498441	1.1758933510295467e-08	0.0	146123.26254417037	0.4290287042513095	76.92618681580623	2.3640129446478264	77.48443205177163	65.96966954638681	0.5070564516129032	0.061995967741935484
13428	0	342139	64	15	26856.69976948746	26856.699640211995	2323.494060873371	28605.63010701185	1.0651208209696483	3.409964353320715	0.8825863048672101	96999751.31079507	5398624.650913828	91601139.70495859	0.7339672344548797	0.0	0.0	0.0	0.000129275464132661	-13.045077353715897	1.344856783386837e-07	127.68471868935809	81.2164334998252	63.803930911472065	5.916193607947646e-09	0.0	114804.06313223098	4.013338025104769	1995.7518592963143	25.481176236120923	2013.9480207796335	65.96969310258378	0.49798387096774194	0.06123991935483871
13428	0	342139	80	15	109969.30010836446	109969.30092096333	6557.216190236098	114269.58731719555	1.0391044337337199	3.095273073919865	0.8410751890129243	964291619.3186474	42997084.165494405	921294323.1773887	0.6388184235610844	0.0	0.0	0.0	0.0008125988679239526	211.97576427459717	2.1982537235403515e-07	65.50589485416242	125.73556567967597	135.85866706643185	7.979825116037305e-09	0.0	56300.7123489356	0.49270075849721856	94.70225614876635	2.551819863636902	95.12633118199822	65.96967238122434	0.501008064516129	0.09475806451612903
13428	0	342139	96	15	143259.461766501	143259.4628182898	7756.849055532689	148501.66106293089	1.0365923425356307	3.262859657926963	0.8694362199437241	1529469952.8220406	60168707.27031837	1469300952.5150409	0.6611075329938626	0.0	0.0	0.0	0.0010517888003960252	293.0366814136505	1.9159361769282592e-07	70.59706741237957	130.45161024259562	157.5985582204842	6.363743592423824e-09	0.0	101008.74057470994	0.6801859280710036	139.16058974057273	3.8299867686677485	139.72800616789112	65.96967952481678	0.5055443548387096	0.061995967741935484
13428	0	342139	112	15	148006.89728019072	148006.89794347723	9383.124032771042	154588.94641311164	1.044471232448448	3.341841877179292	0.8718164983091236	1991700710.6069794	88043016.61436552	1903657388.377443	0.6853767684559539	0.0	0.0	0.0	0.0006632865115534514	305.6151707172394	1.5344432478718244e-07	69.49175030721612	145.6206293191342	166.86591491439015	1.581073884865161e-08	0.0	101393.01152195387	0.6558878513640949	155.01381071781213	3.678598092475552	155.64262855687355	65.96968470884167	0.5047883064516129	0.03351814516129032
13428	0	342139	128	15	310118.40241423855	310118.40204945917	19381.23707659028	324937.9285852	1.0477866713345387	3.426972218878289	0.8995532598792277	9411233917.280914	375632350.61899775	9035602145.23558	0.751654172632781	0.0	0.0	0.0	0.0003647793782874942	-578.5736637115479	6.147691883942769e-08	80.8794134256794	194.33734318244612	239.670814740932	1.284839766862653e-08	0.0	106407.8437987164	0.32747129381151846	70.70953520466527	1.8569584736182463	71.19553428608411	65.96966596272438	0.5075604838709677	0.05720766129032258
13428	0	342139	144	15	187565.49307784886	187565.4935181527	11843.760490078477	196625.4055157959	1.0483026610560329	3.291148189839338	0.8736346623102759	3480735900.7146072	140274662.54634398	3340460723.735339	0.7518545178638626	0.0	0.0	0.0	0.0004403038474265486	514.4329242706299	1.4779429952298737e-07	86.29668233256808	156.15645958958348	197.61617911138043	5.910599082328038e-09	0.0	54579.855296226444	0.27758292642470034	80.76826975370257	1.873190818447988	81.03393986644706	65.9696698375147	0.5017641129032258	0.049899193548387094
13428	0	342139	160	15	217869.05518727296	217869.0567291377	12645.740358504576	226973.29387403902	1.0417876631398635	3.294993435557562	0.8730478866269318	4049950923.8358994	159914749.21471146	3890034748.7258673	0.7059658144052978	0.0	0.0	0.0	0.0015418647381011397	1425.8953204154968	3.5207718494153113e-07	77.20832116208118	164.90548541957432	203.1065321417524	3.223507863303413e-09	0.0	99582.72895396482	0.43874205762401847	83.50100465634688	2.2195965218945313	84.13420749570682	65.96967189025652	0.5080645161290323	0.07535282258064516
13428	0	342139	176	15	128661.77979581736	128661.78037600737	7699.14865293456	134023.32598191	1.041671630802879	3.2936269839679726	0.8660245488388097	1408398327.0259132	59276889.97998406	1349121460.0213082	0.6809712757474985	0.0	0.0	0.0	0.0005801900115329772	-22.97537899017334	1.6313125732469444e-08	70.79270948513712	131.66908460576548	153.30251339908625	3.5857099648207596e-09	0.0	90181.01049753497	0.6728754861888915	161.54964906909294	3.6865471870647597	162.14463778091425	65.96968310811484	0.5027721774193549	0.05015120967741935
13428	0	342139	192	15	208809.29191719228	208809.29259722616	12093.97827778944	217755.65123926752	1.0428446418257244	3.3981336555425785	0.8921508722196052	3816203255.6782913	146264310.58364284	3669938263.89808	0.7266240306485606	0.0	0.0	0.0	0.000680033874232322	681.1965684890747	1.7850112345968294e-07	52.53804235551094	161.22783147812345	193.2415622747202	1.892524825197983e-08	0.0	61156.42233542975	0.2808488397656989	81.10155204661164	1.3939907722432567	81.26707883829835	65.9696697420214	0.5063004032258064	0.07535282258064516
13428	0	342139	208	15	134751.23086085558	134751.23083323744	7443.780614497136	139745.78515954386	1.0370649994570043	3.149706389019479	0.8520510405854418	1370990251.3417892	55409869.83676337	1315580424.371522	0.6557844300224737	0.0	0.0	0.0	2.761813811957836e-05	-42.866496086120605	3.126681319882992e-08	70.60884587439467	127.87923151660296	154.88324898222658	1.9297778188645765e-08	0.0	76957.05203185063	0.5506931870688153	137.12567629013256	3.102191196492448	137.5726041932802	65.96967928161175	0.5045362903225806	0.07762096774193548
13428	0	342139	224	15	86217.72281119194	86217.72402118698	3930.5280171638856	88630.75099562918	1.027987612126123	2.7594014392143413	0.8053810443733745	421914295.3016958	15449050.493710265	406465028.3981013	0.5997161432634828	0.0	0.0	0.0	0.0012099950399715453	216.4098842740059	5.129238015489826e-07	63.276031327723224	92.00697558092816	121.87236492280012	6.036980212336543e-09	0.0	32778.10781336223	0.3698277111247913	95.12141894231227	1.5386724583410818	95.3281142684973	65.96967170840207	0.4992439516129032	0.09753024193548387
13428	0	342139	240	15	32288.187107302936	32288.187079794214	2879.462644209123	34366.46948984422	1.0643666482616243	3.309886807534545	0.85718329856743	138527198.52019	8291305.119395795	130235893.66591926	0.7003991158654754	0.0	0.0	0.0	2.750872226897627e-05	-0.2651250511407852	1.9138844499345297e-09	128.22337485116773	93.16590300977141	67.6253728515188	1.2694809931714399e-08	0.0	152481.39530788612	4.436923459224134	1820.2266180867623	26.563375813718306	1836.7985430674696	65.96969109460261	0.5030241935483871	0.04485887096774194
13428	0	342139	0	16	229420.15911708926	229420.1593936785	15311.540288631802	240849.85721920544	1.0498199379954347	3.525766342983118	0.8861916808826014	5375044313.201088	234443266.01039484	5140601444.853251	0.731700715471087	0.0	0.0	0.0	0.0002765892422758043	-397.662558555603	7.398312188402713e-08	79.23205592719077	172.86245598012164	217.3737655849236	1.0438433927889011e-08	0.0	42480.838037970905	0.17637892161781102	101.5372013246108	1.3663793020171469	101.68283615376667	65.9696801596039	0.49420362903225806	0.02469758064516129
13428	0	342139	16	16	239969.81520561088	239969.815719926	14061.0621206365	250016.91920710864	1.0418681991019962	3.4279893632380527	0.8704284675394691	4922947679.998856	197713467.9603986	4725233996.949884	0.7001943134402876	0.0	0.0	0.0	0.0005143151211086661	215.08857250213623	4.369101328783292e-08	69.87428755050513	173.80543002515222	204.96148327234852	6.353087568655164e-09	0.0	52629.34109952748	0.21050311852047013	77.72801928147312	1.059852664487327	77.7551104103613	65.96966926637894	0.5075604838709677	0.04284274193548387
13428	0	342139	32	16	63794.589369737594	63794.58996330223	3541.8590258092804	65971.17036827223	1.0341185830967532	2.8338599755094465	0.7738733490728448	282445686.90616417	12544765.358706664	269900863.52632344	0.5972541233605894	0.0	0.0	0.0	0.0005935646331636235	58.021134078502655	2.0542403997756492e-07	68.97986088184415	86.57955956725212	110.80721588703217	4.674771595352477e-09	0.0	56254.89685824833	0.8527193927178391	162.8220131587222	3.332181548932535	162.9580172545221	65.96968358834525	0.49899193548387094	0.12323588709677419
13428	0	342139	48	16	340590.8749800392	340590.87463767803	20469.45216666332	355715.2259698788	1.0444062131456868	3.529042981936864	0.8926435467429725	10531177867.13324	418998472.00331765	10112179351.79841	0.7252296321904241	0.0	0.0	0.0	0.0003423611633479595	43.331512451171875	4.1145931630691775e-09	81.70407924034126	198.9764060461834	248.6001864153329	1.1136490265986251e-08	0.0	142980.87257352317	0.4019531992390214	77.48443205177163	2.2103971287358855	78.03275373183138	65.96966953016484	0.5073084677419355	0.07056451612903225
13428	0	342139	64	16	28605.63010701185	28605.630098651844	2315.9436389859948	30296.167850390873	1.0590980774433154	3.4812568554034615	0.8724074376192871	99575712.59987473	5363594.938959691	94212115.85692811	0.7110452789204281	0.0	0.0	0.0	8.360006177099422e-06	1.8039869368076324	1.8116736397926633e-08	127.35841293468614	81.23649616387664	63.66083802598952	1.7046696649863767e-08	0.0	119309.0788634761	3.9380914156209403	2013.9480207796335	23.82991493300235	2030.3310463659993	65.96968390478378	0.49974798387096775	0.07283266129032258
13428	0	342139	80	16	114269.58731719555	114269.58831723843	6317.807985420987	118158.70911303183	1.034034618371734	3.154756775612453	0.8310552251337135	903941953.6158943	39914697.74064919	864026997.2501655	0.598411914391705	0.0	0.0	0.0	0.0010000428883358836	258.6250796318054	2.861080610289952e-07	65.4162917443717	123.49271169460452	134.43869726936316	6.888068952694369e-09	0.0	58818.18633268889	0.49778968375881993	95.12633118199822	2.556645392700544	95.58863494975384	65.96967243348463	0.5002520161290323	0.10408266129032258
13428	0	342139	96	16	148501.66106293089	148501.6630097178	7427.951221967526	153219.14383097788	1.031767205392052	3.3225523117303273	0.8596699341536914	1423362697.8482819	55174459.35592886	1368187878.8227472	0.6201766097470353	0.0	0.0	0.0	0.0019467869133222848	359.6696057319641	2.526900601481842e-07	70.48157763237523	128.0608856547882	155.5202002033248	9.031885461245578e-09	0.0	101211.10816834221	0.6605643772323987	139.72800616789112	3.739440961400282	140.37194034152375	65.96968716135771	0.5042842741935484	0.06854838709677419
13428	0	342139	112	16	154588.94641311164	154588.9471162355	9050.86361286422	160606.24205658064	1.038924488348532	3.4073144200022663	0.861764420039812	1896622634.42107	81918132.13866955	1814704099.1605637	0.6484960941886599	0.0	0.0	0.0	0.000703123863786459	403.12183690071106	2.1254720342603155e-07	69.44375888400432	143.1727965879317	164.9989644730691	8.194236843171927e-09	0.0	102225.28875457673	0.6364963625751371	155.64262855687355	3.560597210733591	156.3145230137985	65.96967927150916	0.5045362903225806	0.038558467741935484
13428	0	342139	128	16	324937.9285852	324937.92828497227	18593.668308851902	338607.28211433097	1.0420675837648383	3.5043919322312314	0.8915055511326819	9070234067.613617	345724501.1796035	8724509213.01212	0.7220138415232248	0.0	0.0	0.0	0.0003002277226187289	353.4218940734863	3.896502465525366e-08	80.99990591476234	191.1237286346749	236.13542505950954	7.969009319186464e-09	0.0	102547.84284819642	0.30285185000020615	71.19553428608411	1.7115188273254662	71.65079071088151	65.96966120234808	0.5065524193548387	0.059979838709677415
13428	0	342139	144	16	196625.4055157959	196625.40604236952	11402.78418882309	205011.8362998183	1.0426518168495205	3.3706769912693173	0.8669723151309335	3368302928.772316	130023487.25687385	3238279504.066594	0.7221606129754581	0.0	0.0	0.0	0.0005265736253932118	-62.55115222930908	1.8570524549615796e-08	86.73618280881767	153.4967122078105	195.37163580743572	6.7479380902065285e-09	0.0	56883.36197188304	0.27746379354210754	81.03393986644706	1.8624152615450056	81.30368837660559	65.96966701534164	0.5007560483870968	0.057459677419354836
13428	0	342139	160	16	226973.29387403902	226973.29459872423	12051.072421231385	235235.32817799103	1.0364009093886486	3.363844723857938	0.8647431546899402	3818783490.9762573	145228346.50176367	3673554717.3123603	0.6715155275038178	0.0	0.0	0.0	0.0007246852037496865	427.1621332168579	1.1185817007595148e-07	76.31766856373068	161.25956732761577	199.29209848020008	1.8185932732892729e-09	0.0	101376.98899979367	0.43095988251485484	84.13420749570682	2.163064751419598	84.80292437521953	65.96966907576483	0.5042842741935484	0.0907258064516129
13428	0	342139	176	16	134023.32598191	134023.32660749796	7397.05021189571	138895.22960055262	1.0363511618813297	3.358317403005346	0.8565636452379021	1329632898.5369186	54716351.837306365	1274916465.938815	0.643002667190597	0.0	0.0	0.0	0.0006255879707168788	80.76079726219177	6.07391689473524e-08	70.44757606026666	129.16676355034565	151.32222921980076	1.5346063792169046e-08	0.0	90413.53567099123	0.650947739655157	162.14463778091425	3.575180538888113	162.73508258759298	65.96968533611185	0.5035282258064516	0.06048387096774194
13428	0	342139	192	16	217755.65123926752	217755.65199616432	11568.093876188497	225935.1235055983	1.0375626176394535	3.4696934840562577	0.8837760091322104	3629156386.8524475	133820795.92830981	3495335662.448657	0.6937893866101501	0.0	0.0	0.0	0.0007568967994302511	-71.52451944351196	1.9708304580818818e-08	51.426448940055906	157.91322757702133	189.80195795217108	1.0491017071660382e-08	0.0	59911.33766890084	0.26517053489069153	81.26707883829835	1.3080122790517035	81.43295151153376	65.96967039053288	0.5060483870967741	0.08518145161290322
13428	0	342139	208	16	139745.78515954386	139745.78571215484	7184.388156309693	144300.1985778803	1.032590703276931	3.210538795875169	0.8428974555939915	1293662839.7583084	51615433.18052299	1242047155.6064868	0.6185567932511848	0.0	0.0	0.0	0.0005526109889615327	250.9712986946106	1.9400054711434618e-07	70.14556459458308	125.87720371573276	153.0368872401423	8.120834410164058e-09	0.0	74867.49200109746	0.5188315238187772	137.5726041932802	2.9456799178310242	138.04986802813798	65.96968296857064	0.5025201612903226	0.09299395161290322
13428	0	342139	224	16	88630.75099562918	88630.75131365137	3685.3649531101123	90736.85321764815	1.023762657975479	2.8065583431328274	0.7978017453726377	377766509.7918043	13581914.8376123	364184519.55988413	0.5574764852866674	0.0	0.0	0.0	0.00031802219746168703	75.39430791139603	1.995791208515216e-07	63.08225482853248	89.03177186535834	118.90115557864598	1.8724144195398113e-09	0.0	31685.765823530448	0.3492050333118241	95.3281142684973	1.4402203824061353	95.52621820313408	65.96967541767702	0.5017641129032258	0.1111391129032258
13428	0	342139	240	16	34366.46948984422	34366.46948849031	2852.6465940541125	36352.1694967073	1.0577801571223335	3.376032891690895	0.8464826037724916	140426001.92094278	8137592.590568529	132288415.20631471	0.6746972308877408	0.0	0.0	0.0	1.3539101928472519e-06	-5.875940456986427	4.1843678354486455e-08	127.80896457574237	92.99842049754348	67.32004743651171	5.5183493120791024e-09	0.0	156019.03186211438	4.291876797247217	1836.7985430674696	24.79304255570253	1851.5014484659528	65.96969115056656	0.4992439516129032	0.04889112903225806
13428	1	1033517	0	1	0.0	0.0	4508.853998409779	4508.853998409779	nan	1.0	1.0	20329764.378975853	20329764.378975853	0.0	nan	0.0	0.0	0.0	0.0	0.0	0.0	140.65454338089552	110.45475991353737	114.48547799203013	1.982773947725422e-09	0.0	56984.549946688356	12.638366674447207	777.141917647425	122.96967087929968	745.7446351337354	65.96969159445968	0.5025201612903226	0.0
13428	1	1033517	16	1	0.0	0.0	37030.871738323665	37030.871738323665	nan	1.0	1.0	1371285461.7001781	1371285461.7001781	0.0	nan	0.0	0.0	0.0	0.0	0.0	0.0	202.82020414279864	248.82984794995832	359.91147613199564	1.0323802047081819e-08	0.0	289005.4244931465	7.804445582848308	116.97469452447041	101.33607706022092	70.82252276839966	65.96966154227646	0.4957157258064516	0.0
13428	1	1033517	32	1	0.0	0.0	20523.94235971423	20523.94235971423	nan	1.0	1.0	421232209.9848721	421232209.9848721	0.0	nan	0.0	0.0	0.0	0.0	0.0	0.0	226.9077420499275	228.4581528286408	275.181540449028	1.4545381695235032e-09	0.0	259036.3001539692	12.62117659841289	142.9609965164073	123.10782801129096	94.12220870881387	65.96967433784405	0.5083165322580645	0.0
13428	1	1033517	48	1	0.0	0.0	22563.23470652218	22563.23470652218	nan	1.0	1.0	509099560.42160714	509099560.42160714	0.0	nan	0.0	0.0	0.0	0.0	0.0	0.0	237.07820833990698	233.1126857781466	290.753558998588	2.027123006399044e-10	0.0	348625.98530921474	15.451064031170606	153.03949805801108	139.3468618594181	102.22618562342528	65.96967431062852	0.5070564516129032	0.0
13428	1	1033517	64	1	0.0	0.0	38929.418849401365	38929.418849401365	nan	1.0	1.0	1515499651.952126	1515499651.952126	0.0	nan	0.0	0.0	0.0	0.0	0.0	0.0	207.69068177733737	260.5753797957268	364.272847974444	7.1697306264678366e-09	0.0	296356.33139028697	7.612657455289471	114.75747042345388	98.07670536420193	69.65769401822155	65.96966201001597	0.4982358870967742	0.0
13428	1	1033517	80	1	0.0	0.0	38200.43505662486	38200.43505662486	nan	1.0	1.0	1459273238.5154138	1459273238.5154138	0.0	nan	0.0	0.0	0.0	0.0	0.0	0.0	207.69546143165707	255.59702921081944	362.0735589562846	9.689459539546738e-10	0.0	286893.9215470067	7.510226542974091	116.50538052281226	97.5658476512602	67.63901789613816	65.96965749524189	0.5017641129032258	0.0
13428	1	1033517	96	1	0.0	0.0	21295.07647427065	21295.07647427065	nan	1.0	1.0	453480282.04503524	453480282.04503524	0.0	nan	0.0	0.0	0.0	0.0	0.0	0.0	228.341153255062	219.02329722060844	283.82276047877355	9.488586837909048e-09	0.0	273299.2954656639	12.833919498861022	180.88895065991898	141.17736467117498	119.174580375788	65.96968620878164	0.4889112903225806	0.0
13428	1	1033517	112	1	0.0	0.0	1991.2206769663458	1991.2206769663458	nan	1.0	1.0	3964959.784378312	3964959.784378312	0.0	nan	0.0	0.0	0.0	0.0	0.0	0.0	122.47598560960456	76.06149474844626	68.72491496255664	2.975396069966858e-09	0.0	15002.488716352977	7.534317467231261	1413.1319885234739	86.39520075593802	1464.5638773330584	65.96969152830808	0.5015120967741935	0.0
13428	1	1033517	128	1	0.0	0.0	13677.274964471584	13677.274964471584	nan	1.0	1.0	187067850.45376116	187067850.45376116	0.0	nan	0.0	0.0	0.0	0.0	0.0	0.0	190.86366810734157	186.17441821350582	224.88635502997832	1.0483534731270665e-09	0.0	148309.58017506826	10.843503649517983	237.8423993253813	132.46090758309316	164.10419021124383	65.96968564936913	0.4977318548387097	0.0
13428	1	1033517	144	1	0.0	0.0	34380.98162374015	34380.98162374015	nan	1.0	1.0	1182051897.4119577	1182051897.4119577	0.0	nan	0.0	0.0	0.0	0.0	0.0	0.0	223.52586656337468	243.5435275815269	354.51811227317995	2.142448248326105e-09	0.0	268808.2449976094	7.8185156581410435	116.81956135316702	101.71205603634357	67.14280812174539	65.9696549904241	0.506804435483871	0.0
13428	1	1033517	160	1	0.0	0.0	6931.559144916389	6931.559144916389	nan	1.0	1.0	48046512.179474026	48046512.179474026	0.0	nan	0.0	0.0	0.0	0.0	0.0	0.0	193.39370817296992	132.6103410012227	203.27476910058104	6.613770536623708e-09	0.0	84252.12186160308	12.154858627687487	235.36281414621013	211.17421542782378	107.98257726796407	65.96967645640414	0.4967237903225806	0.0
13428	1	1033517	176	1	0.0	0.0	20048.01393334186	20048.01393334186	nan	1.0	1.0	401922862.67146933	401922862.67146933	0.0	nan	0.0	0.0	0.0	0.0	0.0	0.0	239.42883789350552	226.16298521638106	274.3352030923077	7.230774546418001e-09	0.0	240731.34623563284	12.00774034935593	170.47014070287952	145.04705399683388	109.44364705668899	65.9696766439962	0.4974798387096774	0.0
13428	1	1033517	192	1	0.0	0.0	35072.59667409649	35072.59667409649	nan	1.0	1.0	1230087037.4638438	1230087037.4638438	0.0	nan	0.0	0.0	0.0	0.0	0.0	0.0	193.96688540151507	253.06933976968426	335.0780646015483	1.6876895285306619e-09	0.0	268245.60938789125	7.648296215656993	119.01445732099262	94.96954510822803	66.28485326896524	65.96965559121232	0.5005040322580645	0.0
13428	1	1033517	208	1	0.0	0.0	2474.2844880864272	2474.2844880864272	nan	1.0	1.0	6122083.727985113	6122083.727985113	0.0	nan	0.0	0.0	0.0	0.0	0.0	0.0	120.4721293641226	80.33490364590197	79.21713975009193	3.626586452620573e-10	0.0	25425.228616935892	10.275790347162104	1873.4399785900591	92.55624391251979	1925.5568888362905	65.96968865375108	0.4954637096774193	0.0
13428	1	1033517	224	1	0.0	0.0	17569.586966536102	17569.586966536102	nan	1.0	1.0	308690386.1746752	308690386.1746752	0.0	nan	0.0	0.0	0.0	0.0	0.0	0.0	221.45728032889318	211.17197729642064	248.3939936957837	2.9381429936029827e-09	0.0	182381.565804611	10.380526712828921	172.1808056030529	123.09027023631072	115.09596675235353	65.96967946934382	0.4954637096774193	0.0
13428	1	1033517	240	1	0.0	0.0	2075.715004297556	2075.715004297556	nan	1.0	1.0	4308592.779066002	4308592.779066002	0.0	nan	0.0	0.0	0.0	0.0	0.0	0.0	120.13042723971662	75.39630186837664	70.98649145398208	1.922383482090967e-09	0.0	15608.491602514034	7.5195735778498465	1523.819993115172	90.96068894455591	1582.8892096794204	65.96968728887227	0.5083165322580645	0.0
13428	1	1033517	0	2	4508.853998409779	4508.854020588349	3658.1231921267354	7992.149702893411	1.7725456858244135	1.3764921419290816	0.9785933664850094	43544692.49448338	13381865.288775496	30162826.99036665	0.9143606881734926	0.0	0.0	0.0	2.2178570361575112e-05	0.2153412364423275	4.945292390561922e-09	119.13510063059256	94.29221274130045	98.5292081144321	5.818365402151556e-09	0.0	74608.77327685505	9.335257177114496	745.7446351337354	82.41474221832206	746.0875633054751	65.9696876678582	0.49521169354838707	0.028729838709677418
13428	1	1033517	16	2	37030.871738323665	37030.87149127523	19600.71953012705	52175.98079349255	1.408986025557023	1.2452984911441358	0.9213228804778372	1351047510.062725	384188206.09870404	966859349.5603468	0.6660354699657115	0.0	0.0	0.0	0.00024704843235667795	-45.59632587432861	3.374886932896365e-08	102.0802206711227	186.49895428400615	208.42931609203814	8.631142196085385e-09	0.0	189607.74236545627	3.6340043466355274	70.82252276839966	26.022425802786042	73.12411658526545	65.96966527107851	0.49722782258064513	0.3092237903225806
13428	1	1033517	32	2	20523.94235971423	20523.942387306073	14035.473287786277	30308.272366383757	1.4767276108646097	1.218953940119339	0.8769903020213765	497359163.85002923	196994510.41216213	300364661.4699753	0.5213519366676261	0.0	0.0	0.0	2.7591842808760703e-05	-8.032108187675476	1.614951280981611e-08	132.64060944695328	173.88712389074146	178.3226221597772	1.563364978899284e-08	0.0	217698.49146834787	7.182807663371807	94.12220870881387	43.632956370122216	86.50955654057606	65.96967188581726	0.5045362903225806	0.32283266129032256
13428	1	1033517	48	2	22563.23470652218	22563.23475910188	12605.752556037032	30812.408494064864	1.3656024455198421	1.19216380994784	0.8761244179148614	440304956.7835134	158904997.50403416	281399959.383603	0.4946794790986936	0.0	0.0	0.0	5.257970042293891e-05	-0.10412371158599854	2.3648089802721314e-10	139.20322584210524	160.66190089665008	171.69595491313873	8.504672247092324e-09	0.0	279395.30402315524	9.067622977635795	102.22618562342528	50.402140355885834	90.95300380428576	65.96967328770161	0.5153729838709677	0.3245967741935484
13428	1	1033517	64	2	38929.418849401365	38929.41820134023	21017.102605439086	55258.19674147231	1.4194457141844037	1.2490421077631357	0.9217915468723236	1537968655.1671348	441718601.9275545	1096250165.4504104	0.6699292167790385	0.0	0.0	0.0	0.0006480611336883157	-112.2108302116394	7.296041426764005e-08	105.28103266931295	194.10552991335032	214.5419506391906	1.7573872133973795e-09	0.0	218775.83375501898	3.959156191379121	69.65769401822155	30.853574016161264	74.5166118386296	65.9696660849918	0.5057963709677419	0.29889112903225806
13428	1	1033517	80	2	38200.43505662486	38200.43473727376	21139.99263771268	54877.78945921889	1.436574986066861	1.256942775654375	0.9247959880217632	1552298537.4149423	446899288.7225462	1105399294.1780126	0.6844095330726029	0.0	0.0	0.0	0.00031935110018821433	-45.48561644554138	2.9302106102147734e-08	101.84736486818547	191.7112721562924	219.4474158060845	2.732631957027855e-08	0.0	199697.64779085532	3.6389520981713894	67.63901789613816	28.335450567348936	72.31127596808247	65.96966255701237	0.5073084677419355	0.2946068548387097
13428	1	1033517	96	2	21295.07647427065	21295.076665467695	13896.95126456594	31943.80644957277	1.5000559630846237	1.2562236240512712	0.9077000815818521	566926488.4427317	193125254.44972086	373801227.40263796	0.6315561738563512	0.0	0.0	0.0	0.00019119704666081816	6.590372920036316	1.1624739810868873e-08	98.09067619560776	157.60328680821095	185.7962075564445	1.6841056287101662e-08	0.0	168890.61275726027	5.287116057629449	119.174580375788	32.8248991173783	118.57568075565683	65.96967810625219	0.5005040322580645	0.35660282258064513
13428	1	1033517	112	2	1991.2206769663458	1991.2206738324394	1964.481698215628	3925.800731471714	1.9715548240754157	1.4034912831067656	0.9924408762656507	11446951.59884553	3859188.3426241577	7587763.190221204	0.9698764024418728	0.0	0.0	0.0	3.1339063752966467e-06	0.06600016821175814	5.765741878249447e-09	123.33287310527066	73.56489875759351	66.89211205963589	1.2579545475570905e-08	0.0	26330.625187886115	6.707071242931441	1464.5638773330584	76.14327950456617	1517.9524741310704	65.9696947519753	0.5070564516129032	0.0
13428	1	1033517	128	2	13677.274964471584	13677.275036520552	10326.21949725957	22460.74981846812	1.6421947995351927	1.310609369038347	0.9357283313176489	317417431.9540546	106630809.10558368	210786622.87946635	0.7462289914475838	0.0	0.0	0.0	7.204896792245563e-05	-0.030995428562164307	9.764879128204534e-11	86.54247150310616	144.5206260446965	165.54719401081326	9.137556813148472e-09	0.0	113969.01079047412	5.074140935772944	164.10419021124383	38.92830297294017	162.01817685293764	65.9696842872563	0.5126008064516129	0.1345766129032258
13428	1	1033517	144	2	34380.98162374015	34380.98174384745	18221.33172858843	47776.10903223697	1.3896086375627932	1.2278292302227993	0.9082511012820701	1100504696.848237	332016929.9632634	768487810.4323667	0.6133503240541558	0.0	0.0	0.0	0.000120107302791439	-43.54739308357239	3.957038366877384e-08	97.28666147448611	181.80978334251924	202.92817256398067	6.274975525554528e-09	0.0	181309.00068053632	3.794972078981009	67.14280812174539	27.00672721076844	69.55097263505341	65.96966385488695	0.4987399193548387	0.30972782258064513
13428	1	1033517	160	2	6931.559144916389	6931.559134756506	8956.212438504164	14048.816356534984	2.026790230425776	1.2404912026633896	0.8842534198562759	149322728.8401709	80213741.2436167	69108987.51597369	0.5566077073125848	0.0	0.0	0.0	1.0159883458982222e-05	0.08058050274848938	5.396399019384353e-10	87.77791766554562	133.56679856794045	157.536550886572	7.859657233899852e-09	0.0	61583.46743435625	4.383534243242408	107.98257726796407	23.971741599239962	109.51563163623808	65.96967773352713	0.5017641129032258	0.1766633064516129
13428	1	1033517	176	2	20048.01393334186	20048.01400177957	11766.432099108462	28456.778607736633	1.4194313063804367	1.2241634313497785	0.8944609181222608	407865386.05826783	138448924.34292996	269416460.4316102	0.5710550553319328	0.0	0.0	0.0	6.843771188869141e-05	1.2837276458740234	3.147429739700023e-09	101.67939223553658	150.54450195050254	174.16354886021247	1.55473085204015e-08	0.0	180565.36252727848	6.345249602404239	109.44364705668899	38.59835554940714	106.42381008076177	65.96968276261268	0.49974798387096775	0.32333669354838707
13428	1	1033517	192	2	35072.59667409649	35072.596339207965	23001.081703263088	54534.68021039829	1.5549085434747945	1.3002383290462525	0.9390602030757366	1743944308.1865635	529049759.52018404	1214894568.8672712	0.7529955634659666	0.0	0.0	0.0	0.0003348885220475495	-20.200891733169556	1.1583450020932955e-08	87.4473088024413	200.52202562149185	234.42996793998256	2.4629418915814126e-08	0.0	180502.11149817996	3.3098592010311103	66.28485326896524	31.25920043917999	72.73795178027855	65.96966345989948	0.49722782258064513	0.2253024193548387
13428	1	1033517	208	2	2474.2844880864272	2474.2844863646205	2453.3928171659527	4903.888715861296	1.9819421491236389	1.40737373268693	0.9951724538930891	17926040.80956664	6019136.315321489	11906904.50634753	0.9807360813911643	0.0	0.0	0.0	1.7218067114299629e-06	-0.012102380394935608	6.751284638645304e-10	120.55273286018497	79.79804044070697	77.54227063090991	1.0306443300324493e-08	0.0	46319.31115163691	9.445424586002703	1925.5568888362905	86.758250469776	1980.1335255839608	65.9696884224104	0.5005040322580645	0.004032258064516129
13428	1	1033517	224	2	17569.586966536102	17569.586967430518	9255.196500050279	25276.242851049403	1.4386361443323497	1.272835034783825	0.9422720180587523	330198066.49055076	85658662.25454292	244539398.75732696	0.7519200206703957	0.0	0.0	0.0	8.944152796175331e-07	5.47868087887764	1.659210466344273e-08	71.87878466524188	138.96242607979934	166.75373196408174	1.2800252455313109e-08	0.0	77466.31524608289	3.0647875802998485	115.09596675235353	26.92596219700899	112.86479110221346	65.96968059999345	0.5047883064516129	0.3112399193548387
13428	1	1033517	240	2	2075.715004297556	2075.714999359088	2056.0860802433626	4105.162518975059	1.9777100953048659	1.4050799830614633	0.9935527957370631	12543766.52813165	4227489.969370516	8316276.651207201	0.9742937488152293	0.0	0.0	0.0	4.938468009640928e-06	-0.09244606643915176	7.369880986849113e-09	121.031262780891	73.49736552003817	69.298770733676	1.743636228709304e-08	0.0	28684.742374856574	6.987480359385439	1582.8892096794204	82.00532288756683	1643.03171594006	65.96969084057025	0.5035282258064516	0.012096774193548387
13428	1	1033517	0	3	7992.149702893411	7992.149719861396	3586.765527897428	11181.553110566223	1.399067025298356	1.6383950543530852	0.9513185185710822	61152673.09095393	12864886.952113315	48287785.98807977	0.8422493789321605	0.0	0.0	0.0	1.696798517514253e-05	0.15076084434986115	2.4653189587580365e-09	117.05751547189566	90.1973717775233	92.74603109913822	5.668733016455531e-09	0.0	96461.14015261029	8.62681055554946	746.0875633054751	61.06168150116821	759.3249905368411	65.96969003635824	0.4987399193548387	0.05619959677419355
13428	1	1033517	16	3	52175.98079349255	52175.980773684525	23778.006375891357	74285.96940024063	1.4237579873056392	1.5419903097871122	0.923844560556232	2796072277.970585	565393587.21193	2230678617.10292	0.8990026004306856	0.0	0.0	0.0	1.9808023353107274e-05	73.65573453903198	2.634257172797121e-08	90.35216639895225	204.6783760058942	233.6116164909567	1.4903782484681744e-08	0.0	185808.690805928	2.5012622512160343	73.12411658526545	19.664492650825512	73.25415717779897	65.96966480574108	0.5105846774193549	0.09122983870967742
13428	1	1033517	32	3	30308.272366383757	30308.27253807933	16584.563544330766	45345.23886942231	1.496134069314908	1.5171874214935883	0.886619296854885	1137599314.2900667	275047747.9559451	862551556.688768	0.858005036346881	0.0	0.0	0.0	0.00017169557395391166	9.64535367488861	8.478691533765486e-09	79.0437164986389	183.05945960776947	202.31188000801365	2.5666052180652288e-08	0.0	133034.86542091094	2.9338221623378424	86.50955654057606	17.4856750113053	89.25904242103977	65.96966984427448	0.501008064516129	0.13205645161290322
13428	1	1033517	48	3	30812.408494064864	30812.40872666615	14644.085593058076	43362.89012838402	1.4073190720140116	1.4597289833371712	0.8705122499483406	930935723.0811834	214449242.8568111	716486446.8774759	0.7939443733451634	0.0	0.0	0.0	0.00023260128727997653	33.34689652919769	3.582083671558668e-08	98.55314233784004	168.89101240859932	187.1358420213178	5.344423211921739e-09	0.0	183754.052266983	4.237587733418885	90.95300380428576	25.923424327043755	94.44348510172381	65.96966722540206	0.5055443548387096	0.17212701612903225
13428	1	1033517	64	3	55258.19674147231	55258.19661051396	23940.40293456939	77284.35872487606	1.3986044294288869	1.5363860402416707	0.9212920760584316	2919403796.3960648	573142892.6695386	2346260913.795544	0.886784609559126	0.0	0.0	0.0	0.00013095835311105475	-10.069017887115479	3.448998011013565e-09	92.03126951620933	209.39366976436565	227.74114442383944	7.565450167890653e-09	0.0	204228.85716121903	2.6425639244147545	74.5166118386296	22.595560511474996	73.27606208212516	65.96966320058077	0.5050403225806451	0.0907258064516129
13428	1	1033517	80	3	54877.78945921889	54877.78895398601	24276.159775589542	77625.60846131672	1.414517771693452	1.5539099305141706	0.9283517877267469	3014163313.05929	589331933.4499516	2424831410.021022	0.9100703409674984	0.0	0.0	0.0	0.0005052328779129311	-30.411683559417725	1.0089593827797849e-08	87.31342959842375	207.38495488888657	236.55829681812753	5.492907077089418e-09	0.0	187516.5617825383	2.4156533785268164	72.31127596808247	20.489936753386324	71.91580560428785	65.96966196874016	0.5113407258064516	0.07232862903225806
13428	1	1033517	96	3	31943.80644957277	31943.80656016964	12195.783657088095	42245.975327422624	1.322509119071739	1.497987530056585	0.8914945443345743	764315660.8774343	148737139.0104971	615578518.1112554	0.7900545546886526	0.0	0.0	0.0	0.00011059686949010938	3.7556817531585693	4.9137835915164256e-09	97.19447237506807	147.97339275066832	167.85105503475341	1.1924043220542177e-08	0.0	132440.3211574824	3.1349808122192195	118.57568075565683	17.462557259303257	120.35258638971546	65.96967809400714	0.5063004032258064	0.20287298387096775
13428	1	1033517	112	3	3925.800731471714	3925.800710706792	1996.9190652728835	5856.710658278478	1.4918512321135822	1.704100106804628	0.9838876395658969	18889148.35156888	3987685.753250327	14901463.131261835	0.9504082647714882	0.0	0.0	0.0	2.076492182823131e-05	-0.5329432804137468	2.821425669884593e-08	125.21972653557144	72.97974373079497	66.23861543667432	5.911909731130606e-09	0.0	36416.39663241329	6.21789238647064	1517.9524741310704	67.63496217513529	1569.611126235771	65.96969010024878	0.5015120967741935	0.006048387096774193
13428	1	1033517	128	3	22460.74981846812	22460.750010874024	11538.672126250809	32171.98095279093	1.4323645119958484	1.557203759917909	0.905177822324129	530551076.0189268	133140954.43711737	397410117.9962635	0.7667059563542789	0.0	0.0	0.0	0.00019240590336266905	3.5855458974838257	6.758154039359474e-09	102.75019933048162	150.53403502007137	157.5380709560112	1.189939783215852e-09	0.0	139771.9011934347	4.344522681508239	162.01817685293764	24.853743658687154	166.13325039261332	65.96968204096774	0.508820564516129	0.12096774193548387
13428	1	1033517	144	3	47776.10903223697	47776.10924975766	21850.53598115456	67664.17417115184	1.4162763678702965	1.516236761625014	0.908819135558882	2295883872.0037766	477445922.66373014	1818437957.8338718	0.87095480399065	0.0	0.0	0.0	0.0002175206900574267	-8.493825435638428	3.699588441389799e-09	82.66859121779606	200.63938134928569	223.53384084255046	1.1887208914942026e-08	0.0	175818.0976871245	2.5983927332562864	69.55097263505341	19.08009883442922	69.44353495090068	65.96966444022655	0.5025201612903226	0.08366935483870967
13428	1	1033517	160	3	14048.816356534984	14048.81640300294	11019.627406931451	24056.63182773976	1.7123600463714164	1.5224117373525063	0.8940526669398843	381352293.8757766	121432188.18759477	259920102.76416475	0.8394662239442026	0.0	0.0	0.0	4.646795605367515e-05	2.924017071723938	7.667495695401325e-09	88.48607774075565	147.00460852539192	162.55774535199538	1.323013882004384e-09	0.0	78366.58874182474	3.257587719939113	109.51563163623808	19.214191290635565	112.15167706583486	65.96967226784183	0.5040322580645161	0.08341733870967742
13428	1	1033517	176	3	28456.778607736633	28456.778815957296	12043.532256699418	38669.43316068828	1.358883016722599	1.477032014631134	0.8816966643046315	685536812.2392012	145046669.21815938	540490132.0559216	0.788529880622316	0.0	0.0	0.0	0.00020822066289838403	10.965120315551758	1.599494019837661e-08	81.32909702925296	151.4086094115662	169.7100353666884	5.151393494390896e-09	0.0	124007.10519011771	3.2068508671389298	106.42381008076177	17.853657056322678	108.62931480120807	65.96967456741834	0.5070564516129032	0.17389112903225806
13428	1	1033517	192	3	54534.68021039829	54534.68049511421	20779.956858766825	73654.36911670314	1.3505968831675523	1.5735586489771183	0.9340643446068895	2450934744.329146	431806607.05221045	2019128131.9387052	0.8908743797227068	0.0	0.0	0.0	0.00028471591940615326	5.33823037147522	2.1780385560352264e-09	100.61095735114317	198.2929454068803	210.49341723472304	1.696074391929447e-08	0.0	185922.1723561938	2.524251771985695	72.73795178027855	20.946702229839925	71.44353712813069	65.96965794049206	0.5095766129032258	0.07711693548387097
13428	1	1033517	208	3	4903.888715861296	4903.8887151899735	2473.996961861949	7314.925790378689	1.4916581949992171	1.7117375201903793	0.9882798845767823	29460014.781195536	6120660.967302154	23339353.89132753	0.9618759485859292	0.0	0.0	0.0	6.713225957355462e-07	-0.07743414863944054	2.6284490763007734e-09	121.22730462771186	80.15550489998562	76.31674952686106	1.235356498497717e-08	0.0	64445.12960101522	8.810086570887293	1980.1335255839608	81.37024011078906	2035.18966872669	65.96969278077643	0.4992439516129032	0.004788306451612903
13428	1	1033517	224	3	25276.242851049403	25276.24264270549	6469.221889158767	30398.336132413024	1.2026445667399086	1.455482680483818	0.9130273094993525	285170386.9539412	41850831.851170935	243319566.85964462	0.7440163439753894	0.0	0.0	0.0	0.0002083439139823895	-11.756874322891235	4.1227542763022324e-08	73.98593923542762	115.69396876272423	127.67325854294589	1.0458061452985345e-08	0.0	84753.5026369606	2.788096757227268	112.86479110221346	16.95258781305283	113.66519935589704	65.9696817459299	0.49798387096774194	0.2860383064516129
13428	1	1033517	240	3	4105.162518975059	4105.162514047339	2085.8309151806075	6129.36544249129	1.4930871589516548	1.7074320144650472	0.9858038305846679	20716761.420408793	4350690.606723171	16366071.067055583	0.9556634631967613	0.0	0.0	0.0	4.927720510750078e-06	-0.2533699609339237	1.2230191572526403e-08	122.70500826072758	73.19396836426563	68.49364577422239	1.096074584646883e-08	0.0	40836.420228261944	6.6624221600009985	1643.03171594006	74.37570385275455	1701.250148804925	65.9696895285646	0.5042842741935484	0.007560483870967742
13428	1	1033517	0	4	11181.553110566223	11181.553135532065	3921.042596194983	14560.974760467672	1.3022318649730331	1.8499754589659518	0.9289425321109974	86994856.01056343	15374575.041175492	71620279.49027583	0.8167747879923409	0.0	0.0	0.0	2.4965842385427095e-05	1.4791121184825897	1.7002294001187692e-08	119.77796631918778	92.89982957376387	91.75079754562664	1.9412422344004127e-09	0.0	123212.29097019331	8.461816127106616	759.3249905368411	50.51862927450347	775.2597696422945	65.96968712842501	0.5083165322580645	0.05493951612903226
13428	1	1033517	16	4	74285.96940024063	74285.96808339028	26926.442931824942	100191.07553817827	1.3487213850352435	1.815395174199249	0.9334336817378819	4519846367.763456	725033328.9608253	3794813254.2165747	0.9485814776387514	0.0	0.0	0.0	0.0013168503501219675	-215.4139437675476	4.765957208278748e-08	82.28747213233193	215.57065709783396	262.04674110621477	7.944504483000883e-09	0.0	242777.0825194914	2.4231407995258323	73.25415717779897	15.36781159469461	74.8537384767153	65.96966843814005	0.5037802419354839	0.03629032258064516
13428	1	1033517	32	4	45345.23886942231	45345.239097157624	17112.037016895785	61207.63879736652	1.3498140118662096	1.7772382610008284	0.8967361735585829	1690184359.0239186	292821810.86761165	1397362518.4088178	0.90042114888769	0.0	0.0	0.0	0.00022773531236452982	29.74748921394348	1.760014465588988e-08	81.39983234729212	189.37973388160339	211.88586338295812	5.373904497442762e-09	0.0	182384.51263151166	2.979767160017619	89.25904242103977	17.554624366272627	90.43679340277077	65.96967296790159	0.4926915322580645	0.07006048387096774
13428	1	1033517	48	4	43362.89012838402	43362.89038829858	16421.1629215318	58073.77457765497	1.3392505528509886	1.7109345025936795	0.8767939102226423	1492223053.4099808	269654591.6954908	1222568473.630846	0.8584619769008011	0.0	0.0	0.0	0.0002599145664134994	-11.916356086730957	7.985639988271243e-09	90.41952914376951	182.90724502300068	205.60203706280575	1.8401791380590602e-09	0.0	245005.5408847186	4.218867161653117	94.44348510172381	21.540997618536103	94.94743788771527	65.96967976381974	0.5042842741935484	0.08870967741935484
13428	1	1033517	64	4	77284.35872487606	77284.35845506033	28445.752474293637	104563.47357176857	1.352970708393961	1.8094135940032388	0.9308375487093439	4960647901.878618	809160833.8287826	4151487051.1202545	0.9442014416719806	0.0	0.0	0.0	0.0002698157331906259	16.92958116531372	3.412776213950282e-09	80.48845775831032	224.61787459220437	265.82934948729746	9.98708139033733e-09	0.0	278112.5451434436	2.659748521955083	73.27606208212516	17.422075065549315	74.04509280857799	65.9696651835326	0.506804435483871	0.04233870967741935
13428	1	1033517	80	4	77625.60846131672	77625.60821556598	27023.11316846531	103654.97939028165	1.3353193803554684	1.8250493295332348	0.9368696660619215	4718619663.410066	730248645.3156831	3988371015.8907223	0.950659866353231	0.0	0.0	0.0	0.0002457507362123579	2.203660011291504	4.670136964798211e-10	79.79555185157668	215.18809537221563	264.21356048309076	1.92958659462021e-08	0.0	241316.81601634744	2.3280774221079	71.91580560428785	14.663428071097517	73.27512058183925	65.96966724366584	0.5075604838709677	0.025453629032258063
13428	1	1033517	96	4	42245.975327422624	42245.97578912076	12198.355151600284	53148.749959696404	1.2580784216194103	1.7297138809253714	0.8919645790152622	1040067190.9131277	148799868.4045732	891267291.7228527	0.8647515592454008	0.0	0.0	0.0	0.0004616981386789121	30.785701751708984	2.9599723960795896e-08	83.94161786197719	149.648601285292	171.4048930281467	2.2517165232181977e-08	0.0	138352.03223663173	2.6031098230661742	120.35258638971546	14.617582351662547	122.132931392101	65.96967901764629	0.5047883064516129	0.12474798387096774
13428	1	1033517	112	4	5856.710658278478	5856.710661938481	2048.8778174827867	7804.459374325446	1.3325670038511839	1.9505215978538941	0.975374629521245	26608526.39070362	4197900.310973028	22410625.17265948	0.9338005954700191	0.0	0.0	0.0	3.660003130789846e-06	0.9070711135864258	3.4089490724421877e-08	127.06808272381035	73.4053295348546	65.99091901652932	3.283911660487329e-08	0.0	45893.70002100052	5.880445760278377	1569.611126235771	60.474809830653946	1617.9269492937553	65.9696891623128	0.502016129032258	0.02217741935483871
13428	1	1033517	128	4	32171.98095279093	32171.981286994214	13451.17722727502	44515.34560897761	1.3836681575281078	1.8056716040588159	0.9085998656641009	946579636.2599792	180934168.7995621	765645464.9158726	0.8846258309219441	0.0	0.0	0.0	0.0003342032832733821	2.5445445775985718	2.688146332465269e-09	89.06264463136746	165.4023282076538	171.4671983734404	2.0000158530776316e-09	0.0	148659.7956444836	3.339517976758356	166.13325039261332	22.058502040877876	165.0284074493695	65.96968683554262	0.5110887096774194	0.046875
13428	1	1033517	144	4	67664.17417115184	67664.17387209352	23717.39547326374	90155.01573255236	1.3323892124141128	1.783926391642733	0.9183537833691573	3549486395.4727917	562514848.0351913	2986971536.5235147	0.9306262736088865	0.0	0.0	0.0	0.0002990583161590621	10.914085388183594	3.0748351091312854e-09	82.75172093901631	207.13584149664547	245.0669428212069	2.065164942876166e-08	0.0	245881.8645163743	2.72732318148707	69.44353495090068	17.669601984390802	71.44675673890185	65.96966697670932	0.5078125	0.04334677419354838
13428	1	1033517	160	4	24056.63182773976	24056.63190215418	13337.760294420983	36673.42571101263	1.5244621929460804	1.7735301573718487	0.911250604116462	766218618.4857407	177895849.6714329	588322780.0695329	0.9167859269669558	0.0	0.0	0.0	7.441441994160414e-05	-11.25522518157959	1.4689313089028064e-08	75.8653192295189	164.9256291021167	180.09834635313004	7.726666887225256e-09	0.0	115838.847579153	3.158659011454183	112.15167706583486	18.575646766492014	112.95511580695441	65.96967818447197	0.4992439516129032	0.05846774193548387
13428	1	1033517	176	4	38669.43316068828	38669.43327066349	12408.461288114939	49787.02689175925	1.2875034057228754	1.7184413693845517	0.8848440965131986	983422985.7518201	153969911.53864706	829453056.8428748	0.8643230181243293	0.0	0.0	0.0	0.00010997521167155355	17.370298266410828	1.76630997221723e-08	77.99686540322071	157.68561731440977	174.87835345147312	2.4792924174858734e-11	0.0	153131.15039105667	3.0757239414764967	108.62931480120807	17.127111533116036	109.71464661597228	65.96967764903785	0.5035282258064516	0.09753024193548387
13428	1	1033517	192	4	73654.36911670314	73654.3689875938	25956.932413796803	98611.8127827397	1.3388453932242939	1.8424212459108202	0.9408575394049203	4299323530.318552	673762340.3344152	3625561286.5097957	0.9481856442139015	0.0	0.0	0.0	0.00012910933583043516	-96.52565908432007	2.2451359708946618e-08	84.79941814501241	217.8468487834698	252.14748667530642	2.741159487411381e-09	0.0	261009.9010931669	2.6468421503124486	71.44353712813069	18.710465141987676	72.04587121437686	65.96966160192915	0.5136088709677419	0.029989919354838707
13428	1	1033517	208	4	7314.925790378689	7314.925816729841	2519.295318543004	9722.472571943465	1.3291279844193933	1.9598919392981966	0.9799921759662649	41018333.59344568	6346848.902032697	34671484.45703751	0.9407049621090813	0.0	0.0	0.0	2.6351151973358355e-05	0.2343754768371582	5.713920003678771e-09	122.09376697071097	81.06218640854287	75.40476952814119	5.238703188084892e-09	0.0	80751.98639082955	8.305704741156575	2035.18966872669	76.26186980218078	2089.360799981944	65.96969513572571	0.5027721774193549	0.008316532258064516
13428	1	1033517	224	4	30398.336132413024	30398.336292323464	6440.8726207094505	35909.775282420924	1.181307263858142	1.643016831483854	0.9037343792448467	365453121.21480143	41484840.11620463	323968269.84755594	0.8273284429950143	0.0	0.0	0.0	0.00015991043983376585	11.251040875911713	3.078655023799542e-08	63.731680287922565	117.3051631600847	128.62860343271464	1.0108425266216971e-08	0.0	61424.8241223191	1.710532130413716	113.66519935589704	9.637997318135897	114.44691427463191	65.96968240859975	0.5050403225806451	0.15473790322580644
13428	1	1033517	240	4	6129.36544249129	6129.365455211383	2134.1243639998393	8164.733003369159	1.3320682344648371	1.9550283399752248	0.9776067030445709	29093744.28869912	4554486.801017717	24539256.70922139	0.9379855931386392	0.0	0.0	0.0	1.272009285457898e-05	0.7784600146114826	2.6756955271441626e-08	124.31926670062767	73.74862300706006	68.02935538934626	1.4264124522423463e-08	0.0	52316.65202052108	6.407637805333483	1701.250148804925	67.75650860553708	1756.1800330040355	65.96969322511002	0.5027721774193549	0.0020161290322580645
13428	1	1033517	0	5	14560.974760467672	14560.974823108883	4399.986863623911	18358.054148953437	1.2607709614877327	2.0358794531155393	0.914483810124673	124996166.16092986	19359884.40006298	105636279.74240026	0.8244062422142674	0.0	0.0	0.0	6.264121111598797e-05	2.0184666216373444	1.6148228250765805e-08	121.49682577947895	98.16970355200444	92.49283118800204	1.5279546272315017e-08	0.0	147485.8552250388	8.03385013430425	775.2597696422945	43.67872541452436	789.2368832029954	65.96968913104081	0.5083165322580645	0.04788306451612903
13428	1	1033517	16	5	100191.07553817827	100191.07513062787	26616.22955891817	125820.42633502801	1.2558047277083433	2.0534553427735043	0.9392929750883912	5792528065.631266	708423675.9330294	5084104191.635745	0.9532545261891159	0.0	0.0	0.0	0.0004075503966305405	198.06249141693115	3.419275473037289e-08	83.11026927510981	216.66992781572208	268.57313161838556	3.3875925292780714e-08	0.0	226180.43396107742	1.7976447946373317	74.8537384767153	11.240892378602622	74.67317509410023	65.96966281586045	0.49722782258064513	0.03755040322580645
13428	1	1033517	32	5	61207.63879736652	61207.638971109875	16902.513712273754	77138.15110343344	1.2602700025532163	2.010694625257419	0.9058182565503696	2203919308.507242	285694969.79360235	1918224360.2870102	0.9270699029472307	0.0	0.0	0.0	0.00017374335584463552	-21.573370456695557	9.788638982117554e-09	93.18972413561815	191.04423545843065	217.63808310678485	8.47991175997579e-09	0.0	225805.67830852486	2.927289226263819	90.43679340277077	17.871539074377022	91.51462487078373	65.96968010374435	0.5002520161290323	0.038306451612903226
13428	1	1033517	48	5	58073.77457765497	58073.77545723523	16625.213368051925	73493.24301249869	1.2655151752573812	1.9444928937107178	0.8869627274942511	2028693474.7979026	276397719.5332525	1752295661.1335943	0.9074654542876708	0.0	0.0	0.0	0.0008795802568783984	94.13105583190918	4.6399841573545984e-08	101.35334517712542	186.4290473771044	213.64800037284843	3.929804997492025e-09	0.0	323158.3478793613	4.397116478764512	94.94743788771527	24.49031629171599	96.67904422526311	65.96967581073648	0.5037802419354839	0.059979838709677415
13428	1	1033517	64	5	104563.47357176857	104563.47381095517	28569.266368051383	132057.75797440854	1.2629434874671497	2.0485214758571	0.9372316303487779	6505731435.833519	816202980.808672	5689528443.943548	0.9522855317894388	0.0	0.0	0.0	0.00023918660008348525	11.081298828125	1.7033132918904846e-09	86.47812093703124	226.53140809227457	278.3041826551203	2.451859867542768e-09	0.0	252447.5518882524	1.9116449697257119	74.04509280857799	11.18350172671896	72.75303145326933	65.96966293433046	0.5032762096774194	0.05796370967741935
13428	1	1033517	80	5	103654.97939028165	103654.97864269782	26353.183692819457	129011.08687218056	1.244620254917307	2.0604900327366527	0.9417356784770408	5899505783.541607	694490290.7474854	5205015716.07261	0.952727703283688	0.0	0.0	0.0	0.0007475838210666552	-223.2784881591797	3.784698182381314e-08	83.83922140553413	213.97462640614214	268.71733802153034	7.84321214428788e-09	0.0	226846.40715266357	1.7583481580599054	73.27512058183925	10.49208860746522	72.70279642058946	65.96966468851342	0.5040322580645161	0.04939516129032258
13428	1	1033517	96	5	53148.749959696404	53148.750407304404	12273.809155951116	64263.53946771404	1.2091260757110218	1.9422245616818423	0.894288355076711	1305012882.640112	150646391.19670942	1154366385.2127876	0.8847921313476175	0.0	0.0	0.0	0.000447607999376487	106.23061490058899	8.140196645850628e-08	80.76037932000513	152.92533564126543	175.65707325765987	1.064889040770559e-08	0.0	157434.95205018748	2.4498331999156426	122.132931392101	14.211968577867045	123.70015134897683	65.96967933290364	0.5057963709677419	0.08543346774193548
13428	1	1033517	112	5	7804.459374325446	7804.459281621296	2104.1025644008423	9773.361663063466	1.252279138669768	2.161899948178293	0.9671231693949587	34609012.07154234	4427247.601518201	30181765.683035456	0.9189775937956982	0.0	0.0	0.0	9.270415011997102e-05	-1.2130113169550896	3.504900152733635e-08	128.52685371309713	74.33685676038513	65.83644237814372	7.07707131565514e-11	0.0	54799.88510718643	5.607066111730157	1617.9269492937553	54.442160564794115	1662.3698488745808	65.96969168482597	0.5042842741935484	0.023689516129032258
13428	1	1033517	128	5	44515.34560897761	44515.345828230194	14149.849004926516	57876.54972060557	1.3001482731144596	2.0360999816026766	0.9165920685294446	1368079012.8750076	200218226.86221993	1167860763.6262655	0.927042223136604	0.0	0.0	0.0	0.00021925258624833077	22.38652229309082	1.636347176033767e-08	83.0535704917274	172.12278166210933	183.37407776935126	1.263365704594051e-08	0.0	179437.84831343684	3.1003549750313186	165.0284074493695	20.754125838427164	161.9111370361131	65.96968757033805	0.5057963709677419	0.031754032258064516
13428	1	1033517	144	5	90155.01573255236	90155.01518853198	23217.39458760168	112274.20169180661	1.2453461494019533	2.0187596203342126	0.924922852540732	4477569503.795708	539047411.4363958	3938522370.076535	0.9408057164194218	0.0	0.0	0.0	0.0005440203822217882	-277.71722316741943	6.202410100658271e-08	93.43338355883594	204.1181058563073	254.56162957637906	1.8311311815945714e-08	0.0	239472.3692712031	2.1329242681698175	71.44675673890185	13.599827101732945	71.8577371470618	65.96966310810295	0.5032762096774194	0.040826612903225805
13428	1	1033517	160	5	36673.42571101263	36673.426094252965	13708.610367764304	49797.08340822812	1.3578519716328166	2.007173142695727	0.9229583721197191	1134809362.584866	187925998.21517497	946883334.7219887	0.9417194927707947	0.0	0.0	0.0	0.00038324033812386915	29.64770245552063	2.6125711888725665e-08	74.95451897426759	169.99405383162022	189.37599606243734	9.33088591872441e-09	0.0	131207.6348856094	2.6348457633572404	112.95511580695441	14.943504647507693	112.24273229553759	65.96967108053046	0.49798387096774194	0.058719758064516125
13428	1	1033517	176	5	49787.02689175925	49787.02718611708	11891.097709743546	60781.488285158426	1.220829844234362	1.940814705568132	0.8917794084784842	1215641271.4380927	141398204.7426682	1074243057.1745892	0.907265542821264	0.0	0.0	0.0	0.00029435782926157117	9.520835399627686	7.831944853570677e-09	80.7061002138255	157.22272352353428	177.91592555171346	6.507519787199496e-09	0.0	174111.02085566628	2.8645402694345443	109.71464661597228	16.331845475771058	110.80319781959437	65.96967855247259	0.4964717741935484	0.0625
13428	1	1033517	192	5	98611.8127827397	98611.81325948836	27113.912225158798	124732.19753402192	1.2648808901711435	2.0789075006925786	0.945481821509773	5833831481.36816	735164236.1536157	5098667298.412481	0.9534667397756581	0.0	0.0	0.0	0.0004767486680066213	-53.19793701171875	9.118867622697027e-09	89.64215490016907	223.15224583730532	271.58372932125985	1.367311778697797e-08	0.0	265826.9012667442	2.1311810829855538	72.04587121437686	13.047824070895736	70.89146947459663	65.96966117783845	0.5133568548387096	0.0438508064516129
13428	1	1033517	208	5	9722.472571943465	9722.472553452148	2577.5404350992776	12133.24362457152	1.2479586375573757	2.170375712770808	0.9707752047581284	52689127.94101247	6643714.694571774	46045414.26352814	0.918700972580349	0.0	0.0	0.0	1.8491316950530745e-05	-1.0170874446630478	1.9303554346196747e-08	122.93897738399359	82.27041702356097	74.71227744148372	1.4911692646062535e-08	0.0	95697.53180172114	7.887217529672153	2089.360799981944	71.38954414635317	2141.7393761402586	65.96968930631094	0.5037802419354839	0.008568548387096774
13428	1	1033517	224	5	35909.775282420924	35909.77551324641	6454.18970266803	41550.64345683743	1.1570844743541993	1.8232714416260243	0.8995774442881479	436944010.84325886	41656564.718026035	395287408.4140445	0.8527634314260855	0.0	0.0	0.0	0.00023082548432284966	37.711188316345215	8.630668319166645e-08	62.877684766501794	119.50885068428515	131.00374595923284	5.6484927778449106e-09	0.0	67440.79823346045	1.6230987717547556	114.44691427463191	8.61288471487986	114.9257229013254	65.9696803584745	0.5065524193548387	0.0955141129032258
13428	1	1033517	240	5	8164.733003369159	8164.732974017822	2187.0949219283875	10214.662191914189	1.2510711847771545	2.1667389913959654	0.9692386689072083	37676458.67861563	4783384.197524939	32893076.406287044	0.9210111335800593	0.0	0.0	0.0	2.935133670689538e-05	-1.9251963533461094	5.1098123891320245e-08	125.60478227385649	74.73805417891667	67.6868183643689	1.0742936772152604e-08	0.0	63030.94131665536	6.170633901826694	1756.1800330040355	61.97444315072653	1807.321986178489	65.96968882683662	0.5040322580645161	0.0022681451612903223
13428	1	1033517	0	6	18358.054148953437	18358.054200340513	4900.079799878779	22630.242907340595	1.2327146833604208	2.2051095268579917	0.9061212025262853	175109741.9093328	24010782.04518006	151098956.90836188	0.8398498908347947	0.0	0.0	0.0	5.1387076382525265e-05	2.955790877342224	1.6879648414265008e-08	121.75195558888048	104.00923832280708	94.04558758402469	5.592968715346146e-09	0.0	167661.8741233509	7.408752660594315	789.2368832029954	38.45267213400624	799.3845495011318	65.96969245126519	0.508820564516129	0.04561491935483871
13428	1	1033517	16	6	125820.42633502801	125820.42499706714	24989.14886990259	149722.68910216226	1.1899712428527984	2.2626165813184707	0.9419991971851199	6586103948.854525	624457561.2421539	5961646481.719477	0.9480551714166822	0.0	0.0	0.0	0.0013379608717514202	-94.10710620880127	1.4288736852561925e-08	78.88853261629563	211.5509854359016	264.923136974487	2.3891601062044027e-09	0.0	186575.38344432935	1.2461396798303987	74.67317509410023	7.512170221349059	73.4134686141207	65.96966982869677	0.5017641129032258	0.05367943548387097
13428	1	1033517	32	6	77138.15110343344	77138.15157589583	15464.41460057029	91645.46390817835	1.188069231595819	2.215611773557469	0.9107809788703988	2448596699.289093	239148118.93833154	2209448487.5673246	0.926085687868932	0.0	0.0	0.0	0.0004724623868241906	92.78343677520752	3.7892494424314774e-08	90.21419123498075	183.23024000816264	213.0406171294932	2.1723728351100456e-08	0.0	153307.54209424005	1.6728328457188284	91.51462487078373	9.427800019941815	91.16778080267544	65.96967729523602	0.5063004032258064	0.03150201612903226
13428	1	1033517	48	6	73493.24301249869	73493.24358990646	14698.37149985988	87153.00058144475	1.185864128578773	2.149111933808878	0.8933471453665267	2194388741.8551207	216042124.7478932	1978346567.715066	0.9157053320925803	0.0	0.0	0.0	0.0005774077726528049	49.39216136932373	2.2508391711656318e-08	95.07225328248352	175.06389658428287	206.1404030183487	4.775248496946099e-09	0.0	182997.20065070948	2.099723470202742	96.67904422526311	12.021530874025245	97.19549410414791	65.96967839339646	0.501008064516129	0.049899193548387094
13428	1	1033517	64	6	132057.75797440854	132057.75696082343	26681.19744469671	157573.77353621472	1.1932186033837628	2.2585306677277805	0.9402722308471252	7390242665.214821	711886297.0828903	6678357019.051649	0.9476989590429782	0.0	0.0	0.0	0.001013585104374215	-650.9197187423706	8.807826051588112e-08	80.31978330993412	219.88079638574047	272.61359455499957	3.752225106912921e-09	0.0	214158.48124465006	1.359099782243541	72.75303145326933	9.102014923425363	71.06396325761384	65.96966568318753	0.5040322580645161	0.05619959677419355
13428	1	1033517	80	6	129011.08687218056	129011.08555621977	24430.538539977882	152337.26399809922	1.180807539037551	2.2666087337693424	0.9437122648530322	6562781466.48526	596851213.3533446	5965930495.407987	0.9464291838308556	0.0	0.0	0.0	0.0013159607915440574	-242.2760715484619	3.6916675160633444e-08	80.12843283106416	207.10394092768757	262.6777875550246	7.711884923148641e-10	0.0	189222.39659776943	1.2421280994964534	72.70279642058946	7.47892250689541	71.35302635042629	65.96966127046007	0.5063004032258064	0.05594758064516129
13428	1	1033517	96	6	64263.53946771404	64263.53959503424	11943.23503968654	75079.30143438645	1.168303240939697	2.134321986012269	0.8959000588233674	1507098998.9570227	142640863.21319634	1364458165.8423157	0.8888809677021628	0.0	0.0	0.0	0.0001273201996809803	-30.09848928451538	1.9971142775189174e-08	79.6854933248459	153.00299349618464	178.07781232229013	8.882251714801648e-09	0.0	144439.97008580252	1.9238321059760901	123.70015134897683	11.268003138845629	124.63825494772735	65.96968056058026	0.5063004032258064	0.06930443548387097
13428	1	1033517	112	6	9773.361663063466	9773.361606506094	2156.496895706775	11760.000689103792	1.2032707981684996	2.347896751829797	0.9590528472746214	42779018.010683	4650478.8611929575	38128540.99607875	0.904539187363584	0.0	0.0	0.0	5.655737186316401e-05	-1.846588708460331	4.3165757287817854e-08	129.5411504552279	75.5020530970518	65.67089099665728	7.667098608298609e-09	0.0	63061.97186565257	5.362412248180925	1662.3698488745808	49.35454969416533	1702.9317448979532	65.9696944367275	0.5035282258064516	0.025453629032258063
13428	1	1033517	128	6	57876.54972060557	57876.54998742155	13610.882468346546	70761.12845422285	1.2226217491508489	2.245256032130972	0.9219201480601673	1657442292.553297	185256121.56714338	1472186090.7046564	0.9344235939080632	0.0	0.0	0.0	0.0002668159795575775	80.28149724006653	4.84369788322419e-08	80.06112920629374	169.6256452994977	187.84804638247596	2.8983548460658578e-09	0.0	174141.11700603436	2.460971459964349	161.9111370361131	14.466638481284738	159.26074703491736	65.9696851775135	0.5035282258064516	0.0234375
13428	1	1033517	144	6	112274.20169180661	112274.20059133283	21745.418347157956	132873.05519550352	1.1834691602639127	2.225101832088636	0.928318428266011	5049752431.454857	472863219.0929139	4576889336.534636	0.937330345927786	0.0	0.0	0.0	0.0011004737752955407	-124.17269229888916	2.458985742061704e-08	92.94518640844124	196.05818729732152	255.34824964691643	1.1806891540286602e-08	0.0	218580.5556191623	1.6450329659900849	71.8577371470618	9.602977881756322	69.90602123225355	65.96966331424618	0.5063004032258064	0.04435483870967742
13428	1	1033517	160	6	49797.08340822812	49797.08387216452	12316.88371052289	61561.63941351809	1.2362499005985172	2.2225433647025734	0.9289426961924757	1310085931.3139954	151705624.33854413	1158380283.516952	0.9443139579224198	0.0	0.0	0.0	0.00046393639786401764	23.45849919319153	1.7906076717931798e-08	72.12742378081177	161.1184748918874	184.62896958283983	7.35549667960043e-09	0.0	91331.34641418555	1.483575605474292	112.24273229553759	8.461511467501047	110.9136954902718	65.96967410541389	0.4987399193548387	0.02948588709677419
13428	1	1033517	176	6	60781.488285158426	60781.48877537931	10617.379002342255	70596.26655043836	1.161476438668852	2.134859509899835	0.8961769796254574	1289443532.7016912	112728736.87937823	1176714686.9208884	0.9117011960670773	0.0	0.0	0.0	0.0004902208820567466	108.90142440795898	8.445614068867722e-08	76.72239166371567	149.21402314040833	173.2598376373993	3.042813767067202e-10	0.0	111243.26656463127	1.575766985910184	110.80319781959437	8.858993508173223	111.04870668290884	65.96967450975467	0.4974798387096774	0.0703125
13428	1	1033517	192	6	124732.19753402192	124732.1968641129	25383.00752400386	149011.15896010335	1.1946487106463357	2.287296986390553	0.9472604351124438	6646204392.966921	644297070.9636366	6001907226.89755	0.9478456744160411	0.0	0.0	0.0	0.000669909015414305	95.10573482513428	1.430978182461197e-08	84.42508621186614	216.6443738047487	268.3700612624745	2.0082126511960217e-08	0.0	230618.7899471079	1.5476612075933975	70.89146947459663	9.702229348139292	68.7657883976015	65.96965915077372	0.5115927419354839	0.058719758064516125
13428	1	1033517	208	6	12133.24362457152	12133.243593928215	2640.7796773507694	14547.772489218154	1.1990011030320757	2.35296871620638	0.9609283380736697	64422083.54484713	6973717.304308834	57448366.902491644	0.8964758729320864	0.0	0.0	0.0	3.0643304853583686e-05	-0.6619533449411392	1.027525513794231e-08	123.66475067991314	83.61064997163344	74.17409464691912	1.1190385563294502e-08	0.0	109482.53063394428	7.525724692973859	2141.7393761402586	66.75018314598755	2191.7489500940565	65.96969018049154	0.5017641129032258	0.010584677419354838
13428	1	1033517	224	6	41550.64345683743	41550.64337539229	6302.082246985747	47095.11395454223	1.1334388600615621	1.9918085992761618	0.897201033333007	491493786.71409035	39716240.647772916	451777563.24643207	0.8626464578411697	0.0	0.0	0.0	8.144514140440151e-05	-17.18011462688446	3.4954896870096964e-08	64.58356621785302	119.8919559793643	132.08474705354914	2.83717354675876e-09	0.0	77922.75075452334	1.6545824861304559	114.9257229013254	8.581878002701464	115.2275983550277	65.96968079596175	0.5017641129032258	0.08366935483870967
13428	1	1033517	240	6	10214.662191914189	10214.662212839066	2238.6730080561924	12275.806690073709	1.2017829331439955	2.352209376272028	0.9607343651164586	46356106.19713721	5011656.8369993605	41344449.47547849	0.9040085650445371	0.0	0.0	0.0	2.092487738991622e-05	-0.11534064263105392	2.488143463571946e-09	126.52409190215194	75.92228364376642	67.38788873175638	3.156454715486301e-09	0.0	72871.76241003793	5.936209647531198	1807.321986178489	56.894315161848375	1854.6090053454259	65.9696916421979	0.5042842741935484	0.0015120967741935483
13428	1	1033517	0	7	22630.242907340595	22630.242946336075	5358.819320572858	27337.930916604564	1.208026402038174	2.361296557248948	0.901240428413693	235234572.75580448	28716944.510544945	206517630.49788204	0.8514689334266029	0.0	0.0	0.0	3.899548028130084e-05	-2.25262251496315	9.576069064055407e-09	121.17596365909966	109.49064322506015	96.1017602238512	7.662901075237479e-09	0.0	184279.43034164232	6.740796507197919	799.3845495011318	34.57491460948036	805.2084836058953	65.96969646590854	0.5093245967741935	0.05115927419354838
13428	1	1033517	16	7	149722.68910216226	149722.68852690846	24000.909406445644	172425.5663895182	1.1516328448513558	2.4495566089452785	0.9425132383891864	7313692312.763412	576043652.336411	6737648813.80653	0.9374822640464301	0.0	0.0	0.0	0.000575253798160702	-153.3795280456543	2.097155875398062e-08	71.42539702061022	208.81325465014967	257.83902415827725	9.082748955598542e-09	0.0	163466.78663252963	0.9480426252316982	73.4134686141207	5.26030064609521	72.9335789439104	65.96966605644076	0.49974798387096775	0.041834677419354836
13428	1	1033517	32	7	91645.46390817835	91645.46441097432	14277.78288906199	104844.27052157534	1.144020293537072	2.3959823918322596	0.9124769954404387	2593430006.256049	203855084.22719133	2389574799.636182	0.9131011376300479	0.0	0.0	0.0	0.0005027959705330431	122.39267587661743	4.719335998325517e-08	81.85343290563375	175.84994880987693	204.65670439893253	1.0811526151162354e-08	0.0	122398.45492067304	1.1674310336129232	91.16778080267544	6.528982617035966	90.00146040758831	65.9696685534479	0.5055443548387096	0.05670362903225806
13428	1	1033517	48	7	87153.00058144475	87153.00172496245	13169.449836248672	99190.76783506961	1.1381222353024498	2.3263571271103847	0.8958115503426296	2243162913.36137	173434408.98947018	2069728433.2246017	0.9016404522979777	0.0	0.0	0.0	0.0011435177002567798	71.14729809761047	3.1717401207831376e-08	86.20463474739475	165.16314530247823	194.27362960298035	9.712256847718075e-09	0.0	121362.46866675606	1.223525847960838	97.19549410414791	7.587303610186944	95.43399045505303	65.96967561523212	0.5022681451612903	0.0594758064516129
13428	1	1033517	64	7	157573.77353621472	157573.77382838968	25537.705169117697	181700.7939733171	1.1531157114261616	2.445657962815473	0.9408657733335308	8185684424.091549	652174385.3047807	7533509821.036225	0.9360554108102315	0.0	0.0	0.0	0.00029217495466582477	217.75054264068604	2.6601384973969614e-08	69.57177707635073	216.27094386457148	261.27081675506975	1.7878184992969735e-08	0.0	177795.16610935697	0.9785051669663797	71.06396325761384	5.689567634843702	71.37972515469676	65.9696609015278	0.5030241935483871	0.034274193548387094
13428	1	1033517	80	7	152337.26399809922	152337.26367985795	23122.314824521556	174168.33819733575	1.1433075114143374	2.450467136651911	0.943767872247007	7127968027.994942	534641442.8442893	6593326362.302063	0.9359165287640994	0.0	0.0	0.0	0.0003182412765454501	222.84858894348145	3.126397145276864e-08	72.814806961669	203.26535177957683	252.8994314657633	1.649420171879615e-08	0.0	163052.05410793898	0.9361750572820398	71.35302635042629	5.171910484675126	71.04736501780903	65.96966327560571	0.502016129032258	0.05493951612903226
13428	1	1033517	96	7	75079.30143438645	75079.30241924756	11246.891365428553	85179.38637503072	1.134525558278815	2.3064268326418635	0.8961524973189031	1618626359.351307	126492565.38575137	1492133693.2001579	0.8835375515023469	0.0	0.0	0.0	0.0009848611080087721	100.76539778709412	6.225364933972633e-08	76.81727367577895	149.40740428734327	176.91712494839246	2.0003948487849766e-08	0.0	111125.97428177245	1.304611106869451	124.63825494772735	7.342038861066556	124.7212078299762	65.96968905455618	0.5042842741935484	0.060735887096774195
13428	1	1033517	112	7	11760.000689103792	11760.000606519226	2204.005947659656	13757.453406748311	1.169851411615584	2.514057150154388	0.951012986886745	50969908.03112903	4857642.217319138	46112268.25861935	0.8895418472927734	0.0	0.0	0.0	8.258456546172965e-05	-2.4448094591498375	4.796574201500835e-08	130.16129995238276	76.75087194025708	65.47297935973013	7.704373202286445e-09	0.0	70636.27648804069	5.134400547277709	1702.9317448979532	45.04138146050174	1739.8318927472778	65.96969079389208	0.5040322580645161	0.02217741935483871
13428	1	1033517	128	7	70761.12845422285	70761.1288342578	12527.47407961911	82493.11661824163	1.1657970756021578	2.4323928751160335	0.9239660064375039	1797976989.2757883	156937606.8155287	1641039357.817793	0.9256157505647984	0.0	0.0	0.0	0.0003800349513767287	24.64246678352356	1.3705663048251447e-08	76.33187233054399	162.34606651909223	185.03150299960296	2.4173191090182518e-08	0.0	135243.8332548135	1.6394559747823738	159.26074703491736	8.016048470284824	157.7966454444468	65.96968433898299	0.5002520161290323	0.021421370967741934
13428	1	1033517	144	7	132873.05519550352	132873.05462620725	21129.340790084912	152790.91706078476	1.1499014366454883	2.412103880516818	0.9301636797383034	5689815539.288277	446449042.22354615	5243366317.477937	0.9338074561291022	0.0	0.0	0.0	0.0005692962731700391	179.58679389953613	3.156284991305714e-08	81.94062069003152	193.9538641136766	250.12742717806918	3.508641941306852e-08	0.0	212069.79690582893	1.3879738477465717	69.90602123225355	8.367658966423726	68.56042570723977	65.96966610542982	0.5030241935483871	0.04460685483870968
13428	1	1033517	160	7	61561.63941351809	61561.63998353103	11200.831733039835	72153.31724984344	1.172049963861092	2.4149533956811706	0.9313532219027476	1416265742.8765316	125458631.51187217	1290807075.3281686	0.9359893081445049	0.0	0.0	0.0	0.0005700129404431209	36.03649067878723	2.544472381686976e-08	67.65865413791198	152.8516802281839	175.06516088911428	1.022726996455947e-08	0.0	60603.32467589985	0.8399242988906055	110.9136954902718	6.875462227753746	110.56902016629083	65.96968171517071	0.5015120967741935	0.016129032258064516
13428	1	1033517	176	7	70596.26655043836	70596.26702390985	9600.814552572352	79324.65112900088	1.1236380478042194	2.3036814132710917	0.897584103387936	1308567425.8771582	92175640.07288505	1216391799.812883	0.8973330628433516	0.0	0.0	0.0	0.0004734714893857017	-14.008609771728516	1.0705302221884571e-08	71.1010400416662	141.5653519456911	165.10001578498273	1.1233384618295772e-08	0.0	53488.31013647209	0.6742961911727257	111.04870668290884	4.742407503609888	110.57170950260361	65.96967820905247	0.49798387096774194	0.07484879032258064
13428	1	1033517	192	7	149011.15896010335	149011.15756278325	23831.212551530058	171553.5298945487	1.151279750400981	2.47304841690773	0.9470838089338145	7226288124.6466255	567926691.6762038	6658361921.136772	0.9375025844454131	0.0	0.0	0.0	0.0013973200984764844	-488.16635036468506	6.755423281555868e-08	70.74655124054257	210.9656832137322	253.9673469484517	9.189173449629362e-09	0.0	198288.08846512256	1.1558380072424426	68.7657883976015	7.194848061858721	68.9467912169051	65.96965716799663	0.5022681451612903	0.056451612903225805
13428	1	1033517	208	7	14547.772489218154	14547.772440794899	2703.6708876381063	16962.124737927512	1.1659602698969012	2.513638514642295	0.95063398567827	76075991.22695994	7309836.268661825	68766153.38095042	0.8741670087899083	0.0	0.0	0.0	4.8423255066154525e-05	1.5773476958274841	2.073384349500925e-08	124.23700412686749	84.96945211443355	73.74420095163595	6.203310947705856e-09	0.0	122191.11510641397	7.2037622944596365	2191.7489500940565	62.3549813440539	2239.049442045061	65.96969480081047	0.5017641129032258	0.01033266129032258
13428	1	1033517	224	7	47095.11395454223	47095.11391367906	5946.837147038917	52295.66653424067	1.1104265844800416	2.1449546774102783	0.8948916475987061	516886979.8691821	35364872.05340196	481522113.81320393	0.8596552975987111	0.0	0.0	0.0	4.086316766915843e-05	-5.997423768043518	1.1602969317511913e-08	64.7312281191358	117.6186485514732	130.94743711382094	1.470751093169576e-08	0.0	76928.96491870201	1.471039003526286	115.2275983550277	7.538387336555575	115.48232834391119	65.96968172814331	0.49974798387096775	0.07484879032258064
13428	1	1033517	240	7	12275.806690073709	12275.806617591319	2286.16693432359	14341.400239364972	1.1682654021394385	2.517086636172046	0.9520508633819729	54980330.93359926	5226559.251594521	49753770.84488273	0.8864169019871313	0.0	0.0	0.0	7.248238944157492e-05	0.8371220156550407	1.522584534214696e-08	127.12189896524788	77.16122926130294	67.10957153004881	1.3333679959309868e-08	0.0	81792.17482574558	5.703220979232251	1854.6090053454259	52.39693375193255	1898.1756002892903	65.96969093627227	0.5050403225806451	0.0022681451612903223
13428	1	1033517	0	8	27337.930916604564	27337.931047016944	5741.404796668021	32391.126943948744	1.1848419341887706	2.506482407572665	0.8978810428096003	301822637.8979585	32963729.039202563	268858896.6571959	0.8564669422411196	0.0	0.0	0.0	0.00013041237980360165	12.201560020446777	4.042625863130894e-08	120.29194617033896	114.15333399365835	98.43011862683167	1.1291222977793328e-09	0.0	197993.7829726274	6.112593218684817	805.2084836058953	31.96795485083611	806.9177264052887	65.96968293653102	0.5083165322580645	0.046370967741935484
13428	1	1033517	16	8	172425.5663895182	172425.56715678936	23965.377405494186	194731.37476430644	1.1293648548869968	2.618823100229954	0.9411509058855699	8189732372.850616	574339314.1877713	7615393104.923767	0.9214598036319387	0.0	0.0	0.0	0.0007672711508348584	-46.260921478271484	5.648648743593724e-09	68.60880124107983	208.99480315706214	256.1860648449403	2.0298527155480567e-08	0.0	138911.71416150295	0.7133504484883791	72.9335789439104	3.756778652888216	73.45390947943237	65.96966237465875	0.4974798387096774	0.019909274193548387
13428	1	1033517	32	8	104844.27052157534	104844.27107542678	13834.869206487192	117432.21261071805	1.1200632330838938	2.558807645894265	0.9121969035493714	2798003497.4476185	191403605.96060753	2606599857.078994	0.8985135049802273	0.0	0.0	0.0	0.0005538514378713444	34.4080171585083	1.229734601471936e-08	77.08813261600744	173.02936871517727	200.66248336495943	2.6902536998234042e-09	0.0	107250.08445982572	0.9132935656097325	90.00146040758831	5.0683825088423164	89.69047259562689	65.96967145718651	0.5052923387096774	0.04712701612903226
13428	1	1033517	48	8	99190.76783506961	99190.76883890452	13055.654178690722	111000.37445724804	1.1190595342685012	2.489252717650654	0.8967341397219155	2482274705.9386024	170450106.0335645	2311824404.026576	0.8925960360490601	0.0	0.0	0.0	0.0010038349137175828	195.87846183776855	7.891087210015405e-08	82.60506882369553	164.17886250089714	190.99829032044372	1.0863249129536248e-08	0.0	126472.22779361425	1.1393855913793904	95.43399045505303	7.109056018196048	94.50297956358706	65.96967142361798	0.5015120967741935	0.04359879032258064
13428	1	1033517	64	8	181700.7939733171	181700.79200627806	25475.975116195223	205319.0801771108	1.1299844964203185	2.6141384165471115	0.939259222864105	9140746154.241024	649025308.1209981	8491721810.012673	0.9172297366974979	0.0	0.0	0.0	0.0019670390465762466	-963.8926477432251	1.0545010565641938e-07	68.87268585698719	216.50655467743823	259.2848056757115	1.9179425440153986e-08	0.0	135003.40826886852	0.6575297708712102	71.37972515469676	4.265011535639088	72.38887465422798	65.96966444718392	0.5002520161290323	0.023941532258064516
13428	1	1033517	80	8	174168.33819733575	174168.33633076065	22868.863566231234	195404.44847592275	1.1219286495948886	2.617115435893372	0.942095914593533	7848288453.75803	522984920.8108983	7325303389.854778	0.9195637312167668	0.0	0.0	0.0	0.0018665750976651907	143.09235382080078	1.8232300540926632e-08	70.5234885918472	203.06861360951274	249.6098475578676	5.542399682651551e-10	0.0	137989.01025482034	0.7061712826031541	71.04736501780903	3.707790034939419	71.64322352830206	65.96966309164705	0.5030241935483871	0.04460685483870968
13428	1	1033517	96	8	85179.38637503072	85179.38701630471	10518.664733504318	94489.7628220243	1.1093031641012479	2.46066700906729	0.8950541495228166	1672787414.9356365	110642307.77586746	1562145040.4893618	0.8717585899755796	0.0	0.0	0.0	0.0006412739894585684	66.67040729522705	3.9855875707788195e-08	72.60882147698085	144.5985321864652	173.44094438896707	3.117520183832765e-08	0.0	80262.88479471527	0.8494347161031769	124.7212078299762	4.579346318659992	124.31715668137724	65.96967969279271	0.5055443548387096	0.04838709677419355
13428	1	1033517	112	8	13757.453406748311	13757.453295434956	2246.0341127921242	15757.355542786838	1.1453686286923954	2.6638684696544357	0.9428688782228943	59026729.46294439	5044669.235825906	53982061.729327746	0.8735043591969496	0.0	0.0	0.0	0.00011131335486425087	-1.502209261059761	2.544964416506954e-08	130.46558508065942	77.99538518536819	65.249914127579	1.0281487074741457e-09	0.0	77531.91920572438	4.920363595009289	1739.8318927472778	41.3481188922789	1773.3687888508532	65.96968916916748	0.5057963709677419	0.026965725806451613
13428	1	1033517	128	8	82493.11661824163	82493.11724944416	11655.078654110424	93219.09368330629	1.1300226916471334	2.599440619381346	0.923540794950557	1884685137.7462187	135840858.43350047	1748844230.4790308	0.9094696467567613	0.0	0.0	0.0	0.0006312025216175243	48.83368730545044	2.5910793440992325e-08	73.24298421017976	156.02340350848263	179.88604191368964	8.160355746731958e-09	0.0	104004.43746626122	1.1156988660182419	157.7966454444468	5.944507329817257	157.5039010022172	65.96968351476761	0.5017641129032258	0.01688508064516129
13428	1	1033517	144	8	152790.91706078476	152790.916238599	21629.432180368756	172914.84280849592	1.1317089139513787	2.5833456958095353	0.9301906498324172	6554478527.21125	467832336.4451715	6086646355.916498	0.9208850445629284	0.0	0.0	0.0	0.0008221857715398073	-165.1504192352295	2.5196576440001923e-08	74.16701357724102	197.1798719055838	248.7355522037819	1.1207219951624375e-08	0.0	155058.6981307341	0.8967344624045968	68.56042570723977	4.924248460167153	68.89636724195859	65.96965830619982	0.5060483870967741	0.03125
13428	1	1033517	160	8	72153.31724984344	72153.31789984269	11021.990366031554	82397.19816002996	1.1419738038476497	2.5873703816519313	0.9311104319243246	1583197074.466691	121484271.6288924	1461712712.3833923	0.9190003880160168	0.0	0.0	0.0	0.000649999245069921	90.45440626144409	5.7134015543778194e-08	67.24890728322336	151.54434183470156	170.71295252546307	4.455670918910577e-09	0.0	53179.19146701504	0.6454004824990429	110.56902016629083	4.510313890211002	111.10890601842979	65.96967456012275	0.5035282258064516	0.011592741935483871
13428	1	1033517	176	8	79324.65112900088	79324.65169034514	9180.945019831432	87522.25603760371	1.103342464062925	2.4559523880637735	0.897142663631035	1367745025.174159	84289751.45716757	1283455209.7830706	0.8811607848723652	0.0	0.0	0.0	0.0005613442626781762	63.93392086029053	4.674403465817734e-08	69.0329841469284	138.1538340041539	159.81121826486117	2.351436503258001e-08	0.0	44341.23763597749	0.5066281378155842	110.57170950260361	3.533561728773596	110.2691463570782	65.9696770215314	0.5007560483870968	0.06653225806451613
13428	1	1033517	192	8	171553.5298945487	171553.53126369315	23575.518366809385	193465.33920577995	1.1277257852094336	2.6405902111155894	0.9450508166745746	7998223854.72768	555805066.2637666	7442418962.245846	0.9200749489038608	0.0	0.0	0.0	0.0013691444473806769	-173.78193187713623	2.1727565398712273e-08	68.65707272292856	210.3001810270392	248.76576434067704	1.286196911182309e-08	0.0	150005.4089102767	0.7753606357647908	68.9467912169051	4.966084656088249	70.17253604106986	65.96966225639758	0.4967237903225806	0.03654233870967742
13428	1	1033517	208	8	16962.124737927512	16962.124677511	2762.615081558626	19369.238738551205	1.1419111130129445	2.6563617970039113	0.9399998840743544	87453733.6859802	7632042.088855175	79821695.81613968	0.8517072125678516	0.0	0.0	0.0	6.041651067789644e-05	-4.219014659523964	4.824281916508178e-08	124.65468647188045	86.27170435463974	73.38925499123378	1.2159233340989289e-08	0.0	133863.60219293283	6.91114422965474	2239.049442045061	58.21672489385297	2283.4680854629837	65.96969216928183	0.5027721774193549	0.01033266129032258
13428	1	1033517	224	8	52295.66653424067	52295.6665014307	5495.787026483169	57016.1558650186	1.090265401392048	2.2813287773074284	0.8918002521823305	516005291.363595	30203675.040460713	485801587.84909517	0.8451491078829555	0.0	0.0	0.0	3.280997043475509e-05	28.474039137363434	5.5181680525248044e-08	62.72019372813479	113.73999819399147	127.84769380974538	1.816730563256893e-08	0.0	65384.38080218939	1.146769367319194	115.48232834391119	5.799969568704383	115.69655970516291	65.96968487034525	0.5022681451612903	0.07106854838709677
13428	1	1033517	240	8	14341.400239364972	14341.40020849368	2328.2863558844015	16403.021484973866	1.1437531350634826	2.665000000347315	0.9431372255300761	63383353.01085657	5420917.354997465	57962437.815406054	0.8679379916645014	0.0	0.0	0.0	3.087129152845591e-05	-2.159546948969364	3.4071200818288486e-08	127.46363736404543	78.36893289601511	66.8474646565405	5.683740426097563e-10	0.0	89805.59419798221	5.474942208457733	1898.1756002892903	48.37900569346526	1938.2388672634775	65.96968732202372	0.5060483870967741	0.0030241935483870967
13428	1	1033517	0	9	32391.126943948744	32391.12712102489	6030.6817566453055	37677.94135149369	1.1632179830202733	2.6420562650175556	0.8948405936288849	370442159.78759575	36369122.44993451	334073027.9654223	0.8551040162299661	0.0	0.0	0.0	0.0001770761446096003	9.372238993644714	2.5300141320357737e-08	119.35143401200898	117.78619804772869	100.80181113864244	9.01720584020693e-09	0.0	209085.87381894945	5.549291324515734	806.9177264052887	30.35575217228904	805.080797287681	65.96968435686819	0.5078125	0.041834677419354836
13428	1	1033517	16	9	194731.37476430644	194731.37421310873	24054.14304435207	216693.51178491933	1.1127817078639475	2.7727115535415177	0.9382221040110819	9035769732.084206	578601797.598151	8457168039.055441	0.9027534280097494	0.0	0.0	0.0	0.0005511977069545537	-104.56938648223877	1.1572825512688073e-08	70.01001121137391	209.4227196759986	258.0875516157636	7.900388584526931e-09	0.0	125105.04388287464	0.5773363659863536	73.45390947943237	3.3994279632590034	74.23453251149549	65.96966774667402	0.4964717741935484	0.02217741935483871
13428	1	1033517	32	9	117432.21261071805	117432.21321067488	13538.097662490043	129456.78670147012	1.1023958743808475	2.705556276223347	0.9099137219776472	2968735064.4210415	183280088.31911835	2785454803.976207	0.8760345440568197	0.0	0.0	0.0	0.0005999568238621578	172.12571620941162	5.7979480308721764e-08	76.12191359215791	171.5379655934499	199.53481587884326	9.3877562056879e-09	0.0	88636.20723299858	0.6846779485966359	89.69047259562689	3.455973665260769	90.05420092992114	65.96966887350176	0.5045362903225806	0.039566532258064516
13428	1	1033517	48	9	111000.37445724804	111000.37544642674	13317.505971256476	122804.41843953647	1.1063423798343561	2.6387968035714513	0.8957259862285144	2759842058.6234856	177355965.2944519	2582485873.4259	0.8734953772918147	0.0	0.0	0.0	0.0009891787049127743	219.90313386917114	7.967960817977072e-08	81.85050938316473	166.10528760900317	192.6007205158932	2.0145693550991387e-08	0.0	86374.75141203265	0.703352145304263	94.50297956358706	4.016348415142417	94.56611908796575	65.96966915264647	0.5052923387096774	0.01965725806451613
13428	1	1033517	64	9	205319.0801771108	205319.07974962547	25347.703071021664	228339.55874995756	1.112120503135846	2.7667225573066867	0.9360306801527906	9983029405.350464	642506050.9766811	9340524417.131268	0.8973737146644349	0.0	0.0	0.0	0.00042748532723635435	-1062.7574844360352	1.0645641130401199e-07	73.41038022780077	216.2154244454255	262.1406243208553	2.0522370056665706e-08	0.0	138278.03720466388	0.6055807335911114	72.38887465422798	3.7322458885837837	73.07409299951293	65.96966387655937	0.5	0.027973790322580645
13428	1	1033517	80	9	195404.44847592275	195404.4466700585	22866.20337264385	216206.48689902018	1.1064563196249886	2.768788713319628	0.9388819326130999	8562346493.036629	522863256.6791089	8039483208.392658	0.899641814009734	0.0	0.0	0.0	0.00180586424539797	27.96486186981201	3.266027822227771e-09	72.2208545068174	203.30748472864613	251.1563872921376	1.600938856749866e-08	0.0	129602.52850294403	0.5994386694470788	71.64322352830206	3.5605659061768145	72.35313735302672	65.96966919970453	0.5065524193548387	0.04284274193548387
13428	1	1033517	96	9	94489.7628220243	94489.76305217828	9950.858732759792	103127.31286601227	1.0914125486827306	2.5997327197203184	0.892725477189043	1706927380.8019753	99019589.51934181	1607907877.7474053	0.855038847155141	0.0	0.0	0.0	0.00023015397891867906	-86.46477174758911	5.0655213994496286e-08	68.98004780079638	140.47122727491796	169.7556776901364	1.615185549599069e-08	0.0	59624.80373463753	0.5781669486500135	124.31715668137724	3.1837786875447143	123.88859535883208	65.9696763257428	0.5080645161290323	0.039566532258064516
13428	1	1033517	112	9	15757.355542786838	15757.35551302682	2282.4120640019414	17750.900250713625	1.1265151822279824	2.7997019704185013	0.9345259278780744	66800206.00898993	5209404.829901602	61590803.66037676	0.8562655817433475	0.0	0.0	0.0	2.9760018151137047e-05	-2.481288433074951	3.71449218695676e-08	130.53103635130165	79.17956846130363	65.01519784649498	7.979005172547583e-09	0.0	83803.66807586786	4.721093965526942	1773.3687888508532	38.14349179510367	1803.8494027619345	65.96969165319277	0.5045362903225806	0.03150201612903226
13428	1	1033517	128	9	93219.09368330629	93219.09476533375	11165.086769276084	103259.69808487278	1.107709740621138	2.749259344357338	0.921125053946717	1972765821.4420452	124659162.56546387	1848106567.3820858	0.8878304395667206	0.0	0.0	0.0	0.001082027461961843	91.49449563026428	4.6378791965984065e-08	71.97974339530346	152.50137501300475	176.09039194953252	4.312755331483016e-10	0.0	93890.31473210595	0.9092638898036343	157.5039010022172	5.437392688774802	157.89456229670188	65.9696859587616	0.5032762096774194	0.014868951612903225
13428	1	1033517	144	9	172914.84280849592	172914.84132598617	22211.09492425602	193186.11537156257	1.1172326923115397	2.7393181549282786	0.9283200357753276	7421332308.867828	493332737.7343116	6927999702.596894	0.90193580121084	0.0	0.0	0.0	0.001482509745983407	-131.46337795257568	1.7714255672864657e-08	75.68040226709066	200.11256595895475	252.47157846774476	9.815005885069682e-09	0.0	109806.35756711433	0.5683967379117464	68.89636724195859	3.84271758902281	69.78052347279198	65.96965838577987	0.5090725806451613	0.019909274193548387
13428	1	1033517	160	9	82397.19816002996	82397.1984082949	11122.040784640569	92495.48483795857	1.122556190057773	2.7420515813295547	0.9285248756712207	1766116450.785779	123699791.21520822	1642416635.2800014	0.8960998625434342	0.0	0.0	0.0	0.00024826494336593896	24.290569305419922	1.375366233331476e-08	67.41250057217265	152.66670479261882	170.60977409847618	2.2261119887552868e-08	0.0	49388.184157003394	0.5339523774128525	111.10890601842979	3.1379338444450786	111.62320222422802	65.96968075659808	0.5050403225806451	0.01033266129032258
13428	1	1033517	176	9	87522.25603760371	87522.25676500809	9041.24421658019	95418.73884848559	1.090222569302706	2.595311741843195	0.8951275857762164	1444590421.523634	81744096.98384473	1362846321.7311485	0.8611329019574083	0.0	0.0	0.0	0.0007274043746292591	2.808640718460083	1.944247086657104e-09	68.66700485660196	137.11794474394773	157.72846687286355	1.8415012858130606e-09	0.0	38642.01415176115	0.40497301358335697	110.2691463570782	2.343907449781309	110.23253533098622	65.96967969329228	0.4967237903225806	0.049647177419354836
13428	1	1033517	192	9	193465.33920577995	193465.33898874366	23793.9221695468	215148.60674909514	1.1120783062864388	2.792948670119109	0.9415358520295751	8860085512.06929	566150732.2104506	8293934709.619492	0.9008685201759041	0.0	0.0	0.0	0.00021703628590330482	70.23934745788574	7.927615073489422e-09	73.80908212608092	211.2423831668071	253.77385874623783	3.739374967145326e-09	0.0	148372.57453413462	0.6896283300171691	70.17253604106986	5.048563396097597	71.00719992279127	65.9696601190846	0.5	0.03503024193548387
13428	1	1033517	208	9	19369.238738551205	19369.238802323074	2815.181943044259	21759.982680593686	1.1234299382806465	2.7839523005526123	0.9290896154007896	98329436.94874442	7925249.3724424485	90404188.46805462	0.8289713754792826	0.0	0.0	0.0	6.377186946338043e-05	-0.8917526602745056	9.069030474966963e-09	124.93185963577677	87.46789962179736	73.08439842034478	1.1348179695110532e-08	0.0	144529.66101001416	6.641993339447264	2283.4680854629837	54.34444234157497	2324.9495472170224	65.96968929977115	0.4977318548387097	0.015120967741935484
13428	1	1033517	224	9	57016.1558650186	57016.15602311214	5068.889059742582	61255.14780490621	1.07434720695522	2.4020339090969425	0.8877215023342988	501351102.9768114	25693636.299978036	475657456.31985974	0.8229123744538689	0.0	0.0	0.0	0.00015809354226803407	10.356973648071289	2.065812478834882e-08	59.93720627830261	109.69431841529395	123.8335803938857	8.43653369402357e-09	0.0	52159.107798645695	0.8515057058756955	115.69655970516291	4.326719017176001	115.890707120814	65.9696783270749	0.5030241935483871	0.05897177419354838
13428	1	1033517	240	9	16403.021484973866	16403.0214531642	2364.314711208875	18451.560599266075	1.1248879126427282	2.798462508049985	0.9339586762350731	71400974.71187401	5589984.053638706	65810994.60517403	0.8484755290382981	0.0	0.0	0.0	3.1809664505999535e-05	-3.9469387233257294	5.527849919770566e-08	127.6121323725083	79.48985590916332	66.60147853945774	2.7282667120771946e-09	0.0	96970.87968810729	5.25542969082344	1938.2388672634775	44.75554869843577	1975.0394709590903	65.96968644470766	0.5032762096774194	0.003528225806451613
13428	1	1033517	0	10	37677.94135149369	37677.94146416507	6222.524322363538	43082.38929973246	1.1434379839870024	2.7689182448292717	0.8914529414531992	436465003.28710365	38719808.942405805	397745188.1498283	0.848244727326838	0.0	0.0	0.0	0.00011267138324910775	6.194869518280029	1.419327889206523e-08	118.41570882967218	120.33358161163589	103.02320627132394	1.4366731407204504e-09	0.0	217482.99638235723	5.048071867256344	805.080797287681	29.321479916104494	800.425876449777	65.96968648659058	0.5108366935483871	0.037298387096774195
13428	1	1033517	16	10	216693.51178491933	216693.50915489925	23687.06780128003	237861.929396329	1.0976882853438663	2.912726222959058	0.934077916033409	9622219406.463242	561077181.0224372	9061143170.223717	0.8826647663441995	0.0	0.0	0.0	0.002630020084325224	-944.7829132080078	9.818762941254461e-08	72.12392386204662	208.0906455506296	258.57597387428063	1.3985664425740341e-08	0.0	124116.17781894651	0.5217992566693721	74.23453251149549	2.9008899950047113	74.90662242139784	65.96966796884658	0.4969758064516129	0.0234375
13428	1	1033517	32	10	129456.78670147012	129456.7879062688	13051.659581852842	140706.81204270668	1.0869017811107835	2.8370246505832006	0.905884381040619	3039347332.151657	170345817.8405711	2869001303.415695	0.8490048769779153	0.0	0.0	0.0	0.0012047986820107326	210.89539098739624	6.938838110289166e-08	76.29569397964413	168.97018873533207	197.6882846725441	1.524726817317208e-08	0.0	90049.1329421169	0.6399770680589416	90.05420092992114	3.1395521285384356	90.62786097552807	65.96967555312202	0.5050403225806451	0.04712701612903226
13428	1	1033517	48	10	122804.41843953647	122804.41912503872	13286.195023092321	134257.08014489905	1.093259361925983	2.774053639378514	0.8927461438856776	2944038380.761078	176522978.19164318	2767515021.358732	0.8480966991940748	0.0	0.0	0.0	0.0006855022511444986	381.210702419281	1.2948564288782552e-07	82.21708537000029	166.38304394266382	193.42402541620962	1.7612421947972423e-09	0.0	85772.57697897629	0.6388681795024495	94.56611908796575	3.4156707384736347	94.92597898166194	65.96967900355027	0.5025201612903226	0.014868951612903225
13428	1	1033517	64	10	228339.55874995756	228339.55990576546	24538.90029724347	250131.10491172218	1.0954348264534721	2.905071318785686	0.9316444973684926	10426615554.233643	602157627.7980556	9824457848.712543	0.8766825097920521	0.0	0.0	0.0	0.001155807898612693	77.72304344177246	7.454292626164169e-09	76.02050523842658	213.24655292327336	261.0524440722514	2.217049747705244e-08	0.0	137703.60105091747	0.5505256975829607	73.07409299951293	2.8369938319395867	73.51525348219789	65.96966739287623	0.5025201612903226	0.043094758064516125
13428	1	1033517	80	10	216206.48689902018	216206.4864529124	22415.19952987206	236129.87656505973	1.0921498237716838	2.9065522641214354	0.934442463171609	9012073629.414162	502441169.96397674	8509633351.823598	0.8779494769383318	0.0	0.0	0.0	0.00044610779150389135	-892.3734130859375	9.901976501538493e-08	74.4101703766282	201.59503301052658	251.20104089274577	3.5077205521873145e-08	0.0	130627.26250374535	0.5532009087248738	72.35313735302672	3.01718442071086	72.91941918168347	65.9696668401848	0.5040322580645161	0.04914314516129032
13428	1	1033517	96	10	103127.31286601227	103127.3143151937	9546.086979535141	111211.61521476282	1.0783914767492686	2.7257159054084026	0.8892254555092184	1732780699.712082	91127776.62085034	1641652662.8528652	0.8337813657993335	0.0	0.0	0.0	0.0014491814217763022	260.23836636543274	1.5018540223161178e-07	66.59160047751374	137.43180269563408	166.9327883607583	9.350417636270738e-09	0.0	47244.13006171048	0.4248129119022304	123.88859535883208	2.425610390434661	123.61353533198142	65.96967638700198	0.5080645161290323	0.03452620967741935
13428	1	1033517	112	10	17750.900250713625	17750.90023057638	2313.024155761526	19729.324659276353	1.1114548772523913	2.923287756588457	0.9259300817144606	74151791.80034494	5350080.745136319	68801712.22614156	0.837854679146082	0.0	0.0	0.0	2.0137245883233845e-05	-1.1709329336881638	1.5791026828332376e-08	130.42335827277583	80.26467216432724	64.78036357452176	1.5321096122629757e-08	0.0	89539.46426539616	4.538394764611838	1803.8494027619345	35.323009112785726	1831.5581492884223	65.96968744838868	0.5017641129032258	0.03477822580645161
13428	1	1033517	128	10	103259.69808487278	103259.69863322488	10871.980481264869	112761.25847434366	1.0920161550507461	2.8838482396027842	0.9169542984310428	2052536164.1386623	118199959.5850043	1934335959.666018	0.8615141056895818	0.0	0.0	0.0	0.0005483520944835618	244.88763999938965	1.1930978088376614e-07	71.85394007926334	150.60097575729492	173.95171872726837	6.574835167476413e-09	0.0	92645.0664126325	0.8216036917548849	157.89456229670188	4.874873787706409	158.47912811882662	65.96968434762086	0.5070564516129032	0.012600806451612902
13428	1	1033517	144	10	193186.11537156257	193186.11498068942	21950.556428246033	212802.52268617935	1.1015414967938444	2.8811390434182784	0.925013265509065	7964038489.247192	481826927.5096133	7482211645.956371	0.8822233548232642	0.0	0.0	0.0	0.0003908731450792402	-84.21879196166992	1.0574885100741242e-08	80.24063311606571	198.9378288177821	254.15636479595898	2.4564073428934455e-08	0.0	105518.81247247284	0.49585320257755977	69.78052347279198	3.0092213962672703	70.48656519757805	65.96966422496469	0.5118447580645161	0.029233870967741934
13428	1	1033517	160	10	92495.48483795857	92495.48524603868	11010.63405765453	102237.9371405441	1.1053289500525694	2.8812605992169362	0.9241751327258567	1897181075.3448238	121234062.35158187	1775946902.8645139	0.8719008828463599	0.0	0.0	0.0	0.00040808010089676827	110.12872815132141	5.804861200784689e-08	67.13085712262767	152.25516447505206	170.3339834740457	1.613479795405135e-08	0.0	50936.182891884164	0.4982121518554389	111.62320222422802	2.7145557114014514	111.96913546796348	65.96967407569282	0.5027721774193549	0.011088709677419355
13428	1	1033517	176	10	95418.73884848559	95418.73997502367	8902.035722408413	102981.78294378614	1.07926162289055	2.7223564245571468	0.8916175095464736	1500511894.8455887	79246240.00303549	1421265417.259717	0.8366083273055213	0.0	0.0	0.0	0.0011265380744589493	237.58283615112305	1.583345236830473e-07	68.4516146504468	136.17946824476513	156.61687798276836	1.3085232527948608e-09	0.0	39276.70788423575	0.38139471760616883	110.23253533098622	2.1182620317955587	110.30621747456786	65.96967858958712	0.4967237903225806	0.03881048387096774
13428	1	1033517	192	10	215148.60674909514	215148.6084758211	23152.834375028448	235797.41911391943	1.0959746506232542	2.9314564093749884	0.9369645780130194	9311499874.708588	536053739.5974989	8775446420.097858	0.8808389624546119	0.0	0.0	0.0	0.001726725953631103	-284.9867706298828	3.0605893192776505e-08	77.49794479097027	208.6088950399299	254.7692453944768	2.618497950028743e-08	0.0	149496.10155401926	0.6340022831219703	71.00719992279127	3.546326280047033	71.43549155854376	65.96966323489089	0.5017641129032258	0.05317540322580645
13428	1	1033517	208	10	21759.982680593686	21759.982611441126	2859.755766689024	24124.00289930471	1.1086407215213152	2.8984919528028557	0.9179426045909385	108470669.62592483	8178203.045111126	100292466.2141729	0.805843721869511	0.0	0.0	0.0	6.91525601723697e-05	0.3666408061981201	3.3800916640648433e-09	125.08789377675463	88.52569744575419	72.8107119062878	2.3831848775278896e-08	0.0	154221.15489834637	6.3928509553222455	2324.9495472170224	50.74193963655246	2363.5201860796597	65.96968666717937	0.5002520161290323	0.013860887096774193
13428	1	1033517	224	10	61255.14780490621	61255.14796608222	4727.400353656993	65082.80055314297	1.0624870379943836	2.5093765840448126	0.8827172723327593	483577795.2392807	22348314.103756256	461229464.7856595	0.7963831660176812	0.0	0.0	0.0	0.0001611760089872405	16.349864959716797	3.381020617711917e-08	57.68252169073104	106.36019751204977	120.03581788770163	1.30720455125642e-08	0.0	44221.78327445334	0.6794695839562401	115.890707120814	3.5782948336971123	116.13278739109485	65.96968292445888	0.5063004032258064	0.05594758064516129
13428	1	1033517	240	10	18451.560599266075	18451.56057988894	2393.793144987322	20477.783999013714	1.1098131179120012	2.9193268378280446	0.9245013548314285	78879548.96187389	5730245.620988295	73149301.08611283	0.8280574386480603	0.0	0.0	0.0	1.9377133867237717e-05	2.2547727674245834	2.858501090712903e-08	127.61989125536378	80.48670479274271	66.37105524586399	1.3406602945422864e-08	0.0	103377.60540713953	5.048280888531655	1975.0394709590903	41.46016913203829	2008.8138565173858	65.96969122299598	0.5037802419354839	0.008820564516129031
13428	1	1033517	0	11	43082.38929973246	43082.389612558225	6322.061256031977	48495.58735152518	1.1256475822204768	2.8875639434529736	0.8873793705116413	495729724.7957077	39968458.525020614	455761244.5717903	0.8366598209771066	0.0	0.0	0.0	0.00031282576674129814	21.698896825313568	4.377162744125496e-08	117.45612214114763	121.83949269794452	104.96021725606582	1.0019410427794351e-08	0.0	222911.21921871364	4.596525889721045	800.425876449777	28.472659055216774	793.7119612135036	65.96969213487452	0.5103326612903226	0.038306451612903226
13428	1	1033517	16	11	237861.929396329	237861.92856671536	23013.27462861856	257942.59684692617	1.0844215276549718	3.0402089526901324	0.9289799077340977	9956085811.991684	529610809.1322188	9426474960.967216	0.8610254068818374	0.0	0.0	0.0	0.0008296136511489749	41.89224815368652	4.207702599673165e-09	73.2977968906167	205.6704222573517	256.8764995736081	1.110248117904691e-08	0.0	123304.1177340684	0.4780292971830918	74.90662242139784	2.558511385556202	75.50748802712754	65.96966538184921	0.4969758064516129	0.03225806451612903
13428	1	1033517	32	11	140706.81204270668	140706.81269333884	12466.5991099265	151094.4640070548	1.0738247979152233	2.9545597187067294	0.9004869502461661	3031130098.3575935	155416093.3676202	2875713679.04202	0.819695456978137	0.0	0.0	0.0	0.0006506321660708636	325.9479537010193	1.0753347534559238e-07	76.15586561189265	165.65922902283654	194.84195763074263	8.234488110894918e-09	0.0	91345.40275222741	0.6045582385519411	90.62786097552807	2.9388445164342105	91.25737923818228	65.96966868950328	0.5032762096774194	0.05015120967741935
13428	1	1033517	48	11	134257.08014489905	134257.08100030673	13046.473467497912	145160.0659147589	1.0812097638209666	2.8959576455979916	0.8881925796838455	3046481167.3433037	170210469.93812698	2876270498.6683283	0.8210496025531974	0.0	0.0	0.0	0.000855407677590847	198.7368483543396	6.523488491729259e-08	82.37847868581441	165.2678026021668	192.9635792725975	1.470590694178561e-08	0.0	92192.7669224025	0.6351110836416809	94.92597898166194	3.4311912193093916	95.35162027087517	65.96966703006666	0.5027721774193549	0.014616935483870967
13428	1	1033517	64	11	250131.10491172218	250131.10462980214	23593.440261481246	270549.95377356326	1.0816325857155886	3.030504241802958	0.926297103852938	10631707842.518265	556650423.3720843	10075058485.386091	0.8536082568604413	0.0	0.0	0.0	0.0002819200453814119	-1066.2399101257324	1.002886766565981e-07	76.61302819132733	209.90788335228217	257.5457567811014	2.9372879497512536e-09	0.0	131314.28529407323	0.48536059204936594	73.51525348219789	2.47136401173256	74.02170494375339	65.96966167093571	0.5060483870967741	0.048639112903225805
13428	1	1033517	80	11	236129.87656505973	236129.87684519627	21657.488313863047	254887.74930461778	1.0794387944991357	3.031571068319589	0.9290486773182162	9210446138.943336	469046800.0651144	8741398798.168089	0.8546571081192198	0.0	0.0	0.0	0.0002801365335471928	540.710132598877	5.870618257161967e-08	75.61125253104191	198.78776287574155	248.83973865004384	2.5464384161850687e-08	0.0	129716.2091622293	0.5089150399614246	72.91941918168347	2.6713383579360745	73.43706323393674	65.96966887363118	0.5085685483870968	0.056451612903225805
13428	1	1033517	96	11	111211.61521476282	111211.61621446404	9234.434752341771	118802.13271324002	1.0682529201991988	2.83992484945625	0.884601656034704	1745923378.5378284	85274785.19525741	1660648278.2643614	0.8085133486106865	0.0	0.0	0.0	0.0009997012239182368	315.0782096385956	1.8046508427103284e-07	65.09140840865345	135.10962077681236	164.91426319767194	1.4746966553918612e-08	0.0	40387.80363385562	0.33995857490784437	123.61353533198142	1.9647147308916857	123.4731488318391	65.96967576689082	0.5075604838709677	0.03024193548387097
13428	1	1033517	112	11	19729.324659276353	19729.324648617167	2337.718170108333	21684.16123921029	1.0990827924266942	3.035967765688549	0.9170603673553928	80956597.13694	5464926.242854655	75491669.02111453	0.8183981892512621	0.0	0.0	0.0	1.0659186955308542e-05	1.8729708194732666	2.313549340895705e-08	130.19464700911433	81.22227038760309	64.55276052104368	1.6170805851584185e-08	0.0	94848.92382398405	4.374110790855259	1831.5581492884223	32.80873406545586	1856.745860047615	65.96969110530507	0.5030241935483871	0.037298387096774195
13428	1	1033517	128	11	112761.25847434366	112761.25913700758	10610.184369386252	121731.25759086922	1.0795485899846222	3.004600447973557	0.9112720630433432	2103397661.9368153	112576012.35236835	1990821629.7756119	0.8319926844784759	0.0	0.0	0.0	0.000662663922412321	19.80883502960205	9.417541622330232e-09	72.08841253407249	149.0024320540715	172.5299439175316	2.052734331734709e-08	0.0	95153.67387219775	0.7816700102888777	158.47912811882662	4.49791307229515	159.06365982012244	65.96968715182041	0.5078125	0.012348790322580645
13428	1	1033517	144	11	212802.52268617935	212802.5227810996	21145.296171090136	231264.34802940738	1.086755669576595	3.0101664522786944	0.9206428058839832	8198285007.864983	447123550.1631192	7751161338.7957535	0.8612837162824691	0.0	0.0	0.0	9.492025128565729e-05	118.90610980987549	1.4503778497064145e-08	82.61446795612869	195.531874579185	252.17126194472905	1.342679047953035e-08	0.0	105499.21901551797	0.45618453137439335	70.48656519757805	2.413489384945372	70.9693956561522	65.96966038033078	0.5153729838709677	0.031754032258064516
13428	1	1033517	160	11	102237.9371405441	102237.93727909365	10743.502068156868	111473.75513917553	1.090336505772169	3.006749014375804	0.9184648135678154	1973802294.0750122	115422836.6884909	1858379385.3775096	0.8459533861398445	0.0	0.0	0.0	0.00013854954158887267	72.00901174545288	3.648238324659494e-08	66.63682701627603	150.60400514915685	168.9096898429259	7.023901066741755e-09	0.0	50791.83029571073	0.455639360120981	111.96913546796348	2.4337877456271175	112.27423714632718	65.96967747105461	0.5030241935483871	0.01814516129032258
13428	1	1033517	176	11	102981.78294378614	102981.78378146091	8718.624176180308	110155.55695439698	1.0696606118630392	2.8376046144180984	0.8867880873767936	1528999109.6523151	76014407.52547576	1452984503.9710507	0.8091380404562996	0.0	0.0	0.0	0.0008376747719012201	198.15578866004944	1.2959836759166514e-07	68.08201658529502	134.85499030815683	155.47119540594812	1.6484766179292453e-08	0.0	41602.63872393488	0.37767172069969546	110.30621747456786	2.1572956416180724	110.42138367263632	65.96967802772026	0.4967237903225806	0.03452620967741935
13428	1	1033517	192	11	235797.41911391943	235797.41772533022	22081.0266585509	255014.04557518038	1.081496339245244	3.0572575848610186	0.9315853765905739	9431740579.8348	487571738.2956356	8944169996.489569	0.8589180758795256	0.0	0.0	0.0	0.0013885892112739384	-1154.950403213501	1.2245358037972352e-07	77.74217674090241	204.54473493548198	250.64637984640476	2.8250723517516336e-08	0.0	138475.68214700485	0.543011977890563	71.43549155854376	2.797041589460955	71.9519387722138	65.96966042291531	0.4969758064516129	0.0655241935483871
13428	1	1033517	208	11	24124.00289930471	24124.002785515848	2895.3139198558897	26450.413576653526	1.096435516404944	3.0015778612802735	0.9065865830467823	117656862.49035513	8382842.694511277	109274019.09804505	0.7822433733879165	0.0	0.0	0.0	0.00011378886119928211	0.6977988034486771	5.930795609188362e-09	125.14239066208566	89.42442125368632	72.55364691400308	2.2638906806585547e-09	0.0	162975.51917186327	6.161549041382355	2363.5201860796597	47.40791925415421	2399.262282139582	65.96968847449911	0.5012600806451613	0.015120967741935484
13428	1	1033517	224	11	65082.80055314297	65082.8006701133	4473.699247553331	68574.48986091759	1.0536499547975582	2.6055273231056235	0.8768694425977266	466689731.84490204	20013984.957559235	446675739.0478237	0.7670600263869427	0.0	0.0	0.0	0.00011697032459778711	7.8395190834999084	1.6798139210196434e-08	56.30295315471279	103.92348784032552	117.02005502394253	4.5673816334367196e-09	0.0	41646.801582343556	0.6073220785410771	116.13278739109485	3.292156478571148	116.47701858572621	65.9696803263224	0.5017641129032258	0.05720766129032258
13428	1	1033517	240	11	20477.783999013714	20477.783871093026	2416.4234312863177	22472.69880177987	1.0974184903435955	3.029031224972104	0.9147697346587789	85682553.9252562	5839102.199269541	79843459.29222786	0.8067767163365716	0.0	0.0	0.0	0.00012792068810085766	-7.566241204738617	8.830550512463607e-08	127.52772052158632	81.33406793892635	66.15427998422848	1.0230807409539423e-08	0.0	109134.3284311223	4.856307180598281	2008.8138565173858	38.44348335664262	2039.7824375452235	65.96968985029571	0.5017641129032258	0.01285282258064516
13428	1	1033517	0	12	48495.58735152518	48495.58760389212	6340.402656351527	53822.51239456983	1.1098434998720996	2.9981986872679034	0.8824701425688816	545040847.8942137	40200705.844669506	504840134.752197	0.820927516959878	0.0	0.0	0.0	0.0002523669390939176	7.297347128391266	1.3388624277583686e-08	116.42205619294106	122.40971080892935	106.54072586698508	4.206027806748587e-09	0.0	225072.43410647885	4.181752657172249	793.7119612135036	27.545142284556693	785.645371919721	65.96969000025156	0.5093245967741935	0.03578629032258064
13428	1	1033517	16	12	257942.59684692617	257942.59576527638	22290.91709763778	276880.09332071414	1.0734174839878279	3.156296826380683	0.9230779264397774	10128202809.151459	496884985.0537603	9631317664.10189	0.8375383631133669	0.0	0.0	0.0	0.0010816497961059213	159.99580764770508	1.579705804302605e-08	74.05669747386614	203.0932207632743	254.45929163095943	1.3344743918552461e-08	0.0	120962.05572697704	0.4368752325181857	75.50748802712754	2.3442525715870466	76.10773826737672	65.96966656930712	0.49798387096774194	0.041834677419354836
13428	1	1033517	32	12	151094.4640070548	151094.46504120136	11888.251907526828	160632.05505845262	1.0631233653335737	3.059480266224207	0.8939886013971315	2973120058.7225685	141330533.41681525	2831789327.819519	0.7882507463312826	0.0	0.0	0.0	0.001034146553138271	197.48623418807983	6.642390158738892e-08	75.80927435789303	162.251271735398	191.71745239923257	1.91508305542764e-09	0.0	91285.98590600384	0.5682924598783357	91.25737923818228	2.735876035393272	91.9135480759362	65.96967382216259	0.5030241935483871	0.05619959677419355
13428	1	1033517	48	12	145160.0659147589	145160.06777514413	12774.335615609805	155476.73919748008	1.0710710154181067	3.005704228742676	0.8823506194794519	3101571695.1040916	163183650.42023712	2938387849.682909	0.7923072674532544	0.0	0.0	0.0	0.0018603852367959917	195.00094556808472	6.287165499862491e-08	82.4497519113928	163.85711601515493	192.2540553445531	4.517963902468675e-11	0.0	96463.48973953597	0.6204367940587255	95.35162027087517	3.422170556497554	95.80993596448477	65.96967402486894	0.5050403225806451	0.015120967741935484
13428	1	1033517	64	12	270549.95377356326	270549.9535466686	22771.693322157418	289686.8514179749	1.070733324391651	3.1441903358086307	0.9200831451716772	10721194397.582657	518550016.7583888	10202645730.94183	0.8280184637739675	0.0	0.0	0.0	0.00022689468460157514	-1350.117561340332	1.259297715602235e-07	77.5473677126792	207.06533782456904	254.42525265990815	1.6488389038019153e-08	0.0	128319.72906803606	0.4429601432583409	74.02170494375339	2.319098910752473	74.5942684178944	65.96966444635778	0.5032762096774194	0.06123991935483871
13428	1	1033517	80	12	254887.74930461778	254887.7470330776	20866.789900116415	272445.1172583041	1.0688827454500507	3.144982904988801	0.9228536571517172	9258577172.317375	435422920.7356005	8823154409.197186	0.8294482249871179	0.0	0.0	0.0	0.002271540171932429	-157.61540985107422	1.7023718322760803e-08	76.49610535521677	195.9136636105281	245.82609785179716	1.1930579338076754e-09	0.0	127278.04168340206	0.46716947052200053	73.43706323393674	2.481957524192368	73.96982735627769	65.96966394642884	0.5090725806451613	0.06275201612903225
13428	1	1033517	96	12	118802.13271324002	118802.13335886791	8957.090096621348	125914.02329760682	1.0598633241840296	2.943221133844535	0.878936559017152	1740394525.77598	80229462.99899225	1660164868.8857079	0.7800636515273914	0.0	0.0	0.0	0.0006456278933910653	193.8912799358368	1.1140650988280233e-07	64.03787259781723	133.07724842637342	163.27212402600878	9.385663057850778e-09	0.0	36992.060254359625	0.29378824703701834	123.4731488318391	1.6919528133870356	123.41172463117377	65.96968731286715	0.5075604838709677	0.027973790322580645
13428	1	1033517	112	12	21684.16123921029	21684.16097212934	2356.333771848275	23607.395247456272	1.0886930320721053	3.1388346994194105	0.9079199275389321	87106261.72155094	5552308.844352718	81553958.01148342	0.7980601348438037	0.0	0.0	0.0	0.00026708095174399205	-5.134285196661949	5.8942779717427324e-08	129.88414625319265	82.03114631411576	64.33591943511063	7.700929577947116e-09	0.0	99853.65744132808	4.22976174307124	1856.745860047615	30.546447552886757	1879.6283507034668	65.9696930660093	0.5047883064516129	0.038306451612903226
13428	1	1033517	128	12	121731.25759086922	121731.25892302388	10324.347767280262	130140.12495422756	1.0690773062709988	3.1126752400157103	0.9043272041975429	2117953048.4474068	106592156.81974493	2011360525.2244363	0.8001938115851213	0.0	0.0	0.0	0.0013321546575753018	366.4032256603241	1.7299874797929104e-07	72.35229166963691	147.20435964848855	171.19859204363598	1.1165443299266797e-08	0.0	98986.99841224105	0.7606185944083302	159.06365982012244	4.2778396886357575	159.62964552010052	65.96968159233322	0.5070564516129032	0.014616935483870967
13428	1	1033517	144	12	231264.34802940738	231264.34742512	20328.678234842104	248555.94556630703	1.0747698367009033	3.1276010305490263	0.9153989390145078	8296859406.894119	413255158.77574307	7883604927.63818	0.8384497301738543	0.0	0.0	0.0	0.0006042873719707131	-679.5198040008545	8.190084593168113e-08	83.49173340569871	192.33329264269307	249.1102394010853	4.913129757575326e-10	0.0	103957.3304407926	0.4182451951866001	70.9693956561522	2.192501864909353	71.40449472595272	65.9696641622474	0.5136088709677419	0.03553427419354838
13428	1	1033517	160	12	111473.75513917553	111473.75537264241	10451.315373018919	120168.1665337578	1.0779951422980885	3.1196734877379484	0.9116013073554953	2013990163.2560863	109229993.02630156	1904760095.4450622	0.8174603622297442	0.0	0.0	0.0	0.00023346688249148428	74.78472256660461	3.713261560607506e-08	66.09721068275194	148.71634927918413	167.0945274359956	1.3576755041728565e-08	0.0	50392.542680327875	0.4193501798808277	112.27423714632718	2.2408350049879395	112.58414897550662	65.96967719008092	0.5	0.020161290322580645
13428	1	1033517	176	12	110155.55695439698	110155.55809596763	8526.324093948471	116924.15452218658	1.0614458113138288	2.941840868210312	0.8808184038444258	1537011182.7947674	72698202.55504622	1464312734.1152024	0.7795349508138111	0.0	0.0	0.0	0.0011415706539992243	246.1245186328888	1.6013189844549951e-07	67.62504249122976	133.3951517717097	154.31033081335752	1.594105941686691e-08	0.0	43194.80759074776	0.36942587015593614	110.42138367263632	2.1774619793109635	110.55941699304024	65.96967863089486	0.4982358870967742	0.03578629032258064
13428	1	1033517	192	12	255014.04557518038	255014.0438249734	21180.094495776848	272932.6336058537	1.0702651024191951	3.171433825440414	0.9254397594907329	9460059046.40702	448596402.85003674	9011464426.13697	0.8342061466514143	0.0	0.0	0.0	0.0017502069822512567	-1782.5799865722656	1.884322262501415e-07	78.22182005298271	201.32601163942408	246.61017887849854	4.772481988925691e-09	0.0	130873.7885807422	0.4795094926997389	71.9519387722138	2.552356061478034	72.63962335553293	65.96966683414736	0.4982358870967742	0.0733366935483871
13428	1	1033517	208	12	26450.413576653526	26450.41339668007	2921.2948169599604	28728.366415969766	1.0861216340801143	3.094473565458502	0.8950449300116687	125694658.55420232	8533963.407597128	117160699.59988543	0.7581307435615343	0.0	0.0	0.0	0.0001799734563974198	-4.4532802402973175	3.542935150563271e-08	125.11282970967117	90.1515911699145	72.30217424261654	7.83583317369616e-09	0.0	170835.57631982255	5.94658167158885	2399.262282139582	44.336758702037166	2432.2954536171187	65.96968727389087	0.5002520161290323	0.01814516129032258
13428	1	1033517	224	12	68574.48986091759	68574.49053521107	4282.267417637108	71782.4892505361	1.0467812359395596	2.6920161457892338	0.8702381372390191	450265103.318243	18337814.23615639	431927214.9617182	0.7354348385177185	0.0	0.0	0.0	0.0006742934783687815	74.12036842107773	1.6461495211342232e-07	55.57414041033423	102.17309772581527	114.75025259955686	3.978752184211848e-09	0.0	41519.44718291198	0.5784063439361414	116.47701858572621	3.139169328128902	116.93585148073483	65.96967833871832	0.4944556451612903	0.06955645161290322
13428	1	1033517	240	12	22472.69880177987	22472.698670738147	2432.056669181958	24427.81885061342	1.0869997887694158	3.1287387625274774	0.9047821008823155	91696142.3628661	5914899.64211244	85781247.36416703	0.7847538278387493	0.0	0.0	0.0	0.00013104172103339806	-4.6434133648872375	5.063913535764691e-08	127.36575235973527	82.01496910497265	65.9484833506658	2.806652453148938e-09	0.0	114359.39890065693	4.681523120879843	2039.7824375452235	35.6705385821066	2068.145589473109	65.96969128229642	0.5	0.018649193548387098
13428	1	1033517	0	13	53822.51239456983	53822.51268753051	6291.921144536182	58985.53758673509	1.0959268707918242	3.1008586807789196	0.8766825099837008	582430803.9325151	39588271.68906149	542842519.8101393	0.8014872577997242	0.0	0.0	0.0	0.0002929606780526228	12.433314323425293	2.1347281495890644e-08	115.27490753253001	122.18464084872438	107.74432932115023	7.822613978202697e-10	0.0	223800.82607292413	3.7941643800018836	785.645371919721	26.416705544986254	776.8310423317347	65.96968754764676	0.5073084677419355	0.04057459677419355
13428	1	1033517	16	13	276880.09332071414	276880.0919696456	21584.396916054822	294683.0000182666	1.0642982544683381	3.2619506546264425	0.9164809552741234	10175484422.478363	465886190.2297969	9709598183.477245	0.8123433186117448	0.0	0.0	0.0	0.0013510685530491173	48.77132034301758	4.793021965153648e-09	74.8691153537141	200.53539118746656	251.9988873172568	6.514870031489106e-09	0.0	118575.62198623615	0.4023836520948043	76.10773826737672	2.1805853331008924	76.70524117868952	65.96966318785984	0.5012600806451613	0.046118951612903226
13428	1	1033517	32	13	160632.05505845262	160632.05639996968	11332.996702694638	169350.26233482448	1.0542743929485268	3.152916052103665	0.8865893086581711	2876854240.5721207	128436814.26328751	2748416983.160781	0.7548760491555963	0.0	0.0	0.0	0.0013415170542430133	443.1480522155762	1.5403910492435906e-07	75.37758440194278	158.8581440219497	188.49222305388122	1.738710024699389e-08	0.0	90871.5727810012	0.5365895014376403	91.9135480759362	2.548793095378619	92.58901759403213	65.96967275814438	0.5042842741935484	0.0655241935483871
13428	1	1033517	48	13	155476.73919748008	155476.74092726535	12505.181917784092	165204.56090070267	1.0625676982514194	3.10433699961451	0.8754293370989334	3119530510.912735	156379574.79687423	2963150587.336789	0.7620233597575231	0.0	0.0	0.0	0.0017297852609772235	348.7790718078613	1.118049881505448e-07	82.57794782473249	162.39298435858493	191.5588917715511	3.2538105121070817e-09	0.0	99818.34782012265	0.604210604495992	95.80993596448477	3.4144604551284723	96.30774807061637	65.96967104043026	0.5055443548387096	0.02242943548387097
13428	1	1033517	64	13	289686.8514179749	289686.850693632	21985.896370768387	307573.3441477695	1.0617442339624419	3.2471528934900675	0.9131291061099173	10682890145.78238	483379639.2261666	10199510140.319267	0.8007120409550275	0.0	0.0	0.0	0.0007243429427035153	366.23694610595703	3.4282571580177476e-08	78.89222046368089	204.23634962035507	251.68151726902255	1.066362752121058e-08	0.0	127102.28342687999	0.41324219219972486	74.5942684178944	2.1879504197729447	75.14577819121993	65.96966823821947	0.5027721774193549	0.08014112903225806
13428	1	1033517	80	13	272445.1172583041	272445.116188485	20096.294050805707	288820.1279010532	1.060103887372017	3.2477631219275516	0.9159687421820774	9190724362.889664	403861034.57644886	8786863219.25198	0.8024331583144575	0.0	0.0	0.0	0.001069819089025259	109.06123542785645	1.1866446116937665e-08	77.48520642728563	193.0571575661442	242.84434127006358	9.96466627489807e-09	0.0	124921.8568621828	0.43252476072585994	73.96982735627769	2.339265520896616	74.49544383034814	65.96966397432033	0.5103326612903226	0.08014112903225806
13428	1	1033517	96	13	125914.02329760682	125914.0238032095	8686.134156868158	132546.63450675074	1.0526757150271282	3.0363050506713836	0.8723423282352056	1714269056.0758896	75448926.59111172	1638819715.8234103	0.7492047961282773	0.0	0.0	0.0	0.0005056026711827144	413.6613676548004	2.413048092938848e-07	63.16918582374468	131.09935146338088	161.70222494322718	1.559346988575808e-08	0.0	35333.42514563558	0.26657353761955543	123.41172463117377	1.5263167427870357	123.39288523125946	65.96968533855218	0.5052923387096774	0.02948588709677419
13428	1	1033517	112	13	23607.395247456272	23607.39507745711	2368.7581503895035	25491.584535658658	1.0798135189609879	3.2328099629749807	0.8985279704257124	92511771.76901078	5611015.175036702	86900759.97046873	0.7770067454032431	0.0	0.0	0.0	0.00016999916260829195	-3.3764946460723877	3.649800000050839e-08	129.5199839459966	82.67573444065498	64.13079657054568	5.239553591837281e-09	0.0	104678.97587014965	4.106413073244174	1879.6283507034668	28.50162774502212	1900.3891057578794	65.96968673875983	0.5047883064516129	0.042086693548387094
13428	1	1033517	128	13	130140.12495422756	130140.12540894086	10013.39758902779	137965.5450393671	1.0601307251540744	3.2090894468101103	0.8963363337719193	2098039494.907673	100268131.27594759	1997771190.7373834	0.766519255240864	0.0	0.0	0.0	0.00045471329940482974	172.8943419456482	8.240757257682446e-08	72.56763526524992	145.1688208025812	169.75664556901833	8.960881405446629e-09	0.0	102530.11927840204	0.7431574254919328	159.62964552010052	4.117324942440184	160.19631082132997	65.96968061064655	0.5047883064516129	0.021421370967741934
13428	1	1033517	144	13	248555.94556630703	248555.94490103735	19620.537818484267	264764.6719117569	1.0652115816763912	3.2344401750615974	0.9093817477892563	8320273416.179291	384965504.2865714	7935308930.876606	0.8135772215399447	0.0	0.0	0.0	0.0006652696756646037	-1018.98388671875	1.2247000017298378e-07	84.24761756463066	189.66949316345898	246.30271913046184	5.562850382143559e-09	0.0	102754.30959885707	0.3880967533927043	71.40449472595272	2.077572314649009	71.85772498353234	65.96966486660249	0.5131048387096774	0.03704637096774194
13428	1	1033517	160	13	120168.1665337578	120168.16744784439	10158.561775679289	128313.38660970399	1.0677818453163967	3.2210013721324873	0.9037456811016596	2023936935.1664143	103196377.35029235	1920740134.915953	0.786714131620841	0.0	0.0	0.0	0.0009140865877270699	422.90016889572144	2.0894928174278774e-07	65.53816998715865	146.79080929896696	165.23480443783015	2.1775168165217394e-10	0.0	50349.522759874584	0.39239493312888996	112.58414897550662	2.0906787516681726	112.89321176372543	65.96967874368961	0.5007560483870968	0.020917338709677418
13428	1	1033517	176	13	116924.15452218658	116924.15483993958	8342.212585163483	123290.62965579514	1.054449614449857	3.035871464374373	0.8738617145063137	1529321450.1942673	69592510.81606	1459729028.9925056	0.7482672833210708	0.0	0.0	0.0	0.00031775300158187747	-89.61429834365845	5.859742458478882e-08	67.14617411596876	131.9369033819446	153.23501126704522	2.2204740088769e-08	0.0	44419.57550071998	0.3602834670855966	110.55941699304024	2.196740044673815	110.71684527794498	65.96967436217108	0.4987399193548387	0.03755040322580645
13428	1	1033517	192	13	272932.6336058537	272932.6349755679	20412.693608162972	289670.1949810924	1.0613248813603202	3.275054630639744	0.9186115979338628	9416599373.356918	416678060.3407374	8999920626.23903	0.807705236745338	0.0	0.0	0.0	0.0013697142130695283	686.7771492004395	7.29326078311868e-08	79.92677856037577	198.52368186757684	243.89080696076974	1.8478962720985813e-08	0.0	129171.86752286751	0.44592736766499935	72.63962335553293	2.531849997272803	73.30866905373142	65.96966437217012	0.4962197580645161	0.078125
13428	1	1033517	208	13	28728.366415969766	28728.36635961654	2937.5036199600813	30947.515274763464	1.0772459118162772	3.178206873744132	0.8833408271547416	132429664.75149846	8628927.517278582	123800756.69656725	0.7335064929564467	0.0	0.0	0.0	5.6353226682404056e-05	-19.462347373366356	1.4696365357329152e-07	125.01370315806112	90.7006144378522	72.04821306734613	4.707743740171795e-09	0.0	177847.90582788337	5.746758789395952	2432.2954536171187	41.51950932294303	2462.763129807623	65.96968674147203	0.49899193548387094	0.021169354838709676
13428	1	1033517	224	13	71782.4892505361	71782.48919530121	4126.17434927219	74736.95599618678	1.0411585997713029	2.769850011745749	0.8628917414573322	432886828.5726261	17025314.76059178	415861452.98222643	0.7020250058476254	0.0	0.0	0.0	5.523489380721003e-05	60.82980787754059	1.4052127221823076e-07	55.2110067599104	100.81363722737609	112.94165273686032	8.149672475979868e-09	0.0	42231.663945641434	0.5650707014898894	116.93585148073483	3.020569664555106	117.4958568248531	65.96968107052354	0.49470766129032256	0.07409274193548387
13428	1	1033517	240	13	24427.81885061342	24427.81872811251	2440.7087350402235	26335.374444594465	1.078089476823394	3.2194192344301453	0.8945660208208736	96833613.3386147	5957059.129301647	90876564.3326962	0.7621163171843713	0.0	0.0	0.0	0.000122500910947565	-10.123383149504662	1.0454410199591015e-07	127.15534988196183	82.51888127506548	65.7512565897756	1.088824010355326e-08	0.0	119173.8775198238	4.525239540155557	2068.145589473109	33.1179668880393	2094.0832221309506	65.96969185108655	0.4962197580645161	0.02444556451612903
13428	1	1033517	0	14	58985.53758673509	58985.537999756074	6192.07774874673	63925.529434070544	1.0837492044566257	3.195515127252073	0.8700340430093316	607179669.0300817	38341826.84652437	568837799.0178096	0.7787113522423107	0.0	0.0	0.0	0.0004130209854338318	43.16574776172638	7.109221530865817e-08	113.99908963209381	121.31908369034531	108.58801287017621	1.1050192353440035e-08	0.0	219167.24598957488	3.428477623688517	776.8310423317347	25.072550185487327	767.7514000052162	65.96968397055647	0.5045362903225806	0.04032258064516129
13428	1	1033517	16	14	294683.0000182666	294683.0011874455	20879.174715612644	311355.99512894277	1.0565794263993602	3.3579914350926177	0.9092898018587099	10104485202.968521	435939936.8050783	9668546014.939714	0.7857108675138993	0.0	0.0	0.0	0.001169178867712617	-748.7762718200684	7.410335675488851e-08	75.68494403499261	197.9144643205809	249.45065302235827	5.244939179120453e-10	0.0	115937.6928430372	0.3723637734921815	76.70524117868952	2.021154689951446	77.28214867191129	65.96966550530514	0.5002520161290323	0.052923387096774195
13428	1	1033517	32	14	169350.26233482448	169350.2629497226	10797.044990274782	177281.23908564408	1.0468317948934687	3.2358438622269636	0.8784550938175258	2749126378.867428	116576180.52201779	2632549757.855328	0.7198728700024295	0.0	0.0	0.0	0.00061489810468629	440.4900817871094	1.6022911320962277e-07	74.87557475155617	155.46272893963302	185.15127074256117	1.9579774913143096e-08	0.0	90355.17328226214	0.5096713821024759	92.58901759403213	2.3818132345167378	93.27820594666751	65.96967119971039	0.5042842741935484	0.06980846774193548
13428	1	1033517	48	14	165204.56090070267	165204.56218890005	12230.009252228703	174339.57826485223	1.0552951886700042	3.192765629145233	0.8676087389498554	3101741607.1725616	149573126.30959967	2952168081.2749796	0.7305707204640065	0.0	0.0	0.0	0.0012881973816547543	399.5879821777344	1.2882697296696635e-07	82.78185475002368	160.82684513953578	190.80944089175108	1.0380773552473277e-08	0.0	102282.57832845033	0.5866859345049453	96.30774807061637	3.400966657287735	96.85224570290735	65.96967942561417	0.5070564516129032	0.026713709677419355
13428	1	1033517	64	14	307573.3441477695	307573.34119296377	21181.526811818632	324205.65940926445	1.0540759320596527	3.34024815674003	0.9055619763579751	10507947562.753708	448657078.07979155	10059291759.347406	0.7720251646435905	0.0	0.0	0.0	0.0029548057354986668	-1274.673490524292	1.2130565773305512e-07	80.01077969019876	201.21870480743343	248.7153240572533	8.12279267776204e-09	0.0	124333.06453734946	0.383500598646661	75.14577819121993	2.017118316671532	75.6619208829419	65.9696666348979	0.5025201612903226	0.08719758064516128
13428	1	1033517	80	14	288820.1279010532	288820.1260761745	19321.8302763062	304019.2479546155	1.0526248643542233	3.340731824215786	0.9085007633989953	9010636846.109268	373333125.2263828	8637305316.26865	0.7738781053560394	0.0	0.0	0.0	0.0018248786800540984	-1595.3857650756836	1.7705582772038585e-07	78.42644329152236	190.08153093537013	239.7469282358742	2.1672910443334212e-08	0.0	122008.81723753398	0.40131938459448513	74.49544383034814	2.183323365693269	74.99032822764174	65.969662585021	0.5073084677419355	0.08795362903225806
13428	1	1033517	96	14	132546.63450675074	132546.63560727128	8413.761257289927	138699.51317598243	1.0464204820599825	3.119832634098424	0.8649413389912886	1668944636.1883583	70791378.49467298	1598153142.8188064	0.7165219584029513	0.0	0.0	0.0	0.0011005205451510847	114.87487888336182	6.883085058215014e-08	62.36230139089433	129.09254934395193	160.0832776013625	5.285154712066591e-09	0.0	34250.72561693391	0.24694193032488101	123.39288523125946	1.411721517568264	123.39885233314347	65.96968343193653	0.5032762096774194	0.03150201612903226
13428	1	1033517	112	14	25491.584535658658	25491.584258061368	2374.9855223037193	27329.968430999357	1.0721172861094255	3.3186880808788266	0.8889132863314122	97106292.30078983	5640556.23115227	91465741.23737371	0.7553890221658205	0.0	0.0	0.0	0.0002775972898234613	-5.167736142873764	5.321731496931771e-08	129.12132115044543	83.1454025682737	63.937292793033244	7.209281029716585e-10	0.0	109446.66607848881	4.004639319275696	1900.3891057578794	26.655167502206886	1919.183356666521	65.96969153257703	0.5045362903225806	0.052167338709677415
13428	1	1033517	128	14	137965.5450393671	137965.54617260475	9686.095489956513	145198.8681664424	1.052428474986355	3.294751686234978	0.8874817626756898	2048219698.8062859	93820445.84055589	1954398730.3430119	0.7312464747420132	0.0	0.0	0.0	0.0011332376452628523	522.6227180957794	2.551595018836929e-07	72.73498622870358	142.95790929106562	168.17248729758165	2.000286457216795e-11	0.0	105293.41335253105	0.72516690314282	160.19631082132997	3.976498722469637	160.77743288107473	65.96968577932421	0.5017641129032258	0.025201612903225805
13428	1	1033517	144	14	264764.6719117569	264764.6706392349	18948.335417499075	279920.1368136637	1.0572412655830379	3.3314938997451917	0.9026876812076844	8254951501.239929	359039415.0940498	7895913271.8613615	0.7869393751765906	0.0	0.0	0.0	0.001272522029466927	-1185.7154817581177	1.4363688043231e-07	85.06169007940422	187.0694356782526	243.60226093073268	1.846747871491577e-08	0.0	101777.69495567515	0.36359547472431086	71.85772498353234	1.9661021737543263	72.30827386174775	65.96966055538454	0.5148689516129032	0.04107862903225806
13428	1	1033517	160	14	128313.38660970399	128313.3868204263	9855.309960637875	135900.25156213593	1.059127618348265	3.311614706412927	0.8950531513442197	2004553191.4004707	97127134.42024812	1907425892.0492158	0.7541807129239814	0.0	0.0	0.0	0.00021072231174912304	164.93100690841675	8.227818928226522e-08	64.94338599749705	144.74668207929568	163.30765899210473	1.9745554554920616e-09	0.0	50389.48964591461	0.3707829001889487	112.89321176372543	1.9652065130856833	113.19535077607604	65.96968035696253	0.5002520161290323	0.0234375
13428	1	1033517	176	14	123290.62965579514	123290.63145825425	8166.363415299132	129261.46854683344	1.0484289755653595	3.1204324865659325	0.8660532972836156	1507947889.9615784	66689491.430736095	1441257877.6236475	0.7157360937341177	0.0	0.0	0.0	0.0018024591117864475	520.907194852829	3.454411112748076e-07	66.66800865793975	130.4851768869577	152.2439058373016	1.0405989197078559e-08	0.0	45461.67382133938	0.35170321375748265	110.71684527794498	2.220340727130326	110.89442480450295	65.96968013670873	0.49722782258064513	0.04133064516129032
13428	1	1033517	192	14	289670.1949810924	289670.19223888335	19610.019591672663	305213.9834779784	1.053660296316991	3.368983773061149	0.9112366428135983	9246753850.111557	384552868.38578564	8862203409.584852	0.7800633668987027	0.0	0.0	0.0	0.002742209064308554	-2427.8590812683105	2.625633947462568e-07	81.53084918453648	195.40288346670914	241.08579888052088	1.363937889944777e-08	0.0	126057.3505155421	0.41301302582464255	73.30866905373142	2.323405582089248	73.89227866623374	65.96966346359308	0.49848790322580644	0.08845766129032258
13428	1	1033517	208	14	30947.515274763464	30947.515304996603	2944.047872423919	33098.392359112746	1.0695008004763227	3.253635849118468	0.8714994289236311	137754875.0760553	8667417.875123806	129087445.70093885	0.7084078378904182	0.0	0.0	0.0	3.0233139113988727e-05	11.49999263882637	8.348156558871078e-08	124.85645789679721	91.06931510864632	71.78632152082307	2.7240953033363832e-09	0.0	184061.2749607046	5.561033695576637	2462.763129807623	38.94472867598351	2490.8226119352507	65.96969146690083	0.4982358870967742	0.025453629032258063
13428	1	1033517	224	14	74736.95599618678	74736.95593043216	3987.895187996345	77455.9294580034	1.0363805753870328	2.8397705403495896	0.8549210177608836	413808416.62724113	15903308.030444406	397905077.842401	0.6675293190830932	0.0	0.0	0.0	6.575461884494871e-05	30.754395723342896	7.432037263525858e-08	55.0283059536744	99.62721054609686	111.34347756933641	1.1395918620344585e-08	0.0	43314.91774172344	0.5592201650341155	117.4958568248531	2.9280835210260445	118.13754328380865	65.96968413462686	0.49521169354838707	0.0798891129032258
13428	1	1033517	240	14	26335.374444594465	26335.374173906726	2442.5680763922414	28188.481973525784	1.0703657178989412	3.301899949250639	0.8841547380572835	101038568.83478892	5966138.807810496	95072435.4675489	0.7389898165911446	0.0	0.0	0.0	0.00027068773852079175	-5.440570488572121	5.3846472206748635e-08	126.91099169589565	82.84039813833975	65.5613408982414	8.558005708179641e-09	0.0	123695.73905426827	4.388166004440262	2094.0832221309506	30.771439053926173	2117.755743443311	65.96968929928427	0.4964717741935484	0.03553427419354838
13428	1	1033517	0	15	63925.529434070544	63925.52942469218	6055.7812333421125	68601.14372192736	1.0731415809810227	3.2821518397506324	0.8625762583019043	619643606.5303144	36672486.34609851	582971132.9856313	0.752961105921569	0.0	0.0	0.0	9.37836739467457e-06	-12.80141544342041	2.0659319822731253e-08	112.6005370489806	119.9669386205217	109.11218563337435	1.3771740071315767e-09	0.0	211512.20113853694	3.083216845782795	767.7514000052162	23.56101750732248	758.7657702828246	65.96968939655395	0.5037802419354839	0.04485887096774194
13428	1	1033517	16	15	311355.99512894277	311355.9961464675	20171.50440326	326907.64672476705	1.0499481360215461	3.445133082980125	0.9015948692435107	9926053784.39087	406889589.89073765	9519163571.042006	0.7578325774159786	0.0	0.0	0.0	0.0010175247443839908	623.4581260681152	6.281027078943789e-08	76.38084001119728	195.21896757904614	246.7299347691782	9.340755225223962e-09	0.0	112719.51471114342	0.34480537840504577	77.28214867191129	1.8665281360326085	77.83361067744573	65.96967020474324	0.5027721774193549	0.06048387096774194
13428	1	1033517	32	15	177281.23908564408	177281.24082418086	10278.584026014314	184459.99480350007	1.0404936007604728	3.3091411367280896	0.8697298876300481	2596851951.1659775	105649289.5798366	2491202205.622265	0.6835698682442285	0.0	0.0	0.0	0.0017385367827955633	455.96387577056885	1.7558331562407423e-07	74.30529474625834	152.06126060899672	181.68835480904758	7.870008292369692e-09	0.0	89901.49571406397	0.4873766575880115	93.27820594666751	2.2388031807506885	93.97603813763274	65.96967407416996	0.5052923387096774	0.07283266129032258
13428	1	1033517	48	15	174339.57826485223	174339.57974665356	11941.175238537367	182878.17468659976	1.0489768101238373	3.2718167874658644	0.859051622068568	3050138227.1359634	142591666.07745796	2907546045.1034794	0.698318486097629	0.0	0.0	0.0	0.0014818013296462595	515.9550261497498	1.6915791604442275e-07	83.05723941256781	159.11442746481458	189.9342124916216	3.3747016666356767e-09	0.0	103802.31242773478	0.567603609457858	96.85224570290735	3.3767024456659214	97.44549128763204	65.9696728087974	0.5090725806451613	0.032006048387096774
13428	1	1033517	64	15	324205.65940926445	324205.6600327814	20384.42408800622	339606.2330965417	1.0475024825764567	3.4242161462718963	0.8974785133519372	10223083965.026657	415524745.3996883	9807558515.503574	0.7420136143381694	0.0	0.0	0.0	0.0006235169712454081	704.1233940124512	6.88758300744931e-08	80.82636357540446	198.16174424368646	245.53499699032986	1.4364015434814912e-08	0.0	120310.62081597799	0.3542650553820872	75.6619208829419	1.8607771109834115	76.1599363842999	65.96966662875782	0.5065524193548387	0.0907258064516129
13428	1	1033517	80	15	304019.2479546155	304019.2490569476	18542.787780827894	318055.9036589132	1.0461702862523794	3.4246067688453037	0.9005459764681233	8731854725.397919	343834978.68482023	8388019200.705347	0.743966380466783	0.0	0.0	0.0	0.0011023320839740336	546.0077514648438	6.253055835625595e-08	79.16800578958274	186.996164488785	236.4310709644525	4.522388035360212e-09	0.0	118151.77066094789	0.37148114108458746	74.99032822764174	2.0211687778264307	75.45215302666956	65.9696660245993	0.5047883064516129	0.09274193548387097
13428	1	1033517	96	15	138699.51317598243	138699.51415837443	8140.0793963411215	144377.54524982016	1.0409376496270282	3.194445628262994	0.8568542075733545	1607320617.1093445	66260892.57873724	1541059526.4504602	0.6824735714395417	0.0	0.0	0.0	0.0009823919972404838	198.08014702796936	1.232362385696283e-07	61.56807968327388	127.04124023600974	158.3914254550274	1.6024751516467503e-08	0.0	33195.33245979644	0.22992032754704061	123.39885233314347	1.3199668922155279	123.42123737622772	65.96967418628725	0.5012600806451613	0.03578629032258064
13428	1	1033517	112	15	27329.968430999357	27329.96832465198	2375.157856538391	29116.5722682706	1.0653716026705968	3.397163449731429	0.8791095315743077	100847606.21400309	5641374.843476044	95206229.34132588	0.7333372783293826	0.0	0.0	0.0	0.00010634737554937601	2.029201164841652	2.0121460895517907e-08	128.7004725976123	83.43397418263602	63.75560571361018	9.025430221129655e-09	0.0	114268.97515474238	3.924533905255779	1919.183356666521	24.999426991512795	1936.142138798088	65.96968571541059	0.502016129032258	0.06098790322580645
13428	1	1033517	128	15	145198.8681664424	145198.8680958359	9348.43694144386	151841.98454610625	1.0457518468535774	3.370493699576231	0.8779218202026299	1973276954.0840492	87393273.24815224	1885883615.7234125	0.6946765808512234	0.0	0.0	0.0	7.060650386847556e-05	65.11248445510864	3.29971341936299e-08	72.86259357245541	140.61734124546965	166.44620247629447	2.3216537986061375e-09	0.0	107281.4653798849	0.7065336096434145	160.77743288107473	3.8440363821331403	161.378676441511	65.96968008348047	0.5037802419354839	0.03629032258064516
13428	1	1033517	144	15	279920.1368136637	279920.1343503802	18258.189620945603	294015.67728359275	1.0503555786674688	3.419451299354172	0.8954214423054747	8089935494.7495575	333361488.23440576	7756573151.926239	0.7588362093772961	0.0	0.0	0.0	0.002463283482939005	854.5889129638672	1.056360602032616e-07	85.67586355729657	184.26591391174176	240.63062723182477	9.27712580070743e-09	0.0	100060.73996135598	0.3403245057877129	72.30827386174775	1.8311999269602024	72.73203420994035	65.96965917988697	0.5173891129032258	0.04359879032258064
13428	1	1033517	160	15	135900.25156213593	135900.25123499217	9537.909497340053	142922.78427007352	1.051674170041744	3.392320035605652	0.88566864711738	1958043888.858139	90971717.5794496	1867071888.151975	0.7202074135042807	0.0	0.0	0.0	0.000327143759932369	283.1267144680023	1.4459671516000167e-07	64.30869944470165	142.5490128690254	161.27058845934843	3.151684216462534e-09	0.0	50374.21289501786	0.3524575399137437	113.19535077607604	1.858010834268641	113.48896824577166	65.96967841178511	0.5007560483870968	0.02595766129032258
13428	1	1033517	176	15	129261.46854683344	129261.46948572145	7994.728715786462	134843.10024385777	1.0431809398405685	3.1961945331900807	0.8575175595571044	1474134432.491066	63915687.23902066	1410218611.0638883	0.6823129686453506	0.0	0.0	0.0	0.0009388880134792998	134.188157081604	9.102843955340366e-08	66.19786374428422	129.01296550780947	151.29756863632122	5.503633721108765e-09	0.0	46319.48756490511	0.34350654515464585	110.89442480450295	2.243413333738777	111.09360741592133	65.96967617354626	0.4962197580645161	0.04788306451612903
13428	1	1033517	192	15	305213.9834779784	305213.9844851254	18780.502252271923	319563.2453764757	1.0470137761546323	3.4539386825900773	0.903422048170255	8965092085.049927	352707264.8475908	8612384202.65362	0.7512453017227975	0.0	0.0	0.0	0.0010071470169350505	617.5487155914307	6.888370021555573e-08	82.47950467890414	192.10267445769648	237.7207774444446	1.6560364622725002e-08	0.0	120306.19224097591	0.376470679633233	73.89227866623374	2.0819272265714486	74.44118627686471	65.96966475008763	0.5005040322580645	0.08921370967741936
13428	1	1033517	208	15	33098.392359112746	33098.39227171094	2941.2832098355807	35172.69661413912	1.0626708461402135	3.3214945208525704	0.8595487226986451	141615010.3525002	8651146.920460697	132963868.24256456	0.6829043876536008	0.0	0.0	0.0	8.740180783206597e-05	-4.810525059700012	3.3969033704308046e-08	124.64981431918534	91.25890880303746	71.51343717456287	4.442820090152255e-09	0.0	189525.26540444474	5.38842009363856	2490.8226119352507	36.599311469339774	2516.637816040116	65.96969018796021	0.4987399193548387	0.030493951612903226
13428	1	1033517	224	15	77455.9294580034	77455.92978243272	3858.993684046476	79953.24499574876	1.0322417606401508	2.902424341793686	0.8464324832927301	393100377.1470251	14891832.253510594	378208485.4173847	0.6326631412644197	0.0	0.0	0.0	0.0003244293184252456	59.476129829883575	1.513001087954659e-07	54.92639165238285	98.4973876748174	109.81714759557146	3.6233048470335856e-09	0.0	44614.975831570046	0.5580133241401111	118.13754328380865	2.8585100385364246	118.8440602427942	65.96968186134166	0.4939516129032258	0.0846774193548387
13428	1	1033517	240	15	28188.481973525784	28188.481768218906	2437.995016664946	29981.276330646917	1.0636002449087147	3.376898858429418	0.8735844522972953	104286414.44282103	5943819.701283111	98342606.73811285	0.715496018153469	0.0	0.0	0.0	0.00020530687834252603	-11.996574938297272	1.1503487776804186e-07	126.6420649021793	82.97830423915401	65.37930622635058	5.366744100032834e-09	0.0	128035.49093366429	4.270515023205896	2117.755743443311	28.62352633962741	2139.3054032603836	65.96968767035158	0.4992439516129032	0.05191532258064516
13428	1	1033517	0	16	68601.14372192736	68601.14437088376	5896.247392707957	72986.88960304235	1.0639310898210745	3.3608155388869925	0.8543795641818841	620969133.9701567	34765733.316015385	586203358.8178978	0.7246215558894553	0.0	0.0	0.0	0.0006489563966169953	41.83624351024628	6.737250085647075e-08	111.09990640987884	118.2698295961359	109.36870566172877	7.327090614080061e-09	0.0	201412.18316366617	2.7595665890974637	758.7657702828246	21.956957757846865	750.123241995899	65.96968863116564	0.5012600806451613	0.048639112903225805
13428	1	1033517	16	16	326907.64672476705	326907.64462096326	19470.230257942192	341359.25345129345	1.0442070011861595	3.5240126840875443	0.8934739828612307	9657530429.699295	379089866.29728764	9278441888.721088	0.7288680147717478	0.0	0.0	0.0	0.00210380379576236	-1325.3190803527832	1.3723167532323784e-07	76.9356099255467	192.4886566452436	243.86513358920263	2.389017668204293e-09	0.0	109029.99251758658	0.3193995517517627	77.83361067744573	1.725314730014964	78.36111075908009	65.96966818618625	0.502016129032258	0.0703125
13428	1	1033517	32	16	184459.99480350007	184459.99641785084	9777.36870369357	190925.09755239155	1.0350488069555601	3.3736194346698514	0.8605416154123483	2426903192.4829597	95596938.76796646	2331305520.989481	0.6463161497545118	0.0	0.0	0.0	0.001614350767340511	732.7255125045776	3.019178988161154e-07	73.66961161031348	148.65897539854078	178.11164823118202	1.1613061485440479e-08	0.0	89623.96806334202	0.46941952302339507	93.97603813763274	2.1217442713772883	94.6786063469385	65.969670744512	0.5042842741935484	0.08518145161290322
13428	1	1033517	48	16	182878.17468659976	182878.17637021144	11635.272625514806	190820.3613387442	1.0434288381637395	3.3422626625298704	0.849907128749914	2967983524.746399	135379569.0700542	2832603287.24879	0.6656061301722772	0.0	0.0	0.0	0.00168361168471165	668.4275550842285	2.2521269053922483e-07	83.39201546798729	157.23466973760776	188.8867223039383	1.5501718585514107e-08	0.0	104409.69632650062	0.5471622380939672	97.44549128763204	3.3400019636616007	98.08559674848506	65.96967439269545	0.5057963709677419	0.050907258064516125
13428	1	1033517	64	16	339606.2330965417	339606.23387422925	19617.187570837446	353819.79882183636	1.0418530767109155	3.499725142614441	0.8889551750028858	9856056480.30214	384834048.18941915	9471221443.396656	0.7108264782637939	0.0	0.0	0.0	0.0007776875281706452	988.716064453125	1.0031558427339854e-07	81.49058249352532	195.16322534703164	242.32164603407548	1.2956145504673225e-08	0.0	116083.47686436208	0.3280864373084418	76.1599363842999	1.7288226926816117	76.64441200280619	65.96966449595259	0.506804435483871	0.09349798387096774
13428	1	1033517	80	16	318055.9036589132	318055.900030689	17773.986102124596	330960.99994687806	1.0405749308203516	3.5000408636804843	0.8921859493155602	8375625633.5494995	315914581.95851827	8059713281.423254	0.7128551708044074	0.0	0.0	0.0	0.0036282241926528513	-2229.832272529602	2.6622874159964375e-07	79.7035498181787	183.87068519027102	232.95869688026343	6.960877741217393e-09	0.0	113613.96299646817	0.3432850491659303	75.45215302666956	1.8686328312029186	75.88418490007984	65.96965960484701	0.5060483870967741	0.09576612903225806
13428	1	1033517	96	16	144377.54524982016	144377.5454935501	7866.897074547286	149591.26125466538	1.036111682019692	3.2607752646285086	0.8481955986296834	1532669871.3976898	61888069.58152065	1470781362.9674487	0.647463066695841	0.0	0.0	0.0	0.00024372994084842503	438.8487205505371	2.8632957999646534e-07	60.7706233120095	124.94945849605726	156.63326852579814	7.963396323142186e-09	0.0	31998.499415523376	0.21390620706340419	123.42123737622772	1.2392288203309745	123.45560824817325	65.96967891361084	0.5027721774193549	0.043094758064516125
13428	1	1033517	112	16	29116.5722682706	29116.57203817257	2369.5762285679994	30846.294480208606	1.0594067940415826	3.4688477477573763	0.8691519718715388	103719102.50632334	5614891.502994543	98104224.0511696	0.710962646684517	0.0	0.0	0.0	0.0002300980304426048	-13.047840803861618	1.257997850788011e-07	128.26460717707658	83.53919494289163	63.58717461501206	2.441687301718716e-09	0.0	119243.46787662616	3.8657306999215693	1936.142138798088	23.534722881479894	1951.3757898491547	65.96969267967282	0.5022681451612903	0.0703125
13428	1	1033517	128	16	151841.98454610625	151841.9850172278	9003.514869484943	157904.48858805274	1.039926401515818	3.4370955817005844	0.8677993678085483	1877839245.3545074	81063280.00503647	1796775834.7759225	0.6571430870444628	0.0	0.0	0.0	0.00047112154425121844	130.57354855537415	6.95339331513033e-08	72.95182201724661	138.16938036909434	164.57615142165037	6.256330737192566e-09	0.0	108604.93818175301	0.6877887983689874	161.378676441511	3.716967522546119	162.0013399253334	65.96968455925337	0.5035282258064516	0.046875
13428	1	1033517	144	16	294015.67728359275	294015.67524897977	17546.825443099533	307050.0320206983	1.0443321759490167	3.498928699837602	0.8876809433177819	7834503675.38208	307891083.13060516	7526613036.918966	0.7294584371652303	0.0	0.0	0.0	0.0020346129895187914	-444.6674909591675	5.67575827880994e-08	85.97938283877433	181.26353475990229	237.28759749244642	1.209353954698146e-08	0.0	97428.19778159537	0.3173039815531308	72.73203420994035	1.6907401680576581	73.12379488746677	65.96966704655478	0.516633064516129	0.047631048387096774
13428	1	1033517	160	16	142922.78427007352	142922.78534088057	9207.842163523586	149381.73376178113	1.045191881229395	3.463865161855297	0.8757252672242306	1887980118.1656876	84784357.30836271	1803195451.3846216	0.6850992151196574	0.0	0.0	0.0	0.0010708070476539433	309.4727032184601	1.639173528581094e-07	63.63757137880083	140.201712946253	159.11659870969487	4.04992783790889e-09	0.0	50294.95094613284	0.3366874242203656	113.48896824577166	1.7665201584192523	113.77354206174148	65.96967804402517	0.5022681451612903	0.037298387096774195
13428	1	1033517	176	16	134843.10024385777	134843.10083411098	7823.210480730393	140041.92614521162	1.0385546304701687	3.2637830174717952	0.8483717336795554	1429079395.0858307	61202622.22580987	1367876614.1801298	0.6483405471373248	0.0	0.0	0.0	0.0005902532138861716	158.67989110946655	1.1103644182060033e-07	65.73864495538199	127.49293112497212	150.35208084879645	5.985874630969911e-09	0.0	46962.087884319604	0.33534305928791686	111.09360741592133	2.261580795344694	111.31547970924802	65.96967891542408	0.4962197580645161	0.05796370967741935
13428	1	1033517	192	16	319563.2453764757	319563.24409477506	17994.546076643124	332775.6607540565	1.0413452284289306	3.5305872971068895	0.8952324014966038	8618972594.753296	323803688.50443244	8295168210.615519	0.7212693615058734	0.0	0.0	0.0	0.001281700620893389	695.6333446502686	8.070954362631663e-08	83.16161982638397	188.96320158673484	234.28264269442468	2.6600368334074273e-08	0.0	114105.01949163136	0.34288871514416414	74.44118627686471	1.912062885572064	74.99181767225234	65.96966320692651	0.5022681451612903	0.0907258064516129
13428	1	1033517	208	16	35172.69661413912	35172.69649243217	2929.763730206214	37163.50663204586	1.0566010061652893	3.3824261231072303	0.847519805578315	144007638.0798428	8583515.51483183	135424132.46298656	0.6570944571198758	0.0	0.0	0.0	0.00012170694390079007	-9.897975593805313	6.873229591000954e-08	124.40023114849488	91.2732344936341	71.22863530199423	3.929392482479126e-09	0.0	194289.11321205637	5.227954250904319	2516.637816040116	34.46907927399921	2540.3738081929228	65.96968648856927	0.4969758064516129	0.042086693548387094
13428	1	1033517	224	16	79953.24499574876	79953.2452556034	3736.35281266836	82242.37582540757	1.0286308683253635	2.9584342364386464	0.8375375742748687	371286996.05735874	13960332.340734765	357326565.95253706	0.5980690594256994	0.0	0.0	0.0	0.000259854641626589	97.76408690214157	2.633113681337721e-07	54.85483510242897	97.3759028129554	108.30757944018075	1.7443067295071856e-08	0.0	46049.412061580995	0.5599231722463851	118.8440602427942	2.805586027845843	119.60261826649558	65.96968652705233	0.49243951612903225	0.09501008064516128
13428	1	1033517	240	16	29981.276330646917	29981.276294179046	2427.507376377244	31709.00652146462	1.0576269726399745	3.445047798705503	0.8628924549911403	106584164.16367674	5892792.06236593	100691390.48717642	0.6917539817474279	0.0	0.0	0.0	3.6467870813794434e-05	-18.38586561381817	1.7250091285215487e-07	126.35434985379283	82.93486412606923	65.2079473861103	2.98721062863382e-09	0.0	132292.9649414218	4.172094279461082	2139.3054032603836	26.67206202443351	2158.857530945071	65.96968760474081	0.5005040322580645	0.06955645161290322
13428	2	849441	0	1	0.0	0.0	10143.265021474359	10143.265021474359	nan	1.0	1.0	102885825.29586522	102885825.29586522	0.0	nan	0.0	0.0	0.0	0.0	0.0	0.0	194.64278733669465	163.2133758098072	221.3295752788203	7.574601923947956e-09	0.0	114338.68870353719	11.272375147236456	176.8905343182554	136.0547777269295	116.29916686922967	65.9696780602523	0.49848790322580644	0.0
13428	2	849441	16	1	0.0	0.0	21300.75872599269	21300.75872599269	nan	1.0	1.0	453722322.3029537	453722322.3029537	0.0	nan	0.0	0.0	0.0	0.0	0.0	0.0	247.36115267179036	221.78658669588776	303.9379141321194	6.5216211491849785e-09	0.0	428673.87371842336	20.124817084357517	174.58637169804373	174.790598784307	98.16596127605348	65.96967239191108	0.4967237903225806	0.0
13428	2	849441	32	1	0.0	0.0	33424.95288666489	33424.95288666489	nan	1.0	1.0	1117227475.4757679	1117227475.4757679	0.0	nan	0.0	0.0	0.0	0.0	0.0	0.0	226.50131466186446	256.4682857200397	338.02612678737137	6.636681197351785e-09	0.0	337874.7638052348	10.108458951788597	142.90792504005628	104.94962503598181	86.61539984884608	65.96967170016667	0.5078125	0.0
13428	2	849441	48	1	0.0	0.0	16891.726965392874	16891.726965392874	nan	1.0	1.0	285330439.8733808	285330439.8733808	0.0	nan	0.0	0.0	0.0	0.0	0.0	0.0	209.9154193904788	201.70812047254847	277.4583990973972	8.255860001265729e-10	0.0	175090.43219786364	10.36545478437096	139.37584708909694	119.33893839836136	92.6312316540313	65.96967607710172	0.4944556451612903	0.0
13428	2	849441	64	1	0.0	0.0	1918.9477828514414	1918.9477828514414	nan	1.0	1.0	3682360.5933104623	3682360.5933104623	0.0	nan	0.0	0.0	0.0	0.0	0.0	0.0	122.1801381730969	70.18697493884397	67.37897648462743	3.712626522846573e-09	0.0	12957.30815097049	6.752298459236545	1587.965803184961	80.32828185073639	1646.1961818000075	65.96968753719607	0.5078125	0.0
13428	2	849441	80	1	0.0	0.0	20674.507794988815	20674.507794988815	nan	1.0	1.0	427435272.5650532	427435272.5650532	0.0	nan	0.0	0.0	0.0	0.0	0.0	0.0	241.04765934219017	228.60688005016817	284.77074495225173	9.73100605366563e-09	0.0	351147.85832383647	16.984581265000138	163.63830154345447	152.3146245843982	99.71092300465362	65.9696790941911	0.5065524193548387	0.0
13428	2	849441	96	1	0.0	0.0	20085.418282475926	20085.418282475926	nan	1.0	1.0	403424027.58201826	403424027.58201826	0.0	nan	0.0	0.0	0.0	0.0	0.0	0.0	225.66059247912546	218.90105572246492	281.8649836984972	6.864415133775192e-09	0.0	249104.66461846948	12.402264231618101	129.80968741514158	117.92600141544347	88.28928513077906	65.96967066940631	0.49722782258064513	0.0
13428	2	849441	112	1	0.0	0.0	23017.322392233753	23017.322392233753	nan	1.0	1.0	529797130.10802525	529797130.10802525	0.0	nan	0.0	0.0	0.0	0.0	0.0	0.0	244.351996902448	228.5692485814899	307.9956110018493	2.847894215959135e-09	0.0	439113.6577638747	19.077530055640114	164.74984806432275	163.22934301594412	96.06083632675367	65.9696757737749	0.49798387096774194	0.0
13428	2	849441	128	1	0.0	0.0	25730.425407219383	25730.425407219383	nan	1.0	1.0	662054791.6364808	662054791.6364808	0.0	nan	0.0	0.0	0.0	0.0	0.0	0.0	204.2424393830816	223.25876691208404	302.951466088991	4.0836054048402675e-10	0.0	277445.55394807184	10.782781440024218	167.64316926568245	137.13444154009449	99.33123692289227	65.96966870314684	0.49899193548387094	0.0
13428	2	849441	144	1	0.0	0.0	24450.302365799616	24450.302365799616	nan	1.0	1.0	597817285.7790263	597817285.7790263	0.0	nan	0.0	0.0	0.0	0.0	0.0	0.0	250.68342804361862	232.26695991237926	320.54111195231127	5.606112553803651e-10	0.0	295295.5942858982	12.077380086385308	142.9160573104846	133.90275301660282	83.35384012081771	65.96967342223739	0.4949596774193548	0.0
13428	2	849441	160	1	0.0	0.0	17142.027231526943	17142.027231526943	nan	1.0	1.0	293849097.6064113	293849097.6064113	0.0	nan	0.0	0.0	0.0	0.0	0.0	0.0	208.7313925298965	207.93791524260953	252.6910555372759	2.343894068998826e-08	0.0	203420.44159878357	11.86676695546712	214.4594610001103	138.0110127556637	142.63995082474648	65.96967727953755	0.501008064516129	0.0
13428	2	849441	176	1	0.0	0.0	24208.231666665364	24208.231666665364	nan	1.0	1.0	586038480.4269397	586038480.4269397	0.0	nan	0.0	0.0	0.0	0.0	0.0	0.0	257.95598410620494	231.81834863046925	324.47700668811564	1.2843041281006217e-08	0.0	294986.86272741266	12.185394898449374	145.61311316619762	138.48506571176236	81.79813616530282	65.96966683784355	0.4921875	0.0
13428	2	849441	192	1	0.0	0.0	37172.921233316825	37172.921233316825	nan	1.0	1.0	1381826073.0183768	1381826073.0183768	0.0	nan	0.0	0.0	0.0	0.0	0.0	0.0	213.5901673006244	252.470057401967	364.0286702775052	6.7590561828891065e-09	0.0	271545.919162368	7.304938948474866	118.37142692206832	99.44354451371639	68.12544777706785	65.96966264403359	0.5017641129032258	0.0
13428	2	849441	208	1	0.0	0.0	27758.311489659096	27758.311489659096	nan	1.0	1.0	770523856.7569401	770523856.7569401	0.0	nan	0.0	0.0	0.0	0.0	0.0	0.0	240.86988245943675	257.80740947936806	332.3312735875244	1.0908828201051893e-08	0.0	276839.3354348221	9.973205125638962	122.35655912497535	100.69617019455622	76.34192377580649	65.96966663915548	0.5005040322580645	0.0
13428	2	849441	224	1	0.0	0.0	35664.85300484014	35664.85300484014	nan	1.0	1.0	1271981739.8568544	1271981739.8568544	0.0	nan	0.0	0.0	0.0	0.0	0.0	0.0	191.62372246325359	246.04160077186543	348.33030077350213	1.0903213799006214e-09	0.0	260894.87118915678	7.315181432285107	116.10192466858598	94.20790047603988	71.79739463152234	65.96966266083909	0.5012600806451613	0.0
13428	2	849441	240	1	0.0	0.0	37419.58267607524	37419.58267607524	nan	1.0	1.0	1400225167.65163	1400225167.65163	0.0	nan	0.0	0.0	0.0	0.0	0.0	0.0	208.96440493125667	257.9289426771796	355.5931772015321	3.31832108663872e-08	0.0	294208.72992759	7.862426783525675	116.70856571552372	97.27858855588198	67.73760264483562	65.96966064436187	0.5015120967741935	0.0
13428	2	849441	0	2	10143.265021474359	10143.265023342552	7963.0592943949505	16498.328629285985	1.6265303720604054	1.2793779679724253	0.9111914898611424	169309022.26405233	63410313.32604981	105898711.37256873	0.6555456762921029	0.0	0.0	0.0	1.8681930669117719e-06	-2.4345661997795105	1.4379423891436749e-08	82.48354476915523	129.17923167255728	141.06069290274706	1.4412790677010609e-08	0.0	76569.93876636615	4.641072458568121	116.29916686922967	28.377977537103312	114.87609000846665	65.96968109024343	0.5017641129032258	0.17565524193548387
13428	2	849441	16	2	21300.75872599269	21300.758777932446	12200.20561078502	28721.102973845747	1.3483605604526296	1.170033563407192	0.8573216784185349	371179433.73129725	148845016.94543028	222334420.93376422	0.4277740976513172	0.0	0.0	0.0	5.193975448491983e-05	-4.147897243499756	1.1174911286982795e-08	141.07085808065608	168.42407851443207	169.1269880740261	8.015088751657745e-09	0.0	274919.4037697477	9.572035025067658	98.16596127605348	57.966169529022714	88.23090205415255	65.96967538179887	0.5131048387096774	0.4324596774193548
13428	2	849441	32	2	33424.95288666489	33424.9532385113	22850.717816142023	53124.74932720108	1.5893739478805835	1.3120691047899833	0.9440091724140274	1705011515.602184	522155304.7129505	1182856168.449111	0.7743392754035637	0.0	0.0	0.0	0.00035184640728402883	42.44012260437012	2.489139939291314e-08	98.0111022957008	203.458406590255	229.31614464662752	5.227367420090709e-09	0.0	307507.2792281306	5.788399638704766	86.61539984884608	36.41870865565765	84.54421007083006	65.96966746290914	0.5171370967741935	0.265625
13428	2	849441	48	2	16891.726965392874	16891.726933696715	9353.78841018176	23586.982359003614	1.3963629892507572	1.221576218535619	0.8987052462667514	271015296.9305669	87493357.62245062	183521940.1277902	0.5807596065735164	0.0	0.0	0.0	3.1696159567218274e-05	-0.8196739256381989	3.0244563126936566e-09	96.34815943953167	145.1763693078255	148.9929273735379	9.462428127474894e-10	0.0	121544.74122353815	5.153043306434936	92.6312316540313	30.868296655187407	91.7310427789565	65.96967584663997	0.4967237903225806	0.34904233870967744
13428	2	849441	64	2	1918.9477828514414	1918.9477861718453	1950.0501277462472	3852.755369709021	2.0077437250450125	1.4082310140389513	0.9958018739570323	11161363.345511233	3802695.500723155	7358667.921461651	0.9832416699167208	0.0	0.0	0.0	3.3204039482370717e-06	-0.07667357288300991	6.869552626278915e-09	123.31100564127104	69.74756110390494	66.75307975283172	4.437832128887252e-09	0.0	24728.265847822364	6.418332693537207	1646.1961818000075	72.25567867651604	1701.6279228269295	65.96969542520942	0.49949596774193544	0.004032258064516129
13428	2	849441	80	2	20674.507794988815	20674.50787746661	11120.373617337216	27551.249768524794	1.332619380433463	1.1736183562523654	0.8665309806075863	331636091.2425842	123662709.3891696	207973376.91078782	0.45229645988130757	0.0	0.0	0.0	8.247779624070972e-05	4.942626804113388	1.49037663108204e-08	136.01278163182397	158.881884154136	158.3658739354445	1.6064813260025832e-08	0.0	261252.25403499207	9.482410327929658	99.71092300465362	50.88903005334985	94.26920619517189	65.9696705371419	0.5037802419354839	0.3621471774193548
13428	2	849441	96	2	20085.418282475926	20085.418272685354	7562.758704964763	23822.296866585893	1.186049328500682	1.109973332483528	0.8616226985745672	164077800.41772974	57195319.22952029	106882484.74213088	0.3518158662506018	0.0	0.0	0.0	9.790572221390903e-06	-3.5539214313030243	2.1659977292814796e-08	131.9155971920321	128.01242632337573	136.23039752509447	3.314714039418845e-09	0.0	173235.45078431623	7.271987753542539	88.28928513077906	41.87875479220962	88.71574402673653	65.96967327302134	0.502016129032258	0.3865927419354839
13428	2	849441	112	2	23017.322392233753	23017.322435295056	13462.074594034273	31548.79302916762	1.3706543485619536	1.1831517242567975	0.8648386660844083	465529211.4892302	181227452.37534302	284301755.7103425	0.4587570504806451	0.0	0.0	0.0	4.306130358600058e-05	3.4035446643829346	7.311130172680203e-09	136.59762837954074	173.33694234886138	177.47951171691733	1.4884704704092498e-08	0.0	277216.67839409393	8.786918676975791	96.06083632675367	53.81607508701115	87.16737269515748	65.96967529384543	0.5045362903225806	0.4284274193548387
13428	2	849441	128	2	25730.425407219383	25730.425715356887	17808.909834071572	40713.427122118606	1.5823068012973982	1.3010658696496948	0.9350952855960838	995528356.3915823	317157269.4780912	678371060.0856428	0.7402066964596636	0.0	0.0	0.0	0.00030813750345259905	26.827848196029663	2.6948351620310017e-08	111.27901370799826	178.4472829582788	196.04740500964715	2.440701881027091e-09	0.0	238359.06964534812	5.85455669437721	99.33123692289227	34.98661494192966	98.59889114295952	65.9696722747136	0.5141129032258064	0.2482358870967742
13428	2	849441	144	2	24450.302365799616	24450.302340435515	15047.170353163929	34449.53800639122	1.4089616353611336	1.1999357032827707	0.8721960073625494	588953383.0747669	226417335.63713545	362536050.90160596	0.4926995124057104	0.0	0.0	0.0	2.5364101020386443e-05	-3.4639745354652405	5.881576768233783e-09	127.5632566614946	174.78631712154134	189.17305813281544	1.4919370521891123e-08	0.0	198431.4841613981	5.760062275500308	83.35384012081771	41.797279884156104	81.73400721295494	65.96966548196926	0.49798387096774194	0.3883568548387097
13428	2	849441	160	2	17142.027231526943	17142.02737889088	12671.34937272933	27751.666488570394	1.618925586440011	1.3018593898264579	0.9308461385285846	476305895.2864298	160563094.92576796	315742796.48049664	0.7268058356132485	0.0	0.0	0.0	0.00014736393859493546	3.880165219306946	8.146372441965225e-09	85.19476769688781	158.57747717120898	181.0887927810455	2.1603119438578748e-08	0.0	138994.0230867222	5.0084927886808375	142.63995082474648	32.267998341401714	144.3657131981308	65.96968217916206	0.508820564516129	0.20715725806451613
13428	2	849441	176	2	24208.231666665364	24208.23172763534	16231.357918449778	34844.64255355141	1.4393716580931577	1.1955162471577963	0.8616467899658631	628110634.2578261	263456979.8768223	364653661.9322306	0.4640156850077338	0.0	0.0	0.0	6.096997458371334e-05	-7.551226794719696	1.2022128559632183e-08	135.1729631115968	181.99485611620324	195.25404623161975	3.822440522859116e-10	0.0	204276.98343016687	5.862507646851778	81.79813616530282	42.04002959290027	79.88041279922093	65.96966821191879	0.4949596774193548	0.3712197580645161
13428	2	849441	192	2	37172.921233316825	37172.921075176215	22070.215869216077	54932.02852330667	1.4777431178605613	1.2706625283205215	0.9272302448844845	1635701684.6670008	487094428.5137971	1148607272.5020616	0.7000165299612283	0.0	0.0	0.0	0.00015814061043784022	-16.348857879638672	9.995011946794567e-09	97.63864932525703	198.40310952266782	221.90667060422595	9.197948667468915e-09	0.0	195337.73007354257	3.555989730207994	68.12544777706785	25.783590396772084	70.84239238660304	65.9696622851569	0.5022681451612903	0.2469758064516129
13428	2	849441	208	2	27758.311489659096	27758.311423016246	13749.614043701235	37797.35256700734	1.3616589244301882	1.2201739566569207	0.9106056754541789	658116004.3177164	189051886.3507462	469064116.3000337	0.6144954384546785	0.0	0.0	0.0	6.664284956059419e-05	1.666936457157135	2.532891536174212e-09	122.25680199797632	172.74774263010866	185.70886828416204	1.0785594945836678e-09	0.0	229779.8618798078	6.079258124291763	76.34192377580649	35.7721973242446	76.02727913077825	65.96966166170843	0.5032762096774194	0.3429939516129032
13428	2	849441	224	2	35664.85300484014	35664.85256405336	19516.646412586706	51074.18099745686	1.432059203791629	1.25626305416353	0.925567111018501	1336590224.7041292	380899487.1939335	955690749.7152649	0.6865019256150015	0.0	0.0	0.0	0.0004407867745612748	-12.205069184303284	9.131496668700406e-09	99.79921444862354	186.52671293270154	206.95929650009242	7.517515837904785e-09	0.0	166444.77356315794	3.2588828868561097	71.79739463152234	28.64500491193083	76.16077991140332	65.96966185377808	0.5012600806451613	0.2721774193548387
13428	2	849441	240	2	37419.58267607524	37419.582265719626	21510.066617287077	54551.3348104654	1.4578285194330507	1.2638911193922382	0.9257026889622084	1575622961.9518642	462682965.8801279	1112940058.4164152	0.6913549686411934	0.0	0.0	0.0	0.00041035561298485845	-62.34467887878418	3.95682726034611e-08	92.98562682982231	192.6059450697419	226.2444599248474	1.0533325889196305e-08	0.0	208114.24676000958	3.8150166060020654	67.73760264483562	32.913434359801684	72.9376494319651	65.96966560670349	0.49899193548387094	0.2626008064516129
13428	2	849441	0	3	16498.328629285985	16498.328720728143	10906.404877857049	26211.656923496445	1.5887462004465378	1.5519754288738241	0.903453678848124	414856111.11516154	118949667.35974404	295906436.9818285	0.8222480431884677	0.0	0.0	0.0	9.144215800915845e-05	6.773588955402374	1.632756219305654e-08	70.87613809000698	150.5788075345934	157.39615574578127	1.9981019100839042e-08	0.0	81393.46446117305	3.1052391702117066	114.87609000846665	17.673459001379914	116.79041609013561	65.96967589731237	0.5118447580645161	0.07963709677419355
13428	2	849441	16	3	28721.102973845747	28721.103094663722	14294.64673619876	40704.74639962194	1.4172417555373427	1.4329599352836992	0.8516419287426228	831974623.423284	204336925.31271785	627637689.6694813	0.764371483567847	0.0	0.0	0.0	0.00012081797467544675	8.441084861755371	1.0145844144889018e-08	88.82492591814078	158.55498908922277	194.28660904105797	1.4463082613735177e-08	0.0	164938.4074557738	4.052068162555914	88.23090205415255	25.292169176410066	92.26056520687439	65.96967260791321	0.5037802419354839	0.21295362903225806
13428	2	849441	32	3	53124.74932720108	53124.74964792399	19480.98652539261	70287.27322091899	1.3230607976710076	1.564300532026254	0.9278032557481347	2118061785.7541633	379508836.0025284	1738552860.118833	0.8399434770566254	0.0	0.0	0.0	0.0003207229092367925	89.63280177116394	4.231831307945015e-08	93.95343139067485	186.70614191569976	205.68855886217372	8.91179221895485e-09	0.0	243698.68672400265	3.4671808432226956	84.54421007083006	17.937247519759236	83.60901234341604	65.96967150699204	0.517641129032258	0.1675907258064516
13428	2	849441	48	3	23586.982359003614	23586.98236078309	12075.823770685369	34153.1384869128	1.4479655755487466	1.4996631287487805	0.8912302974737248	610091131.702297	145825519.74064982	464265616.01929235	0.8149807976750062	0.0	0.0	0.0	1.7794773157220334e-06	-4.057645201683044	6.650883762826162e-09	79.88797529520002	158.28889270441488	170.9758517337738	3.121748898078879e-09	0.0	96651.37904111363	2.829941350664053	91.7310427789565	17.89756949995946	95.09179893964226	65.96967700365481	0.49067540322580644	0.15297379032258063
13428	2	849441	64	3	3852.755369709021	3852.755359523126	1998.6140124902108	5811.448561630007	1.5083876353325065	1.7152311130733875	0.99042824198429	18929210.44564978	3994457.9709222205	14934752.149708688	0.9697675833467313	0.0	0.0	0.0	1.0185895007452928e-05	0.32501887157559395	1.7170228653160133e-08	124.63983924865717	70.17873493375922	66.49932945902448	1.2622590103772594e-08	0.0	35732.75005623978	6.148682143334018	1701.6279228269295	65.2573655329793	1753.363588048311	65.96969083992535	0.5012600806451613	0.0
13428	2	849441	80	3	27551.249768524794	27551.24985690364	11378.424625167721	36927.71854205555	1.3403282556075788	1.415523826544523	0.8553368257224907	604585032.9136355	129468546.9506232	475116484.04916126	0.7577861448785804	0.0	0.0	0.0	8.837884524837136e-05	1.913851022720337	3.1655613661109753e-09	95.63013956916339	154.71684290219576	164.90438739295317	1.4918313612706777e-08	0.0	160235.4156392289	4.33916368733477	94.26920619517189	25.49342677064359	99.5682369462267	65.96967446210914	0.5100806451612903	0.1736391129032258
13428	2	849441	96	3	23822.296866585893	23822.29704642041	10115.657845396425	31605.806129214376	1.3267321075805223	1.3320899418624748	0.8369331734745303	431425153.0777371	102326533.64513025	329098611.92055583	0.6828389532927723	0.0	0.0	0.0	0.00017983451834879816	7.512050986289978	1.7412176672361072e-08	109.54471504156312	148.2752948846551	149.9699929434956	5.149169448280075e-09	0.0	124262.72468249298	3.9316423208417337	88.71574402673653	25.279636491182035	92.02381575171017	65.9696732334234	0.4977318548387097	0.20161290322580644
13428	2	849441	112	3	31548.79302916762	31548.793142150484	16634.42239110793	46077.8439070878	1.460526361959005	1.4661328908050673	0.8675302293684202	1127841357.528693	276704008.28579295	851137332.0902143	0.810922159724355	0.0	0.0	0.0	0.00011298286335659213	17.15268576145172	1.520842062312416e-08	80.61139927996796	171.3511087161017	207.9464601888843	4.875308665021075e-09	0.0	159158.7465691031	3.4541274963271076	87.16737269515748	20.484960558162502	90.3271366697905	65.96967211360992	0.4889112903225806	0.21295362903225806
13428	2	849441	128	3	40713.427122118606	40713.42746639166	17296.54412035122	55829.69122958089	1.3712844920208151	1.5614742170390432	0.9177099405056393	1459371274.7622778	299170438.5072564	1160200803.6676016	0.8237703612074773	0.0	0.0	0.0	0.00034427305217832327	32.58741998672485	2.2329766626407755e-08	109.0397654797207	178.16481445012695	185.29320189457624	1.6125977139009566e-08	0.0	217671.92248983955	3.898855902902515	98.59889114295952	22.52766743203055	99.40118271538957	65.96967216614661	0.5269657258064516	0.17389112903225806
13428	2	849441	144	3	34449.53800639122	34449.53784653692	20151.811996219407	52298.95820710065	1.5181323533975384	1.4910156597460704	0.876774272429601	1548410360.6942673	406095526.7309724	1142314854.8300493	0.8227318796860098	0.0	0.0	0.0	0.00015985430218279362	-20.866754293441772	1.3476243005817694e-08	97.59115578561064	200.58503658371447	214.17597796357032	6.461910019675517e-09	0.0	162345.54801686492	3.1041831858167135	81.73400721295494	23.173614555042953	81.65511693557492	65.96966633634001	0.5030241935483871	0.1544858870967742
13428	2	849441	160	3	27751.666488570394	27751.66648050711	13157.181669917125	38964.59702090733	1.4040453043407326	1.5554467566543069	0.9067742795495917	748084828.1088591	173111429.49520317	574973394.0754199	0.7873463425531664	0.0	0.0	0.0	8.063285349635407e-06	4.538236021995544	6.066472479422018e-09	102.01861120244463	159.69290131773403	168.93245344935755	4.4477831263861724e-10	0.0	151492.42340213162	3.8879505269156813	144.3657131981308	22.512680310090474	147.90699630030466	65.96968672519567	0.5113407258064516	0.15751008064516128
13428	2	849441	176	3	34844.64255355141	34844.64248564576	22215.47787991409	54859.45496472119	1.5744014271465052	1.4969585554103833	0.8755788986316366	1795410684.341507	493527457.4329522	1301883212.131135	0.8409116289340051	0.0	0.0	0.0	6.790565385017544e-05	14.777419805526733	8.230662730486406e-09	90.63012631953306	209.05092973879107	230.74615671297568	8.95866196166181e-09	0.0	173076.5344390845	3.1549080248084307	79.88041279922093	23.27090058336588	79.98251852835982	65.96966346055862	0.5050403225806451	0.14264112903225806
13428	2	849441	192	3	54932.02852330667	54932.028248560964	25140.05815898542	78329.44123742233	1.4259338921771032	1.56629344158566	0.9282587723143886	3117973606.8814216	632022524.2371694	2485951131.511242	0.9000583777114748	0.0	0.0	0.0	0.00027474570379126817	-48.866989612579346	1.567267583815625e-08	87.76482823117045	214.03828033592046	238.0365100890045	7.614901075977792e-09	0.0	199992.5640317497	2.553223422251964	70.84239238660304	20.381298105020267	71.64715902153428	65.96966563624989	0.5050403225806451	0.08870967741935484
13428	2	849441	208	3	37797.35256700734	37797.35261283562	14886.366846325296	50437.62412263732	1.3344221406306496	1.4675626178508274	0.8943746254152127	1115314066.061789	221603917.88337293	893710181.6274946	0.7941757295332721	0.0	0.0	0.0	4.5828273869119585e-05	-33.4490784406662	2.99907258937171e-08	92.86209794610862	172.76285252215118	190.35335119116502	1.5227990049441918e-08	0.0	155260.60091754977	3.0782695122496886	76.02727913077825	17.263047733455664	77.91001133989256	65.96967217000895	0.4992439516129032	0.15877016129032256
13428	2	849441	224	3	51074.18099745686	51074.18033157421	22237.98614173433	71582.0421335246	1.4015308857735553	1.544708988982989	0.9245998163966641	2515416791.444708	494528027.63996816	2020888784.4749155	0.8896425723999466	0.0	0.0	0.0	0.0006658826532657258	-20.670175790786743	8.21739596439404e-09	92.43839674522475	204.9231811483969	217.74969550444152	6.770765542034164e-09	0.0	171557.35496729065	2.39665354459068	76.16077991140332	21.719880077553142	74.40298863297339	65.96966462537075	0.5103326612903226	0.07711693548387097
13428	2	849441	240	3	54551.3348104654	54551.3346227485	22745.967315287082	75457.71224052286	1.3832422708389287	1.5466389986173465	0.9238707385838324	2718018206.970059	517379029.10810816	2200639155.5011797	0.8867660328561294	0.0	0.0	0.0	0.0001877168979262933	22.36077117919922	8.226865854635366e-09	88.07310210601753	203.43127083572944	224.53333695832958	1.084348963445679e-08	0.0	204965.18981865063	2.7162921234235307	72.9376494319651	23.99064045266772	71.02676115343125	65.96966329741024	0.4992439516129032	0.06930443548387097
13428	2	849441	0	4	26211.656923496445	26211.65689099076	13015.776935435793	38419.10092659987	1.465725766163242	1.801795973805162	0.9141200690914437	788976357.3331883	169410449.2330224	619565916.5250869	0.9080148501357818	0.0	0.0	0.0	3.250568624935113e-05	-8.424921035766602	1.0678293408237985e-08	64.64592067941312	167.16668774901987	174.4819722639932	2.877833660184937e-09	0.0	96696.47902802847	2.5168854808204997	116.79041609013561	14.417473479341336	117.62486428937424	65.96967666983605	0.506804435483871	0.057459677419354836
13428	2	849441	16	4	40704.74639962194	40704.74676683974	14051.679304035397	53331.224467985834	1.3101967014952627	1.6828219101017414	0.8623049472804166	1187343123.797156	197449691.2634567	989893381.1047595	0.8653367296516495	0.0	0.0	0.0	0.00036721779906656593	51.42893993854523	4.331430309216266e-08	75.08187872996375	161.59295966665383	200.65732859461906	7.068641265530265e-11	0.0	152132.74631068003	2.852601784617448	92.26056520687439	15.965948593783637	92.59101562686924	65.96967259896029	0.5095766129032258	0.14188508064516128
13428	2	849441	32	4	70287.27322091899	70287.27360380674	20073.94390136769	88565.1753750421	1.260045685606185	1.7996536535779952	0.9241847002013278	2903489512.3798504	402963223.755257	2500526309.408053	0.8861189595745262	0.0	0.0	0.0	0.00038288775249384344	-20.783459663391113	7.158097032820316e-09	87.02839816976966	193.82440637616713	211.29741935101202	1.316017048606113e-09	0.0	351685.18871758506	3.9709195603844902	83.60901234341604	22.253281314673004	82.12445117760126	65.96966797329871	0.5181451612903226	0.10282258064516128
13428	2	849441	48	4	34153.1384869128	34153.13854606005	14236.087046761506	47391.457810470616	1.3876164800675823	1.764564096670867	0.9017081170683958	1079513404.8953714	202666174.40297073	876847230.2916255	0.9017220383878861	0.0	0.0	0.0	5.91472489759326e-05	0.200775146484375	1.85986709913838e-10	71.15227417633608	175.216672960121	189.5812348101523	4.041564792967041e-09	0.0	113957.79653036677	2.4046062854816737	95.09179893964226	14.631007728261977	95.61281660922421	65.96968030474014	0.49243951612903225	0.0859375
13428	2	849441	64	4	5811.448561630007	5811.448543456478	2052.1646641604993	7795.5863181784935	1.341418793525718	1.9679993116758587	0.9843189681297496	26998231.659700245	4211379.808828974	22786852.319052503	0.9553395115700626	0.0	0.0	0.0	1.8173529497289564e-05	-0.46818123012781143	1.7341181305094764e-08	125.82636177738357	71.08529584131183	66.37343723637352	2.8111197640119096e-08	0.0	46020.39018573286	5.903390464719066	1753.363588048311	59.20583376556419	1801.1552199929042	65.96969476784184	0.4987399193548387	0.0
13428	2	849441	80	4	36927.71854205555	36927.718871268036	12179.25323186408	47630.715571459514	1.289836400730111	1.6543821777928962	0.8604970790903793	905028669.1280026	148334209.28587165	756694430.4356663	0.8412351297297642	0.0	0.0	0.0	0.0003292124893050641	29.40646469593048	3.2492301845270474e-08	86.6923278653175	163.21915847009424	179.67378547164492	2.946657057711626e-09	0.0	195079.942385698	4.095675272872738	99.5682369462267	23.102696356246305	99.53843640047461	65.96967476830187	0.509828629032258	0.07762096774193548
13428	2	849441	96	4	31605.806129214376	31605.806307285296	13931.46119770807	44260.34729882029	1.4003865972559033	1.608636225063408	0.8561774609563739	960051361.9347038	194085611.10324556	765965735.9269592	0.8697927895473643	0.0	0.0	0.0	0.00017807092081056908	14.904499173164368	1.5524689369877767e-08	84.1655921205188	177.74794110389757	182.2293097359722	8.233848498660632e-09	0.0	171952.6412185011	3.885026918643348	92.02381575171017	26.651717689076236	92.4998433312193	65.9696728020855	0.4939516129032258	0.09702620967741936
13428	2	849441	112	4	46077.8439070878	46077.84421927153	16141.113076932608	60790.83017453736	1.3193071771569236	1.7206194591745343	0.8777834014154088	1572357334.183494	260535531.36232486	1311821786.79103	0.88189973399411	0.0	0.0	0.0	0.000312183728965465	16.030139207839966	1.019497213473057e-08	73.48730276531538	171.2145451538498	210.32728627741136	1.559564973672465e-08	0.0	160807.06552549475	2.6452520137675117	90.3271366697905	14.836383146416978	91.52956545112966	65.96967005792881	0.49798387096774194	0.1376008064516129
13428	2	849441	128	4	55829.69122958089	55829.691614022064	19498.850191480313	73965.05206680621	1.324833622357855	1.8161735753862263	0.9207107869566644	2353874504.455012	380205158.78979176	1973669280.6078699	0.9065048965279776	0.0	0.0	0.0	0.0003844411767204292	65.0573501586914	2.7638410644051736e-08	81.89373266287888	193.9593652436682	204.16403879953089	9.907580507601483e-09	0.0	268975.75997184345	3.636525022680225	99.40118271538957	20.252609799018032	98.9509408832443	65.96967273712798	0.5120967741935484	0.09929435483870967
13428	2	849441	144	4	52298.95820710065	52298.958515110506	21087.214567478368	71673.19438828924	1.3704516656807542	1.7512544661064569	0.8877421615390936	2401865764.2734346	444670618.2148719	1957195112.9742894	0.8873436985491833	0.0	0.0	0.0	0.0003080098540522158	33.08427333831787	1.3774405643491853e-08	87.74437958087039	208.0427312911802	222.9754372429415	1.7721690592873547e-08	0.0	209647.2307441629	2.9250437611974576	81.65511693557492	17.151661002393613	82.58143245557946	65.96967032722422	0.5073084677419355	0.0924899193548387
13428	2	849441	160	4	38964.59702090733	38964.59709331491	14690.63561374763	52477.461088236	1.346798506861961	1.807057110505257	0.9101001479476662	1235644101.2656233	215814774.7359102	1019829319.8593562	0.890813359524001	0.0	0.0	0.0	7.24075798643753e-05	6.67035698890686	5.398283358512914e-09	86.25113059306108	171.63154313623392	181.91825483055106	1.805418284981897e-08	0.0	154119.7975743204	2.936876045653851	147.90699630030466	19.280716062207276	147.40692813072502	65.96968166609831	0.5078125	0.07056451612903225
13428	2	849441	176	4	54859.45496472119	54859.45516640684	22803.317970642187	75963.49652753874	1.3846928770325746	1.759935942602233	0.8888945905106065	2760893005.6631174	519991310.47021294	2240901652.341035	0.8956601831237453	0.0	0.0	0.0	0.00020168565242784098	42.85186958312988	1.5521017835617874e-08	83.18167575703991	214.62070857863466	238.25061423916478	6.16536213954064e-09	0.0	230181.83090489687	3.030163698510162	79.98251852835982	17.93089209071143	81.17964733407328	65.96966502736424	0.5057963709677419	0.08492943548387097
13428	2	849441	192	4	78329.44123742233	78329.44157523444	27743.06104531109	104985.32708562833	1.3403048129426844	1.8357499746668857	0.9363134964422589	4886417538.709566	769677436.1638576	4116739994.958767	0.947205116159218	0.0	0.0	0.0	0.000337812103680335	107.58694171905518	2.2017549844393233e-08	81.70706840004848	221.50111649932597	265.81031717453027	1.5706539053922804e-08	0.0	259338.89464197442	2.4702394467069553	71.64715902153428	16.0376994141259	73.48817928666615	65.96966483419585	0.516633064516129	0.029989919354838707
13428	2	849441	208	4	50437.62412263732	50437.624185159766	15943.943874739494	64707.5637819785	1.2829225188054918	1.707930684644895	0.8945139822650868	1643114883.4623694	254209346.28084302	1388905498.8357596	0.8635596137270315	0.0	0.0	0.0	6.252244929783046e-05	38.34576678276062	2.3337240243334946e-08	82.61830671837807	180.1990813569243	203.9018087246101	1.528835822444056e-08	0.0	173960.97633343335	2.6884179393335184	77.91001133989256	16.386171054692117	78.65903511962588	65.96966807123604	0.4987399193548387	0.0955141129032258
13428	2	849441	224	4	71582.0421335246	71582.04241198864	26914.544510413074	97514.91925526282	1.3622818845174138	1.8196749713420435	0.9346415468686088	4385170721.354736	724392706.2030065	3660778139.0489225	0.9500627563242158	0.0	0.0	0.0	0.0002784640382742509	-123.89719295501709	2.8253676043139503e-08	80.00674666686213	221.24708224616884	256.3126917957385	6.559115108199139e-09	0.0	229457.22242051916	2.3530473554879987	74.40298863297339	16.0315184632738	75.48445120165844	65.96966802727292	0.508820564516129	0.03125
13428	2	849441	240	4	75457.71224052286	75457.7118013854	27276.34474199516	101647.10598065886	1.3470737842761098	1.8185264276073403	0.9329534293882403	4638267817.669743	743998982.4841669	3894268767.311861	0.9460326465083292	0.0	0.0	0.0	0.0004391374532133341	67.87371444702148	1.4633418576748144e-08	79.368291135059	218.52804238975418	265.6467882935899	1.1817000532408621e-08	0.0	276518.76674920804	2.7203801318574357	71.02676115343125	17.837171205289103	71.88860335975218	65.96966420229589	0.5085685483870968	0.020917338709677418
13428	2	849441	0	5	38419.10092659987	38419.101123503926	13086.901529204735	50926.273633392804	1.325545689647658	2.035548049489021	0.9239934130408606	1117458030.1749315	171266991.63510126	946191015.4648598	0.9409461940933217	0.0	0.0	0.0	0.00019690405315486714	23.074970364570618	2.064951858725143e-08	67.74504778774835	168.15182492991087	181.55462312235886	3.0232738847095124e-08	0.0	101449.87105213736	1.992092941426242	117.62486428937424	11.450587736545067	117.26112590075479	65.96967858587965	0.501008064516129	0.04561491935483871
13428	2	849441	16	5	53331.224467985834	53331.2247994704	14140.261316419652	66143.81910077404	1.2402456489721039	1.9059949843175517	0.87045598425948	1530785301.9812298	199946990.09663403	1330838315.0874972	0.8823813228845768	0.0	0.0	0.0	0.00033148456714116037	-3.2029013633728027	2.092325657443552e-09	83.62871767114177	164.88352238482864	203.49319257532497	9.378124012429993e-09	0.0	210468.92409171286	3.181989318265227	92.59101562686924	18.14685198654253	93.06981096056049	65.96966989264315	0.5090725806451613	0.12449596774193548
13428	2	849441	32	5	88565.1753750421	88565.17629665209	19498.57783209171	106612.19816038336	1.203771095229231	2.0140442393794764	0.9244165190478506	3522370507.3768826	380194537.47413826	3142175851.154765	0.9097761825886477	0.0	0.0	0.0	0.0009216099861077964	118.74797916412354	3.3712518008946035e-08	82.84730350227763	194.13841587900845	214.86692674554521	1.1394144442557669e-08	0.0	281131.3929020517	2.6369533716672917	82.12445117760126	14.931953498901485	81.77339675735335	65.96966920678639	0.5173891129032258	0.0672883064516129
13428	2	849441	48	5	47391.457810470616	47391.45813686968	14698.061754344886	61361.69399355535	1.2947838456237184	2.004226470137334	0.9123670925051725	1519307216.357111	216033019.33453587	1303274147.6729393	0.9355039936314461	0.0	0.0	0.0	0.0003263990656705573	49.34963583946228	3.248167013764958e-08	74.27529017027965	179.88953550116253	200.40734053571848	1.1212458638220772e-08	0.0	137346.52009705923	2.2383104635396296	95.61281660922421	12.966796240209128	94.90791189360128	65.96967590345102	0.49067540322580644	0.0703125
13428	2	849441	64	5	7795.5863181784935	7795.58631010922	2105.149366180358	9800.889483865778	1.2572357079814673	2.18486198828639	0.9776520574212968	35286268.63077909	4431653.8539295625	30854616.068151176	0.9400662285967564	0.0	0.0	0.0	8.06927346275188e-06	-1.291301652789116	3.659501848440712e-08	126.76005768370264	72.23508183582663	66.27561812764067	7.620225567990233e-09	0.0	55545.58938448947	5.667402908231301	1801.1552199929042	53.96937569801904	1845.0728669070577	65.96968869837022	0.4957157258064516	0.0
13428	2	849441	80	5	47630.715571459514	47630.71589246747	13202.870126354226	59598.37355071369	1.25125925226337	1.881642314178323	0.8693457845140621	1283281064.041133	174315779.57337686	1108965285.2822921	0.8817236613648681	0.0	0.0	0.0	0.00032100795942824334	-0.8145360946655273	6.347293024807066e-10	100.47273084242043	173.61724336417603	195.2717844699488	1.0744057733329572e-08	0.0	294439.8832355836	4.940401299835676	99.53843640047461	29.474253661585102	99.78936475797988	65.96968138572726	0.502016129032258	0.04334677419354838
13428	2	849441	96	5	44260.34729882029	44260.347628097705	15079.319803392891	58354.52362065063	1.3184379965813329	1.8598798629776656	0.8739027981197617	1446272083.9808836	227385885.732997	1218886173.4346704	0.9131383495565318	0.0	0.0	0.0	0.00032927741267485544	24.81321620941162	1.715667230547167e-08	94.60095925043457	186.58920571010592	205.36548455088598	5.418655959014439e-09	0.0	214145.7791251977	3.66973741288503	92.4998433312193	24.02751101967418	91.77183525149883	65.96967657752964	0.4904233870967742	0.09375
13428	2	849441	112	5	60790.83017453736	60790.8302943839	16135.863368572987	75620.05868289551	1.2439385753703602	1.946908809125961	0.8855762258001131	2022868241.8951187	260366086.64925557	1762502067.5338411	0.8983992000250746	0.0	0.0	0.0	0.00011984653974650428	87.71202206611633	4.336022497636502e-08	81.39125289805663	174.13632135695846	213.49971080619986	6.7627292326155814e-09	0.0	223947.5355446642	2.961483233408951	91.52956545112966	17.036925822312494	92.13717897488849	65.96967281199773	0.5103326612903226	0.10685483870967742
13428	2	849441	128	5	73965.05206680621	73965.05271276465	17843.921388900308	90790.14786984448	1.2274735883081869	2.0419078411732565	0.924744300300669	2772022022.982873	318405530.5332539	2453616418.856529	0.9295222738490576	0.0	0.0	0.0	0.0006459584401454777	73.59309005737305	2.654852286425278e-08	73.29320606182642	187.1223709434485	201.43137996526463	3.2719822575959727e-09	0.0	180548.71511898903	1.9886377548721426	98.9509408832443	11.496200939483447	98.08710646273539	65.96967829859082	0.5093245967741935	0.06048387096774194
13428	2	849441	144	5	71673.19438828924	71673.1945444647	20017.745217321855	90319.43860887854	1.2601564556976956	1.982429709602308	0.8964330888203288	3020554196.801483	400710123.585612	2619844078.8613386	0.9130057865313367	0.0	0.0	0.0	0.00015617546159774065	-5.645467281341553	1.8690170457195026e-09	87.90851557557527	206.45699879015905	221.52918986126465	1.2980677504694356e-08	0.0	225399.31283542476	2.4955791835399763	82.58143245557946	14.728327596166853	82.66949421728395	65.96966820163074	0.5040322580645161	0.061743951612903226
13428	2	849441	160	5	52477.461088236	52477.46147217282	14965.058530748021	66585.51524075297	1.268840257511612	2.0381599576874683	0.9168243303662014	1679746917.6092215	223952976.82871413	1455793910.5464199	0.9268696563151277	0.0	0.0	0.0	0.00038393682189052925	30.234087467193604	1.7999192110574423e-08	81.74047793434333	175.9472111762413	191.32564597238635	1.1727383941534684e-08	0.0	189856.20607822403	2.8513138963673614	147.40692813072502	17.871599632401203	145.59041127625017	65.96968745876895	0.5063004032258064	0.055191532258064516
13428	2	849441	176	5	75963.49652753874	75963.4965966182	21405.296382566143	95992.90734198409	1.2636715229029007	1.992428642388214	0.8982743782425223	3444185455.2773533	458186713.22549915	2985998563.7585344	0.9181917920939949	0.0	0.0	0.0	6.907946954015642e-05	178.29331970214844	5.176646902940679e-08	88.46418836282818	211.78672165512228	236.80076819797054	5.712999924766716e-09	0.0	239395.88333449097	2.493891364872068	81.17964733407328	15.185716137888043	81.5091234593867	65.969667768851	0.5073084677419355	0.055191532258064516
13428	2	849441	192	5	104985.32708562833	104985.32600061757	27003.691783337392	130906.2122145814	1.246900074977253	2.0698555680948596	0.9408916916273425	6114517493.092657	729199369.9294834	5385318104.469442	0.9497944390210414	0.0	0.0	0.0	0.0010850107646547258	18.6937313079834	3.0572700673603453e-09	88.02973710441513	218.4929705316189	272.3165346470286	2.8725041425315267e-09	0.0	240675.08323105017	1.8385306405228414	73.48817928666615	11.012152384667004	73.38296796030937	65.96966471285904	0.5108366935483871	0.05015120967741935
13428	2	849441	208	5	64707.5637819785	64707.564062307145	16369.849968750439	79704.2462065915	1.2317608877246848	1.9312038107380802	0.898500346474257	2165698052.7621403	267971987.99939877	1897726018.3976853	0.8957849594921272	0.0	0.0	0.0	0.0002803286479320377	46.36505627632141	2.1408827614351515e-08	89.00614266568479	186.63911602670512	213.30160215815383	1.9368742570721913e-08	0.0	212415.49491062236	2.665046147473256	78.65903511962588	16.39554141050179	79.14568569096417	65.96966724737722	0.4992439516129032	0.1045866935483871
13428	2	849441	224	5	97514.91925526282	97514.9187342419	27118.857573322704	123722.68450990756	1.2687564677774197	2.059975963435409	0.9411941169828907	5798143184.977694	735432436.0821623	5062710983.774179	0.9572176245849674	0.0	0.0	0.0	0.0005210209201322868	-234.87864780426025	4.050928725127092e-08	86.35402304263512	221.85761297915624	269.05924802321994	1.0175558507447143e-08	0.0	217499.4208100624	1.7579591112420745	75.48445120165844	10.387350021064467	75.0733414896061	65.96966264112334	0.5015120967741935	0.03351814516129032
13428	2	849441	240	5	101647.10598065886	101647.10565170491	27006.629981742557	127651.13587445236	1.2558265642972803	2.0563113653670833	0.9388971643754019	5962678335.794603	729358062.9707559	5233320528.32662	0.9531953791881149	0.0	0.0	0.0	0.0003289539454272017	-255.5027723312378	4.285033636602984e-08	88.97894513931081	218.38246247357247	278.0593183732301	8.16589982022502e-09	0.0	256168.7778492958	2.006788085177489	71.88860335975218	11.70951796610857	70.55847172360531	65.9696646518204	0.502016129032258	0.05796370967741935
13428	2	849441	0	6	50926.273633392804	50926.274054840156	11872.212882675745	62251.59460615666	1.2223866025284391	2.2479613806168848	0.929299982644043	1281775684.8260736	140949438.7315719	1140826206.7008693	0.9434435402034279	0.0	0.0	0.0	0.0004214473519823514	39.39363241195679	3.073363996392409e-08	66.53809227985217	158.6250419550169	176.75369346114576	6.521468751696912e-10	0.0	67955.98791258813	1.091634492686045	117.26112590075479	6.8320818366934555	116.48765024296284	65.96967509836301	0.5015120967741935	0.043094758064516125
13428	2	849441	16	6	66143.81910077404	66143.81953850336	13723.804078635738	78628.7165674027	1.1887538040040775	2.106983674239966	0.8764633628676555	1807470263.8010283	188342798.38877892	1619127382.788127	0.8918406067840083	0.0	0.0	0.0	0.00043772932258434594	82.62412238121033	4.5712576320594914e-08	86.63648257110856	163.79552436025492	204.54328712689286	1.411316953867441e-09	0.0	182449.27782973126	2.320389859518903	93.06981096056049	13.276535465482377	93.0822307307217	65.96967396751543	0.5083165322580645	0.12273185483870967
13428	2	849441	32	6	106612.19816038336	106612.19998842556	17236.339841285895	122435.1569281399	1.1484160259406067	2.1993051401879358	0.9235822258587209	3624206855.4293957	297091411.1242995	3327114905.1829567	0.9052860968978785	0.0	0.0	0.0	0.0018280422082170844	539.1221394538879	1.4875589638219279e-07	74.17648707956235	183.39192273036159	205.8094537878565	2.524326752308611e-09	0.0	161527.5457712669	1.3192905537539452	81.77339675735335	8.199089918370161	80.43705224497508	65.96966831076995	0.516633064516129	0.08845766129032258
13428	2	849441	48	6	61361.69399355535	61361.694083314826	13550.72174562586	74222.36813988569	1.2095879906392586	2.2168571111339106	0.9185230741780783	1743702442.5339909	183622059.8273776	1560080407.9601579	0.9381174590525675	0.0	0.0	0.0	8.97594727575779e-05	-25.253544569015503	1.44827144546041e-08	72.49892123830396	172.2886259521287	196.85794929364917	6.495597957502712e-09	0.0	105511.92590373929	1.4215650674180924	94.90791189360128	8.080426150830615	94.05322932843958	65.969673335855	0.4921875	0.05241935483870967
13428	2	849441	64	6	9800.889483865778	9800.88947115517	2155.105440828278	11820.629485955635	1.2060772142584357	2.3752190307640695	0.9704925302186939	43669846.76929298	4644479.461087646	39025366.38892044	0.9238106797574116	0.0	0.0	0.0	1.2710608643828891e-05	0.9192848950624466	2.1050792779718515e-08	127.43023305974333	73.48844581724774	66.17102677632576	2.5227080945554386e-09	0.0	64266.81022951666	5.436834833141543	1845.0728669070577	49.417235232984076	1885.327476433031	65.9696900846495	0.49798387096774194	0.00025201612903225806
13428	2	849441	80	6	59598.37355071369	59598.37417342672	12477.033255692622	70877.47287877761	1.1892517975925343	2.082028057481389	0.874679980832953	1471650031.7914467	155676358.86365962	1315973579.1513128	0.8848536144790309	0.0	0.0	0.0	0.0006227130288607441	93.77647423744202	6.372199382436561e-08	101.17045858804916	169.50784872170937	199.59617088984507	2.6680747515414696e-08	0.0	228560.01810089775	3.2247202014992356	99.78936475797988	19.285142506308137	99.7157067774271	65.9696761985803	0.4969758064516129	0.07837701612903225
13428	2	849441	96	6	58354.52362065063	58354.52372373501	12440.906586346558	69863.53099068499	1.1972256246122712	2.0699114934094625	0.8819424382511566	1475662535.49333	154776156.69020116	1320886342.599224	0.909722416199602	0.0	0.0	0.0	0.00010308437776984647	36.20390462875366	2.453399998845285e-08	86.66807427562796	167.68280487985425	196.94575144786478	2.975798402201767e-08	0.0	154206.13251577085	2.207247900246913	91.77183525149883	14.762016757824188	88.27276956375867	65.96967370637303	0.4926915322580645	0.08492943548387097
13428	2	849441	112	6	75620.05868289551	75620.05892564557	15453.385183639246	89852.47851414743	1.188209584588317	2.149459455835157	0.8910031061518302	2355074619.9307632	238807113.63392097	2116267384.0034852	0.9054821675008493	0.0	0.0	0.0	0.0002427500585326925	122.29335713386536	5.192759333352276e-08	84.42635387956321	171.7912557696022	213.33230961322755	7.730094173885847e-09	0.0	192665.6545212361	2.144244195994359	92.13717897488849	12.246676829631166	92.02491494335659	65.96967129557858	0.508820564516129	0.09652217741935483
13428	2	849441	128	6	90790.14786984448	90790.1488827042	15506.467735788245	105239.73435584115	1.1591536837974028	2.23487603821727	0.9257124906039417	2832550737.059786	240450541.64104182	2592100017.8230276	0.920598263273143	0.0	0.0	0.0	0.0010128597205039114	177.59571647644043	6.269815899601023e-08	70.54487594215843	174.34692063980845	188.3342392436911	7.4035936625385e-09	0.0	68485.724777698	0.6507591888745045	98.08710646273539	4.500489792051286	97.33435905561373	65.96967213854764	0.506804435483871	0.05115927419354838
13428	2	849441	144	6	90319.43860887854	90319.43899568789	17874.807747946674	106979.91125902283	1.1844616497484135	2.1858963308490273	0.9018019551858107	3287100422.365423	319508752.02605444	2967591672.7016573	0.9190762366180623	0.0	0.0	0.0	0.000386809348128736	-2.362288475036621	7.186541849964839e-10	86.04932013923238	195.9562087701732	216.90516758610246	4.585170765715505e-09	0.0	164920.85871696976	1.541605857286987	82.66949421728395	9.462471852220972	81.39758704256808	65.9696704089068	0.5083165322580645	0.05594758064516129
13428	2	849441	160	6	66585.51524075297	66585.51561577764	14042.779845070661	79838.1827838776	1.1990322894582555	2.245188273451222	0.9211846572940219	1940504590.3553038	197199665.77712277	1743304840.947311	0.9322029782035355	0.0	0.0	0.0	0.0003750246687559411	83.63087010383606	4.309748635457923e-08	79.34152694874938	171.79823267354882	192.3688776793814	2.9228069844292555e-08	0.0	181634.26371735244	2.275030038844164	145.59041127625017	12.170702220019978	143.98783822782568	65.96968429819455	0.5040322580645161	0.04259072580645161
13428	2	849441	176	6	95992.90734198409	95992.90772365725	18968.34000716458	113727.45738712072	1.1847485458686606	2.19642821883549	0.903803783308218	3719296303.7726173	359797922.6274004	3359498349.3161445	0.9225203678744897	0.0	0.0	0.0	0.00038167316233739257	31.82907247543335	8.557821124159418e-09	89.1296817023388	200.29607037946198	231.90123477281315	8.918862061395348e-09	0.0	168799.43961247717	1.4842452377296251	81.5091234593867	9.683978518952257	80.14613022482324	65.96966758209159	0.502016129032258	0.05115927419354838
13428	2	849441	192	6	130906.2122145814	130906.21226741205	25017.085946566924	154744.37476406418	1.1821010794385165	2.27524065762623	0.9427180678112931	6809385124.752117	625854589.2579163	6183530342.871067	0.9440815776966758	0.0	0.0	0.0	5.2830640925094485e-05	192.6231336593628	2.828788945409735e-08	84.13190691141011	210.31402789536077	266.86867384077516	5.3587823952934e-10	0.0	206217.78059134644	1.3326350757824073	73.38296796030937	8.028319658742015	71.77212860760412	65.96966396989797	0.5078125	0.0751008064516129
13428	2	849441	208	6	79704.2462065915	79704.24666040968	15425.720377022364	93855.41814321962	1.1775460230807355	2.1301563104139896	0.9012963340863911	2456072651.477643	237952849.15008298	2218119822.0212603	0.9020447667439294	0.0	0.0	0.0	0.00045381818199530244	-19.693700313568115	8.01837042634705e-09	92.69990373663839	183.40938045141675	216.1948121247339	2.6926643443113877e-08	0.0	168223.4325879372	1.7923678397734397	79.14568569096417	10.83396045143337	78.56123764198207	65.96966803638489	0.4987399193548387	0.10131048387096774
13428	2	849441	224	6	123722.68450990756	123722.68475477106	25640.875056427158	148314.5734363143	1.1987662086691746	2.2711203599410137	0.9441149724078282	6689910031.257742	657454473.6593084	6032455725.922102	0.9507842294809328	0.0	0.0	0.0	0.00024486350594088435	-168.32366847991943	2.5160826930922657e-08	83.51580388424976	215.33166604189157	266.23844960493074	3.164514853725121e-09	0.0	191099.72850382575	1.2884757360056671	75.0733414896061	7.768475017673169	73.94974169153407	65.96966800374379	0.5017641129032258	0.05141129032258064
13428	2	849441	240	6	127651.13587445236	127651.1362429703	24930.541659514438	151484.5779901173	1.186707638380168	2.264453233188146	0.9415463628469075	6652764878.80603	621531907.4367849	6031232606.569109	0.947588285778818	0.0	0.0	0.0	0.00036851793993264437	364.8001365661621	5.4834364841048266e-08	84.0453876992608	210.84159353320842	271.8147244979593	1.4706108385077072e-09	0.0	223916.52196406608	1.4781473120971116	70.55847172360531	9.783893532589392	68.83749596655652	65.96965943919673	0.5	0.060735887096774195
13428	2	849441	0	7	62251.59460615666	62251.594999864144	10937.986386906845	72540.066632763	1.165272425416534	2.436327032892135	0.930888696187301	1386800236.0764246	119639546.20015946	1267160642.3501291	0.9304945159346875	0.0	0.0	0.0	0.00039370748709188774	47.52613592147827	3.427035465175618e-08	62.78046592027579	150.91767085832717	168.8758693883586	3.2627916078288548e-09	0.0	37580.21714661482	0.5180615181630321	116.48765024296284	4.702278419857406	116.22829640890237	65.96967916573931	0.5	0.02847782258064516
13428	2	849441	16	7	78628.7165674027	78628.71673991757	12711.524494842613	90139.54336768093	1.1463946927126913	2.286431448961971	0.8800723347437698	1942662209.4970837	161582854.98298377	1781079350.5556192	0.8909933166508258	0.0	0.0	0.0	0.00017251486133318394	3.9584805965423584	2.037657693236916e-09	81.91310465404615	157.2883211778146	198.9607905507611	6.265273444238839e-09	0.0	104234.70961980494	1.15637050627432	93.0822307307217	6.225702405306269	91.92785203324314	65.96967752340427	0.508820564516129	0.10307459677419355
13428	2	849441	32	7	122435.1569281399	122435.15807367628	16081.523201081121	137021.5125779002	1.1191353530777224	2.3646353568562484	0.9217910476428391	3784527257.1174183	258615388.46691042	3525911704.3419137	0.8953814835459539	0.0	0.0	0.0	0.0011455363855930045	164.30859422683716	4.3415883428459436e-08	68.0249281690768	176.61842709760722	197.9692975291313	2.1076118921917645e-08	0.0	147981.72021600985	1.0799889527118494	80.43705224497508	6.736445551279949	79.44773574851527	65.96966735503347	0.5194052419354839	0.07736895161290322
13428	2	849441	48	7	74222.36813988569	74222.36881449778	12366.130574544308	85800.59941696226	1.155993827295503	2.4039424047439812	0.9208805872063857	1852782928.0173054	152921185.38667953	1699861638.8308697	0.9260084267333444	0.0	0.0	0.0	0.0006746120925527066	103.79975605010986	5.602370060759776e-08	65.84757956181568	163.16196413469612	186.79626754186023	9.679004892775213e-09	0.0	78762.28239896962	0.9179689053353147	94.05322932843958	6.146214775539348	94.04740915817074	65.96967200597743	0.49344758064516125	0.034022177419354836
13428	2	849441	64	7	11820.629485955635	11820.629440526516	2200.8977713986264	13846.887094348032	1.1714170646157078	2.544636625832736	0.962864564232538	52009000.759378314	4843951.000147441	47165054.89897537	0.9064625682641637	0.0	0.0	0.0	4.542911847238429e-05	-5.139744497835636	9.882413472265822e-08	127.86568442658819	74.75747183842807	66.05198162947735	1.5833140236565676e-08	0.0	72176.38807483377	5.212463101718271	1885.327476433031	45.42854619142671	1922.1791724247487	65.96968453320484	0.4962197580645161	0.0005040322580645161
13428	2	849441	80	7	70877.47287877761	70877.47312931578	10688.82423844634	80320.2504941858	1.133226781823306	2.251056095787181	0.8756991230470107	1427726477.766901	114250963.60039797	1313475475.8640158	0.8668696755443467	0.0	0.0	0.0	0.0002505381708033383	38.30248713493347	2.6827608601083155e-08	86.06281754206613	156.20901308268017	185.97198536701387	1.6660142462319148e-09	0.0	136793.8323344912	1.7031051397799006	99.7157067774271	11.516616309201993	96.69332986731077	65.96967207112792	0.5017641129032258	0.12298387096774194
13428	2	849441	96	7	69863.53099068499	69863.53119606452	10623.727127176484	79598.99801349732	1.1393497706852287	2.2495493817078844	0.8860158384498306	1455087522.266348	112863578.0727055	1342223912.6221867	0.9042063153399175	0.0	0.0	0.0	0.00020537953241728246	31.571455717086792	2.1697289842684643e-08	65.49448214099819	151.2743598980792	176.99863666263397	4.155154156622862e-09	0.0	149862.90923313363	1.882723572836623	88.27276956375867	13.76690586082371	86.71372078316259	65.96966969215666	0.4977318548387097	0.1159274193548387
13428	2	849441	112	7	89852.47851414743	89852.47879229898	14186.783063913532	102838.49095358401	1.1445259235380125	2.3296086199251786	0.8940070335376414	2502287326.4750576	201264813.7025438	2301022327.2136235	0.9025615882304	0.0	0.0	0.0	0.000278151550446637	185.5588903427124	7.415570881066923e-08	79.27844766646949	164.45374660502947	206.30951575905266	1.3907848952289671e-09	0.0	114504.1128621183	1.1134363415987587	92.02491494335659	6.1937209291213735	90.70427724041808	65.96967391968033	0.5073084677419355	0.09904233870967742
13428	2	849441	128	7	105239.73435584115	105239.73584979567	14713.450598790247	118733.80702126183	1.1282222227946141	2.4066914125412966	0.9247284271951719	3022315242.4742336	216485628.52304107	2805829119.386728	0.9060182330363442	0.0	0.0	0.0	0.0014939545217202976	494.5644645690918	1.6363761715479227e-07	70.32368298937116	169.8488288034899	182.72585721577354	3.5419318388791842e-09	0.0	46632.930310452706	0.39275191542953064	97.33435905561373	2.795598728341205	97.05804525643603	65.96967814889801	0.5045362903225806	0.03881048387096774
13428	2	849441	144	7	106979.91125902283	106979.91188211658	16222.922856367806	122014.36765884071	1.1405353231544193	2.3664676671871407	0.9048022289956966	3442804502.198351	263183226.00366098	3179621175.1557374	0.9160391731047625	0.0	0.0	0.0	0.0006230937433429062	101.03895235061646	2.9347862269292246e-08	79.62181743013649	186.60793403886944	211.20599727889802	9.849741366388519e-09	0.0	134084.32437134546	1.0989224138149	81.39758704256808	7.213857846112923	79.97538909576318	65.96966545539226	0.5078125	0.04662298387096774
13428	2	849441	160	7	79838.1827838776	79838.18337346577	12770.142543532253	91739.85887722857	1.1490724823430523	2.4280617611884954	0.9225726083812961	2042066276.5819645	163076540.5821324	1878989568.7710884	0.921484388510524	0.0	0.0	0.0	0.00058958817680832	167.2287437915802	8.189192765647632e-08	75.40466064247924	164.10967038689077	186.942120129505	9.392096527932248e-09	0.0	139263.53565707643	1.5180264777964214	143.98783822782568	7.517679250012935	143.08265072572613	65.96968510594968	0.5063004032258064	0.03931451612903226
13428	2	849441	176	7	113727.45738712072	113727.45757209	17371.734074423246	129879.55141591383	1.1420245770008948	2.3781018968550485	0.9069563196845746	3934763312.2596436	301777144.75247765	3632986169.2678347	0.9194439211977483	0.0	0.0	0.0	0.00018496927805244923	-1.7606687545776367	4.474649718044985e-10	82.60586120918252	191.65526185222348	226.3214006622931	2.756881264869822e-10	0.0	138474.08490003695	1.0661731091897433	80.14613022482324	7.132675395053993	78.65415576027735	65.96966395377079	0.5080645161290323	0.04460685483870968
13428	2	849441	192	7	154744.37476406418	154744.37468910182	23880.306228227128	177270.0221441165	1.1455668253815154	2.459252328105924	0.9427885428486859	7478839229.854412	570269025.5539033	6908570305.099787	0.9347671113195685	0.0	0.0	0.0	7.496235775761306e-05	-100.79927825927734	1.3477930887576997e-08	74.79756718660349	206.97592289565296	257.6268940732159	1.949479636044483e-09	0.0	178524.63882656876	1.007077426627149	71.77212860760412	5.838560877259001	71.28414292239754	65.96966130804262	0.5085685483870968	0.061743951612903226
13428	2	849441	208	7	93855.41814321962	93855.41832041401	13968.341118539181	106604.33679739403	1.1358357237801666	2.3063791411112073	0.9026452004181552	2555645109.17362	195114553.60387245	2360530406.776678	0.9002754791140493	0.0	0.0	0.0	0.00017719439347274601	148.79306983947754	5.822133492063398e-08	86.78181154183143	174.6661924113223	210.8684734719451	8.297971143924013e-09	0.0	127190.10636815139	1.193104425459216	78.56123764198207	6.915847351153516	77.01909926215265	65.96966112574731	0.506804435483871	0.10559475806451613
13428	2	849441	224	7	148314.5734363143	148314.57379282126	24783.238359279523	171788.75547361167	1.1582729295808352	2.4594266469933466	0.9445325933115569	7514163813.576477	614208903.572864	6899955145.168575	0.9385866871625314	0.0	0.0	0.0	0.0003565069637261331	-235.1649627685547	3.129622518258947e-08	75.17236817019985	212.21749405273601	258.75345579945696	2.526236599105685e-08	0.0	163415.67901597876	0.9512594622235362	73.94974169153407	5.462005804412291	74.17819503653297	65.96966575908532	0.49521169354838707	0.04435483870967742
13428	2	849441	240	7	151484.5779901173	151484.57682861658	23790.78429194436	173937.11864223643	1.1482166762453132	2.4497754349968957	0.94183017406761	7306543872.7195015	566001417.2258266	6740543194.105386	0.935163877474018	0.0	0.0	0.0	0.0011615007242653519	-738.6117105484009	1.0108906802108738e-07	72.3730786255677	207.47599921573206	260.2355578696019	2.297834903797127e-08	0.0	183393.07281692844	1.0543642093831715	68.83749596655652	6.041108860220631	69.2473453360837	65.96966473413569	0.49949596774193544	0.0438508064516129
13428	2	849441	0	8	72540.066632763	72540.06689712347	10665.822966114778	82360.69399847492	1.1353821111776645	2.604119676131937	0.9296688640984808	1521222648.8247242	113759779.54450145	1407462784.1084359	0.9095668041882963	0.0	0.0	0.0	0.00026436046755407006	85.17178678512573	5.598903411734521e-08	61.39745422504598	148.77441780918784	164.9574153043435	5.256403495741491e-09	0.0	33587.06996708745	0.4078046009251104	116.22829640890237	3.0217497227393677	116.43816591692348	65.96967573093409	0.49899193548387094	0.02847782258064516
13428	2	849441	16	8	90139.54336768093	90139.5438897363	12140.528489147518	101046.22677113455	1.120997766307347	2.4495648066742555	0.8820113495950065	2085202666.1495152	147392431.99580252	1937810042.634059	0.8853770452069877	0.0	0.0	0.0	0.0005220553721301258	191.51965379714966	9.184702135011424e-08	76.6168336150072	153.07062142733685	194.16812912487447	1.0031340960930498e-08	0.0	93042.03459761156	0.9207868289126921	91.92785203324314	4.861108942374632	90.7308267796403	65.96967161245617	0.5138608870967741	0.08492943548387097
13428	2	849441	32	8	137021.5125779002	137021.51339246635	15857.474739251986	151186.31348301988	1.1033764745303525	2.5165528735956073	0.919040500990972	4082406475.4502983	251459505.10601485	3830947147.079055	0.8815630453463288	0.0	0.0	0.0	0.0008145661558955908	-176.73477125167847	4.329181141429192e-08	64.70703910816466	174.63629877827597	196.58712533613527	2.217130170093958e-09	0.0	80306.96928348728	0.5311788322915338	79.44773574851527	3.2951222862784215	78.93272617933825	65.96966669431299	0.5151209677419355	0.057459677419354836
13428	2	849441	48	8	85800.59941696226	85800.59994664384	12050.913732414654	96860.71422680198	1.1289048664577652	2.5712166769828864	0.9205257444979498	2020255100.216176	145224521.7861001	1875030576.8213055	0.9067092713696795	0.0	0.0	0.0	0.0005296815797919407	1.6087703704833984	7.963204103834476e-10	63.519174320198076	160.36999987657322	181.6874456191365	1.10111234077309e-08	0.0	55929.512813741174	0.5774220536299438	94.04740915817074	3.6693679266834662	94.66414302121787	65.9696705182559	0.49168346774193544	0.022933467741935484
13428	2	849441	64	8	13846.887094348032	13846.887076320587	2241.920769909377	15871.23373619428	1.1461950709970428	2.696741887085408	0.9547841554075119	60159778.10528934	5026208.738551054	55133567.13994911	0.8880014719061567	0.0	0.0	0.0	1.8027445548796095e-05	2.226789176464081	3.701458427201709e-08	128.10719666529369	75.98357918873464	65.92056523870936	2.024941457216502e-08	0.0	79304.95944395162	4.996773420966791	1922.1791724247487	41.89836799998562	1955.8915479064121	65.96969413369955	0.49848790322580644	0.0010080645161290322
13428	2	849441	80	8	80320.2504941858	80320.25093848624	9877.936661247317	89084.15773109827	1.1091120506097882	2.4061710860994925	0.8768192769336892	1484644519.2104387	97573632.68361378	1387070802.094681	0.874132647031491	0.0	0.0	0.0	0.00044430042908061296	84.43214392662048	5.687027624062025e-08	74.56612619304742	149.23722836502054	174.53960721989208	1.624931018334573e-08	0.0	160826.0366741659	1.8053270182170198	96.69332986731077	11.455607030850533	95.18215906422242	65.96966855722212	0.4964717741935484	0.1003024193548387
13428	2	849441	96	8	79598.99801349732	79598.99828600368	11383.780687089122	89926.10379885309	1.1297391429927879	2.4192855849819237	0.888395690096213	1750703659.6893482	129590462.73174329	1621113126.3956695	0.8945182469039754	0.0	0.0	0.0	0.0002725063677644357	70.56193542480469	4.030489970948337e-08	60.202142165563416	154.88982931954288	175.17910610363245	4.066242519274328e-09	0.0	100504.80308350542	1.1176376974720335	86.71372078316259	7.058911387518247	87.90991685943737	65.96967192301005	0.5	0.0703125
13428	2	849441	112	8	102838.49095358401	102838.49158760536	13410.086028132864	114979.70547807873	1.118060994593694	2.492189400458582	0.8951943743051145	2644577450.2153473	179830407.28192425	2464747082.2600346	0.8936245753332108	0.0	0.0	0.0	0.0006340213440125808	-39.32661151885986	1.4870659778051691e-08	73.01879948960237	159.33237758687403	199.64570996417933	2.0367120549455918e-08	0.0	103899.37957196348	0.9036323342111616	90.70427724041808	5.006418408824304	89.4677521633002	65.96966976391386	0.5095766129032258	0.10231854838709677
13428	2	849441	128	8	118733.80702126183	118733.80811649191	14550.3164051175	131831.1285367836	1.1103082756638671	2.563023028203208	0.9222256466574401	3281729521.5197144	211711707.48903146	3070017717.147563	0.8885135427072995	0.0	0.0	0.0	0.00109523007995449	96.88312005996704	2.9521969871271438e-08	68.28620518708551	169.08464726844946	182.59134615495125	6.850916087185829e-09	0.0	45316.99798395431	0.3437503588924852	97.05804525643603	2.1109656468779865	96.85649524996926	65.96967588234372	0.5052923387096774	0.024949596774193547
13428	2	849441	144	8	122014.36765884071	122014.36854737038	15555.579266804521	136275.82824161684	1.1168834527967395	2.5304132944352635	0.9060437742733454	3683595447.7518997	241976046.3258387	3441619524.341239	0.9066417128200741	0.0	0.0	0.0	0.0008885296701919287	-122.91517782211304	3.336826195100448e-08	73.14646946006832	182.7576530487926	208.0447183385957	8.028951769442595e-09	0.0	105518.51393053758	0.7743010298119825	79.97538909576318	4.593202986048116	79.3885122679283	65.96966994705514	0.506804435483871	0.0360383064516129
13428	2	849441	160	8	91739.85887722857	91739.85929061064	11859.248537456024	102574.18659294666	1.1180983691093005	2.5902164756458874	0.9216140131225444	2105262048.3908243	140641775.87315285	1964620112.013903	0.9028868950871142	0.0	0.0	0.0	0.0004133820621063933	160.50376868247986	7.623933030339968e-08	72.45638150847327	158.15491398884058	180.8703498936108	2.4299404693709576e-08	0.0	108990.79863491442	1.0625558197442564	143.08265072572613	6.089089601881452	142.97200402706417	65.96968618819349	0.5057963709677419	0.03503024193548387
13428	2	849441	176	8	129879.55141591383	129879.55217004793	16949.413247930792	145476.57147852404	1.120088342564903	2.543989347022424	0.9083589931605311	4294734973.147106	287282609.4491318	4007452281.4223003	0.9102127466648571	0.0	0.0	0.0	0.0007541341037722304	82.27567386627197	1.9157334359559284e-08	75.92462296896278	189.19686977492643	224.13774323402077	7.088393139492242e-09	0.0	101489.24829295721	0.6976329393393748	78.65415576027735	4.134937619818357	78.03749961711486	65.9696676052638	0.5085685483870968	0.03377016129032258
13428	2	849441	192	8	177270.0221441165	177270.02197318774	23758.482168812636	199307.67649005243	1.1243168702716122	2.626016007099296	0.9410812971315724	8298889156.887844	564465474.9657879	7734423679.644613	0.9182141312649762	0.0	0.0	0.0	0.00017092874622903764	2.2774429321289062	2.744274431281797e-10	71.72256806463697	207.76176368611527	254.38677841976	1.6870330620636807e-08	0.0	145914.63537719272	0.7321074585117294	71.28414292239754	3.8562769996259245	72.05631776468209	65.96966666408396	0.5070564516129032	0.05115927419354838
13428	2	849441	208	8	106604.33679739403	106604.33656427148	13028.060342674342	118470.09019545032	1.1113064792158283	2.4669714237046425	0.9034538413907489	2670677646.905916	169730356.29236388	2500947203.0273285	0.9003676752373317	0.0	0.0	0.0	0.00023312255507335067	87.58622360229492	3.279550555409297e-08	77.33980541529714	167.3364585267897	204.12503307878356	1.8865035405693344e-08	0.0	114720.06824005977	0.9683462532749315	77.01909926215265	5.445210644085969	76.04459456188894	65.96966539576425	0.5065524193548387	0.09173387096774194
13428	2	849441	224	8	171788.75547361167	171788.75653256025	24716.167466043124	194788.74994221926	1.1338853314653683	2.6289730543203205	0.9428615250604513	8431280596.880089	610888934.2094886	7820390916.694515	0.9209214776926329	0.0	0.0	0.0	0.0010589485755190253	745.9760847091675	8.84771982307419e-08	74.01849876728016	212.5632995473131	257.3122933070808	4.834352845563338e-09	0.0	138821.8984115537	0.7126792404449387	74.17819503653297	4.170256292891632	75.28190266706817	65.96966426266958	0.5	0.03251008064516129
13428	2	849441	240	8	173937.11864223643	173937.11925767912	23694.531334225667	195872.44925846398	1.126110693263497	2.616846340561236	0.9400022438330601	8111895136.946121	561430815.148602	7550464198.261076	0.9160164248217598	0.0	0.0	0.0	0.0006154426955617964	123.53644371032715	1.5229048406663058e-08	72.02994704471755	207.81051662835267	258.4769173786281	1.285176507992223e-08	0.0	140968.84559744355	0.7196971582358026	69.2473453360837	4.694101293572198	70.30710673179183	65.96965795934764	0.501008064516129	0.034274193548387094
13428	2	849441	0	9	82360.69399847492	82360.69415146289	10581.467058149703	91860.20975244336	1.1153404044184516	2.75440808189983	0.9262632490881638	1655014219.8524694	111967445.10270733	1543046752.5147576	0.8852852058022671	0.0	0.0	0.0	0.0001529879664303735	22.235004425048828	1.343493255727488e-08	61.53846720940139	148.4288344172996	163.7933241858558	1.6956793544256757e-09	0.0	33334.04950927423	0.3628780019100824	116.43816591692348	2.152446981642359	116.68853110587003	65.96967971888995	0.49949596774193544	0.025453629032258063
13428	2	849441	16	9	101046.22677113455	101046.22748994555	12031.519026656992	111727.50009233737	1.105706800367672	2.6001592741186887	0.882559057058785	2272694332.1996994	144757450.08880922	2127936766.4523628	0.8751614043704332	0.0	0.0	0.0	0.0007188110030256212	115.65852737426758	5.089048964289175e-08	73.38339717210765	151.91389492084582	193.58228503699453	1.4413928176870056e-08	0.0	76972.32587624778	0.6889291030052378	90.7308267796403	3.643034782218798	90.10416544462328	65.96966963888921	0.5138608870967741	0.06098790322580645
13428	2	849441	32	9	151186.31348301988	151186.31530903614	15516.696207899828	164709.75746316052	1.0894488639122712	2.6545437726349532	0.9149463819457224	4272002818.9872055	240767861.20825288	4031234254.473177	0.8592040193563352	0.0	0.0	0.0	0.0018260162614751607	703.305775642395	1.6463139315276314e-07	62.96944260459937	172.63939020652165	195.31541463365517	1.9314783222791684e-09	0.0	50860.08015599511	0.3087860794632905	78.93272617933825	1.9494566474731176	78.64881953777812	65.96966517531132	0.515625	0.05065524193548387
13428	2	849441	48	9	96860.71422680198	96860.71479744834	12118.42220709626	107723.44453829822	1.11214794768146	2.722188376925894	0.9180322628783821	2222342542.669613	146856156.7894438	2075486391.0195704	0.884089322468885	0.0	0.0	0.0	0.0005706463562091812	-5.139401197433472	2.312605324676776e-09	64.1939805815401	161.03873654154935	181.88401219121866	3.3931999040747978e-09	0.0	38454.93749371801	0.3569783480552538	94.66414302121787	2.172458669895619	95.14681282953359	65.96967569027261	0.4904233870967742	0.01814516129032258
13428	2	849441	64	9	15871.23373619428	15871.233537752365	2277.765238146533	17885.12297195342	1.1268892682971756	2.8340783317257436	0.9462720026610257	67981563.41298449	5188214.480108732	62793352.14578	0.868488414554115	0.0	0.0	0.0	0.00019844191410811618	-3.2129042372107506	4.726140553274015e-08	128.19557799661973	77.1256687929815	65.78111359006287	2.2173374814649885e-08	0.0	85717.48686298699	4.7926697046060935	1955.8915479064121	38.740612689562646	1986.710763144135	65.9696833909256	0.5025201612903226	0.0017641129032258064
13428	2	849441	80	9	89084.15773109827	89084.15834847288	9945.287791253513	97891.79615583376	1.0988687399539823	2.553541092055113	0.8776029853713264	1646816595.9561138	98908749.25085619	1547907849.7602372	0.873569114157506	0.0	0.0	0.0	0.0006173746078275144	-3.0549795627593994	1.855081841087307e-09	71.70455267404544	149.40269365395827	173.99496917605535	7.4443190661405994e-09	0.0	79723.98166141425	0.8144092233698988	95.18215906422242	4.686121903872463	95.29955116716624	65.96966714459015	0.49369959677419356	0.05821572580645161
13428	2	849441	96	9	89926.10379885309	89926.1043839953	12566.024077232873	101168.28439802487	1.1250157643248764	2.5783812161635895	0.8890862571089027	2148317623.5975437	157904961.10959628	1990412570.4886687	0.8807029327183638	0.0	0.0	0.0	0.0005851422174600884	91.99927878379822	4.2823871932744035e-08	64.53514053106927	164.0060069151485	184.78571952300481	1.5228906203882988e-08	0.0	68561.8906263301	0.6777014268805417	87.90991685943737	6.551546743993599	88.8022540302045	65.96967144969581	0.49899193548387094	0.04485887096774194
13428	2	849441	112	9	114979.70547807873	114979.70609077884	13186.06749192763	126736.07731337844	1.1022473643189241	2.641249383121845	0.8948574218662501	2841700620.9569073	173872375.9016706	2667828236.5479574	0.8798150378630026	0.0	0.0	0.0	0.0006127001106506214	8.507279396057129	2.9937282391107086e-09	69.29614811184369	157.54258670526926	197.53630263633255	9.323863653985598e-09	0.0	83584.31779731961	0.6595147903221437	89.4677521633002	3.5344227026947266	88.90036267020815	65.9696738531332	0.5085685483870968	0.07585685483870967
13428	2	849441	128	9	131831.1285367836	131831.12956650177	14237.889836823037	144340.40630155138	1.0948886496202408	2.704522463868556	0.9182732187576741	3454706440.0149765	202717507.0055087	3251988501.6916275	0.8662742478352919	0.0	0.0	0.0	0.0010297181725036353	431.3178400993347	1.2484934612778992e-07	66.68165445653926	167.38429400234517	181.7183854016245	2.2837614724408426e-08	0.0	48935.53983686337	0.33902869719090145	96.85649524996926	1.9457667243542405	96.71494730305844	65.96967462983342	0.5035282258064516	0.019153225806451613
13428	2	849441	144	9	136275.82824161684	136275.82871930752	15413.20781496345	150137.71932877737	1.1017193677413093	2.680199298798901	0.905421717699678	3970233402.308075	237566975.1472504	3732666167.227423	0.888540624869183	0.0	0.0	0.0	0.00047769068623892963	259.93340158462524	6.547055934633825e-08	70.4716085226623	181.94121913525618	207.76310624680033	1.639347436716148e-08	0.0	66704.1520088211	0.4442864334299425	79.3885122679283	2.873261250768667	79.33065187303589	65.96966863897433	0.5075604838709677	0.03276209677419355
13428	2	849441	160	9	102574.18659294666	102574.18645609275	11350.117037295757	112680.71934120964	1.098529006994416	2.735295641648875	0.9187285799752162	2175480756.047819	128825156.76031141	2046655564.6547966	0.878974637825562	0.0	0.0	0.0	0.00013685390877071768	34.63271117210388	1.5919566778894835e-08	71.38649375928001	154.87104479467882	177.11153597406042	1.0782190665249426e-08	0.0	100048.99719405043	0.887898105145129	142.97200402706417	5.3414965456405605	143.33369549811667	65.96968223750613	0.5050403225806451	0.034274193548387094
13428	2	849441	176	9	145476.57147852404	145476.57212380803	16989.636891040074	160817.8466795094	1.1054552980254289	2.695803074243124	0.9078429447724143	4698946961.488087	288647761.6893898	4410299185.737012	0.8921972909186666	0.0	0.0	0.0	0.0006452839879784733	14.061684608459473	2.9925182649872572e-09	73.5404891092959	189.3292215493782	224.72480161649725	1.3571683058179592e-08	0.0	59134.90343210976	0.36771356228161983	78.03749961711486	2.615686991919523	77.94754522053577	65.96967012603851	0.5095766129032258	0.023941532258064516
13428	2	849441	192	9	199307.67649005243	199307.67576423162	23799.735234105086	220924.4574378694	1.10845934952684	2.7774771682896473	0.9377674065628507	9084065986.353569	566427397.2135031	8517638663.8862295	0.8978278369574593	0.0	0.0	0.0	0.0007258208061102778	-74.7461633682251	8.228271732119916e-09	74.27013704014094	208.51267604025347	256.2412700031514	6.600391578355416e-09	0.0	136146.6595602293	0.6162588831492626	72.05631776468209	3.712852008080199	73.07561141149242	65.96966264813156	0.5060483870967741	0.049647177419354836
13428	2	849441	208	9	118470.09019545032	118470.08954118287	12654.753107491493	129870.72147092895	1.0962321481875301	2.6150991946362616	0.9032288245943255	2831242024.4614735	160142776.2115656	2671099366.298047	0.890835787061004	0.0	0.0	0.0	0.0006542674527736381	-118.0481390953064	4.1694824418184514e-08	72.05476859385485	163.43777675710933	200.99225338199363	7.513077472862461e-09	0.0	76094.71544677859	0.5859266425706091	76.04459456188894	3.3831653724408595	75.84123588831754	65.96966574102115	0.5007560483870968	0.06325604838709677
13428	2	849441	224	9	194788.74994221926	194788.7481111118	24604.59241643356	217242.03928877815	1.1152699493847529	2.7826005336689192	0.9396372975434709	9251446530.294594	605385967.9788198	8646062254.674316	0.9020037041152564	0.0	0.0	0.0	0.001831107452744618	-1692.358543395996	1.8292907361613495e-07	78.53051405603622	212.48766873365332	259.7337708736101	1.4154885228558116e-08	0.0	143468.0862784503	0.6604066427769267	75.28190266706817	4.205315772931283	76.36900020753957	65.9696673309148	0.5027721774193549	0.03251008064516129
13428	2	849441	240	9	195872.44925846398	195872.44831972153	23295.205344691407	216992.66965709027	1.1078263966095458	2.768053016850108	0.9366469278361688	8719802306.40155	542666592.051339	8177135602.273466	0.8960480709224727	0.0	0.0	0.0	0.0009387424506712705	112.07674503326416	1.2853129130116196e-08	78.11541882291718	206.42485464774694	260.42485278536606	2.096608908498228e-08	0.0	142653.60262204945	0.6574120870398505	70.30710673179183	3.8546590121637228	71.01281074070262	65.9696581248192	0.501008064516129	0.04158266129032258
13428	2	849441	0	10	91860.20975244336	91860.21071988922	10389.993271340623	100929.6195545424	1.098730558383662	2.889379940676484	0.9212026019814129	1748489967.6617765	107951960.17850342	1640537834.6367967	0.8594360197252628	0.0	0.0	0.0	0.0009674458560766652	172.84647631645203	9.885471436109894e-08	61.838639585162724	147.29085499755075	162.609776857163	1.5965000220138802e-08	0.0	33746.57626686021	0.33435751073341846	116.68853110587003	1.888446624609591	116.86847647339604	65.96968157366408	0.49949596774193544	0.023185483870967742
13428	2	849441	16	10	111727.50009233737	111727.4998581059	11894.443096358353	122077.13882243334	1.0926328676605355	2.738054395480454	0.8814910346370888	2419793546.1884117	141477776.57250687	2278315747.509259	0.8571951847166269	0.0	0.0	0.0	0.00023423146922141314	22.106645584106445	9.135756899148768e-09	71.97637045431232	150.81602207260968	193.64162106003812	6.092628826069252e-09	0.0	50917.48602061018	0.4170927188122886	90.10416544462328	2.2612373016817235	89.81765323659019	65.96967353765119	0.5123487903225806	0.04586693548387097
13428	2	849441	32	10	164709.75746316052	164709.7587322801	14927.46890671995	177335.18854604865	1.07665259956267	2.7787385921561754	0.9096506160288484	4318464893.089462	222829327.96109092	4095635286.4245777	0.8328864066509265	0.0	0.0	0.0	0.0012691195879597217	278.7037935256958	6.453770041564677e-08	61.84237659651323	169.63337356625075	192.4518959783739	5.714334182634835e-09	0.0	53654.87219907827	0.3025619046983128	78.64881953777812	1.7678181629090073	78.50381550978858	65.96966380588538	0.515625	0.04561491935483871
13428	2	849441	48	10	107723.44453829822	107723.4454039009	12006.387054886387	118222.45463379959	1.097462628868767	2.8588143092893787	0.9139870489935006	2372208276.4449883	144153330.11174342	2228054786.0356936	0.8613373796346336	0.0	0.0	0.0	0.0008656026766402647	160.29755115509033	6.757313543957178e-08	65.08488072564622	160.60314940374778	182.25946856665428	4.007487772742023e-09	0.0	41194.35151921639	0.3484477778833131	95.14681282953359	2.0111625511319557	95.43239148062924	65.9696681525987	0.49117943548387094	0.019909274193548387
13428	2	849441	64	10	17885.12297195342	17885.12283417293	2308.0955981295597	19880.139413670866	1.1115461406022162	2.9585405828874185	0.9373572786925731	75342319.38509393	5327305.2901050495	70015022.23176618	0.8480383950512603	0.0	0.0	0.0	0.00013778049105894752	-8.13677729666233	1.079974357448856e-07	128.16662779032848	78.1537778714617	65.63726267872279	1.3050563199978252e-08	0.0	91506.58644549499	4.602914733903933	1986.710763144135	35.888259007577204	2014.8576121224175	65.96968956861126	0.49974798387096775	0.0030241935483870967
13428	2	849441	80	10	97891.79615583376	97891.79693232774	9988.648869404038	106522.65066843026	1.0881672913515354	2.688903605656063	0.8764904202509691	1764271350.813118	99773106.23624656	1664498061.0913382	0.8511385294329421	0.0	0.0	0.0	0.0007764939800836146	183.48553323745728	1.0400074407652338e-07	74.11450197767455	150.16301276630028	175.92417765442858	1.0070669760249889e-08	0.0	47833.416296436975	0.4490445526478942	95.29955116716624	3.1171273772236656	95.54469664039088	65.96967418357012	0.4957157258064516	0.04359879032258064
13428	2	849441	96	10	101168.28439802487	101168.28449882797	12509.649993020214	112178.88832420987	1.1088345422846764	2.723908970901725	0.888203002094801	2349081217.615906	156491342.9478706	2192589809.4914293	0.8662392361300594	0.0	0.0	0.0	0.00010080309584736824	65.17660570144653	2.7745573551345576e-08	69.63217667909835	164.11845885657064	189.39256446664885	2.969693648647695e-09	0.0	67498.25456112124	0.6017019368940388	88.8022540302045	4.65572879909363	88.91754631655874	65.96967378409907	0.4987399193548387	0.049899193548387094
13428	2	849441	112	10	126736.07731337844	126736.0773050104	13005.503002860334	138074.13309416332	1.0894619434429034	2.7773320000644386	0.8929172419399366	3002432936.9220905	169143108.35740915	2833289478.042635	0.8594755737498639	0.0	0.0	0.0	8.368035196326673e-06	350.5220465660095	1.1674600363442027e-07	67.78234692176753	156.19188874441485	196.98125683399127	6.806820975697449e-09	0.0	50800.93341161462	0.3679250574510538	88.90036267020815	2.0124267867855585	88.6839287070625	65.96967522657958	0.5100806451612903	0.058719758064516125
13428	2	849441	128	10	144340.40630155138	144340.40842763102	13866.345863264787	156176.32061963208	1.082000006937444	2.832259907291545	0.9130281830463174	3556890230.9891815	192275547.59968048	3364614084.7159004	0.8405340369599583	0.0	0.0	0.0	0.0021260796347633004	598.6736006736755	1.6831376899342286e-07	65.42437025892961	165.32113844442563	180.37147326856686	6.524834021879279e-10	0.0	51484.57956044206	0.32965675958131285	96.71494730305844	1.8881239400884653	96.63265781895603	65.96966768335834	0.5037802419354839	0.015625
13428	2	849441	144	10	150137.71932877737	150137.72006778212	15262.952084049444	163523.61646885297	1.0891574562336508	2.816484186610476	0.9030277356964943	4198638377.8057976	232957706.31998926	3965680339.138775	0.865285350676096	0.0	0.0	0.0	0.0007390047539956868	332.3470335006714	7.915590808140887e-08	70.5870144764322	181.0611060870366	207.94484900422447	4.500030401536346e-10	0.0	51532.82222933135	0.3151399358089389	79.33065187303589	2.359938958811273	79.44083657754085	65.96966333075211	0.5105846774193549	0.028729838709677418
13428	2	849441	160	10	112680.71934120964	112680.7198746198	11009.434524148845	122187.14469756867	1.0843660336208232	2.8654949951695956	0.9141777344998949	2232753818.0921288	121207648.5415205	2111545908.065	0.8510516275187138	0.0	0.0	0.0	0.0005334101588232443	261.4856081008911	1.1711349723469674e-07	71.22678531807766	152.8193208277445	175.13907936415606	1.0060111291035428e-09	0.0	100619.70657123755	0.8234884858399221	143.33369549811667	4.823803447300026	143.85837562907463	65.96968036645166	0.5035282258064516	0.029989919354838707
13428	2	849441	176	10	160817.8466795094	160817.84751418	16869.901314079372	175683.44838089484	1.0924375124298908	2.833862062155871	0.905525471903018	5002294224.368347	284593570.34677696	4717700675.905209	0.8694679944994528	0.0	0.0	0.0	0.0008346705872099847	-21.883638381958008	4.374720358381421e-09	73.90650037606358	188.7198073005882	224.90649737249555	3.2654986391195515e-10	0.0	47192.21576030772	0.2686207273080596	77.94754522053577	2.013360896035321	78.01993152251825	65.96966942367102	0.5113407258064516	0.015877016129032258
13428	2	849441	192	10	220924.4574378694	220924.45757887422	23316.400189391567	241612.51272065504	1.0936431191128024	2.9149126138546833	0.9332201066391835	9568990408.971733	543654517.7918591	9025334889.232052	0.8760482609619901	0.0	0.0	0.0	0.0001410048280376941	1001.9478225708008	1.0470778836097385e-07	77.45980682800521	206.78980281486432	256.5433609086319	1.6218546077547847e-08	0.0	136374.82246091924	0.5644360941362446	73.07561141149242	3.082745463352168	73.88342709041241	65.96966579718915	0.5113407258064516	0.04914314516129032
13428	2	849441	208	10	129870.72147092895	129870.7214672289	12319.14868510966	140732.63062567214	1.083636319500809	2.7504563874845953	0.9015305923545782	2939269027.4422607	151761424.32583904	2787507571.776134	0.8711523449274275	0.0	0.0	0.0	3.700057277455926e-06	31.340287685394287	1.0662612844482109e-08	71.20949227155988	160.58391636563582	199.11792355021032	1.4207997862494168e-08	0.0	44624.23103125604	0.31708517595438007	75.84123588831754	1.8822499615227293	75.87220500727624	65.96966428421628	0.5022681451612903	0.04259072580645161
13428	2	849441	224	10	217242.03928877815	217242.04002822723	23957.093808123813	238643.0140492473	1.0985121242211366	2.922231525585128	0.9352869820321993	9756384520.162209	573942343.7312443	9182441189.78349	0.8821656721770634	0.0	0.0	0.0	0.0007394490821752697	986.6474742889404	1.0112839159321454e-07	82.51345720189987	210.04959535021234	259.8643705167326	1.2455898349713892e-08	0.0	145240.0422294653	0.6086079775166198	76.36900020753957	3.4617532480002224	77.21202858550382	65.96966569107697	0.501008064516129	0.04889112903225806
13428	2	849441	240	10	216992.66965709027	216992.6684469419	22161.01773217182	236622.18458098645	1.0904616499484354	2.904622197170383	0.9322048553114562	8904239550.967316	491110706.9256338	8413129507.415511	0.8747678572895082	0.0	0.0	0.0	0.0012101483589503914	-663.3738288879395	7.450089646519826e-08	80.97520817999562	202.0591142450972	257.42789677038184	1.1349617532500675e-08	0.0	137099.06593411122	0.57940072419359	71.01281074070262	2.9496200089886107	71.49247344332382	65.96966258351658	0.49974798387096775	0.04536290322580645
13428	2	849441	0	11	100929.6195545424	100929.62012472964	10122.78266071484	109490.5355243497	1.084820650346165	3.0105934874489586	0.9148173953136566	1801389265.9842186	102470728.796069	1698918439.3842676	0.8314267307890879	0.0	0.0	0.0	0.0005701872432837263	97.8038821220398	5.4293585494750376e-08	61.91359811949509	145.53108934929847	160.918945405034	3.356295822537242e-09	0.0	33966.92225299185	0.31022701656142504	116.86847647339604	1.7445789890951215	117.01771143727395	65.96967969637281	0.49949596774193544	0.020917338709677418
13428	2	849441	16	11	122077.13882243334	122077.13958681059	11597.639991295036	131902.4942871368	1.080484811156943	2.8631462485459567	0.8788401709263357	2495440176.0964966	134505253.36768594	2360934921.9405994	0.8337772716789215	0.0	0.0	0.0	0.0007643772551091388	0.7882113456726074	3.1586064583827074e-10	71.35877972494806	148.91306863642626	192.4656486492588	4.063716316176436e-09	0.0	39405.6623993635	0.2987484247068156	89.81765323659019	1.7252385103870957	89.68620569640571	65.96967101700437	0.514616935483871	0.03704637096774194
13428	2	849441	32	11	177335.18854604865	177335.19083908235	14328.302646863274	189058.79930883014	1.0661098953845656	2.8904852870269493	0.9033903071387628	4295460499.433884	205300256.7401091	4090158979.024421	0.8048603260188496	0.0	0.0	0.0	0.0022930336999706924	1263.6693534851074	2.941871665800795e-07	60.67345857817938	166.54317172123493	189.56696645727055	2.3758289191511714e-08	0.0	53400.64794926123	0.28245523464468525	78.50381550978858	1.6261936923684186	78.40540085951108	65.9696708396203	0.516633064516129	0.04536290322580645
13428	2	849441	48	11	118222.45463379959	118222.45536638552	11718.457276225588	128190.80779312144	1.0843186109626919	2.9824335212045923	0.9087259493186758	2456334423.012203	137322240.93472442	2319012070.5486026	0.8369559430113765	0.0	0.0	0.0	0.0007325859332922846	111.52887630462646	4.54045977045172e-08	65.34678895611701	158.78774176750528	181.26591684706656	1.139925628955185e-08	0.0	39783.38490030173	0.3103450684636862	95.43239148062924	1.6801014278805202	95.65836967103084	65.96967702281272	0.4899193548387097	0.01965725806451613
13428	2	849441	64	11	19880.139413670866	19880.139360985693	2332.634003020737	21848.18153059225	1.0989953881092016	3.0716113782423924	0.9280770380595408	82123093.0867225	5441181.392048548	76681920.0022952	0.8267933143941864	0.0	0.0	0.0	5.2685172704514116e-05	-8.307621255517006	1.0116059859976422e-07	128.04962491703168	79.04580114540296	65.49132175892038	4.473006249384269e-09	0.0	96785.45280775182	4.429908838115753	2014.8576121224175	33.292004384201284	2040.526115011664	65.96969009641957	0.4987399193548387	0.008316532258064516
13428	2	849441	80	11	106522.65066843026	106522.6511300812	9760.812761296515	114707.36353004056	1.0768354224219092	2.811427295423923	0.8736681580470098	1810704142.5844536	95273465.7610889	1715430438.979279	0.8249263342050137	0.0	0.0	0.0	0.00046165093954186887	237.84408569335938	1.313544715007278e-07	75.44636414136208	148.83581901334884	175.6408829928608	1.3780284769438068e-08	0.0	49738.53110000427	0.4336123653960692	95.54469664039088	3.0274739986317734	95.76605755852799	65.9696689061239	0.4954637096774193	0.046118951612903226
13428	2	849441	96	11	112178.88832420987	112178.88845576304	11857.172025516193	122392.82500149713	1.091050435869607	2.8559089965030364	0.8859038663608184	2395900626.191551	140592528.4426838	2255308151.3099155	0.8477809250493811	0.0	0.0	0.0	0.00013155316992197186	-53.56104803085327	2.2355287796719782e-08	69.50678012577349	159.25665711904696	187.28893113612529	5.3703104200385065e-09	0.0	46326.92938119245	0.3785101728762232	88.91754631655874	2.1596258281179734	88.71552504966657	65.96967449138732	0.4959677419354839	0.05367943548387097
13428	2	849441	112	11	138074.13309416332	138074.13382535425	12656.50918138256	148799.9808221263	1.077681803880298	2.900559483806647	0.8894778819310741	3076968062.9604263	160187224.65842104	2916780867.4975104	0.8345407368052726	0.0	0.0	0.0	0.0007311909284908324	-29.195505142211914	9.48840044641939e-09	67.14950720748334	153.99154778263758	195.372895189652	1.514268725315931e-08	0.0	37545.34406942455	0.2523208936940449	88.6839287070625	1.415000067813028	88.59037374399554	65.9696724683635	0.5138608870967741	0.04460685483870968
13428	2	849441	128	11	156176.32061963208	156176.32189829764	13491.481046553132	167317.59552125612	1.0713377985690844	2.9473707046504685	0.9066512556833455	3604134648.72855	182020060.8295024	3422114362.335041	0.8120629662722297	0.0	0.0	0.0	0.001278665557038039	225.56400632858276	6.258478894737082e-08	64.33242712264409	163.21240177496463	178.99452322552543	1.2787485292950997e-08	0.0	53833.09470103582	0.32174197893721873	96.63265781895603	1.8466843985414658	96.5871056326349	65.96967518153147	0.5035282258064516	0.016381048387096774
13428	2	849441	144	11	163523.61646885297	163523.6155402421	14944.55578075977	176264.64822490356	1.077915545357801	2.940095788997039	0.8991797365714543	4329253070.796471	223339747.48424026	4105913100.147213	0.8400715296096513	0.0	0.0	0.0	0.0009286108543165028	223.16501760482788	5.154815714290671e-08	71.37630932710788	179.21903165236048	207.30794681932144	1.9755922763880203e-08	0.0	53175.84369878501	0.3016818440416027	79.44083657754085	1.9982380204594303	79.56489826557963	65.96966731258448	0.5073084677419355	0.025453629032258063
13428	2	849441	160	11	122187.14469756867	122187.14474240836	10686.676721032334	131096.2366284729	1.072913496366214	2.9821975152032243	0.908216793283423	2256524928.8039703	114205059.33985439	2142319833.1377156	0.8203253348834932	0.0	0.0	0.0	4.483968950808048e-05	36.32640027999878	1.6098381992727606e-08	71.29392801503151	150.87573330132653	173.74585808383728	1.2796950495643458e-08	0.0	104586.02197631556	0.7977805097964917	143.85837562907463	4.559651714921617	144.4478901214285	65.96967815276847	0.5030241935483871	0.028729838709677418
13428	2	849441	176	11	175683.44838089484	175683.4490925629	16523.48294450519	189848.54105646393	1.0806284986213277	2.9590507419680017	0.9017382749650036	5177794506.265324	273025488.617354	4904768730.277123	0.8448042559132758	0.0	0.0	0.0	0.000711668049916625	287.37084579467773	5.550062781497959e-08	74.68350225498263	186.97479254274157	223.8639130012293	3.8041177230266006e-09	0.0	49298.7629715747	0.25967417271754994	78.01993152251825	1.5958226529115374	78.10715883722999	65.96966190095443	0.5115927419354839	0.013356854838709678
13428	2	849441	192	11	241612.51272065504	241612.5135382907	22505.5919000968	261070.57346428392	1.0805341599428078	3.0396127117451237	0.9277312342521805	9781238025.781364	506501666.7737026	9274736916.362463	0.8528285700289954	0.0	0.0	0.0	0.0008176356495823711	-557.3548011779785	5.698203026129249e-08	79.05564794647933	203.83322973378273	254.15508862262539	1.8536872838730312e-08	0.0	134048.94745749544	0.5134586630985438	73.88342709041241	2.6528966088154107	74.56533880412594	65.96966194665126	0.5095766129032258	0.04586693548387097
13428	2	849441	208	11	140732.63062567214	140732.6315792324	11823.491030093004	150883.90136860072	1.0721316065634376	2.8731411533736155	0.8985056689563051	2960278369.387764	139794940.13868973	2820483252.1178837	0.8475259307671207	0.0	0.0	0.0	0.0009535602584946901	177.13119077682495	5.983599130694547e-08	71.35641434877695	157.22277043948463	196.19552144331286	1.2897578650456729e-08	0.0	34738.27426351264	0.2302318133024659	75.87220500727624	1.3113145562696291	75.91814813316405	65.96966832941521	0.5005040322580645	0.040826612903225805
13428	2	849441	224	11	238643.0140492473	238643.01296941543	23080.5866154303	258769.89778032195	1.0843388766742663	3.049245325693896	0.930039309554377	10011371842.729034	532713478.51238024	9478659529.101057	0.8604415262764149	0.0	0.0	0.0	0.0010798318544402719	-1164.8844032287598	1.1635612197091461e-07	84.34907761607715	206.7649386778436	257.52374080341013	6.4125125045188085e-09	0.0	140432.59943249257	0.5426929453541953	77.21202858550382	2.9420279289734466	77.9779600859791	65.96966686245821	0.5042842741935484	0.05972782258064516
13428	2	849441	240	11	236622.18458098645	236622.1839937355	21017.1262711903	254741.83276681372	1.0765762864454733	3.027901625702829	0.9268469118250332	8903343125.516876	441719596.69915754	8461623883.934147	0.850736232300302	0.0	0.0	0.0	0.0005872509500477463	-355.11642837524414	3.9885739925880727e-08	81.44462302204573	197.88089009301612	252.43670690653383	3.590341551301883e-08	0.0	126143.58744228064	0.49518207107276463	71.49247344332382	2.5215126091977886	72.06463757734484	65.96966367946614	0.5	0.047631048387096774
13428	2	849441	0	12	109490.5355243497	109490.53629333076	9846.974900907138	117525.66928977816	1.0733865600980783	3.119219265189934	0.9073053882499847	1824105572.6014214	96962914.69909514	1727142400.7537057	0.8009745857390491	0.0	0.0	0.0	0.0007689810590818524	257.14862036705017	1.4097244382644006e-07	61.87818767743767	143.68795854184992	159.10655604428084	1.3709896808437497e-08	0.0	34671.90731490016	0.29501561320963343	117.01771143727395	1.6506859489219508	117.16238359342798	65.96968053792784	0.4982358870967742	0.02444556451612903
13428	2	849441	16	12	131902.4942871368	131902.49501932703	11237.129994630755	141128.15249279595	1.0699430155246037	2.9761471804782706	0.8748111208656413	2518887426.8617096	126273090.51623021	2392614040.8225083	0.8071128018432437	0.0	0.0	0.0	0.0007321902376133949	295.5229711532593	1.1732281800360263e-07	70.97184853237619	146.72292167724805	190.65372581765433	1.3595981560235422e-09	0.0	36840.04011499072	0.261039626529894	89.68620569640571	1.5677712293764425	89.62317421860668	65.96967040612013	0.514616935483871	0.03150201612903226
13428	2	849441	32	12	189058.79930883014	189058.79980975742	13795.848491578456	199945.77056623777	1.0575851073698168	2.9911233722763075	0.8963250606563947	4235081571.2300873	190325435.60258755	4044755850.062651	0.7753843003754796	0.0	0.0	0.0	0.0005009272717870772	285.56484842300415	6.742841752161607e-08	59.45912802198173	163.68184821212563	187.10556369526014	1.528849958992566e-10	0.0	53000.51577501934	0.2650744542553117	78.40540085951108	1.523426106176643	78.31674120651186	65.96966864881225	0.5178931451612903	0.05115927419354838
13428	2	849441	48	12	128190.80779312144	128190.80850715136	11412.851662711293	137598.4230246307	1.0733875961425532	3.094091261875006	0.9024068045306716	2500442816.2122154	130253183.07505192	2370189408.377715	0.8100316685155724	0.0	0.0	0.0	0.0007140299276215956	224.7594485282898	8.988785789101373e-08	65.31992865804398	156.75649735063837	179.79668131184076	1.3780158612164754e-08	0.0	37355.44438216585	0.27148163145165755	95.65836967103084	1.4677594992928338	95.87214206404562	65.96967621699957	0.4921875	0.018649193548387098
13428	2	849441	64	12	21848.18153059225	21848.181559124587	2351.1790330126228	23781.610580494504	1.088493820284083	3.1744972913814133	0.9184740258213835	88221965.6085757	5528042.845278171	82693924.64309451	0.8049012687658685	0.0	0.0	0.0	2.853233672794886e-05	-1.8797969818115234	2.130758444163248e-08	127.86719995234604	79.78562362399231	65.34454155293781	1.631154263270883e-08	0.0	101680.55160729616	4.275595648145284	2040.526115011664	30.91798068602407	2063.8851400363997	65.96968698548736	0.49974798387096775	0.01965725806451613
13428	2	849441	80	12	114707.36353004056	114707.36397838198	9488.486541807422	122408.10633598344	1.0671338139850641	2.9221884859151994	0.8694840732134181	1825965248.7485485	90031376.85406059	1735933649.199658	0.7974709659070442	0.0	0.0	0.0	0.0004483414231799543	222.6948299407959	1.2196005925820493e-07	75.93685730593491	147.03082314649072	174.67228153272953	8.28328384549745e-09	0.0	47365.56691993699	0.38694795941598115	95.76605755852799	2.7438114306651307	95.9657644338457	65.96967335940931	0.4959677419354839	0.05040322580645161
13428	2	849441	96	12	122392.82500149713	122392.82493942826	11453.931155984043	131990.438472621	1.078416471480305	2.975423572039704	0.8822311898550128	2441472236.3476486	131192538.92602193	2310279524.8542237	0.8239939181432484	0.0	0.0	0.0	6.206886610016227e-05	172.56740283966064	7.068169781763115e-08	67.7497088316826	155.943867299313	184.72884386694165	2.1884648097266497e-09	0.0	32312.801544857986	0.24481168472114076	88.71552504966657	1.276247740949416	88.66857201597418	65.96967279955592	0.49722782258064513	0.05922379032258064
13428	2	849441	112	12	148799.9808221263	148799.98154915695	12223.056415756542	158826.84502362178	1.0673848487486128	3.011706257972205	0.8847691535274286	3084532407.4924164	149403108.1427672	2935129108.1197886	0.806890347333792	0.0	0.0	0.0	0.0007270306523423642	191.2298607826233	6.199638568170676e-08	66.60569777367098	151.3687416972429	192.97422729385025	4.091373874331921e-09	0.0	35218.06471768077	0.22173874034833774	88.59037374399554	1.2587687826570284	88.53764352647903	65.96967444821213	0.5148689516129032	0.04410282258064516
13428	2	849441	128	12	167317.59552125612	167317.59826519195	13112.267639483283	177751.19169134903	1.062358033161954	3.050837875947965	0.8992917454897386	3600308376.6800423	171931562.64944053	3428375678.4477215	0.7813380650175735	0.0	0.0	0.0	0.0027439358236733824	1135.5828800201416	3.154126705855398e-07	63.3949251918969	161.02936414139361	177.56042674235619	1.570686334328351e-08	0.0	55697.559601008856	0.3133456323322409	96.5871056326349	1.8100935388424728	96.57129104853047	65.96967220524871	0.5032762096774194	0.016381048387096774
13428	2	849441	144	12	176264.64822490356	176264.6486917585	14539.785772141824	188284.38081223815	1.0681913969044894	3.0521083406428935	0.8941735254016494	4381781843.99892	211405370.2997778	4170376832.5990143	0.8136208627920596	0.0	0.0	0.0	0.00046685495181009173	-358.8998718261719	8.190728899881313e-08	71.90121741954538	176.85913469976288	206.13100660281702	1.7958394858799215e-08	0.0	57247.14664619278	0.30404617958604735	79.56489826557963	1.8031783035333468	79.66475339563057	65.96966736405673	0.5065524193548387	0.03024193548387097
13428	2	849441	160	12	131096.2366284729	131096.23703777348	10346.164193295957	139389.08348213116	1.063257703401206	3.0865117657389307	0.9010818305068256	2243093335.8399773	107043113.51463938	2136050025.2258668	0.7874297727290465	0.0	0.0	0.0	0.00040930058457888663	197.09947109222412	8.786949162702396e-08	71.36167836984731	148.73367565436325	172.3620986060624	1.0326303663402758e-09	0.0	108580.61948667184	0.7789750608150968	144.4478901214285	4.392183245233859	145.09871186153939	65.96968496423395	0.5012600806451613	0.03024193548387097
13428	2	849441	176	12	189848.54105646393	189848.54085035148	16092.463046342133	203232.71284083463	1.0704992079996551	3.07248699377063	0.8967653023671097	5261067027.377281	258967366.8978871	5002099912.403962	0.8186392860751683	0.0	0.0	0.0	0.0002061124541796744	-251.92456817626953	4.788469085554639e-08	75.12300125315073	184.7820424625457	222.2491348764953	2.2495216960890136e-09	0.0	51346.148915746344	0.2526470670481876	78.10715883722999	1.3971019859691387	78.1756720010362	65.9696650393275	0.5120967741935484	0.014616935483870967
13428	2	849441	192	12	261070.57346428392	261070.57399317238	21681.216779436334	279282.1737965298	1.0697573843370645	3.152749876903253	0.921453397919376	9840688271.545013	470075161.03691167	9370614719.311604	0.8277448939591544	0.0	0.0	0.0	0.0005288884567562491	-1608.8035011291504	1.6348485560518258e-07	79.97787434998453	200.91216364812914	250.99645920067323	1.1927222885291155e-08	0.0	130280.14772824763	0.466482145908325	74.56533880412594	2.422209901879702	75.24067866541672	65.96966815588281	0.5080645161290323	0.04233870967741935
13428	2	849441	208	12	150883.90136860072	150883.90201053524	11286.551822078794	160292.85437617527	1.0623588926467975	2.9841653147644225	0.8944207360619004	2927847471.8520966	127386252.03247017	2800461114.657896	0.8222338731964917	0.0	0.0	0.0	0.0006419345154426992	105.16173028945923	3.591776255439156e-08	71.31316926906405	153.73655566238992	192.8153921535097	4.878458831300196e-09	0.0	29842.59132138248	0.18617543065858475	75.91814813316405	1.0484554705076572	75.95398794631467	65.96966437891616	0.49974798387096775	0.04158266129032258
13428	2	849441	224	12	258769.89778032195	258769.89836530376	22250.473108981685	277652.10222062713	1.072969091854474	3.164774014175772	0.9240103740203973	10128829870.295303	495083553.5735171	9633745872.674915	0.8365890680969171	0.0	0.0	0.0	0.0005849818116985261	444.04687118530273	4.3839898277643465e-08	85.59815419555045	203.75352761474159	254.73711582391564	2.5794179733869097e-09	0.0	135548.25945155343	0.48819460854023655	77.9779600859791	2.673044466082575	78.77348949166348	65.96966846838957	0.508820564516129	0.07006048387096774
13428	2	849441	240	12	254741.83276681372	254741.83343779427	20083.36113715488	271531.8571900862	1.0659099616302194	3.1392651493501034	0.9206618182211134	8836148107.702087	403341394.56538296	8432807990.485163	0.8241486436010629	0.0	0.0	0.0	0.0006709805456921458	-1277.3484582901	1.4455942144934066e-07	82.47668927925103	194.5191264306265	248.41711055737332	1.1740311296881631e-08	0.0	120668.82397679136	0.4444002500485587	72.06463757734484	2.3086357457905704	72.68182704575408	65.96966416178975	0.5	0.04914314516129032
13428	2	849441	0	13	117525.66928977816	117525.66942865701	9577.874931899074	125035.39463220211	1.0638985966879075	3.2162433383424576	0.8988205362904165	1821566968.8202076	91735688.2111007	1729831082.941234	0.7683724867036112	0.0	0.0	0.0	0.0001388788514304906	197.6678729057312	1.08515292761241e-07	61.82141253297879	141.88255549393816	157.33892456190236	1.9479720727496805e-08	0.0	35817.1191405947	0.28645584081732306	117.16238359342798	1.5891604681325433	117.30848677185234	65.96968325266933	0.4954637096774193	0.028225806451612902
13428	2	849441	16	13	141128.15249279595	141128.152918255	10871.283512988328	149742.76547079236	1.0610410667597747	3.077963547376155	0.8696094336519155	2505740384.8108597	118184805.21977185	2387555398.436762	0.7780884742830473	0.0	0.0	0.0	0.0004254590312484652	181.15432596206665	7.229572826465847e-08	70.65434267025887	144.50348415750236	188.69500286717457	4.646039585923608e-09	0.0	36275.94510041315	0.24225507665068033	89.62317421860668	1.470928962342064	89.59369027690326	65.96967043947646	0.5133568548387096	0.03150201612903226
13428	2	849441	32	13	199945.77056623777	199945.77210810696	13312.239807144186	210044.9489590057	1.0505095874954868	3.081688928391005	0.8885711202823051	4140569415.8647156	177215728.68291426	3963353240.652466	0.744508101377416	0.0	0.0	0.0	0.0015418691909871995	446.5293354988098	1.0784249475154777e-07	58.28324740463293	160.97567356349495	184.86969511116803	1.1201836887363841e-08	0.0	52624.95401308962	0.25054139314996593	78.31674120651186	1.4385074931640023	78.23609635106374	65.96966726488712	0.5158770161290323	0.05569556451612903
13428	2	849441	48	13	137598.4230246307	137598.42424155155	11132.138560295594	146458.03662964914	1.0643874646981422	3.194740024454461	0.8951572902681817	2516630474.5464325	123924508.92562005	2392705420.6573906	0.7810290257518854	0.0	0.0	0.0	0.0012169208494015038	544.9634218215942	2.1654487114156556e-07	65.30068991923676	154.87321160248356	178.38834919290602	1.471056934566122e-08	0.0	36404.9670034847	0.24856926860976394	95.87214206404562	1.3789946711094907	96.07364142256668	65.96966815928606	0.4914314516129032	0.02066532258064516
13428	2	849441	64	13	23781.610580494504	23781.610474620047	2363.6397568174984	25673.38450239542	1.0795477629867734	3.2682091579050545	0.9085941353509176	93557670.00554919	5586792.900008284	87970887.90196618	0.782503758182492	0.0	0.0	0.0	0.00010587445649434812	-10.79642528295517	1.153986122390051e-07	127.63609558132177	80.3621139025104	65.19784381017901	2.0339426005716353e-09	0.0	106324.68209710681	4.141436090626612	2063.8851400363997	28.745307489326315	2085.0811121582	65.96968410499339	0.49798387096774194	0.02746975806451613
13428	2	849441	80	13	122408.10633598344	122408.10699036131	9238.877928635775	129644.75353024653	1.0591190192453437	3.022308773224946	0.8641754282391747	1824017621.1569386	85356865.38023326	1738660876.1167536	0.7686975117948276	0.0	0.0	0.0	0.0006543778727063909	-120.34004831314087	6.597526631174294e-08	76.33110379827622	145.30642515207782	173.7735626686106	1.1314626044956076e-08	0.0	46377.87814719592	0.3577304646275909	95.9657644338457	2.5993188823211266	96.16437316589379	65.96967034662138	0.49848790322580644	0.05796370967741935
13428	2	849441	96	13	131990.438472621	131990.43865751874	11259.603317042865	141126.2737853211	1.0692158872901627	3.083589342441938	0.8772722737067759	2495149304.3346634	126778666.85716271	2368370535.3520746	0.7968087439268013	0.0	0.0	0.0	0.00018489774083718657	102.12542629241943	4.09295853017707e-08	67.21514636567039	154.4175321073863	183.53594493841643	1.1041281812807246e-08	0.0	27504.495282186977	0.19489280514923643	88.66857201597418	0.9342766244651365	88.77234594276953	65.96967113412687	0.4964717741935484	0.05972782258064516
13428	2	849441	112	13	158826.84502362178	158826.84517871344	11783.412618303422	168148.63465800625	1.0586915243011852	3.1117369250110976	0.8789989717749486	3047996637.1940956	138848812.9331923	2909148234.9915113	0.7772144393415397	0.0	0.0	0.0	0.00015509166405536234	-410.7306079864502	1.3475428515057609e-07	66.03451794481718	148.6946874509647	190.410208322342	1.308665765800502e-08	0.0	34393.57263645434	0.20454268207296344	88.53764352647903	1.1757164692180428	88.49722449751803	65.96967220169839	0.5123487903225806	0.04788306451612903
13428	2	849441	128	13	177751.19169134903	177751.19210381672	12731.116613783868	187474.23629351697	1.0547003061394449	3.1435472015403665	0.891088123663712	3551103126.142723	162081330.23376364	3389021901.6507263	0.7487991825024685	0.0	0.0	0.0	0.00041246769251301885	-105.74176692962646	2.9777160272020942e-08	62.59034512581562	158.78023938980795	176.07938155700063	8.022776664073276e-09	0.0	57105.69065011636	0.3046055380150619	96.57129104853047	1.7743423172472201	96.57918672367302	65.96967202859915	0.502016129032258	0.017137096774193547
13428	2	849441	144	13	188284.38081223815	188284.38144420247	14123.41550289715	199575.2788509821	1.059967257985162	3.1535447717812546	0.888219199746568	4379283870.59935	199470865.46747556	4179812947.892191	0.7859100082233165	0.0	0.0	0.0	0.0006319643289316446	57.239683628082275	1.3070557954090434e-08	72.0706201491328	174.39117714103486	204.76914166401468	1.8720921951915125e-08	0.0	60430.95682735671	0.30279780764223607	79.66475339563057	1.7074640663772322	79.74573364446873	65.96966797971099	0.5100806451612903	0.03452620967741935
13428	2	849441	160	13	139389.08348213116	139389.08397763144	9992.99370551687	147058.19167193072	1.0550194319254758	3.1794227281121836	0.8929729770958302	2196795143.8297806	99859923.1984998	2096935134.7186732	0.752715090526968	0.0	0.0	0.0	0.0004955002805218101	85.91260766983032	3.9108156220727375e-08	71.39880583128122	146.4219789099833	170.86794364398645	3.3178431305739263e-09	0.0	111533.6454099974	0.7584320492071733	145.09871186153939	4.248547667545937	145.81673803852274	65.96968239197449	0.5032762096774194	0.03755040322580645
13428	2	849441	176	13	203232.71284083463	203232.7147211071	15655.797088573445	215827.90075446994	1.0619742153592147	3.175177072607516	0.8908037654475087	5278147175.43618	245103982.47858474	5033042528.900614	0.7909186242267707	0.0	0.0	0.0	0.001880272466223687	664.0569820404053	1.2581251715201146e-07	75.24011854100667	182.52719168829728	220.4523002003274	6.552897241550863e-09	0.0	51945.03662715025	0.2406780418206012	78.1756720010362	1.2881195799152023	78.23001003727309	65.96966441045934	0.5108366935483871	0.02066532258064516
13428	2	849441	192	13	279282.1737965298	279282.1764280674	20903.908936929223	296288.6282253443	1.0608934476469825	3.255321312341347	0.9144917482844938	9788418615.14122	436973408.84342945	9351445424.965971	0.8008995007287344	0.0	0.0	0.0	0.0026315375580452383	-218.66818046569824	2.2339479855045356e-08	80.94332930766775	198.1246904759065	247.94301788165788	1.0292176644952663e-08	0.0	127064.23473165801	0.42885288971976204	75.24067866541672	2.264037255573827	75.90375654498725	65.96966307897775	0.5063004032258064	0.04914314516129032
13428	2	849441	208	13	160292.85437617527	160292.85366761946	10780.608533173781	168995.25288590844	1.054290620399774	3.08466364743101	0.8894732243327792	2865596333.9104156	116221520.34553935	2749374840.337329	0.7955116087780298	0.0	0.0	0.0	0.0007085558027029037	-26.77245283126831	9.342716039399174e-09	71.1494257096458	150.42574066946904	189.56154979798123	1.4351283372474705e-08	0.0	26100.52986483518	0.15444534325613898	75.95398794631467	0.8779262479755744	75.97640910624872	65.96966100558383	0.5	0.04536290322580645
13428	2	849441	224	13	277652.10222062713	277652.0999231939	21479.966272919486	295340.6491159572	1.063707592176898	3.2698163621014946	0.9173041827635803	10135409152.701385	461388951.08575857	9674020702.431911	0.8110403461091569	0.0	0.0	0.0	0.002297433209605515	-500.8162841796875	4.941253743527514e-08	87.01799808854496	200.94765559579793	252.17437275808635	1.5365673071664637e-08	0.0	132095.7491423958	0.4472657255345327	78.77348949166348	2.508639265184245	79.57064784323593	65.96966800409542	0.5085685483870968	0.07913306451612903
13428	2	849441	240	13	271531.8571900862	271531.85725081945	19214.23272419964	287061.16649801907	1.0571914819448296	3.2398290642752676	0.9137844258293799	8674563842.106033	369186739.1797043	8305375281.150318	0.7959493429096146	0.0	0.0	0.0	6.0733233112841845e-05	1821.7760105133057	2.10013557300768e-07	83.77881862979694	191.19943897125353	244.90321095566884	7.861860608861693e-09	0.0	116539.29220574547	0.4059737286486218	72.68182704575408	2.1174398682866618	73.23945378198026	65.96966397834862	0.5017641129032258	0.055443548387096774
13428	2	849441	0	14	125035.39463220211	125035.39505275272	9313.18734040121	132022.99401436903	1.0558849708334292	3.302540233233938	0.8895007001458415	1796221037.687605	86735458.43740936	1709485508.3877258	0.7340136193173817	0.0	0.0	0.0	0.00042055061203427613	70.86246967315674	3.945086277598815e-08	61.75768313361948	140.08752732286706	155.61486931912728	4.509432658437022e-11	0.0	37113.85940880932	0.28111663130849457	117.30848677185234	1.5474943856759484	117.45810376881514	65.9696833520542	0.49521169354838707	0.030997983870967742
13428	2	849441	16	14	149742.76547079236	149742.7663291	10515.929803244118	157754.57326739887	1.0535038054854757	3.1694485038880256	0.8634087026191184	2463609575.938389	110584779.62675789	2353024480.9020004	0.7471416025082563	0.0	0.0	0.0	0.0008583076414652169	315.4096302986145	1.2802744127119859e-07	70.34827729503583	142.3081264678794	186.70748625111517	1.2955153530341492e-09	0.0	35964.294907115116	0.22797624259052807	89.59369027690326	1.3857240655272616	89.588789534131	65.96967167193587	0.5110887096774194	0.03452620967741935
13428	2	849441	32	14	210044.9489590057	210044.95063547164	12855.137312362578	219389.74158538753	1.044489489857743	3.1630259313846807	0.8802341383174719	4012978129.7118073	165254555.31969655	3847721907.622235	0.7124997473304364	0.0	0.0	0.0	0.00167646593763493	1666.7698760032654	4.1534486910422427e-07	57.174139077518234	158.33565158960775	182.6897141144936	7.3931278280139536e-09	0.0	51809.502117573946	0.23615280168414476	78.23609635106374	1.36161825428821	78.16813512262065	65.96966939824947	0.5181451612903226	0.061995967741935484
13428	2	849441	48	14	146458.03662964914	146458.0373215604	10861.294091483353	154776.5203796148	1.056797728150629	3.2852495594319473	0.8871097160977648	2505814767.409668	117967709.34169117	2387847073.3974066	0.7505536317065145	0.0	0.0	0.0	0.0006919112638570368	-15.329429626464844	6.117543014686322e-09	65.32105689233535	153.0408288055971	177.0319639680766	3.2452702510567476e-09	0.0	36367.47960605997	0.23496767812546135	96.07364142256668	1.336341970089764	96.26062472468712	65.96967744754886	0.49067540322580644	0.02192540322580645
13428	2	849441	64	14	25673.38450239542	25673.38441942366	2370.060133519502	27517.177899581566	1.0718173093623131	3.3536117230789673	0.8984841935046831	98072407.74938297	5617185.03649848	92455222.6873886	0.759729454889716	0.0	0.0	0.0	8.297176100313663e-05	0.02549588680267334	2.599700301824572e-10	127.36815828181221	80.7684049237227	65.05257328766223	2.093390014637729e-08	0.0	110850.15012765845	4.028398209504195	2085.0811121582	26.763653091568816	2104.2408669393444	65.96968720039227	0.4964717741935484	0.034022177419354836
13428	2	849441	80	14	129644.75353024653	129644.75483659329	8991.69563953101	136421.2148130858	1.0522694601849685	3.1126351674361175	0.8579247384197447	1802985733.1597347	80850590.47396097	1722134951.8318558	0.7386532901876492	0.0	0.0	0.0	0.001306346763158217	190.85391807556152	1.058543695412885e-07	76.69268105974972	143.53424700654946	172.81360040655892	3.5231311305019426e-09	0.0	45888.18523602657	0.3363713273555437	96.16437316589379	2.4814243191533185	96.38252756371847	65.96967305081266	0.49798387096774194	0.0642641129032258
13428	2	849441	96	14	141126.2737853211	141126.27459221295	11044.426247509713	149779.3270120007	1.0613142612965356	3.181335615424102	0.8712464894125564	2517221647.6384315	121979351.13668148	2395241931.2296896	0.7683663790860655	0.0	0.0	0.0	0.000806891854153946	365.2720603942871	1.4510921624123662e-07	67.59588388272236	152.9646795300867	182.6158107974608	1.856074167336072e-08	0.0	29839.586842804754	0.1992236685710024	88.77234594276953	1.083680591603388	88.89445619988564	65.96967272291305	0.4969758064516129	0.06476814516129033
13428	2	849441	112	14	168148.63465800625	168148.6362930511	11354.981150591411	176779.2913216876	1.051327545306776	3.201534429930988	0.8723354818777914	2976954502.8464317	128935596.93028624	2848018680.2248354	0.7458183607910912	0.0	0.0	0.0	0.0016350448422599584	225.69130992889404	7.581281800346563e-08	65.43142801138114	146.02829070802434	187.82484120484872	6.376785109375205e-10	0.0	33546.99264206744	0.18976766170971104	88.49722449751803	1.1029702992800714	88.46462246399501	65.9696720409691	0.5085685483870968	0.04485887096774194
13428	2	849441	128	14	187474.23629351697	187474.2390689026	12349.32254643306	196492.1371846321	1.0481020809547203	3.2263140595765027	0.8821698433262677	3462570701.546852	152505767.35583994	3310063770.6374855	0.7148610451023758	0.0	0.0	0.0	0.002775385626591742	1163.553526878357	3.3603747826970195e-07	61.90288503362311	156.46811376482555	174.55149236796976	1.7585577072589953e-09	0.0	58114.5902142904	0.29576038395122234	96.57918672367302	1.7393075174127102	96.60643111867877	65.96967108014643	0.501008064516129	0.02746975806451613
13428	2	849441	144	14	199575.2788509821	199575.2798076336	13720.364207619228	210151.83280045004	1.0529953108940169	3.2452764258874094	0.8814656048017038	4333500900.94104	188248393.9897188	4145252094.6941404	0.7569175327120682	0.0	0.0	0.0	0.0009566514927428216	412.2571806907654	9.513259374221932e-08	72.0025122450326	171.96176360721856	203.32221510251898	1.5577814105775134e-08	0.0	62396.49585208873	0.29691150021561497	79.74573364446873	1.6344315070702178	79.81889863890842	65.96966783754307	0.5095766129032258	0.038306451612903226
13428	2	849441	160	14	147058.19167193072	147058.1929746052	9634.24854560141	154107.96313157587	1.0479386519002787	3.261831661156277	0.8840619545466718	2123152562.744831	92818745.03842288	2030333563.2395258	0.7165233159116382	0.0	0.0	0.0	0.0013026744709350169	254.4668824672699	1.1985331950818118e-07	71.41573063427488	143.99845538364346	169.26019837966174	4.202116605668757e-09	0.0	113477.00783457732	0.7363474653079521	145.81673803852274	4.1117523267098495	146.60097861365878	65.96968276702358	0.5027721774193549	0.049899193548387094
13428	2	849441	176	14	215827.90075446994	215827.90131970006	15233.178290708422	227644.84046565098	1.0547516779335413	3.2679652756859716	0.8839971134966992	5240490646.550354	232049720.83651036	5008440622.953852	0.7616832774288403	0.0	0.0	0.0	0.0005652301188092679	302.759991645813	5.777321477429029e-08	75.17102063866523	180.31188506800788	218.56556055375574	2.5071023673677574e-08	0.0	51572.55570601134	0.22654831831140554	78.23001003727309	1.2044463858642775	78.27958213546458	65.96967085728129	0.5090725806451613	0.03024193548387097
13428	2	849441	192	14	296288.6282253443	296288.62693199795	20140.277312839553	312111.18917661463	1.0534025252539776	3.348171153323843	0.9069494410498461	9626443193.584213	405630770.23807967	9220813316.90182	0.7726072983420863	0.0	0.0	0.0	0.0012933463440276682	-893.555685043335	9.282303620083353e-08	81.84693329958209	195.27122485693982	244.8737661625719	4.411376023227792e-09	0.0	123681.51674419074	0.3962738939207488	75.90375654498725	2.1044722687952677	76.51940806350171	65.96966710369354	0.5093245967741935	0.05594758064516129
13428	2	849441	208	14	168995.25288590844	168995.25223060037	10312.03745111148	177031.1709523939	1.0475511467290188	3.1755791835235687	0.8838001111782375	2780639990.8035736	106338116.39312577	2674302118.570122	0.7672934439321669	0.0	0.0	0.0	0.0006553080747835338	-244.1596736907959	8.780700647991346e-08	70.89444134590161	147.28665714928877	186.44664147461762	2.6338071837581527e-09	0.0	23630.69352020446	0.13348323592676645	75.97640910624872	0.7575399189484912	75.98608217304925	65.96966294499542	0.5012600806451613	0.05241935483870967
13428	2	849441	224	14	295340.6491159572	295340.64786133525	20723.21926777665	311856.6278789293	1.0559217934016512	3.3652335551921944	0.910027858679791	10028457331.782043	429451816.82034945	9599007243.406116	0.7841802105573719	0.0	0.0	0.0	0.0012546219513751566	-1728.4444217681885	1.723539687694963e-07	88.36358859810773	198.09962090198164	249.60091458750836	3.0713007840618023e-09	0.0	128602.4958734561	0.4123769845355006	79.57064784323593	2.3365144525412314	80.32811218987999	65.96966977427904	0.5078125	0.08694556451612903
13428	2	849441	240	14	287061.16649801907	287061.1638160471	18355.87850737343	301359.36458618904	1.0498088900794202	3.330482336101243	0.9063404909181193	8413353312.588196	336938275.7774538	8076416079.140892	0.7663710192090775	0.0	0.0	0.0	0.0026819719932973385	-1042.3301496505737	1.2388997714989842e-07	84.52479131883076	187.753164821493	241.16540691387692	1.2211088880228965e-08	0.0	110107.07760210849	0.36536803262736023	73.23945378198026	1.892823810549076	73.73781681751666	65.96966393081455	0.5015120967741935	0.06401209677419355
13428	2	849441	0	15	132022.99401436903	132022.99551187985	9051.326442584515	138494.88415054078	1.0490209314255314	3.378906343767185	0.8794719926957236	1750761987.353588	81926510.37022966	1668835050.5307298	0.6982671422525055	0.0	0.0	0.0	0.0014975108206272125	426.4526286125183	2.435811559155076e-07	61.685793680288334	138.28228518491525	153.91614013206325	1.3574192029774869e-08	0.0	38380.45423207654	0.27712542929509393	117.45810376881514	1.5170325277568117	117.61323543290818	65.96968116771593	0.49470766129032256	0.035282258064516125
13428	2	849441	16	15	157754.57326739887	157754.5735415961	10173.19144984923	165177.82256420387	1.047055683667708	3.2513706690304622	0.8563559201893268	2397207680.272503	103493824.27528547	2293713852.13274	0.7146116057977401	0.0	0.0	0.0	0.0002741972275543958	3.8644776344299316	1.6120746092347895e-09	70.03922795901079	140.14429233828744	184.70070690949282	3.911780838411131e-09	0.0	35751.10708043574	0.21644011457226325	89.588789534131	1.3085471452866442	89.60658184814153	65.96967179066769	0.5115927419354839	0.03881048387096774
13428	2	849441	32	15	219389.74158538753	219389.7432856928	12416.123911029968	228011.6461177308	1.039299488071039	3.2358947444646304	0.871416497390468	3857452052.4141846	154160132.97405013	3703291753.528485	0.6797599515997508	0.0	0.0	0.0	0.0017003052635118365	165.9116497039795	4.301068359362854e-08	56.13204023224602	155.73292238931762	180.5215997709462	1.604468567507975e-08	0.0	50605.83822215175	0.2219440939813719	78.16813512262065	1.2920437651274719	78.11422339829802	65.96966430876519	0.5181451612903226	0.06754032258064516
13428	2	849441	48	15	154776.5203796148	154776.5203678871	10589.821637156885	162557.5472985929	1.0502726569888885	3.366412168108418	0.8783920901908668	2469184922.9129486	112144322.30679613	2357040533.547248	0.7190239080402046	0.0	0.0	0.0	1.172770862467587e-05	67.05890464782715	2.7158316100811263e-08	65.3558882248092	151.17858842065112	175.65003050073258	1.20073983518435e-08	0.0	36681.81144667463	0.22565431178404965	96.26062472468712	1.3093058511307503	96.43415861759892	65.9696740711765	0.49243951612903225	0.028225806451612902
13428	2	849441	64	15	27517.177899581566	27517.177659089404	2370.6316938951372	29307.48174433923	1.065061317381129	3.4314553080681014	0.8881901440629415	101733406.63755715	5619894.628100128	96113529.9687958	0.7366930252252301	0.0	0.0	0.0	0.00024049216153798625	-17.959338784217834	1.7653334708628293e-07	127.07134042404117	81.00135617466366	64.91111572801302	2.3010702479465418e-09	0.0	115382.55773726641	3.9369659135382804	2104.2408669393444	24.971178998430908	2121.4741589718656	65.96968885627558	0.49722782258064513	0.04359879032258064
13428	2	849441	80	15	136421.2148130858	136421.21600522872	8734.64435892078	142734.84456098138	1.0462804099534375	3.19388014543232	0.8508901389134154	1762488000.7694168	76294012.07682659	1686193584.2213707	0.7075388536923417	0.0	0.0	0.0	0.0011921429249923676	404.47121953964233	2.294887791366919e-07	77.00915017784939	141.63489110916706	171.67901357137083	1.2729347775413265e-08	0.0	45565.385992841875	0.31923099020777035	96.38252756371847	2.366578431721667	96.62814094541731	65.96967121704118	0.49899193548387094	0.07459677419354839
13428	2	849441	96	15	149779.3270120007	149779.32702923837	10766.080547416046	157902.23693868142	1.0542325171886364	3.269473935515745	0.864365601948218	2499269630.0716476	115908490.35345021	2383361202.741688	0.7390100936086961	0.0	0.0	0.0	1.723767491057515e-05	-63.02349042892456	2.521676319778184e-08	68.05478856871295	151.09658704634944	181.39744333236328	2.09290376675043e-08	0.0	32214.845107005905	0.20401766191061413	88.89445619988564	1.118519133982831	88.98826939959869	65.96967093741519	0.4962197580645161	0.06955645161290322
13428	2	849441	112	15	176779.2913216876	176779.2920212503	10936.9465322271	184736.18103198332	1.0450103043790149	3.2818777069944702	0.8649202697669455	2876538742.0836105	119616799.44879441	2756921638.5243134	0.7129629260275958	0.0	0.0	0.0	0.0006995626899879426	304.11050271987915	1.0572098274595036e-07	64.79671184624458	143.36185788134986	185.20323114821895	5.09143061610233e-10	0.0	32585.621555401864	0.17639003590003582	88.46462246399501	1.0349091858700898	88.44139423368516	65.96966735644746	0.5105846774193549	0.04586693548387097
13428	2	849441	128	15	196492.1371846321	196492.13971228196	11967.937459648085	204817.66700855	1.0423708039578952	3.2999053366673325	0.8726590900674428	3341116743.4409866	143231527.03804785	3197884340.95695	0.6799363565456917	0.0	0.0	0.0	0.0025276498636230826	875.4459886550903	2.620219692633297e-07	61.317631939790715	154.0963269766228	172.97650801288054	1.5417111894849076e-08	0.0	58805.592152595855	0.2871119128336482	96.60643111867877	1.7055382751345354	96.6495213382028	65.96967595655747	0.5005040322580645	0.03654233870967742
13428	2	849441	144	15	210151.83280045004	210151.83366873182	13331.08649129081	220030.67141337314	1.0470081011489611	3.328040144531715	0.8740292264966892	4249703533.231476	177717867.0382763	4071985281.0542016	0.7267373383124772	0.0	0.0	0.0	0.0008682817860972136	385.1389980316162	9.062726258901086e-08	71.79535350833282	169.58469512241084	201.76953368964087	4.707076311496871e-09	0.0	63302.453509901905	0.28769831591008327	79.81889863890842	1.5584244686104178	79.89022901519402	65.96967023366878	0.5100806451612903	0.04410282258064516
13428	2	849441	160	15	154107.96313157587	154107.9634209965	9273.099396988868	160550.85504717627	1.0418076508486425	3.334578744417484	0.8745021125248291	2027312755.8162575	85990372.4264353	1941321898.9234908	0.679231098528964	0.0	0.0	0.0	0.0002894206263590604	484.4663314819336	2.389697051389946e-07	71.41778500675545	141.49194621449206	167.5393726957741	3.463297516123096e-09	0.0	114606.22548392606	0.7138313001538356	146.60097861365878	3.977729445852255	147.44602301063023	65.96968019946839	0.5022681451612903	0.06048387096774194
13428	2	849441	176	15	227644.84046565098	227644.84127249673	14821.69100883622	238695.4341246241	1.0485431325233154	3.351575175590161	0.8764633559327957	5153336881.311073	219682524.36141646	4933653462.964325	0.7311105951663979	0.0	0.0	0.0	0.0008068457536865026	893.9853315353394	1.7347698241452795e-07	75.00966566887875	178.1222663965523	216.57815084486154	2.5909108904216352e-08	0.0	50702.028064471386	0.21241306189997347	78.27958213546458	1.1299318661845494	78.3290635415147	65.96966484515355	0.5090725806451613	0.04284274193548387
13428	2	849441	192	15	312111.18917661463	312111.1885687616	19379.742423427604	326769.43006372766	1.0469648041961686	3.4320342834831457	0.8989216452948209	9364866014.932892	375574416.3983996	8989290953.300959	0.743084330818728	0.0	0.0	0.0	0.0006078530568629503	645.2335338592529	6.889938765064934e-08	82.48677793311754	192.31861027685673	241.62146632085606	2.434381762726951e-08	0.0	119608.51563939721	0.3660333729080331	76.51940806350171	1.940976339044075	77.07783603659541	65.96966487914429	0.5083165322580645	0.06098790322580645
13428	2	849441	208	15	177031.1709523939	177031.1708412758	9874.313602423925	184435.22573844634	1.0418234525943653	3.257685338952943	0.8775061837213537	2676317004.415947	97502069.11901414	2578814687.1770377	0.7376213550686591	0.0	0.0	0.0	0.00011111810454167426	248.11989498138428	9.27094565299941e-08	70.55394695218574	144.27857371751404	183.3908346255809	5.967129199916912e-09	0.0	22540.531095189646	0.12221380698497175	75.98608217304925	0.6811680017684613	75.98638056556139	65.96966848750725	0.5042842741935484	0.05796370967741935
13428	2	849441	224	15	311856.6278789293	311856.6290616887	19973.867208501208	327221.3587136082	1.0492685723538442	3.451765817683898	0.9022739796660004	9819261246.362823	398955371.2628398	9420304486.7243	0.7561671498013104	0.0	0.0	0.0	0.0011827594134956598	1388.3756828308105	1.4139308935741803e-07	89.39114399684904	195.19150312521805	246.8517893621079	1.664616954797684e-09	0.0	124692.50986083341	0.38106470135876286	80.32811218987999	2.1589724256851595	81.03852285532501	65.9696670117337	0.5052923387096774	0.09501008064516128
13428	2	849441	240	15	301359.36458618904	301359.3640033043	17547.812532211978	314489.3754283412	1.0435692810149824	3.4120200373230887	0.8984150818294586	8086100633.516525	307925724.66565573	7778174982.547667	0.7354277898695205	0.0	0.0	0.0	0.0005828847642987967	-73.69679737091064	9.114009423212064e-09	84.80316089213673	184.42531837307956	237.34211211334528	4.200850187136958e-09	0.0	102625.09950421481	0.326322945974675	73.73781681751666	1.6965799580290177	74.2065837025398	65.96966610098319	0.49848790322580644	0.07106854838709677
13428	2	849441	0	16	138494.88415054078	138494.88466005152	8792.200274021894	144461.45906219474	1.0430815545877379	3.4460842515627794	0.8688510248022149	1688280218.5064583	77302785.65851067	1610977551.3319902	0.6614974706176457	0.0	0.0	0.0	0.0005095107480883598	-118.48404264450073	7.01803180216836e-08	61.60487409863503	136.46035637969752	152.23317991504032	5.358518309260112e-09	0.0	39506.40335082877	0.27347365793172035	117.61323543290818	1.4920800343820553	117.77562748227838	65.96967624957888	0.49294354838709675	0.05141129032258064
13428	2	849441	16	16	165177.82256420387	165177.8234461387	9841.56593009844	172029.4191605588	1.041480124207908	3.324432442613109	0.8485804706447192	2310407989.6676216	96856419.9564744	2213551394.6398606	0.6808378145282075	0.0	0.0	0.0	0.0008819348295219243	175.0712866783142	7.57750524847779e-08	69.72127069305284	138.00563710848743	182.6594734631007	1.08488896960483e-08	0.0	35702.17755812661	0.2075353034231745	89.60658184814153	1.2395899929602192	89.64608022383048	65.9696728050447	0.5118447580645161	0.045110887096774195
13428	2	849441	32	16	228011.6461177308	228011.64875223284	11993.7020178392	235945.434409263	1.034795539730614	3.301012110051365	0.8622159814760948	3680937253.2585144	143848888.0927201	3537087024.544056	0.6467038699233256	0.0	0.0	0.0	0.0026345020451117307	1340.621738433838	3.64206626246363e-07	55.15182104037318	153.16608001456183	178.36996636689656	1.2771570357185958e-08	0.0	49136.09594909443	0.20825194547115827	78.11422339829802	1.2280293277683507	78.07266139214468	65.96966537503249	0.517641129032258	0.07081653225806452
13428	2	849441	48	16	162557.5472985929	162557.54836817502	10315.69460078699	169807.67805277195	1.0446003945966391	3.438959004599255	0.8691224139142594	2409691341.939583	106413555.09670585	2303277346.2938967	0.6867689052806054	0.0	0.0	0.0	0.0010695821256376803	440.54898023605347	1.8282382169388196e-07	65.39329102589276	149.26690519105853	174.2133903766142	5.661649404795463e-09	0.0	37171.587080411016	0.21890404177086828	96.43415861759892	1.2907023887033593	96.59612986545397	65.96967240630282	0.49243951612903225	0.04410282258064516
13428	2	849441	64	16	29307.48174433923	29307.48158448164	2365.690686220093	31039.682608526335	1.0591043911345839	3.502397834157431	0.8777558759421507	104533410.24327481	5596492.422868496	98936925.46040277	0.7134966752435523	0.0	0.0	0.0	0.00015985759091563523	-7.639996454119682	7.308664699964865e-08	126.75064198821825	81.061078715779	64.7773377916816	6.644937967723119e-09	0.0	120035.34024924233	3.867157467521098	2121.4741589718656	23.372693926540848	2136.875672756381	65.96968237173782	0.4982358870967742	0.057459677419354836
13428	2	849441	80	16	142734.84456098138	142734.84509382074	8464.825249481799	148585.0235506069	1.0409863408449371	3.2667026202039255	0.8432149891815477	1704273371.686882	71653266.5042646	1632620201.9711502	0.6756272624432397	0.0	0.0	0.0	0.0005328393599484116	-96.78853273391724	5.6791671067486305e-08	77.26659738157409	139.587832209062	170.3295399931307	7.308858902059979e-10	0.0	45451.673119538464	0.30589673245967747	96.62814094541731	2.256878888083025	96.90100293089172	65.96967341730837	0.4987399193548387	0.07888104838709677
13428	2	849441	96	16	157902.23693868142	157902.2373827165	10463.348609521503	165480.99483046084	1.047996520117207	3.348708372368146	0.8567784840732043	2450843219.8395195	109481664.12437555	2341361327.904701	0.708564624954742	0.0	0.0	0.0	0.0004440350749064237	227.8104429244995	9.295186288554862e-08	68.33949485482513	149.02777795371708	179.95724765393948	9.027752340952049e-10	0.0	33889.27329510773	0.20479253937752848	88.98826939959869	1.0869456519623435	89.059330848385	65.96967086410375	0.4974798387096774	0.07258064516129031
13428	2	849441	112	16	184736.18103198332	184736.18067672264	10527.340544533969	192039.19491499072	1.0395321254461953	3.3534746921896885	0.8568784278109243	2751595801.3160934	110824898.94058874	2640770878.225893	0.6789379642538651	0.0	0.0	0.0	0.00035526067949831486	24.149611473083496	8.776583923239268e-09	64.13333173707753	140.68926995637082	182.5279596531131	9.543485285979475e-09	0.0	31563.417132913146	0.16435924469590238	88.44139423368516	0.9713959183831823	88.4281221594904	65.96967119238879	0.5100806451612903	0.0546875
13428	2	849441	128	16	204817.66700855	204817.66868569734	11587.887903957071	212470.2056647169	1.037362688326332	3.3650549315620983	0.8626720595236078	3193311576.3818207	134279146.0746746	3059031660.880722	0.6444396785839648	0.0	0.0	0.0	0.0016771473456174135	769.4264240264893	2.4094937359613596e-07	60.82035020943923	151.66824612648804	171.35367643543935	1.2926293689372885e-08	0.0	59267.75968961911	0.2789462156050845	96.6495213382028	1.6737346091246896	96.70560422775364	65.96967680229257	0.5	0.04586693548387097
13428	2	849441	144	16	220030.67141337314	220030.67161288945	12949.416150854124	229226.4554848383	1.0417931918872756	3.4024793427207727	0.8660109206965381	4131271531.5227814	167687378.6480016	3963584079.791328	0.6955440942351856	0.0	0.0	0.0	0.00019951630383729935	73.08345174789429	1.7690304592725674e-08	71.49856679081421	167.2338918110048	200.06440904813627	1.786187338750983e-08	0.0	63357.47394651469	0.2763968681044618	79.89022901519402	1.4756056694629618	79.9607692850739	65.96966884308286	0.5085685483870968	0.04889112903225806
13428	2	849441	160	16	160550.85504717627	160550.8557071739	8910.889178634618	166405.3316623079	1.0364649357576536	3.398460246474617	0.8644340907566732	1914157349.2632942	79403945.95390752	1834753162.9208784	0.6412302208226041	0.0	0.0	0.0	0.0006599976331926882	240.38850831985474	1.2558450767507362e-07	71.40297727167858	138.91497886547094	165.69992859920904	4.504461877093484e-09	0.0	115077.12914445106	0.691547125827094	147.44602301063023	3.8452415911886755	148.34465399570428	65.96968148781284	0.5027721774193549	0.07106854838709677
13428	2	849441	176	16	238695.4341246241	238695.43474730916	14414.133059874906	248990.59023906774	1.0431309302257892	3.426653882790437	0.8683089525688208	5020803755.65657	207767231.86777872	4813036330.954245	0.699449726407478	0.0	0.0	0.0	0.0006226850673556328	192.83454704284668	3.840710699469068e-08	74.794534528252	175.9185794587941	214.45878811289882	1.2752669966250456e-08	0.0	49622.93083158162	0.1992964101980057	78.3290635415147	1.0617159014009818	78.37913783077323	65.96967082771559	0.5090725806451613	0.04889112903225806
13428	2	849441	192	16	326769.43006372766	326769.42541827116	18633.683593517013	340296.9935593364	1.0413978856374984	3.507571483741952	0.8904885992241799	9023783401.349625	347214164.26330507	8676571255.728382	0.7124887492249884	0.0	0.0	0.0	0.004645456501748413	-2018.6420631408691	2.2370240655809123e-07	82.84581964493536	189.3314270174218	238.21508628638207	7.425108846320782e-09	0.0	115088.23564683726	0.33819939164976937	77.07783603659541	1.7923420004251134	77.58518885720099	65.96966509723634	0.5080645161290323	0.06779233870967742
13428	2	849441	208	16	184435.22573844634	184435.22557996892	9460.775904770444	191237.95290325358	1.0368840992146175	3.3316452948475193	0.8706806997176756	2555602137.4353714	89506280.720285	2466095952.6598186	0.706658110704285	0.0	0.0	0.0	0.000158477429067716	-95.94473218917847	3.7542906536094104e-08	70.14599033439272	141.36718082346803	180.34585204885002	2.0886005494827692e-08	0.0	22697.003584462338	0.11868461886342827	75.98638056556139	0.6447916715246567	75.98043096955803	65.96966599971996	0.5052923387096774	0.06804435483870967
13428	2	849441	224	16	327221.3587136082	327221.3585990327	19246.063285495362	341471.2957677458	1.043548309652395	3.5300684191579244	0.8941168406341644	9528828234.923508	370410951.9892925	9158416426.17738	0.7271212516915528	0.0	0.0	0.0	0.00011457549408078194	856.7568359375	8.991208728030741e-08	90.12056442005056	192.29986749585862	243.97896390939763	5.266938045037342e-09	0.0	120856.91409950994	0.35392993659281374	81.03852285532501	2.0052945825031188	81.71089478290457	65.96966423696875	0.5078125	0.09904233870967742
13428	2	849441	240	16	314489.3754283412	314489.37411375827	16807.895007588017	326529.26809284824	1.0382839409061386	3.4851723472806775	0.8900723927470613	7717795663.943024	282505334.5861021	7435291304.508643	0.7033130726962517	0.0	0.0	0.0	0.0013145829434506595	-975.1517219543457	1.263510676384169e-07	84.90860836172541	181.30253910562837	233.6714404204142	1.499952057570279e-09	0.0	95698.46585243598	0.2930777587309318	74.2065837025398	1.535083603315207	74.64852899467826	65.96966467940047	0.4982358870967742	0.0751008064516129
13428	3	345888	0	1	0.0	0.0	6032.022028449945	6032.022028449945	nan	1.0	1.0	36385289.751705386	36385289.751705386	0.0	nan	0.0	0.0	0.0	0.0	0.0	0.0	182.01611334085973	120.67034356242797	188.64372644617785	4.819319737276795e-09	0.0	77060.7623053289	12.775278646734868	289.90980971231335	224.0314267167103	174.50693878758267	65.96968536037683	0.49798387096774194	0.0
13428	3	345888	16	1	0.0	0.0	35257.74195670169	35257.74195670169	nan	1.0	1.0	1243108367.8853626	1243108367.8853626	0.0	nan	0.0	0.0	0.0	0.0	0.0	0.0	200.13448403390177	247.73564554315948	347.99586005143345	3.469765934330969e-08	0.0	272207.27524745546	7.720496561916869	115.06073281461363	98.65491732133513	71.708701509222	65.96966438906475	0.4962197580645161	0.0
13428	3	345888	32	1	0.0	0.0	35063.79394213408	35063.79394213408	nan	1.0	1.0	1229469645.6164384	1229469645.6164384	0.0	nan	0.0	0.0	0.0	0.0	0.0	0.0	201.24829372149	253.46123995252108	339.17850803719756	1.6008385887861292e-08	0.0	264336.92524370516	7.538742804172842	116.71150710582275	94.75965078810859	67.46282753677004	65.96966122096978	0.5030241935483871	0.0
13428	3	345888	48	1	0.0	0.0	24911.898119358564	24911.898119358564	nan	1.0	1.0	620602667.9093007	620602667.9093007	0.0	nan	0.0	0.0	0.0	0.0	0.0	0.0	265.0113125959718	249.75915819615466	330.0314774498837	1.618535095785279e-09	0.0	320485.5490959139	12.86475829823837	132.88256891577652	132.2697696568753	80.87455734287074	65.96967002450587	0.4977318548387097	0.0
13428	3	345888	64	1	0.0	0.0	2541.9544146747803	2541.9544146747803	nan	1.0	1.0	6461532.246284606	6461532.246284606	0.0	nan	0.0	0.0	0.0	0.0	0.0	0.0	127.00147149376816	89.35436968067597	79.54488446131367	7.970707809733248e-09	0.0	27095.43513401537	10.65929230637953	1115.5127992338942	110.15350141275968	1138.0990693370832	65.9696911594575	0.49848790322580644	0.0
13428	3	345888	80	1	0.0	0.0	24759.54369718327	24759.54369718327	nan	1.0	1.0	613035004.0927278	613035004.0927278	0.0	nan	0.0	0.0	0.0	0.0	0.0	0.0	218.27941892608402	220.69682079989133	310.7951832693118	1.1649906178013314e-08	0.0	269190.1360272488	10.872176845725942	164.3435617699522	135.82652489854502	96.47314702626754	65.96967028643647	0.5007560483870968	0.0
13428	3	345888	96	1	0.0	0.0	2529.9463856040156	2529.9463856040156	nan	1.0	1.0	6400628.714030823	6400628.714030823	0.0	nan	0.0	0.0	0.0	0.0	0.0	0.0	127.02217910271975	89.24172714061874	79.15934703312048	6.147023720837635e-09	0.0	27194.15759350177	10.748906639530869	1116.9989596687562	110.60337751943746	1139.9018210421257	65.9696862001509	0.49722782258064513	0.0
13428	3	345888	112	1	0.0	0.0	33097.52595417805	33097.52595417805	nan	1.0	1.0	1095446224.2874894	1095446224.2874894	0.0	nan	0.0	0.0	0.0	0.0	0.0	0.0	219.38473699920712	237.66050035848465	347.9066218874854	4.565399264522652e-09	0.0	259043.26202120734	7.826665447098896	118.37852426366689	101.409278355438	68.43782135378032	65.9696574217846	0.5090725806451613	0.0
13428	3	345888	128	1	0.0	0.0	35138.066041479804	35138.066041479804	nan	1.0	1.0	1234683685.135396	1234683685.135396	0.0	nan	0.0	0.0	0.0	0.0	0.0	0.0	191.2166995327549	252.71504670764523	334.22282233451085	1.1203398380955231e-08	0.0	262938.5094226952	7.483010313303663	120.02476972604553	93.98099050297995	65.6727341944915	65.96965716801358	0.4982358870967742	0.0
13428	3	345888	144	1	0.0	0.0	1971.5435842139323	1971.5435842139323	nan	1.0	1.0	3886984.1044551185	3886984.1044551185	0.0	nan	0.0	0.0	0.0	0.0	0.0	0.0	122.60054665729845	70.48618612745993	69.02466774528462	1.2959579359204663e-09	0.0	13933.808758426412	7.067461708913934	1647.6937667169946	82.84102317111879	1709.6298274021706	65.96969031691624	0.5063004032258064	0.0
13428	3	345888	160	1	0.0	0.0	34948.683658099835	34948.683658099835	nan	1.0	1.0	1221410489.4339347	1221410489.4339347	0.0	nan	0.0	0.0	0.0	0.0	0.0	0.0	207.42114102742335	248.62712368059667	346.2720057859653	6.437739128813734e-09	0.0	250741.53339029665	7.174563006134919	115.90789759730652	93.1673515543602	70.18587495307993	65.96966454929662	0.5007560483870968	0.0
13428	3	345888	176	1	0.0	0.0	11249.019474629426	11249.019474629426	nan	1.0	1.0	126540439.14059207	126540439.14059207	0.0	nan	0.0	0.0	0.0	0.0	0.0	0.0	196.87933218727596	174.35520922863583	221.51011575556814	1.1221297582493543e-08	0.0	144603.95007445695	12.854804798654023	180.9329289440408	131.84023675300602	117.98485836742383	65.96968413770793	0.4957157258064516	0.0
13428	3	345888	192	1	0.0	0.0	26172.11191022615	26172.11191022615	nan	1.0	1.0	684979441.8414016	684979441.8414016	0.0	nan	0.0	0.0	0.0	0.0	0.0	0.0	255.5363273682166	247.06070660603828	340.30735097362975	2.996734836718522e-09	0.0	316193.6565109952	12.081319954517037	132.20741535831849	128.51051087056658	79.80685479227098	65.96966983753849	0.4957157258064516	0.0
13428	3	345888	208	1	0.0	0.0	15024.312454384119	15024.312454384119	nan	1.0	1.0	225729964.72696173	225729964.72696173	0.0	nan	0.0	0.0	0.0	0.0	0.0	0.0	234.7387615309422	189.105579140314	273.0212941012356	7.5542942745518e-09	0.0	202567.92740524604	13.482675390165802	189.52662715392066	175.44153890946723	110.26597052232715	65.96967647036043	0.4939516129032258	0.0
13428	3	345888	224	1	0.0	0.0	17352.740394524808	17352.740394524808	nan	1.0	1.0	301117599.19977295	301117599.19977295	0.0	nan	0.0	0.0	0.0	0.0	0.0	0.0	219.52643685115987	209.8748703726283	261.9695015723824	1.4454992224555372e-09	0.0	214296.06473819498	12.349407621486584	224.6151306168892	141.3710995207697	141.96542949198528	65.96968269863204	0.4921875	0.0
13428	3	345888	240	1	0.0	0.0	25526.91858378612	25526.91858378612	nan	1.0	1.0	651623572.3832451	651623572.3832451	0.0	nan	0.0	0.0	0.0	0.0	0.0	0.0	258.0761564419084	252.08576578937647	315.3602810293513	5.695099191969973e-09	0.0	316148.1363680186	12.384892368995592	141.88718747584443	131.18401605402894	85.57355558714099	65.96966992893618	0.5007560483870968	0.0
13428	3	345888	0	2	6032.022028449945	6032.022021038595	6382.741158493631	11298.631761505467	1.8731085046134834	1.286557446124461	0.9100964385199125	91273789.93039477	40739384.69632862	50534405.25215581	0.65627673997137	0.0	0.0	0.0	7.411349542962853e-06	-0.018089659512043	1.981911732364586e-10	72.68523073252106	106.47204233536107	142.0108313284693	2.834683071403096e-09	0.0	55702.05431411587	4.929982255747066	174.50693878758267	40.204114057187084	176.77823079314982	65.96968431475163	0.4964717741935484	0.0859375
13428	3	345888	16	2	35257.74195670169	35257.74172363398	17359.274517727245	48122.805102581675	1.3648861904338325	1.2245136123062323	0.9145863510898347	1072696003.0556984	301344411.78181446	771351617.8578871	0.6301389659279365	0.0	0.0	0.0	0.00023306770890485495	-26.58400321006775	2.4782420307654868e-08	103.16334092259399	180.6706839830345	193.35013879167596	8.713993790347768e-09	0.0	186516.38583879056	3.8758418897519036	71.708701509222	32.984183245351545	76.0719436232888	65.96966786959582	0.4939516129032258	0.305695564516129
13428	3	345888	32	2	35063.79394213408	35063.79400291723	19465.447451314874	51044.974267690945	1.4557744193891475	1.2727982311647696	0.9361027764788123	1376119752.3727922	378903644.4799008	997216096.9145346	0.7305265208258643	0.0	0.0	0.0	6.078315345803276e-05	10.978356838226318	7.977762705096519e-09	76.87177308618584	181.8752336491484	221.52686823794994	1.3179890152486497e-08	0.0	165639.3677474429	3.244969156705372	67.46282753677004	32.881651630076924	70.80781936275575	65.9696610318079	0.5015120967741935	0.2739415322580645
13428	3	345888	48	2	24911.898119358564	24911.898160108016	9071.843880216726	29296.460726755264	1.176002751231129	1.1050147378070718	0.8620728325656839	237679943.20501292	82298351.38702565	155381586.18247843	0.3437693613549227	0.0	0.0	0.0	4.0749451727606356e-05	5.635508835315704	2.3710493865503606e-08	156.22151673793186	144.43221911553414	139.4177587499831	6.371392919545903e-09	0.0	246086.97273359206	8.399887445178805	80.87455734287074	47.79451400240225	76.69094196936734	65.96966624727958	0.5110887096774194	0.4193548387096774
13428	3	345888	64	2	2541.9544146747803	2541.954416977448	2259.9382760035774	4706.806222533317	1.8516485564653642	1.3838249696816898	0.9801981272239534	15692492.570193743	5107321.011346022	10585171.7053285	0.921305312480668	0.0	0.0	0.0	2.3026677808957174e-06	-0.14648077823221684	9.33444942395205e-09	123.15821416652265	81.28173022752725	72.19992739006321	6.46492788759429e-09	0.0	38942.568403805606	8.273671489231136	1138.0990693370832	87.82166913366984	1180.8428830556416	65.96968905197743	0.5063004032258064	0.015625
13428	3	345888	80	2	24759.54369718327	24759.543963773016	14840.492824093071	36874.78535050936	1.4893160310827682	1.2774245682188223	0.9311805894597406	746714790.5534116	220240227.26195794	526474550.2544636	0.7164013936158034	0.0	0.0	0.0	0.0002665897445695009	13.03699004650116	1.745912925715463e-08	103.49556759263022	163.45490436722716	190.59137946289246	2.0365722123124507e-08	0.0	241140.5789823567	6.539443578222644	96.47314702626754	37.58563750708405	97.97746400889794	65.96967168236843	0.5012600806451613	0.3125
13428	3	345888	96	2	2529.9463856040156	2529.9463716240653	2249.1228894360265	4684.067057158809	1.8514491389273076	1.3837138439096424	0.9801211883708387	15539855.481929561	5058553.771785062	10481301.746205643	0.9210023273195462	0.0	0.0	0.0	1.3979950381326489e-05	-0.03606114350259304	2.320558485535889e-09	123.24482092553941	81.17165616074148	71.89481485673332	1.0325436063587365e-08	0.0	38885.843583333895	8.301726503144636	1139.9018210421257	88.12542768267548	1182.9975952525772	65.96968809164477	0.5045362903225806	0.01688508064516129
13428	3	345888	112	2	33097.52595417805	33097.52589262577	16986.57579090943	45515.70731446746	1.3751996864503344	1.223474220576976	0.9087855372974096	976233388.0487773	288543757.10031044	687689650.600913	0.6115910495384053	0.0	0.0	0.0	6.155228038551286e-05	-19.652446150779724	2.0130889182206287e-08	93.65066349079456	174.81099663229801	197.83521656696803	1.5952616987308632e-08	0.0	173225.5118303593	3.8058402548581105	68.43782135378032	27.78502665467602	71.18506787587549	65.96966298045632	0.49974798387096775	0.31779233870967744
13428	3	345888	128	2	35138.066041479804	35138.066073281785	25141.807736641902	56922.82126648271	1.6199759314951034	1.3174623034850792	0.9443088994513219	2005523895.80054	632110496.2662666	1373413342.1781006	0.7773147527750954	0.0	0.0	0.0	3.180198109475896e-05	57.35617280006409	2.8599097183616138e-08	83.67427726255966	208.7325918921447	245.19578008876655	2.7096329738724974e-09	0.0	171328.68190977647	3.009841711632685	65.6727341944915	26.86755827800778	70.59328074833296	65.96966340635463	0.501008064516129	0.2066532258064516
13428	3	345888	144	2	1971.5435842139323	1971.54357135754	2001.3736613658607	3957.3032458304456	2.007210633087906	1.408615843149587	0.9960698905151575	11773264.87500506	4005496.532408991	7767768.346833115	0.98430957598284	0.0	0.0	0.0	1.28563922316971e-05	-0.004237045533955097	3.5988704738567905e-10	123.67151138537045	70.29728958693569	68.239721219052	3.782311346606775e-09	0.0	26553.962744532102	6.710115726182816	1709.6298274021706	75.42026578097042	1768.7269616105032	65.96969069654689	0.5002520161290323	0.0
13428	3	345888	160	2	34948.683658099835	34948.683291371635	17305.885861486797	48390.880817421916	1.3846267084284494	1.2408309034832572	0.9260602711363553	1120266856.8519974	299493685.4508086	820773205.8612962	0.6785291682210562	0.0	0.0	0.0	0.00036672819987870753	-34.46010732650757	3.076062378864094e-08	93.80255346752325	174.1261650904439	197.07525099676812	2.241045083709419e-08	0.0	180113.53832698974	3.7220553463726573	70.18587495307993	33.835924080263815	75.36454606316946	65.96966800229882	0.5045362903225806	0.30544354838709675
13428	3	345888	176	2	11249.019474629426	11249.019482556148	7788.354632381729	17044.966045827703	1.5152401579773433	1.245788983425379	0.8953422856543183	163990428.36282727	60658467.87974194	103331962.92577276	0.5897178812524622	0.0	0.0	0.0	7.926722901174799e-06	-2.4426874220371246	1.4895304844455323e-08	89.98492762348302	130.87940976779223	139.6641693317105	2.863336293248522e-08	0.0	97968.80363019576	5.747667872687335	117.98485836742383	31.728987423692672	114.67994507830346	65.9696760324569	0.5047883064516129	0.22328629032258063
13428	3	345888	192	2	26172.11191022615	26172.1118808277	13575.203837496445	34930.97759747076	1.3346640774458205	1.1847712127360919	0.8788260776948743	535193754.0736027	184286159.2295782	350907606.8858857	0.4938302159996724	0.0	0.0	0.0	2.9398452170426026e-05	-12.041861236095428	2.2500003306165952e-08	151.4322200143536	170.01829499825072	174.53257808862475	3.6812696124237283e-09	0.0	255837.60733400067	7.3240895386520934	79.80685479227098	42.87075215485809	76.73984355402963	65.96966388034075	0.5138608870967741	0.41129032258064513
13428	3	345888	208	2	15024.312454384119	15024.312511654958	10308.064310363194	22279.726936046074	1.4829115810583942	1.2227843672007133	0.8794961145158189	270656267.61781526	106256189.82658343	164400076.98801172	0.5307625757552052	0.0	0.0	0.0	5.727083953388501e-05	0.8032200932502747	2.9676759393744214e-09	124.19027389962865	143.2264297352001	157.2250852666013	1.6129059112981476e-09	0.0	156439.60200354067	7.021612225351937	110.26597052232715	39.57162393721209	105.3024249249045	65.96967313291164	0.506804435483871	0.3248487903225806
13428	3	345888	224	2	17352.740394524808	17352.74045812304	13467.457826183201	28966.435265940017	1.6692715160470908	1.3187148149219876	0.9398523350987907	537936772.8161205	181372420.30002317	356564353.4514613	0.7628764923927656	0.0	0.0	0.0	6.359823237289675e-05	-0.9353640079498291	1.7387991585947194e-09	78.99695684044535	161.31328227247775	200.48059933005015	1.2612453204215702e-08	0.0	140119.56370248602	4.837307823910489	141.96542949198528	40.12240565752638	140.1900197736336	65.96968106690181	0.5136088709677419	0.14314516129032256
13428	3	345888	240	2	25526.91858378612	25526.918583815263	13775.531810677901	34691.178794452644	1.3590037779368862	1.1959710889415902	0.882672160292049	551854313.7654356	189765276.66699877	362089023.3509457	0.5148474862073348	0.0	0.0	0.0	2.9143848223611712e-08	13.747491121292114	2.4911449957670268e-08	132.699172482479	174.98731084406433	181.96625761097468	9.473781594250219e-09	0.0	238726.07289844923	6.8814632519739245	85.57355558714099	47.26977636083983	80.84052496770889	65.96966886626171	0.5042842741935484	0.37474798387096775
13428	3	345888	0	3	11298.631761505467	11298.631804468883	7964.203433550796	18264.92760446825	1.6165610128738783	1.54062723025501	0.8962636793418115	205948500.71436605	63428536.33098228	142519964.0282046	0.7919130635989418	0.0	0.0	0.0	4.296341649023816e-05	0.35517916083335876	1.7246018281335469e-09	69.51779857536914	121.43089590412947	139.9882506519995	2.403296745599756e-09	0.0	66208.62216220597	3.6249047298475983	176.77823079314982	22.546975215553868	178.46087833112216	65.96968694514698	0.5040322580645161	0.06703629032258064
13428	3	345888	16	3	48122.805102581675	48122.80483051442	21213.37617386493	67553.2384136731	1.4037676787475764	1.5126327400404787	0.9149787234029314	2247635649.2334967	450007328.6939003	1797628333.4611504	0.8804590938844196	0.0	0.0	0.0	0.0002720672564464621	-12.92155408859253	5.74895405890146e-09	93.94530995787954	202.51809402148837	211.8151016391686	5.418562643130023e-09	0.0	182742.7754499264	2.705166737554105	76.0719436232888	26.13495180653959	74.0768166392123	65.96966228171254	0.5030241935483871	0.09198588709677419
13428	3	345888	32	3	51044.974267690945	51044.97427904921	18660.348237376882	67862.17185303762	1.3294584398682159	1.5341885611317998	0.9272107166516421	1999684970.6219811	348208596.34017456	1651476428.3533397	0.8669012918453404	0.0	0.0	0.0	1.1358264600858092e-05	-54.071533203125	2.7040025802817636e-08	92.12413612842937	186.08014276291135	202.44912887311625	1.1530529624684004e-08	0.0	168833.02102428567	2.4878811745133604	70.80781936275575	19.61807427795494	70.79321384543681	65.96966603236088	0.5085685483870968	0.10509072580645161
13428	3	345888	48	3	29296.460726755264	29296.460747273002	12394.949647327636	39061.788776752095	1.3333279108721332	1.3346868097149933	0.8422356774128742	667540731.3252826	153634776.7597875	513905950.77953494	0.7076096173772926	0.0	0.0	0.0	2.051773844868876e-05	3.7859601378440857	5.671504314542335e-09	93.18785017683247	156.24172439996656	181.55283842127108	1.2696103058809593e-09	0.0	148577.04476392473	3.8036416149456316	76.69094196936734	22.01390589520142	81.01266233515278	65.96966846660558	0.502016129032258	0.20035282258064516
13428	3	345888	64	3	4706.806222533317	4706.806220730421	2267.428806770508	6782.039342298885	1.4409004793591496	1.659093851236556	0.9593621318179328	23842032.824011534	5141233.39377273	18700799.267121956	0.8761333140909638	0.0	0.0	0.0	1.8028958947979845e-06	0.16311684995889664	6.8415663699036655e-09	125.80302740493886	79.12291426956256	69.96237216710594	9.636207390203278e-10	0.0	50039.95841652811	7.378305539131123	1180.8428830556416	73.85213136068562	1228.8866722370947	65.96968881472343	0.5002520161290323	0.03452620967741935
13428	3	345888	80	3	36874.78535050936	36874.78563420668	13536.111982170236	48029.05514959609	1.3024904333153673	1.5064336860094996	0.9038866478341157	947040343.9168031	183226327.59385264	763813990.7898841	0.7651281325386331	0.0	0.0	0.0	0.00028369732171995565	25.533066391944885	2.6960906740619224e-08	100.66151654361971	156.21240738619537	173.25287467582365	4.757714349622688e-09	0.0	181648.01654482356	3.782044323053562	97.97746400889794	22.35743637451868	99.75081014583938	65.96967629644321	0.509828629032258	0.19657258064516128
13428	3	345888	96	3	4684.067057158809	4684.067062501592	2256.3460826869614	6748.668337390707	1.4407710767241264	1.6588816791327168	0.9592423466481816	23604040.132139463	5091097.644856796	18512942.624438852	0.8758235965998713	0.0	0.0	0.0	5.342782969819382e-06	-0.1371561847627163	5.810707997228121e-09	125.92761734152052	79.01323131974425	69.7125467051025	8.444142409025414e-09	0.0	49773.48611155399	7.3753048139074355	1182.9975952525772	74.08507393920746	1231.3503634415356	65.96968954050898	0.49949596774193544	0.03377016129032258
13428	3	345888	112	3	45515.70731446746	45515.70697468804	20762.434550935923	64436.81617007485	1.415705038370198	1.5124726968828057	0.9095266972662385	2080423665.799753	431078688.4818978	1649344954.5216074	0.8726536938299136	0.0	0.0	0.0	0.0003397794207558036	22.796247720718384	1.0957502596931423e-08	80.94503717219588	194.59090326420758	219.68435037460083	1.3082431877885295e-08	0.0	164726.0373880859	2.5563962785298435	71.18506787587549	19.393498157812033	71.35350509343239	65.96966606967415	0.5085685483870968	0.08946572580645161
13428	3	345888	128	3	56922.82126648271	56922.82018665996	22662.36673842015	78003.2063232214	1.3703327520969386	1.5987832062298795	0.9404521247248508	2844292615.767111	513582866.18665206	2330709760.685107	0.9033717957564941	0.0	0.0	0.0	0.001079822744941339	-11.10464859008789	3.904186414762725e-09	97.0925383382928	204.6488689367048	221.32694015621516	1.0357600473584393e-08	0.0	186864.0815222581	2.3955948880731937	70.59328074833296	19.26964002241586	69.86692641932665	65.96965809674546	0.5017641129032258	0.06854838709677419
13428	3	345888	144	3	3957.3032458304456	3957.30323886073	2046.683126399849	5964.587664838492	1.5072354313819625	1.716018358901047	0.990861069881445	19916057.032083318	4188911.81988986	15727145.358825982	0.9708898604342958	0.0	0.0	0.0	6.969715741433902e-06	-0.14663252420723438	7.362527832242098e-09	124.87295845275416	70.85298009476423	67.76104017419395	1.16878583738435e-08	0.0	38289.58276244235	6.419485285122266	1768.7269616105032	68.89238029919397	1824.248177008994	65.96969289165227	0.5007560483870968	0.0
13428	3	345888	160	3	48390.880817421916	48390.880494496174	18601.595086429963	65030.85074793706	1.34386582036598	1.50506817522409	0.9177867742281821	1887334202.7145338	346019339.7594953	1541314954.7291803	0.8561457115160158	0.0	0.0	0.0	0.0003229257417842746	-91.77414178848267	4.8626333193392476e-08	94.73292816472514	188.24897569649497	196.50655172184835	8.586235401244166e-10	0.0	173960.19246772822	2.675041015993999	75.36454606316946	24.02224628404903	73.62525402194832	65.96966029656672	0.5083165322580645	0.13130040322580644
13428	3	345888	176	3	17044.966045827703	17044.96611599623	8943.91508725395	24440.49275993247	1.4338833350691864	1.4951948978634402	0.8734584239578805	306806818.8448921	79993617.08800885	226813203.155616	0.743899945053428	0.0	0.0	0.0	7.016852759988979e-05	-1.398732751607895	4.559001513962543e-09	86.6765008289197	137.47685786807543	140.76265348492998	3.3007800028625237e-09	0.0	102175.05803548194	4.180564590997416	114.67994507830346	24.872405766180503	117.67212751992645	65.96967898733462	0.5015120967741935	0.13356854838709678
13428	3	345888	192	3	34930.97759747076	34930.97759447527	20058.582130936928	52982.54142836237	1.5167780884609043	1.4857831310214542	0.8859083018176385	1586976500.2931304	402346717.1035422	1184629777.9393961	0.845359968776829	0.0	0.0	0.0	2.995489921886474e-06	5.250191926956177	3.308298469439474e-09	82.81616202280124	191.98124254944625	240.56398323051394	6.299073073923963e-09	0.0	173952.61250703846	3.2832063016771436	76.73984355402963	17.59711301922889	79.09261482249843	65.96966568980247	0.4992439516129032	0.16003024193548387
13428	3	345888	208	3	22279.726936046074	22279.726995357512	10216.318336472154	31041.95316236727	1.3932824783478341	1.4860277301056493	0.8732234213936703	467216623.7898263	104373160.35213716	362843460.3755255	0.797049002496589	0.0	0.0	0.0	5.931143823545426e-05	3.0621636509895325	6.554055431826892e-09	85.76231664749726	136.69176847120752	163.95462801569045	1.9597308656268954e-10	0.0	107474.63598441504	3.462238198603558	105.3024249249045	20.464190529242952	107.14186584946368	65.96968064097662	0.5012600806451613	0.18069556451612903
13428	3	345888	224	3	28966.435265940017	28966.435418033096	12343.08119439633	39100.52819281431	1.349856405658255	1.5518506070693936	0.9058748251443488	689796932.9411733	152351653.37146035	537445264.0605298	0.7515979798335448	0.0	0.0	0.0	0.00015209307821351103	15.509183168411255	2.2483694008732125e-08	97.50744857580537	150.34992770816194	172.0061667760722	6.9634252555852955e-09	0.0	163929.69569455026	4.192518681440336	140.1900197736336	22.840658205130737	145.14710323118123	65.96968558393466	0.49848790322580644	0.16607862903225806
13428	3	345888	240	3	34691.178794452644	34691.178715889335	16618.39911001555	49100.54848592931	1.4153612010953291	1.4687602540332463	0.8780365270022602	1207385975.4704142	276171188.97976565	931214798.2716322	0.8076284924778471	0.0	0.0	0.0	7.85633092164062e-05	-11.780983686447144	9.75742962548253e-09	99.02155168899102	189.24261005135182	194.2520565775699	5.235277570334238e-09	0.0	155337.87904551113	3.163668924824289	80.84052496770889	19.64996379612491	81.54242902592753	65.96966851365649	0.514616935483871	0.1736391129032258
13428	3	345888	0	4	18264.92760446825	18264.92776672932	9832.713997627052	27404.30587942484	1.5003785655696098	1.7792172894714935	0.907076512088749	417388400.3366125	96682264.55913097	320706128.3159636	0.8928652014160104	0.0	0.0	0.0	0.00016226107254624367	7.461517930030823	1.7876677751497906e-08	65.63418766024456	137.64592267416694	154.30845878191707	2.4712406661010086e-09	0.0	59404.96576622705	2.16772378317205	178.46087833112216	14.136086512385953	179.29121754487392	65.9696838517338	0.5047883064516129	0.05241935483870967
13428	3	345888	16	4	67553.2384136731	67553.237845579	26885.79678994502	93482.14860989757	1.3838292701446027	1.7933266304220088	0.9281740019286833	4175472088.548417	722846069.0302179	3452626003.8148403	0.9504963642324432	0.0	0.0	0.0	0.000568094095797278	15.70335865020752	3.7608582496037516e-09	82.20464744687379	222.85911677334886	258.9541200100018	8.076164937188219e-09	0.0	249936.4547788396	2.673627650955613	74.0768166392123	17.837470402455757	74.93215550826986	65.96966688517284	0.5032762096774194	0.028981854838709676
13428	3	345888	32	4	67862.17185303762	67862.17103460005	21794.53098038279	88540.03466142362	1.3047038172189065	1.7955400504502295	0.9321561761237743	3234063369.234885	475001580.6548652	2759061809.7228746	0.9327304550611771	0.0	0.0	0.0	0.000818437576526776	-21.142854690551758	6.5375511474760416e-09	82.34094245018494	197.65805711082015	233.11311419439468	3.2038139611409685e-09	0.0	222216.5856387472	2.5097865110809843	70.79321384543681	16.09471938929513	72.87025646010869	65.96966625083721	0.5060483870967741	0.07258064516129031
13428	3	345888	48	4	39061.788776752095	39061.78857102763	13680.436532062078	51021.937487310395	1.306185381804032	1.5793237125081185	0.8495284402942803	1077414762.519414	187154343.70777872	890260435.8492097	0.8329808112764814	0.0	0.0	0.0	0.00020572446373989806	-17.037574410438538	1.5813384968475906e-08	87.67152097178655	169.06802536565942	196.21980670175952	7.033227855145005e-10	0.0	193289.69352904102	3.7883644183636216	81.01266233515278	23.12040414128158	81.77353257727744	65.96967147002182	0.5040322580645161	0.1202116935483871
13428	3	345888	64	4	6782.039342298885	6782.039348206962	2367.4099896513317	8897.989910205131	1.311993260597779	1.8836326950002924	0.9429101508682838	33178166.801622443	5604630.059100919	27573536.734309763	0.8586747612803879	0.0	0.0	0.0	5.908077582716942e-06	0.008211761713027954	2.4750498609906294e-10	129.0382402469808	79.76146711749416	69.39944394415866	1.6480653289509743e-08	0.0	62468.94283180231	7.020567995791222	1228.8866722370947	63.921252357164065	1275.205420252303	65.96968687728247	0.4992439516129032	0.05241935483870967
13428	3	345888	80	4	48029.05514959609	48029.05564854137	16026.82162572726	62458.00342990364	1.3004212395052477	1.750299619180206	0.9030555413287267	1594212053.8869123	256859011.42287898	1337352977.2051964	0.8686895601803979	0.0	0.0	0.0	0.0004989452791051008	65.2588369846344	4.093485356952622e-08	81.93512320211671	176.2257033618923	193.61160345597585	1.6674159016704918e-08	0.0	267290.3056764954	4.279520489275242	99.75081014583938	24.377726063952654	98.63399170721917	65.96967621754429	0.5148689516129032	0.11542338709677419
13428	3	345888	96	4	6748.668337390707	6748.668302353558	2355.1659613314728	8853.25645046566	1.3118523548437806	1.8833695014430125	0.9427804466692282	32835625.44961196	5546806.7054143995	27288818.335408717	0.8584502580801272	0.0	0.0	0.0	3.503714924590895e-05	0.40878884494304657	1.2449552562059618e-08	129.17232804416435	79.64188641160432	69.17328451004568	1.3276935454982146e-08	0.0	62046.294412587726	7.008301983520605	1231.3503634415356	64.11519366452185	1277.928131882743	65.96969111297501	0.5	0.05317540322580645
13428	3	345888	112	4	64436.81617007485	64436.81575824727	22607.94209021324	85921.38301734053	1.3334206766293233	1.7814715045541576	0.9193928905390419	3230380781.476514	511119045.5544355	2719261861.042911	0.933310029479955	0.0	0.0	0.0	0.00041182758286595345	-125.12083292007446	3.873253383549581e-08	82.34751891870819	200.64753657322737	241.72784755392826	7.376163335487177e-09	0.0	228289.04677164863	2.6569526386772333	71.35350509343239	17.13407859639617	73.29990592405386	65.9696645102484	0.5052923387096774	0.046875
13428	3	345888	128	4	78003.2063232214	78003.20625509122	27138.482852158682	104181.0653704585	1.3355997821264431	1.866075239331658	0.9464060753081907	4769194185.0207	736497251.5169108	4032696842.630356	0.9525056488695265	0.0	0.0	0.0	6.813017535023391e-05	90.87343406677246	1.9054253305976055e-08	84.14537238356561	220.1663018503446	258.36689317988674	2.416983303387627e-09	0.0	255973.33881184715	2.457004424841847	69.86692641932665	16.732386926101768	70.80439222841252	65.96966276555828	0.509828629032258	0.02444556451612903
13428	3	345888	144	4	5964.587664838492	5964.5876531325675	2096.979305802575	7993.103007114779	1.3400931390839428	1.9690363916742255	0.9847871054595282	28313389.670803823	4397322.208964249	23916068.71549338	0.9560601732564433	0.0	0.0	0.0	1.1705924407579005e-05	-1.253653809428215	4.427777189535723e-08	125.94070967668046	71.81838157491664	67.42181857635812	2.430731894244907e-08	0.0	49219.43603375045	6.157738142963368	1824.248177008994	63.140756895870744	1875.9700952362068	65.96969181286225	0.5015120967741935	0.0
13428	3	345888	160	4	65030.85074793706	65030.85120627587	23355.148670547034	87217.89100431262	1.341177149017682	1.7757512849457917	0.9257687635483719	3377948962.2396903	545462969.4233549	2832485965.090909	0.9324717773694768	0.0	0.0	0.0	0.00045833880722057074	27.72542667388916	8.207769561890094e-09	79.48376914779908	206.86528810930426	237.83072842490432	5.813429450430686e-09	0.0	233584.2921037376	2.67816942871054	73.62525402194832	17.870717573402334	75.56324501229246	65.96966946836396	0.5138608870967741	0.041834677419354836
13428	3	345888	176	4	24440.49275993247	24440.492937938518	11449.040513140786	34894.35970828001	1.427727339666634	1.7484965196612203	0.8849624126203052	620278653.1025243	131080528.67153904	489198105.43340766	0.8741293806868551	0.0	0.0	0.0	0.00017800604837248102	18.99757754802704	3.062748887617607e-08	74.18435838687667	158.62268089642222	163.14305663146374	2.5168151520243617e-09	0.0	126768.77442710887	3.6329302611104333	117.67212751992645	25.055615114661297	118.42976143624273	65.969680920756	0.5015120967741935	0.07056451612903225
13428	3	345888	192	4	52982.54142836237	52982.54123744994	20593.112471947148	71886.29459738187	1.3567921179201878	1.7457138125679266	0.894119147535495	2360489654.7334385	424076281.28226525	1936413351.7027366	0.8873874789607459	0.0	0.0	0.0	0.00019091242575086653	21.74843668937683	9.213527644895695e-09	82.90396058156749	196.43685155144388	241.86322175746474	4.449187212313778e-09	0.0	211397.1915460213	2.940716210477226	79.09261482249843	17.860098783452056	80.14418976489742	65.96967063748868	0.5075604838709677	0.08845766129032258
13428	3	345888	208	4	31041.95316236727	31041.953495277186	11201.311695233766	40981.19872511194	1.3201875059457986	1.7289510506533043	0.8766030538464231	715855792.8125134	125469383.69378075	590386404.0240889	0.8489623404881314	0.0	0.0	0.0	0.0003329099163238425	5.094643712043762	7.11685756153136e-09	72.35823090443937	146.83324869318025	174.46711582536167	1.9288256681564938e-08	0.0	113932.38281871821	2.780113487015861	107.14186584946368	15.00966018683281	108.18851182331946	65.96967684027281	0.4964717741935484	0.10912298387096774
13428	3	345888	224	4	39100.52819281431	39100.528393124674	13016.807446113748	50651.97097147675	1.2954293282612306	1.7860474739617482	0.9016000829013053	1036770858.3382571	169437276.0892023	867333569.6352361	0.8520577937773458	0.0	0.0	0.0	0.00020031036547152326	12.613818645477295	1.2166447912796087e-08	90.55771743661782	157.32059623120793	176.2795626010758	7.780939042778051e-10	0.0	169482.42270441222	3.346018339434539	145.14710323118123	20.489917040350022	146.0387600434358	65.96968180238044	0.5057963709677419	0.08266129032258064
13428	3	345888	240	4	49100.54848592931	49100.54862803186	17584.501772630716	64880.22611170909	1.3213747730394854	1.717649901108044	0.8826599014147277	1798579878.6874027	309214702.59165275	1489365127.6769438	0.8624913986907372	0.0	0.0	0.0	0.00014210255176294595	48.418806076049805	2.692057586643618e-08	90.81328929662853	197.68127897738773	203.95631000945153	1.769625072917487e-08	0.0	199984.83616150141	3.0823695808315077	81.54242902592753	18.01035541036873	81.91148650568815	65.96966684924631	0.5136088709677419	0.09223790322580645
13428	3	345888	0	5	27404.30587942484	27404.306136469935	10484.619023796084	37346.47206969536	1.3627957677167477	2.0043937814439428	0.9176871705364633	643762995.319457	109927236.07414673	533835739.8429698	0.9289796182508822	0.0	0.0	0.0	0.0002570450960774906	19.402340531349182	3.0138949694865705e-08	67.29737943091358	143.96941450059498	162.44227970897478	1.0222975668486849e-09	0.0	63578.22011908651	1.702388906974994	179.29121754487392	10.56781755463795	179.4639545024393	65.96968630974996	0.5	0.041834677419354836
13428	3	345888	16	5	93482.14860989757	93482.14835313275	26548.29239546843	119153.88922298735	1.2746165015977364	2.03685789957947	0.9362697864018507	5458737208.240965	704811829.1152868	4753925675.756429	0.95776092623681	0.0	0.0	0.0	0.00025676481891423464	-296.63075065612793	5.434054422116335e-08	89.02664500689161	222.39879452037823	269.27695708019013	1.5045054544942505e-08	0.0	227546.47888110083	1.9096857074329403	74.93215550826986	10.498918453994506	73.5454514995027	65.9696617249295	0.49470766129032256	0.04007056451612903
13428	3	345888	32	5	88540.03466142362	88540.03335552076	21752.240549624825	109290.46665218446	1.2343621399077866	2.0278152781830374	0.9362161503527558	4105068363.206147	473159968.9287425	3631908718.7220993	0.9428904794060103	0.0	0.0	0.0	0.0013059028569841757	-324.44469451904297	7.903515016389268e-08	85.63402481884417	198.32190617004596	243.22026305139485	3.093168011523896e-08	0.0	234699.77867884922	2.1474862879569834	72.87025646010869	13.859252469452608	73.58034548804814	65.9696647844161	0.506804435483871	0.07308467741935484
13428	3	345888	48	5	51021.937487310395	51021.93774336106	14418.569090715942	64024.7128507372	1.2548467581549743	1.8097451313834976	0.8596494682012809	1495925750.6603432	207895134.62374914	1288030599.1491756	0.8754212278593428	0.0	0.0	0.0	0.0002560506618465297	16.887418270111084	1.1288941488343595e-08	110.49418315494489	178.80062412132065	209.76930716672788	1.1292942870040058e-08	0.0	297002.2068079165	4.638868211559975	81.77353257727744	27.52565967162153	83.21872466195222	65.96966493320632	0.5025201612903226	0.09601814516129031
13428	3	345888	64	5	8897.989910205131	8897.989896700705	2483.334015362208	11096.274149793267	1.2470540270074837	2.0791915169277955	0.9308903669615772	43953075.56525798	6166947.831854986	37786128.131841004	0.8550181850398507	0.0	0.0	0.0	1.3504426533472724e-05	-0.3984380066394806	9.065076823757463e-09	131.23091737249422	81.50567499192563	69.16748016825925	4.8930573227694455e-09	0.0	74891.67215145145	6.749262861707362	1275.205420252303	56.23435034941028	1317.2535423299514	65.96968346585031	0.5025201612903226	0.05040322580645161
13428	3	345888	80	5	62458.00342990364	62458.0038595303	15830.908159115217	77177.22727424408	1.2356659360855133	1.9769686890676914	0.9080327763426462	2055322217.290471	250617653.14234078	1804704526.3147788	0.9126036098670413	0.0	0.0	0.0	0.00042962665611412376	37.833351612091064	1.8407503842374033e-08	77.34148197855545	178.15658161715888	202.0302242177759	1.4228342209984556e-08	0.0	236613.1715863607	3.065841824733354	98.63399170721917	17.10565286368325	96.77062797730997	65.96967252172139	0.506804435483871	0.09097782258064516
13428	3	345888	96	5	8853.25645046566	8853.256401631294	2469.603182839099	11039.107076767372	1.2468979226493253	2.0789305880264335	0.9307702654205056	43481735.27462368	6098939.880689008	37382796.16810664	0.8548926215051994	0.0	0.0	0.0	4.883436668023933e-05	-0.7741719707846642	1.7804532544414753e-08	131.36145401267888	81.37134736117248	68.94529652096892	2.593268186258488e-11	0.0	74362.33013486554	6.736263073157796	1277.928131882743	56.4050317522526	1320.1977476858472	65.96969264262819	0.5042842741935484	0.0516633064516129
13428	3	345888	112	5	85921.38301734053	85921.38252406979	22054.383768037434	106986.13149198204	1.2451630517910803	2.017319875028305	0.926215785496103	4063548272.007139	486395843.38787305	3577152549.7528605	0.9438680418867307	0.0	0.0	0.0	0.0004932707379339263	-121.13359451293945	2.9809808178581576e-08	93.23493545283841	197.30884329942336	250.4172597049085	1.2345076395217177e-08	0.0	226043.06404002284	2.112825848386752	73.29990592405386	13.155670821356667	73.4996157077759	65.96966668277278	0.5022681451612903	0.05191532258064516
13428	3	345888	128	5	104181.0653704585	104181.06428951194	27813.581611683356	131002.35114122884	1.2574487568868322	2.1002842514470794	0.9500200255540976	6307921622.806072	773595322.0697706	5534326568.402764	0.954968572525086	0.0	0.0	0.0	0.0010809465602505952	-267.6664628982544	4.2433384386152735e-08	87.56879947619427	223.61901367877667	273.5609912655554	1.2195203221784589e-08	0.0	251812.72393634976	1.9222000344734984	70.80439222841252	11.79565159124569	70.0580662316492	65.96966257014677	0.5045362903225806	0.0360383064516129
13428	3	345888	144	5	7993.103007114779	7993.102994964624	2147.2514726738445	10038.502291520846	1.2558955242520242	2.1859326344439496	0.9780463205569002	36881832.57452197	4610688.886899995	32271144.0639697	0.9401259663215126	0.0	0.0	0.0	1.2150155271228869e-05	-0.37634772807359695	1.0204149354920575e-08	126.78835431436104	72.99085874228793	67.14809155878005	4.363713830315063e-09	0.0	59320.37680894769	5.909285616011569	1875.9700952362068	58.05557192201777	1923.9279750967057	65.96969289581148	0.49974798387096775	0.0
13428	3	345888	160	5	87217.89100431262	87217.89127510315	23471.359936425873	109743.05872786125	1.2582631552330799	2.0159970549751325	0.9325337004304904	4436578427.706648	550904737.2652576	3885673754.986019	0.9490574498827635	0.0	0.0	0.0	0.0002707905223360285	-64.54462909698486	1.4548289892476715e-08	89.2290840297238	207.4901624433342	251.6878958817883	2.4940671628725193e-08	0.0	226629.56250791796	2.0650924430828987	75.56324501229246	12.103732514073187	75.05770646316114	65.9696671073692	0.514616935483871	0.05493951612903226
13428	3	345888	176	5	34894.35970828001	34894.359781957326	13271.052886733693	47413.24582125247	1.3587653195998286	1.9783119698205787	0.8996584811899194	1030399539.855679	176120844.72248265	854278681.3827055	0.9223780479982915	0.0	0.0	0.0	7.367731450358406e-05	13.75049090385437	1.3344814678178435e-08	88.36481062273542	175.25721041972582	188.22530973060668	6.3701630897791115e-09	0.0	194053.50801943708	4.092812191057383	118.42976143624273	27.11331926879746	118.06533285488646	65.9696771565578	0.49470766129032256	0.07409274193548387
13428	3	345888	192	5	71886.29459738187	71886.29474197401	21481.335230405686	91756.44329589373	1.2764108069528393	1.9755943298324332	0.900629486213625	3251605535.370988	461447763.28106856	2790157849.527304	0.9034235474524149	0.0	0.0	0.0	0.00014459213707596064	-77.43738508224487	2.3815122787767598e-08	96.91880393780069	204.67395730922914	252.16407438136937	2.7485732011075683e-08	0.0	307451.8715169395	3.350738755294639	80.14418976489742	20.651940109283892	80.94857537164269	65.96966786969656	0.49949596774193544	0.07308467741935484
13428	3	345888	208	5	40981.19872511194	40981.19899328931	11648.36017128202	51590.30219933953	1.2588773341011783	1.9534033168368627	0.8834202885817485	982100632.0720608	135684294.6799093	846416280.9297372	0.8865527098975803	0.0	0.0	0.0	0.00026817736943485215	56.462414383888245	5.7491475455791543e-08	75.57427538914627	153.34898943130105	181.918620250983	1.584620822960202e-08	0.0	156601.4954430044	3.0354832004907486	108.18851182331946	15.574381843709702	108.01405312218373	65.96967520538183	0.4914314516129032	0.07232862903225806
13428	3	345888	224	5	50651.97097147675	50651.97107074064	13053.557758742727	62603.77821189737	1.2359593715938704	2.005260423475673	0.9042392402645235	1353610883.1091123	170395370.16083246	1183215498.7626257	0.8947642193491868	0.0	0.0	0.0	9.926388884196058e-05	14.185654163360596	1.0479861192292965e-08	88.60083999455338	160.97838409543024	181.50241191383014	1.0542951519180786e-08	0.0	217660.91799111437	3.4768016169373452	146.0387600434358	22.110859557142188	145.28456635321322	65.96967938192192	0.5045362903225806	0.052167338709677415
13428	3	345888	240	5	64880.22611170909	64880.22633186119	17384.608358308975	80889.84477023421	1.246756517632355	1.945344794503765	0.8899755825033058	2333723246.6460896	302224607.77178633	2031498675.4024248	0.9005530061533169	0.0	0.0	0.0	0.00022015209833625704	-36.52812147140503	1.5652293614464104e-08	94.94550344337448	198.6652174132107	209.44569725965547	1.5639697817235462e-09	0.0	250212.89647525208	3.0932547482573396	81.91148650568815	18.27032270050339	82.95506299543014	65.96966757394271	0.5073084677419355	0.05594758064516129
13428	3	345888	0	6	37346.47206969536	37346.47224166681	10424.671643293808	47237.402971811534	1.2648424430467726	2.212490776302432	0.924031797210331	836613263.4687731	108673778.87049404	727939443.228646	0.9348744431598979	0.0	0.0	0.0	0.00017197144916281104	41.369633078575134	4.9448932840304256e-08	69.02079032527644	144.2605057698999	165.11596117498854	1.4835426848269574e-08	0.0	58619.48241611525	1.2409548143796203	179.4639545024393	6.98821560804173	179.5865715900793	65.96968420111419	0.5050403225806451	0.028981854838709676
13428	3	345888	16	6	119153.88922298735	119153.88852066138	24481.366469723238	142651.63077309326	1.1972049901462445	2.2494954412475723	0.9400694145374409	6151838445.258991	599337304.2248893	5552501275.702629	0.951732273092149	0.0	0.0	0.0	0.0007023259677225724	-134.6685276031494	2.1890777659633402e-08	79.22682246640356	213.90092965553677	259.92111016947837	1.9080704424639046e-09	0.0	199407.09049322977	1.3978605780522888	73.5454514995027	9.950737978287014	71.82183509317548	65.96966598891713	0.4939516129032258	0.03477822580645161
13428	3	345888	32	6	109290.46665218446	109290.46647231093	19830.809366210273	128059.7918021393	1.171737990740656	2.2299091711051986	0.9377055357296156	4454904175.3550205	393261000.1189731	4061643126.6977224	0.9370204016078153	0.0	0.0	0.0	0.0001798735320335254	48.53832483291626	1.0895481231994882e-08	85.3111266967387	189.53390264524066	241.23260457992507	1.123852479528881e-08	0.0	196277.92380174942	1.5327053103396433	73.58034548804814	8.820610459027847	72.44043165173653	65.96966330773137	0.5060483870967741	0.08014112903225806
13428	3	345888	48	6	64024.7128507372	64024.71268283369	12236.234950272852	74879.90171422291	1.1695468574578811	2.000313396324215	0.8635279221831006	1507835825.1123304	149725445.75827885	1358110386.538731	0.8667814918725042	0.0	0.0	0.0	0.0001679035121924244	-7.1846795082092285	4.764895082443067e-09	114.5059432563058	165.91600186192244	204.99927818503625	8.798819303611102e-09	0.0	227208.5443266943	3.0343061365542874	83.21872466195222	17.447431620711853	81.95589892146145	65.96966800167178	0.5035282258064516	0.12222782258064516
13428	3	345888	64	6	11096.274149793267	11096.274099984506	2593.803663908252	13378.760862660873	1.2056984787916518	2.2546860261513784	0.921791474713036	55863942.212895975	6727817.446903873	49136123.72019163	0.8536043535924841	0.0	0.0	0.0	4.980876110494137e-05	1.0458004772663116	1.8720491892261995e-08	132.3383416874787	83.63400411823977	68.93879365895931	9.305289149076497e-10	0.0	86460.00372979375	6.462482182634655	1317.2535423299514	50.08615532240649	1354.493579358293	65.96969197196977	0.5050403225806451	0.04334677419354838
13428	3	345888	80	6	77177.22727424408	77177.2280425278	13469.12252034623	89602.35893284468	1.1609947920835344	2.169735970565687	0.9100104424705536	2072258316.5900059	181417261.468098	1890840937.6907156	0.9094870534672458	0.0	0.0	0.0	0.0007682837167521939	117.43119239807129	5.666822106971181e-08	68.45358416501092	163.7811512827856	190.57233940211697	1.4593407612701806e-09	0.0	117930.75316608297	1.3161567996878136	96.77062797730997	9.119791024211052	94.70181901644501	65.9696785659923	0.5075604838709677	0.0751008064516129
13428	3	345888	96	6	11039.107076767372	11039.107092329576	2578.588006617551	13308.093671817689	1.2055407723896048	2.2544713706092008	0.9216914847830292	55243472.12553851	6649116.107871876	48594356.76746465	0.853571561578645	0.0	0.0	0.0	1.5562203770969063e-05	-0.7497980147600174	1.3572608417083784e-08	132.46073181817206	83.48557838342468	68.71031986863154	2.6233383185873647e-09	0.0	85850.73973063556	6.451017066803114	1320.1977476858472	50.24228949610548	1357.635051427672	65.96968810188393	0.5030241935483871	0.046875
13428	3	345888	112	6	106986.13149198204	106986.13057073615	20526.50093920358	126477.75259768183	1.1821882970612931	2.224075111436759	0.9297417209874448	4550589570.540741	421337240.80712545	4129252465.127491	0.9401540845427608	0.0	0.0	0.0	0.0009212458971887827	-135.39387559890747	2.9753040457748597e-08	92.64056919350789	189.38230373822216	249.62128963288728	3.848355396170458e-08	0.0	202321.0114541228	1.5996569079706422	73.4996157077759	9.323577097394006	71.49797600451076	65.96966447045534	0.5045362903225806	0.05241935483870967
13428	3	345888	128	6	131002.35114122884	131002.35129843267	26263.433060926596	156136.14992735416	1.1918576160440777	2.3070630591745402	0.9511348766761291	7216881309.607395	689767916.1457722	6527113771.3168745	0.948550815087729	0.0	0.0	0.0	0.0001572038308950141	-377.85525131225586	5.235713809083158e-08	83.90406038238693	218.54399427311188	271.0099200326033	4.376210501569867e-09	0.0	216722.13154962598	1.3880330140625154	70.0580662316492	8.188998552937443	68.37665145403635	65.96965881973128	0.5070564516129032	0.059979838709677415
13428	3	345888	144	6	10038.502291520846	10038.502323884884	2195.0636807461347	12094.290011515826	1.2047902824838153	2.376106381418313	0.9707353802543346	45500322.62578222	4818304.562530769	40682017.75287929	0.9231163463473916	0.0	0.0	0.0	3.2364037906518206e-05	0.31037215888500214	6.821317761582935e-09	127.40816740620039	74.24488957847788	66.90857285943683	7.4443165882453635e-09	0.0	68563.67096522526	5.669094356265256	1923.9279750967057	53.53399710528977	1968.2778054402752	65.9696880036155	0.4969758064516129	0.0
13428	3	345888	160	6	109743.05872786125	109743.05850412896	21463.139360003966	130220.67434204066	1.1865959984308385	2.225439297675145	0.9358576584813084	4913885087.149002	460666351.1869514	4453218885.029373	0.9453088882245236	0.0	0.0	0.0	0.0002237322914879769	-149.06732273101807	3.033593991053335e-08	83.99895862608234	197.27346958112722	246.57987545995238	6.086377334211761e-09	0.0	195032.84872982645	1.497710322389009	75.05770646316114	9.392385226878012	73.01132820205727	65.96966186726557	0.5055443548387096	0.06476814516129033
13428	3	345888	176	6	47413.24582125247	47413.24579323322	12141.00042906689	58815.280252191886	1.2404820474414466	2.189184663902216	0.9070499495853269	1211221311.8373585	147403891.4186024	1063817441.0571563	0.9240233565456838	0.0	0.0	0.0	2.801925438689068e-05	-20.638400316238403	1.7039330562084516e-08	91.5181874882249	167.0792724610242	190.4484076191194	1.9090087110257073e-09	0.0	171239.44057958736	2.911478792678935	118.06533285488646	16.955185368358148	115.63748352094234	65.969683588321	0.5025201612903226	0.08039314516129031
13428	3	345888	192	6	91756.44329589373	91756.4435268454	20195.460707156908	110385.95172062395	1.2030321550787915	2.1795694632129057	0.9042410210263079	3765813450.9553623	407856633.1743187	3357956760.31689	0.9060554289496864	0.0	0.0	0.0	0.00023095167125575244	57.46415376663208	1.5259426552861718e-08	109.83513582745012	201.35583448849235	253.39084631638264	2.022254494325236e-09	0.0	282772.6276020178	2.561672255178054	80.94857537164269	15.187531293933807	80.32765107563168	65.96966937331715	0.5012600806451613	0.10131048387096774
13428	3	345888	208	6	51590.30219933953	51590.30250075782	10707.47894535401	61448.43213048378	1.1910849425353909	2.156200685264238	0.8891929665076987	1114350530.275494	114650105.36519943	999700409.5819085	0.90486662680819	0.0	0.0	0.0	0.0003014182875631377	15.328386187553406	1.375544388511563e-08	72.17601991213306	147.76623057091734	176.92509756934476	6.485344562567042e-09	0.0	125867.01791264965	2.048335710204374	108.01405312218373	10.975706393253052	107.75016976983412	65.96967856992337	0.49117943548387094	0.04460685483870968
13428	3	345888	224	6	62603.77821189737	62603.77865014125	12104.741819492903	73742.22947573641	1.1779197930536764	2.202291966845746	0.9066104296355609	1518683361.6477327	146524774.51658034	1372158505.142632	0.9053535484777638	0.0	0.0	0.0	0.000438243878306821	81.98852038383484	5.398657972711269e-08	86.69455492791353	157.6570044077172	182.02929702699882	4.019582125818818e-09	0.0	216939.10235666865	2.9418571189899434	145.28456635321322	17.19134579513549	144.38525184371227	65.96968190517242	0.5025201612903226	0.05922379032258064
13428	3	345888	240	6	80889.84477023421	80889.84520172336	15704.942085014703	95334.62515266247	1.178573471409895	2.1448467020827393	0.8943638355490605	2545523766.0460777	246645205.893666	2298878494.8109345	0.9048064304544132	0.0	0.0	0.0	0.00043148915574420244	65.341477394104	2.566916807679148e-08	93.57108845680187	188.80986242302987	205.387806000114	9.49921280252067e-09	0.0	152581.54246668715	1.600484000705732	82.95506299543014	9.259265643504968	82.87787894137745	65.96966563482988	0.5108366935483871	0.05796370967741935
13428	3	345888	0	7	47237.402971811534	47237.40314082987	10204.01776774524	56827.192646825664	1.203012635574753	2.4014762341205627	0.9266563846877027	997957584.5981278	104121978.60446052	893835581.6379237	0.927193594708341	0.0	0.0	0.0	0.00016901833441806957	24.355743646621704	2.440558999952852e-08	69.4347135426679	142.86222410164487	165.04194125130184	9.615670361208003e-11	0.0	48646.863801821375	0.8560490404048315	179.5865715900793	4.518906554549566	179.87490807059876	65.96969116823414	0.5055443548387096	0.02217741935483871
13428	3	345888	16	7	142651.63077309326	142651.63128216143	23751.341205191224	165133.87496438576	1.157602433771357	2.4385909782078747	0.9409488290196986	6919708898.530457	564126209.0454144	6355582331.262667	0.9379085012171089	0.0	0.0	0.0	0.0005090681661386043	358.222375869751	5.176841701329761e-08	67.37417185383214	211.0413633775272	248.9093104255875	1.5768048168198434e-08	0.0	161455.3174532989	0.9777237844571681	71.82183509317548	5.892997071465368	72.50177421428324	65.96966325822432	0.4904233870967742	0.017641129032258063
13428	3	345888	32	7	128059.7918021393	128059.79177579061	17717.103985436464	144673.63606042246	1.1297350559803552	2.4072518278193216	0.9377082435496022	4531150694.536304	313895773.63076866	4217254880.123339	0.9293821527593281	0.0	0.0	0.0	2.634868724271655e-05	40.78219652175903	9.000406137658258e-09	75.7427381840692	180.71067910065392	228.6595364385993	1.3968725835032572e-09	0.0	169130.92532741668	1.1690514615486063	72.44043165173653	7.290497877975041	71.18324680712188	65.96965982301198	0.5032762096774194	0.07837701612903225
13428	3	345888	48	7	74879.90171422291	74879.90203303742	9400.425712886889	82988.88140584162	1.1082931401615137	2.1501739865489866	0.8634389615735621	1280154756.26116	88368003.58350497	1191786776.774951	0.8465561664819616	0.0	0.0	0.0	0.0003188145055901259	-24.097295999526978	1.8823736647205e-08	89.84483198117866	142.90842919048475	180.4262855283185	9.115204888782366e-10	0.0	203372.78068777005	2.450602756923195	81.95589892146145	15.697379996242345	77.46228197255135	65.96966274767428	0.5007560483870968	0.1748991935483871
13428	3	345888	64	7	13378.760862660873	13378.760840770805	2693.841527686806	15731.735289300159	1.175873868349517	2.4140963622991385	0.9142259286549359	68496252.99234569	7256782.176289985	61239472.16932167	0.849598054362008	0.0	0.0	0.0	2.1890067728236318e-05	-1.3532659634947777	1.975678820921784e-08	132.66084041373227	85.83428438230901	68.69166087462366	5.053046034553898e-09	0.0	96909.33804662054	6.16011754006015	1354.493579358293	45.06226124596796	1387.1526605167517	65.96968738143906	0.5027721774193549	0.03377016129032258
13428	3	345888	80	7	89602.35893284468	89602.35922803068	12089.594559822197	100601.70471229234	1.1227573236960364	2.337960525925265	0.9099895337327891	2092120264.6889305	146158296.62088245	1945961924.6209059	0.8982002291770592	0.0	0.0	0.0	0.00029518599330913275	43.447142124176025	2.0767038519478238e-08	64.23819501082448	153.8171517776426	178.62580494387987	1.1407034440398357e-08	0.0	91685.4858246263	0.9113711058944438	94.70181901644501	6.096457906751579	94.13986936892829	65.96967432563162	0.5126008064516129	0.053931451612903226
13428	3	345888	96	7	13308.093671817689	13308.093668888498	2677.3342419513237	15646.710623335635	1.17572892175161	2.4139587923284087	0.914151264154112	67714196.15253025	7168118.64312507	60546077.295709096	0.8496451327678192	0.0	0.0	0.0	2.9291913961060345e-06	0.21369608491659164	3.1558535293726077e-09	132.77403589960565	85.67551410692649	68.45224803049875	8.357978880597777e-09	0.0	96233.10465256032	6.150372899416408	1357.635051427672	45.207821128302676	1390.4769482501285	65.96969108518931	0.501008064516129	0.03654233870967742
13428	3	345888	112	7	126477.75259768183	126477.75141623945	19868.958726866374	145217.44572229512	1.1481659243600186	2.410701740086407	0.9314523422233035	5091484639.947317	394775520.8899194	4696709525.70649	0.9344895781901915	0.0	0.0	0.0	0.0011814423778560013	-406.64909172058105	7.986847068732172e-08	81.96519495159615	187.31230862175678	243.65366170365482	2.12737403841337e-08	0.0	192917.15922334106	1.328470955785809	71.49797600451076	8.03272454696945	70.29447809961461	65.96966145133608	0.502016129032258	0.038306451612903226
13428	3	345888	128	7	156136.14992735416	156136.1498846211	24852.308776152717	179669.94818691182	1.15072613402154	2.492083190211531	0.9505841155651815	7902792967.350365	617637251.5052373	7285155632.0740595	0.9387255347008591	0.0	0.0	0.0	4.273306694813073e-05	83.77106761932373	1.0600185018817512e-08	73.4186726931992	214.22944390267602	259.4164302704046	4.6840623156517246e-09	0.0	191115.06726258332	1.063700786877037	68.37665145403635	6.063616812506596	68.21043065600753	65.96966325260308	0.5040322580645161	0.04334677419354838
13428	3	345888	144	7	12094.290011515826	12094.289978985262	2239.146558776375	14152.861438373924	1.1702101921566281	2.5451540882986876	0.9629079863677373	54031636.011160135	5013777.311680082	49017859.91593489	0.9050268274244592	0.0	0.0	0.0	3.2530564567423426e-05	-1.2164548337459564	2.2513751637923752e-08	127.82394380452808	75.49956177857526	66.69047894787307	6.2335816343978066e-09	0.0	76946.88080923805	5.436842678371203	1968.2778054402752	49.48400166598262	2009.223397735383	65.96968252820703	0.4954637096774193	0.00025201612903225806
13428	3	345888	160	7	130220.67434204066	130220.67400031682	20140.367750376547	149204.6618485612	1.1457832068712588	2.411049573197753	0.9367081409426599	5304607091.2476845	405634413.1204077	4898972796.171181	0.9339587539789912	0.0	0.0	0.0	0.00034172383311670274	-118.0439043045044	2.2253090996931792e-08	70.6086357001716	191.85180751839576	232.89396266853328	1.2651212762636755e-08	0.0	158363.34011421708	1.0613833220932036	73.01132820205727	7.056281778716696	72.93935615477206	65.96966593282599	0.502016129032258	0.05443548387096774
13428	3	345888	176	7	58815.280252191886	58815.28069099784	9956.040777833841	68055.35844502774	1.157103360779982	2.375263337944687	0.9098501677796212	1172294621.937336	99122747.96989027	1073171860.228648	0.9163522279140822	0.0	0.0	0.0	0.00043880595330847427	13.738797783851624	1.171957759317096e-08	74.33202485023843	147.81808607468207	171.51021860185375	1.5177819277425674e-08	0.0	146166.3537580668	2.147756732189393	115.63748352094234	15.369102458525468	113.05585429149129	65.96967765897462	0.5012600806451613	0.07283266129032258
13428	3	345888	192	7	110385.95172062395	110385.95219414917	17847.27516858258	126769.70840726298	1.1484224797744618	2.360772518248933	0.9059956876839195	3885500632.394558	318525230.94310427	3566975364.1520934	0.9052830444262293	0.0	0.0	0.0	0.00047352521505672485	37.299360275268555	9.599627899759648e-09	103.64724403991718	189.51788716844828	243.91984913894493	2.9627396912723332e-08	0.0	219326.90591656193	1.730120774093587	80.32765107563168	10.83689216154815	77.45032256504528	65.96966610742808	0.5015120967741935	0.10962701612903225
13428	3	345888	208	7	61448.43213048378	61448.432485891855	9402.57433387675	70020.7793907084	1.1395047353205288	2.3332852756209546	0.8918887830176964	1126999735.1875825	88408404.10407782	1038591287.1585106	0.8987876473907906	0.0	0.0	0.0	0.000355408075847663	43.924994111061096	3.897515921221582e-08	65.92426304462178	138.19462730774586	165.33453243411344	1.0186652846519068e-09	0.0	54164.57104828551	0.7735499578546994	107.75016976983412	4.764885476264875	107.5687407088564	65.96968020740074	0.49193548387096775	0.0390625
13428	3	345888	224	7	73742.22947573641	73742.22972150364	10637.131300125284	83380.78280740094	1.1307060201486847	2.373270384443023	0.9065541010977147	1514438533.5228004	113148562.29610501	1401289973.946682	0.893217521997696	0.0	0.0	0.0	0.0002457672235323116	-2.7199864387512207	1.7960362065168425e-09	81.823429486464	149.29518394565136	176.2179695326549	7.83953653901718e-09	0.0	163088.0188826436	1.9559425327758735	144.38525184371227	10.268679170594178	143.4458056482928	65.96968171357788	0.5032762096774194	0.06703629032258064
13428	3	345888	240	7	95334.62515266247	95334.62529543685	14269.989109863298	108328.10581002115	1.1362934047996915	2.320517870512835	0.8962743859349641	2646287755.3884735	203632589.19561714	2442655075.0822287	0.8977550229954724	0.0	0.0	0.0	0.0001427743845852092	91.1106276512146	3.4429599526994604e-08	86.7713134909881	180.3001071477795	196.27146920162198	1.741964434791593e-08	0.0	106073.78189208494	0.9791898581491945	82.87787894137745	6.079729711725899	81.54505433436668	65.96966829095197	0.5080645161290323	0.06149193548387097
13428	3	345888	0	8	56827.192646825664	56827.192876755966	10069.812619227747	66144.67623719368	1.1639617084073655	2.5720302120288756	0.9264634775638562	1145788370.4037375	101401126.18635836	1044387224.9109037	0.9125443120739735	0.0	0.0	0.0	0.00022993030142970383	19.306475520133972	1.6849948924975574e-08	69.38695897238479	141.93949418841314	164.5721110171984	3.6852144806170147e-09	0.0	44495.77415365866	0.6727037899427134	179.87490807059876	3.5862356901100365	180.31513449469168	65.96968402563611	0.5030241935483871	0.016129032258064516
13428	3	345888	16	8	165133.87496438576	165133.8729151834	24141.216110598478	187584.68899891776	1.1359552305023664	2.6092769386848813	0.9396222556330515	7918818886.067314	582798315.2986195	7336021157.412619	0.920100505022216	0.0	0.0	0.0	0.002049202361376956	-586.6439237594604	7.408225042141388e-08	68.64556995485515	212.99222809194336	249.9187790566599	5.987388764464361e-09	0.0	131014.89289007506	0.6984306314339156	72.50177421428324	5.268329363249245	73.76206026380918	65.96966082794853	0.49193548387096775	0.013104838709677418
13428	3	345888	32	8	144673.63606042246	144673.63506497742	16658.965449568266	160073.0446582104	1.1064423969503083	2.5667035374720903	0.9364104991443278	4692918655.205845	277521129.8499092	4415398019.74547	0.9160146969264308	0.0	0.0	0.0	0.0009954450360964984	-494.38953399658203	1.0534798710993142e-07	67.09302546814466	176.7635018255833	217.57304597130087	1.0427925695962293e-08	0.0	138831.13796802648	0.8672986686485619	71.18324680712188	4.720766840128252	71.29798627217538	65.96965981471836	0.5057963709677419	0.06023185483870967
13428	3	345888	48	8	82988.88140584162	82988.88169235297	8754.103733828115	90654.80433292773	1.0923728913708013	2.290612049143647	0.8644620402755587	1331139111.648569	76634332.18262334	1254504634.1201966	0.8633972744337569	0.0	0.0	0.0	0.0002865113492589444	145.34574913978577	1.0918900050933081e-07	69.836411788354	133.95639177721702	166.65599882355176	1.1623458470884207e-08	0.0	209539.7499083892	2.3114025738680497	77.46228197255135	13.293218210335235	76.68714029657498	65.96966415654371	0.5057963709677419	0.09979838709677419
13428	3	345888	64	8	15731.735289300159	15731.735213655427	2781.8462434004123	18135.79622282623	1.1528160046756684	2.559548909642179	0.9072635416366864	81419609.42326611	7738668.5219209865	73680941.38984632	0.8418125965531763	0.0	0.0	0.0	7.564473162346985e-05	-0.4885011911392212	5.999797771071464e-09	132.49177172703085	87.94741608782897	68.45998787274382	2.7021219381685184e-09	0.0	106230.5329566521	5.857505868532961	1387.1526605167517	40.85835337269119	1415.6878489565368	65.96969178908246	0.5005040322580645	0.0360383064516129
13428	3	345888	80	8	100601.70471229234	100601.70559419719	12108.17078954134	111461.01002416002	1.107943551681593	2.493490235689674	0.9086932481783747	2302853764.5866375	146607799.86870214	2156245701.5716434	0.8850837536431925	0.0	0.0	0.0	0.0008819048525765538	263.14629220962524	1.1426964936128285e-07	62.963078563114664	153.30022876127154	178.08729056799893	3.7498295169736034e-10	0.0	45914.57014887047	0.4119339139009123	94.13986936892829	2.981326689713382	94.09800206999483	65.969674313512	0.5126008064516129	0.03755040322580645
13428	3	345888	96	8	15646.710623335635	15646.71059815456	2764.3582162893904	18035.87915510253	1.1526946199288475	2.5595056677675423	0.9072161634681166	80473383.5670577	7641676.347966661	72831709.19368318	0.8419244782893813	0.0	0.0	0.0	2.5181076125591062e-05	-1.9745921343564987	2.453720779257517e-08	132.59640585957482	87.78336862719961	68.20846590469054	9.196324880551661e-09	0.0	105494.39120473129	5.849140442837313	1390.4769482501285	40.993743991400926	1419.1864126042935	65.96968994692398	0.49848790322580644	0.03679435483870968
13428	3	345888	112	8	145217.44572229512	145217.446061409	20361.184339695374	164147.5870255505	1.130357211622192	2.5814749104144266	0.9312518972175619	5856323784.202946	414577827.7150561	5441746234.512051	0.9202089637165687	0.0	0.0	0.0	0.000339113874360919	-278.02416133880615	4.7474178611633176e-08	74.94378575580082	190.5939075928153	242.51270163673212	1.2488324361504238e-08	0.0	142794.96739213495	0.8699181644633149	70.29447809961461	4.728210963966049	70.73169662773729	65.96966013943673	0.5060483870967741	0.03679435483870968
13428	3	345888	128	8	179669.94818691182	179669.94782554975	24462.303772741154	202452.5006899018	1.12680224340739	2.6591846863124218	0.9483780926671062	8705724754.107101	598404305.8698661	8107320739.482006	0.9223049988535261	0.0	0.0	0.0	0.0003613620647229254	-291.24477100372314	3.3454396874461545e-08	70.40671611017294	213.21815896157446	254.30070426141356	1.0540710587508352e-08	0.0	152345.85517813612	0.7525017232653952	68.21043065600753	4.190396017363816	69.10906872120681	65.96966178956026	0.5015120967741935	0.03629032258064516
13428	3	345888	144	8	14152.861438373924	14152.86139270963	2278.7502946887716	16206.101396289236	1.1450759598584197	2.6967433878413765	0.9546033018079524	62334235.57299626	5192702.905544163	57141533.61865913	0.8858922560029632	0.0	0.0	0.0	4.566429379337933e-05	-0.9512070342898369	1.5259785020960588e-08	128.06948091889112	76.70046803270466	66.48844581253005	3.784651525425131e-09	0.0	84500.80775555526	5.2141354675112535	2009.223397735383	45.827053653094254	2046.9790538061095	65.96969108905134	0.4964717741935484	0.0012600806451612903
13428	3	345888	160	8	149204.6618485612	149204.66265749923	20134.40566858838	167800.5800939496	1.1246336274952506	2.5785018905332753	0.9352359383190868	5895003562.522499	405394291.62728393	5489608821.829334	0.9136717421191466	0.0	0.0	0.0	0.0008089380280580372	449.06588077545166	7.617737224628484e-08	68.346297940866	193.17535478163362	228.86194689490813	2.9720552766548232e-08	0.0	109691.76981346824	0.6537031651796795	72.93935615477206	4.261986771544366	74.15925525645898	65.96966297783942	0.5065524193548387	0.026713709677419355
13428	3	345888	176	8	68055.35844502774	68055.35879423445	9311.99869078069	76531.2368030382	1.1245438794486244	2.5402905238052043	0.9098900532865615	1225498393.5215006	86713319.61710131	1138785023.9870737	0.8984760755401159	0.0	0.0	0.0	0.0003492067044135183	49.91732573509216	4.073226533708744e-08	62.70952916277323	140.38553393335832	159.7171193104966	3.6341831152826706e-09	0.0	120033.91897886248	1.5684304085064065	113.05585429149129	10.074024525713119	113.16195925582626	65.96967920195154	0.5017641129032258	0.05821572580645161
13428	3	345888	192	8	126769.70840726298	126769.70868145254	16737.542912422832	142140.1011850265	1.1212465735772166	2.5270944473903185	0.9073122346944679	4133249395.227091	280145342.74519575	3853104056.7219944	0.907974279408149	0.0	0.0	0.0	0.00027418955869507045	-4.2400994300842285	1.025851339863625e-09	87.90920881685511	181.55706561436372	235.31311351156248	1.181253895757573e-08	0.0	224332.1161131131	1.57824648203441	77.45032256504528	9.372495873042642	75.6420440776032	65.9696670485125	0.508820564516129	0.08568548387096774
13428	3	345888	208	8	70020.7793907084	70020.77989425434	8735.277628703037	77826.26302889439	1.111473818288029	2.4900400309177857	0.8920559871247611	1154017670.5604	76305075.25051977	1077712547.3945985	0.8809865688904897	0.0	0.0	0.0	0.0005035459471400827	47.915281772613525	4.152040561852531e-08	64.68326608345683	133.37878335871864	158.17013890814928	5.3050858846960935e-09	0.0	43202.190543270604	0.5551106884635525	107.5687407088564	3.244699842570673	107.63961290663173	65.96968382570603	0.49243951612903225	0.038558467741935484
13428	3	345888	224	8	83380.78280740094	83380.7830533708	9432.877216252387	91723.56838051991	1.1000564553632188	2.5214327148997153	0.9044967965469751	1460858054.8809423	88979172.57689337	1371878825.3941205	0.8721187153998147	0.0	0.0	0.0	0.0002459698589518666	56.90992856025696	3.895650803999231e-08	76.71927045879112	141.45651016349623	168.37654751263457	5.564471507909773e-10	0.0	109208.16379016127	1.190622717868077	143.4458056482928	7.000631359924165	142.84917801543642	65.96968021564098	0.5063004032258064	0.06930443548387097
13428	3	345888	240	8	108328.10581002115	108328.10590301009	13852.087855756721	120854.68645531745	1.1156355550725183	2.481894385386141	0.8971006300323779	2870876729.8259525	191880337.96360284	2678996276.9676003	0.8926592864849415	0.0	0.0	0.0	9.298893564846367e-05	114.8947491645813	4.0020788064817684e-08	82.17422481264583	178.36715411153654	191.8697032401904	2.1959430394560216e-10	0.0	94823.95917144422	0.784611354275796	81.54505433436668	4.653557195781399	80.78063878459993	65.96967018672477	0.5095766129032258	0.045110887096774195
13428	3	345888	0	9	66144.67623719368	66144.67690657184	10023.89230624179	75235.9331367598	1.137445028334027	2.72580003503055	0.9240621466698475	1285327440.4358177	100478416.96713337	1184848944.684499	0.8935146939095581	0.0	0.0	0.0	0.0006693781615467742	78.7841854095459	6.129503108004326e-08	69.46294827571462	141.6749617813526	164.46906895792836	7.88658766205021e-09	0.0	45544.934527671925	0.6053614626907262	180.31513449469168	3.28982309970738	180.82325716371597	65.96968195829147	0.5032762096774194	0.011592741935483871
13428	3	345888	16	9	187584.68899891776	187584.68767783834	24147.16741742051	209638.04238370914	1.1175647836850833	2.7642723835104577	0.9367808636590921	8760093267.65313	583085694.2849348	8177008260.923428	0.9026115013493546	0.0	0.0	0.0	0.0013210794131737202	-687.555233001709	7.848720464433004e-08	74.21043879321562	212.94899100007035	254.48831015320238	2.4859991900471283e-08	0.0	138213.62274484584	0.6592964744808811	73.76206026380918	4.224505456215274	74.48960889853528	65.96966047238743	0.49193548387096775	0.02721774193548387
13428	3	345888	32	9	160073.0446582104	160073.04508713848	16555.062756334086	175055.6157885638	1.0935983391978603	2.7129838552820815	0.9336384023245943	5021088992.963852	274070102.8661599	4747019062.895136	0.8956574486700777	0.0	0.0	0.0	0.000428928091423586	-172.79744338989258	3.441433594027848e-08	65.75567048898218	176.87490776395498	214.9705476432256	2.5145199963991463e-08	0.0	109088.61979332978	0.6231654956082534	71.29798627217538	3.3973885119782605	72.13806273645785	65.96966065641497	0.5057963709677419	0.04561491935483871
13428	3	345888	48	9	90654.80433292773	90654.80445229144	9764.073606934044	99254.7285654975	1.0948645170639466	2.4349015454828424	0.8658512901995766	1633207593.9691715	95337133.40162598	1537870382.0930772	0.8686960907018878	0.0	0.0	0.0	0.00011936371447518468	78.47446846961975	4.8049291932879074e-08	67.41930818820525	141.02886105740467	175.1699063973282	1.0483367020487268e-08	0.0	73201.59256732321	0.7375123961931437	76.68714029657498	5.599620956054828	77.54693853853456	65.96966755516871	0.5078125	0.035282258064516125
13428	3	345888	64	9	18135.79622282623	18135.796148996662	2856.323743462053	20569.50333877618	1.1341935631635967	2.6924836480669985	0.9003593963420766	94197362.96804631	8158585.327465076	86038781.55865328	0.8304628323966585	0.0	0.0	0.0	7.382956755463965e-05	-3.9180720448493958	4.159428588439877e-08	132.04814508799504	89.87484605200372	68.26522381787059	1.6338580032305797e-09	0.0	114500.01697972842	5.566493962174685	1415.6878489565368	37.25717049300871	1440.5825312223074	65.96969153132748	0.4987399193548387	0.034022177419354836
13428	3	345888	80	9	111461.01002416002	111461.01064293394	12031.618070412891	122008.02401854568	1.0946251428378364	2.635635030165284	0.9058271907314681	2462401169.304121	144759833.392286	2317641169.8624535	0.8641103110023549	0.0	0.0	0.0	0.0006187739199958742	166.04938173294067	6.74339274212847e-08	62.230219778789625	152.67024812547172	178.60369752597	3.1021871573784684e-09	0.0	38302.202740361594	0.3139318347358154	94.09800206999483	2.0062959008579786	94.00887165754398	65.96967587997352	0.508820564516129	0.034274193548387094
13428	3	345888	96	9	18035.87915510253	18035.879138318156	2838.2187289203625	20454.52745134715	1.1341020460075748	2.692540971492842	0.9003394617990141	93094756.36045218	8055485.553194318	85039271.6564206	0.8306276011595892	0.0	0.0	0.0	1.678437547525391e-05	-0.8491627424955368	9.121488424199494e-09	132.14562600791177	89.71068460216915	68.00250307789707	7.691400647326751e-09	0.0	113709.5461009847	5.559138281371695	1419.1864126042935	37.38038970280171	1444.249501102116	65.96968750150789	0.4987399193548387	0.03477822580645161
13428	3	345888	112	9	164147.5870255505	164147.58727407374	20922.63325332556	183235.5026428648	1.116285081999671	2.7372890664625675	0.9292420081044972	6630819102.472641	437756582.2531644	6193062205.516323	0.9016222082390706	0.0	0.0	0.0	0.00024852322530932724	314.7031536102295	4.746067548319578e-08	76.75394012830513	193.44891866616058	246.38731736370576	9.62180851864763e-09	0.0	102682.32355264394	0.5603844371592989	70.73169662773729	3.7945197044912753	71.60941886030336	65.9696639441438	0.5131048387096774	0.024949596774193547
13428	3	345888	128	9	202452.5006899018	202452.49986389658	24422.602893417432	224746.81544313495	1.110121212023859	2.810929392271202	0.9447313284794331	9524116016.235886	596463532.0895616	8927652499.246487	0.9028013295678989	0.0	0.0	0.0	0.0008260052127297968	-15.100162506103516	1.5854660401408457e-09	73.45055064753238	213.10637783894595	256.63851166945506	2.182398271140947e-08	0.0	143128.82713768116	0.6368447362597269	69.10906872120681	4.197827769220985	69.92957831072414	65.96966529222216	0.5002520161290323	0.024949596774193547
13428	3	345888	144	9	16206.101396289236	16206.101330910355	2313.353735620439	18245.74803048063	1.1258567118837366	2.833457357201388	0.9458585009572431	70269598.72497994	5351605.506109038	64917998.34968586	0.8657939143786	0.0	0.0	0.0	6.537888111779466e-05	-5.130814962089062	7.301614147776715e-08	128.17866776488032	77.80956467917343	66.29951496325349	5.890202880118977e-09	0.0	91287.00912713463	5.003193586001957	2046.9790538061095	42.499109044642964	2081.7516057064713	65.96968769263631	0.49974798387096775	0.0012600806451612903
13428	3	345888	160	9	167800.5800939496	167800.57887990063	20455.216296251427	186299.9369574912	1.1102460840909134	2.7310359361170597	0.9320784948688138	6550631830.499214	418415873.72642994	6132216346.211992	0.893284795422742	0.0	0.0	0.0	0.0012140489707235247	-389.4392080307007	5.94506328713977e-08	72.89942356912618	195.45101201529843	233.56836974338898	1.9536599705313456e-08	0.0	112115.06909823942	0.6017987517598602	74.15925525645898	4.467840254945766	75.1804295826046	65.96966619684264	0.5042842741935484	0.018649193548387098
13428	3	345888	176	9	76531.2368030382	76531.23761843926	9753.483495610943	85170.57157615655	1.1128863864483551	2.6896150762938213	0.9073836282453513	1396996056.0064974	95130440.29915506	1301865493.1196043	0.8720424577371312	0.0	0.0	0.0	0.0008154010574799031	122.58773803710938	8.775095499377646e-08	62.46171162458645	144.34622126205488	161.46513095351145	2.5090533656142402e-08	0.0	65246.41792172451	0.7660676327546008	113.16195925582626	5.072783254492277	113.87549285241172	65.96968002813568	0.501008064516129	0.04435483870967742
13428	3	345888	192	9	142140.1011850265	142140.10216245128	16963.274659982864	157560.3758478296	1.1084864477669834	2.681935555438723	0.907480921283594	4621463672.419754	287752687.19001675	4333710682.87887	0.8986769478946143	0.0	0.0	0.0	0.000977424788288772	302.35086727142334	6.542318380122965e-08	78.37418926520468	180.55757344720155	235.68890630965214	1.6183577606039453e-08	0.0	146483.34831512207	0.9296966160440517	75.6420440776032	5.489948929500541	75.45427225364473	65.96966147013654	0.5095766129032258	0.04889112903225806
13428	3	345888	208	9	77826.26302889439	77826.26322170054	8503.182824987567	85236.11137969377	1.095210126535927	2.6314703592591386	0.8902233760092533	1208267466.0889091	72304118.15516354	1135963343.5999146	0.858275323656252	0.0	0.0	0.0	0.00019280615379102528	4.333831071853638	3.586814338287196e-09	64.48007203969301	132.0793639050096	155.91158934757436	1.0967908963440027e-08	0.0	43884.378014398535	0.5148566414907579	107.63961290663173	2.7059761947825893	107.83892847047622	65.96967463578909	0.4964717741935484	0.027721774193548387
13428	3	345888	224	9	91723.56838051991	91723.56878888962	8705.999740912923	99228.23255908547	1.0818182754014987	2.6528187466010134	0.9011377016816068	1433029140.344038	75794431.48877586	1357234580.7632265	0.8498168284238773	0.0	0.0	0.0	0.00040836971311364323	128.09203553199768	8.938550649517543e-08	73.83612906294077	136.48138142168384	162.39806482129862	1.3480175263220081e-08	0.0	84441.16527061937	0.8509792329539942	142.84917801543642	5.612552322361987	142.747229574654	65.96968446906654	0.508820564516129	0.05443548387096774
13428	3	345888	240	9	120854.68645531745	120854.68710606829	13853.886722116522	133176.3612122385	1.1019544638136696	2.6305430566165695	0.8963827520716225	3130087947.519533	191930177.30923647	2938157710.9262843	0.8774249455044664	0.0	0.0	0.0	0.0006507508369395509	59.28401231765747	1.8940046833073054e-08	81.18430418716343	178.9936444637514	192.02805156396929	2.6891283993701658e-09	0.0	53173.49569796639	0.39927127663220624	80.78063878459993	2.262603339018596	80.6511151705681	65.96966695066277	0.5171370967741935	0.03225806451612903
13428	3	345888	0	10	75235.9331367598	75235.93392286837	10005.113938350854	84097.68608074302	1.117786177090072	2.8644777218103843	0.9198663673831777	1411975169.1762056	100102304.91938253	1311872740.111733	0.8713935821775366	0.0	0.0	0.0	0.0007861085614422336	124.14509010314941	8.792299809038419e-08	69.70259989482935	141.63881244031464	164.59274758396305	1.2179368734277376e-08	0.0	47900.866031652615	0.5695860162993849	180.82325716371597	3.1098652845782637	181.34065781860835	65.96968658272863	0.5	0.008820564516129031
13428	3	345888	16	10	209638.04238370914	209638.0429534809	23330.523634901452	230513.75053572888	1.0995797705161263	2.9051737027434688	0.9328156022232719	9188480371.57441	544313333.0786953	8644168024.94271	0.8836873159619704	0.0	0.0	0.0	0.0005697717715520412	-986.4469966888428	1.073569248447792e-07	76.20452199086223	209.49083789378236	253.1827499098997	1.3797341986046564e-08	0.0	132644.77272892205	0.5754310644173092	74.48960889853528	2.971400797374589	74.89750029526753	65.96966531560928	0.4904233870967742	0.03755040322580645
13428	3	345888	32	10	175055.6157885638	175055.61409556604	16508.537599464555	189624.58495780244	1.083224803178182	2.847067318370741	0.929501112131158	5313014601.305565	272531813.6729349	5040483637.966673	0.872082490971182	0.0	0.0	0.0	0.001692997757345438	-850.3340425491333	1.6004737542791264e-07	68.00587842654916	176.71465675154556	216.27491827544065	1.7214207024205883e-08	0.0	96280.56356881555	0.5077430407449665	72.13806273645785	3.0770015041680434	72.96931857128729	65.96966470083024	0.502016129032258	0.05443548387096774
13428	3	345888	48	10	99254.7285654975	99254.72824762003	9751.710037239262	107686.01478958619	1.0849459400669756	2.5692408212180693	0.8657528493297021	1744776638.6523914	95095848.65039295	1649680774.8196917	0.8521929433480792	0.0	0.0	0.0	0.0003178774641128257	15.18230676651001	8.701576138843955e-09	74.50082174062524	142.40300114417678	179.48231560342978	2.2868629203011085e-08	0.0	80399.3303519506	0.7466088393639393	77.54693853853456	4.424362616837625	77.90594350800605	65.96966869665924	0.506804435483871	0.02973790322580645
13428	3	345888	64	10	20569.50333877618	20569.503365623324	2915.579305396681	23010.73786298984	1.118682229901566	2.814064037408517	0.8932233606019288	106389589.39530993	8500602.686057393	97888986.30913483	0.8161221601895388	0.0	0.0	0.0	2.6847144908970222e-05	0.4001177102327347	3.760872774365397e-09	131.47247021177014	91.54844032778769	68.10640777581328	1.5002632730778764e-09	0.0	121815.97002060481	5.293875063325093	1440.5825312223074	34.11701589789984	1462.282217311277	65.96968773992246	0.5012600806451613	0.03578629032258064
13428	3	345888	80	10	122008.02401854568	122008.02498645491	11621.377980069774	131905.94328181972	1.0811251501111887	2.763691840888635	0.9015279307346894	2513219948.156618	135056426.15565062	2378163226.332213	0.8386208195839973	0.0	0.0	0.0	0.0009679092327132821	295.6687545776367	1.1764539541972923e-07	61.59342173845354	149.99669435841767	176.39203882193584	3.0416321797147585e-09	0.0	37866.21395354625	0.28706980846808616	94.00887165754398	1.7205582734933005	93.97926197534689	65.96967409335456	0.5100806451612903	0.02948588709677419
13428	3	345888	96	10	20454.52745134715	20454.52746847485	2897.227555427297	22880.906971327404	1.118623103161469	2.8142210869942095	0.8932302562666681	105148210.57262486	8393927.507927231	96754279.48508288	0.8163344590893925	0.0	0.0	0.0	1.7127702449215576e-05	3.579614743590355	3.4043515568131796e-08	131.56468196290012	91.3888016535422	67.83456726730441	4.143767028946675e-09	0.0	120977.47932472377	5.287267629926919	1444.249501102116	34.22496726329155	1466.1120701603977	65.96969332630559	0.49899193548387094	0.03704637096774194
13428	3	345888	112	10	183235.5026428648	183235.50060948404	20671.02425069074	201710.78947432886	1.1008280958929304	2.879138833913613	0.9258770027473895	7111993161.573708	427291243.5726447	6684702740.68838	0.8824304550961755	0.0	0.0	0.0	0.002033380762441084	-822.6873178482056	1.1567605580573495e-07	80.94320798264603	192.25076324968248	247.94441222306236	7.502532185305577e-09	0.0	98483.68028354978	0.4882420089635842	71.60941886030336	2.8957071630975517	72.2596877217742	65.96966558736935	0.5108366935483871	0.021169354838709676
13428	3	345888	128	10	224746.81544313495	224746.81480804106	23798.1920998311	245995.37476836055	1.0945444289536634	2.9488352528450346	0.9400145893004049	10002593355.595596	566353947.2204634	9436239475.705738	0.8821276742133936	0.0	0.0	0.0	0.0006350938929244876	-67.33060455322266	6.731314786035657e-09	76.42145451903089	210.70234268496114	256.8848424757489	4.029575814481419e-09	0.0	144173.06621088015	0.5860803948708293	69.92957831072414	3.29782239495066	70.47225539988236	65.96966260457214	0.4992439516129032	0.0360383064516129
13428	3	345888	144	10	18245.74803048063	18245.748004359782	2342.5581576030017	20263.643424973216	1.1105953776804092	2.9572234309326335	0.9367134048692468	77707923.66267246	5487578.72175237	72220345.52443904	0.8448459219109369	0.0	0.0	0.0	2.612084790598601e-05	-0.5835189521312714	7.50913066039839e-09	128.18145467202643	78.7996163571414	66.12126037730765	4.387365537448242e-09	0.0	97392.31469319036	4.806258770633427	2081.7516057064713	39.450121848483676	2113.7327006486735	65.96968750100483	0.4992439516129032	0.0025201612903225806
13428	3	345888	160	10	186299.9369574912	186299.93668032374	20104.5477559375	204090.5698039625	1.095494572553348	2.8697952603367582	0.9277672744997636	6945294172.540894	404192840.4707715	6541101528.959124	0.8732003054497302	0.0	0.0	0.0	0.00027716747717931867	-196.88900184631348	2.834854751361566e-08	76.45734024827968	194.0590447628047	235.55379635376818	1.4622566162689003e-08	0.0	112886.43109963422	0.5531192889195309	75.1804295826046	3.1239937420529706	75.74619029593268	65.96966682183877	0.5047883064516129	0.023941532258064516
13428	3	345888	176	10	85170.57157615655	85170.57173451487	9855.988204238229	93702.57532550117	1.100175490095374	2.8253612110382176	0.9034195036136713	1526146360.0220127	97140503.48208311	1429005756.2392642	0.8511659560364658	0.0	0.0	0.0	0.00015835832164157182	100.30066537857056	6.572152449200472e-08	66.79233005668323	146.54744513861917	164.9009743440844	3.445798284794885e-09	0.0	71136.14568146592	0.7591695830816293	113.87549285241172	4.649413647512188	114.19040059299756	65.96967514591763	0.4987399193548387	0.04334677419354838
13428	3	345888	192	10	157560.3758478296	157560.3748995294	17076.863733093298	172740.14388154336	1.0963425477505477	2.823457806783508	0.9058177921233633	5013885270.906975	291619274.9586372	4722266011.421709	0.8775367915373375	0.0	0.0	0.0	0.0009483002068009228	-15.473371505737305	3.086104023065986e-09	77.9477130541114	180.57025987668922	237.5026085251225	1.9783857724340074e-08	0.0	74180.96126646876	0.4294367208431326	75.45427225364473	2.8406124655163225	75.55988883349262	65.96966681853513	0.5050403225806451	0.019909274193548387
13428	3	345888	208	10	85236.11137969377	85236.11189320349	8294.217700108762	92251.26784458738	1.082302633840765	2.7590295210914846	0.8866810256965599	1245101735.8022366	68794047.25679749	1176307624.8159237	0.8319397118437716	0.0	0.0	0.0	0.0005135097162565216	63.72951531410217	5.1184183172823506e-08	64.2007143193629	130.87127383011838	154.3686016463213	1.614872349574775e-08	0.0	44928.80683563096	0.4870264432621728	107.83892847047622	2.465035559351794	108.05639203055956	65.96967448535088	0.49521169354838707	0.0234375
13428	3	345888	224	10	99228.23255908547	99228.23303828656	8292.193307214266	106174.32410340161	1.0700011616167817	2.7712389375902218	0.8966927085159483	1426744962.0142174	68760469.84420906	1357984506.5242505	0.8252017563599588	0.0	0.0	0.0	0.00047920108772814274	-14.354242086410522	1.006083250235965e-08	72.66086360575068	133.62640416879813	158.84774470483973	1.936050815944507e-09	0.0	76540.37423744415	0.7208934416412329	142.747229574654	4.416924911193952	142.8717656714419	65.96968382122212	0.5085685483870968	0.038306451612903226
13428	3	345888	240	10	133176.3612122385	133176.36188604368	13733.408704733716	145103.72577274794	1.0895606731700773	2.7661675460633077	0.8940228257440035	3319148047.4002113	188606514.65125582	3130541426.7603436	0.8558230280813383	0.0	0.0	0.0	0.0006738051888532937	105.9886121749878	3.19324750391913e-08	81.88085953688284	178.64931492585112	192.1681048796722	1.1019562848278451e-08	0.0	47188.875026591806	0.32520787848015353	80.6511151705681	1.7257314316186478	80.74367324285859	65.9696675153725	0.5151209677419355	0.026209677419354836
13428	3	345888	0	11	84097.68608074302	84097.68691318553	9974.996139472098	92697.26014641172	1.1022569640906905	2.989548539571447	0.9141849453667095	1520361234.5163336	99500547.98248324	1420860595.7597704	0.8468854813065703	0.0	0.0	0.0	0.000832442514365539	90.77408003807068	5.970560020687996e-08	70.0042525221787	141.5312945921473	164.6954800078349	1.4637602679694355e-08	0.0	50187.49942012257	0.541412977643517	181.34065781860835	2.9516713535791186	181.84585771300223	65.96968879512094	0.5007560483870968	0.006804435483870968
13428	3	345888	16	11	230513.75053572888	230513.7525483132	22495.598785867733	250157.06818200453	1.0852153834668141	3.033191744723375	0.927842049869537	9441969575.367828	506051964.7347338	8935917424.952953	0.8616179795128338	0.0	0.0	0.0	0.00201258432934992	185.6801414489746	1.966540349095979e-08	75.97834429252822	206.28970648901006	249.48935278495716	1.2051563266853194e-08	0.0	122917.83147419679	0.4913626171253014	74.89750029526753	2.4990452076684906	75.48359282304637	65.96966474282503	0.49294354838709675	0.04485887096774194
13428	3	345888	32	11	189624.58495780244	189624.58522159435	16013.774042626394	203367.18449546953	1.0724726677225174	2.9687962407924817	0.9243096838293542	5400728509.195511	256440959.08829486	5144287049.776833	0.8470457316947487	0.0	0.0	0.0	0.00026379190967418253	500.33038330078125	9.26412765331376e-08	69.92844419939237	174.28448067182566	215.2732719855765	2.232446105878477e-08	0.0	90852.37357189352	0.4467405762291139	72.96931857128729	2.4301843820435938	73.59773523601771	65.96966095256231	0.5045362903225806	0.06350806451612903
13428	3	345888	48	11	107686.01478958619	107686.01491594086	8874.659310785422	115146.83891585347	1.0692831296695806	2.687658968450457	0.864083636607992	1662516731.0505314	78759577.88251038	1583757172.487762	0.8286051030199106	0.0	0.0	0.0	0.00012635467282962054	-19.319741010665894	1.1620779899434696e-08	74.07907801106003	136.58506781813415	174.0587112392273	1.147601488879838e-08	0.0	46890.45943444559	0.40722315905870804	77.90594350800605	2.1537637513714083	78.00789758097075	65.96966283344985	0.5035282258064516	0.02973790322580645
13428	3	345888	64	11	23010.73786298984	23010.737756354996	2958.1218577890586	25437.415997416367	1.1054585102344572	2.9252982185971312	0.885716795442726	117568075.62637973	8750484.92552939	108817597.33792265	0.7993234118144624	0.0	0.0	0.0	0.00010663484499673359	-6.637072309851646	5.6453014770299015e-08	130.84960506753978	92.92136972503256	67.96687595772097	3.2663891444311224e-09	0.0	128279.20418194555	5.042933799882478	1462.282217311277	31.352786288962157	1481.1831092572518	65.96968741037917	0.49899193548387094	0.04007056451612903
13428	3	345888	80	11	131905.94328181972	131905.94342941244	11217.695541424224	141150.49929619275	1.070084454000847	2.8789355355052546	0.8960146837483146	2524285578.4978714	125836693.26008889	2398448695.97038	0.8104615658281044	0.0	0.0	0.0	0.00014759271289221942	189.26740264892578	7.497860157389691e-08	61.02665021689465	147.42861363759584	174.05965427615905	3.785091162625689e-09	0.0	36499.43149191578	0.2585852111361786	93.97926197534689	1.6083288559061057	93.98273568134245	65.96967562062532	0.5060483870967741	0.022933467741935484
13428	3	345888	96	11	22880.906971327404	22880.906860194173	2939.8621038357937	25293.271416532072	1.1054313296333778	2.9255512739942686	0.885749830766082	116213675.1198194	8642789.18956982	107570889.70365244	0.7995848774005431	0.0	0.0	0.0	0.00011113323125755414	-3.7734028548002243	3.2469525216457916e-08	130.93861276476244	92.7700070795038	67.68844649445961	2.316370309878742e-09	0.0	127400.51094351136	5.036932929863862	1466.1120701603977	31.44234217348037	1485.1691665329981	65.9696876282972	0.4992439516129032	0.04158266129032258
13428	3	345888	112	11	201710.78947432886	201710.78866372633	19931.56567893111	219119.99420084752	1.0863077516670683	3.0082587878218763	0.9214824934776629	7326329268.222427	397267310.41354465	6929062465.136473	0.8617354084593927	0.0	0.0	0.0	0.0008106025343295187	-507.3275899887085	6.924717295866233e-08	82.94205038099008	189.06634264645598	245.95527485955068	1.9090160748811495e-08	0.0	97929.56272077015	0.4469220724587914	72.2596877217742	2.319636743339324	72.70518724602105	65.9696629435887	0.5103326612903226	0.026209677419354836
13428	3	345888	128	11	245995.37476836055	245995.37375219932	22803.088422340417	265860.94883713074	1.0807558844855374	3.0741888005835256	0.9344972518396041	10168319709.15329	519980841.5970755	9648337842.725912	0.8600068203581381	0.0	0.0	0.0	0.0010161612299270928	1024.83030128479	1.0078659312435477e-07	77.26697994896688	207.09405882419492	253.4617537818474	4.640684962768049e-09	0.0	138708.1312913971	0.5217318773951808	70.47225539988236	2.7449024980930847	71.00454293497081	65.9696589837968	0.4967237903225806	0.03881048387096774
13428	3	345888	144	11	20263.643424973216	20263.64332081226	2366.0609749055207	22251.923591000697	1.098120566194779	3.0695486268551693	0.9272112129792086	84532858.64527303	5598244.536970863	78934622.94523224	0.8231786124260334	0.0	0.0	0.0	0.0001041609539242927	-8.836930081248283	1.0453840344298392e-07	128.10245515148935	79.65103147480015	65.95130989692777	1.503061746577482e-09	0.0	102922.40140288913	4.625326009074294	2113.7327006486735	36.64275329354676	2143.096379404214	65.96969321310122	0.5005040322580645	0.006552419354838709
13428	3	345888	160	11	204090.5698039625	204090.56930252796	19409.17010244786	220840.9071298262	1.0820730587501082	2.9957618290951094	0.9225170216080874	7117745579.018417	376715884.06575584	6741030178.751562	0.8508761927760085	0.0	0.0	0.0	0.0005014345515519381	-483.79890060424805	6.797080553572793e-08	76.9201235982259	191.2080721066229	233.36360224488502	1.91339697501635e-08	0.0	104461.4249025846	0.47301664279701566	75.74619029593268	2.481209319123658	76.24240072657075	65.96966814342849	0.5045362903225806	0.03629032258064516
13428	3	345888	176	11	93702.57532550117	93702.57616481297	9422.518279727557	101643.46363416496	1.084745678345328	2.9481216332700146	0.8983674770047909	1551221076.9185963	88783850.73179996	1462437142.4164648	0.8281875416154264	0.0	0.0	0.0	0.0008393118041567504	83.77033138275146	5.400283211027276e-08	68.38362671135177	143.78822317348752	163.8802253456627	4.2831458174730576e-09	0.0	61037.576433423834	0.6005066545287608	114.19040059299756	3.0330048429538934	114.22096847888639	65.96967442109325	0.5022681451612903	0.041834677419354836
13428	3	345888	192	11	172740.14388154336	172740.14340845664	16477.200700306013	187006.74080979975	1.0825899331080777	2.9514790759847247	0.902638184507482	5132363800.087318	271498142.91816497	4860865256.892633	0.8538997363746728	0.0	0.0	0.0	0.00047308672219514847	400.2765197753906	7.799067551847759e-08	79.27388168681095	177.71624208552413	234.67006504357767	5.16204093611553e-09	0.0	69851.4443461125	0.37352367125915903	75.55988883349262	2.0180547886520745	75.64785271315125	65.96966931463578	0.5047883064516129	0.019909274193548387
13428	3	345888	208	11	92251.26784458738	92251.26861263004	8047.812655959388	98829.32091629594	1.071305828368564	2.8736958166268236	0.8817047108815379	1256938253.842411	64767288.5454201	1192170847.378749	0.8028941560721229	0.0	0.0	0.0	0.000768042664276436	117.91824197769165	9.381387002680538e-08	63.827921435589985	129.26053301999642	152.442428000735	5.280308433795786e-09	0.0	45875.73800399409	0.46419157487591556	108.05639203055956	2.3321845378762855	108.29536631888105	65.96967717182144	0.49470766129032256	0.021421370967741934
13428	3	345888	224	11	106174.32410340161	106174.32437703191	8004.807959962355	112655.64610298796	1.061044155960666	2.8782561202366774	0.8911826757703158	1418307500.0674973	64076950.47587668	1354230453.2580378	0.7966951192776933	0.0	0.0	0.0	0.00027363029948901385	96.3335828781128	6.79215070593142e-08	72.11906046904532	131.60695997613632	156.63712133010733	6.962337038951637e-09	0.0	74658.22010296005	0.6627117513693085	142.8717656714419	3.71050075680801	143.02749531065422	65.96968560400177	0.5060483870967741	0.028729838709677418
13428	3	345888	240	11	145103.72577274794	145103.7272255478	13478.756583360577	156498.31426127488	1.0785271944455266	2.8895230479056595	0.8902925023046625	3436631133.487915	181676879.0334861	3254953931.3600645	0.8321209420391844	0.0	0.0	0.0	0.0014527998573612422	323.0943646430969	9.40148511996925e-08	82.53432812217814	177.35694416317693	191.24108925677746	3.3799966519125968e-09	0.0	49412.28552139877	0.3157368558138095	80.74367324285859	1.6120116407445548	80.87558028832504	65.96967056298867	0.5120967741935484	0.027973790322580645
13428	3	345888	0	12	92697.26014641172	92697.26085278355	9920.972469234059	100995.71962050386	1.0895221656064598	3.1022541422291	0.9072576569302052	1607353343.011898	98425694.73530014	1508927581.6130924	0.8203841398318945	0.0	0.0	0.0	0.0007063718367135152	66.66350555419922	4.1474082748528406e-08	70.30340104877325	141.25096027985956	164.65340619725106	3.511786880464756e-10	0.0	52148.46103869789	0.5163432795560426	181.84585771300223	2.8110203403991174	182.33516010381462	65.96968418182863	0.5005040322580645	0.0078125
13428	3	345888	16	12	250157.06818200453	250157.0699296949	21857.82877245617	268717.31186816463	1.0741943604513962	3.1495029702212185	0.9219396524497087	9630434936.236397	477764678.64601284	9152670626.53529	0.836947154728287	0.0	0.0	0.0	0.001747690374031663	-368.9449062347412	3.831030567960267e-08	76.92552929472117	204.016632486282	246.9663840731553	1.766183158909619e-08	0.0	120606.01383912703	0.44882115361163466	75.48359282304637	2.433215460574329	76.2007962016893	65.9696685969954	0.49470766129032256	0.05317540322580645
13428	3	345888	32	12	203367.18449546953	203367.1855702158	15280.91561053617	216084.62580405507	1.062534382526542	3.078775066538107	0.9183307300665566	5334353779.26416	233506381.89632803	5100846827.144595	0.8206954599836948	0.0	0.0	0.0	0.0010747462802100927	570.2232370376587	1.0689640406945738e-07	70.61310475904723	170.85129444698384	211.86513247704775	2.999386616473967e-08	0.0	86028.41568220513	0.3981237225314631	73.59773523601771	2.0503904925220855	74.1187573909758	65.96966465356536	0.5025201612903226	0.0720766129032258
13428	3	345888	48	12	115146.83891585347	115146.83932932187	8290.046245624602	121899.23994538489	1.058641653501803	2.79345218009861	0.8611808084660748	1600630186.9490108	68724866.75459456	1531905112.615169	0.8024036493296025	0.0	0.0	0.0	0.0004134683986194432	207.57924723625183	1.296859505267249e-07	72.4003504723139	132.6224357777944	169.48640098145412	1.2903204506062219e-08	0.0	36449.64904827407	0.29901457311799595	78.00789758097075	1.7160970200780654	78.1617153513152	65.9696650214121	0.5030241935483871	0.03477822580645161
13428	3	345888	64	12	25437.415997416367	25437.415887440733	2983.0574013154915	27828.114482842997	1.0939835432053888	3.0270626745547826	0.877785419296352	127341823.04460216	8898631.459543133	118443201.02948527	0.7804508169398368	0.0	0.0	0.0	0.00010997563367709517	-9.444426253437996	7.416594193197655e-08	130.2239021166923	93.96482212197414	67.82373984624853	2.374963578139281e-09	0.0	133989.17432568723	4.8148851408745985	1481.1831092572518	28.915446737362043	1497.6368471575124	65.96969329134734	0.49949596774193544	0.04410282258064516
13428	3	345888	80	12	141150.49929619275	141150.49989320058	10842.754497757516	149763.35044389556	1.0610189208727447	2.982540898201548	0.8894672672535341	2505597684.616558	117565325.09864083	2388032377.2352715	0.7801680663790264	0.0	0.0	0.0	0.0005970078345853835	-17.71735429763794	7.071108983862786e-09	60.54263730861871	145.01625438717556	171.94362184176964	2.417459610734879e-09	0.0	35399.78661043957	0.23637149181658282	93.98273568134245	1.500914769053315	93.99898737273958	65.96967608507663	0.5055443548387096	0.02066532258064516
13428	3	345888	96	12	25293.271416532072	25293.271333232766	2965.1724325249015	27670.47763287509	1.0939857156946982	3.0274084032436313	0.877844142731262	125905753.4810822	8792247.554605642	117113510.93565688	0.7807680775136908	0.0	0.0	0.0	8.329930642503314e-05	-5.009180322289467	3.978515821393432e-08	130.3117126678763	93.82449140964907	67.54116421112961	6.749061240276349e-10	0.0	133079.55688033666	4.809441983995138	1485.1691665329981	28.984254785654432	1501.7705052877602	65.96968681659287	0.49848790322580644	0.04460685483870968
13428	3	345888	112	12	219119.99420084752	219119.99164910702	19199.523338245126	235459.2312564282	1.0745675314348722	3.125812919338605	0.9162185289124153	7427477725.288689	368621696.4158193	7058856442.826963	0.8389419372939392	0.0	0.0	0.0	0.002551740501075983	-413.95409393310547	5.5732795067657515e-08	83.71886191669313	186.18584347750652	243.06741183309856	1.8605801377689348e-08	0.0	95944.42090024076	0.40747784959801486	72.70518724602105	2.1166527100017265	73.12857365790609	65.96966316747508	0.5103326612903226	0.03150201612903226
13428	3	345888	128	12	265860.94883713074	265860.9477256367	21863.760669337684	284386.0026222188	1.0696794842044919	3.188091440383351	0.9282739507936937	10193354370.865189	478024030.60607743	9715331150.59867	0.8356957611335213	0.0	0.0	0.0	0.0011114940280094743	-810.3395576477051	7.949684943396364e-08	77.86452435128548	203.771133211044	249.58781848464298	1.3004969825758539e-09	0.0	132629.2682347409	0.46637059133781117	71.00454293497081	2.5084389474588376	71.61569992840971	65.96966632018409	0.4962197580645161	0.04914314516129032
13428	3	345888	144	12	22251.923591000697	22251.923680529813	2383.669981393294	24203.184686813987	1.087689546831018	3.171655941898009	0.917397697147643	90646045.48429382	5681882.580195508	84964170.06656733	0.8009255256200256	0.0	0.0	0.0	8.952911593951285e-05	-7.1624690145254135	7.90157913261252e-08	127.96099138129327	80.35010861681988	65.7876108130122	5.138303425067497e-10	0.0	107995.46297070244	4.462035286412147	2143.096379404214	34.05071725198543	2169.9992131886174	65.96968688737506	0.4987399193548387	0.014112903225806451
13428	3	345888	160	12	220840.9071298262	220840.90646006117	18799.245533012287	236602.54991376353	1.0713710289854566	3.1100371044532515	0.9163936675981063	7210060363.770447	353411632.6104824	6856649409.554964	0.8257755255441105	0.0	0.0	0.0	0.0006697650242131203	-678.3949995040894	9.409005823487001e-08	77.00206382668331	188.9549133942394	230.65024851361883	6.234064645360418e-09	0.0	98253.36126917298	0.4152675480731548	76.24240072657075	2.2690665802613035	76.86350149671968	65.96966873285004	0.5030241935483871	0.046875
13428	3	345888	176	12	101643.46363416496	101643.4641099463	8947.533848459878	108930.81648929758	1.0716952433002602	3.0581813993762053	0.8922177441532733	1534529081.4752083	80058361.96933523	1454470475.903973	0.7996355737104061	0.0	0.0	0.0	0.00047578134399373084	243.60189986228943	1.5874700766707173e-07	67.72499059856321	140.15453210741106	160.95976571365637	1.82470291995258e-08	0.0	52609.00621395465	0.4829579715853547	114.22096847888639	2.4805682718488367	114.21697322030094	65.96967492360314	0.5032762096774194	0.04032258064516129
13428	3	345888	192	12	187006.74080979975	187006.7395120045	15692.661796527387	200208.74084108596	1.0705963858528162	3.0671696680698037	0.8983182086394107	5112018800.869507	246259634.26019016	4865759840.879709	0.8290234219996305	0.0	0.0	0.0	0.001297795242862776	-674.2703924179077	1.3189904393607094e-07	79.51485692877002	174.04624629866365	230.31865300481587	8.592929203059199e-09	0.0	62425.17284074433	0.31180043622575554	75.64785271315125	1.589585532599109	75.74310085481372	65.96966693432981	0.5022681451612903	0.01814516129032258
13428	3	345888	208	12	98829.32091629594	98829.32110974297	7801.926796649595	104965.23235725738	1.0620859415411574	2.9764802357006146	0.8755067045709456	1250465331.0368214	60870061.74027902	1189595272.0959716	0.7714034033694095	0.0	0.0	0.0	0.00019344703468959779	-2.799429178237915	2.2387099496127355e-09	63.43352933790443	127.59269043832342	150.46692742096272	6.3071506909938625e-09	0.0	46589.58812862792	0.44385733270024397	108.29536631888105	2.2283986840067436	108.55457294359523	65.96967402634785	0.49899193548387094	0.02242943548387097
13428	3	345888	224	12	112655.64610298796	112655.64655905511	7752.115612854854	118688.78341629382	1.0535537944346836	2.9746151417026034	0.8846576988138354	1395732709.9582405	60095296.47506799	1335637228.6444864	0.7646898305587619	0.0	0.0	0.0	0.0004560671513900161	184.83868598937988	1.324312919447952e-07	71.68771448043756	129.74495119846915	154.87484767818458	8.131558576032274e-09	0.0	74917.60830493095	0.6312105186403792	143.02749531065422	3.409374630125206	143.17837349434285	65.96968501131398	0.5063004032258064	0.030745967741935484
13428	3	345888	240	12	156498.31426127488	156498.31467024935	13205.49348509222	167334.62302725227	1.0692423354023233	3.0016658559359977	0.885422137413353	3509153697.0518723	174385058.18481308	3334768669.5125046	0.8068102679270646	0.0	0.0	0.0	0.0004089744761586189	-30.645445346832275	8.733001741296848e-09	82.94149393845039	175.90305167877446	190.00197462846666	1.0100687089647282e-08	0.0	50807.898905665556	0.3036305221708538	80.87558028832504	1.5445223856883836	81.0121007240726	65.96967469273645	0.5133568548387096	0.030745967741935484
13428	3	345888	0	13	100995.71962050386	100995.7201856775	9841.657066903857	108957.67312973995	1.0788345638721473	3.203633316658757	0.8992768564978929	1671639152.1838264	96858213.82253863	1574780834.3555007	0.7921709762904713	0.0	0.0	0.0	0.0005651736428262666	104.00578713417053	6.221784587798004e-08	70.57804835282776	140.78619584270726	164.42998400262132	8.724824052585978e-09	0.0	53775.41170214457	0.4935440555478213	182.33516010381462	2.6880163974174094	182.80948558576912	65.96968600891802	0.5012600806451613	0.009576612903225807
13428	3	345888	16	13	268717.31186816463	268717.31132621196	21222.79925977547	286197.43195855414	1.0650502193880438	3.255186751784615	0.915268493849146	9699976362.018768	450407208.4207263	9249569872.171766	0.8109484164161492	0.0	0.0	0.0	0.0005419526714831591	-718.5737247467041	7.407994596361612e-08	78.73235548114118	201.62460286853835	245.07364480778634	9.688470086828199e-09	0.0	120789.85998782415	0.42205081624526364	76.2007962016893	2.3559682990199122	76.86511793735338	65.96966782999098	0.4957157258064516	0.0625
13428	3	345888	32	13	216084.62580405507	216084.6247944307	14568.542652796452	227805.87875759465	1.0542438079984846	3.1780364511765864	0.9116973327997131	5202952887.641411	212242435.02634948	4990711077.257336	0.7926700633277945	0.0	0.0	0.0	0.0010096243640873581	-624.6422739028931	1.2005533922603983e-07	70.87136801347492	167.58928565408758	208.015466525389	8.622930573892446e-09	0.0	81345.43981332848	0.3570822661857041	74.1187573909758	1.8714905775501853	74.60927026863168	65.96966624169882	0.5027721774193549	0.07409274193548387
13428	3	345888	48	13	121899.23994538489	121899.24004733053	7923.292608872451	128130.64292038865	1.0511192930964595	2.8890151976606635	0.8572203102100032	1558036955.9296246	62778565.7658128	1495258309.4575167	0.7740687519499094	0.0	0.0	0.0	0.00010194563947152346	80.70629501342773	5.1799987610225325e-08	71.88487336465185	130.26233946008995	166.77647529094926	6.7091480137168606e-09	0.0	37446.04343887323	0.29224893168057603	78.1617153513152	1.5963901646834806	78.38558216504182	65.96966584241932	0.5050403225806451	0.039566532258064516
13428	3	345888	64	13	27828.114482842997	27828.11443398518	2990.296513777196	30162.72488762676	1.0838939485541907	3.120103823461441	0.8694197890021321	135386016.97644246	8941873.240308054	126444143.46211815	0.7597499638401133	0.0	0.0	0.0	4.885781527264044e-05	0.27401626110076904	2.0239627933544175e-09	129.61350728907067	94.66581533389432	67.65557569033612	1.897254603248368e-08	0.0	139043.53655753445	4.6097803447709005	1497.6368471575124	26.775466917142353	1511.9575079743643	65.96968597368421	0.49798387096774194	0.04788306451612903
13428	3	345888	80	13	149763.35044389556	149763.35258487888	10478.738047761666	157755.62065453385	1.0533659949977705	3.0754540840171884	0.8820409190564483	2457774711.916115	109803951.07360798	2347970336.274783	0.7480800496232276	0.0	0.0	0.0	0.002140983327990398	424.5677237510681	1.727447685471828e-07	60.104680148610925	142.63405003664272	169.85955527495906	5.996072387286891e-09	0.0	34087.89950631812	0.21608041139132722	93.99898737273958	1.3949483707200907	94.02467534195634	65.96966954125823	0.5047883064516129	0.021421370967741934
13428	3	345888	96	13	27670.47763287509	27670.477627500233	2973.005159388191	29992.62884967066	1.0839216166632641	3.1205411168466015	0.8695040152368375	133902452.8826561	8838759.677748803	125063692.46429679	0.7601318545214316	0.0	0.0	0.0	5.374855390982702e-06	0.7406105101108551	5.5309704502566565e-09	129.70196951518705	94.53833165545541	67.37094478405221	7.4634074890392e-09	0.0	138113.29148503303	4.604907808847434	1501.7705052877602	26.822364179830856	1516.2280087725082	65.9696872804827	0.5002520161290323	0.04939516129032258
13428	3	345888	112	13	235459.2312564282	235459.2288839989	18563.49006480247	250803.5687224636	1.0651677039127192	3.2327955929958967	0.9101802291744521	7461380500.055382	344603163.38602	7116778557.852423	0.8141006654836604	0.0	0.0	0.0	0.0023724292987026274	-1221.1830606460571	1.636671740084818e-07	84.52453781496952	183.7817939584389	240.47604600847865	7.904269504650188e-09	0.0	94571.31356165871	0.3770732366891827	73.12857365790609	2.0052015869078237	73.5726529405707	65.96966595685902	0.5138608870967741	0.034274193548387094
13428	3	345888	128	13	284386.0026222188	284386.000378575	21016.506886339354	301652.0260752406	1.0607133378359628	3.29152953156882	0.9214223520517414	10118546347.852966	441693561.70354944	9676853540.569317	0.8095346169889418	0.0	0.0	0.0	0.0022436438011936843	-754.419900894165	7.45581306799315e-08	79.0387998724015	200.68638486530836	246.3765579531042	2.2735179194352956e-08	0.0	129015.38795874029	0.4276960784028749	71.61569992840971	2.3944003034968375	72.21646237589019	65.96965738996147	0.4987399193548387	0.05670362903225806
13428	3	345888	144	13	24203.184686813987	24203.18467276028	2395.3137828152444	26110.620565101806	1.078809293197147	3.264566573737064	0.9073197901891781	95970357.31069016	5737528.118144675	90232824.14451003	0.7782150522158858	0.0	0.0	0.0	1.405370858265087e-05	5.048035457730293	5.259994439103741e-08	127.77145009897063	80.88777924494494	65.62876638179499	4.057920227001671e-09	0.0	112735.89855152309	4.317626168753453	2169.9992131886174	31.657012521915785	2194.5814548766707	65.96969238906387	0.4967237903225806	0.02066532258064516
13428	3	345888	160	13	236602.54991376353	236602.5482954985	18276.30536189427	251443.18360142293	1.0627238958036103	3.2136769600432085	0.9094934946182673	7242907953.92392	334023337.6812052	6908885767.78661	0.798859111408329	0.0	0.0	0.0	0.0016182650288101286	-1151.5438947677612	1.589891659666751e-07	77.83935863559645	187.0592625940617	228.69312842390056	2.209509078598724e-08	0.0	96242.56408555608	0.3827606814000108	76.86350149671968	2.220867574738842	77.51345565165536	65.96966680745136	0.5035282258064516	0.05619959677419355
13428	3	345888	176	13	108930.81648929758	108930.81708182828	8603.29327789945	115662.37425137409	1.061796633671041	3.156402016007376	0.8849912559161865	1511862036.4398994	74016655.22554986	1437845374.9771419	0.7671259957945601	0.0	0.0	0.0	0.0005925307050347328	6.237207651138306	4.125513770969175e-09	67.0359264062997	137.53840382347317	158.53004031995619	1.7230802822411096e-08	0.0	50736.36694249064	0.4386592212316031	114.21697322030094	2.23829052045762	114.26780375693909	65.9696787119523	0.5007560483870968	0.04334677419354838
13428	3	345888	192	13	200208.74084108596	200208.74175422263	14991.561288169984	212427.50227629684	1.0610301097938049	3.171782255839444	0.8930696608815354	5041903814.172974	224746909.85695687	4817156622.724465	0.8024738157017849	0.0	0.0	0.0	0.0009131366678047925	281.5915517807007	5.5850242717668806e-08	79.2434427923428	170.68041698534404	226.46352509715643	1.6668518838740886e-08	0.0	55868.48367871982	0.263000239306524	75.74310085481372	1.336164374701168	75.83817332348153	65.96966426162085	0.5022681451612903	0.023941532258064516
13428	3	345888	208	13	104965.23235725738	104965.2331441603	7558.4082455021535	110660.25201901072	1.0542562478437612	3.068288095968803	0.8682691769958315	1227991373.0979328	57129535.20567494	1170861631.8831477	0.7379038206485871	0.0	0.0	0.0	0.0007869029213907197	206.00911021232605	1.677610402853349e-07	63.026401236687384	125.88133489395004	148.48650610890854	1.3458747092412395e-08	0.0	47138.51428999569	0.4259751234446373	108.55457294359523	2.138835852885286	108.82993844593115	65.9696836872241	0.4957157258064516	0.026209677419354836
13428	3	345888	224	13	118688.78341629382	118688.78387324826	7507.43932036896	124275.37577339986	1.047069252850216	3.060918203552604	0.8772114183353346	1357341714.7798386	56361645.14902195	1300979843.7905207	0.7300272336938549	0.0	0.0	0.0	0.0004569544398691505	225.84029603004456	1.663842594469116e-07	71.22168955489255	127.85630575900983	153.20552905407885	1.8494941035206768e-08	0.0	75449.62120594915	0.6071164182972211	143.17837349434285	3.2735677003821038	143.3409523979931	65.96968162515499	0.5035282258064516	0.03351814516129032
13428	3	345888	240	13	167334.62302725227	167334.62393173127	12937.536050047962	177610.8374142237	1.0614111664463954	3.1035217680946547	0.8795835327579001	3544733503.309185	167379839.04629064	3377353499.7202587	0.7800261078478327	0.0	0.0	0.0	0.0009044790058396757	164.54263591766357	4.6418901664696326e-08	83.22490306326847	174.43118349810112	188.70874219675002	1.4832462662098193e-08	0.0	52378.32423976489	0.29490500039550893	81.0121007240726	1.5135582413071396	81.15897491632462	65.96966629675279	0.5118447580645161	0.031754032258064516
13428	3	345888	0	14	108957.67312973995	108957.67317494031	9738.534169874278	116553.77682819417	1.0697160969049813	3.294578430142208	0.8904034036118141	1713008359.0692368	94839047.77780887	1618169165.5671015	0.762504679187096	0.0	0.0	0.0	4.5200358727015555e-05	145.7243263721466	8.506924417539091e-08	70.8236663161647	140.14799034993922	164.02104038680764	6.678833467279741e-09	0.0	55125.22365218443	0.4729595670017335	182.80948558576912	2.580332335388589	183.2700443232807	65.9696921331547	0.5012600806451613	0.012348790322580645
13428	3	345888	16	14	286197.43195855414	286197.43272645155	20521.049140985302	302549.89985223	1.0571370182526443	3.3511083665805916	0.9079764640406918	9627471840.923141	421113457.84673357	9206357822.603916	0.7837770828796126	0.0	0.0	0.0	0.0007678974070586264	560.4724922180176	5.821595757212581e-08	80.18903554575775	198.86643182444845	242.7284097513078	4.050296005626312e-09	0.0	118460.24946999367	0.39153954130189783	76.86511793735338	2.141031978813957	77.45467413744196	65.96966552584263	0.49949596774193544	0.06955645161290322
13428	3	345888	32	14	227805.87875759465	227805.87698232592	13933.174738314372	238606.94824038458	1.0474134800282446	3.267562546353885	0.9044882905207412	5037757352.069649	194133358.28840178	4843624051.930362	0.7630015563612531	0.0	0.0	0.0	0.001775268727215007	-58.14911460876465	1.1542658874762081e-08	71.21178858972591	164.6424037133328	204.55885338404113	5.388774233405975e-09	0.0	77438.04848881999	0.3245423031589618	74.60927026863168	1.7742759810912094	75.06388294578099	65.96966408659311	0.5022681451612903	0.078125
13428	3	345888	48	14	128130.64292038865	128130.64300349861	7579.236938523585	133859.9804579559	1.0447148114376283	2.975067430076729	0.8523318602571466	1501032713.0121956	57444832.57028037	1443587924.4785357	0.7432497217927081	0.0	0.0	0.0	8.310996054206043e-05	-44.03662037849426	2.933754874010962e-08	71.57349573677617	128.00038368239768	164.1466721853147	8.476493948428672e-09	0.0	39192.01914631812	0.2927836920084446	78.38558216504182	1.5609946651523912	78.64637966064672	65.96966714975002	0.5075604838709677	0.05141129032258064
13428	3	345888	64	14	30162.72488762676	30162.72482254996	2980.5680256515457	32423.091353080512	1.074939067139156	3.2050444420783535	0.8606338167600752	141466880.24354553	8883785.755536353	132583096.67604095	0.7373752433744287	0.0	0.0	0.0	6.5076797909569e-05	-2.1880317628383636	1.5466742173655825e-08	129.0210172030114	95.02463368006437	67.44717306066538	8.669516815394062e-09	0.0	143537.56702773046	4.427016697989054	1511.9575079743643	24.91175828479239	1524.4265433170701	65.9696873005093	0.49899193548387094	0.055443548387096774
13428	3	345888	80	14	157755.62065453385	157755.62262038226	10128.256504097426	165145.48681997907	1.0468437583065782	3.1585378753585065	0.8738725379988233	2386195968.910698	102581579.8127918	2283613835.7296968	0.7146166510443068	0.0	0.0	0.0	0.0019658484088722616	553.36820936203	2.3190392430955428e-07	59.70811606335764	140.30441226840463	167.82665522547404	8.117673281042664e-09	0.0	32818.978712111355	0.1987276755885724	94.02467534195634	1.3020972469660734	94.05443690220784	65.96966817919004	0.5047883064516129	0.02847782258064516
13428	3	345888	96	14	29992.62884967066	29992.628688653964	2964.0263295199575	32241.70977985503	1.0749877892150514	3.205574892710101	0.8607434817414017	139970064.2143029	8785452.08208755	131184626.813019	0.7378300863506623	0.0	0.0	0.0	0.00016101669461932033	-14.680803656578064	1.0488531057684477e-07	129.11172324826285	94.91100529530496	67.16210600219709	2.8537020061157412e-08	0.0	142597.35867854208	4.422760402923173	1516.2280087725082	24.93687666320757	1528.8210558190378	65.96968831692975	0.5	0.055443548387096774
13428	3	345888	112	14	250803.5687224636	250803.56937735193	17948.95583154229	265170.5469253759	1.0572837869735843	3.3300221437155884	0.9034688546663832	7412988872.779434	322165015.442656	7090824227.617928	0.7875784465472246	0.0	0.0	0.0	0.0006548883393406868	-370.28114891052246	4.9950317647204136e-08	85.39075481204223	181.37325932781906	237.95370044140836	2.972042840875871e-10	0.0	93451.6237779313	0.35242082884505727	73.5726529405707	1.890589662523816	74.00603522298076	65.96966197784673	0.5181451612903226	0.038558467741935484
13428	3	345888	128	14	301652.0260752406	301652.0269192761	20172.81241314961	317676.3437817503	1.0531218633436688	3.3853378073822804	0.914046815828124	9924314563.24321	406942360.656123	9517371800.78392	0.7820136649394845	0.0	0.0	0.0	0.0008440355304628611	401.80316734313965	4.048674241254931e-08	80.20278062538644	197.47058934865225	243.17809676544934	7.792125147036411e-09	0.0	124984.87940735761	0.393434645851357	72.21646237589019	2.2063638369221974	72.75983116785348	65.96966591563428	0.4987399193548387	0.0625
13428	3	345888	144	14	26110.620565101806	26110.620391529035	2401.0621077578508	27968.147855755844	1.0711406795569125	3.3491515106058762	0.8970242121085898	100452788.18670297	5765099.245310573	94687704.08852424	0.7551670039245588	0.0	0.0	0.0	0.00017357277101837099	-15.147131845355034	1.507885656414271e-07	127.54428419552869	81.2589591418933	65.4745777192412	1.3116826445908281e-08	0.0	117268.65788389847	4.192936163757466	2194.5814548766707	29.45240776054062	2216.9685251776536	65.96968521447818	0.4962197580645161	0.028225806451612902
13428	3	345888	160	14	251443.18360142293	251443.18413364273	17736.144313215067	265355.366320873	1.0553293293545913	3.3075709843863104	0.9019519718874566	7189795855.665848	314570815.0991912	6875223772.294333	0.7708284951238007	0.0	0.0	0.0	0.0005322197976056486	1268.2723226547241	1.7639893372706467e-07	78.80292071469214	184.93027077089656	226.82401951626636	1.9742345053177152e-08	0.0	94056.3692968948	0.35445437280139364	77.51345565165536	2.1002799324149546	78.10648985948585	65.96966944072136	0.5045362903225806	0.06451612903225806
13428	3	345888	176	14	115662.37425137409	115662.37541277937	8312.98366798132	121883.33774881547	1.0537855420806173	3.2437478042064654	0.8768192882689211	1477763203.3269024	69105697.46412414	1408657325.6338835	0.7325315388887308	0.0	0.0	0.0	0.001161405278253369	180.22889471054077	1.2196060526124194e-07	66.72152351736956	135.4491750373888	156.53658761938053	1.9737488429112943e-08	0.0	51722.82274932273	0.42436336125578034	114.26780375693909	2.0698471662004363	114.35423437769643	65.96967703335064	0.49848790322580644	0.04662298387096774
13428	3	345888	192	14	212427.50227629684	212427.50172007194	14371.687319338364	223737.9905411401	1.0532439921556491	3.266305252257399	0.8870259458468926	4933244688.041199	206545396.40483114	4726699084.317584	0.7741220850104047	0.0	0.0	0.0	0.0005562248989008367	207.3187837600708	4.202483291830982e-08	78.7218158368188	167.57251907634475	222.98038177815036	1.0342140392116269e-09	0.0	52734.982012312554	0.2356997211841729	75.83817332348153	1.1981647241927713	75.94412258233362	65.96966468763475	0.501008064516129	0.02973790322580645
13428	3	345888	208	14	110660.25201901072	110660.25213007514	7312.436251924601	115916.45226893714	1.047498538581165	3.1499345847909193	0.8601588392699969	1190932529.7058182	53471723.938461095	1137460771.729443	0.70283387242044	0.0	0.0	0.0	0.00011106442252639681	34.03791403770447	2.858089202258372e-08	62.599786965419334	124.08322783502763	146.44947233976043	1.4492159937793659e-08	0.0	47520.24748525289	0.40995256990681767	108.82993844593115	2.059015961597043	109.11950362824169	65.96967923850794	0.4969758064516129	0.03150201612903226
13428	3	345888	224	14	124275.37577339986	124275.37562443658	7265.144570314053	129418.94856531541	1.0413885112791306	3.1377652004663874	0.8689562336055217	1304895224.1320114	52782325.627563775	1252112940.4765835	0.6934005199969202	0.0	0.0	0.0	0.00014896328502800316	-41.97213578224182	3.216513863031478e-08	70.70413998259382	125.91751630815102	151.52583152463723	1.7655350456589342e-08	0.0	75646.84044659513	0.5845113205973432	143.3409523979931	3.1858516970456625	143.53271470990492	65.9696805945289	0.5025201612903226	0.04485887096774194
13428	3	345888	240	14	177610.8374142237	177610.8372273303	12665.622128509609	187321.38631051366	1.0546731778176521	3.1958690642253744	0.8729200696434124	3543692202.3108864	160417983.9021923	3383274384.449384	0.75198856484942	0.0	0.0	0.0	0.0001868933904916048	-166.04068994522095	4.6855279879258056e-08	83.4326175481742	172.87918325555756	187.31987488666252	9.616367335040833e-09	0.0	53990.225292306	0.28822243083625926	81.15897491632462	1.4943460298467541	81.32238408867448	65.96966990055923	0.5110887096774194	0.03503024193548387
13428	3	345888	0	15	116553.77682819417	116553.77780284408	9613.467291604637	123761.03991194618	1.061836375275731	3.375881012590344	0.8807772713299787	1732012107.1698437	92418753.36675218	1639593184.62389	0.7316438073058977	0.0	0.0	0.0	0.0009746499126777053	169.1792016029358	9.767784006970906e-08	71.03975148383981	139.3490429879418	163.43083940221595	1.4210108798219427e-08	0.0	56279.52190500186	0.4547434453584489	183.2700443232807	2.4855945371581054	183.7176315866988	65.96968612588238	0.5025201612903226	0.018901209677419355
13428	3	345888	16	15	302549.89985223	302549.8984042256	19819.481570927506	317784.7542653057	1.0503548486398993	3.437987296205379	0.9001563182668413	9450708142.866348	392811849.7403351	9057896565.898266	0.7552801306606501	0.0	0.0	0.0	0.0014480043901130557	-272.772253036499	2.886262583850872e-08	81.22791068714352	196.1220306908729	240.05982068951002	1.7638688410670957e-08	0.0	114710.9752340894	0.36097066697261015	77.45467413744196	1.9728532852216873	78.02585556148603	65.96966505203831	0.5022681451612903	0.07535282258064516
13428	3	345888	32	15	238606.94824038458	238606.94896347888	13340.367744583526	248538.0392655281	1.0416211308948908	3.3481490303055375	0.896784286983619	4837881213.363617	177965411.56072456	4659915482.174691	0.731976528234371	0.0	0.0	0.0	0.00072309430106543	319.6282014846802	6.606780683282907e-08	71.58069542670584	161.7918178366301	201.3427392937252	5.3996482758140106e-09	0.0	73838.43280746009	0.2970910749433437	75.06388294578099	1.6764183374093116	75.45972045946294	65.9696661727262	0.5035282258064516	0.08266129032258064
13428	3	345888	48	15	133859.9804579559	133859.98117803416	7259.264283909206	139114.49301190503	1.0392537974081022	3.0523783453542594	0.8466548749877731	1434347797.7550354	52696917.94363983	1381650706.5872073	0.7109268231447495	0.0	0.0	0.0	0.0007200782420113683	173.2241883277893	1.2076860897957285e-07	71.29307129562002	125.87882498972427	161.58120498217875	1.8614244418643912e-08	0.0	40767.33508391296	0.29304879734837086	78.64637966064672	1.5327849056296543	78.92694576553316	65.9696668667666	0.5080645161290323	0.061743951612903226
13428	3	345888	64	15	32423.091353080512	32423.091288224266	2955.313846967637	34593.56856018605	1.0669423277216077	3.2824003602353926	0.8514539820891781	145458132.83808875	8733879.934078654	136724248.9600544	0.7134401117615863	0.0	0.0	0.0	6.485624544438906e-05	3.9439556896686554	2.711402664613275e-08	128.44114411076143	95.0522087714022	67.19174065254502	9.154238399334861e-10	0.0	147563.39678463008	4.2656309486818085	1524.4265433170701	23.30555464294179	1535.2952997420373	65.96968557402674	0.501008064516129	0.06098790322580645
13428	3	345888	80	15	165145.48681997907	165145.48705067168	9790.701475640763	171954.8615147869	1.04123258119812	3.232586485640319	0.8650863344167681	2295442581.561661	95857835.38511421	2199584705.0110474	0.6801898961067095	0.0	0.0	0.0	0.00023069261806085706	41.165499210357666	1.79335782741956e-08	59.34720423495806	138.01948097587996	165.84056679453502	2.31659541996781e-08	0.0	31751.88261427257	0.1846524280025268	94.05443690220784	1.2203195462605612	94.08425242293602	65.96967461861374	0.5027721774193549	0.03553427419354838
13428	3	345888	96	15	32241.70977985503	32241.7095876972	2939.6190405153893	34402.146937909885	1.0670075245018402	3.283027861948401	0.8515889576214336	143979864.4091431	8641360.103360618	135338502.13920563	0.7139737691134895	0.0	0.0	0.0	0.00019215782958781347	2.1665768325328827	1.5047776586149498e-08	128.53531835308368	94.95275594996008	66.90734943088607	4.922750663426394e-09	0.0	146623.43290191656	4.262043059395762	1528.8210558190378	23.310183619116604	1539.7992057046906	65.96969057160138	0.5012600806451613	0.06325604838709677
13428	3	345888	112	15	265170.5469253759	265170.54467498255	17313.431667733883	278550.32839298306	1.0504572684362736	3.4181855195012796	0.8961900663686219	7274866491.135742	299754916.1132904	6975112922.8891735	0.7596487182524968	0.0	0.0	0.0	0.0022503933287225664	-1347.8667221069336	1.852771763920724e-07	86.0333907971769	178.7530031810682	235.14813634207687	1.125346949168481e-08	0.0	91524.71711818945	0.3285751559032772	74.00603522298076	1.7508768089953133	74.40826112694926	65.96966497367721	0.5216733870967741	0.041834677419354836
13428	3	345888	128	15	317676.3437817503	317676.3412882499	19325.927267514544	332477.29863057827	1.0465913031881169	3.470235105706407	0.9062407632221389	9622894706.14589	373491464.7492622	9249404065.327618	0.753283654132177	0.0	0.0	0.0	0.002493500418495387	-823.9309902191162	8.562194800831533e-08	80.98269675912846	194.15315707573092	239.66530534667862	1.5865339688327364e-08	0.0	119502.23494311461	0.3594297578576423	72.75983116785348	1.9971286122860739	73.26369211921123	65.96966641640586	0.49722782258064513	0.0703125
13428	3	345888	144	15	27968.147855755844	27968.14768134872	2401.1230415948867	29770.505832689694	1.0644432368646437	3.426165751696603	0.8865564269957711	104065723.05279088	5765391.860877879	98300338.93626393	0.7318918314618352	0.0	0.0	0.0	0.00017440712326788343	-7.744350925087929	7.441788417843734e-08	127.28664263628256	81.46186072317265	65.32631219760592	6.188395440581118e-09	0.0	121713.808714407	4.088402454417554	2216.9685251776536	27.434070791280213	2237.272309552533	65.96968779007865	0.4962197580645161	0.03780241935483871
13428	3	345888	160	15	265355.366320873	265355.366442532	17159.58845067692	278321.6511629465	1.0488638500960044	3.3924595431034796	0.8938878874969205	7049471070.784149	294451475.79660475	6755019922.42031	0.741757413924599	0.0	0.0	0.0	0.00012165895896032453	-327.43276596069336	4.644784873544723e-08	79.40468769764217	182.5261324583612	224.5621202736045	3.0244306583586385e-08	0.0	90444.8259029659	0.32496510668062684	78.10648985948585	1.93034573991658	78.64402705200338	65.96966718486945	0.5037802419354839	0.07232862903225806
13428	3	345888	176	15	121883.33774881547	121883.33840497355	8024.49913070292	127604.35846053126	1.0469384972333629	3.321114089335133	0.8678754778642084	1427324277.3319302	64392586.298651926	1362931493.2351232	0.6967576661285413	0.0	0.0	0.0	0.0006561580812558532	197.7981550693512	1.3857968943055569e-07	66.52036732679778	133.3979875052999	154.5647100606562	2.9498504143384606e-09	0.0	53460.06005880015	0.418951674105677	114.35423437769643	1.9832433300942893	114.4596628053574	65.96967649450477	0.4977318548387097	0.05040322580645161
13428	3	345888	192	15	223737.9905411401	223737.98973865493	13800.071416543336	234189.04055340774	1.0467111105583382	3.3515385143939938	0.8802975887312571	4785818303.9383545	190441971.1016964	4595376265.602712	0.744166328683574	0.0	0.0	0.0	0.0008024851849768311	67.23394680023193	1.4048579058027266e-08	78.107676510266	164.60340855278324	219.58881007942273	1.774515815123338e-08	0.0	51989.01758455997	0.22199594577373258	75.94412258233362	1.1177257433296734	76.06916380925077	65.96966478606451	0.4992439516129032	0.040826612903225805
13428	3	345888	208	15	115916.45226893714	115916.45315399833	7062.174165179022	120738.88379547048	1.0416026494267168	3.2221818411330267	0.8513298591754632	1141254153.5593414	49874303.93932202	1091379804.4982252	0.666595549276388	0.0	0.0	0.0	0.000885061192093417	45.1217942237854	3.9537025195535653e-08	62.15071330563669	122.18164711759493	144.3296509032628	1.906286078294612e-09	0.0	47740.757762588946	0.39540499607558854	109.11950362824169	1.9873397012311995	109.42172973340561	65.96967909722636	0.49949596774193544	0.04133064516129032
13428	3	345888	224	15	129418.94856531541	129418.94950743514	7023.411758192842	134126.89752132323	1.0363775861896436	3.2057641212428662	0.8600110368857496	1240760390.9437866	49328312.725121476	1191431939.5762503	0.6553800875119583	0.0	0.0	0.0	0.000942119731917046	138.64241480827332	1.1173987807816359e-07	70.14079495914024	123.92670818843011	149.79982124525293	1.6335135517977125e-08	0.0	75414.95306763022	0.5622656938789843	143.53271470990492	3.107765312027108	143.7635210681712	65.96968723804515	0.5057963709677419	0.05367943548387097
13428	3	345888	240	15	187321.38631051366	187321.3864928161	12382.338293663634	196459.412708903	1.0487826114165184	3.2793940216791957	0.8655590280473179	3506999072.6343765	153322301.61872882	3353676743.7832317	0.7229382024343908	0.0	0.0	0.0	0.0001823024358600378	27.2324161529541	7.765162062759754e-09	83.57494499102256	171.20244019575506	185.78433198223732	5.981072450276121e-10	0.0	55524.25211527268	0.2826245463196649	81.32238408867448	1.4795984965814626	81.5043628872605	65.96966713338169	0.5120967741935484	0.037298387096774195
13428	3	345888	0	16	123761.03991194618	123761.0406041308	9468.25472816184	130562.6673454396	1.0549577430694883	3.448263219358278	0.870524045536423	1729815104.2695827	89647847.59735905	1640166869.7785048	0.6998486896618145	0.0	0.0	0.0	0.0006921846215846017	386.893718957901	2.236618919576769e-07	71.22569009571009	138.40012221655223	162.6652548189953	4.516507176977187e-10	0.0	57331.779843161945	0.43911311778974194	183.7176315866988	2.4023330438491457	184.15277941160295	65.9696858403984	0.5052923387096774	0.028729838709677418
13428	3	345888	16	16	317784.7542653057	317784.75136289356	19158.37801331978	331947.83951173315	1.0445681709280592	3.5164732639190133	0.8918744204057242	9202218113.046616	367043448.1012547	8835176808.634035	0.7255936229207544	0.0	0.0	0.0	0.002902412146795541	-2143.688674926758	2.329534736725598e-07	82.23301481475262	193.56015173279644	237.47746337921316	1.1295349071106542e-08	0.0	111480.41901492997	0.3358371566749908	78.02585556148603	1.8726547841830947	78.59889210786004	65.96966470394439	0.5030241935483871	0.08366935483870967
13428	3	345888	32	16	248538.0392655281	248538.03763465807	12766.191823576566	257633.954537263	1.0365976785630677	3.420469366049013	0.8886693322493243	4604097568.555321	162975653.67635316	4441122813.910023	0.699855784914776	0.0	0.0	0.0	0.0016308700141962618	-899.0310554504395	1.95267594151472e-07	71.81285655184836	158.93095551935357	198.11370898481053	1.2118788351862882e-08	0.0	70178.04819562969	0.2723944084207868	75.45972045946294	1.5656723874973195	75.79271800511533	65.9696663633212	0.5063004032258064	0.09475806451612903
13428	3	345888	48	16	139114.49301190503	139114.49272223134	6968.533548825493	143928.6093120501	1.0346054260481192	3.121727518161876	0.8403153655526879	1362602412.5413818	48560459.82110642	1314041846.996303	0.6777436054289065	0.0	0.0	0.0	0.0002896736841648817	105.72397232055664	7.758974396894798e-08	71.03460473820022	123.93676665609587	159.16448991534338	1.0644540573408059e-08	0.0	42388.755130447425	0.2945123654704922	78.92694576553316	1.5084879081383356	79.2181496696455	65.96966663612912	0.5047883064516129	0.07661290322580645
13428	3	345888	64	16	34593.56856018605	34593.56846926469	2916.5031169063996	36661.42910239289	1.0597758666790666	3.352604747960532	0.8419143198863043	147345398.10148716	8505990.430924743	138839413.02894533	0.6880578669994555	0.0	0.0	0.0	9.092136315302923e-05	-5.358382910490036	3.636613684262701e-08	127.86545815122473	94.7672611782481	66.89103168900746	7.984199252741858e-09	0.0	151208.89457882923	4.12446810732184	1535.2952997420373	21.937720088321818	1544.7859611140789	65.96968657181853	0.5017641129032258	0.07106854838709677
13428	3	345888	80	16	171954.8615147869	171954.8631994407	9465.610383281048	178209.02715517572	1.0363709730873238	3.2983460003572005	0.8557969202825461	2189982961.0246124	89597779.928078	2100384622.6030853	0.6452169190268733	0.0	0.0	0.0	0.0016846538055688143	558.4934492111206	2.5502182398251265e-07	59.014817588922625	135.77383647896926	163.89590369334226	1.775783555524382e-08	0.0	31019.675231954756	0.1740634341141493	94.08425242293602	1.1513150947726107	94.1113847391494	65.9696718983246	0.5032762096774194	0.04586693548387097
13428	3	345888	96	16	34402.146937909885	34402.14680950987	2901.70613914362	36461.225385401754	1.0598531961161657	3.3533343661361834	0.8420741979025325	145913242.66752243	8419898.517943773	137493347.42911652	0.6886724607794023	0.0	0.0	0.0	0.00012840001727454364	-3.279537856578827	2.2475943900798463e-08	127.96404964129758	94.6817851764057	66.60803858055809	1.4645531292310149e-08	0.0	150278.34678673392	4.121593425528747	1539.7992057046906	21.92404088781349	1549.3831769289002	65.96968961322146	0.5017641129032258	0.0720766129032258
13428	3	345888	112	16	278550.32839298306	278550.3255293287	16660.282015915996	290942.731156069	1.044488918159172	3.4979036707116524	0.888438740204547	7057387364.713974	277564996.849854	6779824252.808195	0.730470062510681	0.0	0.0	0.0	0.002863654342945665	-1884.9440746307373	2.67088084757146e-07	86.3761369224726	175.9587844481317	232.00302092424792	2.8256416698132935e-08	0.0	88736.22919210144	0.3049955199366687	74.40826112694926	1.6081293456326933	74.77912093937141	65.96966375733072	0.5229334677419355	0.047631048387096774
13428	3	345888	128	16	332477.29863057827	332477.29775017715	18511.92854071035	346105.4446397254	1.0409897038543061	3.5468772569748315	0.8980720474808395	9247824704.575302	342691498.29636645	8905133616.778593	0.7234304475352128	0.0	0.0	0.0	0.0008804011158645153	-410.4996566772461	4.438878004187882e-08	81.50696910476286	190.9039632630306	236.05758473907426	1.2837535630746852e-08	0.0	113445.78368030975	0.32777809615278375	73.26369211921123	1.8244361999056795	73.74599766510029	65.96966874395024	0.4969758064516129	0.0751008064516129
13428	3	345888	144	16	29770.505832689694	29770.505814096203	2395.842097348227	31513.331610270605	1.0585420277161428	3.496271448429126	0.8759597567109257	106807051.6446693	5740059.355425951	101066988.42968337	0.7084919564237143	0.0	0.0	0.0	1.859349140431732e-05	3.8595599681138992	3.613581602227973e-08	127.00332860521941	81.49760827103337	65.18700778458438	4.09066696647824e-09	0.0	126182.23207849753	4.004090538895461	2237.272309552533	25.604536447369806	2255.5922663210845	65.96968696692072	0.49949596774193544	0.050907258064516125
13428	3	345888	160	16	278321.6511629465	278321.6495547886	16576.831223329333	290352.4588604635	1.0432262730809738	3.468998372985095	0.8853892565122403	6841608860.248291	274791333.40674627	6566817786.028782	0.7116664045260991	0.0	0.0	0.0	0.0016081578796729445	-259.1872367858887	3.788396005679904e-08	79.70421072879313	180.0347387612796	222.00926244250124	2.515801156590435e-08	0.0	86413.22513519414	0.2976149250049684	78.64402705200338	1.7894146729441547	79.15225788857227	65.96967265020754	0.5035282258064516	0.07384072580645161
13428	3	345888	176	16	127604.35846053126	127604.35823539876	7735.765258088813	132838.3932176532	1.0410176801189817	3.3893256750678953	0.8583149700610585	1363166414.5241013	59842064.12825389	1303324313.8521657	0.6601668479641797	0.0	0.0	0.0	0.00022513250587508082	36.543681621551514	2.6807938658252065e-08	66.310845682471	131.32086682119584	152.53959567242376	1.1687201076992225e-08	0.0	55010.30747969457	0.4141145207887248	114.4596628053574	1.9255570635092498	114.58067318670476	65.9696783527041	0.49848790322580644	0.06502016129032258
13428	3	345888	192	16	234189.04055340774	234189.0411568212	13251.934101891793	243814.36219735336	1.0411006493779564	3.428181478370536	0.8729920851502384	4600936498.376556	175613757.44088265	4425323477.220001	0.7129666080269852	0.0	0.0	0.0	0.0006034134421497583	-736.284327507019	1.6002923052009466e-07	77.46688195411808	161.6741445166223	216.1367289552199	3.0499427418743246e-08	0.0	52531.11359445907	0.21545537056763872	76.06916380925077	1.0721426433403014	76.21288676759966	65.96966498953351	0.49899193548387094	0.04889112903225806
13428	3	345888	208	16	120738.88379547048	120738.8842507512	6806.936064382099	125136.18072692884	1.0364198905375612	3.285758962728485	0.8419263502162228	1081185666.7464714	46334378.58458566	1034851242.1866664	0.6295773569301343	0.0	0.0	0.0	0.00045528072223532945	45.97521936893463	4.2522964170700033e-08	61.67770679753937	120.16800001993239	142.11170312108223	1.4781722523622944e-08	0.0	47819.4717135539	0.3821394538179853	109.42172973340561	1.9233912227440197	109.73557813237748	65.96967897543168	0.49722782258064513	0.05191532258064516
13428	3	345888	224	16	134126.89752132323	134126.8974716846	6780.999224196963	138410.24038017826	1.0319350028816858	3.265529562006989	0.8504965567551054	1167370003.4031906	45981950.478559814	1121388028.6775455	0.6164762448200671	0.0	0.0	0.0	4.96386201120913e-05	24.247085332870483	2.0770694177667622e-08	69.53545834211144	121.87959977986891	148.0067622424911	7.366530636400352e-09	0.0	74786.70723424204	0.5403264002074943	143.7635210681712	3.028899954305981	144.0371466269974	65.96968342022717	0.5083165322580645	0.0594758064516129
13428	3	345888	240	16	196459.412708903	196459.4139525709	12084.074625080868	205020.17314203188	1.0435752113634458	3.3547259116075208	0.8576165258200074	3436970553.2616653	146024859.54452333	3290944798.9709725	0.6931135022269653	0.0	0.0	0.0	0.0012436679098755121	894.7461695671082	2.603298910192871e-07	83.65101923034489	169.37910807628057	184.07368583602738	1.1326542996291371e-08	0.0	56947.00358919423	0.2777629280858073	81.5043628872605	1.468524593330759	81.70445293858018	65.96966938573911	0.5115927419354839	0.040826612903225805
