horizon	envelope	interval_index	start_epoch	end_epoch	signed_improvement	positive_improvement	envelope_value	signed_relative_improvement	positive_relative_improvement
1	block_signed_mean	1	1	2	0.12568268816477346	0.12568268816477346	0.041570936706703421	3.0233306757436331	3.0233306757436331
1	block_signed_mean	2	2	3	0.054131263944631858	0.054131263944631858	0.024319942557655683	2.2257973601829852	2.2257973601829852
1	block_signed_mean	3	3	4	0.029762021458240806	0.029762021458240806	0.014227685377536936	2.0918385997788445	2.0918385997788445
1	block_signed_mean	4	4	5	0.0062806829939956454	0.0062806829939956454	0.0085190354606572427	0.7372528290322542	0.7372528290322542
1	block_signed_mean	5	5	6	0.022551254057032954	0.022551254057032954	0.0096532664947965863	2.3361267472713809	2.3361267472713809
1	block_signed_mean	6	6	7	0.028627507563302457	0.028627507563302457	0.005975840277109512	4.7905409508618018	4.7905409508618018
1	block_signed_mean	7	7	8	0.033615733672509807	0.033615733672509807	0.0092168180436136282	3.647216806650782	3.647216806650782
1	block_signed_mean	8	8	9	-0.004888779659318665	0	0.0037245299336019499	-1.3125897083583868	0
1	block_signed_mean	9	9	10	0.0055627356457701449	0.0055627356457701449	0.0021453789788106192	2.5928918390232765	2.5928918390232765
1	shallow_h1_h4_mean	1	1	2	0.12568268816477346	0.12568268816477346	0.095079836115112615	1.3218647959448535	1.3218647959448535
1	shallow_h1_h4_mean	2	2	3	0.054131263944631858	0.054131263944631858	0.068893530366005096	0.78572347297421197	0.78572347297421197
1	shallow_h1_h4_mean	3	3	4	0.029762021458240806	0.029762021458240806	0.032799575924500668	0.9073904347650158	0.9073904347650158
1	shallow_h1_h4_mean	4	4	5	0.0062806829939956454	0.0062806829939956454	0.024396504426683341	0.25744192217661455	0.25744192217661455
1	shallow_h1_h4_mean	5	5	6	0.022551254057032954	0.022551254057032954	0.016889971851322405	1.3351860059652674	1.3351860059652674
1	shallow_h1_h4_mean	6	6	7	0.028627507563302457	0.028627507563302457	0.020507123290343265	1.3959787122742395	1.3959787122742395
1	shallow_h1_h4_mean	7	7	8	0.033615733672509807	0.033615733672509807	0.02321062287175174	1.4482908906947733	1.4482908906947733
1	shallow_h1_h4_mean	8	8	9	-0.004888779659318665	0	0.0075188174292240006	-0.65020592737323912	0
1	shallow_h1_h4_mean	9	9	10	0.0055627356457701449	0.0055627356457701449	0.0022966211308418916	2.4221390159076726	2.4221390159076726
1	shallow_h1_h4_median	1	1	2	0.12568268816477346	0.12568268816477346	0.096759386984858864	1.2989198472747723	1.2989198472747723
1	shallow_h1_h4_median	2	2	3	0.054131263944631858	0.054131263944631858	0.063657568473578507	0.85035079476997921	0.85035079476997921
1	shallow_h1_h4_median	3	3	4	0.029762021458240806	0.029762021458240806	0.027559420585520966	1.079921886089181	1.079921886089181
1	shallow_h1_h4_median	4	4	5	0.0062806829939956454	0.0062806829939956454	0.020693892168201167	0.30350419065422235	0.30350419065422235
1	shallow_h1_h4_median	5	5	6	0.022551254057032954	0.022551254057032954	0.017463489530167631	1.2913372220412405	1.2913372220412405
1	shallow_h1_h4_median	6	6	7	0.028627507563302457	0.028627507563302457	0.020854332219819027	1.3727367177979524	1.3727367177979524
1	shallow_h1_h4_median	7	7	8	0.033615733672509807	0.033615733672509807	0.024618075516463112	1.3654899080161482	1.3654899080161482
1	shallow_h1_h4_median	8	8	9	-0.004888779659318665	0	0.0094008817670800937	-0.52003416067183617	0
1	shallow_h1_h4_median	9	9	10	0.0055627356457701449	0.0055627356457701449	0.0016727527245237184	3.3254978839469644	3.3254978839469644
1	all_horizon_median	1	1	2	0.12568268816477346	0.12568268816477346	0.023271377824130468	5.4007411643005963	5.4007411643005963
1	all_horizon_median	2	2	3	0.054131263944631858	0.054131263944631858	0.010821736374055035	5.0020867329951617	5.0020867329951617
1	all_horizon_median	3	3	4	0.029762021458240806	0.029762021458240806	0.0076293227612040937	3.9010043734922064	3.9010043734922064
1	all_horizon_median	4	4	5	0.0062806829939956454	0.0062806829939956454	0.0045600565572385676	1.3773256790040862	1.3773256790040862
1	all_horizon_median	5	5	6	0.022551254057032954	0.022551254057032954	0.0099800346883966995	2.2596368410675165	2.2596368410675165
1	all_horizon_median	6	6	7	0.028627507563302457	0.028627507563302457	0.001569757194374688	18.236901646885723	18.236901646885723
1	all_horizon_median	7	7	8	0.033615733672509807	0.033615733672509807	0.0051144377584932954	6.5727134163840022	6.5727134163840022
1	all_horizon_median	8	8	9	-0.004888779659318665	0	0.0020910109003580146	-2.33799817039769	0
1	all_horizon_median	9	9	10	0.0055627356457701449	0.0055627356457701449	0.0018542052294900913	3.0000646947263245	3.0000646947263245
1	cosine_lr_fraction_of_peak	1	1	2	0.12568268816477346	0.12568268816477346	0.95091615376999561	0.13217010528898132	0.13217010528898132
1	cosine_lr_fraction_of_peak	2	2	3	0.054131263944631858	0.054131263944631858	0.869120982537952	0.062282771941095209	0.062282771941095209
1	cosine_lr_fraction_of_peak	3	3	4	0.029762021458240806	0.029762021458240806	0.7559026350828939	0.039372824060835608	0.039372824060835608
1	cosine_lr_fraction_of_peak	4	4	5	0.0062806829939956454	0.0062806829939956454	0.62240948546491837	0.010090917861420754	0.010090917861420754
1	cosine_lr_fraction_of_peak	5	5	6	0.022551254057032954	0.022551254057032954	0.48178632514101449	0.046807584358963296	0.046807584358963296
1	cosine_lr_fraction_of_peak	6	6	7	0.028627507563302457	0.028627507563302457	0.34788002282145203	0.082291323690051058	0.082291323690051058
1	cosine_lr_fraction_of_peak	7	7	8	0.033615733672509807	0.033615733672509807	0.23387605224630201	0.14373311568089944	0.14373311568089944
1	cosine_lr_fraction_of_peak	8	8	9	-0.004888779659318665	0	0.1510001461424316	-0.032375992899419455	0
1	cosine_lr_fraction_of_peak	9	9	10	0.0055627356457701449	0.0055627356457701449	0.1074129217824271	0.051788328196098056	0.051788328196098056
1	block_exponential_fit	1	1	2	0.12568268816477346	0.12568268816477346	0.032371417062545454	3.8825204322053453	3.8825204322053453
1	block_exponential_fit	2	2	3	0.054131263944631858	0.054131263944631858	0.023699897767677083	2.2840294281124853	2.2840294281124853
1	block_exponential_fit	3	3	4	0.029762021458240806	0.029762021458240806	0.017351268655094777	1.7152648633275536	1.7152648633275536
1	block_exponential_fit	4	4	5	0.0062806829939956454	0.0062806829939956454	0.012703283655167553	0.49441413452503158	0.49441413452503158
1	block_exponential_fit	5	5	6	0.022551254057032954	0.022551254057032954	0.009300381362965288	2.4247665957907367	2.4247665957907367
1	block_exponential_fit	6	6	7	0.028627507563302457	0.028627507563302457	0.0068090342500858837	4.2043418364272984	4.2043418364272984
1	block_exponential_fit	7	7	8	0.033615733672509807	0.033615733672509807	0.0049850587421568331	6.7432974035458688	6.7432974035458688
1	block_exponential_fit	8	8	9	-0.004888779659318665	0	0.0036496821355305772	-1.3395083401168448	0
1	block_exponential_fit	9	9	10	0.0055627356457701449	0.0055627356457701449	0.0026720206078550504	2.0818460865972139	2.0818460865972139
2	block_signed_mean	1	1	2	0.096327856785606514	0.096327856785606514	0.041570936706703421	2.3171923564107084	2.3171923564107084
2	block_signed_mean	2	2	3	0.09412772057223151	0.09412772057223151	0.024319942557655683	3.8703923888422596	3.8703923888422596
2	block_signed_mean	3	3	4	0.054828923619409053	0.054828923619409053	0.014227685377536936	3.8536783858022665	3.8536783858022665
2	block_signed_mean	4	4	5	0.023847015423628548	0.023847015423628548	0.0085190354606572427	2.7992623735115609	2.7992623735115609
2	block_signed_mean	5	5	6	0.029400397507234999	0.029400397507234999	0.0096532664947965863	3.0456423764000236	3.0456423764000236
2	block_signed_mean	6	6	7	0.013081156876335598	0.013081156876335598	0.005975840277109512	2.1890071136009173	2.1890071136009173
2	block_signed_mean	7	7	8	0.0194490727237282	0.0194490727237282	0.0092168180436136282	2.1101721474478432	2.1101721474478432
2	block_signed_mean	8	8	9	0.01616228584205448	0.01616228584205448	0.0037245299336019499	4.3394162834460346	4.3394162834460346
2	block_signed_mean	9	9	10	0.0014412900073246249	0.0014412900073246249	0.0021453789788106192	0.67181137764464549	0.67181137764464549
2	shallow_h1_h4_mean	1	1	2	0.096327856785606514	0.096327856785606514	0.095079836115112615	1.0131260288352089	1.0131260288352089
2	shallow_h1_h4_mean	2	2	3	0.09412772057223151	0.09412772057223151	0.068893530366005096	1.3662780826032106	1.3662780826032106
2	shallow_h1_h4_mean	3	3	4	0.054828923619409053	0.054828923619409053	0.032799575924500668	1.6716351377717928	1.6716351377717928
2	shallow_h1_h4_mean	4	4	5	0.023847015423628548	0.023847015423628548	0.024396504426683341	0.97747673218078746	0.97747673218078746
2	shallow_h1_h4_mean	5	5	6	0.029400397507234999	0.029400397507234999	0.016889971851322405	1.7407013916919634	1.7407013916919634
2	shallow_h1_h4_mean	6	6	7	0.013081156876335598	0.013081156876335598	0.020507123290343265	0.63788356324436157	0.63788356324436157
2	shallow_h1_h4_mean	7	7	8	0.0194490727237282	0.0194490727237282	0.02321062287175174	0.83793842290197662	0.83793842290197662
2	shallow_h1_h4_mean	8	8	9	0.01616228584205448	0.01616228584205448	0.0075188174292240006	2.1495781742532021	2.1495781742532021
2	shallow_h1_h4_mean	9	9	10	0.0014412900073246249	0.0014412900073246249	0.0022966211308418916	0.62756977542755565	0.62756977542755565
2	shallow_h1_h4_median	1	1	2	0.096327856785606514	0.096327856785606514	0.096759386984858864	0.99554017224892222	0.99554017224892222
2	shallow_h1_h4_median	2	2	3	0.09412772057223151	0.09412772057223151	0.063657568473578507	1.4786571782316793	1.4786571782316793
2	shallow_h1_h4_median	3	3	4	0.054828923619409053	0.054828923619409053	0.027559420585520966	1.9894802740597095	1.9894802740597095
2	shallow_h1_h4_median	4	4	5	0.023847015423628548	0.023847015423628548	0.020693892168201167	1.1523697538287438	1.1523697538287438
2	shallow_h1_h4_median	5	5	6	0.029400397507234999	0.029400397507234999	0.017463489530167631	1.683535095116399	1.683535095116399
2	shallow_h1_h4_median	6	6	7	0.013081156876335598	0.013081156876335598	0.020854332219819027	0.62726328220204763	0.62726328220204763
2	shallow_h1_h4_median	7	7	8	0.0194490727237282	0.0194490727237282	0.024618075516463112	0.7900322147733202	0.7900322147733202
2	shallow_h1_h4_median	8	8	9	0.01616228584205448	0.01616228584205448	0.0094008817670800937	1.7192308383934152	1.7192308383934152
2	shallow_h1_h4_median	9	9	10	0.0014412900073246249	0.0014412900073246249	0.0016727527245237184	0.8616276549392573	0.8616276549392573
2	all_horizon_median	1	1	2	0.096327856785606514	0.096327856785606514	0.023271377824130468	4.1393276115229671	4.1393276115229671
2	all_horizon_median	2	2	3	0.09412772057223151	0.09412772057223151	0.010821736374055035	8.6980238030840802	8.6980238030840802
2	all_horizon_median	3	3	4	0.054828923619409053	0.054828923619409053	0.0076293227612040937	7.1866042813419666	7.1866042813419666
2	all_horizon_median	4	4	5	0.023847015423628548	0.023847015423628548	0.0045600565572385676	5.2295437840072712	5.2295437840072712
2	all_horizon_median	5	5	6	0.029400397507234999	0.029400397507234999	0.0099800346883966995	2.9459213745436585	2.9459213745436585
2	all_horizon_median	6	6	7	0.013081156876335598	0.013081156876335598	0.001569757194374688	8.3332358171140406	8.3332358171140406
2	all_horizon_median	7	7	8	0.0194490727237282	0.0194490727237282	0.0051144377584932954	3.8027782607052125	3.8027782607052125
2	all_horizon_median	8	8	9	0.01616228584205448	0.01616228584205448	0.0020910109003580146	7.7294125244814538	7.7294125244814538
2	all_horizon_median	9	9	10	0.0014412900073246249	0.0014412900073246249	0.0018542052294900913	0.7773087813591063	0.7773087813591063
2	cosine_lr_fraction_of_peak	1	1	2	0.096327856785606514	0.096327856785606514	0.95091615376999561	0.10130005301067371	0.10130005301067371
2	cosine_lr_fraction_of_peak	2	2	3	0.09412772057223151	0.09412772057223151	0.869120982537952	0.10830220701537513	0.10830220701537513
2	cosine_lr_fraction_of_peak	3	3	4	0.054828923619409053	0.054828923619409053	0.7559026350828939	0.072534372913512057	0.072534372913512057
2	cosine_lr_fraction_of_peak	4	4	5	0.023847015423628548	0.023847015423628548	0.62240948546491837	0.038314029558556055	0.038314029558556055
2	cosine_lr_fraction_of_peak	5	5	6	0.029400397507234999	0.029400397507234999	0.48178632514101449	0.061023727683905869	0.061023727683905869
2	cosine_lr_fraction_of_peak	6	6	7	0.013081156876335598	0.013081156876335598	0.34788002282145203	0.03760249516555151	0.03760249516555151
2	cosine_lr_fraction_of_peak	7	7	8	0.0194490727237282	0.0194490727237282	0.23387605224630201	0.083159744389929194	0.083159744389929194
2	cosine_lr_fraction_of_peak	8	8	9	0.01616228584205448	0.01616228584205448	0.1510001461424316	0.10703490198485853	0.10703490198485853
2	cosine_lr_fraction_of_peak	9	9	10	0.0014412900073246249	0.0014412900073246249	0.1074129217824271	0.013418218063596346	0.013418218063596346
2	block_exponential_fit	1	1	2	0.096327856785606514	0.096327856785606514	0.032371417062545454	2.9757071369316197	2.9757071369316197
2	block_exponential_fit	2	2	3	0.09412772057223151	0.09412772057223151	0.023699897767677083	3.9716509115329122	3.9716509115329122
2	block_exponential_fit	3	3	4	0.054828923619409053	0.054828923619409053	0.017351268655094777	3.1599374494907542	3.1599374494907542
2	block_exponential_fit	4	4	5	0.023847015423628548	0.023847015423628548	0.012703283655167553	1.8772323810881646	1.8772323810881646
2	block_exponential_fit	5	5	6	0.029400397507234999	0.029400397507234999	0.009300381362965288	3.1612034345504645	3.1612034345504645
2	block_exponential_fit	6	6	7	0.013081156876335598	0.013081156876335598	0.0068090342500858837	1.9211471694639519	1.9211471694639519
2	block_exponential_fit	7	7	8	0.0194490727237282	0.0194490727237282	0.0049850587421568331	3.9014731279401884	3.9014731279401884
2	block_exponential_fit	8	8	9	0.01616228584205448	0.01616228584205448	0.0036496821355305772	4.4284091715030591	4.4284091715030591
2	block_exponential_fit	9	9	10	0.0014412900073246249	0.0014412900073246249	0.0026720206078550504	0.53940078272136249	0.53940078272136249
3	block_signed_mean	1	1	2	0.097190917184111214	0.097190917184111214	0.041570936706703421	2.3379535051092302	2.3379535051092302
3	block_signed_mean	2	2	3	0.059691345877414648	0.059691345877414648	0.024319942557655683	2.4544196901741606	2.4544196901741606
3	block_signed_mean	3	3	4	0.025356819712801126	0.025356819712801126	0.014227685377536936	1.7822167864939702	1.7822167864939702
3	block_signed_mean	4	4	5	0.049917550376335384	0.049917550376335384	0.0085190354606572427	5.8595307657616269	5.8595307657616269
3	block_signed_mean	5	5	6	0.012375725003302307	0.012375725003302307	0.0096532664947965863	1.2820245882544745	1.2820245882544745
3	block_signed_mean	6	6	7	0.011300524267682022	0.011300524267682022	0.005975840277109512	1.8910351923174284	1.8910351923174284
3	block_signed_mean	7	7	8	0.029787078309198023	0.029787078309198023	0.0092168180436136282	3.2318179840642092	3.2318179840642092
3	block_signed_mean	8	8	9	0.011428225353995458	0.011428225353995458	0.0037245299336019499	3.0683671651803195	3.0683671651803195
3	block_signed_mean	9	9	10	0.0019042154417228119	0.0019042154417228119	0.0021453789788106192	0.88758930731133268	0.88758930731133268
3	shallow_h1_h4_mean	1	1	2	0.097190917184111214	0.097190917184111214	0.095079836115112615	1.0222032468213631	1.0222032468213631
3	shallow_h1_h4_mean	2	2	3	0.059691345877414648	0.059691345877414648	0.068893530366005096	0.86642890210876489	0.86642890210876489
3	shallow_h1_h4_mean	3	3	4	0.025356819712801126	0.025356819712801126	0.032799575924500668	0.77308376703309933	0.77308376703309933
3	shallow_h1_h4_mean	4	4	5	0.049917550376335384	0.049917550376335384	0.024396504426683341	2.0460943708697363	2.0460943708697363
3	shallow_h1_h4_mean	5	5	6	0.012375725003302307	0.012375725003302307	0.016889971851322405	0.73272620654683607	0.73272620654683607
3	shallow_h1_h4_mean	6	6	7	0.011300524267682022	0.011300524267682022	0.020507123290343265	0.55105360745567855	0.55105360745567855
3	shallow_h1_h4_mean	7	7	8	0.029787078309198023	0.029787078309198023	0.02321062287175174	1.2833381712237499	1.2833381712237499
3	shallow_h1_h4_mean	8	8	9	0.011428225353995458	0.011428225353995458	0.0075188174292240006	1.5199498407258092	1.5199498407258092
3	shallow_h1_h4_mean	9	9	10	0.0019042154417228119	0.0019042154417228119	0.0022966211308418916	0.82913782171148431	0.82913782171148431
3	shallow_h1_h4_median	1	1	2	0.097190917184111214	0.097190917184111214	0.096759386984858864	1.0044598277510779	1.0044598277510779
3	shallow_h1_h4_median	2	2	3	0.059691345877414648	0.059691345877414648	0.063657568473578507	0.9376944063169792	0.9376944063169792
3	shallow_h1_h4_median	3	3	4	0.025356819712801126	0.025356819712801126	0.027559420585520966	0.92007811391081884	0.92007811391081884
3	shallow_h1_h4_median	4	4	5	0.049917550376335384	0.049917550376335384	0.020693892168201167	2.4121876141328373	2.4121876141328373
3	shallow_h1_h4_median	5	5	6	0.012375725003302307	0.012375725003302307	0.017463489530167631	0.70866277795875965	0.70866277795875965
3	shallow_h1_h4_median	6	6	7	0.011300524267682022	0.011300524267682022	0.020854332219819027	0.54187897979981858	0.54187897979981858
3	shallow_h1_h4_median	7	7	8	0.029787078309198023	0.029787078309198023	0.024618075516463112	1.2099677852266799	1.2099677852266799
3	shallow_h1_h4_median	8	8	9	0.011428225353995458	0.011428225353995458	0.0094008817670800937	1.2156546201883629	1.2156546201883629
3	shallow_h1_h4_median	9	9	10	0.0019042154417228119	0.0019042154417228119	0.0016727527245237184	1.1383723450607428	1.1383723450607428
3	all_horizon_median	1	1	2	0.097190917184111214	0.097190917184111214	0.023271377824130468	4.176414388465318	4.176414388465318
3	all_horizon_median	2	2	3	0.059691345877414648	0.059691345877414648	0.010821736374055035	5.5158750697830552	5.5158750697830552
3	all_horizon_median	3	3	4	0.025356819712801126	0.025356819712801126	0.0076293227612040937	3.3236003386490887	3.3236003386490887
3	all_horizon_median	4	4	5	0.049917550376335384	0.049917550376335384	0.0045600565572385676	10.946695452076574	10.946695452076574
3	all_horizon_median	5	5	6	0.012375725003302307	0.012375725003302307	0.0099800346883966995	1.2400482953922956	1.2400482953922956
3	all_horizon_median	6	6	7	0.011300524267682022	0.011300524267682022	0.001569757194374688	7.198899491066566	7.198899491066566
3	all_horizon_median	7	7	8	0.029787078309198023	0.029787078309198023	0.0051144377584932954	5.8241159078985927	5.8241159078985927
3	all_horizon_median	8	8	9	0.011428225353995458	0.011428225353995458	0.0020910109003580146	5.4654068766637049	5.4654068766637049
3	all_horizon_median	9	9	10	0.0019042154417228119	0.0019042154417228119	0.0018542052294900913	1.026971238909985	1.026971238909985
3	cosine_lr_fraction_of_peak	1	1	2	0.097190917184111214	0.097190917184111214	0.95091615376999561	0.10220766236727473	0.10220766236727473
3	cosine_lr_fraction_of_peak	2	2	3	0.059691345877414648	0.059691345877414648	0.869120982537952	0.068680134384867531	0.068680134384867531
3	cosine_lr_fraction_of_peak	3	3	4	0.025356819712801126	0.025356819712801126	0.7559026350828939	0.033545087073311289	0.033545087073311289
3	cosine_lr_fraction_of_peak	4	4	5	0.049917550376335384	0.049917550376335384	0.62240948546491837	0.080200497489283443	0.080200497489283443
3	cosine_lr_fraction_of_peak	5	5	6	0.012375725003302307	0.012375725003302307	0.48178632514101449	0.025687165362528804	0.025687165362528804
3	cosine_lr_fraction_of_peak	6	6	7	0.011300524267682022	0.011300524267682022	0.34788002282145203	0.032483970122889089	0.032483970122889089
3	cosine_lr_fraction_of_peak	7	7	8	0.029787078309198023	0.029787078309198023	0.23387605224630201	0.1273626693417432	0.1273626693417432
3	cosine_lr_fraction_of_peak	8	8	9	0.011428225353995458	0.011428225353995458	0.1510001461424316	0.075683538367014108	0.075683538367014108
3	cosine_lr_fraction_of_peak	9	9	10	0.0019042154417228119	0.0019042154417228119	0.1074129217824271	0.017727992220339585	0.017727992220339585
3	block_exponential_fit	1	1	2	0.097190917184111214	0.097190917184111214	0.032371417062545454	3.0023683237692906	3.0023683237692906
3	block_exponential_fit	2	2	3	0.059691345877414648	0.059691345877414648	0.023699897767677083	2.5186330532962979	2.5186330532962979
3	block_exponential_fit	3	3	4	0.025356819712801126	0.025356819712801126	0.017351268655094777	1.4613813097381623	1.4613813097381623
3	block_exponential_fit	4	4	5	0.049917550376335384	0.049917550376335384	0.012703283655167553	3.9294997837846033	3.9294997837846033
3	block_exponential_fit	5	5	6	0.012375725003302307	0.012375725003302307	0.009300381362965288	1.3306685522147763	1.3306685522147763
3	block_exponential_fit	6	6	7	0.011300524267682022	0.011300524267682022	0.0068090342500858837	1.659636866643678	1.659636866643678
3	block_exponential_fit	7	7	8	0.029787078309198023	0.029787078309198023	0.0049850587421568331	5.9752712756019317	5.9752712756019317
3	block_exponential_fit	8	8	9	0.011428225353995458	0.011428225353995458	0.0036496821355305772	3.1312933372303298	3.1312933372303298
3	block_exponential_fit	9	9	10	0.0019042154417228119	0.0019042154417228119	0.0026720206078550504	0.71264998335900198	0.71264998335900198
4	block_signed_mean	1	1	2	0.061117882325959272	0.061117882325959272	0.041570936706703421	1.4702070044070923	1.4702070044070923
4	block_signed_mean	2	2	3	0.067623791069742367	0.067623791069742367	0.024319942557655683	2.7805900819636209	2.7805900819636209
4	block_signed_mean	3	3	4	0.021250538907551686	0.021250538907551686	0.014227685377536936	1.4936047813583666	1.4936047813583666
4	block_signed_mean	4	4	5	0.017540768912773785	0.017540768912773785	0.0085190354606572427	2.0590087919906974	2.0590087919906974
4	block_signed_mean	5	5	6	0.0032325108377193601	0.0032325108377193601	0.0096532664947965863	0.33486186665019402	0.33486186665019402
4	block_signed_mean	6	6	7	0.029019304454052985	0.029019304454052985	0.005975840277109512	4.8561044319091966	4.8561044319091966
4	block_signed_mean	7	7	8	0.0099906067815709321	0.0099906067815709321	0.0092168180436136282	1.0839539995577394	1.0839539995577394
4	block_signed_mean	8	8	9	0.0073735381801647293	0.0073735381801647293	0.0037245299336019499	1.9797231628190637	1.9797231628190637
4	block_signed_mean	9	9	10	0.00027824342854998463	0.00027824342854998463	0.0021453789788106192	0.12969430170525886	0.12969430170525886
4	shallow_h1_h4_mean	1	1	2	0.061117882325959272	0.061117882325959272	0.095079836115112615	0.64280592839857442	0.64280592839857442
4	shallow_h1_h4_mean	2	2	3	0.067623791069742367	0.067623791069742367	0.068893530366005096	0.98156954231381255	0.98156954231381255
4	shallow_h1_h4_mean	3	3	4	0.021250538907551686	0.021250538907551686	0.032799575924500668	0.64789066043009214	0.64789066043009214
4	shallow_h1_h4_mean	4	4	5	0.017540768912773785	0.017540768912773785	0.024396504426683341	0.71898697477286178	0.71898697477286178
4	shallow_h1_h4_mean	5	5	6	0.0032325108377193601	0.0032325108377193601	0.016889971851322405	0.19138639579593317	0.19138639579593317
4	shallow_h1_h4_mean	6	6	7	0.029019304454052985	0.029019304454052985	0.020507123290343265	1.4150841170257205	1.4150841170257205
4	shallow_h1_h4_mean	7	7	8	0.0099906067815709321	0.0099906067815709321	0.02321062287175174	0.43043251517950004	0.43043251517950004
4	shallow_h1_h4_mean	8	8	9	0.0073735381801647293	0.0073735381801647293	0.0075188174292240006	0.98067791239422808	0.98067791239422808
4	shallow_h1_h4_mean	9	9	10	0.00027824342854998463	0.00027824342854998463	0.0022966211308418916	0.12115338695328759	0.12115338695328759
4	shallow_h1_h4_median	1	1	2	0.061117882325959272	0.061117882325959272	0.096759386984858864	0.63164809359037322	0.63164809359037322
4	shallow_h1_h4_median	2	2	3	0.067623791069742367	0.067623791069742367	0.063657568473578507	1.0623055936830208	1.0623055936830208
4	shallow_h1_h4_median	3	3	4	0.021250538907551686	0.021250538907551686	0.027559420585520966	0.77108075772522555	0.77108075772522555
4	shallow_h1_h4_median	4	4	5	0.017540768912773785	0.017540768912773785	0.020693892168201167	0.84763024617125615	0.84763024617125615
4	shallow_h1_h4_median	5	5	6	0.0032325108377193601	0.0032325108377193601	0.017463489530167631	0.1851010837287301	0.1851010837287301
4	shallow_h1_h4_median	6	6	7	0.029019304454052985	0.029019304454052985	0.020854332219819027	1.3915240319454742	1.3915240319454742
4	shallow_h1_h4_median	7	7	8	0.0099906067815709321	0.0099906067815709321	0.024618075516463112	0.40582403668758776	0.40582403668758776
4	shallow_h1_h4_median	8	8	9	0.0073735381801647293	0.0073735381801647293	0.0094008817670800937	0.78434537981163699	0.78434537981163699
4	shallow_h1_h4_median	9	9	10	0.00027824342854998463	0.00027824342854998463	0.0016727527245237184	0.16633864914445659	0.16633864914445659
4	all_horizon_median	1	1	2	0.061117882325959272	0.061117882325959272	0.023271377824130468	2.6263112905409987	2.6263112905409987
4	all_horizon_median	2	2	3	0.067623791069742367	0.067623791069742367	0.010821736374055035	6.2488854590719356	6.2488854590719356
4	all_horizon_median	3	3	4	0.021250538907551686	0.021250538907551686	0.0076293227612040937	2.7853768378515724	2.7853768378515724
4	all_horizon_median	4	4	5	0.017540768912773785	0.017540768912773785	0.0045600565572385676	3.8466121401344955	3.8466121401344955
4	all_horizon_median	5	5	6	0.0032325108377193601	0.0032325108377193601	0.0099800346883966995	0.32389775573401997	0.32389775573401997
4	all_horizon_median	6	6	7	0.029019304454052985	0.029019304454052985	0.001569757194374688	18.486492406625224	18.486492406625224
4	all_horizon_median	7	7	8	0.0099906067815709321	0.0099906067815709321	0.0051144377584932954	1.9534125261334978	1.9534125261334978
4	all_horizon_median	8	8	9	0.0073735381801647293	0.0073735381801647293	0.0020910109003580146	3.5263030809175895	3.5263030809175895
4	all_horizon_median	9	9	10	0.00027824342854998463	0.00027824342854998463	0.0018542052294900913	0.1500607506249467	0.1500607506249467
4	cosine_lr_fraction_of_peak	1	1	2	0.061117882325959272	0.061117882325959272	0.95091615376999561	0.064272630224706709	0.064272630224706709
4	cosine_lr_fraction_of_peak	2	2	3	0.067623791069742367	0.067623791069742367	0.869120982537952	0.077807109054336326	0.077807109054336326
4	cosine_lr_fraction_of_peak	3	3	4	0.021250538907551686	0.021250538907551686	0.7559026350828939	0.028112799084529329	0.028112799084529329
4	cosine_lr_fraction_of_peak	4	4	5	0.017540768912773785	0.017540768912773785	0.62240948546491837	0.028182039834549498	0.028182039834549498
4	cosine_lr_fraction_of_peak	5	5	6	0.0032325108377193601	0.0032325108377193601	0.48178632514101449	0.0067094283690456212	0.0067094283690456212
4	cosine_lr_fraction_of_peak	6	6	7	0.029019304454052985	0.029019304454052985	0.34788002282145203	0.083417565109644196	0.083417565109644196
4	cosine_lr_fraction_of_peak	7	7	8	0.0099906067815709321	0.0099906067815709321	0.23387605224630201	0.042717527876900876	0.042717527876900876
4	cosine_lr_fraction_of_peak	8	8	9	0.0073735381801647293	0.0073735381801647293	0.1510001461424316	0.04883133141612727	0.04883133141612727
4	cosine_lr_fraction_of_peak	9	9	10	0.00027824342854998463	0.00027824342854998463	0.1074129217824271	0.002590409272299542	0.002590409272299542
4	block_exponential_fit	1	1	2	0.061117882325959272	0.061117882325959272	0.032371417062545454	1.8880199840455612	1.8880199840455612
4	block_exponential_fit	2	2	3	0.067623791069742367	0.067623791069742367	0.023699897767677083	2.8533368258647318	2.8533368258647318
4	block_exponential_fit	3	3	4	0.021250538907551686	0.021250538907551686	0.017351268655094777	1.224725369076225	1.224725369076225
4	block_exponential_fit	4	4	5	0.017540768912773785	0.017540768912773785	0.012703283655167553	1.3808058915254087	1.3808058915254087
4	block_exponential_fit	5	5	6	0.0032325108377193601	0.0032325108377193601	0.009300381362965288	0.3475675578843922	0.3475675578843922
4	block_exponential_fit	6	6	7	0.029019304454052985	0.029019304454052985	0.0068090342500858837	4.2618825795577342	4.2618825795577342
4	block_exponential_fit	7	7	8	0.0099906067815709321	0.0099906067815709321	0.0049850587421568331	2.0041101415885025	2.0041101415885025
4	block_exponential_fit	8	8	9	0.0073735381801647293	0.0073735381801647293	0.0036496821355305772	2.0203233888182957	2.0203233888182957
4	block_exponential_fit	9	9	10	0.00027824342854998463	0.00027824342854998463	0.0026720206078550504	0.10413221654504491	0.10413221654504491
5	block_signed_mean	1	1	2	0.047082526651138323	0.047082526651138323	0.041570936706703421	1.1325827701050128	1.1325827701050128
5	block_signed_mean	2	2	3	0.047714409569380223	0.047714409569380223	0.024319942557655683	1.9619458169468491	1.9619458169468491
5	block_signed_mean	3	3	4	0.0054278000651351022	0.0054278000651351022	0.014227685377536936	0.38149564887797305	0.38149564887797305
5	block_signed_mean	4	4	5	0.012857688151328261	0.012857688151328261	0.0085190354606572427	1.5092891925039942	1.5092891925039942
5	block_signed_mean	5	5	6	0.018644349506928393	0.018644349506928393	0.0096532664947965863	1.9314031697952483	1.9314031697952483
5	block_signed_mean	6	6	7	0.013715587718479583	0.013715587718479583	0.005975840277109512	2.2951730773356198	2.2951730773356198
5	block_signed_mean	7	7	8	0.0098124649597366442	0.0098124649597366442	0.0092168180436136282	1.0646260904039158	1.0646260904039158
5	block_signed_mean	8	8	9	0.005972105887451562	0.005972105887451562	0.0037245299336019499	1.6034522460331007	1.6034522460331007
5	block_signed_mean	9	9	10	0.0040624517218361689	0.0040624517218361689	0.0021453789788106192	1.8935823283252078	1.8935823283252078
5	shallow_h1_h4_mean	1	1	2	0.047082526651138323	0.047082526651138323	0.095079836115112615	0.49518939635251136	0.49518939635251136
5	shallow_h1_h4_mean	2	2	3	0.047714409569380223	0.047714409569380223	0.068893530366005096	0.69258186241714903	0.69258186241714903
5	shallow_h1_h4_mean	3	3	4	0.0054278000651351022	0.0054278000651351022	0.032799575924500668	0.16548384886527259	0.16548384886527259
5	shallow_h1_h4_mean	4	4	5	0.012857688151328261	0.012857688151328261	0.024396504426683341	0.52702993537325549	0.52702993537325549
5	shallow_h1_h4_mean	5	5	6	0.018644349506928393	0.018644349506928393	0.016889971851322405	1.1038709638505779	1.1038709638505779
5	shallow_h1_h4_mean	6	6	7	0.013715587718479583	0.013715587718479583	0.020507123290343265	0.66882065925542111	0.66882065925542111
5	shallow_h1_h4_mean	7	7	8	0.0098124649597366442	0.0098124649597366442	0.02321062287175174	0.42275750262948814	0.42275750262948814
5	shallow_h1_h4_mean	8	8	9	0.005972105887451562	0.005972105887451562	0.0075188174292240006	0.79428792408754212	0.79428792408754212
5	shallow_h1_h4_mean	9	9	10	0.0040624517218361689	0.0040624517218361689	0.0022966211308418916	1.7688819750373723	1.7688819750373723
5	shallow_h1_h4_median	1	1	2	0.047082526651138323	0.047082526651138323	0.096759386984858864	0.48659389148988624	0.48659389148988624
5	shallow_h1_h4_median	2	2	3	0.047714409569380223	0.047714409569380223	0.063657568473578507	0.74954810109004399	0.74954810109004399
5	shallow_h1_h4_median	3	3	4	0.0054278000651351022	0.0054278000651351022	0.027559420585520966	0.19694899057445109	0.19694899057445109
5	shallow_h1_h4_median	4	4	5	0.012857688151328261	0.012857688151328261	0.020693892168201167	0.62132768677927863	0.62132768677927863
5	shallow_h1_h4_median	5	5	6	0.018644349506928393	0.018644349506928393	0.017463489530167631	1.0676187868822473	1.0676187868822473
5	shallow_h1_h4_median	6	6	7	0.013715587718479583	0.013715587718479583	0.020854332219819027	0.65768529885818638	0.65768529885818638
5	shallow_h1_h4_median	7	7	8	0.0098124649597366442	0.0098124649597366442	0.024618075516463112	0.39858781622367878	0.39858781622367878
5	shallow_h1_h4_median	8	8	9	0.005972105887451562	0.005972105887451562	0.0094008817670800937	0.63527082197380869	0.63527082197380869
5	shallow_h1_h4_median	9	9	10	0.0040624517218361689	0.0040624517218361689	0.0016727527245237184	2.4286026633092872	2.4286026633092872
5	all_horizon_median	1	1	2	0.047082526651138323	0.047082526651138323	0.023271377824130468	2.0231946302000945	2.0231946302000945
5	all_horizon_median	2	2	3	0.047714409569380223	0.047714409569380223	0.010821736374055035	4.4091269570911802	4.4091269570911802
5	all_horizon_median	3	3	4	0.0054278000651351022	0.0054278000651351022	0.0076293227612040937	0.7114393026778254	0.7114393026778254
5	all_horizon_median	4	4	5	0.012857688151328261	0.012857688151328261	0.0045600565572385676	2.8196334825975247	2.8196334825975247
5	all_horizon_median	5	5	6	0.018644349506928393	0.018644349506928393	0.0099800346883966995	1.8681647999285282	1.8681647999285282
5	all_horizon_median	6	6	7	0.013715587718479583	0.013715587718479583	0.001569757194374688	8.737394399356889	8.737394399356889
5	all_horizon_median	7	7	8	0.0098124649597366442	0.0098124649597366442	0.0051144377584932954	1.9185813618401291	1.9185813618401291
5	all_horizon_median	8	8	9	0.005972105887451562	0.005972105887451562	0.0020910109003580146	2.8560854878513746	2.8560854878513746
5	all_horizon_median	9	9	10	0.0040624517218361689	0.0040624517218361689	0.0018542052294900913	2.1909396312906249	2.1909396312906249
5	cosine_lr_fraction_of_peak	1	1	2	0.047082526651138323	0.047082526651138323	0.95091615376999561	0.04951280558698605	0.04951280558698605
5	cosine_lr_fraction_of_peak	2	2	3	0.047714409569380223	0.047714409569380223	0.869120982537952	0.054899617576885128	0.054899617576885128
5	cosine_lr_fraction_of_peak	3	3	4	0.0054278000651351022	0.0054278000651351022	0.7559026350828939	0.0071805544963338807	0.0071805544963338807
5	cosine_lr_fraction_of_peak	4	4	5	0.012857688151328261	0.012857688151328261	0.62240948546491837	0.020657924487966332	0.020657924487966332
5	cosine_lr_fraction_of_peak	5	5	6	0.018644349506928393	0.018644349506928393	0.48178632514101449	0.038698378376495764	0.038698378376495764
5	cosine_lr_fraction_of_peak	6	6	7	0.013715587718479583	0.013715587718479583	0.34788002282145203	0.039426201042648115	0.039426201042648115
5	cosine_lr_fraction_of_peak	7	7	8	0.0098124649597366442	0.0098124649597366442	0.23387605224630201	0.041955834577722555	0.041955834577722555
5	cosine_lr_fraction_of_peak	8	8	9	0.005972105887451562	0.005972105887451562	0.1510001461424316	0.039550331837548983	0.039550331837548983
5	cosine_lr_fraction_of_peak	9	9	10	0.0040624517218361689	0.0040624517218361689	0.1074129217824271	0.037820884623778958	0.037820884623778958
5	block_exponential_fit	1	1	2	0.047082526651138323	0.047082526651138323	0.032371417062545454	1.4544475010213251	1.4544475010213251
5	block_exponential_fit	2	2	3	0.047714409569380223	0.047714409569380223	0.023699897767677083	2.0132749110190313	2.0132749110190313
5	block_exponential_fit	3	3	4	0.0054278000651351022	0.0054278000651351022	0.017351268655094777	0.31281862859874288	0.31281862859874288
5	block_exponential_fit	4	4	5	0.012857688151328261	0.012857688151328261	0.012703283655167553	1.0121546916806741	1.0121546916806741
5	block_exponential_fit	5	5	6	0.018644349506928393	0.018644349506928393	0.009300381362965288	2.0046865584642992	2.0046865584642992
5	block_exponential_fit	6	6	7	0.013715587718479583	0.013715587718479583	0.0068090342500858837	2.014322033746061	2.014322033746061
5	block_exponential_fit	7	7	8	0.0098124649597366442	0.0098124649597366442	0.0049850587421568331	1.9683749916036473	1.9683749916036473
5	block_exponential_fit	8	8	9	0.005972105887451562	0.005972105887451562	0.0036496821355305772	1.6363358960254657	1.6363358960254657
5	block_exponential_fit	9	9	10	0.0040624517218361689	0.0040624517218361689	0.0026720206078550504	1.5203669125506032	1.5203669125506032
6	block_signed_mean	1	1	2	0.054138404401385287	0.054138404401385287	0.041570936706703421	1.3023137963753251	1.3023137963753251
6	block_signed_mean	2	2	3	0.0043754427842372934	0.0043754427842372934	0.024319942557655683	0.17991172363439428	0.17991172363439428
6	block_signed_mean	3	3	4	0.026772919067070688	0.026772919067070688	0.014227685377536936	1.8817480395891037	1.8817480395891037
6	block_signed_mean	4	4	5	-8.3536609736256651e-05	0	0.0085190354606572427	-0.0098058765129041738	0
6	block_signed_mean	5	5	6	0.013763644555410792	0.013763644555410792	0.0096532664947965863	1.4258017804470464	1.4258017804470464
6	block_signed_mean	6	6	7	0.00344449170779626	0.00344449170779626	0.005975840277109512	0.5764029070506459	0.5764029070506459
6	block_signed_mean	7	7	8	0.01857823819659643	0.01857823819659643	0.0092168180436136282	2.0156889404439711	2.0156889404439711
6	block_signed_mean	8	8	9	0.00088246965481175721	0.00088246965481175721	0.0037245299336019499	0.23693450463380517	0.23693450463380517
6	block_signed_mean	9	9	10	0.0018041950172573706	0.0018041950172573706	0.0021453789788106192	0.84096797585739458	0.84096797585739458
6	shallow_h1_h4_mean	1	1	2	0.054138404401385287	0.054138404401385287	0.095079836115112615	0.56939942908441943	0.56939942908441943
6	shallow_h1_h4_mean	2	2	3	0.0043754427842372934	0.0043754427842372934	0.068893530366005096	0.063510212947314959	0.063510212947314959
6	shallow_h1_h4_mean	3	3	4	0.026772919067070688	0.026772919067070688	0.032799575924500668	0.81625808604043015	0.81625808604043015
6	shallow_h1_h4_mean	4	4	5	-8.3536609736256651e-05	0	0.024396504426683341	-0.0034241220904126591	0
6	shallow_h1_h4_mean	5	5	6	0.013763644555410792	0.013763644555410792	0.016889971851322405	0.8149003844747772	0.8149003844747772
6	shallow_h1_h4_mean	6	6	7	0.00344449170779626	0.00344449170779626	0.020507123290343265	0.16796562145887423	0.16796562145887423
6	shallow_h1_h4_mean	7	7	8	0.01857823819659643	0.01857823819659643	0.02321062287175174	0.80041963109946923	0.80041963109946923
6	shallow_h1_h4_mean	8	8	9	0.00088246965481175721	0.00088246965481175721	0.0075188174292240006	0.11736814507315878	0.11736814507315878
6	shallow_h1_h4_mean	9	9	10	0.0018041950172573706	0.0018041950172573706	0.0022966211308418916	0.78558670083993865	0.78558670083993865
6	shallow_h1_h4_median	1	1	2	0.054138404401385287	0.054138404401385287	0.096759386984858864	0.55951578537653401	0.55951578537653401
6	shallow_h1_h4_median	2	2	3	0.0043754427842372934	0.0043754427842372934	0.063657568473578507	0.068734054553989912	0.068734054553989912
6	shallow_h1_h4_median	3	3	4	0.026772919067070688	0.026772919067070688	0.027559420585520966	0.97146160907085666	0.97146160907085666
6	shallow_h1_h4_median	4	4	5	-8.3536609736256651e-05	0	0.020693892168201167	-0.0040367761200873278	0
6	shallow_h1_h4_median	5	5	6	0.013763644555410792	0.013763644555410792	0.017463489530167631	0.78813827738348219	0.78813827738348219
6	shallow_h1_h4_median	6	6	7	0.00344449170779626	0.00344449170779626	0.020854332219819027	0.16516912032900141	0.16516912032900141
6	shallow_h1_h4_median	7	7	8	0.01857823819659643	0.01857823819659643	0.024618075516463112	0.75465842909501213	0.75465842909501213
6	shallow_h1_h4_median	8	8	9	0.00088246965481175721	0.00088246965481175721	0.0094008817670800937	0.093870944947098467	0.093870944947098467
6	shallow_h1_h4_median	9	9	10	0.0018041950172573706	0.0018041950172573706	0.0016727527245237184	1.0785784358958839	1.0785784358958839
6	all_horizon_median	1	1	2	0.054138404401385287	0.054138404401385287	0.023271377824130468	2.3263944580560376	2.3263944580560376
6	all_horizon_median	2	2	3	0.0043754427842372934	0.0043754427842372934	0.010821736374055035	0.40431984600247306	0.40431984600247306
6	all_horizon_median	3	3	4	0.026772919067070688	0.026772919067070688	0.0076293227612040937	3.5092130592788378	3.5092130592788378
6	all_horizon_median	4	4	5	-8.3536609736256651e-05	0	0.0045600565572385676	-0.01831920474838231	0
6	all_horizon_median	5	5	6	0.013763644555410792	0.013763644555410792	0.0099800346883966995	1.3791179074170064	1.3791179074170064
6	all_horizon_median	6	6	7	0.00344449170779626	0.00344449170779626	0.001569757194374688	2.1942831159747427	2.1942831159747427
6	all_horizon_median	7	7	8	0.01857823819659643	0.01857823819659643	0.0051144377584932954	3.6325084151712401	3.6325084151712401
6	all_horizon_median	8	8	9	0.00088246965481175721	0.00088246965481175721	0.0020910109003580146	0.42203015520419535	0.42203015520419535
6	all_horizon_median	9	9	10	0.0018041950172573706	0.0018041950172573706	0.0018542052294900913	0.97302876109001513	0.97302876109001513
6	cosine_lr_fraction_of_peak	1	1	2	0.054138404401385287	0.054138404401385287	0.95091615376999561	0.056932889599938481	0.056932889599938481
6	cosine_lr_fraction_of_peak	2	2	3	0.0043754427842372934	0.0043754427842372934	0.869120982537952	0.0050343310910069194	0.0050343310910069194
6	cosine_lr_fraction_of_peak	3	3	4	0.026772919067070688	0.026772919067070688	0.7559026350828939	0.035418475640232039	0.035418475640232039
6	cosine_lr_fraction_of_peak	4	4	5	-8.3536609736256651e-05	0	0.62240948546491837	-0.00013421487250287918	0
6	cosine_lr_fraction_of_peak	5	5	6	0.013763644555410792	0.013763644555410792	0.48178632514101449	0.028567943582421727	0.028567943582421727
6	cosine_lr_fraction_of_peak	6	6	7	0.00344449170779626	0.00344449170779626	0.34788002282145203	0.0099013782966322593	0.0099013782966322593
6	cosine_lr_fraction_of_peak	7	7	8	0.01857823819659643	0.01857823819659643	0.23387605224630201	0.079436257018017056	0.079436257018017056
6	cosine_lr_fraction_of_peak	8	8	9	0.00088246965481175721	0.00088246965481175721	0.1510001461424316	0.0058441642432541987	0.0058441642432541987
6	cosine_lr_fraction_of_peak	9	9	10	0.0018041950172573706	0.0018041950172573706	0.1074129217824271	0.016796815386065957	0.016796815386065957
6	block_exponential_fit	1	1	2	0.054138404401385287	0.054138404401385287	0.032371417062545454	1.6724137932171275	1.6724137932171275
6	block_exponential_fit	2	2	3	0.0043754427842372934	0.0043754427842372934	0.023699897767677083	0.1846186353683224	0.1846186353683224
6	block_exponential_fit	3	3	4	0.026772919067070688	0.026772919067070688	0.017351268655094777	1.5429949013675996	1.5429949013675996
6	block_exponential_fit	4	4	5	-8.3536609736256651e-05	0	0.012703283655167553	-0.0065759855486085201	0
6	block_exponential_fit	5	5	6	0.013763644555410792	0.013763644555410792	0.009300381362965288	1.4799010941872237	1.4799010941872237
6	block_exponential_fit	6	6	7	0.00344449170779626	0.00344449170779626	0.0068090342500858837	0.50587081534401357	0.50587081534401357
6	block_exponential_fit	7	7	8	0.01857823819659643	0.01857823819659643	0.0049850587421568331	3.7267842080750246	3.7267842080750246
6	block_exponential_fit	8	8	9	0.00088246965481175721	0.00088246965481175721	0.0036496821355305772	0.24179356503973107	0.24179356503973107
6	block_exponential_fit	9	9	10	0.0018041950172573706	0.0018041950172573706	0.0026720206078550504	0.67521747847060132	0.67521747847060132
7	block_signed_mean	1	1	2	0.021701813937397674	0.021701813937397674	0.041570936706703421	0.52204293808703617	0.52204293808703617
7	block_signed_mean	2	2	3	0.015517639301833697	0.015517639301833697	0.024319942557655683	0.63806233361965292	0.63806233361965292
7	block_signed_mean	3	3	4	0.014120207821179065	0.014120207821179065	0.014227685377536936	0.99244588606608075	0.99244588606608075
7	block_signed_mean	4	4	5	0.002570850748270459	0.002570850748270459	0.0085190354606572427	0.30177720942038644	0.30177720942038644
7	block_signed_mean	5	5	6	0.010846056381524249	0.010846056381524249	0.0096532664947965863	1.1235633438039461	1.1235633438039461
7	block_signed_mean	6	6	7	0.0025423854531254619	0.0025423854531254619	0.005975840277109512	0.42544401042043961	0.42544401042043961
7	block_signed_mean	7	7	8	0.0069966567843948724	0.0069966567843948724	0.0092168180436136282	0.75911846705522035	0.75911846705522035
7	block_signed_mean	8	8	9	0.0020928041462866531	0.0020928041462866531	0.0037245299336019499	0.56189752360581147	0.56189752360581147
7	block_signed_mean	9	9	10	0.0070356404407903028	0.0070356404407903028	0.0021453789788106192	3.2794394418326989	3.2794394418326989
7	shallow_h1_h4_mean	1	1	2	0.021701813937397674	0.021701813937397674	0.095079836115112615	0.22824833134044753	0.22824833134044753
7	shallow_h1_h4_mean	2	2	3	0.015517639301833697	0.015517639301833697	0.068893530366005096	0.2252408784887984	0.2252408784887984
7	shallow_h1_h4_mean	3	3	4	0.014120207821179065	0.014120207821179065	0.032799575924500668	0.43049970687674455	0.43049970687674455
7	shallow_h1_h4_mean	4	4	5	0.002570850748270459	0.002570850748270459	0.024396504426683341	0.10537783213969894	0.10537783213969894
7	shallow_h1_h4_mean	5	5	6	0.010846056381524249	0.010846056381524249	0.016889971851322405	0.64215952974930823	0.64215952974930823
7	shallow_h1_h4_mean	6	6	7	0.0025423854531254619	0.0025423854531254619	0.020507123290343265	0.12397572380728128	0.12397572380728128
7	shallow_h1_h4_mean	7	7	8	0.0069966567843948724	0.0069966567843948724	0.02321062287175174	0.30144200881873295	0.30144200881873295
7	shallow_h1_h4_mean	8	8	9	0.0020928041462866531	0.0020928041462866531	0.0075188174292240006	0.27834219489788126	0.27834219489788126
7	shallow_h1_h4_mean	9	9	10	0.0070356404407903028	0.0070356404407903028	0.0022966211308418916	3.0634745741502383	3.0634745741502383
7	shallow_h1_h4_median	1	1	2	0.021701813937397674	0.021701813937397674	0.096759386984858864	0.22428639343068207	0.22428639343068207
7	shallow_h1_h4_median	2	2	3	0.015517639301833697	0.015517639301833697	0.063657568473578507	0.24376738970597653	0.24376738970597653
7	shallow_h1_h4_median	3	3	4	0.014120207821179065	0.014120207821179065	0.027559420585520966	0.51235503218806677	0.51235503218806677
7	shallow_h1_h4_median	4	4	5	0.002570850748270459	0.002570850748270459	0.020693892168201167	0.12423234485685117	0.12423234485685117
7	shallow_h1_h4_median	5	5	6	0.010846056381524249	0.010846056381524249	0.017463489530167631	0.62107039734458724	0.62107039734458724
7	shallow_h1_h4_median	6	6	7	0.0025423854531254619	0.0025423854531254619	0.020854332219819027	0.1219116213517157	0.1219116213517157
7	shallow_h1_h4_median	7	7	8	0.0069966567843948724	0.0069966567843948724	0.024618075516463112	0.28420811284439851	0.28420811284439851
7	shallow_h1_h4_median	8	8	9	0.0020928041462866531	0.0020928041462866531	0.0094008817670800937	0.22261785629675848	0.22261785629675848
7	shallow_h1_h4_median	9	9	10	0.0070356404407903028	0.0070356404407903028	0.0016727527245237184	4.2060253961287408	4.2060253961287408
7	all_horizon_median	1	1	2	0.021701813937397674	0.021701813937397674	0.023271377824130468	0.93255389093870977	0.93255389093870977
7	all_horizon_median	2	2	3	0.015517639301833697	0.015517639301833697	0.010821736374055035	1.4339324823174426	1.4339324823174426
7	all_horizon_median	3	3	4	0.014120207821179065	0.014120207821179065	0.0076293227612040937	1.8507812899176062	1.8507812899176062
7	all_horizon_median	4	4	5	0.002570850748270459	0.002570850748270459	0.0045600565572385676	0.56377606637126632	0.56377606637126632
7	all_horizon_median	5	5	6	0.010846056381524249	0.010846056381524249	0.0099800346883966995	1.0867754191410208	1.0867754191410208
7	all_horizon_median	6	6	7	0.0025423854531254619	0.0025423854531254619	0.001569757194374688	1.6196042688870873	1.6196042688870873
7	all_horizon_median	7	7	8	0.0069966567843948724	0.0069966567843948724	0.0051144377584932954	1.3680207121058161	1.3680207121058161
7	all_horizon_median	8	8	9	0.0020928041462866531	0.0020928041462866531	0.0020910109003580146	1.0008575975994825	1.0008575975994825
7	all_horizon_median	9	9	10	0.0070356404407903028	0.0070356404407903028	0.0018542052294900913	3.7944237934897385	3.7944237934897385
7	cosine_lr_fraction_of_peak	1	1	2	0.021701813937397674	0.021701813937397674	0.95091615376999561	0.022822005758718907	0.022822005758718907
7	cosine_lr_fraction_of_peak	2	2	3	0.015517639301833697	0.015517639301833697	0.869120982537952	0.017854406479199329	0.017854406479199329
7	cosine_lr_fraction_of_peak	3	3	4	0.014120207821179065	0.014120207821179065	0.7559026350828939	0.018679929353111215	0.018679929353111215
7	cosine_lr_fraction_of_peak	4	4	5	0.002570850748270459	0.002570850748270459	0.62240948546491837	0.0041304813122346974	0.0041304813122346974
7	cosine_lr_fraction_of_peak	5	5	6	0.010846056381524249	0.010846056381524249	0.48178632514101449	0.022512171507461751	0.022512171507461751
7	cosine_lr_fraction_of_peak	6	6	7	0.0025423854531254619	0.0025423854531254619	0.34788002282145203	0.0073082249233677055	0.0073082249233677055
7	cosine_lr_fraction_of_peak	7	7	8	0.0069966567843948724	0.0069966567843948724	0.23387605224630201	0.029916088959063152	0.029916088959063152
7	cosine_lr_fraction_of_peak	8	8	9	0.0020928041462866531	0.0020928041462866531	0.1510001461424316	0.01385961669409648	0.01385961669409648
7	cosine_lr_fraction_of_peak	9	9	10	0.0070356404407903028	0.0070356404407903028	0.1074129217824271	0.065500875723700336	0.065500875723700336
7	block_exponential_fit	1	1	2	0.021701813937397674	0.021701813937397674	0.032371417062545454	0.67040049236853516	0.67040049236853516
7	block_exponential_fit	2	2	3	0.015517639301833697	0.015517639301833697	0.023699897767677083	0.65475553751110716	0.65475553751110716
7	block_exponential_fit	3	3	4	0.014120207821179065	0.014120207821179065	0.017351268655094777	0.81378532612559196	0.81378532612559196
7	block_exponential_fit	4	4	5	0.002570850748270459	0.002570850748270459	0.012703283655167553	0.20237686712007458	0.20237686712007458
7	block_exponential_fit	5	5	6	0.010846056381524249	0.010846056381524249	0.009300381362965288	1.1661947997868063	1.1661947997868063
7	block_exponential_fit	6	6	7	0.0025423854531254619	0.0025423854531254619	0.0068090342500858837	0.37338414814015575	0.37338414814015575
7	block_exponential_fit	7	7	8	0.0069966567843948724	0.0069966567843948724	0.0049850587421568331	1.4035254439885902	1.4035254439885902
7	block_exponential_fit	8	8	9	0.0020928041462866531	0.0020928041462866531	0.0036496821355305772	0.57342093600773514	0.57342093600773514
7	block_exponential_fit	9	9	10	0.0070356404407903028	0.0070356404407903028	0.0026720206078550504	2.6330786596882287	2.6330786596882287
8	block_signed_mean	1	1	2	0.032972693414194509	0.032972693414194509	0.041570936706703421	0.79316695812816695	0.79316695812816695
8	block_signed_mean	2	2	3	0.0130909513682127	0.0130909513682127	0.024319942557655683	0.5382805217231813	0.5382805217231813
8	block_signed_mean	3	3	4	0.0036234912986401469	0.0036234912986401469	0.014227685377536936	0.25467890261061121	0.25467890261061121
8	block_signed_mean	4	4	5	0.011119306233013049	0.011119306233013049	0.0085190354606572427	1.3052306548510593	1.3052306548510593
8	block_signed_mean	5	5	6	0.010883921262575313	0.010883921262575313	0.0096532664947965863	1.1274858379225403	1.1274858379225403
8	block_signed_mean	6	6	7	-0.0016344734176527709	0	0.005975840277109512	-0.27351357162500312	0
8	block_signed_mean	7	7	8	0.0082858110254164785	0.0082858110254164785	0.0092168180436136282	0.89898823934771632	0.89898823934771632
8	block_signed_mean	8	8	9	0.0020892176544293761	0.0020892176544293761	0.0037245299336019499	0.56093458548443398	0.56093458548443398
8	block_signed_mean	9	9	10	0.0026972128544002771	0.0026972128544002771	0.0021453789788106192	1.2572197644518686	1.2572197644518686
8	shallow_h1_h4_mean	1	1	2	0.032972693414194509	0.032972693414194509	0.095079836115112615	0.34678954825158365	0.34678954825158365
8	shallow_h1_h4_mean	2	2	3	0.0130909513682127	0.0130909513682127	0.068893530366005096	0.19001713656805594	0.19001713656805594
8	shallow_h1_h4_mean	3	3	4	0.0036234912986401469	0.0036234912986401469	0.032799575924500668	0.11047372401950681	0.11047372401950681
8	shallow_h1_h4_mean	4	4	5	0.011119306233013049	0.011119306233013049	0.024396504426683341	0.45577456665683058	0.45577456665683058
8	shallow_h1_h4_mean	5	5	6	0.010883921262575313	0.010883921262575313	0.016889971851322405	0.64440138553121118	0.64440138553121118
8	shallow_h1_h4_mean	6	6	7	-0.0016344734176527709	0	0.020507123290343265	-0.07970271571061549	0
8	shallow_h1_h4_mean	7	7	8	0.0082858110254164785	0.0082858110254164785	0.02321062287175174	0.35698357046249901	0.35698357046249901
8	shallow_h1_h4_mean	8	8	9	0.0020892176544293761	0.0020892176544293761	0.0075188174292240006	0.27786519277739657	0.27786519277739657
8	shallow_h1_h4_mean	9	9	10	0.0026972128544002771	0.0026972128544002771	0.0022966211308418916	1.1744265600358459	1.1744265600358459
8	shallow_h1_h4_median	1	1	2	0.032972693414194509	0.032972693414194509	0.096759386984858864	0.34076997014619526	0.34076997014619526
8	shallow_h1_h4_median	2	2	3	0.0130909513682127	0.0130909513682127	0.063657568473578507	0.2056464248025148	0.2056464248025148
8	shallow_h1_h4_median	3	3	4	0.0036234912986401469	0.0036234912986401469	0.027559420585520966	0.13147922640085688	0.13147922640085688
8	shallow_h1_h4_median	4	4	5	0.011119306233013049	0.011119306233013049	0.020693892168201167	0.53732309720349736	0.53732309720349736
8	shallow_h1_h4_median	5	5	6	0.010883921262575313	0.010883921262575313	0.017463489530167631	0.62323862844099287	0.62323862844099287
8	shallow_h1_h4_median	6	6	7	-0.0016344734176527709	0	0.020854332219819027	-0.078375725505103452	0
8	shallow_h1_h4_median	7	7	8	0.0082858110254164785	0.0082858110254164785	0.024618075516463112	0.33657427932883782	0.33657427932883782
8	shallow_h1_h4_median	8	8	9	0.0020892176544293761	0.0020892176544293761	0.0094008817670800937	0.22223635039697828	0.22223635039697828
8	shallow_h1_h4_median	9	9	10	0.0026972128544002771	0.0026972128544002771	0.0016727527245237184	1.6124396719594358	1.6124396719594358
8	all_horizon_median	1	1	2	0.032972693414194509	0.032972693414194509	0.023271377824130468	1.416877576539735	1.416877576539735
8	all_horizon_median	2	2	3	0.0130909513682127	0.0130909513682127	0.010821736374055035	1.2096904707083862	1.2096904707083862
8	all_horizon_median	3	3	4	0.0036234912986401469	0.0036234912986401469	0.0076293227612040937	0.47494271930216142	0.47494271930216142
8	all_horizon_median	4	4	5	0.011119306233013049	0.011119306233013049	0.0045600565572385676	2.4384141059308626	2.4384141059308626
8	all_horizon_median	5	5	6	0.010883921262575313	0.010883921262575313	0.0099800346883966995	1.0905694822112713	1.0905694822112713
8	all_horizon_median	6	6	7	-0.0016344734176527709	0	0.001569757194374688	-1.0412269002556556	0
8	all_horizon_median	7	7	8	0.0082858110254164785	0.0082858110254164785	0.0051144377584932954	1.6200824834864085	1.6200824834864085
8	all_horizon_median	8	8	9	0.0020892176544293761	0.0020892176544293761	0.0020910109003580146	0.99914240240051766	0.99914240240051766
8	all_horizon_median	9	9	10	0.0026972128544002771	0.0026972128544002771	0.0018542052294900913	1.4546463420028288	1.4546463420028288
8	cosine_lr_fraction_of_peak	1	1	2	0.032972693414194509	0.032972693414194509	0.95091615376999561	0.034674659046931948	0.034674659046931948
8	cosine_lr_fraction_of_peak	2	2	3	0.0130909513682127	0.0130909513682127	0.869120982537952	0.015062288946223959	0.015062288946223959
8	cosine_lr_fraction_of_peak	3	3	4	0.0036234912986401469	0.0036234912986401469	0.7559026350828939	0.0047935952733420316	0.0047935952733420316
8	cosine_lr_fraction_of_peak	4	4	5	0.011119306233013049	0.011119306233013049	0.62240948546491837	0.017864936979081081	0.017864936979081081
8	cosine_lr_fraction_of_peak	5	5	6	0.010883921262575313	0.010883921262575313	0.48178632514101449	0.022590764192797892	0.022590764192797892
8	cosine_lr_fraction_of_peak	6	6	7	-0.0016344734176527709	0	0.34788002282145203	-0.0046983825181926512	0
8	cosine_lr_fraction_of_peak	7	7	8	0.0082858110254164785	0.0082858110254164785	0.23387605224630201	0.035428214842152535	0.035428214842152535
8	cosine_lr_fraction_of_peak	8	8	9	0.0020892176544293761	0.0020892176544293761	0.1510001461424316	0.013835865115380165	0.013835865115380165
8	cosine_lr_fraction_of_peak	9	9	10	0.0026972128544002771	0.0026972128544002771	0.1074129217824271	0.02511069254650463	0.02511069254650463
8	block_exponential_fit	1	1	2	0.032972693414194509	0.032972693414194509	0.032371417062545454	1.0185742981373758	1.0185742981373758
8	block_exponential_fit	2	2	3	0.0130909513682127	0.0130909513682127	0.023699897767677083	0.55236319989813165	0.55236319989813165
8	block_exponential_fit	3	3	4	0.0036234912986401469	0.0036234912986401469	0.017351268655094777	0.20883149069196141	0.20883149069196141
8	block_exponential_fit	4	4	5	0.011119306233013049	0.011119306233013049	0.012703283655167553	0.87530960772412891	0.87530960772412891
8	block_exponential_fit	5	5	6	0.010883921262575313	0.010883921262575313	0.009300381362965288	1.1702661254210265	1.1702661254210265
8	block_exponential_fit	6	6	7	-0.0016344734176527709	0	0.0068090342500858837	-0.24004482245513084	0
8	block_exponential_fit	7	7	8	0.0082858110254164785	0.0082858110254164785	0.0049850587421568331	1.6621290648686606	1.6621290648686606
8	block_exponential_fit	8	8	9	0.0020892176544293761	0.0020892176544293761	0.0036496821355305772	0.57243824992053816	0.57243824992053816
8	block_exponential_fit	9	9	10	0.0026972128544002771	0.0026972128544002771	0.0026720206078550504	1.0094281632675917	1.0094281632675917
9	block_signed_mean	1	1	2	0.012070963770383969	0.012070963770383969	0.041570936706703421	0.29037026169385055	0.29037026169385055
9	block_signed_mean	2	2	3	0.011406678735511377	0.011406678735511377	0.024319942557655683	0.46902572686877769	0.46902572686877769
9	block_signed_mean	3	3	4	0.014317149267299101	0.014317149267299101	0.014227685377536936	1.0062880143458481	1.0062880143458481
9	block_signed_mean	4	4	5	-0.0073938520799856633	0	0.0085190354606572427	-0.8679212704457071	0
9	block_signed_mean	5	5	6	0.0091140129952691495	0.0091140129952691495	0.0096532664947965863	0.94413771754689346	0.94413771754689346
9	block_signed_mean	6	6	7	-0.00099007930839434266	0	0.005975840277109512	-0.16568034995628092	0
9	block_signed_mean	7	7	8	0.0012989153619855642	0.0012989153619855642	0.0092168180436136282	0.14092882769727544	0.14092882769727544
9	block_signed_mean	8	8	9	0.0092401810979936272	0.0092401810979936272	0.0037245299336019499	2.480898600016769	2.480898600016769
9	block_signed_mean	9	9	10	0.0016938694170676172	0.0016938694170676172	0.0021453789788106192	0.7895432153468217	0.7895432153468217
9	shallow_h1_h4_mean	1	1	2	0.012070963770383969	0.012070963770383969	0.095079836115112615	0.12695608515531856	0.12695608515531856
9	shallow_h1_h4_mean	2	2	3	0.011406678735511377	0.011406678735511377	0.068893530366005096	0.16556966488597749	0.16556966488597749
9	shallow_h1_h4_mean	3	3	4	0.014317149267299101	0.014317149267299101	0.032799575924500668	0.43650409688999847	0.43650409688999847
9	shallow_h1_h4_mean	4	4	5	-0.0073938520799856633	0	0.024396504426683341	-0.30307014278237088	0
9	shallow_h1_h4_mean	5	5	6	0.0091140129952691495	0.0091140129952691495	0.016889971851322405	0.53961090494982478	0.53961090494982478
9	shallow_h1_h4_mean	6	6	7	-0.00099007930839434266	0	0.020507123290343265	-0.04827977548955234	0
9	shallow_h1_h4_mean	7	7	8	0.0012989153619855642	0.0012989153619855642	0.02321062287175174	0.055962107056006516	0.055962107056006516
9	shallow_h1_h4_mean	8	8	9	0.0092401810979936272	0.0092401810979936272	0.0075188174292240006	1.2289407456655435	1.2289407456655435
9	shallow_h1_h4_mean	9	9	10	0.0016938694170676172	0.0016938694170676172	0.0022966211308418916	0.7375484768994881	0.7375484768994881
9	shallow_h1_h4_median	1	1	2	0.012070963770383969	0.012070963770383969	0.096759386984858864	0.12475237955231012	0.12475237955231012
9	shallow_h1_h4_median	2	2	3	0.011406678735511377	0.011406678735511377	0.063657568473578507	0.17918809984465231	0.17918809984465231
9	shallow_h1_h4_median	3	3	4	0.014317149267299101	0.014317149267299101	0.027559420585520966	0.51950109846725057	0.51950109846725057
9	shallow_h1_h4_median	4	4	5	-0.0073938520799856633	0	0.020693892168201167	-0.35729634714861763	0
9	shallow_h1_h4_median	5	5	6	0.0091140129952691495	0.0091140129952691495	0.017463489530167631	0.52188956734706304	0.52188956734706304
9	shallow_h1_h4_median	6	6	7	-0.00099007930839434266	0	0.020854332219819027	-0.047475953579247936	0
9	shallow_h1_h4_median	7	7	8	0.0012989153619855642	0.0012989153619855642	0.024618075516463112	0.052762668678830178	0.052762668678830178
9	shallow_h1_h4_median	8	8	9	0.0092401810979936272	0.0092401810979936272	0.0094008817670800937	0.98290578766247161	0.98290578766247161
9	shallow_h1_h4_median	9	9	10	0.0016938694170676172	0.0016938694170676172	0.0016727527245237184	1.0126239175906357	1.0126239175906357
9	all_horizon_median	1	1	2	0.012070963770383969	0.012070963770383969	0.023271377824130468	0.51870430112081256	0.51870430112081256
9	all_horizon_median	2	2	3	0.011406678735511377	0.011406678735511377	0.010821736374055035	1.0540525421464464	1.0540525421464464
9	all_horizon_median	3	3	4	0.014317149267299101	0.014317149267299101	0.0076293227612040937	1.8765950419745387	1.8765950419745387
9	all_horizon_median	4	4	5	-0.0073938520799856633	0	0.0045600565572385676	-1.6214386789235695	0
9	all_horizon_median	5	5	6	0.0091140129952691495	0.0091140129952691495	0.0099800346883966995	0.91322458085897928	0.91322458085897928
9	all_horizon_median	6	6	7	-0.00099007930839434266	0	0.001569757194374688	-0.63072130641754454	0
9	all_horizon_median	7	7	8	0.0012989153619855642	0.0012989153619855642	0.0051144377584932954	0.25397031371210244	0.25397031371210244
9	all_horizon_median	8	8	9	0.0092401810979936272	0.0092401810979936272	0.0020910109003580146	4.4190018791444654	4.4190018791444654
9	all_horizon_median	9	9	10	0.0016938694170676172	0.0016938694170676172	0.0018542052294900913	0.91352855127769939	0.91352855127769939
9	cosine_lr_fraction_of_peak	1	1	2	0.012070963770383969	0.012070963770383969	0.95091615376999561	0.012694035875326661	0.012694035875326661
9	cosine_lr_fraction_of_peak	2	2	3	0.011406678735511377	0.011406678735511377	0.869120982537952	0.013124385401675976	0.013124385401675976
9	cosine_lr_fraction_of_peak	3	3	4	0.014317149267299101	0.014317149267299101	0.7559026350828939	0.01894046746606334	0.01894046746606334
9	cosine_lr_fraction_of_peak	4	4	5	-0.0073938520799856633	0	0.62240948546491837	-0.011879401346948804	0
9	cosine_lr_fraction_of_peak	5	5	6	0.0091140129952691495	0.0091140129952691495	0.48178632514101449	0.018917126783541564	0.018917126783541564
9	cosine_lr_fraction_of_peak	6	6	7	-0.00099007930839434266	0	0.34788002282145203	-0.0028460366892136741	0
9	cosine_lr_fraction_of_peak	7	7	8	0.0012989153619855642	0.0012989153619855642	0.23387605224630201	0.0055538621825959198	0.0055538621825959198
9	cosine_lr_fraction_of_peak	8	8	9	0.0092401810979936272	0.0092401810979936272	0.1510001461424316	0.061193193079944329	0.061193193079944329
9	cosine_lr_fraction_of_peak	9	9	10	0.0016938694170676172	0.0016938694170676172	0.1074129217824271	0.015769698737910474	0.015769698737910474
9	block_exponential_fit	1	1	2	0.012070963770383969	0.012070963770383969	0.032371417062545454	0.37288956943285556	0.37288956943285556
9	block_exponential_fit	2	2	3	0.011406678735511377	0.011406678735511377	0.023699897767677083	0.48129653753478574	0.48129653753478574
9	block_exponential_fit	3	3	4	0.014317149267299101	0.014317149267299101	0.017351268655094777	0.82513558817471366	0.82513558817471366
9	block_exponential_fit	4	4	5	-0.0073938520799856633	0	0.012703283655167553	-0.5820425868376109	0
9	block_exponential_fit	5	5	6	0.0091140129952691495	0.0091140129952691495	0.009300381362965288	0.97996121229627542	0.97996121229627542
9	block_exponential_fit	6	6	7	-0.00099007930839434266	0	0.0068090342500858837	-0.14540671584694329	0
9	block_exponential_fit	7	7	8	0.0012989153619855642	0.0012989153619855642	0.0049850587421568331	0.26056169629479153	0.26056169629479153
9	block_exponential_fit	8	8	9	0.0092401810979936272	0.0092401810979936272	0.0036496821355305772	2.5317769479259935	2.5317769479259935
9	block_exponential_fit	9	9	10	0.0016938694170676172	0.0016938694170676172	0.0026720206078550504	0.63392827588532763	0.63392827588532763
10	block_signed_mean	1	1	2	0.024840941710863262	0.024840941710863262	0.041570936706703421	0.5975554961901447	0.5975554961901447
10	block_signed_mean	2	2	3	0.00723677669884637	0.00723677669884637	0.024319942557655683	0.29756553419852971	0.29756553419852971
10	block_signed_mean	3	3	4	0.0043516674195416272	0.0043516674195416272	0.014227685377536936	0.30585912634898155	0.30585912634898155
10	block_signed_mean	4	4	5	-0.0014570187195204198	0	0.0085190354606572427	-0.1710309490140344	0
10	block_signed_mean	5	5	6	0.012281836941838264	0.012281836941838264	0.0096532664947965863	1.2722985476945612	1.2722985476945612
10	block_signed_mean	6	6	7	0.000597128935623914	0.000597128935623914	0.005975840277109512	0.099923844670216436	0.099923844670216436
10	block_signed_mean	7	7	8	0.00069897732464596629	0.00069897732464596629	0.0092168180436136282	0.075837162167944783	0.075837162167944783
10	block_signed_mean	8	8	9	0.0069145870511420071	0.0069145870511420071	0.0037245299336019499	1.8564992561235747	1.8564992561235747
10	block_signed_mean	9	9	10	-0.0026268683141097426	0	0.0021453789788106192	-1.2244309001135347	0
10	shallow_h1_h4_mean	1	1	2	0.024840941710863262	0.024840941710863262	0.095079836115112615	0.26126403584445052	0.26126403584445052
10	shallow_h1_h4_mean	2	2	3	0.00723677669884637	0.00723677669884637	0.068893530366005096	0.10504290693770708	0.10504290693770708
10	shallow_h1_h4_mean	3	3	4	0.0043516674195416272	0.0043516674195416272	0.032799575924500668	0.13267450254718122	0.13267450254718122
10	shallow_h1_h4_mean	4	4	5	-0.0014570187195204198	0	0.024396504426683341	-0.059722437855762062	0
10	shallow_h1_h4_mean	5	5	6	0.012281836941838264	0.012281836941838264	0.016889971851322405	0.72716740145879255	0.72716740145879255
10	shallow_h1_h4_mean	6	6	7	0.000597128935623914	0.000597128935623914	0.020507123290343265	0.029118122867340442	0.029118122867340442
10	shallow_h1_h4_mean	7	7	8	0.00069897732464596629	0.00069897732464596629	0.02321062287175174	0.030114544039085214	0.030114544039085214
10	shallow_h1_h4_mean	8	8	9	0.0069145870511420071	0.0069145870511420071	0.0075188174292240006	0.91963757814713232	0.91963757814713232
10	shallow_h1_h4_mean	9	9	10	-0.0026268683141097426	0	0.0022966211308418916	-1.1437969801953314	0
10	shallow_h1_h4_median	1	1	2	0.024840941710863262	0.024840941710863262	0.096759386984858864	0.25672901084780986	0.25672901084780986
10	shallow_h1_h4_median	2	2	3	0.00723677669884637	0.00723677669884637	0.063657568473578507	0.11368289541015129	0.11368289541015129
10	shallow_h1_h4_median	3	3	4	0.0043516674195416272	0.0043516674195416272	0.027559420585520966	0.1579012666843905	0.1579012666843905
10	shallow_h1_h4_median	4	4	5	-0.0014570187195204198	0	0.020693892168201167	-0.070408152689580408	0
10	shallow_h1_h4_median	5	5	6	0.012281836941838264	0.012281836941838264	0.017463489530167631	0.7032865293400713	0.7032865293400713
10	shallow_h1_h4_median	6	6	7	0.000597128935623914	0.000597128935623914	0.020854332219819027	0.028633328045691596	0.028633328045691596
10	shallow_h1_h4_median	7	7	8	0.00069897732464596629	0.00069897732464596629	0.024618075516463112	0.028392849968249208	0.028392849968249208
10	shallow_h1_h4_median	8	8	9	0.0069145870511420071	0.0069145870511420071	0.0094008817670800937	0.73552537117905614	0.73552537117905614
10	shallow_h1_h4_median	9	9	10	-0.0026268683141097426	0	0.0016727527245237184	-1.5703865105690913	0
10	all_horizon_median	1	1	2	0.024840941710863262	0.024840941710863262	0.023271377824130468	1.0674461090612901	1.0674461090612901
10	all_horizon_median	2	2	3	0.00723677669884637	0.00723677669884637	0.010821736374055035	0.66872602036364914	0.66872602036364914
10	all_horizon_median	3	3	4	0.0043516674195416272	0.0043516674195416272	0.0076293227612040937	0.57038711767056338	0.57038711767056338
10	all_horizon_median	4	4	5	-0.0014570187195204198	0	0.0045600565572385676	-0.31951768607070663	0
10	all_horizon_median	5	5	6	0.012281836941838264	0.012281836941838264	0.0099800346883966995	1.2306407067019274	1.2306407067019274
10	all_horizon_median	6	6	7	0.000597128935623914	0.000597128935623914	0.001569757194374688	0.38039573111291269	0.38039573111291269
10	all_horizon_median	7	7	8	0.00069897732464596629	0.00069897732464596629	0.0051144377584932954	0.13666748089469052	0.13666748089469052
10	all_horizon_median	8	8	9	0.0069145870511420071	0.0069145870511420071	0.0020910109003580146	3.3068154020421985	3.3068154020421985
10	all_horizon_median	9	9	10	-0.0026268683141097426	0	0.0018542052294900913	-1.4167085025599537	0
10	cosine_lr_fraction_of_peak	1	1	2	0.024840941710863262	0.024840941710863262	0.95091615376999561	0.026123167234439162	0.026123167234439162
10	cosine_lr_fraction_of_peak	2	2	3	0.00723677669884637	0.00723677669884637	0.869120982537952	0.0083265469874101924	0.0083265469874101924
10	cosine_lr_fraction_of_peak	3	3	4	0.0043516674195416272	0.0043516674195416272	0.7559026350828939	0.0057569152660308081	0.0057569152660308081
10	cosine_lr_fraction_of_peak	4	4	5	-0.0014570187195204198	0	0.62240948546491837	-0.0023409327035433551	0
10	cosine_lr_fraction_of_peak	5	5	6	0.012281836941838264	0.012281836941838264	0.48178632514101449	0.025492290463502636	0.025492290463502636
10	cosine_lr_fraction_of_peak	6	6	7	0.000597128935623914	0.000597128935623914	0.34788002282145203	0.0017164795229715963	0.0017164795229715963
10	cosine_lr_fraction_of_peak	7	7	8	0.00069897732464596629	0.00069897732464596629	0.23387605224630201	0.0029886656540185309	0.0029886656540185309
10	cosine_lr_fraction_of_peak	8	8	9	0.0069145870511420071	0.0069145870511420071	0.1510001461424316	0.045791922907278453	0.045791922907278453
10	cosine_lr_fraction_of_peak	9	9	10	-0.0026268683141097426	0	0.1074129217824271	-0.024455794242620645	0
10	block_exponential_fit	1	1	2	0.024840941710863262	0.024840941710863262	0.032371417062545454	0.76737269989965495	0.76737269989965495
10	block_exponential_fit	2	2	3	0.00723677669884637	0.00723677669884637	0.023699897767677083	0.3053505449595732	0.3053505449595732
10	block_exponential_fit	3	3	4	0.0043516674195416272	0.0043516674195416272	0.017351268655094777	0.25079822726759904	0.25079822726759904
10	block_exponential_fit	4	4	5	-0.0014570187195204198	0	0.012703283655167553	-0.11469622808333663	0
10	block_exponential_fit	5	5	6	0.012281836941838264	0.012281836941838264	0.009300381362965288	1.320573475701257	1.320573475701257
10	block_exponential_fit	6	6	7	0.000597128935623914	0.000597128935623914	0.0068090342500858837	0.087696568072980735	0.087696568072980735
10	block_exponential_fit	7	7	8	0.00069897732464596629	0.00069897732464596629	0.0049850587421568331	0.14021446101225823	0.14021446101225823
10	block_exponential_fit	8	8	9	0.0069145870511420071	0.0069145870511420071	0.0036496821355305772	1.8945724022995745	1.8945724022995745
10	block_exponential_fit	9	9	10	-0.0026268683141097426	0	0.0026720206078550504	-0.98310181680015052	0
11	block_signed_mean	1	1	2	0.021628077141940594	0.021628077141940594	0.041570936706703421	0.52026917975252196	0.52026917975252196
11	block_signed_mean	2	2	3	0.00080848089419305325	0.00080848089419305325	0.024319942557655683	0.033243536339626401	0.033243536339626401
11	block_signed_mean	3	3	4	0.0063438063953071833	0.0063438063953071833	0.014227685377536936	0.44587761304610801	0.44587761304610801
11	block_signed_mean	4	4	5	0.0044824580691056326	0.0044824580691056326	0.0085190354606572427	0.52616966906718465	0.52616966906718465
11	block_signed_mean	5	5	6	-0.0009869717905530706	0	0.0096532664947965863	-0.10224226080209009	0
11	block_signed_mean	6	6	7	-0.00072603963781148195	0	0.005975840277109512	-0.12149582387477467	0
11	block_signed_mean	7	7	8	0.0021832712809555233	0.0021832712809555233	0.0092168180436136282	0.23687906939513914	0.23687906939513914
11	block_signed_mean	8	8	9	-0.0017428842256776989	0	0.0037245299336019499	-0.46794743410537598	0
11	block_signed_mean	9	9	10	0.0019546793773770332	0.0019546793773770332	0.0021453789788106192	0.91111146174308644	0.91111146174308644
11	shallow_h1_h4_mean	1	1	2	0.021628077141940594	0.021628077141940594	0.095079836115112615	0.22747280628203445	0.22747280628203445
11	shallow_h1_h4_mean	2	2	3	0.00080848089419305325	0.00080848089419305325	0.068893530366005096	0.011735222304589446	0.011735222304589446
11	shallow_h1_h4_mean	3	3	4	0.0063438063953071833	0.0063438063953071833	0.032799575924500668	0.19341123220341636	0.19341123220341636
11	shallow_h1_h4_mean	4	4	5	0.0044824580691056326	0.0044824580691056326	0.024396504426683341	0.18373361981329611	0.18373361981329611
11	shallow_h1_h4_mean	5	5	6	-0.0009869717905530706	0	0.016889971851322405	-0.058435372139225644	0
11	shallow_h1_h4_mean	6	6	7	-0.00072603963781148195	0	0.020507123290343265	-0.035404265509700793	0
11	shallow_h1_h4_mean	7	7	8	0.0021832712809555233	0.0021832712809555233	0.02321062287175174	0.094063450731977208	0.094063450731977208
11	shallow_h1_h4_mean	8	8	9	-0.0017428842256776989	0	0.0075188174292240006	-0.2318029719545375	0
11	shallow_h1_h4_mean	9	9	10	0.0019546793773770332	0.0019546793773770332	0.0022966211308418916	0.85111094343214111	0.85111094343214111
11	shallow_h1_h4_median	1	1	2	0.021628077141940594	0.021628077141940594	0.096759386984858864	0.22352432994769805	0.22352432994769805
11	shallow_h1_h4_median	2	2	3	0.00080848089419305325	0.00080848089419305325	0.063657568473578507	0.012700467730378652	0.012700467730378652
11	shallow_h1_h4_median	3	3	4	0.0063438063953071833	0.0063438063953071833	0.027559420585520966	0.23018649378427286	0.23018649378427286
11	shallow_h1_h4_median	4	4	5	0.0044824580691056326	0.0044824580691056326	0.020693892168201167	0.21660778130435546	0.21660778130435546
11	shallow_h1_h4_median	5	5	6	-0.0009869717905530706	0	0.017463489530167631	-0.056516298695521751	0
11	shallow_h1_h4_median	6	6	7	-0.00072603963781148195	0	0.020854332219819027	-0.034814811146121775	0
11	shallow_h1_h4_median	7	7	8	0.0021832712809555233	0.0021832712809555233	0.024618075516463112	0.088685700858114627	0.088685700858114627
11	shallow_h1_h4_median	8	8	9	-0.0017428842256776989	0	0.0094008817670800937	-0.18539582444073618	0
11	shallow_h1_h4_median	9	9	10	0.0019546793773770332	0.0019546793773770332	0.0016727527245237184	1.1685405432136347	1.1685405432136347
11	all_horizon_median	1	1	2	0.021628077141940594	0.021628077141940594	0.023271377824130468	0.92938532928265605	0.92938532928265605
11	all_horizon_median	2	2	3	0.00080848089419305325	0.00080848089419305325	0.010821736374055035	0.074708980726177654	0.074708980726177654
11	all_horizon_median	3	3	4	0.0063438063953071833	0.0063438063953071833	0.0076293227612040937	0.83150321383257031	0.83150321383257031
11	all_horizon_median	4	4	5	0.0044824580691056326	0.0044824580691056326	0.0045600565572385676	0.98298299875036499	0.98298299875036499
11	all_horizon_median	5	5	6	-0.0009869717905530706	0	0.0099800346883966995	-0.098894625256220267	0
11	all_horizon_median	6	6	7	-0.00072603963781148195	0	0.001569757194374688	-0.46251715896782336	0
11	all_horizon_median	7	7	8	0.0021832712809555233	0.0021832712809555233	0.0051144377584932954	0.42688392821476262	0.42688392821476262
11	all_horizon_median	8	8	9	-0.0017428842256776989	0	0.0020910109003580146	-0.83351274035888057	0
11	all_horizon_median	9	9	10	0.0019546793773770332	0.0019546793773770332	0.0018542052294900913	1.0541871774973759	1.0541871774973759
11	cosine_lr_fraction_of_peak	1	1	2	0.021628077141940594	0.021628077141940594	0.95091615376999561	0.022744462859521388	0.022744462859521388
11	cosine_lr_fraction_of_peak	2	2	3	0.00080848089419305325	0.00080848089419305325	0.869120982537952	0.00093022825410586521	0.00093022825410586521
11	cosine_lr_fraction_of_peak	3	3	4	0.0063438063953071833	0.0063438063953071833	0.7559026350828939	0.0083923591490212331	0.0083923591490212331
11	cosine_lr_fraction_of_peak	4	4	5	0.0044824580691056326	0.0044824580691056326	0.62240948546491837	0.0072017830283505266	0.0072017830283505266
11	cosine_lr_fraction_of_peak	5	5	6	-0.0009869717905530706	0	0.48178632514101449	-0.0020485674645584697	0
11	cosine_lr_fraction_of_peak	6	6	7	-0.00072603963781148195	0	0.34788002282145203	-0.0020870403305225686	0
11	cosine_lr_fraction_of_peak	7	7	8	0.0021832712809555233	0.0021832712809555233	0.23387605224630201	0.0093351639040676702	0.0093351639040676702
11	cosine_lr_fraction_of_peak	8	8	9	-0.0017428842256776989	0	0.1510001461424316	-0.011542268469288203	0
11	cosine_lr_fraction_of_peak	9	9	10	0.0019546793773770332	0.0019546793773770332	0.1074129217824271	0.018197804742118292	0.018197804742118292
11	block_exponential_fit	1	1	2	0.021628077141940594	0.021628077141940594	0.032371417062545454	0.66812265586497366	0.66812265586497366
11	block_exponential_fit	2	2	3	0.00080848089419305325	0.00080848089419305325	0.023699897767677083	0.034113265049425384	0.034113265049425384
11	block_exponential_fit	3	3	4	0.0063438063953071833	0.0063438063953071833	0.017351268655094777	0.3656105222856128	0.3656105222856128
11	block_exponential_fit	4	4	5	0.0044824580691056326	0.0044824580691056326	0.012703283655167553	0.35285822081775048	0.35285822081775048
11	block_exponential_fit	5	5	6	-0.0009869717905530706	0	0.009300381362965288	-0.10612164727817025	0
11	block_exponential_fit	6	6	7	-0.00072603963781148195	0	0.0068090342500858837	-0.10662887145887455	0
11	block_exponential_fit	7	7	8	0.0021832712809555233	0.0021832712809555233	0.0049850587421568331	0.43796299981229714	0.43796299981229714
11	block_exponential_fit	8	8	9	-0.0017428842256776989	0	0.0036496821355305772	-0.47754411506423555	0
11	block_exponential_fit	9	9	10	0.0019546793773770332	0.0019546793773770332	0.0026720206078550504	0.73153604116329818	0.73153604116329818
12	block_signed_mean	1	1	2	0.01356780412606895	0.01356780412606895	0.041570936706703421	0.32637715675723772	0.32637715675723772
12	block_signed_mean	2	2	3	0.010236794012598693	0.010236794012598693	0.024319942557655683	0.42092180063049739	0.42092180063049739
12	block_signed_mean	3	3	4	3.3732037991285324e-05	3.3732037991285324e-05	0.014227685377536936	0.002370873202224615	0.002370873202224615
12	block_signed_mean	4	4	5	0.0046376550453715026	0.0046376550453715026	0.0085190354606572427	0.54438733901146452	0.54438733901146452
12	block_signed_mean	5	5	6	0.00051623542094603181	0.00051623542094603181	0.0096532664947965863	0.05347779647690229	0.05347779647690229
12	block_signed_mean	6	6	7	1.17133604362607e-05	1.17133604362607e-05	0.005975840277109512	0.001960119396284534	0.001960119396284534
12	block_signed_mean	7	7	8	0.0032322187325917184	0.0032322187325917184	0.0092168180436136282	0.35068705027016739	0.35068705027016739
12	block_signed_mean	8	8	9	0.00042840780224651098	0.00042840780224651098	0.0037245299336019499	0.11502332103213968	0.11502332103213968
12	block_signed_mean	9	9	10	0.0038832364953123033	0.0038832364953123033	0.0021453789788106192	1.8100468652233828	1.8100468652233828
12	shallow_h1_h4_mean	1	1	2	0.01356780412606895	0.01356780412606895	0.095079836115112615	0.14269906933413817	0.14269906933413817
12	shallow_h1_h4_mean	2	2	3	0.010236794012598693	0.010236794012598693	0.068893530366005096	0.14858861141553503	0.14858861141553503
12	shallow_h1_h4_mean	3	3	4	3.3732037991285324e-05	3.3732037991285324e-05	0.032799575924500668	0.0010284290891117323	0.0010284290891117323
12	shallow_h1_h4_mean	4	4	5	0.0046376550453715026	0.0046376550453715026	0.024396504426683341	0.1900950629754618	0.1900950629754618
12	shallow_h1_h4_mean	5	5	6	0.00051623542094603181	0.00051623542094603181	0.016889971851322405	0.030564611089367387	0.030564611089367387
12	shallow_h1_h4_mean	6	6	7	1.17133604362607e-05	1.17133604362607e-05	0.020507123290343265	0.00057118496194814817	0.00057118496194814817
12	shallow_h1_h4_mean	7	7	8	0.0032322187325917184	0.0032322187325917184	0.02321062287175174	0.1392560100799991	0.1392560100799991
12	shallow_h1_h4_mean	8	8	9	0.00042840780224651098	0.00042840780224651098	0.0075188174292240006	0.05697808282741159	0.05697808282741159
12	shallow_h1_h4_mean	9	9	10	0.0038832364953123033	0.0038832364953123033	0.0022966211308418916	1.6908476732027597	1.6908476732027597
12	shallow_h1_h4_median	1	1	2	0.01356780412606895	0.01356780412606895	0.096759386984858864	0.14022209677901404	0.14022209677901404
12	shallow_h1_h4_median	2	2	3	0.010236794012598693	0.010236794012598693	0.063657568473578507	0.16081032087877409	0.16081032087877409
12	shallow_h1_h4_median	3	3	4	3.3732037991285324e-05	3.3732037991285324e-05	0.027559420585520966	0.0012239748613948472	0.0012239748613948472
12	shallow_h1_h4_median	4	4	5	0.0046376550453715026	0.0046376550453715026	0.020693892168201167	0.22410743265096633	0.22410743265096633
12	shallow_h1_h4_median	5	5	6	0.00051623542094603181	0.00051623542094603181	0.017463489530167631	0.029560840063164426	0.029560840063164426
12	shallow_h1_h4_median	6	6	7	1.17133604362607e-05	1.17133604362607e-05	0.020854332219819027	0.0005616751623976166	0.0005616751623976166
12	shallow_h1_h4_median	7	7	8	0.0032322187325917184	0.0032322187325917184	0.024618075516463112	0.13129453317462617	0.13129453317462617
12	shallow_h1_h4_median	8	8	9	0.00042840780224651098	0.00042840780224651098	0.0094008817670800937	0.045571023321100024	0.045571023321100024
12	shallow_h1_h4_median	9	9	10	0.0038832364953123033	0.0038832364953123033	0.0016727527245237184	2.3214647558968853	2.3214647558968853
12	all_horizon_median	1	1	2	0.01356780412606895	0.01356780412606895	0.023271377824130468	0.58302538975583451	0.58302538975583451
12	all_horizon_median	2	2	3	0.010236794012598693	0.010236794012598693	0.010821736374055035	0.94594745785355361	0.94594745785355361
12	all_horizon_median	3	3	4	3.3732037991285324e-05	3.3732037991285324e-05	0.0076293227612040937	0.004421367275587851	0.004421367275587851
12	all_horizon_median	4	4	5	0.0046376550453715026	0.0046376550453715026	0.0045600565572385676	1.0170170012496349	1.0170170012496349
12	all_horizon_median	5	5	6	0.00051623542094603181	0.00051623542094603181	0.0099800346883966995	0.05172681629516114	0.05172681629516114
12	all_horizon_median	6	6	7	1.17133604362607e-05	1.17133604362607e-05	0.001569757194374688	0.0074618931375095314	0.0074618931375095314
12	all_horizon_median	7	7	8	0.0032322187325917184	0.0032322187325917184	0.0051144377584932954	0.63197928789418378	0.63197928789418378
12	all_horizon_median	8	8	9	0.00042840780224651098	0.00042840780224651098	0.0020910109003580146	0.20488071208675224	0.20488071208675224
12	all_horizon_median	9	9	10	0.0038832364953123033	0.0038832364953123033	0.0018542052294900913	2.0942862384118062	2.0942862384118062
12	cosine_lr_fraction_of_peak	1	1	2	0.01356780412606895	0.01356780412606895	0.95091615376999561	0.014268139280501364	0.014268139280501364
12	cosine_lr_fraction_of_peak	2	2	3	0.010236794012598693	0.010236794012598693	0.869120982537952	0.011778330311052734	0.011778330311052734
12	cosine_lr_fraction_of_peak	3	3	4	3.3732037991285324e-05	3.3732037991285324e-05	0.7559026350828939	4.4624845086809618e-05	4.4624845086809618e-05
12	cosine_lr_fraction_of_peak	4	4	5	0.0046376550453715026	0.0046376550453715026	0.62240948546491837	0.0074511316965346934	0.0074511316965346934
12	cosine_lr_fraction_of_peak	5	5	6	0.00051623542094603181	0.00051623542094603181	0.48178632514101449	0.0010715028509680809	0.0010715028509680809
12	cosine_lr_fraction_of_peak	6	6	7	1.17133604362607e-05	1.17133604362607e-05	0.34788002282145203	3.3670690088095494e-05	3.3670690088095494e-05
12	cosine_lr_fraction_of_peak	7	7	8	0.0032322187325917184	0.0032322187325917184	0.23387605224630201	0.01382022101684772	0.01382022101684772
12	cosine_lr_fraction_of_peak	8	8	9	0.00042840780224651098	0.00042840780224651098	0.1510001461424316	0.0028371350173556345	0.0028371350173556345
12	cosine_lr_fraction_of_peak	9	9	10	0.0038832364953123033	0.0038832364953123033	0.1074129217824271	0.036152414726955184	0.036152414726955184
12	block_exponential_fit	1	1	2	0.01356780412606895	0.01356780412606895	0.032371417062545454	0.41912913790132594	0.41912913790132594
12	block_exponential_fit	2	2	3	0.010236794012598693	0.010236794012598693	0.023699897767677083	0.43193410000949722	0.43193410000949722
12	block_exponential_fit	3	3	4	3.3732037991285324e-05	3.3732037991285324e-05	0.017351268655094777	0.0019440675296892908	0.0019440675296892908
12	block_exponential_fit	4	4	5	0.0046376550453715026	0.0046376550453715026	0.012703283655167553	0.36507529637700853	0.36507529637700853
12	block_exponential_fit	5	5	6	0.00051623542094603181	0.00051623542094603181	0.009300381362965288	0.055506908888888602	0.055506908888888602
12	block_exponential_fit	6	6	7	1.17133604362607e-05	1.17133604362607e-05	0.0068090342500858837	0.0017202675160743915	0.0017202675160743915
12	block_exponential_fit	7	7	8	0.0032322187325917184	0.0032322187325917184	0.0049850587421568331	0.6483812728740822	0.6483812728740822
12	block_exponential_fit	8	8	9	0.00042840780224651098	0.00042840780224651098	0.0036496821355305772	0.11738222298206544	0.11738222298206544
12	block_exponential_fit	9	9	10	0.0038832364953123033	0.0038832364953123033	0.0026720206078550504	1.4532958630246307	1.4532958630246307
13	block_signed_mean	1	1	2	0.015409837476909161	0.015409837476909161	0.041570936706703421	0.37068776163574596	0.37068776163574596
13	block_signed_mean	2	2	3	-0.0028072088025510311	0	0.024319942557655683	-0.11542826616041282	0
13	block_signed_mean	3	3	4	0.0089148391271010041	0.0089148391271010041	0.014227685377536936	0.62658393762178621	0.62658393762178621
13	block_signed_mean	4	4	5	0.0043905747006647289	0.0043905747006647289	0.0085190354606572427	0.51538401512018084	0.51538401512018084
13	block_signed_mean	5	5	6	0.0031973189325071871	0.0031973189325071871	0.0096532664947965863	0.33121627111720603	0.33121627111720603
13	block_signed_mean	6	6	7	-0.0027753308531828225	0	0.005975840277109512	-0.46442520624484257	0
13	block_signed_mean	7	7	8	0.00040751753840595484	0.00040751753840595484	0.0092168180436136282	0.044214558264858601	0.044214558264858601
13	block_signed_mean	8	8	9	0.0022844830527901649	0.0022844830527901649	0.0037245299336019499	0.61336144252192049	0.61336144252192049
13	block_signed_mean	9	9	10	0.00071106798714026809	0.00071106798714026809	0.0021453789788106192	0.33144166795858065	0.33144166795858065
13	shallow_h1_h4_mean	1	1	2	0.015409837476909161	0.015409837476909161	0.095079836115112615	0.16207261293816871	0.16207261293816871
13	shallow_h1_h4_mean	2	2	3	-0.0028072088025510311	0	0.068893530366005096	-0.040747059812980983	0
13	shallow_h1_h4_mean	3	3	4	0.0089148391271010041	0.0089148391271010041	0.032799575924500668	0.27179738993033098	0.27179738993033098
13	shallow_h1_h4_mean	4	4	5	0.0043905747006647289	0.0043905747006647289	0.024396504426683341	0.17996736843424987	0.17996736843424987
13	shallow_h1_h4_mean	5	5	6	0.0031973189325071871	0.0031973189325071871	0.016889971851322405	0.18930279817232804	0.18930279817232804
13	shallow_h1_h4_mean	6	6	7	-0.0027753308531828225	0	0.020507123290343265	-0.13533496697168229	0
13	shallow_h1_h4_mean	7	7	8	0.00040751753840595484	0.00040751753840595484	0.02321062287175174	0.017557371926538001	0.017557371926538001
13	shallow_h1_h4_mean	8	8	9	0.0022844830527901649	0.0022844830527901649	0.0075188174292240006	0.30383542017004939	0.30383542017004939
13	shallow_h1_h4_mean	9	9	10	0.00071106798714026809	0.00071106798714026809	0.0022966211308418916	0.30961484138204631	0.30961484138204631
13	shallow_h1_h4_median	1	1	2	0.015409837476909161	0.015409837476909161	0.096759386984858864	0.15925935412675288	0.15925935412675288
13	shallow_h1_h4_median	2	2	3	-0.0028072088025510311	0	0.063657568473578507	-0.044098586701692533	0
13	shallow_h1_h4_median	3	3	4	0.0089148391271010041	0.0089148391271010041	0.027559420585520966	0.32347701576079718	0.32347701576079718
13	shallow_h1_h4_median	4	4	5	0.0043905747006647289	0.0043905747006647289	0.020693892168201167	0.2121676611136214	0.2121676611136214
13	shallow_h1_h4_median	5	5	6	0.0031973189325071871	0.0031973189325071871	0.017463489530167631	0.18308591344152145	0.18308591344152145
13	shallow_h1_h4_median	6	6	7	-0.0027753308531828225	0	0.020854332219819027	-0.13308174167021622	0
13	shallow_h1_h4_median	7	7	8	0.00040751753840595484	0.00040751753840595484	0.024618075516463112	0.016553590394725665	0.016553590394725665
13	shallow_h1_h4_median	8	8	9	0.0022844830527901649	0.0022844830527901649	0.0094008817670800937	0.24300731669554052	0.24300731669554052
13	shallow_h1_h4_median	9	9	10	0.00071106798714026809	0.00071106798714026809	0.0016727527245237184	0.42508852427230687	0.42508852427230687
13	all_horizon_median	1	1	2	0.015409837476909161	0.015409837476909161	0.023271377824130468	0.66217985000142321	0.66217985000142321
13	all_horizon_median	2	2	3	-0.0028072088025510311	0	0.010821736374055035	-0.25940465610318098	0
13	all_horizon_median	3	3	4	0.0089148391271010041	0.0089148391271010041	0.0076293227612040937	1.1684967861674298	1.1684967861674298
13	all_horizon_median	4	4	5	0.0043905747006647289	0.0043905747006647289	0.0045600565572385676	0.9628333871638487	0.9628333871638487
13	all_horizon_median	5	5	6	0.0031973189325071871	0.0031973189325071871	0.0099800346883966995	0.32037152498323018	0.32037152498323018
13	all_horizon_median	6	6	7	-0.0027753308531828225	0	0.001569757194374688	-1.768000085063075	0
13	all_horizon_median	7	7	8	0.00040751753840595484	0.00040751753840595484	0.0051144377584932954	0.07967983142022024	0.07967983142022024
13	all_horizon_median	8	8	9	0.0022844830527901649	0.0022844830527901649	0.0020910109003580146	1.0925256546482014	1.0925256546482014
13	all_horizon_median	9	9	10	0.00071106798714026809	0.00071106798714026809	0.0018542052294900913	0.38348936559509794	0.38348936559509794
13	cosine_lr_fraction_of_peak	1	1	2	0.015409837476909161	0.015409837476909161	0.95091615376999561	0.01620525365545156	0.01620525365545156
13	cosine_lr_fraction_of_peak	2	2	3	-0.0028072088025510311	0	0.869120982537952	-0.003229940202747836	0
13	cosine_lr_fraction_of_peak	3	3	4	0.0089148391271010041	0.0089148391271010041	0.7559026350828939	0.011793634144592424	0.011793634144592424
13	cosine_lr_fraction_of_peak	4	4	5	0.0043905747006647289	0.0043905747006647289	0.62240948546491837	0.0070541577581921351	0.0070541577581921351
13	cosine_lr_fraction_of_peak	5	5	6	0.0031973189325071871	0.0031973189325071871	0.48178632514101449	0.0066363837362369317	0.0066363837362369317
13	cosine_lr_fraction_of_peak	6	6	7	-0.0027753308531828225	0	0.34788002282145203	-0.0079778391143984998	0
13	cosine_lr_fraction_of_peak	7	7	8	0.00040751753840595484	0.00040751753840595484	0.23387605224630201	0.0017424509029115374	0.0017424509029115374
13	cosine_lr_fraction_of_peak	8	8	9	0.0022844830527901649	0.0022844830527901649	0.1510001461424316	0.015129012197347913	0.015129012197347913
13	cosine_lr_fraction_of_peak	9	9	10	0.00071106798714026809	0.00071106798714026809	0.1074129217824271	0.0066199482831366362	0.0066199482831366362
13	block_exponential_fit	1	1	2	0.015409837476909161	0.015409837476909161	0.032371417062545454	0.47603221839610882	0.47603221839610882
13	block_exponential_fit	2	2	3	-0.0028072088025510311	0	0.023699897767677083	-0.11844813973753172	0
13	block_exponential_fit	3	3	4	0.0089148391271010041	0.0089148391271010041	0.017351268655094777	0.51378601209562735	0.51378601209562735
13	block_exponential_fit	4	4	5	0.0043905747006647289	0.0043905747006647289	0.012703283655167553	0.34562518005954251	0.34562518005954251
13	block_exponential_fit	5	5	6	0.0031973189325071871	0.0031973189325071871	0.009300381362965288	0.34378363722149236	0.34378363722149236
13	block_exponential_fit	6	6	7	-0.0027753308531828225	0	0.0068090342500858837	-0.40759537274288443	0
13	block_exponential_fit	7	7	8	0.00040751753840595484	0.00040751753840595484	0.0049850587421568331	0.081747790644817658	0.081747790644817658
13	block_exponential_fit	8	8	9	0.0022844830527901649	0.0022844830527901649	0.0036496821355305772	0.62594027862047097	0.62594027862047097
13	block_exponential_fit	9	9	10	0.00071106798714026809	0.00071106798714026809	0.0026720206078550504	0.2661162062335567	0.2661162062335567
14	block_signed_mean	1	1	2	0.018341250834055245	0.018341250834055245	0.041570936706703421	0.44120369390419995	0.44120369390419995
14	block_signed_mean	2	2	3	0.0042452949564903975	0.0042452949564903975	0.024319942557655683	0.17456023781413166	0.17456023781413166
14	block_signed_mean	3	3	4	0.0033989055082201958	0.0033989055082201958	0.014227685377536936	0.23889377773186368	0.23889377773186368
14	block_signed_mean	4	4	5	0.002799357520416379	0.002799357520416379	0.0085190354606572427	0.3286002897093715	0.3286002897093715
14	block_signed_mean	5	5	6	0.0032907744171097875	0.0032907744171097875	0.0096532664947965863	0.34089750022788845	0.34089750022788845
14	block_signed_mean	6	6	7	-0.002033664844930172	0	0.005975840277109512	-0.34031445798846666	0
14	block_signed_mean	7	7	8	0.0013511561555787921	0.0013511561555787921	0.0092168180436136282	0.14659681347566733	0.14659681347566733
14	block_signed_mean	8	8	9	0.00068179809022694826	0.00068179809022694826	0.0037245299336019499	0.18305614463610692	0.18305614463610692
14	block_signed_mean	9	9	10	0.0011331380810588598	0.0011331380810588598	0.0021453789788106192	0.52817618343919004	0.52817618343919004
14	shallow_h1_h4_mean	1	1	2	0.018341250834055245	0.018341250834055245	0.095079836115112615	0.19290368582303399	0.19290368582303399
14	shallow_h1_h4_mean	2	2	3	0.0042452949564903975	0.0042452949564903975	0.068893530366005096	0.061621097568041031	0.061621097568041031
14	shallow_h1_h4_mean	3	3	4	0.0033989055082201958	0.0033989055082201958	0.032799575924500668	0.10362650773424412	0.10362650773424412
14	shallow_h1_h4_mean	4	4	5	0.002799357520416379	0.002799357520416379	0.024396504426683341	0.11474420562294245	0.11474420562294245
14	shallow_h1_h4_mean	5	5	6	0.0032907744171097875	0.0032907744171097875	0.016889971851322405	0.19483599179901151	0.19483599179901151
14	shallow_h1_h4_mean	6	6	7	-0.002033664844930172	0	0.020507123290343265	-0.099168704266181393	0
14	shallow_h1_h4_mean	7	7	8	0.0013511561555787921	0.0013511561555787921	0.02321062287175174	0.058212834831899464	0.058212834831899464
14	shallow_h1_h4_mean	8	8	9	0.00068179809022694826	0.00068179809022694826	0.0075188174292240006	0.090678899527064996	0.090678899527064996
14	shallow_h1_h4_mean	9	9	10	0.0011331380810588598	0.0011331380810588598	0.0022966211308418916	0.4933935623258312	0.4933935623258312
14	shallow_h1_h4_median	1	1	2	0.018341250834055245	0.018341250834055245	0.096759386984858864	0.18955526079268492	0.18955526079268492
14	shallow_h1_h4_median	2	2	3	0.0042452949564903975	0.0042452949564903975	0.063657568473578507	0.06668955566929069	0.06668955566929069
14	shallow_h1_h4_median	3	3	4	0.0033989055082201958	0.0033989055082201958	0.027559420585520966	0.12333007864490068	0.12333007864490068
14	shallow_h1_h4_median	4	4	5	0.002799357520416379	0.002799357520416379	0.020693892168201167	0.13527457752572775	0.13527457752572775
14	shallow_h1_h4_median	5	5	6	0.0032907744171097875	0.0032907744171097875	0.017463489530167631	0.18843739170370721	0.18843739170370721
14	shallow_h1_h4_median	6	6	7	-0.002033664844930172	0	0.020854332219819027	-0.097517620007869038	0
14	shallow_h1_h4_median	7	7	8	0.0013511561555787921	0.0013511561555787921	0.024618075516463112	0.054884718940569455	0.054884718940569455
14	shallow_h1_h4_median	8	8	9	0.00068179809022694826	0.00068179809022694826	0.0094008817670800937	0.072524908526608797	0.072524908526608797
14	shallow_h1_h4_median	9	9	10	0.0011331380810588598	0.0011331380810588598	0.0016727527245237184	0.67740919769327967	0.67740919769327967
14	all_horizon_median	1	1	2	0.018341250834055245	0.018341250834055245	0.023271377824130468	0.78814632174623134	0.78814632174623134
14	all_horizon_median	2	2	3	0.0042452949564903975	0.0042452949564903975	0.010821736374055035	0.39229332611247431	0.39229332611247431
14	all_horizon_median	3	3	4	0.0033989055082201958	0.0033989055082201958	0.0076293227612040937	0.44550553366335299	0.44550553366335299
14	all_horizon_median	4	4	5	0.002799357520416379	0.002799357520416379	0.0045600565572385676	0.6138865790979543	0.6138865790979543
14	all_horizon_median	5	5	6	0.0032907744171097875	0.0032907744171097875	0.0099800346883966995	0.32973576944935978	0.32973576944935978
14	all_horizon_median	6	6	7	-0.002033664844930172	0	0.001569757194374688	-1.2955282843855871	0
14	all_horizon_median	7	7	8	0.0013511561555787921	0.0013511561555787921	0.0051144377584932954	0.26418469035721348	0.26418469035721348
14	all_horizon_median	8	8	9	0.00068179809022694826	0.00068179809022694826	0.0020910109003580146	0.32606147108569039	0.32606147108569039
14	all_horizon_median	9	9	10	0.0011331380810588598	0.0011331380810588598	0.0018542052294900913	0.61111794047224977	0.61111794047224977
14	cosine_lr_fraction_of_peak	1	1	2	0.018341250834055245	0.018341250834055245	0.95091615376999561	0.019287979030895255	0.019287979030895255
14	cosine_lr_fraction_of_peak	2	2	3	0.0042452949564903975	0.0042452949564903975	0.869120982537952	0.0048845845880898606	0.0048845845880898606
14	cosine_lr_fraction_of_peak	3	3	4	0.0033989055082201958	0.0033989055082201958	0.7559026350828939	0.0044964858573981088	0.0044964858573981088
14	cosine_lr_fraction_of_peak	4	4	5	0.002799357520416379	0.002799357520416379	0.62240948546491837	0.0044976138471369146	0.0044976138471369146
14	cosine_lr_fraction_of_peak	5	5	6	0.0032907744171097875	0.0032907744171097875	0.48178632514101449	0.0068303607748655126	0.0068303607748655126
14	cosine_lr_fraction_of_peak	6	6	7	-0.002033664844930172	0	0.34788002282145203	-0.005845879934226467	0
14	cosine_lr_fraction_of_peak	7	7	8	0.0013511561555787921	0.0013511561555787921	0.23387605224630201	0.0057772317541765596	0.0057772317541765596
14	cosine_lr_fraction_of_peak	8	8	9	0.00068179809022694826	0.00068179809022694826	0.1510001461424316	0.0045152147706124671	0.0045152147706124671
14	cosine_lr_fraction_of_peak	9	9	10	0.0011331380810588598	0.0011331380810588598	0.1074129217824271	0.010549364659813609	0.010549364659813609
14	block_exponential_fit	1	1	2	0.018341250834055245	0.018341250834055245	0.032371417062545454	0.56658782649575556	0.56658782649575556
14	block_exponential_fit	2	2	3	0.0042452949564903975	0.0042452949564903975	0.023699897767677083	0.17912714215503112	0.17912714215503112
14	block_exponential_fit	3	3	4	0.0033989055082201958	0.0033989055082201958	0.017351268655094777	0.19588801117560878	0.19588801117560878
14	block_exponential_fit	4	4	5	0.002799357520416379	0.002799357520416379	0.012703283655167553	0.22036487544522645	0.22036487544522645
14	block_exponential_fit	5	5	6	0.0032907744171097875	0.0032907744171097875	0.009300381362965288	0.35383220200129223	0.35383220200129223
14	block_exponential_fit	6	6	7	-0.002033664844930172	0	0.0068090342500858837	-0.29867155461944123	0
14	block_exponential_fit	7	7	8	0.0013511561555787921	0.0013511561555787921	0.0049850587421568331	0.2710411703181258	0.2710411703181258
14	block_exponential_fit	8	8	9	0.00068179809022694826	0.00068179809022694826	0.0036496821355305772	0.18681026591041222	0.18681026591041222
14	block_exponential_fit	9	9	10	0.0011331380810588598	0.0011331380810588598	0.0026720206078550504	0.42407535246087796	0.42407535246087796
15	block_signed_mean	1	1	2	0.013095790054649115	0.013095790054649115	0.041570936706703421	0.3150227320361868	0.3150227320361868
15	block_signed_mean	2	2	3	0.001943519338965416	0.001943519338965416	0.024319942557655683	0.079914635256965891	0.079914635256965891
15	block_signed_mean	3	3	4	0.0038817171007394791	0.0038817171007394791	0.014227685377536936	0.27282843257611261	0.27282843257611261
15	block_signed_mean	4	4	5	0.0051055060466751456	0.0051055060466751456	0.0085190354606572427	0.59930564560430366	0.59930564560430366
15	block_signed_mean	5	5	6	0.0058988735545426607	0.0058988735545426607	0.0096532664947965863	0.6110753865256221	0.6110753865256221
15	block_signed_mean	6	6	7	-0.0042263551731593907	0	0.005975840277109512	-0.70724031720668079	0
15	block_signed_mean	7	7	8	0.0030735513428226113	0.0030735513428226113	0.0092168180436136282	0.33347206468422014	0.33347206468422014
15	block_signed_mean	8	8	9	-0.00045988493366166949	0	0.0037245299336019499	-0.12347462414321908	0
15	block_signed_mean	9	9	10	0.0020529631292447448	0.0020529631292447448	0.0021453789788106192	0.95692329864390246	0.95692329864390246
15	shallow_h1_h4_mean	1	1	2	0.013095790054649115	0.013095790054649115	0.095079836115112615	0.1377346721421997	0.1377346721421997
15	shallow_h1_h4_mean	2	2	3	0.001943519338965416	0.001943519338965416	0.068893530366005096	0.02821047678410785	0.02821047678410785
15	shallow_h1_h4_mean	3	3	4	0.0038817171007394791	0.0038817171007394791	0.032799575924500668	0.11834656367736478	0.11834656367736478
15	shallow_h1_h4_mean	4	4	5	0.0051055060466751456	0.0051055060466751456	0.024396504426683341	0.20927203165593955	0.20927203165593955
15	shallow_h1_h4_mean	5	5	6	0.0058988735545426607	0.0058988735545426607	0.016889971851322405	0.34925301276217385	0.34925301276217385
15	shallow_h1_h4_mean	6	6	7	-0.0042263551731593907	0	0.020507123290343265	-0.20609205461545974	0
15	shallow_h1_h4_mean	7	7	8	0.0030735513428226113	0.0030735513428226113	0.02321062287175174	0.13242002852768103	0.13242002852768103
15	shallow_h1_h4_mean	8	8	9	-0.00045988493366166949	0	0.0075188174292240006	-0.061164529926501107	0
15	shallow_h1_h4_mean	9	9	10	0.0020529631292447448	0.0020529631292447448	0.0022966211308418916	0.8939058783684416	0.8939058783684416
15	shallow_h1_h4_median	1	1	2	0.013095790054649115	0.013095790054649115	0.096759386984858864	0.13534387166692544	0.13534387166692544
15	shallow_h1_h4_median	2	2	3	0.001943519338965416	0.001943519338965416	0.063657568473578507	0.030530844730145269	0.030530844730145269
15	shallow_h1_h4_median	3	3	4	0.0038817171007394791	0.0038817171007394791	0.027559420585520966	0.1408490098220293	0.1408490098220293
15	shallow_h1_h4_median	4	4	5	0.0051055060466751456	0.0051055060466751456	0.020693892168201167	0.24671560116276309	0.24671560116276309
15	shallow_h1_h4_median	5	5	6	0.0058988735545426607	0.0058988735545426607	0.017463489530167631	0.33778321018560131	0.33778321018560131
15	shallow_h1_h4_median	6	6	7	-0.0042263551731593907	0	0.020854332219819027	-0.20266077708030619	0
15	shallow_h1_h4_median	7	7	8	0.0030735513428226113	0.0030735513428226113	0.024618075516463112	0.1248493750361275	0.1248493750361275
15	shallow_h1_h4_median	8	8	9	-0.00045988493366166949	0	0.0094008817670800937	-0.048919340233816104	0
15	shallow_h1_h4_median	9	9	10	0.0020529631292447448	0.0020529631292447448	0.0016727527245237184	1.227296239992246	1.227296239992246
15	all_horizon_median	1	1	2	0.013095790054649115	0.013095790054649115	0.023271377824130468	0.56274235903083825	0.56274235903083825
15	all_horizon_median	2	2	3	0.001943519338965416	0.001943519338965416	0.010821736374055035	0.17959403849690675	0.17959403849690675
15	all_horizon_median	3	3	4	0.0038817171007394791	0.0038817171007394791	0.0076293227612040937	0.50878921003033417	0.50878921003033417
15	all_horizon_median	4	4	5	0.0051055060466751456	0.0051055060466751456	0.0045600565572385676	1.1196146325358047	1.1196146325358047
15	all_horizon_median	5	5	6	0.0058988735545426607	0.0058988735545426607	0.0099800346883966995	0.59106744001611478	0.59106744001611478
15	all_horizon_median	6	6	7	-0.0042263551731593907	0	0.001569757194374688	-2.6923623527923737	0
15	all_horizon_median	7	7	8	0.0030735513428226113	0.0030735513428226113	0.0051144377584932954	0.60095586024456271	0.60095586024456271
15	all_horizon_median	8	8	9	-0.00045988493366166949	0	0.0020910109003580146	-0.21993425934935576	0
15	all_horizon_median	9	9	10	0.0020529631292447448	0.0020529631292447448	0.0018542052294900913	1.1071930423846945	1.1071930423846945
15	cosine_lr_fraction_of_peak	1	1	2	0.013095790054649115	0.013095790054649115	0.95091615376999561	0.013771761056671123	0.013771761056671123
15	cosine_lr_fraction_of_peak	2	2	3	0.001943519338965416	0.001943519338965416	0.869120982537952	0.002236189642194662	0.002236189642194662
15	cosine_lr_fraction_of_peak	3	3	4	0.0038817171007394791	0.0038817171007394791	0.7559026350828939	0.0051352077907676581	0.0051352077907676581
15	cosine_lr_fraction_of_peak	4	4	5	0.0051055060466751456	0.0051055060466751456	0.62240948546491837	0.0082028088676404237	0.0082028088676404237
15	cosine_lr_fraction_of_peak	5	5	6	0.0058988735545426607	0.0058988735545426607	0.48178632514101449	0.012243754641263664	0.012243754641263664
15	cosine_lr_fraction_of_peak	6	6	7	-0.0042263551731593907	0	0.34788002282145203	-0.012148887248200941	0
15	cosine_lr_fraction_of_peak	7	7	8	0.0030735513428226113	0.0030735513428226113	0.23387605224630201	0.013141795892748184	0.013141795892748184
15	cosine_lr_fraction_of_peak	8	8	9	-0.00045988493366166949	0	0.1510001461424316	-0.0030455926395454008	0
15	cosine_lr_fraction_of_peak	9	9	10	0.0020529631292447448	0.0020529631292447448	0.1074129217824271	0.019112813385741195	0.019112813385741195
15	block_exponential_fit	1	1	2	0.013095790054649115	0.013095790054649115	0.032371417062545454	0.40454793898415015	0.40454793898415015
15	block_exponential_fit	2	2	3	0.001943519338965416	0.001943519338965416	0.023699897767677083	0.08200538913784132	0.08200538913784132
15	block_exponential_fit	3	3	4	0.0038817171007394791	0.0038817171007394791	0.017351268655094777	0.22371373401562239	0.22371373401562239
15	block_exponential_fit	4	4	5	0.0051055060466751456	0.0051055060466751456	0.012703283655167553	0.40190443551957394	0.40190443551957394
15	block_exponential_fit	5	5	6	0.0058988735545426607	0.0058988735545426607	0.009300381362965288	0.63426146996857047	0.63426146996857047
15	block_exponential_fit	6	6	7	-0.0042263551731593907	0	0.0068090342500858837	-0.62069818096539653	0
15	block_exponential_fit	7	7	8	0.0030735513428226113	0.0030735513428226113	0.0049850587421568331	0.61655268308690181	0.61655268308690181
15	block_exponential_fit	8	8	9	-0.00045988493366166949	0	0.0036496821355305772	-0.12600684568789527	0
15	block_exponential_fit	9	9	10	0.0020529631292447448	0.0020529631292447448	0.0026720206078550504	0.76831859874492114	0.76831859874492114
16	block_signed_mean	1	1	2	0.0099655393278226256	0.0099655393278226256	0.041570936706703421	0.23972371366401413	0.23972371366401413
16	block_signed_mean	2	2	3	-0.00022381939925253391	0	0.024319942557655683	-0.0092031220354209971	0
16	block_signed_mean	3	3	4	0.0052584272343665361	0.0052584272343665361	0.014227685377536936	0.36959119455007677	0.36959119455007677
16	block_signed_mean	4	4	5	-0.00031043944181874394	0	0.0085190354606572427	-0.036440679611256549	0
16	block_signed_mean	5	5	6	-0.00055767566664144397	0	0.0096532664947965863	-0.057770669331676343	0
16	block_signed_mean	6	6	7	0.0056595873320475221	0.0056595873320475221	0.005975840277109512	0.94707807933331178	0.94707807933331178
16	block_signed_mean	7	7	8	-0.0012921814923174679	0	0.0092168180436136282	-0.14019822092645368	0
16	block_signed_mean	8	8	9	0.0011339239426888525	0.0011339239426888525	0.0037245299336019499	0.30444753107199429	0.30444753107199429
16	block_signed_mean	9	9	10	0.00073799293022602797	0.00073799293022602797	0.0021453789788106192	0.34399187160637013	0.34399187160637013
16	shallow_h1_h4_mean	1	1	2	0.0099655393278226256	0.0099655393278226256	0.095079836115112615	0.10481233177303129	0.10481233177303129
16	shallow_h1_h4_mean	2	2	3	-0.00022381939925253391	0	0.068893530366005096	-0.0032487723892717741	0
16	shallow_h1_h4_mean	3	3	4	0.0052584272343665361	0.0052584272343665361	0.032799575924500668	0.16031997628477232	0.16031997628477232
16	shallow_h1_h4_mean	4	4	5	-0.00031043944181874394	0	0.024396504426683341	-0.012724750906494829	0
16	shallow_h1_h4_mean	5	5	6	-0.00055767566664144397	0	0.016889971851322405	-0.033018152519761639	0
16	shallow_h1_h4_mean	6	6	7	0.0056595873320475221	0.0056595873320475221	0.020507123290343265	0.27598153343685228	0.27598153343685228
16	shallow_h1_h4_mean	7	7	8	-0.0012921814923174679	0	0.02321062287175174	-0.0556719868939883	0
16	shallow_h1_h4_mean	8	8	9	0.0011339239426888525	0.0011339239426888525	0.0075188174292240006	0.15081147445894058	0.15081147445894058
16	shallow_h1_h4_mean	9	9	10	0.00073799293022602797	0.00073799293022602797	0.0022966211308418916	0.3213385613827805	0.3213385613827805
16	shallow_h1_h4_median	1	1	2	0.0099655393278226256	0.0099655393278226256	0.096759386984858864	0.10299299776859951	0.10299299776859951
16	shallow_h1_h4_median	2	2	3	-0.00022381939925253391	0	0.063657568473578507	-0.0035159903939062896	0
16	shallow_h1_h4_median	3	3	4	0.0052584272343665361	0.0052584272343665361	0.027559420585520966	0.19080325792949301	0.19080325792949301
16	shallow_h1_h4_median	4	4	5	-0.00031043944181874394	0	0.020693892168201167	-0.015001500891928594	0
16	shallow_h1_h4_median	5	5	6	-0.00055767566664144397	0	0.017463489530167631	-0.031933804849144078	0
16	shallow_h1_h4_median	6	6	7	0.0056595873320475221	0.0056595873320475221	0.020854332219819027	0.27138664870164975	0.27138664870164975
16	shallow_h1_h4_median	7	7	8	-0.0012921814923174679	0	0.024618075516463112	-0.052489135125665429	0
16	shallow_h1_h4_median	8	8	9	0.0011339239426888525	0.0011339239426888525	0.0094008817670800937	0.12061889201283385	0.12061889201283385
16	shallow_h1_h4_median	9	9	10	0.00073799293022602797	0.00073799293022602797	0.0016727527245237184	0.44118471272324855	0.44118471272324855
16	all_horizon_median	1	1	2	0.0099655393278226256	0.0099655393278226256	0.023271377824130468	0.42823159862452137	0.42823159862452137
16	all_horizon_median	2	2	3	-0.00022381939925253391	0	0.010821736374055035	-0.020682392503031017	0
16	all_horizon_median	3	3	4	0.0052584272343665361	0.0052584272343665361	0.0076293227612040937	0.68923905816466302	0.68923905816466302
16	all_horizon_median	4	4	5	-0.00031043944181874394	0	0.0045600565572385676	-0.068077980595647847	0
16	all_horizon_median	5	5	6	-0.00055767566664144397	0	0.0099800346883966995	-0.055879131090578904	0
16	all_horizon_median	6	6	7	0.0056595873320475221	0.0056595873320475221	0.001569757194374688	3.6053902809485234	3.6053902809485234
16	all_horizon_median	7	7	8	-0.0012921814923174679	0	0.0051144377584932954	-0.25265367442816283	0
16	all_horizon_median	8	8	9	0.0011339239426888525	0.0011339239426888525	0.0020910109003580146	0.54228504619211049	0.54228504619211049
16	all_horizon_median	9	9	10	0.00073799293022602797	0.00073799293022602797	0.0018542052294900913	0.39801038120735799	0.39801038120735799
16	cosine_lr_fraction_of_peak	1	1	2	0.0099655393278226256	0.0099655393278226256	0.95091615376999561	0.010479934837906914	0.010479934837906914
16	cosine_lr_fraction_of_peak	2	2	3	-0.00022381939925253391	0	0.869120982537952	-0.00025752387038102648	0
16	cosine_lr_fraction_of_peak	3	3	4	0.0052584272343665361	0.0052584272343665361	0.7559026350828939	0.0069564875029042407	0.0069564875029042407
16	cosine_lr_fraction_of_peak	4	4	5	-0.00031043944181874394	0	0.62240948546491837	-0.00049877042215520928	0
16	cosine_lr_fraction_of_peak	5	5	6	-0.00055767566664144397	0	0.48178632514101449	-0.0011575165950968355	0
16	cosine_lr_fraction_of_peak	6	6	7	0.0056595873320475221	0.0056595873320475221	0.34788002282145203	0.016268790849632321	0.016268790849632321
16	cosine_lr_fraction_of_peak	7	7	8	-0.0012921814923174679	0	0.23387605224630201	-0.0055250697106714979	0
16	cosine_lr_fraction_of_peak	8	8	9	0.0011339239426888525	0.0011339239426888525	0.1510001461424316	0.0075094228161823994	0.0075094228161823994
16	cosine_lr_fraction_of_peak	9	9	10	0.00073799293022602797	0.00073799293022602797	0.1074129217824271	0.0068706159182680814	0.0068706159182680814
16	block_exponential_fit	1	1	2	0.0099655393278226256	0.0099655393278226256	0.032371417062545454	0.30784995629224415	0.30784995629224415
16	block_exponential_fit	2	2	3	-0.00022381939925253391	0	0.023699897767677083	-0.0094438972457420566	0
16	block_exponential_fit	3	3	4	0.0052584272343665361	0.0052584272343665361	0.017351268655094777	0.30305721955509735	0.30305721955509735
16	block_exponential_fit	4	4	5	-0.00031043944181874394	0	0.012703283655167553	-0.024437732026275007	0
16	block_exponential_fit	5	5	6	-0.00055767566664144397	0	0.009300381362965288	-0.059962666570012285	0
16	block_exponential_fit	6	6	7	0.0056595873320475221	0.0056595873320475221	0.0068090342500858837	0.83118796648381321	0.83118796648381321
16	block_exponential_fit	7	7	8	-0.0012921814923174679	0	0.0049850587421568331	-0.25921088579959106	0
16	block_exponential_fit	8	8	9	0.0011339239426888525	0.0011339239426888525	0.0036496821355305772	0.3106911507853839	0.3106911507853839
16	block_exponential_fit	9	9	10	0.00073799293022602797	0.00073799293022602797	0.0026720206078550504	0.27619282877404439	0.27619282877404439
