sample	horizon	eigen_index	normalized_eigenvalue
0	1	0	1.888464976218529e-05
0	1	1	2.1311181448844155e-19
0	1	2	4.829645871581438e-21
0	1	3	1.8774075692241383e-21
0	1	4	1.3555903935127033e-21
0	1	5	1.2701058412390011e-21
0	1	6	1.0079073585181642e-21
0	1	7	7.19890228297687e-22
0	1	8	6.33481004825321e-22
0	1	9	5.965502985316693e-22
0	1	10	4.571958108138429e-22
0	1	11	3.8535670942138967e-22
0	1	12	3.508967912135371e-22
0	1	13	1.37653211356965e-22
0	1	14	1.3647071517092594e-22
0	1	15	2.469544841012482e-23
0	1	16	2.4635652152937837e-05
0	1	17	1.597874870532399e-19
0	1	18	8.940857916179295e-21
0	1	19	7.27219632155759e-21
0	1	20	1.8583670670576466e-21
0	1	21	1.131384360755073e-21
0	1	22	1.0887445734270283e-21
0	1	23	7.082870815020701e-22
0	1	24	6.489015820699344e-22
0	1	25	6.186374951100948e-22
0	1	26	6.078327512812085e-22
0	1	27	5.02383681974624e-22
0	1	28	2.7561631252104977e-22
0	1	29	1.9788256476574648e-22
0	1	30	1.5218820703849008e-22
0	1	31	3.4334839578164346e-23
0	1	32	1.9619237718870863e-05
0	1	33	1.3168689502450058e-19
0	1	34	1.3561571212844336e-20
0	1	35	2.351239686600849e-21
0	1	36	2.0670613428717943e-21
0	1	37	1.7000463941814877e-21
0	1	38	5.798679982225836e-22
0	1	39	5.656921298904386e-22
0	1	40	3.304708978361836e-22
0	1	41	2.9558507047015857e-22
0	1	42	2.7346086684894733e-22
0	1	43	9.76656690555819e-23
0	1	44	9.445254392530809e-23
0	1	45	4.017146995460081e-23
0	1	46	1.6549116922457186e-23
0	1	47	3.1919544701603913e-24
0	1	48	0.4699864089488983
0	1	49	2.759364832710231e-15
0	1	50	4.644606169293246e-16
0	1	51	6.967957060165402e-17
0	1	52	2.4715309670137213e-17
0	1	53	1.1038939514298806e-17
0	1	54	3.1220191005624605e-18
0	1	55	3.075674445587799e-18
0	1	56	1.0495469237347125e-18
0	1	57	6.354845558223723e-19
0	1	58	5.24854990856481e-19
0	1	59	4.451099718190587e-19
0	1	60	4.286345244203513e-19
0	1	61	2.617320174788424e-19
0	1	62	5.0447354490650997e-20
0	1	63	4.527872289546194e-20
0	1	64	0.2708476483821869
0	1	65	1.4307158337898318e-15
0	1	66	1.1128591499756895e-16
0	1	67	2.4569477728144114e-17
0	1	68	2.3389775899578137e-17
0	1	69	6.279504397068745e-18
0	1	70	6.150372404462479e-18
0	1	71	5.927940642614826e-18
0	1	72	1.3341735686596152e-18
0	1	73	8.268781229427747e-19
0	1	74	7.853837448873943e-19
0	1	75	7.552373542580524e-19
0	1	76	5.059867942889933e-19
0	1	77	1.5996186706612374e-19
0	1	78	1.1699555988479647e-19
0	1	79	8.279120696278976e-21
0	1	80	1.1227733921259642e-05
0	1	81	8.291630672132846e-20
0	1	82	4.269458400465857e-21
0	1	83	2.0024673419812826e-21
0	1	84	8.06555522330775e-22
0	1	85	6.956395081114896e-22
0	1	86	6.435928132350611e-22
0	1	87	3.2485958506693997e-22
0	1	88	2.903553644306502e-22
0	1	89	2.66684034180345e-22
0	1	90	1.6611694102624748e-22
0	1	91	1.6191833298784813e-22
0	1	92	1.1940246624168272e-22
0	1	93	6.183055171976288e-23
0	1	94	5.958507493026938e-23
0	1	95	3.981663716398878e-23
0	1	96	0.05779249221086502
0	1	97	3.609759812550861e-16
0	1	98	1.8599103133695624e-17
0	1	99	1.4880087932718942e-18
0	1	100	5.009760960296651e-19
0	1	101	3.6096766064530444e-19
0	1	102	2.6068571155214525e-19
0	1	103	2.094329933375973e-19
0	1	104	1.9515165543838393e-19
0	1	105	1.5376778354296182e-19
0	1	106	1.3204671859096115e-19
0	1	107	5.434687776868204e-20
0	1	108	5.3335045240247884e-20
0	1	109	3.0249377846779075e-20
0	1	110	2.819484538213062e-20
0	1	111	1.8044873977010407e-20
0	1	112	0.201296865940094
0	1	113	7.880202676982116e-16
0	1	114	9.367557062856002e-17
0	1	115	1.4812693392311184e-18
0	1	116	8.90706222440722e-19
0	1	117	6.137243807370344e-19
0	1	118	4.016486875139979e-19
0	1	119	3.146297782119081e-19
0	1	120	1.3044039846486853e-19
0	1	121	9.514420752397017e-20
0	1	122	6.54647603504144e-20
0	1	123	6.521784693756732e-20
0	1	124	5.175935987738813e-20
0	1	125	4.635430002985096e-20
0	1	126	1.4030786184140774e-20
0	1	127	3.2006303813286737e-21
1	1	0	1.2475563380576205e-05
1	1	1	1.6270244568248263e-19
1	1	2	2.7928937511350364e-21
1	1	3	1.7451669155536246e-21
1	1	4	9.65839085138734e-22
1	1	5	9.140989984080595e-22
1	1	6	8.523541864023633e-22
1	1	7	6.456864122121943e-22
1	1	8	2.4163733440811786e-22
1	1	9	2.212674564659223e-22
1	1	10	1.7487004065638396e-22
1	1	11	1.505410780901631e-22
1	1	12	1.502942845336865e-22
1	1	13	1.3427322636801884e-22
1	1	14	4.755359875122283e-23
1	1	15	1.0255412648926615e-23
1	1	16	3.015920810867101e-05
1	1	17	4.919444728127165e-19
1	1	18	5.06137438095706e-21
1	1	19	2.944414417764641e-21
1	1	20	2.3073199503659776e-21
1	1	21	1.9973630963801406e-21
1	1	22	1.3108663978077411e-21
1	1	23	9.79927509817257e-22
1	1	24	7.119763252094119e-22
1	1	25	4.714877489841386e-22
1	1	26	3.7444480672713813e-22
1	1	27	3.726668530862893e-22
1	1	28	3.2081397817883005e-22
1	1	29	1.9368347709991676e-22
1	1	30	1.7746838439511368e-22
1	1	31	5.729755500997121e-23
1	1	32	2.695145485631656e-05
1	1	33	3.246070239653696e-19
1	1	34	6.7699551141733355e-21
1	1	35	5.320521019581974e-21
1	1	36	1.9104554137898707e-21
1	1	37	8.786520069484965e-22
1	1	38	8.77925699557616e-22
1	1	39	8.323910325211252e-22
1	1	40	8.065567340211254e-22
1	1	41	3.510028141191988e-22
1	1	42	3.5076767046057053e-22
1	1	43	3.3988032973946395e-22
1	1	44	8.901123383658322e-23
1	1	45	5.727915877366146e-23
1	1	46	1.8436993597283144e-23
1	1	47	1.771262522650757e-23
1	1	48	0.3690304756164551
1	1	49	2.3751276061878676e-15
1	1	50	8.943320081828093e-16
1	1	51	2.7902221503344764e-17
1	1	52	1.1965316453089805e-17
1	1	53	4.699091877954011e-18
1	1	54	2.0567715650184556e-18
1	1	55	2.305914850001824e-19
1	1	56	1.7599450141847673e-19
1	1	57	1.6629093612549666e-19
1	1	58	1.393045822312604e-19
1	1	59	7.842256403310318e-20
1	1	60	1.9555035972480876e-20
1	1	61	1.163299476791555e-20
1	1	62	5.469111415047481e-21
1	1	63	3.5610084980729494e-21
1	1	64	0.33324235677719116
1	1	65	2.113238571423994e-15
1	1	66	6.364551302620629e-17
1	1	67	4.558791871743483e-17
1	1	68	3.9801945842581564e-17
1	1	69	8.943987980541893e-18
1	1	70	8.32899656590158e-18
1	1	71	4.140283397698913e-18
1	1	72	3.874539631797371e-18
1	1	73	2.992763237659465e-18
1	1	74	1.917052694547277e-18
1	1	75	9.007499528359174e-19
1	1	76	6.359178433669852e-19
1	1	77	2.670873947908381e-20
1	1	78	2.125107934564136e-20
1	1	79	2.0469316118596323e-20
1	1	80	4.177127266302705e-05
1	1	81	6.650097338116869e-19
1	1	82	1.5305852786648588e-20
1	1	83	9.032256527105003e-21
1	1	84	6.171180152158296e-21
1	1	85	1.6830083112932602e-21
1	1	86	1.2652072800748428e-21
1	1	87	1.2621493775271675e-21
1	1	88	1.1071258150686959e-21
1	1	89	7.034516796974274e-22
1	1	90	6.966614679478725e-22
1	1	91	4.783338499511065e-22
1	1	92	4.407707422687317e-22
1	1	93	2.3259953803273074e-22
1	1	94	1.318096579372243e-22
1	1	95	1.0522594788815179e-22
1	1	96	0.08252633363008499
1	1	97	1.3694638108794396e-15
1	1	98	7.471193892507962e-17
1	1	99	1.6416423926098634e-18
1	1	100	8.251220702011129e-19
1	1	101	2.2850665381442494e-19
1	1	102	1.5012158432752514e-19
1	1	103	1.3438944918207618e-19
1	1	104	1.3331009480496812e-19
1	1	105	1.216729689807512e-19
1	1	106	1.1841996489961278e-19
1	1	107	6.42463814692606e-20
1	1	108	2.774311429479717e-20
1	1	109	1.0909933899380501e-20
1	1	110	1.0524138154155476e-20
1	1	111	9.265820343464727e-22
1	1	112	0.21508854627609253
1	1	113	3.6711596427105493e-16
1	1	114	1.3744384089088845e-16
1	1	115	2.4847570887000766e-18
1	1	116	6.772825608613479e-19
1	1	117	4.812941605345783e-19
1	1	118	4.804017877499985e-19
1	1	119	2.648225968918878e-19
1	1	120	2.48334173097321e-19
1	1	121	1.864486297197721e-19
1	1	122	1.6862787645232382e-19
1	1	123	9.085211595944882e-20
1	1	124	7.170226439338682e-20
1	1	125	4.556128908517976e-20
1	1	126	2.3702269147816003e-20
1	1	127	2.6015623921972245e-21
2	1	0	2.1213023501331918e-05
2	1	1	3.659809179946528e-19
2	1	2	3.387354691605799e-20
2	1	3	2.965729464667262e-21
2	1	4	2.0684150029416046e-21
2	1	5	1.862186113093777e-21
2	1	6	1.8360487405448786e-21
2	1	7	4.991853748075938e-22
2	1	8	4.4793067103645835e-22
2	1	9	1.6891198249852863e-22
2	1	10	9.466428050315665e-23
2	1	11	5.853760017676795e-23
2	1	12	4.642085128931063e-23
2	1	13	2.651908971916044e-23
2	1	14	3.2829117102541844e-24
2	1	15	5.427376339948337e-25
2	1	16	2.2567255655303597e-05
2	1	17	2.5867038938723637e-19
2	1	18	5.275431194365381e-21
2	1	19	2.217674453428935e-21
2	1	20	9.928671510693866e-22
2	1	21	9.161147462801782e-22
2	1	22	9.003251083496662e-22
2	1	23	8.861606501016543e-22
2	1	24	5.047312815414638e-22
2	1	25	4.480006461541951e-22
2	1	26	3.9640242816871566e-22
2	1	27	2.4873435625181853e-22
2	1	28	2.17942780092763e-22
2	1	29	1.4859881418908758e-22
2	1	30	1.0708841062005514e-22
2	1	31	8.109043925944008e-23
2	1	32	2.4801151084830053e-05
2	1	33	5.251139500869984e-19
2	1	34	3.640881510385467e-21
2	1	35	3.4037488620469745e-21
2	1	36	2.062071602008767e-21
2	1	37	1.7749524857992444e-21
2	1	38	5.969359694727882e-22
2	1	39	5.391038065827923e-22
2	1	40	4.6062772178301435e-22
2	1	41	4.473569861426327e-22
2	1	42	4.424818005048178e-22
2	1	43	4.335422015349126e-22
2	1	44	3.346732166762811e-22
2	1	45	2.0589763137650714e-22
2	1	46	1.6324286200215042e-22
2	1	47	1.2868905041391482e-22
2	1	48	0.511135995388031
2	1	49	1.2109381007898898e-15
2	1	50	1.6543126530604862e-16
2	1	51	3.7613887686256296e-17
2	1	52	2.5803568336346677e-17
2	1	53	2.1229363773685616e-17
2	1	54	9.636697149634625e-18
2	1	55	8.012586746710247e-18
2	1	56	4.805644321379417e-18
2	1	57	7.608924262145594e-20
2	1	58	5.581948544122517e-20
2	1	59	3.1128276634662274e-20
2	1	60	2.2257607901514944e-20
2	1	61	1.801575140333486e-20
2	1	62	1.207069044202331e-20
2	1	63	1.0192593824886566e-20
2	1	64	0.2359255850315094
2	1	65	6.722512561267539e-15
2	1	66	7.930644415433396e-17
2	1	67	3.812233575645794e-17
2	1	68	2.6480112741908898e-17
2	1	69	1.4080498343087927e-17
2	1	70	1.2177955637255749e-17
2	1	71	3.1321305563703088e-18
2	1	72	1.5032346034095812e-18
2	1	73	8.238424217934934e-19
2	1	74	3.648294567325848e-19
2	1	75	1.87478172314368e-19
2	1	76	1.1067281100229133e-19
2	1	77	8.516465794325575e-21
2	1	78	6.046021020792417e-21
2	1	79	1.7223404868872474e-21
2	1	80	1.7300524632446468e-05
2	1	81	2.2440758613831255e-19
2	1	82	5.848686342013452e-21
2	1	83	2.3224632524687367e-21
2	1	84	8.170257891358476e-22
2	1	85	8.045059985901384e-22
2	1	86	7.019797788442553e-22
2	1	87	5.3135156318210235e-22
2	1	88	5.270504158477988e-22
2	1	89	3.0287220148113026e-22
2	1	90	2.409629025103646e-22
2	1	91	2.3666150274057133e-22
2	1	92	2.2831073479387205e-22
2	1	93	2.1434032370677e-22
2	1	94	1.465282625721614e-22
2	1	95	3.8301525665872336e-23
2	1	96	0.0512598417699337
2	1	97	4.485309447463458e-16
2	1	98	1.994127812381804e-17
2	1	99	1.5097598176717058e-18
2	1	100	1.96076766480645e-19
2	1	101	1.2957591717656819e-19
2	1	102	1.0854349300921499e-19
2	1	103	1.0068496699723152e-19
2	1	104	8.56670118378426e-20
2	1	105	6.590947332723822e-20
2	1	106	6.069138537870644e-20
2	1	107	3.616462718650247e-20
2	1	108	2.845879354571746e-20
2	1	109	1.3230829022587404e-20
2	1	110	4.0376814234762184e-21
2	1	111	5.61367619651566e-23
2	1	112	0.20159193873405457
2	1	113	4.804421698803227e-15
2	1	114	2.192381597776512e-16
2	1	115	4.686890653726124e-19
2	1	116	3.1360541842083775e-19
2	1	117	2.717825204153031e-19
2	1	118	1.8669167864819491e-19
2	1	119	1.3408098836177633e-19
2	1	120	8.24942765878645e-20
2	1	121	6.82483265092319e-20
2	1	122	6.12739984109308e-20
2	1	123	5.116522447772485e-20
2	1	124	4.268377007217786e-20
2	1	125	3.265010478482658e-20
2	1	126	2.0228399765190254e-20
2	1	127	3.678189860171666e-21
3	1	0	2.989664972119499e-05
3	1	1	2.438988306528117e-19
3	1	2	6.287928940801913e-21
3	1	3	3.3603770117988846e-21
3	1	4	2.5453341034344006e-21
3	1	5	1.8955453620795674e-21
3	1	6	1.7556936774212856e-21
3	1	7	1.2259235720948724e-21
3	1	8	1.2197655597856489e-21
3	1	9	1.1493906852074817e-21
3	1	10	5.336201504406752e-22
3	1	11	3.615582021713884e-22
3	1	12	2.4687516887039365e-22
3	1	13	2.176933738289683e-22
3	1	14	1.155875349040339e-22
3	1	15	4.3930127110714777e-23
3	1	16	3.8026515539968386e-05
3	1	17	3.9281553594527384e-19
3	1	18	5.83188787089202e-21
3	1	19	5.037821140028823e-21
3	1	20	2.959534899699134e-21
3	1	21	2.1742822063932797e-21
3	1	22	1.7627681315322097e-21
3	1	23	1.3642440840470074e-21
3	1	24	1.3075018366272139e-21
3	1	25	1.1676192538649964e-21
3	1	26	8.906737927601833e-22
3	1	27	6.772295393110975e-22
3	1	28	6.629563318541354e-22
3	1	29	3.1876995753186826e-22
3	1	30	2.3608635372090555e-22
3	1	31	2.1085586829042363e-22
3	1	32	2.9499475203920156e-05
3	1	33	3.0720619410576267e-19
3	1	34	4.228956842709519e-21
3	1	35	3.541524113341421e-21
3	1	36	3.216002894856054e-21
3	1	37	2.8182901750346533e-21
3	1	38	1.7720238302222805e-21
3	1	39	1.1033098992326373e-21
3	1	40	9.126165962385172e-22
3	1	41	8.1279375863861585e-22
3	1	42	4.94519508677814e-22
3	1	43	3.1803577415370993e-22
3	1	44	3.0230995191498665e-22
3	1	45	5.088462703239097e-23
3	1	46	4.129223935252813e-23
3	1	47	2.7485248690551685e-23
3	1	48	0.47988542914390564
3	1	49	4.436520561459847e-15
3	1	50	4.73322010925703e-16
3	1	51	5.694909553834041e-17
3	1	52	3.81989161375681e-17
3	1	53	2.7063055043715843e-17
3	1	54	2.6702592893822385e-17
3	1	55	3.2792760611761417e-18
3	1	56	1.6254985153898191e-18
3	1	57	4.102459116623854e-19
3	1	58	1.7384695960253008e-19
3	1	59	1.5462665551273328e-19
3	1	60	1.475895069243179e-19
3	1	61	6.899222683620703e-20
3	1	62	6.058595862469714e-20
3	1	63	2.4129517627722445e-20
3	1	64	0.2364126592874527
3	1	65	5.230459789514353e-15
3	1	66	4.578988975324068e-17
3	1	67	3.321833593793321e-17
3	1	68	2.932834043639029e-17
3	1	69	1.3272616681406374e-17
3	1	70	7.98720884551712e-18
3	1	71	2.7170891685042238e-18
3	1	72	1.6010504686027784e-18
3	1	73	1.0317939734280994e-18
3	1	74	4.764661140942594e-19
3	1	75	4.1012209306444385e-19
3	1	76	1.1171063832770982e-19
3	1	77	4.169237148981318e-20
3	1	78	2.5047227665323147e-20
3	1	79	1.1992454019477425e-20
3	1	80	2.098611366818659e-05
3	1	81	1.6760440846535137e-19
3	1	82	2.0975301853060157e-20
3	1	83	2.8460146599942096e-21
3	1	84	1.847272022415639e-21
3	1	85	1.2690107760848095e-21
3	1	86	1.1360085750290573e-21
3	1	87	5.4457352828587965e-22
3	1	88	4.585347286510564e-22
3	1	89	3.26530051676287e-22
3	1	90	3.2442284642626065e-22
3	1	91	2.5536697252517196e-22
3	1	92	1.4593521587627797e-22
3	1	93	8.911144441509525e-23
3	1	94	8.808121731642558e-23
3	1	95	6.844621063909768e-23
3	1	96	0.06785028427839279
3	1	97	7.92525583005098e-17
3	1	98	2.4891891224221358e-17
3	1	99	1.8159271763256784e-18
3	1	100	1.4229153659306822e-18
3	1	101	3.1602786854348757e-19
3	1	102	2.051786225014781e-19
3	1	103	1.819886011038569e-19
3	1	104	1.448270726452117e-19
3	1	105	7.068107761544743e-20
3	1	106	5.0938231254238666e-20
3	1	107	4.990418763388776e-20
3	1	108	2.8415760766819097e-20
3	1	109	2.6602225434933404e-20
3	1	110	4.954272666986699e-21
3	1	111	4.537449166958483e-21
3	1	112	0.21573276817798615
3	1	113	5.350235753970268e-15
3	1	114	1.1123306808259417e-16
3	1	115	2.3463970691801694e-18
3	1	116	6.606433058519609e-19
3	1	117	3.7728131668607526e-19
3	1	118	3.5828754376184435e-19
3	1	119	1.728837465533033e-19
3	1	120	1.4115800964065618e-19
3	1	121	7.443719491712562e-20
3	1	122	7.240892866809999e-20
3	1	123	5.72984326776817e-20
3	1	124	2.3874796082257264e-20
3	1	125	1.77056313750485e-20
3	1	126	7.190042908005582e-21
3	1	127	1.0213181453682152e-21
4	1	0	2.2977827029535547e-05
4	1	1	2.4062518583045064e-19
4	1	2	3.887454438244078e-21
4	1	3	3.623061180401848e-21
4	1	4	2.0648845411572658e-21
4	1	5	1.4316413305632146e-21
4	1	6	1.0065768215392077e-21
4	1	7	8.94303310230669e-22
4	1	8	5.377145026218405e-22
4	1	9	4.839287291699726e-22
4	1	10	2.4852940387775487e-22
4	1	11	1.2397196512328078e-22
4	1	12	1.2362867810087756e-22
4	1	13	4.7152680706527786e-23
4	1	14	4.020844544295033e-23
4	1	15	3.7777475900203155e-23
4	1	16	2.4046301405178383e-05
4	1	17	3.1061857262648533e-19
4	1	18	5.33167866822542e-21
4	1	19	3.532011536297061e-21
4	1	20	1.3452688112110467e-21
4	1	21	1.3219119650937733e-21
4	1	22	1.3141265516697406e-21
4	1	23	5.55421943454479e-22
4	1	24	3.9196536956677335e-22
4	1	25	3.4141369863437082e-22
4	1	26	2.5695905791497625e-22
4	1	27	2.4170051901118245e-22
4	1	28	2.0928494961642823e-22
4	1	29	1.0518896608891503e-22
4	1	30	9.314381106177195e-23
4	1	31	8.427507073381731e-23
4	1	32	2.2935289962333627e-05
4	1	33	3.1936249208663025e-19
4	1	34	6.114563112741379e-21
4	1	35	4.27018904974716e-21
4	1	36	2.6319657225731665e-21
4	1	37	1.12689575482614e-21
4	1	38	7.859982362810479e-22
4	1	39	4.498016219117019e-22
4	1	40	4.451174289653719e-22
4	1	41	3.7825741565828197e-22
4	1	42	2.75225921036274e-22
4	1	43	1.962368873214851e-22
4	1	44	1.832761172188701e-22
4	1	45	1.7325808859354258e-22
4	1	46	1.3386970823778019e-22
4	1	47	2.2243023428477443e-23
4	1	48	0.49801740050315857
4	1	49	4.0383083500989715e-15
4	1	50	8.14970764967255e-17
4	1	51	8.017242284633818e-17
4	1	52	4.3171217913632557e-17
4	1	53	1.2449553773942635e-17
4	1	54	1.1544453574867725e-17
4	1	55	5.951570711173628e-18
4	1	56	1.167497399013216e-18
4	1	57	1.9915562319344686e-19
4	1	58	1.155486529723793e-19
4	1	59	5.668103282329036e-20
4	1	60	4.0401071467784015e-20
4	1	61	2.004764949223748e-20
4	1	62	1.2368163654225558e-20
4	1	63	9.788270930306844e-22
4	1	64	0.24928073585033417
4	1	65	3.1460497726919223e-15
4	1	66	4.6499395651851915e-17
4	1	67	3.761017529966716e-17
4	1	68	3.456854285180352e-17
4	1	69	1.0002741941482204e-17
4	1	70	4.841944315380694e-18
4	1	71	2.9745559584014072e-18
4	1	72	2.258607770384457e-18
4	1	73	6.8692169653942835e-19
4	1	74	5.363296403138166e-19
4	1	75	2.1066131777314734e-19
4	1	76	1.4480706521414558e-19
4	1	77	3.409624267776802e-20
4	1	78	1.93736039217576e-20
4	1	79	2.6479432734821894e-21
4	1	80	1.723278546705842e-05
4	1	81	1.6951699221324175e-19
4	1	82	3.0961709601157943e-21
4	1	83	8.944145837945159e-22
4	1	84	8.816892097860188e-22
4	1	85	7.986743853690591e-22
4	1	86	6.905090597065197e-22
4	1	87	4.0044515729224334e-22
4	1	88	3.091424970961593e-22
4	1	89	2.9932836061583883e-22
4	1	90	2.8815400074297664e-22
4	1	91	2.2093843204868546e-22
4	1	92	2.1607243506269466e-22
4	1	93	2.1024352290135487e-22
4	1	94	1.8116268943402334e-22
4	1	95	1.3289646845090368e-22
4	1	96	0.0481344573199749
4	1	97	2.8842345356735783e-16
4	1	98	6.3382892280707444e-18
4	1	99	4.277198746278996e-18
4	1	100	1.5429723083378404e-19
4	1	101	1.51932877224469e-19
4	1	102	1.1516603024028524e-19
4	1	103	5.9901738086448e-20
4	1	104	5.655278751660197e-20
4	1	105	4.5505157125799795e-20
4	1	106	4.0134043995119973e-20
4	1	107	2.9737375665828625e-20
4	1	108	1.6852296022384883e-20
4	1	109	7.489369198650406e-21
4	1	110	2.8333024126311754e-21
4	1	111	1.5451142133702769e-21
4	1	112	0.20447851717472076
4	1	113	3.789999794578426e-15
4	1	114	1.7792367778906947e-16
4	1	115	2.6377966689606562e-18
4	1	116	3.1396643105942886e-19
4	1	117	3.0439926009464054e-19
4	1	118	2.0714137992339865e-19
4	1	119	1.376386921763669e-19
4	1	120	1.2246092313769332e-19
4	1	121	9.15932633259478e-20
4	1	122	4.799067653898252e-20
4	1	123	1.8418572205776844e-20
4	1	124	7.403424002095152e-21
4	1	125	5.3650191360107784e-21
4	1	126	4.662786416805873e-21
4	1	127	3.5041224633982394e-21
5	1	0	5.243969280854799e-05
5	1	1	7.150159554666028e-19
5	1	2	1.2025418620916084e-19
5	1	3	9.632309014646168e-21
5	1	4	5.644856599059455e-21
5	1	5	2.5489120230907975e-21
5	1	6	2.274244640818969e-21
5	1	7	1.825055679840698e-21
5	1	8	1.6831276627927765e-21
5	1	9	1.277549255061628e-21
5	1	10	1.1354402922547105e-21
5	1	11	7.411433275311425e-22
5	1	12	6.984361399273556e-22
5	1	13	7.392596034201216e-23
5	1	14	8.509904068248609e-24
5	1	15	3.5723712032200985e-24
5	1	16	7.193272904260084e-05
5	1	17	1.1000031833416455e-18
5	1	18	1.8940054652028976e-20
5	1	19	9.23100201734864e-21
5	1	20	8.290308637181182e-21
5	1	21	6.744402180270123e-21
5	1	22	2.8737447995087345e-21
5	1	23	2.7623147256582836e-21
5	1	24	1.805391359092132e-21
5	1	25	1.1370503258078304e-21
5	1	26	1.111366024475793e-21
5	1	27	1.0776598281529992e-21
5	1	28	7.104361153127349e-22
5	1	29	3.254164325136046e-22
5	1	30	2.1915457141737832e-22
5	1	31	1.6092305558272337e-22
5	1	32	4.885907401330769e-05
5	1	33	4.601344151763773e-19
5	1	34	1.0042467006056727e-20
5	1	35	9.501429493135959e-21
5	1	36	2.535668651457496e-21
5	1	37	1.9462697493740026e-21
5	1	38	1.6579983156412311e-21
5	1	39	1.2282530467935538e-21
5	1	40	1.1036360458852919e-21
5	1	41	9.116417913516047e-22
5	1	42	8.514680368594232e-22
5	1	43	5.772799790953814e-22
5	1	44	3.586209637877757e-22
5	1	45	3.019636356667074e-22
5	1	46	2.83399807435361e-22
5	1	47	1.5859886940755053e-22
5	1	48	0.4225819408893585
5	1	49	3.9202870143932936e-15
5	1	50	3.677192105481776e-16
5	1	51	1.029442948283392e-16
5	1	52	3.95185669996107e-17
5	1	53	1.9452674116511543e-17
5	1	54	1.3414167136548898e-17
5	1	55	4.493727333685165e-18
5	1	56	3.1107859878439904e-18
5	1	57	9.456815765291853e-19
5	1	58	8.250211024675931e-19
5	1	59	4.437551016744851e-19
5	1	60	2.4165709364461055e-19
5	1	61	9.460833665870359e-20
5	1	62	3.4715377672741156e-20
5	1	63	3.372300004457334e-20
5	1	64	0.33822593092918396
5	1	65	3.320170524010726e-15
5	1	66	1.5409409988396424e-16
5	1	67	4.079237551210561e-17
5	1	68	3.1774038883746223e-17
5	1	69	2.2178287174432973e-17
5	1	70	1.2403477332281594e-17
5	1	71	1.1136374773012652e-17
5	1	72	3.1489853953268424e-18
5	1	73	2.319778397068213e-18
5	1	74	7.610055948621143e-19
5	1	75	6.737172056260912e-19
5	1	76	3.258555497024418e-19
5	1	77	6.536189268642518e-20
5	1	78	5.975566316014997e-20
5	1	79	1.7693827491551496e-21
5	1	80	2.448617306072265e-05
5	1	81	2.3697434664876543e-19
5	1	82	1.0794293403510735e-20
5	1	83	2.2771100865493193e-21
5	1	84	2.0594882781816726e-21
5	1	85	1.885545685514339e-21
5	1	86	1.8439673389332616e-21
5	1	87	1.0115223357044448e-21
5	1	88	6.915983693315468e-22
5	1	89	6.07100233977282e-22
5	1	90	4.301006475300358e-22
5	1	91	3.1627970666981554e-22
5	1	92	1.8036032323010494e-22
5	1	93	1.534019294946014e-22
5	1	94	5.04250808452199e-23
5	1	95	2.166866800288232e-23
5	1	96	0.07066822797060013
5	1	97	2.9831039270462444e-16
5	1	98	1.617480550314766e-17
5	1	99	1.1627018194119399e-18
5	1	100	1.1328289153726233e-18
5	1	101	8.333728866185996e-19
5	1	102	4.828196883792792e-19
5	1	103	2.3183861486997096e-19
5	1	104	1.3513203765229859e-19
5	1	105	1.006427420119001e-19
5	1	106	5.984358987432494e-20
5	1	107	3.246370803484085e-20
5	1	108	1.787966565228568e-20
5	1	109	9.411051933278871e-21
5	1	110	8.359429109324078e-21
5	1	111	1.3970383824069146e-21
5	1	112	0.16832533478736877
5	1	113	4.632966877806787e-16
5	1	114	9.826941411332431e-17
5	1	115	1.3434262662350261e-17
5	1	116	1.1698531060001905e-18
5	1	117	3.088908508208035e-19
5	1	118	2.936446455111382e-19
5	1	119	2.294266079025546e-19
5	1	120	2.1599130774892106e-19
5	1	121	1.3228152156265257e-19
5	1	122	9.973771594888759e-20
5	1	123	8.406129271016378e-20
5	1	124	6.66163767088472e-20
5	1	125	2.8093279881371324e-20
5	1	126	1.825006485212471e-20
5	1	127	6.417927967324151e-21
6	1	0	1.158972463599639e-05
6	1	1	2.025188878652992e-19
6	1	2	2.0518925952716764e-21
6	1	3	1.6978948360159262e-21
6	1	4	1.2423776202341977e-21
6	1	5	9.664421030364593e-22
6	1	6	4.716059392804024e-22
6	1	7	1.9633061661879983e-22
6	1	8	1.7057213711812263e-22
6	1	9	1.5767114373946165e-22
6	1	10	1.3635785126349416e-22
6	1	11	1.1987704496226368e-22
6	1	12	8.291106711981776e-23
6	1	13	5.729966284630996e-23
6	1	14	2.2231955709977192e-23
6	1	15	1.1357678525461072e-23
6	1	16	2.58023774222238e-05
6	1	17	2.0867918623031715e-19
6	1	18	6.147145466264159e-21
6	1	19	3.4980498752587205e-21
6	1	20	3.19262797435772e-21
6	1	21	1.426808200677979e-21
6	1	22	1.0522562350854756e-21
6	1	23	1.031969105496794e-21
6	1	24	9.932265182324818e-22
6	1	25	8.216218820962825e-22
6	1	26	5.192211291356613e-22
6	1	27	4.848367396263182e-22
6	1	28	4.1517875659526687e-22
6	1	29	3.6475019845117675e-22
6	1	30	2.7560389269495797e-22
6	1	31	1.3645674286657267e-22
6	1	32	3.911029489245266e-05
6	1	33	3.0485046126939408e-19
6	1	34	8.398082839296026e-21
6	1	35	5.4401572663306404e-21
6	1	36	4.450558044136335e-21
6	1	37	3.839394759978607e-21
6	1	38	1.6278974029819147e-21
6	1	39	7.096266051844588e-22
6	1	40	5.207519484321225e-22
6	1	41	4.906505309018267e-22
6	1	42	3.5631090137824995e-22
6	1	43	2.808914569486989e-22
6	1	44	1.8545515298748226e-22
6	1	45	1.6974873041614018e-22
6	1	46	5.326292275477473e-23
6	1	47	5.734260291196386e-24
6	1	48	0.35646873712539673
6	1	49	3.875094418525488e-15
6	1	50	1.3278024953687368e-16
6	1	51	5.751533706357991e-17
6	1	52	2.4103131496760193e-17
6	1	53	1.1847252137079499e-17
6	1	54	6.047553854322138e-18
6	1	55	1.1763814221896122e-18
6	1	56	2.4837245605004573e-19
6	1	57	1.7657902084351909e-19
6	1	58	8.149025380763558e-20
6	1	59	7.17853249591145e-20
6	1	60	1.4025614689725183e-20
6	1	61	1.1707920044630522e-20
6	1	62	5.086603793536711e-21
6	1	63	1.4214243575284776e-21
6	1	64	0.343689888715744
6	1	65	2.6113646716606183e-15
6	1	66	9.198996182863416e-17
6	1	67	6.370219144177843e-17
6	1	68	5.969920637728321e-17
6	1	69	1.3075329969409414e-17
6	1	70	1.1639922625265532e-17
6	1	71	5.705336000019149e-18
6	1	72	4.7017847644381776e-18
6	1	73	1.9518110306819082e-18
6	1	74	1.2649897331893285e-18
6	1	75	7.595769505466587e-19
6	1	76	2.5479186874194593e-19
6	1	77	5.608826097916808e-20
6	1	78	3.48791852834208e-20
6	1	79	1.0242574436254235e-20
6	1	80	4.715767136076465e-05
6	1	81	3.3644041131461178e-19
6	1	82	9.744619785432982e-21
6	1	83	4.853402272591762e-21
6	1	84	4.69678604414186e-21
6	1	85	2.608116829199427e-21
6	1	86	1.6575207076947741e-21
6	1	87	1.4457496471583238e-21
6	1	88	1.3204942873837825e-21
6	1	89	1.2906591388079914e-21
6	1	90	1.1658629087020633e-21
6	1	91	1.0909852918075415e-21
6	1	92	1.0517397520736093e-21
6	1	93	8.774612182566218e-22
6	1	94	6.637342875462027e-22
6	1	95	4.468831142414228e-22
6	1	96	0.09055627882480621
6	1	97	3.4342889965932523e-16
6	1	98	1.264578583065859e-17
6	1	99	1.199055786948186e-18
6	1	100	1.1143237476964698e-18
6	1	101	6.2166691727998025e-19
6	1	102	3.220589716365824e-19
6	1	103	3.100890477874807e-19
6	1	104	1.310461790165929e-19
6	1	105	7.834632124508052e-20
6	1	106	7.54022238862909e-20
6	1	107	6.378517011662547e-20
6	1	108	4.100219266621425e-20
6	1	109	2.1093818094028252e-20
6	1	110	1.111775495034878e-20
6	1	111	2.2231425595448884e-22
6	1	112	0.2091602236032486
6	1	113	1.3183531016882862e-15
6	1	114	1.059611019316589e-16
6	1	115	1.2454225690042335e-18
6	1	116	3.607093993484289e-19
6	1	117	3.0137392455241027e-19
6	1	118	1.7073683804751312e-19
6	1	119	1.4152314525761299e-19
6	1	120	9.816314534115022e-20
6	1	121	5.031834985800967e-20
6	1	122	2.822578710691893e-20
6	1	123	2.576349660554731e-20
6	1	124	1.9940426205335294e-20
6	1	125	4.6553987407393655e-21
6	1	126	2.7204463811866725e-21
6	1	127	2.3435216229654602e-21
7	1	0	2.0472334654186852e-05
7	1	1	1.9160212003234232e-19
7	1	2	2.836832389739374e-20
7	1	3	3.041477883026952e-21
7	1	4	1.8731256574741476e-21
7	1	5	1.7962689463406073e-21
7	1	6	1.3242652697026797e-21
7	1	7	5.839765877653664e-22
7	1	8	5.764218498917948e-22
7	1	9	5.352344753971195e-22
7	1	10	3.1212270000011393e-22
7	1	11	2.239992628480409e-22
7	1	12	7.460672837055617e-23
7	1	13	6.628037724659529e-23
7	1	14	5.319156555273205e-23
7	1	15	1.461874273294516e-23
7	1	16	2.8105350793339312e-05
7	1	17	3.2183278943783744e-19
7	1	18	9.609649597299757e-21
7	1	19	5.145902707595889e-21
7	1	20	2.5039112571149604e-21
7	1	21	1.7301453883310827e-21
7	1	22	1.4612596875404765e-21
7	1	23	1.2075325359562056e-21
7	1	24	5.646429070211712e-22
7	1	25	5.10851176091747e-22
7	1	26	2.998799069172204e-22
7	1	27	2.3998741604763e-22
7	1	28	1.9499698730509492e-22
7	1	29	9.755370129413845e-23
7	1	30	8.725915483342563e-23
7	1	31	6.00668101969825e-23
7	1	32	2.8392625608830713e-05
7	1	33	4.493240951484984e-19
7	1	34	9.369717136458228e-21
7	1	35	5.515849946934211e-21
7	1	36	3.113042738503427e-21
7	1	37	2.1724610357965993e-21
7	1	38	1.554208757243742e-21
7	1	39	7.538973277241682e-22
7	1	40	6.040959487276128e-22
7	1	41	4.1255610331888185e-22
7	1	42	2.7642572167513e-22
7	1	43	2.7392948809197206e-22
7	1	44	2.6982660359125585e-22
7	1	45	2.4172629267467783e-22
7	1	46	6.761523718331235e-23
7	1	47	5.85749732510137e-23
7	1	48	0.4714464247226715
7	1	49	5.885256491806922e-15
7	1	50	9.127965852791242e-17
7	1	51	8.300910971691323e-17
7	1	52	2.6770496150306863e-17
7	1	53	1.4054458697404758e-17
7	1	54	1.0800293771674194e-17
7	1	55	4.427918498511671e-18
7	1	56	3.841372584366138e-18
7	1	57	8.69570103428767e-19
7	1	58	4.071926846238756e-19
7	1	59	2.278724647785382e-19
7	1	60	1.3669296624227736e-19
7	1	61	1.1621446874199913e-19
7	1	62	5.516035820233965e-20
7	1	63	5.242004454227072e-20
7	1	64	0.2734566032886505
7	1	65	1.7030233738049333e-15
7	1	66	7.361230487108633e-17
7	1	67	2.8967825346937627e-17
7	1	68	2.823023832089144e-17
7	1	69	1.2160734564083007e-17
7	1	70	1.0257536731205688e-17
7	1	71	7.767058861389194e-18
7	1	72	5.761148771080246e-18
7	1	73	5.352739510570458e-18
7	1	74	7.1098262279979425e-19
7	1	75	5.036385836263201e-19
7	1	76	4.829802648156911e-19
7	1	77	9.525939888661671e-20
7	1	78	2.9769299667594344e-20
7	1	79	2.384751043115295e-20
7	1	80	1.222476566908881e-05
7	1	81	1.6826732910282727e-19
7	1	82	5.082617332283831e-21
7	1	83	2.5418097001018138e-21
7	1	84	1.017703572078718e-21
7	1	85	5.868575835218804e-22
7	1	86	5.234881976788593e-22
7	1	87	3.9531604679536874e-22
7	1	88	3.1231601509810377e-22
7	1	89	2.7478138213896385e-22
7	1	90	1.6590507191976684e-22
7	1	91	1.4273795631652997e-22
7	1	92	1.1111473143675422e-22
7	1	93	7.969551229795587e-23
7	1	94	5.184637469360022e-23
7	1	95	1.5473584555924537e-24
7	1	96	0.05554190278053284
7	1	97	5.893967590394722e-17
7	1	98	2.0122920368889786e-17
7	1	99	2.355707193769607e-18
7	1	100	3.7531487572548943e-19
7	1	101	1.5935081323799433e-19
7	1	102	1.0779843592185199e-19
7	1	103	1.0055782028979417e-19
7	1	104	6.63412809940365e-20
7	1	105	6.495835779447002e-20
7	1	106	3.839377877093058e-20
7	1	107	3.3905706793545257e-20
7	1	108	1.336159545299824e-20
7	1	109	7.647128051100753e-21
7	1	110	7.127864613777023e-21
7	1	111	1.8375308397918334e-21
7	1	112	0.19946396350860596
7	1	113	2.4005435179845025e-16
7	1	114	4.3741039476563186e-17
7	1	115	1.2652547204985598e-17
7	1	116	6.480467926888503e-19
7	1	117	1.9879688530154027e-19
7	1	118	1.7660664092116011e-19
7	1	119	1.516232273320386e-19
7	1	120	1.1826800923614738e-19
7	1	121	8.523369198148699e-20
7	1	122	2.812837366509374e-20
7	1	123	2.5791052059702984e-20
7	1	124	1.679118482345826e-20
7	1	125	6.5092239884668565e-21
7	1	126	3.3029338015113734e-21
7	1	127	1.3706086895609774e-21
0	2	0	1.55076922965236e-05
0	2	1	3.0023061814432594e-10
0	2	2	5.418759380197729e-19
0	2	3	7.246645811035077e-21
0	2	4	3.501422009503938e-21
0	2	5	9.71226159462503e-22
0	2	6	9.52527959820005e-22
0	2	7	7.940021073778416e-22
0	2	8	7.471076208455927e-22
0	2	9	5.870345408001396e-22
0	2	10	5.207666906647192e-22
0	2	11	3.635568096737584e-22
0	2	12	3.444956077971138e-22
0	2	13	2.0371653825865416e-22
0	2	14	1.8670180565322113e-22
0	2	15	5.359367635511579e-23
0	2	16	2.338858939765487e-05
0	2	17	1.754322381808393e-10
0	2	18	3.7434123244572623e-19
0	2	19	1.1635962601480511e-20
0	2	20	4.150842800889027e-21
0	2	21	2.79951462915812e-21
0	2	22	1.444279866763265e-21
0	2	23	1.2924536522169627e-21
0	2	24	8.589894027612604e-22
0	2	25	8.142094168646893e-22
0	2	26	6.101468779021179e-22
0	2	27	5.194499871505967e-22
0	2	28	3.478820046474976e-22
0	2	29	2.821247305334852e-22
0	2	30	2.0898250665625374e-22
0	2	31	1.2662670295040294e-22
0	2	32	1.952541970240418e-05
0	2	33	4.0916597887630246e-10
0	2	34	2.530725996881486e-19
0	2	35	6.71151367298547e-21
0	2	36	4.435998372885695e-21
0	2	37	2.156936051233458e-21
0	2	38	9.36701466308001e-22
0	2	39	6.303595895084445e-22
0	2	40	4.7243731032208395e-22
0	2	41	4.309007670580961e-22
0	2	42	3.6898593975010666e-22
0	2	43	3.5964845196138246e-22
0	2	44	2.027345137167371e-22
0	2	45	9.903420388662103e-23
0	2	46	6.748269592946074e-23
0	2	47	1.360358918845245e-23
0	2	48	0.4797077178955078
0	2	49	3.685618921167588e-08
0	2	50	2.7147770183667645e-15
0	2	51	1.3930000771567784e-16
0	2	52	7.31345849062798e-17
0	2	53	4.3095984182559634e-17
0	2	54	3.0341752492053504e-17
0	2	55	1.557105464585133e-17
0	2	56	7.780047251367502e-18
0	2	57	1.9938640658434916e-18
0	2	58	1.029670290602946e-18
0	2	59	8.971373449081686e-19
0	2	60	6.99813616578797e-19
0	2	61	5.104916199049571e-19
0	2	62	4.222764781901449e-19
0	2	63	1.9059763842536738e-19
0	2	64	0.2625896632671356
0	2	65	6.848041067541999e-08
0	2	66	4.563010532572173e-15
0	2	67	9.489134084055575e-17
0	2	68	7.004420505055719e-17
0	2	69	3.16753926326156e-17
0	2	70	1.2206514047904142e-17
0	2	71	7.66388627794668e-18
0	2	72	3.8359673726534105e-18
0	2	73	1.991562849379369e-18
0	2	74	1.6496392645792964e-18
0	2	75	1.1144169089129586e-18
0	2	76	1.0824172201211916e-18
0	2	77	9.334669106163444e-19
0	2	78	1.619014634308928e-19
0	2	79	8.75528026887045e-20
0	2	80	1.069884547177935e-05
0	2	81	3.180598007190838e-10
0	2	82	1.707112729967064e-19
0	2	83	5.3572316021286325e-21
0	2	84	1.5455943456716306e-21
0	2	85	1.0842835334535673e-21
0	2	86	9.548082600852985e-22
0	2	87	5.395480930446128e-22
0	2	88	4.645536490054714e-22
0	2	89	2.9447859523183386e-22
0	2	90	1.1356739465439497e-22
0	2	91	1.0670821752906207e-22
0	2	92	9.690797762244798e-23
0	2	93	9.58255026883037e-23
0	2	94	9.070394001257026e-23
0	2	95	6.139818021305487e-23
0	2	96	0.0577704943716526
0	2	97	2.9588331784680122e-08
0	2	98	1.0182363053445236e-15
0	2	99	4.43494084832194e-18
0	2	100	2.1423123801140956e-18
0	2	101	1.1186554857692569e-18
0	2	102	4.761596953760968e-19
0	2	103	4.1562741948068466e-19
0	2	104	1.2583062430868707e-19
0	2	105	7.850320121813003e-20
0	2	106	7.426891536125936e-20
0	2	107	6.901104519514261e-20
0	2	108	4.7895550768538923e-20
0	2	109	3.743044939943015e-20
0	2	110	3.0933682395559174e-20
0	2	111	1.0649145824227553e-20
0	2	112	0.1998623013496399
0	2	113	3.9266407014793003e-08
0	2	114	9.86311633562509e-16
0	2	115	1.2591638422324746e-16
0	2	116	5.689793379706854e-19
0	2	117	4.0645628708355025e-19
0	2	118	3.486058341316116e-19
0	2	119	3.2604057966571227e-19
0	2	120	1.8931421600620307e-19
0	2	121	1.6894318736207138e-19
0	2	122	1.243797753636632e-19
0	2	123	9.234027850491708e-20
0	2	124	5.541144629234071e-20
0	2	125	1.6328223789957122e-20
0	2	126	1.6062517867568604e-20
0	2	127	1.3996989716886874e-20
1	2	0	9.385289558849763e-06
1	2	1	5.027763760878656e-10
1	2	2	1.220900101811457e-19
1	2	3	2.7254841857669332e-21
1	2	4	2.1744057988090225e-21
1	2	5	1.1772541106605527e-21
1	2	6	7.220175021691422e-22
1	2	7	4.74058703472239e-22
1	2	8	3.397395464668746e-22
1	2	9	3.0693330790830596e-22
1	2	10	2.538145699943439e-22
1	2	11	2.193772195192679e-22
1	2	12	1.5611412163917263e-22
1	2	13	1.4800623449886004e-22
1	2	14	9.142024464717266e-23
1	2	15	3.4024915061164736e-23
1	2	16	2.8550161005114205e-05
1	2	17	3.2799027382957036e-10
1	2	18	5.462167750792981e-19
1	2	19	6.234726040895695e-21
1	2	20	5.439255768709928e-21
1	2	21	3.396107538800446e-21
1	2	22	2.600936352182841e-21
1	2	23	1.402312567579703e-21
1	2	24	1.1586955583309404e-21
1	2	25	1.1091173291338061e-21
1	2	26	9.001909136433572e-22
1	2	27	6.005568536495271e-22
1	2	28	4.1214670344173387e-22
1	2	29	3.714622309295806e-22
1	2	30	2.5384902743868396e-22
1	2	31	1.7435866946318349e-22
1	2	32	2.693811802600976e-05
1	2	33	6.555358478266271e-10
1	2	34	2.4560840618380565e-19
1	2	35	1.5257409406438817e-20
1	2	36	5.2202572781558134e-21
1	2	37	2.420598861742777e-21
1	2	38	2.3055991481199902e-21
1	2	39	2.0985568101502477e-21
1	2	40	9.376246733808247e-22
1	2	41	6.311641014140251e-22
1	2	42	6.176863686721134e-22
1	2	43	5.409080135145669e-22
1	2	44	4.328255876668354e-22
1	2	45	3.645635476501142e-22
1	2	46	2.69143412182011e-22
1	2	47	1.3110978054211223e-22
1	2	48	0.3825010359287262
1	2	49	7.999387463542007e-08
1	2	50	2.2898436703770947e-15
1	2	51	1.8227650069567051e-16
1	2	52	8.008302116573344e-17
1	2	53	2.1893151399841044e-17
1	2	54	2.0916042646901555e-17
1	2	55	9.46767106326554e-18
1	2	56	4.402008306594366e-18
1	2	57	1.1391984128844347e-18
1	2	58	8.953612847354407e-19
1	2	59	7.884297340955443e-19
1	2	60	3.492395837277979e-19
1	2	61	1.6658875992010697e-19
1	2	62	2.4021714345039192e-20
1	2	63	1.244963852118133e-20
1	2	64	0.32257431745529175
1	2	65	1.230136064123144e-07
1	2	66	5.925933978549389e-15
1	2	67	1.332359135578271e-16
1	2	68	4.485593004977441e-17
1	2	69	4.046735639709882e-17
1	2	70	3.725785591572367e-17
1	2	71	1.541420631246025e-17
1	2	72	7.844004856330102e-18
1	2	73	5.346983987868314e-18
1	2	74	2.1137184006993625e-18
1	2	75	1.286083976182773e-18
1	2	76	7.594525115632577e-19
1	2	77	4.1597956577708497e-19
1	2	78	5.999895765781713e-20
1	2	79	5.303186415870159e-20
1	2	80	3.860213837469928e-05
1	2	81	6.249888384601832e-10
1	2	82	4.059165517338594e-19
1	2	83	1.768546076968185e-20
1	2	84	8.318917454148153e-21
1	2	85	5.810516884284888e-21
1	2	86	4.583605683580228e-21
1	2	87	4.421774743758904e-21
1	2	88	3.2554502820075268e-21
1	2	89	2.5273724095765657e-21
1	2	90	1.5808487793396728e-21
1	2	91	1.3416157667529237e-21
1	2	92	6.185657024568324e-22
1	2	93	5.17425101113752e-22
1	2	94	2.6393685447690543e-22
1	2	95	1.0832829801467084e-22
1	2	96	0.08210353553295135
1	2	97	8.50656221018653e-08
1	2	98	6.041825661667432e-16
1	2	99	4.969993942155434e-17
1	2	100	9.456772338309694e-19
1	2	101	6.111476097313551e-19
1	2	102	5.442731074349516e-19
1	2	103	3.2682828825341003e-19
1	2	104	1.8513695391281028e-19
1	2	105	1.8447426591988167e-19
1	2	106	1.3281657817200367e-19
1	2	107	9.860313434119454e-20
1	2	108	3.285842505221923e-20
1	2	109	3.114179586779869e-20
1	2	110	2.9103496822671583e-20
1	2	111	2.3633757752022585e-21
1	2	112	0.21271595358848572
1	2	113	8.894264880154878e-08
1	2	114	2.191956731344125e-15
1	2	115	3.0347814071582293e-16
1	2	116	1.91631092033297e-18
1	2	117	3.8980602023225864e-19
1	2	118	2.7321036339954035e-19
1	2	119	2.029011745552694e-19
1	2	120	1.705443117599414e-19
1	2	121	1.401216169566126e-19
1	2	122	8.34976078968001e-20
1	2	123	5.3589364504516727e-20
1	2	124	3.670369691429416e-20
1	2	125	2.3914271338286796e-20
1	2	126	8.205544434820804e-21
1	2	127	6.257614871615119e-21
2	2	0	1.7385647879564203e-05
2	2	1	3.4029037920824123e-10
2	2	2	3.2103985927252294e-19
2	2	3	6.313008103778112e-21
2	2	4	2.039547086188036e-21
2	2	5	1.860236705268344e-21
2	2	6	1.751340477889012e-21
2	2	7	1.7511611477171498e-21
2	2	8	1.0894127196810888e-21
2	2	9	6.641837236920124e-22
2	2	10	6.513722691815376e-22
2	2	11	4.917632665402952e-22
2	2	12	4.723072050707077e-22
2	2	13	3.2512815118440065e-22
2	2	14	2.1313706470170555e-22
2	2	15	1.7374469586520635e-22
2	2	16	2.0879280782537535e-05
2	2	17	2.377873176140355e-10
2	2	18	3.5403074308267576e-19
2	2	19	8.882076393899746e-21
2	2	20	4.120925358343603e-21
2	2	21	2.7416210739570363e-21
2	2	22	2.649149511226032e-21
2	2	23	9.706137509645618e-22
2	2	24	7.3351260657518e-22
2	2	25	5.972237459310128e-22
2	2	26	5.146671929020014e-22
2	2	27	4.0721017597992906e-22
2	2	28	3.24287641977993e-22
2	2	29	1.0966353029373516e-22
2	2	30	7.295615998868242e-23
2	2	31	4.9785295718423935e-23
2	2	32	2.342346851946786e-05
2	2	33	6.134199259655304e-10
2	2	34	4.348682867635216e-19
2	2	35	5.391677535410357e-21
2	2	36	4.191876290709199e-21
2	2	37	1.5949963748969747e-21
2	2	38	1.3254730220594603e-21
2	2	39	9.330397380690333e-22
2	2	40	8.6581737886007e-22
2	2	41	8.488119106371079e-22
2	2	42	4.923172614659266e-22
2	2	43	4.321131642278867e-22
2	2	44	4.1675721046862894e-22
2	2	45	4.002135729740194e-22
2	2	46	3.335260235934725e-22
2	2	47	5.544405373795116e-23
2	2	48	0.519483745098114
2	2	49	4.759525751296678e-08
2	2	50	2.468849260702714e-15
2	2	51	4.333409176147772e-16
2	2	52	7.561450546993828e-17
2	2	53	3.277920229434106e-17
2	2	54	1.2729673525300043e-17
2	2	55	1.061597228859839e-17
2	2	56	5.2234747554758776e-18
2	2	57	4.959382042076991e-18
2	2	58	2.119956893481661e-19
2	2	59	2.0122705146834157e-19
2	2	60	5.027859025864457e-20
2	2	61	4.8570630314784495e-20
2	2	62	2.4842506926064808e-20
2	2	63	2.3097154217990786e-20
2	2	64	0.23048554360866547
2	2	65	5.840759698116926e-08
2	2	66	1.1898254869422212e-15
2	2	67	3.685105179919254e-17
2	2	68	2.016111791521626e-17
2	2	69	1.4719473859589214e-17
2	2	70	1.3121303013493886e-17
2	2	71	9.316325962489775e-18
2	2	72	6.451435955339423e-18
2	2	73	4.2886845626746014e-18
2	2	74	3.7286874238792644e-18
2	2	75	3.70433321039296e-19
2	2	76	1.299069186685601e-19
2	2	77	1.0731967929294278e-19
2	2	78	4.056836228432433e-21
2	2	79	1.0453818108565666e-21
2	2	80	1.6145213521667756e-05
2	2	81	4.5687384431225553e-10
2	2	82	2.0589037264448876e-19
2	2	83	6.7601497119609576e-21
2	2	84	2.9487203613732485e-21
2	2	85	1.5857077586190508e-21
2	2	86	1.4336402157446233e-21
2	2	87	4.510883865767494e-22
2	2	88	4.236784362373229e-22
2	2	89	4.02519924581847e-22
2	2	90	3.8124418188496804e-22
2	2	91	2.46404199977315e-22
2	2	92	1.4719449031650037e-22
2	2	93	1.4693122534432278e-22
2	2	94	1.4604054458434308e-22
2	2	95	9.298383007019312e-23
2	2	96	0.051259834319353104
2	2	97	4.3724583065340994e-08
2	2	98	1.179351236335152e-16
2	2	99	1.495103810898976e-17
2	2	100	4.68031570522967e-18
2	2	101	2.3157218516454646e-19
2	2	102	1.617948346800559e-19
2	2	103	1.2329682792076937e-19
2	2	104	1.1593003493355453e-19
2	2	105	7.881213378987298e-20
2	2	106	6.989793144581578e-20
2	2	107	4.826116783046163e-20
2	2	108	3.240172441886193e-20
2	2	109	2.5123661092627607e-20
2	2	110	1.109356880316084e-20
2	2	111	9.497301668008863e-21
2	2	112	0.19869330525398254
2	2	113	4.384573060178809e-08
2	2	114	4.125340138396404e-15
2	2	115	1.3919693439390883e-16
2	2	116	1.082476880522872e-18
2	2	117	2.320131241298255e-19
2	2	118	2.164806238553374e-19
2	2	119	2.0034367427292322e-19
2	2	120	1.2773043845587117e-19
2	2	121	1.2152598932565819e-19
2	2	122	1.1690984329382066e-19
2	2	123	8.280511555242544e-20
2	2	124	7.052771316000127e-20
2	2	125	1.872938370535651e-20
2	2	126	6.291479193528642e-21
2	2	127	4.403341702354756e-21
3	2	0	2.3710514142294414e-05
3	2	1	6.014573838974968e-10
3	2	2	3.6160854467427405e-19
3	2	3	1.142827725983148e-20
3	2	4	2.3859832918119934e-21
3	2	5	2.01633473414505e-21
3	2	6	1.8392340725277397e-21
3	2	7	1.6531434763038838e-21
3	2	8	1.6178922738101094e-21
3	2	9	1.5018161752593667e-21
3	2	10	1.0059743085124616e-21
3	2	11	6.371817091038938e-22
3	2	12	5.199055827223545e-22
3	2	13	5.088625902783169e-22
3	2	14	1.1039086004834894e-22
3	2	15	5.608927253866229e-23
3	2	16	3.564421058399603e-05
3	2	17	2.9402574819314964e-10
3	2	18	5.254972966021284e-19
3	2	19	1.0674731069873443e-20
3	2	20	4.636753249627111e-21
3	2	21	3.183029771195264e-21
3	2	22	3.166555427242569e-21
3	2	23	2.5908249981569823e-21
3	2	24	2.049912693239091e-21
3	2	25	1.8970127190939253e-21
3	2	26	1.3113575362964445e-21
3	2	27	1.2002332123110828e-21
3	2	28	9.385065820075384e-22
3	2	29	5.253021991076331e-22
3	2	30	4.23910626400722e-22
3	2	31	2.8362508086634315e-22
3	2	32	2.907423368014861e-05
3	2	33	6.610788028105219e-10
3	2	34	7.535530077357413e-19
3	2	35	8.409511502681182e-21
3	2	36	5.408311216644132e-21
3	2	37	4.964329696895181e-21
3	2	38	3.755095442816007e-21
3	2	39	2.3069154477373293e-21
3	2	40	9.954612791354388e-22
3	2	41	6.135233035506597e-22
3	2	42	3.7105803122351983e-22
3	2	43	2.9702140316283602e-22
3	2	44	1.5176681647558274e-22
3	2	45	1.1879740361649096e-22
3	2	46	7.826687888771338e-23
3	2	47	1.1205388138847251e-23
3	2	48	0.4915770888328552
3	2	49	8.722746969169748e-08
3	2	50	5.150143701939227e-15
3	2	51	1.641126997049697e-16
3	2	52	1.0924722580753606e-16
3	2	53	5.783329205615549e-17
3	2	54	2.3228171277664877e-17
3	2	55	1.3575081062650676e-17
3	2	56	1.2586263568140499e-17
3	2	57	4.613097767882692e-18
3	2	58	5.598174338072598e-19
3	2	59	4.803667359715415e-19
3	2	60	3.1411333316633945e-19
3	2	61	1.348749137287653e-19
3	2	62	1.1568371605677272e-19
3	2	63	9.460430415321739e-20
3	2	64	0.2283891886472702
3	2	65	1.0099397940166455e-07
3	2	66	2.7969925773261087e-15
3	2	67	1.293597452074036e-16
3	2	68	3.653421846352758e-17
3	2	69	2.92294989706351e-17
3	2	70	1.558703742964708e-17
3	2	71	1.2149075453349073e-17
3	2	72	2.2821809702761464e-18
3	2	73	1.8726169656312345e-18
3	2	74	1.6518114408678606e-18
3	2	75	1.1760920123727952e-18
3	2	76	6.581581450991219e-19
3	2	77	2.227927744862442e-19
3	2	78	7.231937344209405e-20
3	2	79	4.706919410542418e-20
3	2	80	1.9382392565603368e-05
3	2	81	6.068543445536534e-10
3	2	82	1.82138320794729e-19
3	2	83	8.98812838012986e-21
3	2	84	5.447165683317467e-21
3	2	85	1.5777701770818445e-21
3	2	86	1.092751229519082e-21
3	2	87	1.0257989762840664e-21
3	2	88	8.564028477598983e-22
3	2	89	7.785047897443683e-22
3	2	90	6.156186190891226e-22
3	2	91	5.56929185276205e-22
3	2	92	2.649592686971698e-22
3	2	93	1.7391984822971438e-22
3	2	94	1.271167685882752e-22
3	2	95	4.7940847414152203e-23
3	2	96	0.0673510730266571
3	2	97	7.656650069520765e-08
3	2	98	1.998190956637889e-16
3	2	99	2.2313084527054614e-17
3	2	100	1.978763883761336e-18
3	2	101	3.16348245934487e-19
3	2	102	2.8400969743490883e-19
3	2	103	2.8130502362701357e-19
3	2	104	2.22036059322123e-19
3	2	105	1.2568168009963924e-19
3	2	106	7.669192770823179e-20
3	2	107	5.950235848460121e-20
3	2	108	5.766093165643599e-20
3	2	109	3.8758197067199937e-20
3	2	110	2.2249946787326025e-20
3	2	111	1.7138628145711808e-20
3	2	112	0.21257348358631134
3	2	113	9.029178471564592e-08
3	2	114	1.392115907108743e-15
3	2	115	1.493530711897247e-16
3	2	116	4.164065667490425e-18
3	2	117	2.1710873052878246e-18
3	2	118	9.20173704582311e-19
3	2	119	3.5634454820174557e-19
3	2	120	2.899684480737994e-19
3	2	121	1.5108196686809335e-19
3	2	122	1.0161887975819803e-19
3	2	123	6.765486965616485e-20
3	2	124	4.9755395290030515e-20
3	2	125	1.0965654691834891e-20
3	2	126	1.0940462033862537e-20
3	2	127	3.207795914164271e-21
4	2	0	1.8152912161895074e-05
4	2	1	5.773795885843924e-10
4	2	2	2.0752535974868518e-19
4	2	3	5.561231385628472e-21
4	2	4	4.7343500605919976e-21
4	2	5	3.43774364262156e-21
4	2	6	1.3213823554364442e-21
4	2	7	1.1564255574336254e-21
4	2	8	5.3292600333117865e-22
4	2	9	4.86558753562656e-22
4	2	10	3.375655972733793e-22
4	2	11	2.0344191368944138e-22
4	2	12	1.783730753247701e-22
4	2	13	1.5909003313980286e-22
4	2	14	1.3084303196017718e-22
4	2	15	1.0807600136451943e-22
4	2	16	2.1806206859764643e-05
4	2	17	2.4529844822041014e-10
4	2	18	1.2899394391684885e-19
4	2	19	7.764325972967593e-21
4	2	20	2.2512166676576386e-21
4	2	21	1.6997883041368484e-21
4	2	22	1.4842241479326057e-21
4	2	23	6.3703736649090005e-22
4	2	24	5.10631910625419e-22
4	2	25	4.89043375113289e-22
4	2	26	4.264975348117697e-22
4	2	27	3.6071882892468426e-22
4	2	28	2.9365636235487837e-22
4	2	29	2.9083355297873344e-22
4	2	30	1.5826032817235312e-22
4	2	31	1.5765399074793853e-22
4	2	32	2.2348860511556268e-05
4	2	33	6.872910018884681e-10
4	2	34	3.618270754523529e-19
4	2	35	4.099641613441702e-21
4	2	36	2.9715169016776488e-21
4	2	37	2.1552305970652426e-21
4	2	38	2.1016849907382473e-21
4	2	39	1.269310164575559e-21
4	2	40	1.2574519569611788e-21
4	2	41	1.2450539412956867e-21
4	2	42	8.397216076798692e-22
4	2	43	3.9956443511233115e-22
4	2	44	3.605253876089496e-22
4	2	45	3.3626242430150313e-22
4	2	46	2.889700489504352e-22
4	2	47	2.4443091175455893e-22
4	2	48	0.5100069642066956
4	2	49	7.766534082520593e-08
4	2	50	2.9522113649104592e-15
4	2	51	1.0428314289803793e-16
4	2	52	9.554118716466721e-17
4	2	53	5.846642933189338e-17
4	2	54	2.1764066556529694e-17
4	2	55	2.0167295300030805e-17
4	2	56	5.206093622854607e-18
4	2	57	1.3765450683570315e-18
4	2	58	8.052283247704243e-19
4	2	59	4.286084682310559e-19
4	2	60	1.4370334778305842e-19
4	2	61	4.711516402173196e-20
4	2	62	4.4237086015581735e-20
4	2	63	1.0046805665304796e-20
4	2	64	0.24015069007873535
4	2	65	1.0396187377637034e-07
4	2	66	2.6457743263516402e-15
4	2	67	3.404236002926874e-17
4	2	68	3.237593520210921e-17
4	2	69	2.4645550220358166e-17
4	2	70	9.518934754547901e-18
4	2	71	6.47317384824701e-18
4	2	72	5.321598642049674e-18
4	2	73	4.377742963325123e-18
4	2	74	7.660914114608201e-19
4	2	75	3.605235422045459e-19
4	2	76	2.3675483359370917e-19
4	2	77	1.780646501483614e-19
4	2	78	5.412513843455527e-20
4	2	79	3.9648131930794756e-21
4	2	80	1.5282721506082453e-05
4	2	81	5.496795241199948e-10
4	2	82	1.5326235033929777e-19
4	2	83	4.947288079910098e-21
4	2	84	2.445348848840445e-21
4	2	85	1.896286108780457e-21
4	2	86	1.7889030807004073e-21
4	2	87	1.436915515736003e-21
4	2	88	8.675203086733887e-22
4	2	89	6.975108123964186e-22
4	2	90	5.651637824105578e-22
4	2	91	3.7865194708508835e-22
4	2	92	3.061096109055104e-22
4	2	93	1.5409216385400807e-22
4	2	94	1.147966040277976e-22
4	2	95	7.727951533518979e-23
4	2	96	0.04842996224761009
4	2	97	6.984213030136743e-08
4	2	98	6.443604622890077e-17
4	2	99	1.1216728752077278e-17
4	2	100	4.10818382684818e-18
4	2	101	2.1519506886115635e-19
4	2	102	2.1476754573143714e-19
4	2	103	1.8330302987129487e-19
4	2	104	6.508381782893958e-20
4	2	105	6.41170440256697e-20
4	2	106	2.6617544432136974e-20
4	2	107	2.473963603090133e-20
4	2	108	1.5330692438832187e-20
4	2	109	1.4957356101583742e-20
4	2	110	1.2133565054306576e-20
4	2	111	7.850974757719656e-21
4	2	112	0.20133377611637115
4	2	113	8.477921653593512e-08
4	2	114	1.3246412625304653e-15
4	2	115	8.718792690985762e-17
4	2	116	2.1594244722411332e-18
4	2	117	3.1318272912782315e-19
4	2	118	3.0551957283676705e-19
4	2	119	2.8700357426446794e-19
4	2	120	2.638827129208744e-19
4	2	121	1.7686547090470679e-19
4	2	122	3.2159263564155857e-20
4	2	123	1.7309382781067188e-20
4	2	124	1.0314516531326474e-20
4	2	125	5.478130430222436e-21
4	2	126	5.261044390938067e-21
4	2	127	1.91719786474478e-21
5	2	0	4.254819214111194e-05
5	2	1	7.622181774635806e-10
5	2	2	4.455415016048699e-19
5	2	3	2.98068168320176e-20
5	2	4	9.636612130977291e-21
5	2	5	8.276534141277614e-21
5	2	6	6.709330610870798e-21
5	2	7	1.5553788462254637e-21
5	2	8	1.5035795886160105e-21
5	2	9	1.116654245061807e-21
5	2	10	1.080186101559428e-21
5	2	11	9.601936178477378e-22
5	2	12	2.954462814379376e-22
5	2	13	2.265146815284138e-22
5	2	14	8.677156937423938e-23
5	2	15	4.429245092448279e-23
5	2	16	6.758434028597549e-05
5	2	17	3.9043254740356304e-10
5	2	18	5.698617328891264e-19
5	2	19	1.5238376174414428e-20
5	2	20	1.1756630804510952e-20
5	2	21	1.0439833586334691e-20
5	2	22	6.015950905262841e-21
5	2	23	3.598310385510613e-21
5	2	24	2.9681587018714612e-21
5	2	25	2.6449110183802647e-21
5	2	26	2.400823469378756e-21
5	2	27	1.760083227664072e-21
5	2	28	1.2662202532077935e-21
5	2	29	5.036930143724481e-22
5	2	30	4.423450814436122e-22
5	2	31	2.522906674302997e-22
5	2	32	4.685961903305724e-05
5	2	33	9.17234010966439e-10
5	2	34	5.965365498851599e-19
5	2	35	2.5222357310637108e-20
5	2	36	5.342239357422892e-21
5	2	37	4.16514115092076e-21
5	2	38	3.8135372879006555e-21
5	2	39	2.7652264175703416e-21
5	2	40	2.494135339367776e-21
5	2	41	1.2592315261891615e-21
5	2	42	1.1840824906561458e-21
5	2	43	1.0270328809575769e-21
5	2	44	3.16052413754916e-22
5	2	45	2.6522884455658916e-22
5	2	46	1.6981322768375105e-22
5	2	47	1.4337183445286764e-22
5	2	48	0.4365336298942566
5	2	49	1.0651654491766749e-07
5	2	50	2.2915248190191577e-15
5	2	51	8.528347920707473e-17
5	2	52	7.09615417324336e-17
5	2	53	4.861951911882943e-17
5	2	54	4.555248560871551e-17
5	2	55	2.4040409699632747e-17
5	2	56	6.957810697335704e-18
5	2	57	4.3364314955826936e-18
5	2	58	9.527842662564484e-19
5	2	59	7.067655009406341e-19
5	2	60	1.8527615290026647e-19
5	2	61	1.4838777498952278e-19
5	2	62	1.3872436673034275e-19
5	2	63	6.588344298733694e-20
5	2	64	0.32522499561309814
5	2	65	1.438046126622794e-07
5	2	66	6.169491949785258e-15
5	2	67	9.996684828728723e-17
5	2	68	6.242769140629142e-17
5	2	69	3.780828505637361e-17
5	2	70	2.2256740292449952e-17
5	2	71	1.536371686223124e-17
5	2	72	9.761933948736379e-18
5	2	73	7.954612139118243e-18
5	2	74	7.590408651314207e-18
5	2	75	1.942831985132645e-18
5	2	76	9.648872627865946e-19
5	2	77	8.055336578140329e-19
5	2	78	1.0316398205661319e-19
5	2	79	1.5871397140803373e-20
5	2	80	2.2251402697293088e-05
5	2	81	7.458052508901858e-10
5	2	82	2.261808028776848e-19
5	2	83	1.4076117943530667e-20
5	2	84	3.508525746131664e-21
5	2	85	2.843413160811859e-21
5	2	86	2.2858841383250984e-21
5	2	87	1.0488439131103026e-21
5	2	88	9.5618241791687e-22
5	2	89	5.036795848043976e-22
5	2	90	4.193543677605572e-22
5	2	91	4.02296064789607e-22
5	2	92	2.489201487722162e-22
5	2	93	2.18992305884618e-22
5	2	94	8.022782932591177e-23
5	2	95	7.434808296783955e-23
5	2	96	0.0703144297003746
5	2	97	9.64971178518681e-08
5	2	98	9.514326167395898e-16
5	2	99	1.5111306007033133e-17
5	2	100	2.714759414308968e-18
5	2	101	2.956213486811985e-19
5	2	102	2.88941167301191e-19
5	2	103	1.7020117397739968e-19
5	2	104	1.415064336243e-19
5	2	105	1.1277843802563628e-19
5	2	106	7.965810044961891e-20
5	2	107	6.049519493951505e-20
5	2	108	4.8593054664202925e-20
5	2	109	4.0599588352448206e-20
5	2	110	1.5480693241865582e-20
5	2	111	1.087354279918957e-20
5	2	112	0.16774700582027435
5	2	113	9.262679867561019e-08
5	2	114	7.964923971157676e-16
5	2	115	4.0122835671970486e-17
5	2	116	1.0366494202262091e-18
5	2	117	6.152205953687779e-19
5	2	118	5.411553603086627e-19
5	2	119	4.397918208658021e-19
5	2	120	3.3301645226531337e-19
5	2	121	2.8229820904874833e-19
5	2	122	2.515555245953322e-19
5	2	123	1.2808347655636939e-19
5	2	124	1.2048451723566564e-19
5	2	125	1.0318785397210359e-19
5	2	126	5.290896321425211e-20
5	2	127	3.5179907441349305e-20
6	2	0	9.077461982087698e-06
6	2	1	6.954650744184221e-10
6	2	2	1.1903082485728612e-19
6	2	3	4.825006713126465e-21
6	2	4	2.618994577371926e-21
6	2	5	2.1540261768569256e-21
6	2	6	5.508883535212866e-22
6	2	7	3.466744542391087e-22
6	2	8	2.28385910082696e-22
6	2	9	2.0107824660368404e-22
6	2	10	1.388877218756507e-22
6	2	11	1.2729213552294946e-22
6	2	12	7.608479496056343e-23
6	2	13	7.03591478471607e-23
6	2	14	6.774439580160238e-23
6	2	15	4.1108261212212487e-23
6	2	16	2.45833089138614e-05
6	2	17	3.555949146250015e-10
6	2	18	1.2042673091506057e-19
6	2	19	8.448910826115422e-21
6	2	20	3.874021639019328e-21
6	2	21	3.416746664435924e-21
6	2	22	1.5435354818178762e-21
6	2	23	9.78388158201245e-22
6	2	24	8.682919534782141e-22
6	2	25	7.386469929737887e-22
6	2	26	6.537846941821249e-22
6	2	27	4.476341098231932e-22
6	2	28	3.9409516779312525e-22
6	2	29	3.249104760616576e-22
6	2	30	2.14318866690148e-22
6	2	31	1.723864793348075e-22
6	2	32	3.936136999982409e-05
6	2	33	6.873923652506164e-10
6	2	34	3.444669583885201e-19
6	2	35	1.2602639469522365e-20
6	2	36	9.121726126992843e-21
6	2	37	7.282596663732023e-21
6	2	38	3.246550214435304e-21
6	2	39	2.3471314504677516e-21
6	2	40	1.900781883877297e-21
6	2	41	1.0851443384733444e-21
6	2	42	1.0565864125010913e-21
6	2	43	9.57830013870853e-22
6	2	44	4.856931522685751e-22
6	2	45	3.071588337747778e-22
6	2	46	2.6627731011938754e-22
6	2	47	2.1458978045766263e-22
6	2	48	0.3704248070716858
6	2	49	8.820077823656902e-08
6	2	50	6.853977580395564e-15
6	2	51	1.5932783705570975e-16
6	2	52	6.340885996167732e-17
6	2	53	5.796403291505317e-17
6	2	54	1.8430280533757226e-17
6	2	55	9.194530234736242e-18
6	2	56	3.2540830348499205e-18
6	2	57	1.1994549015937429e-18
6	2	58	8.794441584008125e-19
6	2	59	8.397323545654839e-19
6	2	60	3.402620115940009e-19
6	2	61	6.147260576847449e-20
6	2	62	4.7490762180967856e-20
6	2	63	2.3128666245037362e-20
6	2	64	0.3326394259929657
6	2	65	1.3214447847076372e-07
6	2	66	4.352416542544599e-15
6	2	67	1.0934251039665727e-16
6	2	68	5.159492748685207e-17
6	2	69	2.138806664601004e-17
6	2	70	1.95483110845737e-17
6	2	71	8.0260855071265e-18
6	2	72	7.240119168593926e-18
6	2	73	4.61538285432487e-18
6	2	74	2.252793931449128e-18
6	2	75	1.7155215120321542e-18
6	2	76	9.758914532705407e-19
6	2	77	8.61151369346932e-19
6	2	78	7.36440062578697e-20
6	2	79	2.2804340359082683e-20
6	2	80	4.334495315561071e-05
6	2	81	6.848838163264759e-10
6	2	82	5.441760171105532e-19
6	2	83	1.3511478318170861e-20
6	2	84	7.963721737032621e-21
6	2	85	6.7117802448625626e-21
6	2	86	5.618091167012256e-21
6	2	87	5.243146512772021e-21
6	2	88	2.5416580368596196e-21
6	2	89	2.390638606138305e-21
6	2	90	1.5378744645007164e-21
6	2	91	1.012505723398006e-21
6	2	92	1.0056491716017657e-21
6	2	93	9.90342998121071e-22
6	2	94	8.701597741533858e-22
6	2	95	4.375302278878287e-22
6	2	96	0.09001107513904572
6	2	97	9.960486835325355e-08
6	2	98	8.756559375474769e-16
6	2	99	2.015223068671499e-17
6	2	100	5.133000531809395e-19
6	2	101	3.4514977013478846e-19
6	2	102	3.3534716288815224e-19
6	2	103	2.060352843480504e-19
6	2	104	1.6068112645813274e-19
6	2	105	8.705994521529068e-20
6	2	106	8.61379748744179e-20
6	2	107	6.34092488399628e-20
6	2	108	4.76701666698381e-20
6	2	109	3.577030760355903e-20
6	2	110	3.1976501885221387e-20
6	2	111	2.4423969691984315e-20
6	2	112	0.20680658519268036
6	2	113	1.0279430995296934e-07
6	2	114	7.488096832017116e-16
6	2	115	4.952960308109497e-17
6	2	116	6.905366826114382e-19
6	2	117	5.548416322300237e-19
6	2	118	2.9820176445145184e-19
6	2	119	1.616142120384867e-19
6	2	120	1.6088714612944673e-19
6	2	121	1.2996184863111246e-19
6	2	122	3.667027041649392e-20
6	2	123	3.334888176315209e-20
6	2	124	3.1178682953239724e-20
6	2	125	2.175735750137643e-20
6	2	126	3.2168862171215097e-21
6	2	127	2.4194130207864997e-21
7	2	0	1.708487434370909e-05
7	2	1	4.273037479407549e-10
7	2	2	4.2431622803251824e-19
7	2	3	2.6420236006648934e-20
7	2	4	3.1882893151096514e-21
7	2	5	1.3955551724438053e-21
7	2	6	1.086661778688853e-21
7	2	7	8.51607785146505e-22
7	2	8	8.407065604734665e-22
7	2	9	6.121959472588731e-22
7	2	10	4.332071186659237e-22
7	2	11	1.7626029125042202e-22
7	2	12	1.0542323884510394e-22
7	2	13	1.0016652220820079e-22
7	2	14	9.554224482534418e-23
7	2	15	3.239835329435867e-23
7	2	16	2.6095622160937637e-05
7	2	17	2.024703044112286e-10
7	2	18	2.1550636019011478e-19
7	2	19	1.0235300255183884e-20
7	2	20	5.215459792161719e-21
7	2	21	4.20673605726996e-21
7	2	22	4.204218972515355e-21
7	2	23	2.2386845582600335e-21
7	2	24	2.1076832618696072e-21
7	2	25	1.3341739685174308e-21
7	2	26	1.0610199874932762e-21
7	2	27	7.191658899036258e-22
7	2	28	3.6549773566673867e-22
7	2	29	9.8655317149287e-23
7	2	30	7.690488844674396e-23
7	2	31	4.558597454976627e-23
7	2	32	2.81385346170282e-05
7	2	33	4.723711977128175e-10
7	2	34	1.1782850491224322e-19
7	2	35	1.0755663907345795e-20
7	2	36	9.300734797015281e-21
7	2	37	3.969522225677989e-21
7	2	38	3.168447481724749e-21
7	2	39	1.6837550154717062e-21
7	2	40	1.2507324271487317e-21
7	2	41	1.0221016041539572e-21
7	2	42	5.265026813223112e-22
7	2	43	3.4673857285348507e-22
7	2	44	2.272946062173005e-22
7	2	45	1.7726687776548403e-22
7	2	46	1.21016791198127e-22
7	2	47	2.6076977357994756e-23
7	2	48	0.4823744297027588
7	2	49	5.271834879749804e-08
7	2	50	3.1208814592136817e-15
7	2	51	1.3766866196393546e-16
7	2	52	7.874126142027853e-17
7	2	53	6.627795907737465e-17
7	2	54	1.998579533002442e-17
7	2	55	1.99328474990149e-17
7	2	56	6.52349910312443e-18
7	2	57	1.6784005412729183e-18
7	2	58	8.817218002174772e-19
7	2	59	8.652236312013188e-19
7	2	60	6.366499499078829e-19
7	2	61	3.6593588835005693e-19
7	2	62	3.1006878186247314e-19
7	2	63	1.083237925460512e-19
7	2	64	0.2642897665500641
7	2	65	8.116682437275813e-08
7	2	66	3.1962047110812176e-15
7	2	67	1.0077509638998014e-16
7	2	68	4.364892464354928e-17
7	2	69	3.0733912203019994e-17
7	2	70	8.61574286114615e-18
7	2	71	7.473365903360404e-18
7	2	72	5.457398951164036e-18
7	2	73	5.361601923653351e-18
7	2	74	4.26316273205489e-18
7	2	75	1.123534817407554e-18
7	2	76	9.363726927106667e-19
7	2	77	2.6677438124599495e-19
7	2	78	2.034221173954188e-19
7	2	79	5.416234863742309e-20
7	2	80	1.1747944881790318e-05
7	2	81	4.4943479493575467e-10
7	2	82	1.7984456188081651e-19
7	2	83	5.244159082008188e-21
7	2	84	3.8425253639473075e-21
7	2	85	1.8051496268672233e-21
7	2	86	1.1363717792115955e-21
7	2	87	1.0536382689043249e-21
7	2	88	6.926078083676421e-22
7	2	89	5.311529469388294e-22
7	2	90	1.2632626685237133e-22
7	2	91	7.81911545516994e-23
7	2	92	7.31848223661134e-23
7	2	93	5.907049780635009e-23
7	2	94	4.757034469051886e-23
7	2	95	9.074006668658576e-24
7	2	96	0.05547327920794487
7	2	97	4.6405752129885514e-08
7	2	98	6.743538989512825e-16
7	2	99	1.7189013306560153e-17
7	2	100	8.043919934723449e-19
7	2	101	7.889903040569138e-19
7	2	102	4.000523840281354e-19
7	2	103	1.7354510330243358e-19
7	2	104	1.432581824418371e-19
7	2	105	1.1238414429208698e-19
7	2	106	7.87794536933286e-20
7	2	107	4.543895359622714e-20
7	2	108	3.6436653285758776e-20
7	2	109	3.6130800023093027e-20
7	2	110	2.7429619304988105e-20
7	2	111	1.6683011571321345e-20
7	2	112	0.19777853786945343
7	2	113	5.829598137552239e-08
7	2	114	8.799093664316735e-16
7	2	115	7.436829501140059e-17
7	2	116	7.743468807692524e-19
7	2	117	5.046364219390005e-19
7	2	118	4.714550539434132e-19
7	2	119	2.4480772120024846e-19
7	2	120	2.0972624178944443e-19
7	2	121	1.0974157365361855e-19
7	2	122	9.973117605216959e-20
7	2	123	4.5036572233485576e-20
7	2	124	4.336922491899729e-20
7	2	125	1.6389842283243787e-20
7	2	126	7.715274324201911e-21
7	2	127	3.896137310320988e-22
0	3	0	1.2872165825683624e-05
0	3	1	2.3073001287343686e-09
0	3	2	1.541854867980391e-16
0	3	3	1.3733668077990554e-19
0	3	4	5.841580585901809e-21
0	3	5	2.7952694720154255e-21
0	3	6	2.4096629524334577e-21
0	3	7	1.5008772162119875e-21
0	3	8	1.08687422839696e-21
0	3	9	9.693290562705296e-22
0	3	10	5.638953950491583e-22
0	3	11	5.504559820145786e-22
0	3	12	4.8578140371576395e-22
0	3	13	3.870462853973048e-22
0	3	14	2.2397755339592924e-22
0	3	15	7.593559927528079e-23
0	3	16	2.2427782823797315e-05
0	3	17	1.1776077890601755e-09
0	3	18	7.401602856701631e-17
0	3	19	2.0660877900649106e-19
0	3	20	9.068997401910422e-21
0	3	21	5.373479965830974e-21
0	3	22	2.7956802350442177e-21
0	3	23	1.964559003523234e-21
0	3	24	1.5698482465449979e-21
0	3	25	1.0227966095441187e-21
0	3	26	6.901099087102524e-22
0	3	27	4.805564434634614e-22
0	3	28	4.658181993474279e-22
0	3	29	3.457755819474892e-22
0	3	30	2.513509005893535e-22
0	3	31	1.1992685048437572e-22
0	3	32	1.987006180570461e-05
0	3	33	2.585213598749192e-09
0	3	34	4.023084891635766e-17
0	3	35	6.757097286253666e-19
0	3	36	6.550759925885669e-21
0	3	37	4.777196239176397e-21
0	3	38	1.7581231165738766e-21
0	3	39	7.264596599679758e-22
0	3	40	6.452293020274985e-22
0	3	41	6.336267105899589e-22
0	3	42	5.776548962846404e-22
0	3	43	3.3984897725164684e-22
0	3	44	1.6793961361409149e-22
0	3	45	1.0031343966318915e-22
0	3	46	2.6832955385242535e-23
0	3	47	2.1049667783217116e-23
0	3	48	0.4887048006057739
0	3	49	2.3403980264902202e-07
0	3	50	1.1119019286299093e-14
0	3	51	2.917740935605472e-15
0	3	52	1.2268071836473603e-16
0	3	53	1.0523463883049033e-16
0	3	54	6.011923545744784e-17
0	3	55	3.7130023423859727e-17
0	3	56	1.1384187331185576e-17
0	3	57	1.0848101502357309e-17
0	3	58	3.617542060102658e-18
0	3	59	9.72696881744861e-19
0	3	60	4.340138091907544e-19
0	3	61	4.035268269441937e-19
0	3	62	3.411823275736486e-19
0	3	63	2.9633119889373973e-19
0	3	64	0.25471118092536926
0	3	65	4.514625118190452e-07
0	3	66	7.221774109169958e-15
0	3	67	1.3933174233444231e-15
0	3	68	8.522120243311684e-17
0	3	69	4.570312843315122e-17
0	3	70	3.817735650208252e-17
0	3	71	1.438527965722799e-17
0	3	72	8.925448381472742e-18
0	3	73	3.838958044158096e-18
0	3	74	2.614702199848482e-18
0	3	75	1.5296551657648312e-18
0	3	76	9.785170279323606e-19
0	3	77	5.635967703272263e-19
0	3	78	5.294929925510658e-19
0	3	79	2.046437856119772e-19
0	3	80	1.047005662258016e-05
0	3	81	2.0696304670053678e-09
0	3	82	3.421169382682569e-17
0	3	83	4.728171813053922e-20
0	3	84	5.875718345937744e-21
0	3	85	2.5801469769439107e-21
0	3	86	2.11617398005178e-21
0	3	87	1.4189812868594444e-21
0	3	88	4.867088012177163e-22
0	3	89	3.8423996005863536e-22
0	3	90	2.5498258900505035e-22
0	3	91	2.1483936342630007e-22
0	3	92	1.9744722714203483e-22
0	3	93	1.370706407339029e-22
0	3	94	1.1038837355877568e-22
0	3	95	5.058705923261074e-23
0	3	96	0.05786753073334694
0	3	97	1.8342321084219293e-07
0	3	98	3.866441976969285e-15
0	3	99	2.380896588772939e-16
0	3	100	1.3458313765840853e-17
0	3	101	1.0829664680479268e-18
0	3	102	1.0523465165178982e-18
0	3	103	2.375134099142086e-19
0	3	104	2.13778470363371e-19
0	3	105	1.3990517997945926e-19
0	3	106	1.3149952569106025e-19
0	3	107	1.2871155221054148e-19
0	3	108	1.2331691290001792e-19
0	3	109	9.559690796358395e-20
0	3	110	5.89005328901806e-20
0	3	111	1.2943863993000776e-21
0	3	112	0.19864985346794128
0	3	113	2.4721538238736684e-07
0	3	114	3.027409891176512e-15
0	3	115	4.879681105562363e-16
0	3	116	1.5452215592479308e-16
0	3	117	1.1076466423943652e-18
0	3	118	3.581304052948534e-19
0	3	119	3.150148049376574e-19
0	3	120	2.8361611455969844e-19
0	3	121	2.514249851549137e-19
0	3	122	1.6132829188987891e-19
0	3	123	1.4282092701522333e-19
0	3	124	8.679390325077831e-20
0	3	125	3.766895852800672e-20
0	3	126	1.2152354332673747e-20
0	3	127	6.816927098400913e-21
1	3	0	7.168256615841528e-06
1	3	1	3.901723832910875e-09
1	3	2	7.09959458284709e-16
1	3	3	4.1160962876210415e-20
1	3	4	9.032304186925453e-21
1	3	5	3.429808686413446e-21
1	3	6	1.8362527084205326e-21
1	3	7	1.4401427520101494e-21
1	3	8	6.022989614508427e-22
1	3	9	5.973533967985077e-22
1	3	10	5.081002350995113e-22
1	3	11	2.1598138158157043e-22
1	3	12	1.5996287933243732e-22
1	3	13	1.1047410065106786e-22
1	3	14	5.025325116284466e-23
1	3	15	3.7409977158896894e-23
1	3	16	2.743350705713965e-05
1	3	17	2.033758939035124e-09
1	3	18	4.3555244123071935e-16
1	3	19	2.1352482318334986e-19
1	3	20	9.056499219842629e-21
1	3	21	4.885241456032951e-21
1	3	22	3.766647698616906e-21
1	3	23	2.821206713708113e-21
1	3	24	2.098749872812748e-21
1	3	25	1.8538034373011834e-21
1	3	26	1.1349808596635098e-21
1	3	27	1.0581403044013084e-21
1	3	28	8.742968889065013e-22
1	3	29	5.974717385560654e-22
1	3	30	4.1111260145829775e-22
1	3	31	1.3440955415421551e-22
1	3	32	2.7572001272346824e-05
1	3	33	3.852737240350734e-09
1	3	34	2.254450451615633e-16
1	3	35	2.871052140822354e-19
1	3	36	8.786576615034651e-21
1	3	37	6.041998208829025e-21
1	3	38	4.606049420044265e-21
1	3	39	3.799750271196799e-21
1	3	40	2.220564536863077e-21
1	3	41	8.42384347712014e-22
1	3	42	6.551874277111272e-22
1	3	43	3.2409228215253684e-22
1	3	44	2.7870857153886924e-22
1	3	45	1.989675703656747e-22
1	3	46	1.8204308344779896e-22
1	3	47	4.77101876409092e-23
1	3	48	0.3948199450969696
1	3	49	4.5685141003559693e-07
1	3	50	6.031416007910503e-14
1	3	51	4.2066824063871286e-15
1	3	52	7.181851408192834e-17
1	3	53	6.387315313078089e-17
1	3	54	2.494973596445719e-17
1	3	55	1.9297734915974236e-17
1	3	56	1.5424971240952016e-17
1	3	57	1.4027391693400797e-17
1	3	58	7.423134326687356e-19
1	3	59	2.9507928688603487e-19
1	3	60	6.820165542810801e-20
1	3	61	3.186494236245183e-20
1	3	62	2.3781146958454043e-20
1	3	63	2.375861759587191e-20
1	3	64	0.3125353753566742
1	3	65	7.628159437444992e-07
1	3	66	4.932605905216651e-14
1	3	67	2.776276904293347e-15
1	3	68	1.7113167792706186e-16
1	3	69	8.140942843901938e-17
1	3	70	4.558627759109953e-17
1	3	71	2.6173367700994634e-17
1	3	72	1.3603659325633771e-17
1	3	73	9.227925170426233e-18
1	3	74	2.118545619959069e-18
1	3	75	1.0128423350163204e-18
1	3	76	4.002313135343883e-19
1	3	77	9.931472292549182e-20
1	3	78	9.447755811138925e-20
1	3	79	1.5510323109901173e-20
1	3	80	3.635839675553143e-05
1	3	81	3.920555879943777e-09
1	3	82	1.9292232841411778e-16
1	3	83	2.5211462114123563e-19
1	3	84	8.710065639547764e-21
1	3	85	7.315935919827031e-21
1	3	86	7.238672888529317e-21
1	3	87	3.988391071711505e-21
1	3	88	2.1963567811972217e-21
1	3	89	1.694772511931287e-21
1	3	90	1.0221028158443076e-21
1	3	91	6.792869390390118e-22
1	3	92	4.420506911755582e-22
1	3	93	4.23823233234198e-22
1	3	94	2.0989201910376287e-22
1	3	95	8.039010116955935e-23
1	3	96	0.08189861476421356
1	3	97	4.864691618422512e-07
1	3	98	1.8879542772339518e-14
1	3	99	9.238193426590996e-16
1	3	100	4.89832899911731e-17
1	3	101	8.93290024481608e-19
1	3	102	6.643499538755993e-19
1	3	103	2.898869966328571e-19
1	3	104	2.6851215846599815e-19
1	3	105	1.9793069795322654e-19
1	3	106	6.15254225430557e-20
1	3	107	5.613256037837942e-20
1	3	108	3.0744733017901895e-20
1	3	109	2.9402697097519963e-20
1	3	110	7.89401561455369e-21
1	3	111	5.434096391197842e-21
1	3	112	0.21064332127571106
1	3	113	5.199025849833561e-07
1	3	114	1.0665910869626666e-14
1	3	115	5.895270962342309e-16
1	3	116	9.89041197235036e-17
1	3	117	8.174727174865288e-19
1	3	118	2.386181871704556e-19
1	3	119	1.9536837675887283e-19
1	3	120	1.6995280007378356e-19
1	3	121	1.449558284774344e-19
1	3	122	1.287184022999892e-19
1	3	123	1.1713101071010203e-19
1	3	124	1.0311957279747675e-19
1	3	125	8.069361425426166e-20
1	3	126	6.894362997521954e-20
1	3	127	8.50492323204748e-21
2	3	0	1.4287791600509081e-05
2	3	1	2.4486512817389894e-09
2	3	2	3.3618022992473935e-16
2	3	3	2.3535829422577824e-19
2	3	4	6.083766790795118e-21
2	3	5	4.260114652276989e-21
2	3	6	2.4787791836601266e-21
2	3	7	2.478396289509394e-21
2	3	8	1.3021978640666444e-21
2	3	9	7.184154496799327e-22
2	3	10	6.835962147960828e-22
2	3	11	4.375519373399403e-22
2	3	12	2.3409239103154547e-22
2	3	13	1.995972075857859e-22
2	3	14	1.0259576572328734e-22
2	3	15	7.438674346308262e-23
2	3	16	1.9569972209865227e-05
2	3	17	1.541217042877463e-09
2	3	18	1.8837287474974553e-16
2	3	19	2.0013231670171885e-19
2	3	20	6.372802599190612e-21
2	3	21	5.253844526875874e-21
2	3	22	2.5124193428588225e-21
2	3	23	2.347893805646557e-21
2	3	24	1.2225586070175616e-21
2	3	25	7.729518148167876e-22
2	3	26	7.091476340863576e-22
2	3	27	3.898951713595327e-22
2	3	28	2.1205724665109006e-22
2	3	29	1.777281026486614e-22
2	3	30	1.4633743396374482e-22
2	3	31	6.473327586105033e-23
2	3	32	2.2678952518617734e-05
2	3	33	3.8508383148894154e-09
2	3	34	9.224068358102143e-17
2	3	35	2.1154673707070293e-19
2	3	36	8.089277091143087e-21
2	3	37	4.7532132520705445e-21
2	3	38	3.3635542658460762e-21
2	3	39	2.4389592017258997e-21
2	3	40	8.913556715048819e-22
2	3	41	8.580377209652017e-22
2	3	42	3.8367564052147645e-22
2	3	43	3.1612789196632757e-22
2	3	44	1.4337381607146155e-22
2	3	45	1.0119599831128869e-22
2	3	46	5.579408078792859e-23
2	3	47	1.7781104663967996e-23
2	3	48	0.5269678831100464
2	3	49	2.8201012014505977e-07
2	3	50	3.207373264007239e-14
2	3	51	7.87403267723608e-15
2	3	52	3.2945100314505716e-16
2	3	53	4.9225038488275396e-17
2	3	54	4.285552608721292e-17
2	3	55	3.354514176306311e-17
2	3	56	1.479679539452822e-17
2	3	57	8.880797999187742e-18
2	3	58	5.885086069439679e-18
2	3	59	4.80884602733788e-19
2	3	60	1.4565128057743837e-19
2	3	61	8.736528472124785e-20
2	3	62	5.795040609673834e-20
2	3	63	4.756877888366353e-20
2	3	64	0.22529689967632294
2	3	65	3.660990159914945e-07
2	3	66	2.6669508276593555e-14
2	3	67	7.602874560930402e-16
2	3	68	7.043727466019749e-17
2	3	69	4.5672519441764307e-17
2	3	70	2.1717744442226724e-17
2	3	71	1.372610190862632e-17
2	3	72	7.637951684201305e-18
2	3	73	4.7457097093259685e-18
2	3	74	1.8259395772551734e-18
2	3	75	9.99646322704262e-19
2	3	76	7.688752878123673e-19
2	3	77	3.1141408773121407e-19
2	3	78	2.9559017431186293e-19
2	3	79	1.3103472288822647e-20
2	3	80	1.5516603525611572e-05
2	3	81	2.8592908041247256e-09
2	3	82	9.033568001286691e-17
2	3	83	2.173389917619231e-19
2	3	84	6.2774288361219615e-21
2	3	85	2.829952492709049e-21
2	3	86	1.5953759368992436e-21
2	3	87	9.413153812140066e-22
2	3	88	7.140092386948281e-22
2	3	89	7.108539465352379e-22
2	3	90	7.0654785146533675e-22
2	3	91	6.8073263708835605e-22
2	3	92	5.714211533285157e-22
2	3	93	1.8622879203267613e-22
2	3	94	1.0315929008865378e-22
2	3	95	4.029484937789919e-24
2	3	96	0.051415666937828064
2	3	97	2.5475998199908645e-07
2	3	98	6.108470849232111e-15
2	3	99	1.0306881131856354e-15
2	3	100	2.7165767714737778e-17
2	3	101	2.199274725431488e-19
2	3	102	1.2435963868562637e-19
2	3	103	1.1124726208831527e-19
2	3	104	1.0042074095265764e-19
2	3	105	7.382382756822048e-20
2	3	106	7.133953277008524e-20
2	3	107	4.9778239692103756e-20
2	3	108	4.898127055895452e-20
2	3	109	2.6322507525332635e-20
2	3	110	1.5961424118252406e-20
2	3	111	1.506529832476051e-20
2	3	112	0.1962451934814453
2	3	113	2.656275626122806e-07
2	3	114	4.578576880560339e-15
2	3	115	2.279807600501552e-15
2	3	116	5.154121037787288e-17
2	3	117	4.459767020046494e-19
2	3	118	1.9974277925669173e-19
2	3	119	1.785437169700003e-19
2	3	120	1.2833783459472944e-19
2	3	121	1.1990551665627266e-19
2	3	122	3.061950885915388e-20
2	3	123	2.0035847628224394e-20
2	3	124	6.810253107950803e-21
2	3	125	4.807286145648364e-21
2	3	126	4.321624901225683e-21
2	3	127	4.270893041840754e-21
3	3	0	1.9123055608361028e-05
3	3	1	4.477690662696432e-09
3	3	2	5.791278609825531e-16
3	3	3	9.109278674361054e-20
3	3	4	9.330840455461803e-21
3	3	5	3.6037169478541846e-21
3	3	6	2.9949192871572588e-21
3	3	7	2.081136337982267e-21
3	3	8	2.0787959580704317e-21
3	3	9	9.606946518076363e-22
3	3	10	9.603946574717116e-22
3	3	11	6.7490879888035865e-22
3	3	12	6.6140087485388235e-22
3	3	13	3.03000438709883e-22
3	3	14	1.9893660915286658e-22
3	3	15	1.9693985705134564e-22
3	3	16	3.378705878276378e-05
3	3	17	1.8405839075086305e-09
3	3	18	3.5524220347688494e-16
3	3	19	3.0766274610510366e-19
3	3	20	1.8443744668910026e-20
3	3	21	5.154316281492419e-21
3	3	22	4.6686118201139064e-21
3	3	23	3.75658784143094e-21
3	3	24	2.2751249338585487e-21
3	3	25	2.1446862656875006e-21
3	3	26	1.338826556540454e-21
3	3	27	9.089036740822443e-22
3	3	28	8.200328511759032e-22
3	3	29	5.8917741518485645e-22
3	3	30	5.665659605814828e-22
3	3	31	1.8366565042298098e-22
3	3	32	2.92275108222384e-05
3	3	33	3.975669127243009e-09
3	3	34	1.6443675598174347e-16
3	3	35	1.5991788432199065e-19
3	3	36	1.1728496162367779e-20
3	3	37	5.400526106142687e-21
3	3	38	3.963462158338758e-21
3	3	39	2.2417848699699734e-21
3	3	40	2.1924026316870195e-21
3	3	41	1.1889261218577517e-21
3	3	42	1.1408927978574023e-21
3	3	43	9.534223892470062e-22
3	3	44	7.622357768189716e-22
3	3	45	2.4397705798767993e-22
3	3	46	2.3746922057687074e-22
3	3	47	1.2707582355185061e-22
3	3	48	0.5021008253097534
3	3	49	5.086083092464833e-07
3	3	50	4.841432634026914e-14
3	3	51	4.6762321560822346e-15
3	3	52	1.8952266903608404e-16
3	3	53	8.237985026388699e-17
3	3	54	4.8202950962347724e-17
3	3	55	2.8541344257995086e-17
3	3	56	2.4987591058010068e-17
3	3	57	1.402071469149627e-17
3	3	58	4.0646153451056113e-19
3	3	59	3.5426506784057555e-19
3	3	60	3.207667345740156e-19
3	3	61	2.810718103930619e-19
3	3	62	2.463877912665896e-19
3	3	63	2.4111384277731635e-19
3	3	64	0.2209339141845703
3	3	65	6.281553623921354e-07
3	3	66	3.9556333604690366e-14
3	3	67	4.824706867340546e-15
3	3	68	5.899503744798417e-17
3	3	69	4.678007126858096e-17
3	3	70	2.3782365744463155e-17
3	3	71	1.4616001836764956e-17
3	3	72	9.123195005890281e-18
3	3	73	3.929563272554092e-18
3	3	74	2.3642788528671876e-18
3	3	75	1.7349588088610784e-18
3	3	76	1.4770382070003331e-18
3	3	77	1.2559821240595381e-19
3	3	78	1.1760220639122462e-19
3	3	79	1.1282566486873423e-19
3	3	80	1.8453500160831027e-05
3	3	81	3.788027669315852e-09
3	3	82	1.4280979461174444e-16
3	3	83	2.446330309946349e-19
3	3	84	7.151120990569408e-21
3	3	85	4.084068161264544e-21
3	3	86	3.68022307657967e-21
3	3	87	2.3796798766607195e-21
3	3	88	7.895427839657104e-22
3	3	89	6.869993986065297e-22
3	3	90	6.650653293961384e-22
3	3	91	6.002481755327578e-22
3	3	92	2.5879620767815287e-22
3	3	93	2.562609980553898e-22
3	3	94	1.920068763081707e-22
3	3	95	1.6278477994081944e-22
3	3	96	0.0670640841126442
3	3	97	4.4227655848771974e-07
3	3	98	1.2733525917170939e-14
3	3	99	4.443416786079036e-16
3	3	100	1.3003039346955955e-17
3	3	101	1.1693767947239672e-17
3	3	102	5.234784072208279e-19
3	3	103	2.6075865854241477e-19
3	3	104	1.5943116607968562e-19
3	3	105	1.0373447818533336e-19
3	3	106	8.702015653535717e-20
3	3	107	7.562905231988943e-20
3	3	108	6.455143016953368e-20
3	3	109	4.2559298777034237e-20
3	3	110	4.000907509913911e-20
3	3	111	1.3301288008670729e-20
3	3	112	0.20979851484298706
3	3	113	5.315391149451898e-07
3	3	114	9.35595324087421e-15
3	3	115	3.273178830162952e-16
3	3	116	2.108367046716318e-16
3	3	117	6.261076880972595e-19
3	3	118	5.613644166490988e-19
3	3	119	4.0821686346918694e-19
3	3	120	4.0478039331312367e-19
3	3	121	3.6738689239144565e-19
3	3	122	1.7613743564338648e-19
3	3	123	1.330315805077821e-19
3	3	124	7.980811094617511e-20
3	3	125	6.012762947950887e-20
3	3	126	2.5217807817268066e-20
3	3	127	1.6450367024040806e-20
4	3	0	1.4667302821180783e-05
4	3	1	4.247493023967763e-09
4	3	2	5.200508598620323e-16
4	3	3	1.193408366412345e-19
4	3	4	4.1004114407110016e-21
4	3	5	3.705238827760864e-21
4	3	6	2.762801219333977e-21
4	3	7	1.773667892079408e-21
4	3	8	1.2287485271726795e-21
4	3	9	6.4417200122256165e-22
4	3	10	4.107533857564963e-22
4	3	11	2.659636337799227e-22
4	3	12	2.4570407014671322e-22
4	3	13	2.3264202292564233e-22
4	3	14	1.7550097791926696e-22
4	3	15	1.1303705293414575e-22
4	3	16	2.0070319806109183e-05
4	3	17	1.578265296231507e-09
4	3	18	3.5070141866533225e-16
4	3	19	9.130475177557725e-20
4	3	20	8.503519286828127e-21
4	3	21	2.9858568530780798e-21
4	3	22	2.179012241624534e-21
4	3	23	1.2783631070803264e-21
4	3	24	1.2535768702463415e-21
4	3	25	5.152747546385409e-22
4	3	26	3.992390205225966e-22
4	3	27	2.854171204075156e-22
4	3	28	2.259256233132672e-22
4	3	29	2.150803635882887e-22
4	3	30	1.6660739793912873e-22
4	3	31	1.1062956304738157e-22
4	3	32	2.2286632884060964e-05
4	3	33	4.158501987205909e-09
4	3	34	1.5549636292814373e-16
4	3	35	2.1949534822127226e-19
4	3	36	7.834150033307298e-20
4	3	37	6.941056696865719e-21
4	3	38	3.2660701420837783e-21
4	3	39	3.0867635981835293e-21
4	3	40	2.726183533047517e-21
4	3	41	1.0123672877754706e-21
4	3	42	5.3247782936281725e-22
4	3	43	3.248305802291768e-22
4	3	44	2.50473510557905e-22
4	3	45	2.015935305469744e-22
4	3	46	1.1733289912316626e-22
4	3	47	3.9197491793917015e-23
4	3	48	0.5207765698432922
4	3	49	4.503968682456616e-07
4	3	50	5.209691049867446e-14
4	3	51	2.6923545739452855e-15
4	3	52	8.827543118734843e-17
4	3	53	6.516986131135371e-17
4	3	54	3.881629727699808e-17
4	3	55	2.3806140569629154e-17
4	3	56	1.8948222983029755e-17
4	3	57	7.00464070053478e-18
4	3	58	1.5059788784893024e-18
4	3	59	6.671710016559231e-19
4	3	60	5.364605416457531e-19
4	3	61	2.4685949101089796e-19
4	3	62	1.5300900042730927e-19
4	3	63	4.986604685283082e-20
4	3	64	0.23168732225894928
4	3	65	6.456404548771388e-07
4	3	66	3.170914594265162e-14
4	3	67	1.9055975500087852e-15
4	3	68	4.172723849680079e-17
4	3	69	3.6452033106586763e-17
4	3	70	1.7330949227868127e-17
4	3	71	1.2512685852653907e-17
4	3	72	7.373811407917197e-18
4	3	73	4.970781004508278e-18
4	3	74	1.5802492543413309e-18
4	3	75	3.745112956097883e-19
4	3	76	2.5530836548630287e-19
4	3	77	1.5857539603721123e-19
4	3	78	2.869316030888273e-20
4	3	79	5.241469937223824e-21
4	3	80	1.4017092325957492e-05
4	3	81	3.5313891810773157e-09
4	3	82	1.280838488910426e-16
4	3	83	1.9519814557374883e-19
4	3	84	3.1894890905049584e-21
4	3	85	3.0881487622024505e-21
4	3	86	2.0390040469626562e-21
4	3	87	1.3028034063192665e-21
4	3	88	8.725456934275576e-22
4	3	89	6.7620732703922485e-22
4	3	90	3.680805293793047e-22
4	3	91	3.0174876257789967e-22
4	3	92	2.7666929667911326e-22
4	3	93	2.6593402309698432e-22
4	3	94	2.6401541240129096e-22
4	3	95	2.614844184512054e-22
4	3	96	0.048868827521800995
4	3	97	3.9954559838406567e-07
4	3	98	1.4372280560223834e-14
4	3	99	2.835887747928875e-16
4	3	100	8.711650317268611e-18
4	3	101	2.930523066443678e-18
4	3	102	9.352281073874406e-20
4	3	103	7.750246777330572e-20
4	3	104	6.338019412094687e-20
4	3	105	3.451920662059538e-20
4	3	106	3.051210785766696e-20
4	3	107	2.883667614516068e-20
4	3	108	1.6943119484290925e-20
4	3	109	1.1377493701658266e-20
4	3	110	8.14084663245694e-21
4	3	111	1.2456761442906271e-21
4	3	112	0.19859234988689423
4	3	113	4.985372470400762e-07
4	3	114	1.0342507761134344e-14
4	3	115	5.510418895779358e-16
4	3	116	5.695965036295659e-17
4	3	117	5.952804761249981e-19
4	3	118	2.76243944898502e-19
4	3	119	2.5451975216981013e-19
4	3	120	2.4048862348119697e-19
4	3	121	1.0553541193757469e-19
4	3	122	6.781470938484365e-20
4	3	123	4.7798715706907667e-20
4	3	124	3.9017905930147445e-20
4	3	125	1.452139960702562e-20
4	3	126	4.065166195694783e-21
4	3	127	1.8378458792829424e-21
5	3	0	3.498788282740861e-05
5	3	1	5.291691529407672e-09
5	3	2	9.87095880192548e-16
5	3	3	7.533343218612976e-19
5	3	4	1.9223481949689162e-20
5	3	5	6.884021624277907e-21
5	3	6	6.636415124550389e-21
5	3	7	4.693478937278782e-21
5	3	8	1.8726866216705122e-21
5	3	9	1.8123549435359927e-21
5	3	10	1.3249740075834792e-21
5	3	11	1.2137533542152592e-21
5	3	12	1.0134797204913516e-21
5	3	13	5.1549008211123e-22
5	3	14	1.6915396715892699e-22
5	3	15	3.0844561973906977e-24
5	3	16	6.421202851925045e-05
5	3	17	2.3664035175841036e-09
5	3	18	8.231863757506908e-16
5	3	19	9.70187939549411e-19
5	3	20	1.3057197026546561e-20
5	3	21	1.0379566531685527e-20
5	3	22	6.048168539990144e-21
5	3	23	3.608656201619278e-21
5	3	24	3.475895732788434e-21
5	3	25	3.466316108878018e-21
5	3	26	2.267752807818205e-21
5	3	27	2.0191187946735305e-21
5	3	28	1.972730037401288e-21
5	3	29	3.3043449663857307e-22
5	3	30	3.1930807426519935e-22
5	3	31	1.1643877261875256e-22
5	3	32	4.588641240843572e-05
5	3	33	5.499188215907225e-09
5	3	34	3.426253830297361e-16
5	3	35	4.504187652916357e-19
5	3	36	1.9735484130639612e-20
5	3	37	6.456702866331141e-21
5	3	38	3.702465672445537e-21
5	3	39	3.2776716732922613e-21
5	3	40	3.2685125059334405e-21
5	3	41	2.474690536521028e-21
5	3	42	1.1402345470745369e-21
5	3	43	8.677801152793578e-22
5	3	44	5.597436390376418e-22
5	3	45	3.6138581397549225e-22
5	3	46	3.4720494742065173e-22
5	3	47	2.1782804816270764e-22
5	3	48	0.4490076005458832
5	3	49	5.919657724007266e-07
5	3	50	7.826558005201781e-14
5	3	51	6.343505127919761e-15
5	3	52	1.051394680614214e-15
5	3	53	9.057834171736546e-17
5	3	54	4.3230017220295276e-17
5	3	55	2.076417228643682e-17
5	3	56	9.858040755386465e-18
5	3	57	7.860566666554639e-18
5	3	58	7.748095745846416e-18
5	3	59	1.1907436557677938e-18
5	3	60	4.8439045266372915e-19
5	3	61	4.00938527108727e-19
5	3	62	3.501077614794606e-19
5	3	63	2.5575628055682607e-20
5	3	64	0.31320956349372864
5	3	65	8.719497941456211e-07
5	3	66	8.263976661185626e-14
5	3	67	2.1828157635355935e-15
5	3	68	1.6133411400062037e-16
5	3	69	5.255654811000212e-17
5	3	70	2.3936355341657252e-17
5	3	71	2.108693816145501e-17
5	3	72	1.5661209060813486e-17
5	3	73	1.5601544523230036e-17
5	3	74	3.710764487956772e-18
5	3	75	1.3529571860094693e-18
5	3	76	1.0408418817633576e-18
5	3	77	3.681387220200739e-19
5	3	78	9.708300255752082e-20
5	3	79	3.956173840880985e-20
5	3	80	2.0936678993166424e-05
5	3	81	4.5554577887685355e-09
5	3	82	2.968406317224606e-16
5	3	83	2.4123000995459176e-19
5	3	84	1.1300131311751817e-20
5	3	85	3.2343264802318806e-21
5	3	86	2.751791396913282e-21
5	3	87	2.448644646593586e-21
5	3	88	1.7824946523854304e-21
5	3	89	1.0562947990234237e-21
5	3	90	8.979215185912174e-22
5	3	91	3.537396439675619e-22
5	3	92	1.7259027050561868e-22
5	3	93	1.181235775639129e-22
5	3	94	5.32234986421754e-23
5	3	95	3.315269364636721e-23
5	3	96	0.07018787413835526
5	3	97	5.338810069588362e-07
5	3	98	2.5681551069772768e-14
5	3	99	7.460412618927293e-16
5	3	100	2.5248056998013215e-17
5	3	101	7.511694868006697e-19
5	3	102	2.4867305865452633e-19
5	3	103	2.0435533222274348e-19
5	3	104	1.792423743948779e-19
5	3	105	1.7347468955279e-19
5	3	106	1.6585616224072055e-19
5	3	107	1.5152499963429792e-19
5	3	108	1.0007222649613433e-19
5	3	109	9.570919126938949e-20
5	3	110	6.561121655527603e-20
5	3	111	2.1183392707079795e-20
5	3	112	0.1674264818429947
5	3	113	5.243664418230765e-07
5	3	114	1.4692889307023164e-14
5	3	115	1.371058668040001e-15
5	3	116	3.5020405150661636e-17
5	3	117	2.5192993238996785e-18
5	3	118	3.979107875728415e-19
5	3	119	3.8804061000991734e-19
5	3	120	3.729131568169417e-19
5	3	121	2.8249825751001545e-19
5	3	122	2.1047524090941413e-19
5	3	123	1.319165022679694e-19
5	3	124	1.2471559776766266e-19
5	3	125	4.0448488950163764e-20
5	3	126	3.723145106980006e-20
5	3	127	2.4390307318462528e-20
6	3	0	7.459182143065846e-06
6	3	1	4.958206289984446e-09
6	3	2	9.795239350396867e-16
6	3	3	6.144782912418911e-20
6	3	4	3.2998655995957196e-21
6	3	5	2.7942512482242897e-21
6	3	6	5.659931844554199e-22
6	3	7	5.517584986541816e-22
6	3	8	5.028665910663641e-22
6	3	9	3.0054562979058003e-22
6	3	10	2.9976815372594317e-22
6	3	11	2.4458315559837934e-22
6	3	12	1.9338878390927515e-22
6	3	13	1.50272057588821e-22
6	3	14	6.587702319942493e-23
6	3	15	3.006338812377689e-23
6	3	16	2.3829672500141896e-05
6	3	17	2.1332300370602297e-09
6	3	18	6.23745744995647e-16
6	3	19	2.2991759129489312e-19
6	3	20	8.711616603196301e-21
6	3	21	3.644506484017139e-21
6	3	22	3.2648350257199173e-21
6	3	23	2.868942062856455e-21
6	3	24	2.78334785260604e-21
6	3	25	1.2682089399954194e-21
6	3	26	8.805296221206674e-22
6	3	27	7.40558787911261e-22
6	3	28	5.806521638276968e-22
6	3	29	3.1874526934097847e-22
6	3	30	2.537029430208115e-22
6	3	31	2.259515231945074e-22
6	3	32	4.0368464397033677e-05
6	3	33	3.952196792056384e-09
6	3	34	3.2831351730623344e-16
6	3	35	1.3326368738766448e-18
6	3	36	2.162713148486188e-20
6	3	37	7.804287520724427e-21
6	3	38	5.739154784993717e-21
6	3	39	4.634323406577736e-21
6	3	40	2.2978116142378443e-21
6	3	41	1.4217523217166578e-21
6	3	42	6.672792896147466e-22
6	3	43	6.611250638378681e-22
6	3	44	5.212085032587409e-22
6	3	45	4.680501329729006e-22
6	3	46	1.4678459819014754e-22
6	3	47	1.0177924419928566e-22
6	3	48	0.3831067681312561
6	3	49	4.913656539429212e-07
6	3	50	8.578771373835004e-14
6	3	51	2.9439474997188094e-15
6	3	52	1.3010437981226874e-16
6	3	53	1.0902970377621422e-16
6	3	54	3.891368952232007e-17
6	3	55	3.0162714211550077e-17
6	3	56	1.2881131122639115e-17
6	3	57	8.896654224349771e-18
6	3	58	5.83687643237644e-19
6	3	59	3.614750584029233e-19
6	3	60	1.920256235812724e-19
6	3	61	1.0572399619253971e-19
6	3	62	9.28666561801849e-20
6	3	63	8.315144573514373e-20
6	3	64	0.3222886323928833
6	3	65	8.042981107792002e-07
6	3	66	8.026097283531444e-14
6	3	67	2.6612299247819526e-15
6	3	68	6.816122433903128e-17
6	3	69	6.563305598460381e-17
6	3	70	2.9605356606089397e-17
6	3	71	1.3954861188569698e-17
6	3	72	6.480258650193527e-18
6	3	73	5.045264896355922e-18
6	3	74	3.71888657439143e-18
6	3	75	2.456282016498398e-18
6	3	76	5.154429162565464e-19
6	3	77	1.0863531005720837e-19
6	3	78	2.702610541566568e-20
6	3	79	1.2822210685715444e-20
6	3	80	4.060859282617457e-05
6	3	81	4.219212090816882e-09
6	3	82	2.7595880788313916e-16
6	3	83	1.2976176139575412e-19
6	3	84	1.1983122388192061e-20
6	3	85	9.259344262438518e-21
6	3	86	6.626105255255453e-21
6	3	87	5.3749961943561324e-21
6	3	88	2.3241317500812643e-21
6	3	89	1.4638991530204736e-21
6	3	90	1.4369812499375132e-21
6	3	91	1.3657594038044028e-21
6	3	92	9.171078274965428e-22
6	3	93	7.4610994530331605e-22
6	3	94	6.84946845640017e-22
6	3	95	6.552646224838685e-22
6	3	96	0.08971310406923294
6	3	97	5.576208650381886e-07
6	3	98	2.618745674411345e-14
6	3	99	2.4122725420238104e-16
6	3	100	5.3652181918553105e-17
6	3	101	3.6816287052408164e-18
6	3	102	5.27030217373554e-19
6	3	103	4.483650309270314e-19
6	3	104	9.964276466185445e-20
6	3	105	5.682414153161057e-20
6	3	106	5.578031714675108e-20
6	3	107	5.3405016319016774e-20
6	3	108	3.7967095746521e-20
6	3	109	3.232382726961416e-20
6	3	110	2.8497144353101804e-20
6	3	111	2.1281901516981765e-20
6	3	112	0.2047770470380783
6	3	113	5.879692821508797e-07
6	3	114	1.6228832785004227e-14
6	3	115	1.0661109251606919e-15
6	3	116	1.2268212126305492e-16
6	3	117	6.54922679831909e-19
6	3	118	2.836013028568549e-19
6	3	119	2.3495780956233186e-19
6	3	120	2.137254015571969e-19
6	3	121	1.7714185262687607e-19
6	3	122	1.173595193543198e-19
6	3	123	8.392823941616492e-20
6	3	124	6.050062331228493e-20
6	3	125	3.919055403362375e-20
6	3	126	2.4145067653886162e-20
6	3	127	5.764616842120648e-21
7	3	0	1.4554994777427055e-05
7	3	1	3.12262926627227e-09
7	3	2	2.5584548115499376e-16
7	3	3	8.690166291260895e-20
7	3	4	1.0456966887889623e-20
7	3	5	2.5444166518907413e-21
7	3	6	2.210906556976667e-21
7	3	7	8.506020821556568e-22
7	3	8	7.200512821400969e-22
7	3	9	6.279701866245153e-22
7	3	10	4.747090782678267e-22
7	3	11	4.168007051034992e-22
7	3	12	1.359851555065443e-22
7	3	13	9.165692185140069e-23
7	3	14	7.326078651584256e-23
7	3	15	2.8118552536150355e-23
7	3	16	2.4495830075466074e-05
7	3	17	1.3474750204522934e-09
7	3	18	1.4436264423207799e-16
7	3	19	2.2070833104139884e-19
7	3	20	9.552293022872301e-21
7	3	21	5.285595256921483e-21
7	3	22	4.0966511616568665e-21
7	3	23	3.586218927503777e-21
7	3	24	2.199353291433809e-21
7	3	25	1.1641706821535067e-21
7	3	26	7.913123567483021e-22
7	3	27	6.048149354892929e-22
7	3	28	5.545689134477837e-22
7	3	29	3.688273597754955e-22
7	3	30	1.9530052835964948e-22
7	3	31	1.5661587504021664e-22
7	3	32	2.8421287424862385e-05
7	3	33	2.9556901370852984e-09
7	3	34	7.150054585446295e-17
7	3	35	2.7975504225545405e-19
7	3	36	9.533637030443676e-21
7	3	37	8.269723633714689e-21
7	3	38	3.54750138184004e-21
7	3	39	3.1611211979693294e-21
7	3	40	2.129290326146679e-21
7	3	41	1.055603125781726e-21
7	3	42	9.191697205761733e-22
7	3	43	5.066074325877945e-22
7	3	44	4.514661815305906e-22
7	3	45	3.6892154345669166e-22
7	3	46	3.4711990190418167e-22
7	3	47	3.34686318078195e-22
7	3	48	0.4924100935459137
7	3	49	3.249060114285385e-07
7	3	50	1.9745666148159036e-14
7	3	51	2.5615076771105198e-15
7	3	52	1.7283156717308283e-16
7	3	53	7.24402958222171e-17
7	3	54	4.3503450043580805e-17
7	3	55	1.4565606685125775e-17
7	3	56	1.3181805485037852e-17
7	3	57	1.1872212312063286e-17
7	3	58	1.298869500115852e-18
7	3	59	9.179796080075141e-19
7	3	60	4.379210485129369e-19
7	3	61	3.720620138160188e-19
7	3	62	1.4536811338930674e-19
7	3	63	7.710151782076478e-20
7	3	64	0.25563329458236694
7	3	65	5.268546487968706e-07
7	3	66	1.369908841989927e-14
7	3	67	2.1558371288908336e-15
7	3	68	1.117840894845627e-16
7	3	69	4.575569079799529e-17
7	3	70	2.6764482547253603e-17
7	3	71	1.5912786117954138e-17
7	3	72	7.359239794246463e-18
7	3	73	3.827750987628921e-18
7	3	74	2.556662038192933e-18
7	3	75	2.052443342463272e-18
7	3	76	6.003321198246477e-19
7	3	77	4.0703169459715745e-19
7	3	78	2.6535837728427488e-19
7	3	79	9.328159065495681e-20
7	3	80	1.162601347459713e-05
7	3	81	2.8339561808365943e-09
7	3	82	5.902910405433155e-17
7	3	83	1.0471148834868359e-19
7	3	84	6.665963405435718e-21
7	3	85	2.3212024886591253e-21
7	3	86	1.3723054599483482e-21
7	3	87	9.141949238941344e-22
7	3	88	6.067946355734866e-22
7	3	89	5.236965579320335e-22
7	3	90	2.168415050255255e-22
7	3	91	1.2618511754832195e-22
7	3	92	1.2477930430634569e-22
7	3	93	8.791571429851021e-23
7	3	94	5.29098286135978e-23
7	3	95	3.015235585666772e-23
7	3	96	0.05554322153329849
7	3	97	2.814342963119998e-07
7	3	98	7.279945790888542e-15
7	3	99	7.973852227817328e-16
7	3	100	2.878160713871724e-17
7	3	101	3.529229414473141e-19
7	3	102	3.320675985545326e-19
7	3	103	2.5192206900426977e-19
7	3	104	2.3202860791691674e-19
7	3	105	2.2193873635317733e-19
7	3	106	1.9588332253958123e-19
7	3	107	1.4026365937742443e-19
7	3	108	1.2291849618810292e-19
7	3	109	7.174050210967179e-20
7	3	110	2.1239920485307565e-20
7	3	111	1.5467964030837642e-20
7	3	112	0.19633352756500244
7	3	113	3.588296806356084e-07
7	3	114	4.332823399925186e-15
7	3	115	1.384763237610102e-15
7	3	116	5.895768858896617e-17
7	3	117	7.765351870797614e-19
7	3	118	6.802615484398811e-19
7	3	119	2.0612662318225215e-19
7	3	120	1.6903800293978527e-19
7	3	121	1.5184232679678858e-19
7	3	122	1.2040280730078189e-19
7	3	123	1.103973469336141e-19
7	3	124	8.147894469769833e-20
7	3	125	9.293468693880599e-21
7	3	126	7.141900027002715e-21
7	3	127	2.6591806917403713e-21
0	4	0	1.0853528692678083e-05
0	4	1	8.647088378666012e-09
0	4	2	2.942470062500561e-15
0	4	3	5.560423753620239e-20
0	4	4	6.2496597205678315e-21
0	4	5	2.999584900851549e-21
0	4	6	2.240886603523529e-21
0	4	7	1.6059543975551891e-21
0	4	8	1.316574166177588e-21
0	4	9	1.1173691423685545e-21
0	4	10	7.494173046018839e-22
0	4	11	3.5632922819480004e-22
0	4	12	3.424116518556861e-22
0	4	13	1.9788656586825776e-22
0	4	14	1.8922816741207125e-22
0	4	15	7.91992809232484e-23
0	4	16	2.1721178200095892e-05
0	4	17	3.888525057504921e-09
0	4	18	1.4136899421544284e-15
0	4	19	1.173323774904704e-19
0	4	20	1.0458286822578013e-20
0	4	21	7.62316243155659e-21
0	4	22	5.444790366333861e-21
0	4	23	3.851392917828461e-21
0	4	24	3.4558588172571144e-21
0	4	25	1.5517828521880063e-21
0	4	26	1.5511502488508915e-21
0	4	27	1.1548582359653578e-21
0	4	28	5.958672080966203e-22
0	4	29	4.534671871701125e-22
0	4	30	4.320432900843458e-22
0	4	31	1.7659536149763645e-22
0	4	32	2.0635703549487516e-05
0	4	33	7.928075973495652e-09
0	4	34	7.543743720278171e-16
0	4	35	1.500222709552305e-19
0	4	36	3.400181484096626e-20
0	4	37	9.5472855105508e-21
0	4	38	4.4943343970130734e-21
0	4	39	1.8270470929316123e-21
0	4	40	1.777293471556255e-21
0	4	41	7.648186462621845e-22
0	4	42	5.973718245892537e-22
0	4	43	4.485055676206345e-22
0	4	44	4.1317906362029126e-22
0	4	45	9.903492332776659e-23
0	4	46	9.890584990645433e-24
0	4	47	7.960060917561416e-24
0	4	48	0.49701252579689026
0	4	49	7.391363965325581e-07
0	4	50	1.954690478488813e-13
0	4	51	8.385434748371494e-15
0	4	52	2.298423108281156e-16
0	4	53	1.7913068650401705e-16
0	4	54	8.983089469841765e-17
0	4	55	3.436968201510087e-17
0	4	56	2.8807309294710487e-17
0	4	57	1.6245481469045416e-17
0	4	58	8.826343045102151e-18
0	4	59	6.731674924102615e-19
0	4	60	3.2266777656742144e-19
0	4	61	3.201171909980083e-19
0	4	62	1.630437223086461e-19
0	4	63	2.603492655315121e-20
0	4	64	0.2471959888935089
0	4	65	1.473500560678076e-06
0	4	66	1.3722115349383557e-13
0	4	67	1.0264508308669958e-15
0	4	68	1.1438894079049628e-16
0	4	69	6.211518257086889e-17
0	4	70	2.988958248200752e-17
0	4	71	1.452432375511448e-17
0	4	72	9.820857332490981e-18
0	4	73	8.411563253104786e-18
0	4	74	6.680288706692019e-18
0	4	75	2.404779476814162e-18
0	4	76	9.753917327829821e-19
0	4	77	3.7335575014344587e-19
0	4	78	2.4999199814124213e-19
0	4	79	1.8403202156019843e-19
0	4	80	1.051317394740181e-05
0	4	81	6.50438813920573e-09
0	4	82	6.670248934356054e-16
0	4	83	4.503665301284227e-20
0	4	84	5.444592456909959e-21
0	4	85	2.423863963340374e-21
0	4	86	2.199620267207685e-21
0	4	87	5.874534827387971e-22
0	4	88	4.52873458898407e-22
0	4	89	3.5245883678007057e-22
0	4	90	2.8461750575043464e-22
0	4	91	1.909201036598148e-22
0	4	92	1.5620472073641545e-22
0	4	93	1.456845095697115e-22
0	4	94	8.283044553530417e-23
0	4	95	7.870275293684058e-23
0	4	96	0.05806858092546463
0	4	97	5.630447503790492e-07
0	4	98	7.489400945118532e-14
0	4	99	6.686946071328805e-16
0	4	100	7.592565111171133e-18
0	4	101	1.5271658691089294e-18
0	4	102	1.0789026330960303e-18
0	4	103	1.0555015901693286e-18
0	4	104	4.147419484843408e-19
0	4	105	2.783586062850997e-19
0	4	106	2.444766938588624e-19
0	4	107	2.4074031903196037e-19
0	4	108	1.7157625834819252e-19
0	4	109	7.745567390755965e-20
0	4	110	3.693889085807198e-20
0	4	111	3.990918506321186e-22
0	4	112	0.19765591621398926
0	4	113	7.701658546466206e-07
0	4	114	4.5895230026344117e-14
0	4	115	6.524858905333406e-16
0	4	116	1.0468306156315017e-16
0	4	117	4.085024010467614e-18
0	4	118	8.628046448974841e-19
0	4	119	4.205407172228848e-19
0	4	120	3.5605095078307753e-19
0	4	121	2.542847294782685e-19
0	4	122	2.0244773740792256e-19
0	4	123	9.826674971287249e-20
0	4	124	6.861917484229415e-20
0	4	125	4.9784143047491e-20
0	4	126	4.717357072779645e-20
0	4	127	2.731982400336876e-20
1	4	0	5.665035132551566e-06
1	4	1	1.4560530559037943e-08
1	4	2	1.3374566380883624e-14
1	4	3	6.972944509479638e-20
1	4	4	7.418533780764883e-21
1	4	5	3.693944662004604e-21
1	4	6	1.3487528248652862e-21
1	4	7	1.0891110087838343e-21
1	4	8	7.684562416683396e-22
1	4	9	3.220026716561405e-22
1	4	10	3.1313456241691006e-22
1	4	11	2.124882045190559e-22
1	4	12	1.6070955826733435e-22
1	4	13	1.1109322393303428e-22
1	4	14	8.54995153873524e-23
1	4	15	2.054636821479887e-23
1	4	16	2.6734052880783565e-05
1	4	17	6.197447000033662e-09
1	4	18	8.183426707813763e-15
1	4	19	2.643169568930706e-19
1	4	20	1.1725684232961239e-20
1	4	21	7.527089119258964e-21
1	4	22	6.418181614504172e-21
1	4	23	4.3853460811671095e-21
1	4	24	2.3906375963963463e-21
1	4	25	2.3051114427539464e-21
1	4	26	2.2084728769078495e-21
1	4	27	5.479275376629387e-22
1	4	28	4.462388988717831e-22
1	4	29	4.408283985345725e-22
1	4	30	2.7519292771777403e-22
1	4	31	3.7187676155805613e-23
1	4	32	2.8805405236198567e-05
1	4	33	1.102100277705631e-08
1	4	34	4.131121138261414e-15
1	4	35	3.1729697039829706e-19
1	4	36	1.2812622176075792e-20
1	4	37	8.788032259042289e-21
1	4	38	5.22387821281965e-21
1	4	39	2.1235838704413785e-21
1	4	40	2.114697333411402e-21
1	4	41	1.2776431610637855e-21
1	4	42	9.921159030521265e-22
1	4	43	7.64976923314208e-22
1	4	44	5.486377901566762e-22
1	4	45	4.964580112900934e-22
1	4	46	3.075921897798955e-22
1	4	47	2.670607689051296e-22
1	4	48	0.4060463011264801
1	4	49	1.3050939742242917e-06
1	4	50	1.1031146699216898e-12
1	4	51	8.186967834928878e-16
1	4	52	1.1166212997504787e-16
1	4	53	9.849871519656891e-17
1	4	54	5.728667787249065e-17
1	4	55	2.5617229359756857e-17
1	4	56	9.890219735576003e-18
1	4	57	7.360627803314327e-18
1	4	58	9.299375377377338e-19
1	4	59	9.054719133626763e-19
1	4	60	6.907755310133129e-19
1	4	61	3.5485991409857774e-19
1	4	62	1.3678955250349e-19
1	4	63	5.427656095426649e-20
1	4	64	0.3030999004840851
1	4	65	2.350550630580983e-06
1	4	66	9.42323367773834e-13
1	4	67	5.20745215120544e-16
1	4	68	2.6833056150906494e-16
1	4	69	7.533804847433326e-17
1	4	70	4.053033792893861e-17
1	4	71	3.042190298468744e-17
1	4	72	2.284470854365877e-17
1	4	73	6.846015583187937e-18
1	4	74	2.900621728070805e-18
1	4	75	2.8161045489831994e-18
1	4	76	1.3137447924689696e-18
1	4	77	2.173550700850796e-19
1	4	78	4.633381115381893e-20
1	4	79	3.4376385486785e-20
1	4	80	3.4875472920248285e-05
1	4	81	1.199654153793972e-08
1	4	82	3.649777725325213e-15
1	4	83	2.288620829838813e-19
1	4	84	1.9569789514187583e-20
1	4	85	1.4711654379087083e-20
1	4	86	8.914653900661124e-21
1	4	87	4.287105054832583e-21
1	4	88	3.0698857613441447e-21
1	4	89	2.654989050921487e-21
1	4	90	1.1570080775695896e-21
1	4	91	7.5259753738785365e-22
1	4	92	6.658488891560764e-22
1	4	93	6.38155908145631e-22
1	4	94	4.981270137736004e-22
1	4	95	2.0731197693803428e-22
1	4	96	0.0818772241473198
1	4	97	1.3783648000753601e-06
1	4	98	3.55171323124584e-13
1	4	99	1.2500880165515428e-16
1	4	100	3.994589181277804e-17
1	4	101	1.1479753988895665e-17
1	4	102	4.2275551916238967e-19
1	4	103	2.498952697083617e-19
1	4	104	1.013114593760124e-19
1	4	105	6.646528053773703e-20
1	4	106	5.712431762108782e-20
1	4	107	3.7472664691238766e-20
1	4	108	3.5449694336838035e-20
1	4	109	2.2233821612142643e-20
1	4	110	1.7728262519620067e-20
1	4	111	2.5247745454652664e-21
1	4	112	0.20887283980846405
1	4	113	1.5071241250552703e-06
1	4	114	2.0365385267930025e-13
1	4	115	5.21125744672098e-16
1	4	116	1.1250412042928805e-16
1	4	117	5.073544857330615e-19
1	4	118	3.524023604986827e-19
1	4	119	2.7485753849307485e-19
1	4	120	2.324853408620167e-19
1	4	121	2.3120072937072187e-19
1	4	122	1.9900287912346012e-19
1	4	123	1.2309655973965203e-19
1	4	124	1.1192054833284222e-19
1	4	125	6.494227300896498e-20
1	4	126	3.6877492084635523e-20
1	4	127	1.2310252933411177e-20
2	4	0	1.1797496881627012e-05
2	4	1	8.739537094015759e-09
2	4	2	6.334193271214121e-15
2	4	3	1.4843705685945504e-19
2	4	4	5.46976370835279e-21
2	4	5	3.0146950834180633e-21
2	4	6	2.0685414226348317e-21
2	4	7	1.9252364204778544e-21
2	4	8	8.849182635956908e-22
2	4	9	8.675183901636672e-22
2	4	10	6.151906904470328e-22
2	4	11	4.132221038712801e-22
2	4	12	3.910690468735995e-22
2	4	13	3.091249275860782e-22
2	4	14	1.5904243642822544e-22
2	4	15	9.569026668559986e-23
2	4	16	1.8575117792352103e-05
2	4	17	4.926553831552383e-09
2	4	18	3.476893853867637e-15
2	4	19	2.2518676442594336e-19
2	4	20	6.759234885746391e-21
2	4	21	4.22511820767939e-21
2	4	22	2.9168880441773785e-21
2	4	23	2.6703575254810323e-21
2	4	24	1.1631238826649401e-21
2	4	25	1.0002711849556248e-21
2	4	26	9.24170770549138e-22
2	4	27	8.43057391214574e-22
2	4	28	7.055927365466186e-22
2	4	29	4.684282813364273e-22
2	4	30	4.064174528117161e-22
2	4	31	8.552578761093988e-23
2	4	32	2.2493506548926234e-05
2	4	33	1.1740116434566517e-08
2	4	34	1.6934289257322654e-15
2	4	35	2.3720582797330957e-19
2	4	36	1.0068564392824062e-20
2	4	37	5.928644980444066e-21
2	4	38	2.6945186310683966e-21
2	4	39	1.3874400782702626e-21
2	4	40	1.131352957780158e-21
2	4	41	1.1075333469232203e-21
2	4	42	8.706581827841916e-22
2	4	43	4.1909274361906247e-22
2	4	44	3.860869043188112e-22
2	4	45	3.8428173813217586e-22
2	4	46	3.6594585914800214e-22
2	4	47	2.7297588778619193e-22
2	4	48	0.5336708426475525
2	4	49	8.351654514626716e-07
2	4	50	5.75103766692342e-13
2	4	51	3.787639537270902e-15
2	4	52	2.539897907862372e-16
2	4	53	8.204594722910138e-17
2	4	54	7.32561407516557e-17
2	4	55	4.612523539101458e-17
2	4	56	2.2392808194492475e-17
2	4	57	1.0558194549992174e-17
2	4	58	2.2804680860227023e-18
2	4	59	2.118450287393472e-18
2	4	60	1.2006706244496486e-19
2	4	61	1.0693780619327885e-19
2	4	62	9.137115886912878e-20
2	4	63	5.950067827398196e-20
2	4	64	0.22034400701522827
2	4	65	1.1421719818827114e-06
2	4	66	4.674945326688107e-13
2	4	67	1.0844641174244428e-15
2	4	68	1.0384398278466618e-16
2	4	69	4.757818806313132e-17
2	4	70	3.1928470195387423e-17
2	4	71	1.8547435778274337e-17
2	4	72	3.970519052633124e-18
2	4	73	1.4498116605357268e-18
2	4	74	4.534960839654861e-19
2	4	75	4.336673756104595e-19
2	4	76	4.0713093042126967e-19
2	4	77	2.365067052593374e-19
2	4	78	2.3587362128505024e-20
2	4	79	1.8953840457042482e-20
2	4	80	1.532259557279758e-05
2	4	81	8.663497474969972e-09
2	4	82	1.693527181554147e-15
2	4	83	1.5101708488879622e-19
2	4	84	1.2443656002024526e-20
2	4	85	3.113614656348825e-21
2	4	86	3.000583737597078e-21
2	4	87	1.145712094277804e-21
2	4	88	1.1416844355530097e-21
2	4	89	6.614541387422029e-22
2	4	90	6.141584312426713e-22
2	4	91	3.729569519510189e-22
2	4	92	3.0077428585712377e-22
2	4	93	2.981473664209633e-22
2	4	94	2.5627359458632436e-22
2	4	95	1.5273075401466489e-22
2	4	96	0.05170149728655815
2	4	97	7.36961396796687e-07
2	4	98	1.1557558566872156e-13
2	4	99	3.75474908911034e-16
2	4	100	7.269667548999423e-17
2	4	101	2.4824768102452094e-19
2	4	102	2.1265639986244282e-19
2	4	103	1.7048254463263842e-19
2	4	104	8.921546803167877e-20
2	4	105	8.204515628933942e-20
2	4	106	7.933437556207804e-20
2	4	107	7.054291260375693e-20
2	4	108	6.19810310395105e-20
2	4	109	5.765729335421047e-20
2	4	110	2.889522502289295e-20
2	4	111	1.8831994490991433e-20
2	4	112	0.19421125948429108
2	4	113	7.987815706655965e-07
2	4	114	6.672994676357874e-14
2	4	115	1.3675098117492423e-15
2	4	116	1.658926732691756e-16
2	4	117	1.9833502125170305e-19
2	4	118	1.9415293824630272e-19
2	4	119	8.791284597501528e-20
2	4	120	7.399361285129552e-20
2	4	121	7.389839014562389e-20
2	4	122	6.21339302058621e-20
2	4	123	5.710192558341207e-20
2	4	124	5.569279109818531e-20
2	4	125	4.2226529832717836e-20
2	4	126	1.9294926443924162e-20
2	4	127	6.842688443044398e-21
3	4	0	1.5842242646613158e-05
3	4	1	1.6123358648201247e-08
3	4	2	1.0814091660452281e-14
3	4	3	8.770210232692179e-20
3	4	4	5.567122220215428e-21
3	4	5	5.001961568004942e-21
3	4	6	3.642376736277885e-21
3	4	7	2.6063812847208428e-21
3	4	8	2.065368005607083e-21
3	4	9	1.3913731241735284e-21
3	4	10	9.231599178743005e-22
3	4	11	7.054522814401658e-22
3	4	12	6.405061835286613e-22
3	4	13	5.586595800707998e-22
3	4	14	2.040102848162095e-22
3	4	15	6.916438960721089e-23
3	4	16	3.236894553992897e-05
3	4	17	5.689110960105381e-09
3	4	18	6.777319404603155e-15
3	4	19	4.929788104699258e-19
3	4	20	8.205109841881787e-21
3	4	21	6.636677253562863e-21
3	4	22	5.322979943199758e-21
3	4	23	4.190088239648763e-21
3	4	24	2.860007866006029e-21
3	4	25	2.5744817187105245e-21
3	4	26	2.371137661638654e-21
3	4	27	1.6710050037594172e-21
3	4	28	1.22899046134598e-21
3	4	29	7.508919822454424e-22
3	4	30	5.122069566196705e-22
3	4	31	3.321356341599151e-22
3	4	32	2.990954089909792e-05
3	4	33	1.1666398513909826e-08
3	4	34	3.009472909727218e-15
3	4	35	2.5670164783057188e-19
3	4	36	1.7317623891037175e-20
3	4	37	8.541607561303212e-21
3	4	38	6.882524782798356e-21
3	4	39	4.6282835340776785e-21
3	4	40	4.50138239588468e-21
3	4	41	2.6587473104917046e-21
3	4	42	1.0218129189279698e-21
3	4	43	6.370971432148541e-22
3	4	44	5.737714791986439e-22
3	4	45	2.759361230429136e-22
3	4	46	2.560870447594577e-22
3	4	47	6.32257058731878e-23
3	4	48	0.511552095413208
3	4	49	1.4818035651842365e-06
3	4	50	8.826759310444354e-13
3	4	51	4.935300994648225e-15
3	4	52	2.7023207106631204e-16
3	4	53	1.1282100339578976e-16
3	4	54	5.4849876579803335e-17
3	4	55	3.159611895143097e-17
3	4	56	2.705600415617444e-17
3	4	57	8.190097224622289e-18
3	4	58	7.380456976958448e-18
3	4	59	6.771217776297829e-19
3	4	60	4.40598994047289e-19
3	4	61	2.989237638792399e-19
3	4	62	2.5208510113312514e-19
3	4	63	1.6265223323436125e-19
3	4	64	0.2139972597360611
3	4	65	1.9413612335483776e-06
3	4	66	7.102383460001749e-13
3	4	67	3.0019082702335267e-15
3	4	68	9.624011507760512e-17
3	4	69	3.645958361121815e-17
3	4	70	3.5504259486890855e-17
3	4	71	1.1151173861351838e-17
3	4	72	9.221332540944185e-18
3	4	73	7.263076739314723e-18
3	4	74	3.751556072684212e-18
3	4	75	3.655995205238411e-18
3	4	76	9.308220006077061e-19
3	4	77	8.122373362933158e-20
3	4	78	2.0851174677976052e-20
3	4	79	5.4913984395595296e-21
3	4	80	1.8078559151035734e-05
3	4	81	1.1416603662439684e-08
3	4	82	2.710579334838409e-15
3	4	83	1.60448081245243e-19
3	4	84	5.729878487567689e-21
3	4	85	4.237754926343915e-21
3	4	86	2.6542089242842085e-21
3	4	87	2.110858698381273e-21
3	4	88	1.3594814341504878e-21
3	4	89	1.102950532069542e-21
3	4	90	5.904768521114855e-22
3	4	91	4.716068985352631e-22
3	4	92	3.437439811266192e-22
3	4	93	2.6531702027313114e-22
3	4	94	1.185438447888912e-22
3	4	95	1.0313841367365801e-22
3	4	96	0.06695182621479034
3	4	97	1.2659804724535206e-06
3	4	98	2.42488321089418e-13
3	4	99	2.418208919495083e-16
3	4	100	3.784486629178315e-17
3	4	101	3.913340192790396e-18
3	4	102	2.093818503112868e-19
3	4	103	2.0182145828664335e-19
3	4	104	1.2939353677619731e-19
3	4	105	7.886992011047805e-20
3	4	106	7.40789610884048e-20
3	4	107	5.416555396229673e-20
3	4	108	5.277315372860283e-20
3	4	109	3.2257320009660336e-20
3	4	110	2.6818756116140498e-20
3	4	111	1.023658707033603e-20
3	4	112	0.20739571750164032
3	4	113	1.5514318647547043e-06
3	4	114	1.7251230012647195e-13
3	4	115	7.163107230814586e-16
3	4	116	2.3355591502711526e-16
3	4	117	2.1310525908208706e-18
3	4	118	4.536693266050277e-19
3	4	119	2.6579675715953384e-19
3	4	120	1.8744097503619724e-19
3	4	121	1.4386069304520249e-19
3	4	122	9.945841324518023e-20
3	4	123	8.853487933330662e-20
3	4	124	7.886259826958725e-20
3	4	125	4.595390260810981e-20
3	4	126	3.136859845200307e-20
3	4	127	9.137658239513725e-21
4	4	0	1.2262987183930818e-05
4	4	1	1.5019070431776527e-08
4	4	2	9.707089055092585e-15
4	4	3	4.6327969190742777e-20
4	4	4	5.332524831986796e-21
4	4	5	3.550395706190409e-21
4	4	6	2.34731966636885e-21
4	4	7	1.9996806561237095e-21
4	4	8	1.972147214342736e-21
4	4	9	1.3341382236520934e-21
4	4	10	4.419200305661046e-22
4	4	11	4.1969909366525155e-22
4	4	12	3.058480372511136e-22
4	4	13	2.6792518375240906e-22
4	4	14	2.6736959848319276e-22
4	4	15	1.9407352779678148e-22
4	4	16	1.8749089576886036e-05
4	4	17	4.995700741972087e-09
4	4	18	6.553818750041794e-15
4	4	19	1.5690275929044658e-19
4	4	20	9.011183616324075e-21
4	4	21	3.976770153457415e-21
4	4	22	3.5982869594971715e-21
4	4	23	1.4229298827888738e-21
4	4	24	9.562379537245976e-22
4	4	25	8.630853200424617e-22
4	4	26	5.708394409861185e-22
4	4	27	4.565546751571772e-22
4	4	28	3.2653146531502917e-22
4	4	29	2.4693083089586604e-22
4	4	30	1.412179917461246e-22
4	4	31	9.495033408916427e-23
4	4	32	2.2683616407448426e-05
4	4	33	1.2255870984745343e-08
4	4	34	2.8340612801967986e-15
4	4	35	1.4966968521912976e-19
4	4	36	7.897443082658243e-21
4	4	37	4.688908845173783e-21
4	4	38	2.8921669356997287e-21
4	4	39	2.02968493647758e-21
4	4	40	1.892131020620477e-21
4	4	41	1.2513775512861342e-21
4	4	42	9.470799980561272e-22
4	4	43	7.404749793286903e-22
4	4	44	5.150131809841441e-22
4	4	45	4.1149991323009954e-22
4	4	46	3.345390472135211e-22
4	4	47	1.9140029907004093e-22
4	4	48	0.5304355621337891
4	4	49	1.3054921055299928e-06
4	4	50	9.299207454419034e-13
4	4	51	3.1543242257954128e-15
4	4	52	1.8776773588338134e-16
4	4	53	7.958026078942371e-17
4	4	54	5.361214637690554e-17
4	4	55	3.98462165489654e-17
4	4	56	3.108931200756463e-17
4	4	57	1.218097567367218e-17
4	4	58	8.154334898019171e-18
4	4	59	1.0643272971125397e-18
4	4	60	6.211418126873739e-19
4	4	61	1.052049791322539e-19
4	4	62	1.6030598712564287e-20
4	4	63	6.422953655000907e-21
4	4	64	0.22382673621177673
4	4	65	1.9926167169614928e-06
4	4	66	5.804918720188346e-13
4	4	67	1.6671995976084704e-15
4	4	68	1.1076607499597123e-16
4	4	69	6.946476172274134e-17
4	4	70	2.2767750968189286e-17
4	4	71	7.722655806107348e-18
4	4	72	5.699974628878887e-18
4	4	73	3.4089945248367075e-18
4	4	74	2.5069817773981514e-18
4	4	75	2.316528197646339e-18
4	4	76	3.086517697743815e-19
4	4	77	2.9014055333999873e-19
4	4	78	1.3839446383760187e-19
4	4	79	1.783254786131927e-21
4	4	80	1.3305430911714211e-05
4	4	81	1.0900144786774035e-08
4	4	82	2.4118564370884717e-15
4	4	83	9.355825025811312e-20
4	4	84	4.2556923863947415e-21
4	4	85	3.9490297145749115e-21
4	4	86	1.516515493822893e-21
4	4	87	1.3006301387015933e-21
4	4	88	8.854437333109894e-22
4	4	89	8.268739539201757e-22
4	4	90	5.965645863803846e-22
4	4	91	5.308882935714586e-22
4	4	92	3.2277739617393997e-22
4	4	93	2.84311351988562e-22
4	4	94	2.113699152998146e-22
4	4	95	2.0202669722547488e-22
4	4	96	0.0494239404797554
4	4	97	1.133978003053926e-06
4	4	98	2.7074292785998766e-13
4	4	99	5.0631430818072755e-17
4	4	100	3.642559310548712e-17
4	4	101	7.614721143878366e-18
4	4	102	2.173758788473641e-19
4	4	103	1.3182776129787895e-19
4	4	104	9.267720597051612e-20
4	4	105	9.153865648082223e-20
4	4	106	8.362525220507469e-20
4	4	107	7.373999152066852e-20
4	4	108	7.299999445220888e-20
4	4	109	5.390805199137412e-20
4	4	110	4.1517384016167004e-20
4	4	111	3.3573713331053124e-20
4	4	112	0.19624070823192596
4	4	113	1.4540169104293454e-06
4	4	114	1.9016770580124187e-13
4	4	115	2.597777416153712e-15
4	4	116	9.065323134130356e-17
4	4	117	2.8680300881531798e-19
4	4	118	2.5065630172130464e-19
4	4	119	1.5768153691246818e-19
4	4	120	1.569407708245328e-19
4	4	121	1.1499516574500475e-19
4	4	122	8.064872678133359e-20
4	4	123	7.911316290935692e-20
4	4	124	2.0456430195616396e-20
4	4	125	1.551880494235411e-20
4	4	126	1.2406911896044839e-20
4	4	127	1.235314838740316e-20
5	4	0	2.9277642170200124e-05
5	4	1	1.8007405344633298e-08
5	4	2	1.8513550000226302e-14
5	4	3	2.731217516764206e-19
5	4	4	2.1630417589092217e-20
5	4	5	9.662185259719678e-21
5	4	6	6.188594161977741e-21
5	4	7	5.221412019059763e-21
5	4	8	3.564338223155902e-21
5	4	9	2.043134901315628e-21
5	4	10	1.9220187767523155e-21
5	4	11	8.15923807249239e-22
5	4	12	5.600743800162084e-22
5	4	13	3.987041602070823e-22
5	4	14	2.0370478738660998e-22
5	4	15	1.9010796820244614e-23
5	4	16	6.163931539049372e-05
5	4	17	7.1028249948312805e-09
5	4	18	1.5139766949335588e-14
5	4	19	7.004752576712628e-19
5	4	20	1.732661948019869e-20
5	4	21	1.729835963005264e-20
5	4	22	1.00241922921917e-20
5	4	23	8.47024303863134e-21
5	4	24	3.710203527023316e-21
5	4	25	3.548314829961955e-21
5	4	26	3.3787173588912255e-21
5	4	27	2.334266328172173e-21
5	4	28	1.1416912008241328e-21
5	4	29	1.0922310104619686e-21
5	4	30	2.2829384685961308e-22
5	4	31	1.2370396698567185e-22
5	4	32	4.5774158934364095e-05
5	4	33	1.6130654145740664e-08
5	4	34	6.131645670668989e-15
5	4	35	2.519774125571284e-19
5	4	36	1.4919506126210905e-20
5	4	37	1.1432428510972017e-20
5	4	38	4.643558910428633e-21
5	4	39	3.7778893577913146e-21
5	4	40	2.3067058253067067e-21
5	4	41	1.826030686676002e-21
5	4	42	1.4000013692104737e-21
5	4	43	8.000074467029123e-22
5	4	44	5.828266431357204e-22
5	4	45	3.942485223531002e-22
5	4	46	3.3436537159662764e-22
5	4	47	3.1959365453466384e-22
5	4	48	0.4601365029811859
5	4	49	1.65160633969208e-06
5	4	50	1.4243120571855172e-12
5	4	51	1.0830039596783185e-14
5	4	52	1.5647328308390356e-16
5	4	53	9.17410532561496e-17
5	4	54	6.678269145226471e-17
5	4	55	5.192484020236272e-17
5	4	56	1.4214410612454136e-17
5	4	57	7.790492060962209e-18
5	4	58	1.2711377530921288e-18
5	4	59	5.73602036823938e-19
5	4	60	2.9870944655240626e-19
5	4	61	1.1131462560945006e-19
5	4	62	6.742639332368976e-20
5	4	63	6.391348650914776e-20
5	4	64	0.30209967494010925
5	4	65	2.6339623673266033e-06
5	4	66	1.4859402770739383e-12
5	4	67	3.401407124641281e-15
5	4	68	1.9792779020657826e-16
5	4	69	7.833610835625006e-17
5	4	70	6.737619685049395e-17
5	4	71	3.104082598877922e-17
5	4	72	1.089479336639409e-17
5	4	73	7.22037602173351e-18
5	4	74	3.3243902849896307e-18
5	4	75	1.4640307918679367e-18
5	4	76	1.0919528548251263e-18
5	4	77	5.761329510044089e-19
5	4	78	1.9467558714646552e-19
5	4	79	5.890984513442035e-20
5	4	80	2.033463715633843e-05
5	4	81	1.3418270050635783e-08
5	4	82	5.572597572734046e-15
5	4	83	2.372069394972577e-19
5	4	84	1.363354400407212e-20
5	4	85	4.517019663753627e-21
5	4	86	4.273964676879067e-21
5	4	87	2.5619096235313555e-21
5	4	88	1.7663997694608086e-21
5	4	89	1.3210331866671316e-21
5	4	90	7.52496108808104e-22
5	4	91	6.231169628743018e-22
5	4	92	3.8409705632793276e-22
5	4	93	1.5318309316860586e-22
5	4	94	1.45664945819262e-22
5	4	95	9.266338845960511e-24
5	4	96	0.07024771720170975
5	4	97	1.4666339893665281e-06
5	4	98	4.806887852169817e-13
5	4	99	2.689662067964201e-16
5	4	100	3.462969796885079e-17
5	4	101	8.033315892860825e-18
5	4	102	2.860564266137006e-19
5	4	103	2.427277238511956e-19
5	4	104	1.4368779937248183e-19
5	4	105	1.3229939641870196e-19
5	4	106	7.8032470826102e-20
5	4	107	6.466023673182708e-20
5	4	108	5.428635141229788e-20
5	4	109	4.573961436184456e-20
5	4	110	1.3138310809777908e-20
5	4	111	1.663423861133626e-21
5	4	112	0.1673511117696762
5	4	113	1.4761596958123846e-06
5	4	114	2.7143028493228916e-13
5	4	115	2.629417696623686e-15
5	4	116	7.288573589079935e-17
5	4	117	6.965134761274401e-19
5	4	118	6.886731480889328e-19
5	4	119	4.897743127768954e-19
5	4	120	4.5764072412347135e-19
5	4	121	3.6467632492168594e-19
5	4	122	2.5356066209894903e-19
5	4	123	1.9443156886576238e-19
5	4	124	1.412742155920228e-19
5	4	125	7.832305032800393e-20
5	4	126	6.048279369267529e-20
5	4	127	2.066489748143823e-20
6	4	0	6.58532098896103e-06
6	4	1	1.6359477328364846e-08
6	4	2	1.8188219891778976e-14
6	4	3	8.380602348066021e-20
6	4	4	2.9448871789496965e-21
6	4	5	1.673157167770154e-21
6	4	6	1.364442902238672e-21
6	4	7	9.891728081651535e-22
6	4	8	6.110742754040702e-22
6	4	9	4.556326292876059e-22
6	4	10	4.209414044405681e-22
6	4	11	3.682530942800436e-22
6	4	12	2.0861122453804604e-22
6	4	13	1.3107619400021154e-22
6	4	14	1.3037524375426836e-22
6	4	15	6.747709186159005e-23
6	4	16	2.346531800867524e-05
6	4	17	6.291163590077531e-09
6	4	18	1.1622551574321568e-14
6	4	19	1.683233835140248e-19
6	4	20	7.191929105984402e-21
6	4	21	6.011970906358496e-21
6	4	22	3.0919825504711777e-21
6	4	23	2.5451507342947037e-21
6	4	24	1.7852284277643685e-21
6	4	25	1.620042923207908e-21
6	4	26	1.5181933820356363e-21
6	4	27	1.1878175261613138e-21
6	4	28	1.0242917344623404e-21
6	4	29	9.61969854927257e-22
6	4	30	4.426069580205966e-22
6	4	31	2.365740338434004e-22
6	4	32	4.206150697427802e-05
6	4	33	1.1130257604463623e-08
6	4	34	5.931761988742972e-15
6	4	35	2.96042564558747e-19
6	4	36	2.1833710149324195e-20
6	4	37	1.3385208874547215e-20
6	4	38	8.299383390112257e-21
6	4	39	3.129475481087424e-21
6	4	40	2.447579772723959e-21
6	4	41	2.301514539948726e-21
6	4	42	2.0365919753717545e-21
6	4	43	1.8629844150863118e-21
6	4	44	1.6667712567008557e-21
6	4	45	1.3000790215405442e-21
6	4	46	6.317482876242211e-22
6	4	47	1.92177989704844e-22
6	4	48	0.3945859670639038
6	4	49	1.3722474250243977e-06
6	4	50	1.5850107684678427e-12
6	4	51	4.751056505543838e-15
6	4	52	1.981217210468301e-16
6	4	53	1.1249844266156348e-16
6	4	54	5.624314651636315e-17
6	4	55	2.3376200211364917e-17
6	4	56	7.269446030031381e-18
6	4	57	7.23311873906989e-18
6	4	58	6.5534666159463075e-18
6	4	59	4.073542174878707e-19
6	4	60	2.2923881205411094e-19
6	4	61	1.4886593708236672e-19
6	4	62	9.576888398281255e-20
6	4	63	6.041770491822502e-20
6	4	64	0.31261155009269714
6	4	65	2.437324837956112e-06
6	4	66	1.5116008488316734e-12
6	4	67	3.614167613189695e-15
6	4	68	1.1710160350874758e-16
6	4	69	4.532819062253808e-17
6	4	70	3.9701046351462346e-17
6	4	71	1.5936567560565038e-17
6	4	72	1.3573753437767529e-17
6	4	73	9.566785498622868e-18
6	4	74	8.741199690290843e-18
6	4	75	1.2791327639051836e-18
6	4	76	4.535957075305105e-19
6	4	77	3.706233140862418e-19
6	4	78	2.8967379082997154e-19
6	4	79	4.6008596694940613e-20
6	4	80	3.873800233122893e-05
6	4	81	1.2702785490148472e-08
6	4	82	5.245587374435841e-15
6	4	83	2.96614120512627e-19
6	4	84	1.2380942140661082e-20
6	4	85	1.16331377473769e-20
6	4	86	6.661904646658596e-21
6	4	87	3.2204437399903412e-21
6	4	88	2.7845516669691818e-21
6	4	89	2.652093312932376e-21
6	4	90	2.285433591463134e-21
6	4	91	1.7458127465103982e-21
6	4	92	1.5563818229130234e-21
6	4	93	9.877467495969056e-22
6	4	94	7.2065566318946655e-22
6	4	95	4.113597105591364e-22
6	4	96	0.08962173759937286
6	4	97	1.5487233895328245e-06
6	4	98	4.930847397055516e-13
6	4	99	2.9029907568015447e-16
6	4	100	1.9195669100191318e-17
6	4	101	4.322833059902628e-18
6	4	102	3.5401166622979875e-19
6	4	103	2.3943078872471236e-19
6	4	104	1.7770035463671421e-19
6	4	105	1.215698686722147e-19
6	4	106	8.818001885052137e-20
6	4	107	5.2472777306320976e-20
6	4	108	4.799334872010198e-20
6	4	109	4.338112856499981e-20
6	4	110	1.7101033433106127e-20
6	4	111	1.558041697329224e-20
6	4	112	0.20306308567523956
6	4	113	1.6700907963240752e-06
6	4	114	2.8383003412846275e-13
6	4	115	1.8931355777723063e-15
6	4	116	9.758697687307826e-17
6	4	117	5.554231918994367e-19
6	4	118	3.575716189416797e-19
6	4	119	3.0972183129429542e-19
6	4	120	1.8948820827817477e-19
6	4	121	1.2899934644022458e-19
6	4	122	1.0735714798975202e-19
6	4	123	5.2591758836383633e-20
6	4	124	4.1937717783140386e-20
6	4	125	2.678680788056777e-20
6	4	126	6.200294244001392e-21
6	4	127	3.6833108674893225e-21
7	4	0	1.2724476619041525e-05
7	4	1	1.1021379364706263e-08
7	4	2	4.88342615585953e-15
7	4	3	2.1247545410344684e-19
7	4	4	4.9180863424649885e-21
7	4	5	3.087277556840499e-21
7	4	6	2.1616634611356196e-21
7	4	7	1.599194982935374e-21
7	4	8	1.1152885690626884e-21
7	4	9	6.941209066927284e-22
7	4	10	2.938361216670729e-22
7	4	11	2.221621888155112e-22
7	4	12	1.8718279623523973e-22
7	4	13	7.655865108455521e-24
7	4	14	6.076569520507582e-24
7	4	15	4.9642618390801136e-24
7	4	16	2.324772322026547e-05
7	4	17	4.411886855848479e-09
7	4	18	2.7304894795383318e-15
7	4	19	9.824747898953942e-20
7	4	20	1.463444385437122e-20
7	4	21	5.296175333164562e-21
7	4	22	5.1787423433697414e-21
7	4	23	3.8147239366505e-21
7	4	24	2.9752044793107587e-21
7	4	25	1.4586940341976591e-21
7	4	26	1.437681405011664e-21
7	4	27	1.2550607870288218e-21
7	4	28	5.289993692893505e-22
7	4	29	3.76297885169713e-22
7	4	30	1.9987145350176418e-22
7	4	31	1.0437183240885089e-22
7	4	32	2.9205937607912347e-05
7	4	33	9.008801704624148e-09
7	4	34	1.3210792772290242e-15
7	4	35	4.951560015409537e-19
7	4	36	1.0356747171212861e-20
7	4	37	7.772771454710016e-21
7	4	38	6.4441909517727094e-21
7	4	39	4.130426626278026e-21
7	4	40	2.6971504225095077e-21
7	4	41	1.4564937054954932e-21
7	4	42	1.2736484199268442e-21
7	4	43	9.296791148821449e-22
7	4	44	6.294802557237255e-22
7	4	45	3.3710901720321184e-22
7	4	46	9.562414751996785e-23
7	4	47	2.5374788600430377e-23
7	4	48	0.5016021132469177
7	4	49	9.971968211175408e-07
7	4	50	3.6536325722681673e-13
7	4	51	3.06507151711028e-15
7	4	52	2.429766154664776e-16
7	4	53	1.9534473676414667e-16
7	4	54	5.2450893984721945e-17
7	4	55	4.5075837669982855e-17
7	4	56	1.874971948835173e-17
7	4	57	6.3698089453120776e-18
7	4	58	2.32903248017115e-18
7	4	59	1.9977381662423837e-18
7	4	60	1.786818276979631e-18
7	4	61	4.069181382086904e-19
7	4	62	3.7023024819891425e-19
7	4	63	3.4734580541414604e-19
7	4	64	0.24745625257492065
7	4	65	1.6940499563133926e-06
7	4	66	2.5672473587083633e-13
7	4	67	2.483936188042734e-15
7	4	68	1.3553437716487104e-16
7	4	69	4.1052666089818894e-17
7	4	70	2.840242754592293e-17
7	4	71	2.696847852119898e-17
7	4	72	2.036500801004323e-17
7	4	73	3.6311268473026164e-18
7	4	74	3.3466277949872e-18
7	4	75	2.355774815784683e-18
7	4	76	2.9183547226451403e-19
7	4	77	1.9942664116633162e-19
7	4	78	1.414577979892213e-19
7	4	79	1.13212048687676e-19
7	4	80	1.1818800885521341e-05
7	4	81	8.628467718097e-09
7	4	82	1.1309800963932152e-15
7	4	83	2.581307057363338e-19
7	4	84	3.895728263853526e-21
7	4	85	3.487193937512529e-21
7	4	86	2.7338626206433004e-21
7	4	87	1.1793348859148105e-21
7	4	88	1.0025239192654463e-21
7	4	89	4.74056431552832e-22
7	4	90	1.3814267114966204e-22
7	4	91	1.2046030978292237e-22
7	4	92	7.47019975243579e-23
7	4	93	7.40842373940357e-23
7	4	94	1.2464257893425278e-23
7	4	95	8.014261972637342e-24
7	4	96	0.05573234707117081
7	4	97	8.449091524198593e-07
7	4	98	1.2592214055327788e-13
7	4	99	3.7373817373180746e-16
7	4	100	3.479145479199676e-17
7	4	101	2.3644885431524698e-18
7	4	102	1.154494223181459e-18
7	4	103	2.1748607481459267e-19
7	4	104	1.5756250045244297e-19
7	4	105	1.0161873112418171e-19
7	4	106	9.988731931748605e-20
7	4	107	7.652777759307976e-20
7	4	108	6.157685637505031e-20
7	4	109	4.937595849576449e-20
7	4	110	4.691969736557656e-20
7	4	111	2.5722103647589848e-20
7	4	112	0.19512780010700226
7	4	113	1.0933139265034697e-06
7	4	114	7.930553322333875e-14
7	4	115	4.517291823365004e-16
7	4	116	9.136608897575686e-17
7	4	117	7.748944743347625e-19
7	4	118	5.26088213752221e-19
7	4	119	4.060020873790762e-19
7	4	120	2.3314967029147337e-19
7	4	121	2.1181727682979606e-19
7	4	122	1.4176177393963746e-19
7	4	123	1.0366909860519899e-19
7	4	124	7.406218483160646e-20
7	4	125	4.6816645524654085e-20
7	4	126	2.4262039393554256e-20
7	4	127	8.670273728439989e-21
0	5	0	9.355096153740305e-06
0	5	1	2.3132834314765205e-08
0	5	2	2.1591210332756912e-14
0	5	3	1.3335955762065937e-19
0	5	4	9.270907827349355e-21
0	5	5	3.0702838016242575e-21
0	5	6	2.6905527685514737e-21
0	5	7	1.8843513627256088e-21
0	5	8	1.698295097728348e-21
0	5	9	1.2184493611425057e-21
0	5	10	1.1679715528343808e-21
0	5	11	6.337769601934109e-22
0	5	12	4.914542350138403e-22
0	5	13	4.842294808123663e-22
0	5	14	2.1157311324722506e-22
0	5	15	6.00191251329837e-23
0	5	16	2.1244852177915163e-05
0	5	17	9.307448145534636e-09
0	5	18	1.0311345419004858e-14
0	5	19	1.5439074101709374e-19
0	5	20	1.8006424618810897e-20
0	5	21	7.710085866121415e-21
0	5	22	6.273263852490786e-21
0	5	23	3.597288930545209e-21
0	5	24	2.4247046744951733e-21
0	5	25	2.2091845430403292e-21
0	5	26	2.010124215253975e-21
0	5	27	4.844046205550998e-22
0	5	28	4.297688968095105e-22
0	5	29	3.6122251345722426e-22
0	5	30	1.9407839980173212e-22
0	5	31	1.1556460113979732e-22
0	5	32	2.1817653760081157e-05
0	5	33	1.7432308041520628e-08
0	5	34	5.498191657548387e-15
0	5	35	2.3162504717556743e-19
0	5	36	7.568078180432954e-21
0	5	37	2.9326024563319687e-21
0	5	38	2.9053695137578993e-21
0	5	39	1.932885417763269e-21
0	5	40	1.864032123342641e-21
0	5	41	1.5464846351566013e-21
0	5	42	5.560148639326176e-22
0	5	43	4.0364717526097163e-22
0	5	44	1.8856154839272329e-22
0	5	45	1.4798489107820838e-22
0	5	46	4.1735566559487856e-23
0	5	47	3.675291597827659e-23
0	5	48	0.5046725273132324
0	5	49	1.7102622678066837e-06
0	5	50	1.3786909981716722e-12
0	5	51	1.9599669008271443e-15
0	5	52	1.7264794631198586e-16
0	5	53	1.0804013106580478e-16
0	5	54	5.502040482616482e-17
0	5	55	4.042270518763321e-17
0	5	56	3.6983499958874534e-17
0	5	57	1.0190930493921693e-17
0	5	58	9.96088329376457e-18
0	5	59	1.6580084712219548e-18
0	5	60	4.965828363988194e-19
0	5	61	3.316188530722226e-19
0	5	62	2.239750223767356e-19
0	5	63	1.2940803828631113e-19
0	5	64	0.2400224208831787
0	5	65	3.5078637665719725e-06
0	5	66	9.900402980073109e-13
0	5	67	2.4413617710148912e-15
0	5	68	9.866617625721905e-17
0	5	69	9.245330208567206e-17
0	5	70	4.193532074297218e-17
0	5	71	2.166145149282004e-17
0	5	72	2.0660817723259543e-17
0	5	73	4.45443584099859e-18
0	5	74	3.716673039072238e-18
0	5	75	2.3304883180492433e-18
0	5	76	2.237602759499592e-18
0	5	77	6.147258379648947e-19
0	5	78	3.524796501871681e-19
0	5	79	2.9462668984399765e-19
0	5	80	1.0811811989697162e-05
0	5	81	1.4577070217569599e-08
0	5	82	4.924471254901105e-15
0	5	83	7.140347770884471e-20
0	5	84	5.1332667967249316e-21
0	5	85	4.346875316438075e-21
0	5	86	1.759195260585606e-21
0	5	87	1.1874395797461788e-21
0	5	88	8.324858472910455e-22
0	5	89	4.0555929836458046e-22
0	5	90	2.6027583305730885e-22
0	5	91	2.520948532209621e-22
0	5	92	2.2329731548191354e-22
0	5	93	1.5568920960118438e-22
0	5	94	1.2619160514040649e-22
0	5	95	1.0658631643110008e-22
0	5	96	0.05835961550474167
0	5	97	1.2617858828889439e-06
0	5	98	5.426929522087121e-13
0	5	99	3.122831540816498e-16
0	5	100	1.2495005694241199e-17
0	5	101	1.7461830293879636e-18
0	5	102	1.1575242891628174e-18
0	5	103	6.91060598131914e-19
0	5	104	3.7408532344371764e-19
0	5	105	3.299186608713023e-19
0	5	106	2.1898420230150277e-19
0	5	107	2.0931864854260893e-19
0	5	108	8.042743658043004e-20
0	5	109	7.489674544618711e-20
0	5	110	6.761922980399118e-20
0	5	111	1.3829753830309112e-20
0	5	112	0.19687122106552124
0	5	113	1.7497496855867212e-06
0	5	114	3.3117960956084713e-13
0	5	115	2.6183545992995976e-15
0	5	116	3.194369362738085e-17
0	5	117	1.197379091846541e-18
0	5	118	6.89492005196572e-19
0	5	119	6.07595437687111e-19
0	5	120	5.23055304337507e-19
0	5	121	3.1772777640107233e-19
0	5	122	3.011618044240787e-19
0	5	123	1.0734695040376289e-19
0	5	124	9.96735125161867e-20
0	5	125	9.646270110863701e-20
0	5	126	4.5934725588830507e-20
0	5	127	5.5667199390190884e-21
1	5	0	4.760356659971876e-06
1	5	1	3.746376009416963e-08
1	5	2	9.644895830347028e-14
1	5	3	6.014871612278044e-20
1	5	4	9.597497958672184e-21
1	5	5	2.6390971261305603e-21
1	5	6	2.56822010687634e-21
1	5	7	1.8567597598078152e-21
1	5	8	1.5004434310665373e-21
1	5	9	6.369352310917793e-22
1	5	10	3.9456472304746176e-22
1	5	11	2.7959403950598723e-22
1	5	12	2.4344085976407035e-22
1	5	13	1.751801955207679e-22
1	5	14	1.2598342159207504e-22
1	5	15	7.992465430281723e-23
1	5	16	2.6397823603474535e-05
1	5	17	1.3698753242863404e-08
1	5	18	5.887427860767208e-14
1	5	19	1.8938873980951527e-19
1	5	20	1.5104305060521214e-20
1	5	21	1.1026360378390907e-20
1	5	22	1.0454101644107664e-20
1	5	23	4.8307056967412716e-21
1	5	24	3.813977535394641e-21
1	5	25	2.550261644192773e-21
1	5	26	1.6245482908533553e-21
1	5	27	9.321213777576112e-22
1	5	28	6.14002224161663e-22
1	5	29	5.130173250286115e-22
1	5	30	2.824575414830671e-22
1	5	31	2.503199288059893e-22
1	5	32	3.0608025554101914e-05
1	5	33	2.2707283164891123e-08
1	5	34	2.901880667184609e-14
1	5	35	5.540585506838774e-19
1	5	36	1.3585583684415383e-20
1	5	37	1.1296879942644858e-20
1	5	38	4.6008310736017914e-21
1	5	39	4.5373542512143664e-21
1	5	40	3.3728263223558778e-21
1	5	41	1.7420898279087344e-21
1	5	42	1.5626033479914481e-21
1	5	43	1.190388733084904e-21
1	5	44	1.0104283812664077e-21
1	5	45	8.0959964190071425e-22
1	5	46	3.574871750294686e-22
1	5	47	2.979460491179509e-22
1	5	48	0.41625726222991943
1	5	49	2.749010036495747e-06
1	5	50	7.756491629540285e-12
1	5	51	4.857820773380506e-15
1	5	52	1.0395558599291183e-16
1	5	53	9.61384843588244e-17
1	5	54	4.8719270483258423e-17
1	5	55	3.796692175424903e-17
1	5	56	1.582703064948954e-17
1	5	57	7.724324229402867e-18
1	5	58	6.158741714502714e-19
1	5	59	4.988345254237653e-19
1	5	60	1.1827535046408378e-19
1	5	61	7.275943352797226e-20
1	5	62	5.628201511296156e-20
1	5	63	2.1784470284657415e-20
1	5	64	0.2942327857017517
1	5	65	5.3046055654704105e-06
1	5	66	6.6512216741199115e-12
1	5	67	2.98926206833102e-15
1	5	68	1.6029673686825027e-16
1	5	69	1.5118320498627583e-16
1	5	70	4.931980029924947e-17
1	5	71	4.041682889656163e-17
1	5	72	1.103070824002329e-17
1	5	73	6.358100617331696e-18
1	5	74	4.886212953813001e-18
1	5	75	3.89250185879896e-18
1	5	76	5.698970431615247e-19
1	5	77	2.3910149329273383e-19
1	5	78	9.067028485870347e-20
1	5	79	4.375259405234721e-20
1	5	80	3.403177470318042e-05
1	5	81	2.6436618227876352e-08
1	5	82	2.6688080320995053e-14
1	5	83	1.9782543922027917e-19
1	5	84	1.865429929330885e-20
1	5	85	1.1195012327091526e-20
1	5	86	1.025542400852365e-20
1	5	87	7.294021288149345e-21
1	5	88	5.09670121312354e-21
1	5	89	4.982730830453434e-21
1	5	90	3.0894222487607413e-21
1	5	91	2.0448730711233047e-21
1	5	92	6.173361396737443e-22
1	5	93	4.802883064863331e-22
1	5	94	2.888152555081691e-22
1	5	95	8.355042310628129e-23
1	5	96	0.08201038092374802
1	5	97	2.855475486285286e-06
1	5	98	2.5650688170730795e-12
1	5	99	2.0018428597806372e-16
1	5	100	6.07052565254947e-17
1	5	101	2.0023881620558505e-18
1	5	102	1.0652096920309806e-18
1	5	103	6.292940912143903e-19
1	5	104	2.1456066010541939e-19
1	5	105	1.7677636804309834e-19
1	5	106	1.6388580509692217e-19
1	5	107	9.222369127498685e-20
1	5	108	6.721597279302304e-20
1	5	109	6.674438937098832e-20
1	5	110	1.8624124972409138e-20
1	5	111	3.4491775566649014e-21
1	5	112	0.20738773047924042
1	5	113	3.1954357382346643e-06
1	5	114	1.4797238954977754e-12
1	5	115	2.3016618975736603e-15
1	5	116	1.421212891745247e-16
1	5	117	1.5250829249289443e-18
1	5	118	1.9141911924651203e-19
1	5	119	1.722092712366458e-19
1	5	120	1.614642726277644e-19
1	5	121	1.0122174259129308e-19
1	5	122	9.8751374154252e-20
1	5	123	7.199942256609796e-20
1	5	124	6.957731494792052e-20
1	5	125	6.923505604477963e-20
1	5	126	3.1053400633354886e-20
1	5	127	7.991657661958326e-21
2	5	0	9.827737812884152e-06
2	5	1	2.2699877533227664e-08
2	5	2	4.57742432282901e-14
2	5	3	8.053030424441926e-20
2	5	4	9.546591615876794e-21
2	5	5	3.885338422995462e-21
2	5	6	3.455175423899478e-21
2	5	7	3.434532259296165e-21
2	5	8	1.1687438034843815e-21
2	5	9	1.0202705380860817e-21
2	5	10	1.019611681458041e-21
2	5	11	7.390181741178005e-22
2	5	12	3.661226902085165e-22
2	5	13	1.6732446619108738e-22
2	5	14	5.524300780309016e-23
2	5	15	1.0207864846725324e-23
2	5	16	1.784778396540787e-05
2	5	17	1.1446687153693347e-08
2	5	18	2.4584070808806105e-14
2	5	19	1.640539166317265e-19
2	5	20	1.2667565877465675e-20
2	5	21	5.6729528710081984e-21
2	5	22	3.9455537788563415e-21
2	5	23	3.3030638562756518e-21
2	5	24	2.7266853748009824e-21
2	5	25	1.057125614707028e-21
2	5	26	1.0215001008691698e-21
2	5	27	8.383347270996183e-22
2	5	28	4.429089213533407e-22
2	5	29	3.573246823047676e-22
2	5	30	1.5412735336126817e-22
2	5	31	1.408086171125256e-22
2	5	32	2.281884735566564e-05
2	5	33	2.5652855839553013e-08
2	5	34	1.1917985654895553e-14
2	5	35	4.1611312959661814e-19
2	5	36	9.98372991242336e-21
2	5	37	9.427173877287986e-21
2	5	38	3.7304605663016286e-21
2	5	39	2.7322355224510788e-21
2	5	40	1.2916938213930538e-21
2	5	41	1.1469858837586825e-21
2	5	42	1.0628360084059674e-21
2	5	43	9.594200545331909e-22
2	5	44	7.629198769959792e-22
2	5	45	6.06960687638592e-22
2	5	46	3.221557990241748e-22
2	5	47	2.539560853298533e-22
2	5	48	0.5396667718887329
2	5	49	1.8213477233075537e-06
2	5	50	3.966045374059757e-12
2	5	51	3.77819554342549e-15
2	5	52	2.351318198254819e-16
2	5	53	9.126631114154827e-17
2	5	54	6.536580385485527e-17
2	5	55	4.877899292348475e-17
2	5	56	4.670868889044008e-17
2	5	57	1.8161425327981566e-17
2	5	58	4.478396781802413e-18
2	5	59	1.1142120783137751e-18
2	5	60	1.4169853339686837e-19
2	5	61	1.189561718070032e-19
2	5	62	6.313733906298013e-20
2	5	63	1.4513486461243813e-20
2	5	64	0.21560905873775482
2	5	65	2.612464413687121e-06
2	5	66	3.1878176313948625e-12
2	5	67	2.2663344826842884e-15
2	5	68	1.3910054469148925e-16
2	5	69	7.686393862414248e-17
2	5	70	2.842476473118431e-17
2	5	71	2.6601054819270276e-17
2	5	72	6.947718266681944e-18
2	5	73	4.97711100414584e-18
2	5	74	2.066525678801681e-18
2	5	75	1.640131133630729e-18
2	5	76	6.596685251988555e-19
2	5	77	5.639555082191329e-19
2	5	78	1.1062086664476242e-19
2	5	79	6.034346384266126e-21
2	5	80	1.5498659195145592e-05
2	5	81	1.878985678160916e-08
2	5	82	1.2210870166298304e-14
2	5	83	2.0009358138459664e-19
2	5	84	1.639193123740791e-20
2	5	85	4.7200553456313156e-21
2	5	86	2.7064424719100912e-21
2	5	87	2.1724767877711547e-21
2	5	88	1.3765018465544384e-21
2	5	89	7.330471155322272e-22
2	5	90	3.989115359618468e-22
2	5	91	2.7721667779491526e-22
2	5	92	2.6420070005070927e-22
2	5	93	2.589295693473459e-22
2	5	94	2.073614795375587e-22
2	5	95	2.0612553013658187e-22
2	5	96	0.0520954504609108
2	5	97	1.5609190313625732e-06
2	5	98	8.145673805609599e-13
2	5	99	9.189424048814952e-17
2	5	100	4.20378481255369e-17
2	5	101	6.664827046682178e-18
2	5	102	5.830213492542325e-19
2	5	103	3.482686287850255e-19
2	5	104	1.131959186657312e-19
2	5	105	9.236418273215015e-20
2	5	106	8.159347690079425e-20
2	5	107	7.506170335490609e-20
2	5	108	6.28579135746506e-20
2	5	109	3.4583565149661124e-20
2	5	110	2.909066259847994e-20
2	5	111	1.6085047230150737e-20
2	5	112	0.19255462288856506
2	5	113	1.7572115211805794e-06
2	5	114	4.697502694987754e-13
2	5	115	8.103910960494674e-16
2	5	116	1.2752614386972466e-16
2	5	117	1.3292605294113565e-18
2	5	118	4.760881959518993e-19
2	5	119	2.850771740154085e-19
2	5	120	1.6986686376295754e-19
2	5	121	1.420846587218687e-19
2	5	122	1.0766524045618535e-19
2	5	123	1.0290258005834936e-19
2	5	124	7.869729139404735e-20
2	5	125	4.967182096759425e-20
2	5	126	9.652412573146761e-21
2	5	127	5.161827549974669e-21
3	5	0	1.3639762073580641e-05
3	5	1	4.08940081797482e-08
3	5	2	7.74792285451048e-14
3	5	3	2.6349641957481215e-19
3	5	4	8.66113112084929e-21
3	5	5	7.534037759521836e-21
3	5	6	4.660991499500118e-21
3	5	7	3.355786724854712e-21
3	5	8	1.4216466017335837e-21
3	5	9	1.4187269328600521e-21
3	5	10	9.257797943602991e-22
3	5	11	9.134250966248346e-22
3	5	12	5.704065141213332e-22
3	5	13	4.422757626581486e-22
3	5	14	2.335065892342156e-22
3	5	15	2.0800693184109778e-22
3	5	16	3.132489655399695e-05
3	5	17	1.2809913130240602e-08
3	5	18	4.8858374892537734e-14
3	5	19	2.1151358522271546e-19
3	5	20	2.716888292862344e-20
3	5	21	1.2605325383132461e-20
3	5	22	6.072620451261609e-21
3	5	23	4.3647925816497275e-21
3	5	24	2.3013194578023086e-21
3	5	25	2.057498682626284e-21
3	5	26	1.9874882239210053e-21
3	5	27	1.5529538499374909e-21
3	5	28	1.2606406210925035e-21
3	5	29	7.96379948716344e-22
3	5	30	4.000275280181321e-22
3	5	31	2.60510295140115e-22
3	5	32	3.109055614913814e-05
3	5	33	2.4680087307160647e-08
3	5	34	2.126846367479871e-14
3	5	35	4.759104555177769e-19
3	5	36	1.0649506100158411e-20
3	5	37	8.389889389146489e-21
3	5	38	7.870881214589914e-21
3	5	39	4.715952966001579e-21
3	5	40	2.574483738194442e-21
3	5	41	1.775372134557273e-21
3	5	42	7.675232400985166e-22
3	5	43	7.421979525198888e-22
3	5	44	6.626894570544555e-22
3	5	45	5.307871174271986e-22
3	5	46	2.398841446888057e-22
3	5	47	1.5486017358778228e-22
3	5	48	0.5200423002243042
3	5	49	3.1793206289876252e-06
3	5	50	6.187300671811613e-12
3	5	51	4.844889968407722e-15
3	5	52	4.740670293423724e-16
3	5	53	8.142435739471473e-17
3	5	54	7.676671512366545e-17
3	5	55	4.8011246892304884e-17
3	5	56	2.6483873104973564e-17
3	5	57	1.44579623632918e-17
3	5	58	9.724884529100129e-18
3	5	59	7.213187615415272e-19
3	5	60	5.636966523861921e-19
3	5	61	5.603893258032637e-19
3	5	62	1.4039886463348564e-19
3	5	63	6.849394745237187e-20
3	5	64	0.2075272649526596
3	5	65	4.393569724925328e-06
3	5	66	4.994041204881006e-12
3	5	67	1.5632119037729017e-15
3	5	68	1.7137621898591213e-16
3	5	69	7.184661175297554e-17
3	5	70	6.727854321609839e-17
3	5	71	4.541767171248162e-17
3	5	72	2.2505605851542656e-17
3	5	73	5.063973240270034e-18
3	5	74	2.244336836866386e-18
3	5	75	1.3591082044419902e-18
3	5	76	1.3264773768428452e-18
3	5	77	7.872643917088219e-19
3	5	78	4.610236860336601e-19
3	5	79	1.0766416770632844e-19
3	5	80	1.817097836465109e-05
3	5	81	2.4570953272018414e-08
3	5	82	1.975640313779843e-14
3	5	83	2.6883372492912814e-19
3	5	84	1.6870884967947452e-20
3	5	85	4.896451611258249e-21
3	5	86	4.070766224597639e-21
3	5	87	2.8066799600453257e-21
3	5	88	1.7317920755173027e-21
3	5	89	1.673601757154562e-21
3	5	90	1.146047126659695e-21
3	5	91	1.0026704328236512e-21
3	5	92	5.2048401340338595e-22
3	5	93	3.4852823950105463e-22
3	5	94	1.6421456193253994e-22
3	5	95	1.5542956707828356e-22
3	5	96	0.06698206812143326
3	5	97	2.649735051818425e-06
3	5	98	1.7354130285585079e-12
3	5	99	6.795290585007694e-16
3	5	100	4.5553309480605614e-17
3	5	101	4.513794321755395e-19
3	5	102	3.618561301713688e-19
3	5	103	3.4771899311737817e-19
3	5	104	2.9792879484930934e-19
3	5	105	2.968792060495561e-19
3	5	106	2.399461739451212e-19
3	5	107	2.289753550290128e-19
3	5	108	1.6223084933575084e-19
3	5	109	7.722448985104815e-20
3	5	110	7.712531865042129e-20
3	5	111	6.32963903851376e-20
3	5	112	0.2053423672914505
3	5	113	3.3107462513726205e-06
3	5	114	1.2477799826368652e-12
3	5	115	6.579632820263197e-16
3	5	116	5.210186347089397e-17
3	5	117	3.3106861769863116e-17
3	5	118	5.159711744752381e-19
3	5	119	4.908346549246118e-19
3	5	120	3.3507525311116957e-19
3	5	121	2.8426922535209734e-19
3	5	122	9.468556818605219e-20
3	5	123	9.390880035442515e-20
3	5	124	8.340164848339542e-20
3	5	125	3.317897369545487e-20
3	5	126	3.147858762407848e-20
3	5	127	1.1699264536560693e-20
4	5	0	1.0743838174676057e-05
4	5	1	3.713901364221783e-08
4	5	2	6.949295468499511e-14
4	5	3	9.659558638157395e-20
4	5	4	1.060976831121962e-20
4	5	5	5.277493895238578e-21
4	5	6	3.940766794178618e-21
4	5	7	2.124393683492242e-21
4	5	8	1.1897781421224884e-21
4	5	9	9.671687133499275e-22
4	5	10	5.329797720904785e-22
4	5	11	5.1926636557541025e-22
4	5	12	3.4433826475640203e-22
4	5	13	3.1590044759013425e-22
4	5	14	2.578429607820583e-22
4	5	15	5.95716011860082e-23
4	5	16	1.7776947061065584e-05
4	5	17	1.1468556770921623e-08
4	5	18	4.6757438415881425e-14
4	5	19	2.6887720361007546e-19
4	5	20	5.642951417931812e-21
4	5	21	4.922843034883952e-21
4	5	22	3.3380796879188572e-21
4	5	23	2.349755365921585e-21
4	5	24	2.2571894932916397e-21
4	5	25	1.6159059094289884e-21
4	5	26	8.720860588879651e-22
4	5	27	6.423018076537871e-22
4	5	28	3.2841864779225854e-22
4	5	29	2.528239374022291e-22
4	5	30	2.389899424537451e-22
4	5	31	1.6114478229507565e-22
4	5	32	2.3500311726820655e-05
4	5	33	2.6007951348105962e-08
4	5	34	1.983531950342822e-14
4	5	35	1.3788377028222987e-19
4	5	36	1.384802773638057e-20
4	5	37	5.7234940911113286e-21
4	5	38	4.539698468145645e-21
4	5	39	3.814449690734521e-21
4	5	40	1.9404388934593924e-21
4	5	41	1.72106740422574e-21
4	5	42	1.282589886919373e-21
4	5	43	9.44058042322181e-22
4	5	44	9.153146267521179e-22
4	5	45	7.088136619335232e-22
4	5	46	5.776011275253405e-22
4	5	47	5.75008009201247e-22
4	5	48	0.5390906929969788
4	5	49	2.787541234283708e-06
4	5	50	6.54632034344238e-12
4	5	51	3.2111279493041807e-15
4	5	52	2.0908923599677678e-16
4	5	53	1.028414134124723e-16
4	5	54	8.570935149108643e-17
4	5	55	4.7199475000202494e-17
4	5	56	2.8112368392325086e-17
4	5	57	1.5685332956197982e-17
4	5	58	7.818531002185919e-18
4	5	59	1.35683976500964e-18
4	5	60	3.9903577905530775e-19
4	5	61	2.9051366349504843e-19
4	5	62	1.632067932115927e-19
4	5	63	5.912839529954481e-20
4	5	64	0.21650663018226624
4	5	65	4.50386369266198e-06
4	5	66	4.083606716664967e-12
4	5	67	1.3386905745100988e-15
4	5	68	4.197889198543004e-16
4	5	69	4.266867260428209e-17
4	5	70	2.1176912251043628e-17
4	5	71	1.6936744726427406e-17
4	5	72	4.204375005920747e-18
4	5	73	2.100306701042581e-18
4	5	74	1.3633492628401261e-18
4	5	75	1.1419720528759016e-18
4	5	76	2.3690685388065993e-19
4	5	77	1.9950156563525302e-19
4	5	78	1.6438003258822553e-19
4	5	79	4.6170333122914605e-20
4	5	80	1.305288515141001e-05
4	5	81	2.3869359822015213e-08
4	5	82	1.7440154274081868e-14
4	5	83	9.107763899864316e-20
4	5	84	9.768013487131748e-21
4	5	85	5.7059795109927986e-21
4	5	86	2.262554252318122e-21
4	5	87	2.123705241424812e-21
4	5	88	1.3872071308003945e-21
4	5	89	1.185285093328937e-21
4	5	90	6.1793890513598e-22
4	5	91	5.1081694583934765e-22
4	5	92	3.89439575787775e-22
4	5	93	3.4216865745332906e-22
4	5	94	2.5654324617639063e-22
4	5	95	2.526511957966474e-22
4	5	96	0.05007132515311241
4	5	97	2.356106733714114e-06
4	5	98	1.922193524142579e-12
4	5	99	2.199386692599203e-16
4	5	100	1.400627377236232e-17
4	5	101	4.199239041497405e-18
4	5	102	2.9357865200789296e-19
4	5	103	1.7635630246358918e-19
4	5	104	1.6139329019144968e-19
4	5	105	1.0975343852552986e-19
4	5	106	1.0475596223130538e-19
4	5	107	7.843044163596804e-20
4	5	108	6.567887088209492e-20
4	5	109	3.179991821148692e-20
4	5	110	2.584770262255293e-20
4	5	111	2.1947468486182977e-20
4	5	112	0.1942516565322876
4	5	113	3.1015033528092317e-06
4	5	114	1.3739843681206954e-12
4	5	115	1.2093729956616007e-15
4	5	116	1.0915246399656199e-16
4	5	117	4.33297212286342e-19
4	5	118	2.511738582908214e-19
4	5	119	2.454022831149151e-19
4	5	120	2.1886190881781563e-19
4	5	121	1.6910729224078365e-19
4	5	122	1.0621170317417068e-19
4	5	123	7.048483547746776e-20
4	5	124	5.954075129725103e-20
4	5	125	5.831054631827715e-20
4	5	126	3.0809026923482286e-20
4	5	127	1.2963295871150453e-20
5	5	0	2.504804615455214e-05
5	5	1	4.407050013810476e-08
5	5	2	1.3283135442271332e-13
5	5	3	3.6990263297755497e-19
5	5	4	1.658990851596938e-20
5	5	5	1.207552347093435e-20
5	5	6	1.1795267570817994e-20
5	5	7	6.349634271897025e-21
5	5	8	4.83814466769928e-21
5	5	9	2.3550104669713542e-21
5	5	10	2.2254086729356625e-21
5	5	11	5.7188406952947385e-22
5	5	12	4.863751319874695e-22
5	5	13	4.305692687730605e-22
5	5	14	3.947056830248939e-22
5	5	15	3.6296063277780306e-22
5	5	16	5.973296720185317e-05
5	5	17	1.5584408430413532e-08
5	5	18	1.070770466109032e-13
5	5	19	7.459378796190015e-19
5	5	20	3.879045064874097e-20
5	5	21	2.6291581956415662e-20
5	5	22	1.8773923827050797e-20
5	5	23	9.684989272114572e-21
5	5	24	5.7987917606606625e-21
5	5	25	5.789827271551476e-21
5	5	26	4.5375420632186815e-21
5	5	27	3.0291255076979923e-21
5	5	28	1.2455683038494398e-21
5	5	29	7.5733029892239625e-22
5	5	30	7.528044840022857e-22
5	5	31	3.1913664532416396e-22
5	5	32	4.6403110900428146e-05
5	5	33	3.4214941990740044e-08
5	5	34	4.231412380315165e-14
5	5	35	2.955363041744704e-19
5	5	36	2.158807628148716e-20
5	5	37	1.5912130939210208e-20
5	5	38	1.2995458172018421e-20
5	5	39	7.702239767205666e-21
5	5	40	4.451039892999019e-21
5	5	41	2.833304230166701e-21
5	5	42	2.481803966671557e-21
5	5	43	1.7293123512151693e-21
5	5	44	1.7078908775101034e-21
5	5	45	1.2915374123636538e-21
5	5	46	9.083295348045372e-22
5	5	47	8.684189790166165e-22
5	5	48	0.4700566530227661
5	5	49	3.409596047276864e-06
5	5	50	9.867227694637659e-12
5	5	51	3.842760629829949e-15
5	5	52	3.6416490148282095e-16
5	5	53	1.253305021215435e-16
5	5	54	7.324627414130916e-17
5	5	55	4.774864020887645e-17
5	5	56	3.2777852335581374e-17
5	5	57	1.2284131713502443e-17
5	5	58	5.518841513474169e-18
5	5	59	2.0264473305574147e-18
5	5	60	6.573109570555028e-19
5	5	61	5.309372499005834e-19
5	5	62	2.0798983458733077e-19
5	5	63	1.7949014083773168e-19
5	5	64	0.29181569814682007
5	5	65	5.841126949235331e-06
5	5	66	1.034993011433949e-11
5	5	67	1.1192712846776112e-14
5	5	68	8.509064024523147e-17
5	5	69	6.386218802458088e-17
5	5	70	5.117512009109161e-17
5	5	71	2.286599520954221e-17
5	5	72	1.0720457607673026e-17
5	5	73	9.276236654102392e-18
5	5	74	3.9359792989753595e-18
5	5	75	3.907616516541835e-18
5	5	76	3.4023398568087184e-18
5	5	77	1.957708208063952e-18
5	5	78	1.0051518171415647e-19
5	5	79	6.03226114595241e-20
5	5	80	2.0302129996707663e-05
5	5	81	2.8230147108843084e-08
5	5	82	4.0218310181760336e-14
5	5	83	1.7402472588604655e-19
5	5	84	1.5175271340964582e-20
5	5	85	1.2348635244744631e-20
5	5	86	5.179221768851724e-21
5	5	87	3.445818751013539e-21
5	5	88	1.6511765999425654e-21
5	5	89	1.194528574141308e-21
5	5	90	7.933922232347972e-22
5	5	91	5.140257543227481e-22
5	5	92	4.416779449315104e-22
5	5	93	3.9821107796510846e-22
5	5	94	1.7858165014811054e-22
5	5	95	1.452597111276936e-22
5	5	96	0.07045981287956238
5	5	97	2.9526422622438986e-06
5	5	98	3.4569489198305048e-12
5	5	99	2.023507183244544e-16
5	5	100	4.3782047782611115e-17
5	5	101	7.01636929444017e-18
5	5	102	6.033850883692161e-19
5	5	103	5.710365361541048e-19
5	5	104	2.548876407472431e-19
5	5	105	1.9755511918103625e-19
5	5	106	1.5078771028987468e-19
5	5	107	1.3868445526578706e-19
5	5	108	1.0015763935672896e-19
5	5	109	8.327712548946351e-20
5	5	110	5.434504892404647e-20
5	5	111	3.96114823366624e-21
5	5	112	0.16750019788742065
5	5	113	3.0478984172077617e-06
5	5	114	1.9255677781437885e-12
5	5	115	5.391127010652798e-16
5	5	116	1.9056204463681407e-16
5	5	117	1.320660746172949e-18
5	5	118	1.0759684166681516e-18
5	5	119	4.034975912794188e-19
5	5	120	3.4877196818776403e-19
5	5	121	2.982956494509766e-19
5	5	122	2.269614287313876e-19
5	5	123	2.182697767461984e-19
5	5	124	1.2054780947722302e-19
5	5	125	9.610819605502122e-20
5	5	126	6.38959800069649e-20
5	5	127	2.2464231802417008e-20
6	5	0	6.34904290564009e-06
6	5	1	3.6223479327190944e-08
6	5	2	1.2948385311011001e-13
6	5	3	4.2716899301945463e-20
6	5	4	7.923437071849008e-21
6	5	5	5.531229528655302e-21
6	5	6	2.5659275887333465e-21
6	5	7	1.4189021230898836e-21
6	5	8	1.2254527294195385e-21
6	5	9	4.64901959494119e-22
6	5	10	4.543195608445347e-22
6	5	11	2.7081940712858184e-22
6	5	12	2.6483385874590138e-22
6	5	13	2.544083487531474e-22
6	5	14	1.849136536185896e-22
6	5	15	1.6028367435271088e-22
6	5	16	2.3437320123775862e-05
6	5	17	1.3473466786706467e-08
6	5	18	8.277587464208466e-14
6	5	19	5.377349167769676e-19
6	5	20	9.83973505456021e-21
6	5	21	6.7544030685257015e-21
6	5	22	3.6970643607601505e-21
6	5	23	3.473213454249389e-21
6	5	24	2.0386534645546015e-21
6	5	25	1.849439332555756e-21
6	5	26	1.7164068392412432e-21
6	5	27	1.4394663258720277e-21
6	5	28	8.996501968244825e-22
6	5	29	8.065829368249532e-22
6	5	30	6.057433427332039e-22
6	5	31	3.7183154405096886e-22
6	5	32	4.4392178097041324e-05
6	5	33	2.2708693592221607e-08
6	5	34	4.1135877256598397e-14
6	5	35	5.043941097183107e-19
6	5	36	2.379090672032989e-20
6	5	37	1.0073529899880081e-20
6	5	38	9.345165866578029e-21
6	5	39	4.861418412053354e-21
6	5	40	4.7672862276971e-21
6	5	41	3.404393077416614e-21
6	5	42	2.7789578984664703e-21
6	5	43	1.068387569694806e-21
6	5	44	1.0063018688038584e-21
6	5	45	9.111153118943475e-22
6	5	46	5.792358492693502e-22
6	5	47	4.759457597317235e-22
6	5	48	0.40496349334716797
6	5	49	2.832040081557352e-06
6	5	50	1.096947185863506e-11
6	5	51	3.6631341643539924e-15
6	5	52	1.6243323189391143e-15
6	5	53	1.2442777675800723e-16
6	5	54	1.2156577154324316e-16
6	5	55	2.0355690647623433e-17
6	5	56	1.5092899584042603e-17
6	5	57	6.035661892245769e-18
6	5	58	5.98561870595723e-18
6	5	59	3.889735663433006e-19
6	5	60	3.37656056622335e-19
6	5	61	1.4273612807773958e-19
6	5	62	1.3387994469883473e-19
6	5	63	7.235046380089868e-20
6	5	64	0.30356264114379883
6	5	65	5.419775789050618e-06
6	5	66	1.05874545242024e-11
6	5	67	2.3643738876477638e-15
6	5	68	1.0363957652913697e-16
6	5	69	8.151097313101639e-17
6	5	70	5.3214335367994086e-17
6	5	71	2.7310119003434407e-17
6	5	72	1.0991954828325181e-17
6	5	73	6.4644123511988485e-18
6	5	74	3.107675581945638e-18
6	5	75	2.646597457087914e-18
6	5	76	7.089228913757489e-19
6	5	77	5.524090491448701e-19
6	5	78	3.0736594336156198e-19
6	5	79	2.4283271439667873e-20
6	5	80	3.7578618503175676e-05
6	5	81	2.76038552016189e-08
6	5	82	3.789387220350972e-14
6	5	83	2.969696789290541e-19
6	5	84	2.1836338709591038e-20
6	5	85	9.428014790391177e-21
6	5	86	7.748341353864859e-21
6	5	87	7.180937458918963e-21
6	5	88	3.990329372375392e-21
6	5	89	2.7901553309430884e-21
6	5	90	1.9095527044788082e-21
6	5	91	1.810324554405473e-21
6	5	92	1.5007211101051751e-21
6	5	93	1.1502195823813644e-21
6	5	94	1.0748531494046442e-21
6	5	95	6.63956380290015e-22
6	5	96	0.08970089256763458
6	5	97	3.149507165289833e-06
6	5	98	3.5248824258732325e-12
6	5	99	3.6003765403798556e-16
6	5	100	2.7522921142181024e-17
6	5	101	4.8736269872027e-18
6	5	102	9.17223461530064e-19
6	5	103	2.352676662499154e-19
6	5	104	1.1022358730618968e-19
6	5	105	1.0980159594681693e-19
6	5	106	1.045311952868897e-19
6	5	107	8.868703532957663e-20
6	5	108	3.2479434160002163e-20
6	5	109	3.005756564872054e-20
6	5	110	1.5028228677973344e-20
6	5	111	3.520113544849509e-21
6	5	112	0.20164574682712555
6	5	113	3.47482841789315e-06
6	5	114	2.025632482929862e-12
6	5	115	2.73422044791275e-15
6	5	116	1.529734223551876e-16
6	5	117	1.4435280864100443e-18
6	5	118	4.239957213945481e-19
6	5	119	3.3206351435025814e-19
6	5	120	2.373262344512243e-19
6	5	121	1.7964085573027826e-19
6	5	122	1.3454495913723615e-19
6	5	123	1.3121169268728594e-19
6	5	124	6.372068880293755e-20
6	5	125	6.216412876056882e-20
6	5	126	3.638826645109869e-20
6	5	127	2.1934505418917406e-21
7	5	0	1.1473733138700482e-05
7	5	1	2.754583050545989e-08
7	5	2	3.579258336114735e-14
7	5	3	1.0286202882128866e-19
7	5	4	5.674213028972635e-21
7	5	5	4.769925289280313e-21
7	5	6	3.1611409889117196e-21
7	5	7	1.8367204208957945e-21
7	5	8	1.0719681146802955e-21
7	5	9	6.89424798791286e-22
7	5	10	4.414717556235473e-22
7	5	11	2.9461642500919407e-22
7	5	12	2.8821539305406456e-22
7	5	13	1.3254876380743122e-22
7	5	14	8.605364915250308e-23
7	5	15	3.762858944839536e-23
7	5	16	2.2306589016807266e-05
7	5	17	1.0474035860852382e-08
7	5	18	1.987954478767026e-14
7	5	19	2.2757160368011617e-19
7	5	20	1.377610987511534e-20
7	5	21	1.0298144979105173e-20
7	5	22	6.768692532828198e-21
7	5	23	3.638598685765277e-21
7	5	24	3.309766321448997e-21
7	5	25	2.672843308234918e-21
7	5	26	2.5478221076205952e-21
7	5	27	4.410891643954024e-22
7	5	28	3.1838701289403778e-22
7	5	29	3.130052144720028e-22
7	5	30	2.973493925945652e-22
7	5	31	2.8332289034165833e-22
7	5	32	3.0474935556412674e-05
7	5	33	1.9752759428115496e-08
7	5	34	9.511476960319572e-15
7	5	35	3.0345270697993845e-19
7	5	36	1.5806292210481768e-20
7	5	37	1.2449846931921603e-20
7	5	38	4.3325317299665924e-21
7	5	39	3.100283437165118e-21
7	5	40	2.639787991578691e-21
7	5	41	2.310311815789555e-21
7	5	42	1.3153974128989389e-21
7	5	43	1.188011295643185e-21
7	5	44	9.144208031702918e-22
7	5	45	4.221231559419126e-22
7	5	46	2.7847044914146284e-22
7	5	47	1.8904631288531246e-22
7	5	48	0.5100144743919373
7	5	49	2.2456715669250116e-06
7	5	50	2.569145850922494e-12
7	5	51	2.2880267847052342e-15
7	5	52	5.361576678101056e-16
7	5	53	2.0916503221066624e-16
7	5	54	1.0564060584024155e-16
7	5	55	4.3952218686947974e-17
7	5	56	3.052779864670648e-17
7	5	57	1.536402788214156e-17
7	5	58	4.698550074652789e-18
7	5	59	1.2348980398779916e-18
7	5	60	1.0916960152449286e-18
7	5	61	2.9626660125777817e-19
7	5	62	1.917927334647475e-19
7	5	63	3.282728299462632e-20
7	5	64	0.2397278994321823
7	5	65	3.976004791184096e-06
7	5	66	1.832502465742847e-12
7	5	67	3.1692794395121347e-15
7	5	68	1.9995104751510337e-16
7	5	69	4.93132391026307e-17
7	5	70	2.4959791171983385e-17
7	5	71	1.8568963980896642e-17
7	5	72	9.222657684285495e-18
7	5	73	8.65930467374503e-18
7	5	74	6.924265628364534e-18
7	5	75	3.6280964711285284e-18
7	5	76	2.748670303906039e-18
7	5	77	4.869095795204711e-19
7	5	78	3.558295507222489e-19
7	5	79	2.3323572292457303e-19
7	5	80	1.2302259165153373e-05
7	5	81	1.8759431341663912e-08
7	5	82	8.32365978849529e-15
7	5	83	9.074875715697091e-20
7	5	84	7.470146135137784e-21
7	5	85	3.587284811115363e-21
7	5	86	1.4516266482804458e-21
7	5	87	1.1149501035581379e-21
7	5	88	6.675085515264655e-22
7	5	89	4.625362855462188e-22
7	5	90	3.8909401684596474e-22
7	5	91	3.6494348830561763e-22
7	5	92	2.3799534662444246e-22
7	5	93	2.116335715470012e-22
7	5	94	1.2211486033464568e-22
7	5	95	9.720876081927789e-23
7	5	96	0.056021276861429214
7	5	97	1.8518894648877904e-06
7	5	98	9.09888050321106e-13
7	5	99	2.134557834841013e-16
7	5	100	6.08159200565645e-17
7	5	101	9.496217893385357e-18
7	5	102	1.6617471207955413e-18
7	5	103	3.906372075009037e-19
7	5	104	1.1651658353603705e-19
7	5	105	1.0968323157103942e-19
7	5	106	1.0494252377117877e-19
7	5	107	1.0067271438440807e-19
7	5	108	7.913514781907493e-20
7	5	109	6.303464588240138e-20
7	5	110	5.1701754502542057e-20
7	5	111	1.0713463155821385e-20
7	5	112	0.19415012001991272
7	5	113	2.4306968953169417e-06
7	5	114	5.760985221855974e-13
7	5	115	5.94177042416861e-16
7	5	116	1.1177246925131754e-16
7	5	117	3.2870381172491862e-18
7	5	118	1.1131326076143934e-18
7	5	119	4.1566634866826294e-19
7	5	120	3.439940954214753e-19
7	5	121	2.1287736048357105e-19
7	5	122	1.5377140245814173e-19
7	5	123	1.1232209282144843e-19
7	5	124	7.839594561948516e-20
7	5	125	5.760976278073135e-20
7	5	126	2.5852552615128875e-20
7	5	127	1.5389742148575963e-20
0	6	0	8.303715731017292e-06
0	6	1	5.003460401553639e-08
0	6	2	9.922212384399012e-14
0	6	3	4.900988583827003e-20
0	6	4	2.194276712762335e-20
0	6	5	7.968028892331579e-21
0	6	6	3.686767416162286e-21
0	6	7	3.6187806822905995e-21
0	6	8	2.5651365568829143e-21
0	6	9	1.06993005151089e-21
0	6	10	8.72630410777891e-22
0	6	11	7.04799735699367e-22
0	6	12	6.702193552758435e-22
0	6	13	3.9958988060968996e-22
0	6	14	3.688705262442292e-22
0	6	15	1.4732424215819113e-22
0	6	16	2.098248660331592e-05
0	6	17	1.8430132087132733e-08
0	6	18	4.7077630422470707e-14
0	6	19	2.383297079318277e-19
0	6	20	3.098320337238725e-20
0	6	21	1.4520262233683358e-20
0	6	22	6.889107492575401e-21
0	6	23	5.615797033282128e-21
0	6	24	4.9458869619682294e-21
0	6	25	3.859543554918949e-21
0	6	26	2.555983246027454e-21
0	6	27	1.1920833830141614e-21
0	6	28	9.084786736918347e-22
0	6	29	2.6133141730091595e-22
0	6	30	1.3412792450016437e-22
0	6	31	8.430750238335275e-23
0	6	32	2.3420268917107023e-05
0	6	33	3.145011362448713e-08
0	6	34	2.5210307677699627e-14
0	6	35	2.530095530158356e-19
0	6	36	1.0847505996939756e-20
0	6	37	7.672362714338589e-21
0	6	38	3.680275987058305e-21
0	6	39	2.5633608246743745e-21
0	6	40	2.233672603073915e-21
0	6	41	1.4337177639270501e-21
0	6	42	1.2904614313324813e-21
0	6	43	1.0688278171887917e-21
0	6	44	8.850167134366624e-22
0	6	45	5.003133575496385e-22
0	6	46	2.1103248478077175e-22
0	6	47	1.4463916158521054e-22
0	6	48	0.5117305517196655
0	6	49	3.307722863610252e-06
0	6	50	6.108746754968086e-12
0	6	51	2.3440143919693226e-15
0	6	52	7.150440911879582e-16
0	6	53	1.5588660688881155e-16
0	6	54	7.94693524128926e-17
0	6	55	5.171908067935138e-17
0	6	56	4.091360379395893e-17
0	6	57	1.827840686457004e-17
0	6	58	1.123488950242588e-17
0	6	59	1.5691361862092575e-18
0	6	60	1.0317288329548609e-18
0	6	61	6.577800201616086e-19
0	6	62	4.95576467786072e-19
0	6	63	1.3718245036975562e-19
0	6	64	0.2331760972738266
0	6	65	6.950637271074811e-06
0	6	66	4.476311682433121e-12
0	6	67	2.1726799555305118e-15
0	6	68	1.7391566346644993e-16
0	6	69	8.340509100230971e-17
0	6	70	3.752889322395525e-17
0	6	71	1.85304984280517e-17
0	6	72	1.7779856837578205e-17
0	6	73	1.3803995025368601e-17
0	6	74	1.7233219286061059e-18
0	6	75	1.1184638900598743e-18
0	6	76	5.106106305155882e-19
0	6	77	4.339905447360263e-19
0	6	78	1.8993965502217266e-19
0	6	79	4.818740658427663e-20
0	6	80	1.1358795745763928e-05
0	6	81	2.6658932839040972e-08
0	6	82	2.278814412019249e-14
0	6	83	4.660829617669302e-20
0	6	84	1.2656384398912004e-20
0	6	85	4.625942548320668e-21
0	6	86	2.7321091027578517e-21
0	6	87	1.3881392236024547e-21
0	6	88	9.409901433291148e-22
0	6	89	5.3292156046656045e-22
0	6	90	4.265368137739624e-22
0	6	91	3.2692773854671427e-22
0	6	92	2.8503061642928078e-22
0	6	93	2.5236276300614964e-22
0	6	94	1.312323884594453e-22
0	6	95	1.1635745052575513e-22
0	6	96	0.05872752517461777
0	6	97	2.35708193940809e-06
0	6	98	2.4772100603448477e-12
0	6	99	6.5791674815378e-16
0	6	100	2.541160384000475e-17
0	6	101	3.534270201427251e-18
0	6	102	6.0255020463720865e-19
0	6	103	3.975950889221818e-19
0	6	104	3.685880620384492e-19
0	6	105	1.8762529414112879e-19
0	6	106	1.6566764260924088e-19
0	6	107	7.557322409089064e-20
0	6	108	6.814228583211172e-20
0	6	109	6.4774587989164e-20
0	6	110	4.507547557166971e-20
0	6	111	1.8312953196898614e-20
0	6	112	0.1962856650352478
0	6	113	3.3089468161051627e-06
0	6	114	1.5220650260994173e-12
0	6	115	3.361622622383457e-15
0	6	116	7.271480728902139e-17
0	6	117	9.211477097535922e-19
0	6	118	4.48839677502272e-19
0	6	119	4.386071948310496e-19
0	6	120	4.2590472500134976e-19
0	6	121	2.937426405643316e-19
0	6	122	2.429360699679824e-19
0	6	123	1.0008651474874647e-19
0	6	124	8.28631539046234e-20
0	6	125	4.4939246033365616e-20
0	6	126	3.2887777039267794e-20
0	6	127	1.3532867884030033e-20
1	6	0	4.375162916403497e-06
1	6	1	7.371718879767286e-08
1	6	2	4.338309767849824e-13
1	6	3	1.0880043598698927e-19
1	6	4	4.0740903759049795e-20
1	6	5	4.2037641847371645e-21
1	6	6	2.622288961486325e-21
1	6	7	1.3949684113916147e-21
1	6	8	1.0548757076746908e-21
1	6	9	9.146350704139243e-22
1	6	10	5.765427664913471e-22
1	6	11	4.332502851346574e-22
1	6	12	2.7014843359703706e-22
1	6	13	2.251853309962588e-22
1	6	14	1.813568375691291e-22
1	6	15	1.3839522023530312e-22
1	6	16	2.6387584512121975e-05
1	6	17	2.510163277236188e-08
1	6	18	2.635290260750295e-13
1	6	19	1.592447273244344e-19
1	6	20	3.6272903836215955e-20
1	6	21	1.030696285368196e-20
1	6	22	7.080599804381427e-21
1	6	23	6.951371412922056e-21
1	6	24	5.770467287029257e-21
1	6	25	5.511503209750473e-21
1	6	26	1.7014295387164916e-21
1	6	27	1.0986912385394259e-21
1	6	28	9.976841250832833e-22
1	6	29	9.43129685565368e-22
1	6	30	4.821253300317649e-22
1	6	31	3.8696144182922646e-22
1	6	32	3.296328941360116e-05
1	6	33	3.8612220976119715e-08
1	6	34	1.2771780974387553e-13
1	6	35	3.692503493657686e-19
1	6	36	4.407194069875523e-20
1	6	37	1.8273949692312178e-20
1	6	38	7.690180217044724e-21
1	6	39	5.7615807499992805e-21
1	6	40	4.309112986667252e-21
1	6	41	3.1857475926512548e-21
1	6	42	1.5332522697106496e-21
1	6	43	1.4395225684991264e-21
1	6	44	7.113978945283804e-22
1	6	45	5.870197480804449e-22
1	6	46	3.174421973432982e-22
1	6	47	8.86000606001203e-23
1	6	48	0.4255381226539612
1	6	49	4.8731003516877536e-06
1	6	50	3.3984485364735306e-11
1	6	51	1.2107370363440353e-15
1	6	52	2.752124924472693e-16
1	6	53	7.577765857395824e-17
1	6	54	4.0809369110609897e-17
1	6	55	3.198329903510989e-17
1	6	56	8.576812432796955e-18
1	6	57	6.685214153649466e-18
1	6	58	1.8954820989185784e-18
1	6	59	1.6736785807461593e-18
1	6	60	6.006135680280689e-19
1	6	61	5.016556249028774e-19
1	6	62	3.2883776845524276e-19
1	6	63	9.217785383682405e-20
1	6	64	0.28589507937431335
1	6	65	1.0005414878833108e-05
1	6	66	2.9354518815694064e-11
1	6	67	6.499567560319577e-15
1	6	68	4.060477425790103e-16
1	6	69	1.3439112091409415e-16
1	6	70	3.4770024196686735e-17
1	6	71	2.057760997108161e-17
1	6	72	1.0991817516343497e-17
1	6	73	9.823623424459358e-18
1	6	74	2.9513907653468597e-18
1	6	75	2.533765472042312e-18
1	6	76	2.1715011023892543e-18
1	6	77	8.501629469934127e-19
1	6	78	8.068553373365278e-19
1	6	79	4.150492719312984e-19
1	6	80	3.373769868630916e-05
1	6	81	4.797707475745483e-08
1	6	82	1.2161223362974066e-13
1	6	83	3.706293111456828e-19
1	6	84	6.933203650925294e-20
1	6	85	1.7406080517792064e-20
1	6	86	1.0877777253067503e-20
1	6	87	1.050281886633663e-20
1	6	88	4.937740767742359e-21
1	6	89	3.607844369084497e-21
1	6	90	2.4402973117695463e-21
1	6	91	2.3259523148327696e-21
1	6	92	1.9461194997705506e-21
1	6	93	8.3184753891186415e-22
1	6	94	6.716967592226904e-22
1	6	95	3.312649084253939e-22
1	6	96	0.08227051794528961
1	6	97	4.941938186675543e-06
1	6	98	1.1635151175859448e-11
1	6	99	4.959515019632265e-16
1	6	100	2.662559230496105e-17
1	6	101	1.5369588603809447e-18
1	6	102	8.462761803913909e-19
1	6	103	3.103640594917604e-19
1	6	104	2.565397013762705e-19
1	6	105	2.247455669667229e-19
1	6	106	2.238530649351723e-19
1	6	107	1.423681102533359e-19
1	6	108	1.2531910357270252e-19
1	6	109	8.027606252833284e-20
1	6	110	1.788505201979008e-20
1	6	111	3.626882043973504e-21
1	6	112	0.20617173612117767
1	6	113	5.659137514157919e-06
1	6	114	6.676251999154781e-12
1	6	115	1.3466998004219802e-15
1	6	116	7.771818458633824e-17
1	6	117	7.255031580677032e-19
1	6	118	6.188725460744113e-19
1	6	119	3.3120554710928166e-19
1	6	120	2.3109585837868663e-19
1	6	121	2.172213253197874e-19
1	6	122	1.6808240253713338e-19
1	6	123	1.3670144484355603e-19
1	6	124	1.1686962163653527e-19
1	6	125	9.086412946537645e-20
1	6	126	5.009349567188876e-20
1	6	127	1.714654533046145e-21
2	6	0	8.316751518577803e-06
2	6	1	4.8614797520940556e-08
2	6	2	2.0654364449226165e-13
2	6	3	7.088175938687103e-20
2	6	4	3.5925384581367114e-20
2	6	5	1.4132783046664817e-20
2	6	6	7.323944385249737e-21
2	6	7	3.865812436895236e-21
2	6	8	3.7778962240366336e-21
2	6	9	2.791388427823032e-21
2	6	10	7.289069715532356e-22
2	6	11	6.65069469338169e-22
2	6	12	4.1990232947798545e-22
2	6	13	2.617145386435892e-22
2	6	14	6.015253728927468e-23
2	6	15	3.2833266510903307e-24
2	6	16	1.7354679584968835e-05
2	6	17	2.2063646909487034e-08
2	6	18	1.0838325273073227e-13
2	6	19	1.436080927656441e-19
2	6	20	1.9324294586844062e-20
2	6	21	7.310236128418658e-21
2	6	22	5.598860025563965e-21
2	6	23	3.287665089457346e-21
2	6	24	2.6938051474003913e-21
2	6	25	1.5385668445617853e-21
2	6	26	1.0426892329495428e-21
2	6	27	6.84207058193988e-22
2	6	28	5.924816442833524e-22
2	6	29	5.387290913419251e-22
2	6	30	4.503596053180701e-22
2	6	31	3.4130075899629214e-22
2	6	32	2.3624061213922687e-05
2	6	33	4.594501135102291e-08
2	6	34	5.250977129782515e-14
2	6	35	3.110672147112188e-19
2	6	36	1.5462871700191613e-20
2	6	37	1.4260512981057502e-20
2	6	38	7.290131762124498e-21
2	6	39	3.2712844495584167e-21
2	6	40	1.9100260715090388e-21
2	6	41	1.1046581066958707e-21
2	6	42	1.0820495803441772e-21
2	6	43	7.7774293943654205e-22
2	6	44	6.875278975477043e-22
2	6	45	6.1367335120572e-22
2	6	46	5.033548013033873e-22
2	6	47	3.8189044198207406e-22
2	6	48	0.5450317859649658
2	6	49	3.337300540806609e-06
2	6	50	1.7050924908112997e-11
2	6	51	3.473723621304301e-15
2	6	52	3.640190794669952e-16
2	6	53	1.6268898290442303e-16
2	6	54	1.0267119287729869e-16
2	6	55	5.3655000950080686e-17
2	6	56	4.561576492557582e-17
2	6	57	2.5993012548956022e-17
2	6	58	3.6258424039593214e-18
2	6	59	1.2960621525144235e-18
2	6	60	2.706054682530343e-19
2	6	61	1.7288939464592338e-19
2	6	62	5.73598573005123e-20
2	6	63	2.5275311410124707e-20
2	6	64	0.21107544004917145
2	6	65	4.9975096771959215e-06
2	6	66	1.3581209074020606e-11
2	6	67	9.143432674408106e-16
2	6	68	2.1416150751295195e-16
2	6	69	7.447978572308294e-17
2	6	70	1.746497233943642e-17
2	6	71	1.735535105593844e-17
2	6	72	1.078860240089637e-17
2	6	73	1.0332902811176619e-17
2	6	74	3.978723857129037e-18
2	6	75	8.714653810072791e-19
2	6	76	7.545906541154007e-19
2	6	77	4.227388463031679e-19
2	6	78	2.9863737844153757e-19
2	6	79	3.095947039739037e-20
2	6	80	1.6000463801901788e-05
2	6	81	3.341664722711357e-08
2	6	82	5.506424648389109e-14
2	6	83	9.389462842408664e-20
2	6	84	3.016796194875369e-20
2	6	85	1.0030972103599081e-20
2	6	86	4.400581875633284e-21
2	6	87	2.1731238304182787e-21
2	6	88	2.05497008681335e-21
2	6	89	1.3240468625170166e-21
2	6	90	1.286573318946377e-21
2	6	91	6.88006565723218e-22
2	6	92	6.09472218812424e-22
2	6	93	6.0283054010499135e-22
2	6	94	4.773745950903578e-22
2	6	95	1.5437529549922275e-22
2	6	96	0.05257715657353401
2	6	97	2.7644621241051937e-06
2	6	98	3.612990982782005e-12
2	6	99	5.433592478067801e-16
2	6	100	1.7299822421417757e-17
2	6	101	2.302724000788901e-18
2	6	102	2.271854912798129e-19
2	6	103	2.0332034833068065e-19
2	6	104	1.5361993793316503e-19
2	6	105	1.263455183906072e-19
2	6	106	1.258484345412511e-19
2	6	107	7.921354256915994e-20
2	6	108	4.467945962223568e-20
2	6	109	3.236154153566775e-20
2	6	110	2.6823446165590188e-20
2	6	111	1.109699707905896e-20
2	6	112	0.19123491644859314
2	6	113	3.227697561669629e-06
2	6	114	2.0699414404745653e-12
2	6	115	1.3714016105045206e-15
2	6	116	6.077828002997088e-17
2	6	117	8.993169658222458e-19
2	6	118	8.586150267936913e-19
2	6	119	7.675880913816582e-19
2	6	120	5.678343649065472e-19
2	6	121	5.06708716168599e-19
2	6	122	3.947868365919584e-19
2	6	123	2.2942779697468516e-19
2	6	124	1.4390742874981173e-19
2	6	125	5.496244877843781e-20
2	6	126	5.102071667094669e-20
2	6	127	5.233896064740135e-21
3	6	0	1.2339226486801635e-05
3	6	1	8.245319094157821e-08
3	6	2	3.4683375420806184e-13
3	6	3	1.1652044802046132e-19
3	6	4	7.197381874120003e-20
3	6	5	9.473082401284679e-21
3	6	6	4.776855754187929e-21
3	6	7	2.9636683793811984e-21
3	6	8	1.9435062875814793e-21
3	6	9	1.9011801261058014e-21
3	6	10	1.2515302242702871e-21
3	6	11	9.603855697940835e-22
3	6	12	4.75798185944462e-22
3	6	13	2.9597033751449403e-22
3	6	14	2.914189003921819e-22
3	6	15	1.4551739727554947e-22
3	6	16	3.060638118768111e-05
3	6	17	2.4001781895321983e-08
3	6	18	2.1890159769468592e-13
3	6	19	1.8156732060282305e-19
3	6	20	4.148746334244731e-20
3	6	21	1.7180903214244377e-20
3	6	22	9.267495707322574e-21
3	6	23	4.32585168106473e-21
3	6	24	3.842249906340979e-21
3	6	25	3.1716822910635855e-21
3	6	26	2.2967235163031676e-21
3	6	27	1.8008602430267384e-21
3	6	28	1.617986785657442e-21
3	6	29	1.564788328615842e-21
3	6	30	1.2528761093270155e-21
3	6	31	1.0496359799462424e-22
3	6	32	3.275450580986217e-05
3	6	33	4.3067352351044974e-08
3	6	34	9.407513830439473e-14
3	6	35	5.461602683037031e-19
3	6	36	3.3416859207397756e-20
3	6	37	1.3805547488281998e-20
3	6	38	1.0776619688059516e-20
3	6	39	8.447621587582575e-21
3	6	40	5.121016203385407e-21
3	6	41	2.5290477734344124e-21
3	6	42	2.0275703348677063e-21
3	6	43	1.2839976691581686e-21
3	6	44	8.710056349921744e-22
3	6	45	6.329878468527002e-22
3	6	46	5.319631133993786e-22
3	6	47	2.347614965404667e-22
3	6	48	0.5276667475700378
3	6	49	5.732776116929017e-06
3	6	50	2.7106277292188174e-11
3	6	51	5.87578327532483e-15
3	6	52	5.832441234688538e-16
3	6	53	2.3677374025417514e-16
3	6	54	9.856521390037327e-17
3	6	55	8.603293131182737e-17
3	6	56	1.914943135831083e-17
3	6	57	1.2429910715936338e-17
3	6	58	4.716654576719737e-18
3	6	59	4.297338526243131e-18
3	6	60	1.4198365996907599e-18
3	6	61	7.202778064394175e-19
3	6	62	3.585109083766278e-19
3	6	63	7.986185183659691e-20
3	6	64	0.20147624611854553
3	6	65	8.309503755299374e-06
3	6	66	2.1954611739705143e-11
3	6	67	4.5051569117252836e-15
3	6	68	2.35510814129819e-16
3	6	69	1.1005845837787907e-16
3	6	70	4.1500703505524566e-17
3	6	71	1.6110210969113395e-17
3	6	72	1.1043578343174003e-17
3	6	73	8.76717398870562e-18
3	6	74	8.538702567615412e-18
3	6	75	4.78608232707315e-18
3	6	76	1.3778804480584218e-18
3	6	77	1.3121741832808846e-18
3	6	78	6.362762193673738e-19
3	6	79	9.771790245174648e-20
3	6	80	1.8670274585019797e-05
3	6	81	4.3277491812432345e-08
3	6	82	8.993658275795527e-14
3	6	83	1.0996809189448737e-19
3	6	84	4.6251099554912165e-20
3	6	85	1.2555558029266465e-20
3	6	86	6.7261294858890135e-21
3	6	87	3.443408698906554e-21
3	6	88	2.08704312649217e-21
3	6	89	2.0561888453574804e-21
3	6	90	1.8870916004530824e-21
3	6	91	1.4710452988104642e-21
3	6	92	8.76079588334556e-22
3	6	93	7.322214495326122e-22
3	6	94	4.901796882264928e-22
3	6	95	1.682684234611621e-22
3	6	96	0.06712794303894043
3	6	97	4.633343451132532e-06
3	6	98	7.778838337357818e-12
3	6	99	2.678303885537113e-16
3	6	100	3.098564642447703e-17
3	6	101	4.6841798794612115e-18
3	6	102	6.906444745850115e-19
3	6	103	2.760578292606776e-19
3	6	104	9.659632955165554e-20
3	6	105	9.150923340793978e-20
3	6	106	8.922509693099677e-20
3	6	107	6.552993959774416e-20
3	6	108	6.423178948626729e-20
3	6	109	4.2118993121911675e-20
3	6	110	3.6693237603189337e-20
3	6	111	3.28183706082022e-21
3	6	112	0.20361027121543884
3	6	113	5.89859155297745e-06
3	6	114	5.6576358181681385e-12
3	6	115	5.51949538320478e-16
3	6	116	1.54586623073013e-16
3	6	117	3.311720152752003e-18
3	6	118	1.9584450191945835e-18
3	6	119	7.541573665707878e-19
3	6	120	3.702455510402465e-19
3	6	121	3.28074771888345e-19
3	6	122	2.7595308751561305e-19
3	6	123	1.4131258901762703e-19
3	6	124	1.2517686728143461e-19
3	6	125	1.0344155285091302e-19
3	6	126	6.092072120353676e-20
3	6	127	1.2943639830285949e-20
4	6	0	9.963128832168877e-06
4	6	1	7.255063394495664e-08
4	6	2	3.106698925892104e-13
4	6	3	2.3439871301642844e-19
4	6	4	9.230679061480575e-20
4	6	5	7.876803957022765e-21
4	6	6	3.0864071592721142e-21
4	6	7	2.9822149157815023e-21
4	6	8	1.3200238486052322e-21
4	6	9	9.887147892126949e-22
4	6	10	9.209021348546856e-22
4	6	11	8.218590199952791e-22
4	6	12	3.445275661301061e-22
4	6	13	3.0422538192351017e-22
4	6	14	2.9716556907098697e-22
4	6	15	1.9603411851440709e-22
4	6	16	1.7105590814026073e-05
4	6	17	2.1797497140596533e-08
4	6	18	2.073928187388066e-13
4	6	19	1.099489116440338e-19
4	6	20	3.281338894527484e-20
4	6	21	9.78009646330613e-21
4	6	22	4.2596497670792115e-21
4	6	23	3.0733913834763e-21
4	6	24	2.3156678910351926e-21
4	6	25	1.8493078641527354e-21
4	6	26	9.491986386338357e-22
4	6	27	6.878126952671508e-22
4	6	28	6.4567283118285e-22
4	6	29	4.3627678470741765e-22
4	6	30	4.06589260405986e-22
4	6	31	1.1091653171203925e-22
4	6	32	2.4714758183108643e-05
4	6	33	4.54863844367992e-08
4	6	34	8.692766423129203e-14
4	6	35	4.33981032158982e-19
4	6	36	2.7352352234722556e-20
4	6	37	6.797687071223386e-21
4	6	38	5.8463401055982566e-21
4	6	39	4.6149961376949786e-21
4	6	40	3.82447965955851e-21
4	6	41	3.3323796945620922e-21
4	6	42	2.5497676784265854e-21
4	6	43	1.4299974706544789e-21
4	6	44	9.76632519857683e-22
4	6	45	8.192427280932338e-22
4	6	46	3.2448779807775293e-22
4	6	47	1.0262741482280481e-22
4	6	48	0.5468571186065674
4	6	49	5.004007107345387e-06
4	6	50	2.8663875092926894e-11
4	6	51	1.8033253096496433e-15
4	6	52	2.0472219881852963e-16
4	6	53	1.7081973157445586e-16
4	6	54	9.85640227602912e-17
4	6	55	8.981164455120231e-17
4	6	56	4.6790778294429844e-17
4	6	57	1.0996137053502249e-17
4	6	58	6.794646012787169e-18
4	6	59	7.90312759061233e-19
4	6	60	4.746869002954462e-19
4	6	61	3.318453454636973e-19
4	6	62	2.4826824421756112e-20
4	6	63	2.4074001207040493e-20
4	6	64	0.20966969430446625
4	6	65	8.508241080562584e-06
4	6	66	1.7755857548151788e-11
4	6	67	2.935181343989438e-15
4	6	68	1.254645318505567e-16
4	6	69	7.60359639182014e-17
4	6	70	3.5029133560485296e-17
4	6	71	2.2155093030056986e-17
4	6	72	1.1308413451172656e-17
4	6	73	9.078807667040073e-18
4	6	74	3.651957323078233e-18
4	6	75	1.7099298744888724e-18
4	6	76	9.426700187140329e-19
4	6	77	8.367193491842595e-19
4	6	78	1.3180236103695989e-20
4	6	79	8.626975791303274e-22
4	6	80	1.319158218393568e-05
4	6	81	4.247927165579313e-08
4	6	82	7.85975830860236e-14
4	6	83	1.0809979462111125e-19
4	6	84	3.9623030553495466e-20
4	6	85	6.7238119261454445e-21
4	6	86	4.116608509521842e-21
4	6	87	3.4614681357859896e-21
4	6	88	1.6024928001724324e-21
4	6	89	1.3909542832090667e-21
4	6	90	9.49792467879737e-22
4	6	91	7.04487674947036e-22
4	6	92	4.954750274933156e-22
4	6	93	4.5281691334872075e-22
4	6	94	4.348342673452433e-22
4	6	95	2.792428512527573e-22
4	6	96	0.050790704786777496
4	6	97	4.094434189028107e-06
4	6	98	8.539933517293097e-12
4	6	99	2.5419194049305536e-16
4	6	100	2.870768697045705e-17
4	6	101	1.7800027223225004e-18
4	6	102	6.897332834414961e-19
4	6	103	2.447676546393279e-19
4	6	104	2.245519033058089e-19
4	6	105	1.7931848793592986e-19
4	6	106	1.477663167802511e-19
4	6	107	1.2976309263955245e-19
4	6	108	1.239196044491423e-19
4	6	109	5.3761637791777966e-20
4	6	110	4.741238358675419e-20
4	6	111	3.910114744163413e-20
4	6	112	0.1925945281982422
4	6	113	5.524813332158374e-06
4	6	114	6.185403751690632e-12
4	6	115	4.631997025082181e-16
4	6	116	1.4478123732669922e-16
4	6	117	4.2018091950581837e-19
4	6	118	3.260312480344269e-19
4	6	119	2.8539432023214017e-19
4	6	120	2.7336246123467354e-19
4	6	121	2.5628151762757736e-19
4	6	122	1.680350076729735e-19
4	6	123	1.6632221389240882e-19
4	6	124	4.8924159553771416e-20
4	6	125	4.885782677722805e-20
4	6	126	1.6193844098921334e-20
4	6	127	2.400120285078729e-21
5	6	0	2.2016511138645e-05
5	6	1	8.810027907202311e-08
5	6	2	5.943280806733342e-13
5	6	3	5.962756261006877e-19
5	6	4	1.6226299305736677e-19
5	6	5	2.835790982272867e-20
5	6	6	1.0803446512417803e-20
5	6	7	7.705642193709644e-21
5	6	8	3.516740198913941e-21
5	6	9	3.49301207067846e-21
5	6	10	1.1770804350436592e-21
5	6	11	9.445930036118912e-22
5	6	12	3.295601358330006e-22
5	6	13	3.19019313308565e-22
5	6	14	2.276394330961907e-22
5	6	15	1.6375769156155938e-22
5	6	16	5.839483128511347e-05
5	6	17	2.8562231690898443e-08
5	6	18	4.700777527649747e-13
5	6	19	5.992527008240543e-19
5	6	20	7.106493465611178e-20
5	6	21	4.3219459991685444e-20
5	6	22	3.5356423260424146e-20
5	6	23	1.4092453145041455e-20
5	6	24	8.522607448815068e-21
5	6	25	7.030291228825578e-21
5	6	26	6.7199749067024495e-21
5	6	27	3.446362799980877e-21
5	6	28	8.72857400770203e-22
5	6	29	6.608198188437583e-22
5	6	30	4.278568999236465e-22
5	6	31	3.196776903091752e-22
5	6	32	4.76886925753206e-05
5	6	33	6.005411989917775e-08
5	6	34	1.8257227327178605e-13
5	6	35	4.780223510192014e-19
5	6	36	4.972063431725768e-20
5	6	37	2.0926202544474026e-20
5	6	38	1.362015886466782e-20
5	6	39	1.1770953792246477e-20
5	6	40	4.874561617284354e-21
5	6	41	4.491238528167752e-21
5	6	42	4.23021982795144e-21
5	6	43	3.510364688186817e-21
5	6	44	2.073476031586915e-21
5	6	45	1.6044562434110913e-21
5	6	46	3.2846141036420876e-22
5	6	47	2.6573353883108784e-22
5	6	48	0.47890612483024597
5	6	49	5.942923507973319e-06
5	6	50	4.2715397191583904e-11
5	6	51	3.442498386978482e-15
5	6	52	3.2434058867647595e-16
5	6	53	1.6905211939732394e-16
5	6	54	1.31827311001433e-16
5	6	55	4.5967319994633305e-17
5	6	56	4.222582326537835e-17
5	6	57	9.104410561359815e-18
5	6	58	3.739133887835197e-18
5	6	59	2.7876861386534807e-18
5	6	60	1.9683842146398675e-18
5	6	61	1.4650852403537887e-18
5	6	62	5.8344755406485045e-19
5	6	63	3.873256674667301e-19
5	6	64	0.2822735905647278
5	6	65	1.0850790204131044e-05
5	6	66	4.4746369803894126e-11
5	6	67	4.830703860607107e-15
5	6	68	2.3290393788574586e-16
5	6	69	1.5000859528156073e-16
5	6	70	4.376966323447997e-17
5	6	71	3.4785489165419027e-17
5	6	72	3.094754317674039e-17
5	6	73	1.3601779144101438e-17
5	6	74	4.4246362458410606e-18
5	6	75	4.412565199162074e-18
5	6	76	7.365622009660192e-19
5	6	77	5.2048034278941775e-19
5	6	78	3.4310099885385947e-19
5	6	79	2.697238488164176e-19
5	6	80	2.0741164917126298e-05
5	6	81	4.8668916008409724e-08
5	6	82	1.8152054295436648e-13
5	6	83	1.6735151091776036e-19
5	6	84	1.0690186907307254e-19
5	6	85	1.5445166480791283e-20
5	6	86	5.722319963161772e-21
5	6	87	3.9644597833939366e-21
5	6	88	3.075998739162011e-21
5	6	89	3.0704631317961196e-21
5	6	90	1.0252966296596216e-21
5	6	91	3.8160801715623046e-22
5	6	92	3.121417336360351e-22
5	6	93	1.3589488457543805e-22
5	6	94	6.73698383329162e-23
5	6	95	4.255271286132647e-23
5	6	96	0.07079386711120605
5	6	97	4.9778918764786795e-06
5	6	98	1.555539377862125e-11
5	6	99	2.3115052674537026e-16
5	6	100	9.273265090469857e-17
5	6	101	9.31208335312799e-18
5	6	102	1.7848280804258285e-18
5	6	103	5.452711525427851e-19
5	6	104	4.065892822164123e-19
5	6	105	3.750823087263913e-19
5	6	106	1.7394008204492765e-19
5	6	107	1.243257630546029e-19
5	6	108	1.2111092560391556e-19
5	6	109	5.57825014205561e-20
5	6	110	5.3848591922498335e-20
5	6	111	4.608176986740888e-20
5	6	112	0.16784979403018951
5	6	113	5.271064310363727e-06
5	6	114	8.541709006770759e-12
5	6	115	1.558440778939255e-15
5	6	116	6.506956731644288e-17
5	6	117	9.83434533955927e-18
5	6	118	8.633484127526611e-19
5	6	119	6.12424414705619e-19
5	6	120	4.887145910146384e-19
5	6	121	4.879599438020486e-19
5	6	122	2.921351442908055e-19
5	6	123	2.6288042851240157e-19
5	6	124	1.7474134863985304e-19
5	6	125	1.3449762889656163e-19
5	6	126	1.3049032656965434e-19
5	6	127	1.3219856762567572e-20
6	6	0	6.676476004940923e-06
6	6	1	6.151232412321406e-08
6	6	2	5.757405728383513e-13
6	6	3	1.5484159322502636e-19
6	6	4	5.97092505729675e-20
6	6	5	5.151119842348012e-21
6	6	6	3.3319095587061295e-21
6	6	7	2.131554975411613e-21
6	6	8	1.3689512991099953e-21
6	6	9	7.721038840069836e-22
6	6	10	5.601792417186176e-22
6	6	11	4.450980419197652e-22
6	6	12	3.8285686601072946e-22
6	6	13	2.935713925690552e-22
6	6	14	2.4163955584042697e-22
6	6	15	2.102662799607487e-22
6	6	16	2.3710534151177853e-05
6	6	17	2.396438425478209e-08
6	6	18	3.6728874607504236e-13
6	6	19	1.4302854934897414e-19
6	6	20	5.2451260916871794e-20
6	6	21	1.4616239418546518e-20
6	6	22	4.472480349852908e-21
6	6	23	3.82598094390268e-21
6	6	24	2.871590010168905e-21
6	6	25	2.4014537503093657e-21
6	6	26	1.2159287422910456e-21
6	6	27	1.1545995400755432e-21
6	6	28	1.0486337858087007e-21
6	6	29	1.0346855133140428e-21
6	6	30	7.962361614614275e-22
6	6	31	4.163350373557036e-22
6	6	32	4.7327979700639844e-05
6	6	33	3.843017282179062e-08
6	6	34	1.7834286835955587e-13
6	6	35	4.818967616108232e-19
6	6	36	5.777433941088672e-20
6	6	37	1.5371248522654294e-20
6	6	38	1.256689460418499e-20
6	6	39	1.1248990708822013e-20
6	6	40	7.51712013884928e-21
6	6	41	4.801655016693181e-21
6	6	42	2.8916226847839986e-21
6	6	43	2.0753882809082687e-21
6	6	44	2.0724537688279445e-21
6	6	45	1.910262755024154e-21
6	6	46	7.773122844911638e-22
6	6	47	6.53226458340267e-22
6	6	48	0.41434237360954285
6	6	49	4.929684109811205e-06
6	6	50	4.773159992255138e-11
6	6	51	5.791583118170069e-15
6	6	52	1.7440687640140842e-16
6	6	53	1.6038236660526176e-16
6	6	54	9.345026648203527e-17
6	6	55	2.6328667552279014e-17
6	6	56	1.7023825338233313e-17
6	6	57	1.076696583761382e-17
6	6	58	9.158201289413525e-18
6	6	59	9.85750205401254e-19
6	6	60	4.643482800118756e-19
6	6	61	2.733280815404643e-19
6	6	62	2.44963696444503e-19
6	6	63	1.7701420831860148e-19
6	6	64	0.2950964868068695
6	6	65	1.0091094736708328e-05
6	6	66	4.630418964923777e-11
6	6	67	2.2248074218957255e-15
6	6	68	1.5277627543671416e-16
6	6	69	1.0759887322239959e-16
6	6	70	5.185695845257417e-17
6	6	71	4.885747251128133e-17
6	6	72	2.4874601495057774e-17
6	6	73	1.0614153318431386e-17
6	6	74	8.787695512522449e-18
6	6	75	2.5272383966238093e-18
6	6	76	1.4640174535805593e-18
6	6	77	1.2595853486572133e-18
6	6	78	8.036723463394238e-19
6	6	79	1.1544966271751143e-20
6	6	80	3.701636160258204e-05
6	6	81	4.951686349841111e-08
6	6	82	1.713205722035302e-13
6	6	83	4.215943385281242e-19
6	6	84	9.58282471164603e-20
6	6	85	1.775043160627134e-20
6	6	86	1.1536740509858928e-20
6	6	87	8.945694176264603e-21
6	6	88	3.501079101134769e-21
6	6	89	3.030838433956702e-21
6	6	90	2.625979366396919e-21
6	6	91	2.4600926970243492e-21
6	6	92	1.8574587031916155e-21
6	6	93	1.1883111890049139e-21
6	6	94	1.0590485672931437e-21
6	6	95	5.206974728534515e-22
6	6	96	0.08991832286119461
6	6	97	5.35887465957785e-06
6	6	98	1.585204710552457e-11
6	6	99	2.007986230928395e-16
6	6	100	2.032420980787089e-17
6	6	101	1.1305986503255425e-17
6	6	102	7.05670520604767e-19
6	6	103	5.235489243680481e-19
6	6	104	2.2802174502970987e-19
6	6	105	1.4408015440147046e-19
6	6	106	1.0428452098093844e-19
6	6	107	9.309166869384493e-20
6	6	108	8.998138558011459e-20
6	6	109	4.790174492961027e-20
6	6	110	2.2729448201903957e-20
6	6	111	9.337037847707415e-21
6	6	112	0.2004995197057724
6	6	113	6.048450359230628e-06
6	6	114	9.124934315096755e-12
6	6	115	1.3888385248775792e-15
6	6	116	1.792109825804388e-16
6	6	117	2.6277079606196532e-18
6	6	118	7.67198179120416e-19
6	6	119	7.018572696796858e-19
6	6	120	2.6511901189451734e-19
6	6	121	2.5952628867668147e-19
6	6	122	2.0673295949595059e-19
6	6	123	1.9681128993989501e-19
6	6	124	8.869933317883982e-20
6	6	125	6.984093353173204e-20
6	6	126	3.2293606096687565e-20
6	6	127	1.5096958985823404e-20
7	6	0	1.0714908057707362e-05
7	6	1	5.5412204602589554e-08
7	6	2	1.6406112037480047e-13
7	6	3	8.303691353204782e-20
7	6	4	3.620003762530313e-20
7	6	5	9.414230600964805e-21
7	6	6	6.00900711176137e-21
7	6	7	2.53671918699131e-21
7	6	8	1.3103220459178152e-21
7	6	9	1.2476134352125562e-21
7	6	10	4.830259188847142e-22
7	6	11	4.0567791780117674e-22
7	6	12	3.940742661345805e-22
7	6	13	2.981712973053841e-22
7	6	14	1.2814742482727732e-22
7	6	15	9.474062330612032e-23
7	6	16	2.163924727938138e-05
7	6	17	2.0578699633233555e-08
7	6	18	9.039063985152862e-14
7	6	19	1.2747105271035044e-19
7	6	20	2.3699454795028762e-20
7	6	21	1.2250137743952599e-20
7	6	22	5.73948072969798e-21
7	6	23	5.1979044184680585e-21
7	6	24	5.133244178505057e-21
7	6	25	4.27123918138419e-21
7	6	26	2.320997309093121e-21
7	6	27	1.0198158512820868e-21
7	6	28	6.6285162161302e-22
7	6	29	4.410454930556894e-22
7	6	30	1.7454032204155054e-22
7	6	31	1.5630559395808787e-22
7	6	32	3.222340455977246e-05
7	6	33	3.563737749345819e-08
7	6	34	4.2996910285669765e-14
7	6	35	1.6797126306701864e-19
7	6	36	2.0335173918869218e-20
7	6	37	1.3081290277474302e-20
7	6	38	9.895421919684788e-21
7	6	39	5.979054530195784e-21
7	6	40	5.193810116773991e-21
7	6	41	2.749628933534567e-21
7	6	42	2.2515224175227278e-21
7	6	43	1.7252857022323336e-21
7	6	44	8.481743595643955e-22
7	6	45	5.074007363576337e-22
7	6	46	3.3500850149366175e-22
7	6	47	3.3033521376048557e-22
7	6	48	0.5177042484283447
7	6	49	4.233962499711197e-06
7	6	50	1.1367068744605469e-11
7	6	51	3.264389381027531e-15
7	6	52	2.847917733362254e-16
7	6	53	1.6456291095132516e-16
7	6	54	1.3781668097146815e-16
7	6	55	8.512806189614336e-17
7	6	56	1.7685832871710527e-17
7	6	57	1.2967706327090752e-17
7	6	58	5.05101214725194e-18
7	6	59	1.771889528079427e-18
7	6	60	1.2465752451878261e-18
7	6	61	1.2383541038748147e-18
7	6	62	4.835938777338406e-19
7	6	63	8.292631689921006e-20
7	6	64	0.23241685330867767
7	6	65	7.773252946208231e-06
7	6	66	8.21413596863163e-12
7	6	67	3.578296191389949e-15
7	6	68	3.0798684415449837e-16
7	6	69	7.276034854482611e-17
7	6	70	7.252626304891851e-17
7	6	71	2.3080291236475097e-17
7	6	72	2.2137541911819836e-17
7	6	73	1.9417475927086187e-17
7	6	74	8.75469679634587e-18
7	6	75	5.350296432631283e-18
7	6	76	6.562165971050951e-19
7	6	77	6.171066705629754e-19
7	6	78	4.849250698333798e-19
7	6	79	4.1683833434927987e-19
7	6	80	1.3064151062280871e-05
7	6	81	3.3370849195080154e-08
7	6	82	3.8178156789398995e-14
7	6	83	9.965244525996074e-20
7	6	84	1.6000353305830683e-20
7	6	85	5.595226973996624e-21
7	6	86	5.330772323843306e-21
7	6	87	2.638727156676899e-21
7	6	88	1.9988320689816324e-21
7	6	89	4.0696584366947677e-22
7	6	90	3.7350382819584154e-22
7	6	91	2.8976708876552153e-22
7	6	92	2.0370481263015895e-22
7	6	93	1.2746795684150512e-22
7	6	94	1.0196067589659925e-22
7	6	95	5.385411404980908e-23
7	6	96	0.056394122540950775
7	6	97	3.3845672078314237e-06
7	6	98	4.1181958017333375e-12
7	6	99	5.813359699969266e-16
7	6	100	2.048521555102066e-17
7	6	101	3.160849026467231e-18
7	6	102	3.9229430876178886e-19
7	6	103	3.3047062298442243e-19
7	6	104	3.220609361905372e-19
7	6	105	2.844208837475301e-19
7	6	106	2.2438085786476943e-19
7	6	107	6.572537394215688e-20
7	6	108	3.235460743568908e-20
7	6	109	2.3544888342754986e-20
7	6	110	2.271423906462549e-20
7	6	111	5.151070970837212e-21
7	6	112	0.19338588416576385
7	6	113	4.5016113290330395e-06
7	6	114	2.6390068515874665e-12
7	6	115	4.1518624869803895e-16
7	6	116	9.901415459730785e-17
7	6	117	1.2783309570579206e-17
7	6	118	4.687413845463564e-19
7	6	119	3.2353163747026236e-19
7	6	120	2.760458609911897e-19
7	6	121	2.1295587801827823e-19
7	6	122	2.095641273140811e-19
7	6	123	1.591170054679774e-19
7	6	124	1.0442226593997413e-19
7	6	125	1.0030435405553202e-19
7	6	126	1.451430717950783e-20
7	6	127	3.874785003940092e-21
0	7	0	7.646347512491047e-06
0	7	1	9.246004140095465e-08
0	7	2	3.416614322189482e-13
0	7	3	1.9112996792363647e-19
0	7	4	6.65287343380078e-20
0	7	5	5.649321678000751e-21
0	7	6	3.947945251711286e-21
0	7	7	2.8908171126493614e-21
0	7	8	2.7967362231846083e-21
0	7	9	1.5873841322188561e-21
0	7	10	1.0524359691541212e-21
0	7	11	8.68496022328064e-22
0	7	12	7.405138039070016e-22
0	7	13	4.078468435284276e-22
0	7	14	3.614688904951429e-22
0	7	15	1.9402913701592288e-22
0	7	16	2.092353861371521e-05
0	7	17	3.2147873696430906e-08
0	7	18	1.6071023093040815e-13
0	7	19	1.7715011150830452e-19
0	7	20	4.674272918210423e-20
0	7	21	2.7946539333174124e-20
0	7	22	1.20110599287049e-20
0	7	23	9.47938319110686e-21
0	7	24	3.3915693545413414e-21
0	7	25	2.9909829091055294e-21
0	7	26	2.590892650868214e-21
0	7	27	1.4272546075979127e-21
0	7	28	8.659857028445824e-22
0	7	29	4.191273777682453e-22
0	7	30	3.8501003976342487e-22
0	7	31	1.26972804628516e-22
0	7	32	2.5454819478909485e-05
0	7	33	4.971120048935518e-08
0	7	34	8.666956312786828e-14
0	7	35	2.219751064507355e-19
0	7	36	4.960262537064963e-20
0	7	37	8.666894727949452e-21
0	7	38	5.051991454780195e-21
0	7	39	4.623372149190645e-21
0	7	40	2.9146274338802793e-21
0	7	41	2.6280935641100093e-21
0	7	42	2.5085508194667166e-21
0	7	43	1.7799440441977974e-21
0	7	44	1.1621353452873896e-21
0	7	45	6.206351181140551e-22
0	7	46	3.0084703776524688e-22
0	7	47	1.2603509513681064e-22
0	7	48	0.5182285904884338
0	7	49	5.6916878747870214e-06
0	7	50	2.0296389569018913e-11
0	7	51	2.338300519465382e-15
0	7	52	4.478396599822678e-16
0	7	53	2.032680947110002e-16
0	7	54	1.2628309654984937e-16
0	7	55	6.712921395447542e-17
0	7	56	4.861066497755266e-17
0	7	57	1.3620700073432976e-17
0	7	58	3.852700409264746e-18
0	7	59	1.2616277609871833e-18
0	7	60	8.361222281795728e-19
0	7	61	6.787731920239568e-19
0	7	62	5.045536521789569e-19
0	7	63	4.803921717753775e-19
0	7	64	0.22663284838199615
0	7	65	1.2204406630189624e-05
0	7	66	1.517513198434628e-11
0	7	67	1.0086078700748471e-15
0	7	68	2.2675482279581446e-16
0	7	69	8.760092826353799e-17
0	7	70	6.4561301225976e-17
0	7	71	2.1733753695802075e-17
0	7	72	8.674862286705928e-18
0	7	73	8.355848502946277e-18
0	7	74	3.4625883839046308e-18
0	7	75	3.1988544600964393e-18
0	7	76	3.0108681533167194e-18
0	7	77	2.783087428037992e-18
0	7	78	1.8926221219506763e-18
0	7	79	3.0260862086361637e-19
0	7	80	1.2153884199506138e-05
0	7	81	4.249842433523554e-08
0	7	82	7.891939461960804e-14
0	7	83	1.2156749052795362e-19
0	7	84	4.7215491982746694e-20
0	7	85	8.76904911021905e-21
0	7	86	3.896284025827585e-21
0	7	87	1.1315747980884807e-21
0	7	88	9.413482988018596e-22
0	7	89	9.325260823346513e-22
0	7	90	8.917750173403229e-22
0	7	91	6.246765598165855e-22
0	7	92	3.6261754770379158e-22
0	7	93	2.511019234658913e-22
0	7	94	1.7128775386601568e-22
0	7	95	1.4240246955075757e-22
0	7	96	0.05916089937090874
0	7	97	3.909838142135413e-06
0	7	98	8.442402159303253e-12
0	7	99	3.0344693284567253e-16
0	7	100	3.9979445567145643e-17
0	7	101	3.081844178981679e-18
0	7	102	2.3017167015979644e-18
0	7	103	9.840779563954014e-19
0	7	104	7.755492394883865e-19
0	7	105	3.5461734338394657e-19
0	7	106	2.951875699980969e-19
0	7	107	2.7037458146455543e-19
0	7	108	2.0702660861340691e-19
0	7	109	1.5213650582682482e-19
0	7	110	7.00432050408954e-20
0	7	111	2.81430819703607e-20
0	7	112	0.1958836317062378
0	7	113	5.5470513871114235e-06
0	7	114	5.2259164877443975e-12
0	7	115	5.137773103381933e-16
0	7	116	6.726278707979048e-17
0	7	117	3.753646358092133e-18
0	7	118	1.5290671437468826e-18
0	7	119	8.644153206464897e-19
0	7	120	3.989515617291922e-19
0	7	121	3.3768717929288233e-19
0	7	122	2.7475794077744464e-19
0	7	123	2.152992160701556e-19
0	7	124	1.7435563690515897e-19
0	7	125	1.6896947619591408e-19
0	7	126	1.321263734990106e-19
0	7	127	3.398963654515098e-20
1	7	0	4.461497610463994e-06
1	7	1	1.1640722163974715e-07
1	7	2	1.4576634170537783e-12
1	7	3	7.899670492639741e-19
1	7	4	3.0715610444226346e-20
1	7	5	5.011692249312377e-21
1	7	6	2.335265164917702e-21
1	7	7	1.4545897360582008e-21
1	7	8	1.3435964765790761e-21
1	7	9	1.2807251964442733e-21
1	7	10	7.657847673682523e-22
1	7	11	4.0801163341608464e-22
1	7	12	3.6728967423371527e-22
1	7	13	2.608848084325905e-22
1	7	14	2.139387745733508e-22
1	7	15	1.770788385692283e-22
1	7	16	2.6679717848310247e-05
1	7	17	4.0649158705718946e-08
1	7	18	8.784896096160344e-13
1	7	19	3.519302730134622e-19
1	7	20	1.3677175519562304e-19
1	7	21	1.761140225546421e-20
1	7	22	8.746388885079072e-21
1	7	23	5.28871737905773e-21
1	7	24	4.4213458053748556e-21
1	7	25	3.2652266036514946e-21
1	7	26	2.41508587259676e-21
1	7	27	1.210592558961994e-21
1	7	28	1.1559192728155418e-21
1	7	29	4.472134513232059e-22
1	7	30	4.292752339659105e-22
1	7	31	3.593801887665094e-22
1	7	32	3.58636025339365e-05
1	7	33	5.790453272425111e-08
1	7	34	4.2016940599541586e-13
1	7	35	3.44463132678187e-19
1	7	36	2.28543540899866e-19
1	7	37	1.353114405255817e-20
1	7	38	1.2959979878558139e-20
1	7	39	9.976853165787946e-21
1	7	40	6.47052623374551e-21
1	7	41	6.076996269013757e-21
1	7	42	2.853072756285403e-21
1	7	43	2.4864049568804916e-21
1	7	44	2.274156591320172e-21
1	7	45	5.72675858686375e-22
1	7	46	1.324731088911769e-22
1	7	47	1.7652487204258952e-23
1	7	48	0.4339769780635834
1	7	49	7.739837201370392e-06
1	7	50	1.1109036607281908e-10
1	7	51	2.2612584259896302e-15
1	7	52	3.230734273873835e-16
1	7	53	1.1831111361786751e-16
1	7	54	6.081098344266878e-17
1	7	55	5.0162217578685725e-17
1	7	56	2.9478986569548445e-17
1	7	57	2.313787955072104e-17
1	7	58	6.94424989837351e-18
1	7	59	5.074307621252965e-18
1	7	60	1.865279873597889e-18
1	7	61	1.1552867656058614e-18
1	7	62	5.420360491670902e-19
1	7	63	3.9739204193119417e-19
1	7	64	0.27804481983184814
1	7	65	1.6793015674920753e-05
1	7	66	9.68658764310959e-11
1	7	67	2.5270783289034742e-15
1	7	68	1.9119170775397924e-16
1	7	69	1.7232191803663176e-16
1	7	70	7.480861979507482e-17
1	7	71	5.664092112932765e-17
1	7	72	2.7434844604917603e-17
1	7	73	2.0275996758687624e-17
1	7	74	9.493827341415079e-18
1	7	75	6.8772983131837734e-18
1	7	76	4.748766141689352e-18
1	7	77	1.012816278827025e-18
1	7	78	1.5461211522852825e-19
1	7	79	8.100707046997951e-20
1	7	80	3.392818325664848e-05
1	7	81	7.649785516150587e-08
1	7	82	4.13590656948154e-13
1	7	83	5.036031182575569e-19
1	7	84	1.2767272968344852e-19
1	7	85	2.0876209816202852e-20
1	7	86	1.6592625933528588e-20
1	7	87	7.509214263209576e-21
1	7	88	6.115121298096139e-21
1	7	89	4.536292810467399e-21
1	7	90	2.628684869001014e-21
1	7	91	2.2701121708788634e-21
1	7	92	1.0762055977841041e-21
1	7	93	9.6667767583542e-22
1	7	94	5.688875088057886e-22
1	7	95	4.800286008545599e-22
1	7	96	0.08263419568538666
1	7	97	7.6155461101734545e-06
1	7	98	3.947244961444163e-11
1	7	99	9.687051008417627e-16
1	7	100	4.3582991731283904e-17
1	7	101	1.5841997655493075e-17
1	7	102	2.689092206696601e-18
1	7	103	2.475013107879355e-18
1	7	104	1.1310489260919857e-18
1	7	105	2.9796327794109514e-19
1	7	106	2.7991453301731193e-19
1	7	107	1.808177657208793e-19
1	7	108	1.1426682029095474e-19
1	7	109	1.0113088843323149e-19
1	7	110	6.960023689817618e-20
1	7	111	6.182409290532417e-20
1	7	112	0.2052007019519806
1	7	113	8.91845684236614e-06
1	7	114	2.2647019676247382e-11
1	7	115	3.7007044166085753e-16
1	7	116	1.190500969247877e-16
1	7	117	1.0118179131867041e-17
1	7	118	1.9249946624035516e-18
1	7	119	6.846127252570631e-19
1	7	120	5.225570831148087e-19
1	7	121	3.379314560675269e-19
1	7	122	2.565928994294153e-19
1	7	123	2.557221367383384e-19
1	7	124	2.2276475374299396e-19
1	7	125	1.2211691940044783e-19
1	7	126	6.237203543765519e-20
1	7	127	9.553542679520367e-21
2	7	0	7.2216871558339335e-06
2	7	1	9.045912463534478e-08
2	7	2	6.964716889150402e-13
2	7	3	4.64718805227511e-19
2	7	4	6.627761393626406e-20
2	7	5	1.4409156690898428e-20
2	7	6	5.4553013762269665e-21
2	7	7	4.0807663050596506e-21
2	7	8	2.0169981346119047e-21
2	7	9	1.83807004199777e-21
2	7	10	1.4653114790980834e-21
2	7	11	5.615469876887515e-22
2	7	12	3.2465435501383767e-22
2	7	13	3.228413128399246e-22
2	7	14	1.9860849350339258e-22
2	7	15	1.1978812456102717e-22
2	7	16	1.7072685295715928e-05
2	7	17	3.756291988565863e-08
2	7	18	3.568317245416369e-13
2	7	19	3.4077783625411015e-19
2	7	20	6.776347588565365e-20
2	7	21	2.7333110591957895e-20
2	7	22	1.016641727434967e-20
2	7	23	6.718339124729383e-21
2	7	24	5.4712742823229795e-21
2	7	25	1.6363772159509336e-21
2	7	26	1.3524706947571566e-21
2	7	27	1.3479749196603169e-21
2	7	28	6.028379617083877e-22
2	7	29	5.946452688653202e-22
2	7	30	5.675638885592491e-22
2	7	31	7.527118275558021e-23
2	7	32	2.489212238288019e-05
2	7	33	7.20056050340645e-08
2	7	34	1.735404625991671e-13
2	7	35	3.3368458155570894e-19
2	7	36	1.3404112859600893e-19
2	7	37	1.482016044217358e-20
2	7	38	1.1683278301870825e-20
2	7	39	4.483261566694157e-21
2	7	40	2.422844931755671e-21
2	7	41	2.019996260435626e-21
2	7	42	1.1218265472709643e-21
2	7	43	7.529804315385862e-22
2	7	44	3.652651163630071e-22
2	7	45	3.354564987571804e-22
2	7	46	3.282319212605491e-22
2	7	47	2.7270770032196576e-22
2	7	48	0.5498366951942444
2	7	49	5.468684321385808e-06
2	7	50	5.475467648730081e-11
2	7	51	2.931150949468165e-15
2	7	52	3.91320433664659e-16
2	7	53	1.2875663127917894e-16
2	7	54	7.882963077947879e-17
2	7	55	6.446554679826686e-17
2	7	56	4.077386320999667e-17
2	7	57	3.5750600490754047e-17
2	7	58	2.690634484948706e-18
2	7	59	2.154112938732777e-18
2	7	60	1.0904332206422898e-18
2	7	61	6.402982299995481e-19
2	7	62	5.100826824896262e-19
2	7	63	4.668645634352619e-19
2	7	64	0.20672732591629028
2	7	65	8.50976266519865e-06
2	7	66	4.327963334938012e-11
2	7	67	3.095998384080429e-15
2	7	68	2.4251524720802e-16
2	7	69	1.192640124486388e-16
2	7	70	4.2091733979361055e-17
2	7	71	3.369703859330745e-17
2	7	72	1.476206538932957e-17
2	7	73	9.772634357140365e-18
2	7	74	2.5289694788507297e-18
2	7	75	2.1121990767092557e-18
2	7	76	1.2784891139910407e-18
2	7	77	4.002543711939632e-19
2	7	78	2.701873543027829e-19
2	7	79	3.126199231938603e-20
2	7	80	1.679831802903209e-05
2	7	81	5.208253028854415e-08
2	7	82	1.85642733824265e-13
2	7	83	2.7475861286169234e-19
2	7	84	7.260887373179054e-20
2	7	85	1.1586338227075865e-20
2	7	86	5.134082264330764e-21
2	7	87	2.939528074478183e-21
2	7	88	2.9296249292442046e-21
2	7	89	1.626278079802775e-21
2	7	90	1.5783438114885723e-21
2	7	91	1.2908574521286768e-21
2	7	92	6.466241595692231e-22
2	7	93	4.1663429962870826e-22
2	7	94	1.0202726206788714e-22
2	7	95	9.985961113985912e-23
2	7	96	0.05312986671924591
2	7	97	4.36153959526564e-06
2	7	98	1.198342813868436e-11
2	7	99	2.498141301145103e-16
2	7	100	3.887689652867371e-17
2	7	101	9.834682829249192e-18
2	7	102	1.538490075092357e-18
2	7	103	4.1784436691990335e-19
2	7	104	4.0699659111991223e-19
2	7	105	3.2874923428030544e-19
2	7	106	1.2729552239942727e-19
2	7	107	1.263523684800549e-19
2	7	108	1.1060203536112977e-19
2	7	109	9.75361553615321e-20
2	7	110	7.669751117736652e-20
2	7	111	1.5847313583398436e-20
2	7	112	0.1902143806219101
2	7	113	5.271416739560664e-06
2	7	114	6.7889192531533915e-12
2	7	115	2.3771266039433877e-15
2	7	116	8.552708058874914e-17
2	7	117	2.9999969321162413e-18
2	7	118	8.777158679084595e-19
2	7	119	5.437556025642231e-19
2	7	120	5.198807402428934e-19
2	7	121	1.9939090437892991e-19
2	7	122	1.5505602687413366e-19
2	7	123	1.3594429023973445e-19
2	7	124	1.2181550254005175e-19
2	7	125	5.2848646884195365e-20
2	7	126	3.9993474989774243e-20
2	7	127	6.86037992995409e-21
3	7	0	1.1808225281129126e-05
3	7	1	1.3974872103972302e-07
3	7	2	1.1615976193077304e-12
3	7	3	6.608466888850724e-19
3	7	4	7.258719901480224e-20
3	7	5	6.90091905011129e-21
3	7	6	5.727563351204821e-21
3	7	7	3.989329323939513e-21
3	7	8	2.131636966458658e-21
3	7	9	1.6432826392579742e-21
3	7	10	1.4508103728810466e-21
3	7	11	8.687655224568364e-22
3	7	12	6.342074131903974e-22
3	7	13	4.724804263037197e-22
3	7	14	4.298719409763941e-22
3	7	15	2.6086716319186252e-22
3	7	16	3.0178976885508746e-05
3	7	17	3.987234009628082e-08
3	7	18	7.301458699801588e-13
3	7	19	6.826656971914782e-19
3	7	20	1.3856730581153424e-19
3	7	21	2.9076590834543736e-20
3	7	22	8.760902512096397e-21
3	7	23	5.8915894700443214e-21
3	7	24	4.371583298270262e-21
3	7	25	3.7243298170252895e-21
3	7	26	2.1610400464503288e-21
3	7	27	1.6434688356751554e-21
3	7	28	1.4164597592402214e-21
3	7	29	1.0545529941446957e-21
3	7	30	2.863514346418849e-22
3	7	31	2.305435267000096e-22
3	7	32	3.4895823773695156e-05
3	7	33	6.616834014039341e-08
3	7	34	3.116663285958332e-13
3	7	35	2.5976599010856285e-19
3	7	36	1.408200934357312e-19
3	7	37	1.3786320385801542e-20
3	7	38	1.3771279269585002e-20
3	7	39	6.256431857936326e-21
3	7	40	4.572523563635292e-21
3	7	41	4.291633545568884e-21
3	7	42	3.3288783133461634e-21
3	7	43	2.6094020287644385e-21
3	7	44	2.5731355307312084e-21
3	7	45	7.676251735492456e-22
3	7	46	7.014636997291725e-22
3	7	47	2.503580213213806e-22
3	7	48	0.5345258712768555
3	7	49	9.248079550161492e-06
3	7	50	8.870813111849785e-11
3	7	51	2.3496348790908285e-15
3	7	52	3.7151677688807385e-16
3	7	53	2.425914801732729e-16
3	7	54	1.0883329801156962e-16
3	7	55	9.50152855835407e-17
3	7	56	7.704172951628218e-17
3	7	57	3.7248244077005806e-17
3	7	58	1.5857154913037497e-17
3	7	59	3.643301705148478e-18
3	7	60	1.6917892866677016e-18
3	7	61	1.406509169058882e-18
3	7	62	5.915494262732894e-19
3	7	63	2.542118083373931e-19
3	7	64	0.19580231606960297
3	7	65	1.3982565178594086e-05
3	7	66	7.186324452179704e-11
3	7	67	2.0803186359289556e-15
3	7	68	2.038684954868157e-16
3	7	69	1.329473267857196e-16
3	7	70	7.148611982458003e-17
3	7	71	3.202152139685474e-17
3	7	72	1.6872724255738252e-17
3	7	73	1.3254334335507727e-17
3	7	74	4.780429788357269e-18
3	7	75	3.726241450807945e-18
3	7	76	1.449358055367318e-18
3	7	77	6.118827148019733e-19
3	7	78	3.445843404873202e-19
3	7	79	7.392944173033731e-20
3	7	80	1.9534614693839103e-05
3	7	81	6.67075639171344e-08
3	7	82	3.057024848106965e-13
3	7	83	3.934993041191255e-19
3	7	84	1.46660247054297e-19
3	7	85	1.2691920853509106e-20
3	7	86	6.907661703014591e-21
3	7	87	5.9041437937650176e-21
3	7	88	3.9299104525356426e-21
3	7	89	2.6717436992419122e-21
3	7	90	2.0247711282098456e-21
3	7	91	1.3282980781114633e-21
3	7	92	9.42936420954476e-22
3	7	93	3.661194590342487e-22
3	7	94	2.194791782135459e-22
3	7	95	1.8794993506657457e-22
3	7	96	0.0673651471734047
3	7	97	7.213624030555366e-06
3	7	98	2.6049983350984185e-11
3	7	99	2.8542699510710693e-16
3	7	100	5.358802579024349e-17
3	7	101	3.2756891992449587e-18
3	7	102	3.02813596219407e-18
3	7	103	6.551266832504799e-19
3	7	104	5.110533789384572e-19
3	7	105	4.0962151954687855e-19
3	7	106	3.0588991710664352e-19
3	7	107	1.883488962313537e-19
3	7	108	1.0531834811261341e-19
3	7	109	8.323451276321996e-20
3	7	110	5.2010603063754043e-20
3	7	111	1.5012547789251782e-20
3	7	112	0.20217011868953705
3	7	113	9.34663967200322e-06
3	7	114	1.9186529101600236e-11
3	7	115	1.6083317606863622e-15
3	7	116	1.1120027202566766e-16
3	7	117	6.422111823597989e-17
3	7	118	9.702361228200922e-19
3	7	119	5.201180376811195e-19
3	7	120	2.3239212794673965e-19
3	7	121	1.955283198851282e-19
3	7	122	1.6059420787032932e-19
3	7	123	1.5270114706777176e-19
3	7	124	7.582440911611973e-20
3	7	125	3.463936429809151e-20
3	7	126	2.7583287490815437e-20
3	7	127	1.707485445918853e-20
4	7	0	9.813738870434463e-06
4	7	1	1.1877264682880195e-07
4	7	2	1.038569187247762e-12
4	7	3	7.35993876186407e-19
4	7	4	4.76441783352023e-20
4	7	5	1.0631603779127747e-20
4	7	6	4.914221858040717e-21
4	7	7	2.051438413338661e-21
4	7	8	1.6125097433251543e-21
4	7	9	1.4491843854049795e-21
4	7	10	1.362159168850719e-21
4	7	11	1.1643221434473091e-21
4	7	12	5.102579022039229e-22
4	7	13	4.887653931520636e-22
4	7	14	1.9485784486318841e-22
4	7	15	1.0956870290204036e-22
4	7	16	1.670094206929207e-05
4	7	17	3.652759161809627e-08
4	7	18	6.853042981182222e-13
4	7	19	2.551149603193303e-19
4	7	20	8.423157559407606e-20
4	7	21	8.093288593996543e-21
4	7	22	5.281616469707489e-21
4	7	23	3.3145191768485175e-21
4	7	24	3.1701024487950303e-21
4	7	25	2.5139056830220037e-21
4	7	26	1.6681067414154097e-21
4	7	27	1.181662038206987e-21
4	7	28	8.716473260069174e-22
4	7	29	5.6870681548228225e-22
4	7	30	4.304766249483514e-22
4	7	31	9.325205539974275e-23
4	7	32	2.631750248838216e-05
4	7	33	7.000127055789562e-08
4	7	34	2.85208244825072e-13
4	7	35	2.929227494809267e-19
4	7	36	1.6003534396897318e-19
4	7	37	2.2505618298025936e-20
4	7	38	8.242416979977636e-21
4	7	39	6.950819689915832e-21
4	7	40	4.058478876650818e-21
4	7	41	3.7964811306313675e-21
4	7	42	3.4493500205914444e-21
4	7	43	1.5911735928155971e-21
4	7	44	1.3624977353294654e-21
4	7	45	7.443376462174358e-22
4	7	46	2.34922247460289e-22
4	7	47	1.6339393202094386e-22
4	7	48	0.5538286566734314
4	7	49	8.0395811892231e-06
4	7	50	9.371894232890199e-11
4	7	51	3.5408113835839203e-15
4	7	52	5.463492741105878e-16
4	7	53	1.5438488364777868e-16
4	7	54	1.1313923632105116e-16
4	7	55	7.330565247440067e-17
4	7	56	2.5151644134536485e-17
4	7	57	1.8650935925239422e-17
4	7	58	1.7857568801766337e-17
4	7	59	1.8049624837159817e-18
4	7	60	1.3783162688436606e-18
4	7	61	1.0061046387343463e-18
4	7	62	8.832720400829782e-19
4	7	63	8.019511902798541e-19
4	7	64	0.20326495170593262
4	7	65	1.4301647752290592e-05
4	7	66	5.7784277363026604e-11
4	7	67	2.732478312898485e-15
4	7	68	1.8624086635172685e-16
4	7	69	1.1314225387592576e-16
4	7	70	5.5141133490928156e-17
4	7	71	4.016454211845541e-17
4	7	72	2.4314638270667552e-17
4	7	73	3.775697338861572e-18
4	7	74	3.4160660918934234e-18
4	7	75	1.855383691544458e-18
4	7	76	1.8349632905575144e-18
4	7	77	1.3442850244674634e-18
4	7	78	5.665687785693411e-19
4	7	79	5.1723161032066134e-20
4	7	80	1.3673216017195955e-05
4	7	81	6.573370114892896e-08
4	7	82	2.643767366486416e-13
4	7	83	3.926742948556804e-19
4	7	84	9.640413930620767e-20
4	7	85	5.5457431556726265e-21
4	7	86	5.5216369800478145e-21
4	7	87	1.8190063157662287e-21
4	7	88	1.596982537329704e-21
4	7	89	1.413227878153065e-21
4	7	90	8.529890111717873e-22
4	7	91	6.1591336276686215e-22
4	7	92	3.767995502183356e-22
4	7	93	3.4247685594266804e-22
4	7	94	3.1000539733050073e-22
4	7	95	3.036397315874741e-22
4	7	96	0.051565032452344894
4	7	97	6.342085271171527e-06
4	7	98	2.838943836958041e-11
4	7	99	1.5394786758655466e-16
4	7	100	2.532846226227582e-17
4	7	101	5.3324760671047465e-18
4	7	102	2.128809690589933e-18
4	7	103	8.057201870421636e-19
4	7	104	6.892972558611041e-19
4	7	105	3.8986123453814656e-19
4	7	106	3.446570548330424e-19
4	7	107	2.0634714436367996e-19
4	7	108	1.4199462528207114e-19
4	7	109	5.852760368088989e-20
4	7	110	2.5379902905585782e-20
4	7	111	4.9111950555453694e-21
4	7	112	0.19123700261116028
4	7	113	8.754732334637083e-06
4	7	114	2.088547911005545e-11
4	7	115	2.1640914649618268e-15
4	7	116	1.4753795899309755e-16
4	7	117	5.578572225506623e-19
4	7	118	5.552692846067136e-19
4	7	119	4.676149713472123e-19
4	7	120	2.0162270229508334e-19
4	7	121	1.3529121822142676e-19
4	7	122	1.1338920751043012e-19
4	7	123	1.0854395829830955e-19
4	7	124	1.063943097567403e-19
4	7	125	8.007295091385986e-20
4	7	126	9.63081378875375e-21
4	7	127	5.65457556736017e-21
5	7	0	1.9968583728768863e-05
5	7	1	1.5249450768806128e-07
5	7	2	1.9853918856171937e-12
5	7	3	1.145277363206087e-18
5	7	4	2.2454851703517628e-19
5	7	5	2.3522179650000992e-20
5	7	6	1.574666088936979e-20
5	7	7	4.984225248552285e-21
5	7	8	4.489047792014193e-21
5	7	9	1.913797659673111e-21
5	7	10	1.7501287875385924e-21
5	7	11	1.0644368533072632e-21
5	7	12	6.329051489862841e-22
5	7	13	5.9173882761144735e-22
5	7	14	3.9975295393601725e-22
5	7	15	2.190767707994618e-22
5	7	16	5.755104939453304e-05
5	7	17	4.659653995986446e-08
5	7	18	1.536889105563377e-12
5	7	19	6.384899614817189e-19
5	7	20	2.935685190453892e-19
5	7	21	4.1551592458140047e-20
5	7	22	3.039136533762836e-20
5	7	23	2.092943694991608e-20
5	7	24	9.40101590600313e-21
5	7	25	8.620688128126556e-21
5	7	26	5.808303933808239e-21
5	7	27	3.5216754137111994e-21
5	7	28	3.0834560874236676e-21
5	7	29	1.412064251519879e-21
5	7	30	6.660949632714074e-22
5	7	31	2.927658961650649e-22
5	7	32	4.957110286341049e-05
5	7	33	9.309476212138179e-08
5	7	34	5.889681646033262e-13
5	7	35	6.088154256930501e-19
5	7	36	4.561727887289194e-19
5	7	37	6.496860707924743e-20
5	7	38	2.3815529883837546e-20
5	7	39	1.7511111452953558e-20
5	7	40	8.023543697426398e-21
5	7	41	5.61757296743906e-21
5	7	42	5.078996801516777e-21
5	7	43	2.421803887796269e-21
5	7	44	2.074456692977188e-21
5	7	45	1.8440885079683036e-21
5	7	46	1.7618323026849023e-21
5	7	47	5.287512504465532e-23
5	7	48	0.4868141710758209
5	7	49	9.30826263356721e-06
5	7	50	1.3807331666892964e-10
5	7	51	2.098737790883474e-15
5	7	52	4.322198695090861e-16
5	7	53	1.6962766505009344e-16
5	7	54	1.297417041270561e-16
5	7	55	1.1788280611413246e-16
5	7	56	4.661882398869232e-17
5	7	57	2.023071027451157e-17
5	7	58	9.834868944887017e-18
5	7	59	7.836828237335592e-18
5	7	60	1.6770405529483046e-18
5	7	61	7.585152642304469e-19
5	7	62	3.530337836493962e-19
5	7	63	2.675864141135806e-19
5	7	64	0.27339494228363037
5	7	65	1.7972832210944034e-05
5	7	66	1.4435941331214508e-10
5	7	67	2.6085770862312044e-15
5	7	68	3.519981731680194e-16
5	7	69	1.992339679508036e-16
5	7	70	6.972821543911703e-17
5	7	71	3.160410951614823e-17
5	7	72	3.152833315459347e-17
5	7	73	2.151238858335431e-17
5	7	74	7.956780179503744e-18
5	7	75	6.1505928480957244e-18
5	7	76	3.849146841353218e-18
5	7	77	3.787433377392474e-18
5	7	78	5.638218668514173e-19
5	7	79	8.68233327860093e-20
5	7	80	2.158541974495165e-05
5	7	81	7.357546394359815e-08
5	7	82	6.118071002071679e-13
5	7	83	8.620537199976508e-19
5	7	84	1.297327971496177e-19
5	7	85	1.2557701105599574e-20
5	7	86	6.226912657619407e-21
5	7	87	2.8712509388191794e-21
5	7	88	2.63837839180437e-21
5	7	89	8.473128477252472e-22
5	7	90	8.4529366673046905e-22
5	7	91	5.353280279895915e-22
5	7	92	4.406037814358635e-22
5	7	93	4.0981008481869475e-22
5	7	94	2.0579564743868017e-22
5	7	95	1.2710938485020234e-22
5	7	96	0.07122502475976944
5	7	97	7.4904678513121326e-06
5	7	98	5.2371638276094146e-11
5	7	99	1.5456837215997764e-16
5	7	100	3.790146529801648e-17
5	7	101	7.132473192398726e-18
5	7	102	3.0781967260706262e-18
5	7	103	1.273644730733624e-18
5	7	104	9.283619654659734e-19
5	7	105	5.565113996940385e-19
5	7	106	4.854307873803794e-19
5	7	107	2.0874996187147872e-19
5	7	108	1.7746254021060522e-19
5	7	109	1.5756767033127143e-19
5	7	110	1.3513967614826763e-19
5	7	111	3.1899868125112324e-20
5	7	112	0.16837409138679504
5	7	113	8.133583833114244e-06
5	7	114	2.8375191085672213e-11
5	7	115	3.273179041921189e-15
5	7	116	9.594951660224789e-17
5	7	117	1.2456204719657868e-18
5	7	118	1.0915192053889954e-18
5	7	119	1.0591610371992632e-18
5	7	120	9.965391221307831e-19
5	7	121	8.404168465223715e-19
5	7	122	6.443909645740956e-19
5	7	123	4.534475905020752e-19
5	7	124	4.441600582831181e-19
5	7	125	2.3842754788865625e-19
5	7	126	1.6883263596567337e-20
5	7	127	1.3741240658004536e-20
6	7	0	7.5163861765759066e-06
6	7	1	8.690953734458162e-08
6	7	2	1.914302483890795e-12
6	7	3	1.091173754085678e-18
6	7	4	8.842249909227305e-20
6	7	5	5.4940718323693384e-21
6	7	6	2.20309680877143e-21
6	7	7	1.5811723006632348e-21
6	7	8	1.2788736326146364e-21
6	7	9	1.0403341108051108e-21
6	7	10	6.609827407087918e-22
6	7	11	4.943480040061317e-22
6	7	12	4.245035468788606e-22
6	7	13	3.1468802517679473e-22
6	7	14	3.062438308553683e-22
6	7	15	2.760245259513963e-22
6	7	16	2.4263290470116772e-05
6	7	17	3.7755953030682576e-08
6	7	18	1.212286781376859e-12
6	7	19	5.337007052307582e-19
6	7	20	1.133841151797841e-19
6	7	21	1.160872703357735e-20
6	7	22	9.89351956583463e-21
6	7	23	7.100393170152313e-21
6	7	24	4.921140206044829e-21
6	7	25	2.737549794379627e-21
6	7	26	2.5647076184988658e-21
6	7	27	1.6263260425458124e-21
6	7	28	1.1261255236600567e-21
6	7	29	9.987014401066563e-22
6	7	30	4.381974653741263e-22
6	7	31	2.513341136292904e-22
6	7	32	5.0848764658439904e-05
6	7	33	5.759032717378432e-08
6	7	34	5.782461098488567e-13
6	7	35	6.523281761418482e-19
6	7	36	1.8999563188518777e-19
6	7	37	1.7262921726270704e-20
6	7	38	1.2123428052834967e-20
6	7	39	7.06134927588753e-21
6	7	40	6.682549426849043e-21
6	7	41	5.017309645776922e-21
6	7	42	3.4965073934426365e-21
6	7	43	2.3507897455840597e-21
6	7	44	1.449013839988158e-21
6	7	45	8.876909140400382e-22
6	7	46	7.711900170472777e-22
6	7	47	4.753675309990838e-22
6	7	48	0.4228314757347107
6	7	49	7.704799827479292e-06
6	7	50	1.5467621627962558e-10
6	7	51	2.0341515286553336e-15
6	7	52	3.633168891537214e-16
6	7	53	2.0209768046635198e-16
6	7	54	7.308045420699433e-17
6	7	55	4.176159296200134e-17
6	7	56	3.8593018068612864e-17
6	7	57	2.0629441108264182e-17
6	7	58	1.5258466401089992e-17
6	7	59	9.383937017422868e-19
6	7	60	8.082700746779349e-19
6	7	61	3.5384654030001786e-19
6	7	62	1.4306786627746455e-19
6	7	63	4.1064308760338154e-20
6	7	64	0.28716057538986206
6	7	65	1.674692794040311e-05
6	7	66	1.5075828085908682e-10
6	7	67	2.5677816501508324e-15
6	7	68	2.2708553622215806e-16
6	7	69	6.790228372007768e-17
6	7	70	4.995229237410957e-17
6	7	71	4.648027785353459e-17
6	7	72	4.2606521561777306e-17
6	7	73	1.6670961669446767e-17
6	7	74	4.689772861172989e-18
6	7	75	3.002008221775664e-18
6	7	76	1.4303494448908494e-18
6	7	77	1.1596326691466385e-18
6	7	78	6.002331424944769e-20
6	7	79	3.6610154419241774e-20
6	7	80	3.69682747987099e-05
6	7	81	7.82299380830409e-08
6	7	82	5.776808610462314e-13
6	7	83	7.248619896953981e-19
6	7	84	1.5798843384442243e-19
6	7	85	2.776763244514112e-20
6	7	86	1.8972283999763e-20
6	7	87	1.2549438992996847e-20
6	7	88	4.263782035070925e-21
6	7	89	4.165803541645656e-21
6	7	90	4.072029613736343e-21
6	7	91	1.8481963402046173e-21
6	7	92	1.6709580507583385e-21
6	7	93	1.6656117700097002e-21
6	7	94	5.88669514979639e-22
6	7	95	5.247611288790729e-22
6	7	96	0.09024760127067566
6	7	97	8.131220965879038e-06
6	7	98	5.3413901773824435e-11
6	7	99	2.794820414272434e-16
6	7	100	3.6860786060641067e-17
6	7	101	1.44283294450277e-17
6	7	102	1.5052036034601871e-18
6	7	103	6.712146223816003e-19
6	7	104	6.407851291876121e-19
6	7	105	2.475583035321404e-19
6	7	106	2.2400164725270215e-19
6	7	107	1.5617512469473548e-19
6	7	108	1.3442067525020005e-19
6	7	109	1.1678144935311595e-19
6	7	110	4.1274674361042314e-20
6	7	111	1.8255911661962266e-20
6	7	112	0.1995992809534073
6	7	113	9.383438737131655e-06
6	7	114	3.07077384353871e-11
6	7	115	1.213980325499072e-15
6	7	116	3.009721672715915e-16
6	7	117	7.504139503689214e-18
6	7	118	1.1827039772016612e-18
6	7	119	7.980061074446472e-19
6	7	120	3.513856779776726e-19
6	7	121	2.796284577723393e-19
6	7	122	1.8562674823301825e-19
6	7	123	1.6035101677023873e-19
6	7	124	1.1042478606549614e-19
6	7	125	7.894214978006012e-20
6	7	126	7.653455659669357e-20
6	7	127	1.0743543772667332e-20
7	7	0	1.0386053872935008e-05
7	7	1	9.532528366662518e-08
7	7	2	5.626279065036599e-13
7	7	3	2.7916477134021503e-19
7	7	4	1.0463370752170946e-19
7	7	5	9.068346320295464e-21
7	7	6	5.110495096072715e-21
7	7	7	2.9936292408308455e-21
7	7	8	2.540465531606415e-21
7	7	9	1.3272812679590696e-21
7	7	10	7.172476831047159e-22
7	7	11	6.047876219693105e-22
7	7	12	4.298849666476611e-22
7	7	13	2.399445777450329e-22
7	7	14	1.8162359877283863e-22
7	7	15	9.554786151498936e-23
7	7	16	2.1222400391707197e-05
7	7	17	3.563077655144298e-08
7	7	18	3.068647766446553e-13
7	7	19	1.5970112422741054e-19
7	7	20	8.712770940203467e-20
7	7	21	1.6931233609746877e-20
7	7	22	6.702679238640562e-21
7	7	23	5.586643763451036e-21
7	7	24	3.6175770698758495e-21
7	7	25	2.872352163399319e-21
7	7	26	1.842738079072761e-21
7	7	27	1.2013191897876462e-21
7	7	28	7.137773514540166e-22
7	7	29	5.210296274707603e-22
7	7	30	2.7351213649689945e-22
7	7	31	2.614269136466584e-22
7	7	32	3.4455108107067645e-05
7	7	33	5.6460013553305544e-08
7	7	34	1.4557985080019403e-13
7	7	35	2.477537508012502e-19
7	7	36	7.348068978567876e-20
7	7	37	1.502801542047167e-20
7	7	38	1.220654031735094e-20
7	7	39	8.972563005888371e-21
7	7	40	4.350543507025578e-21
7	7	41	4.191947780439874e-21
7	7	42	2.07746188699462e-21
7	7	43	1.8534968796425273e-21
7	7	44	1.2707305685888382e-21
7	7	45	9.620653765165483e-22
7	7	46	3.9415693875744767e-22
7	7	47	3.1850863631296113e-22
7	7	48	0.5247365832328796
7	7	49	7.114454547263449e-06
7	7	50	3.7644568018357916e-11
7	7	51	2.5057110757760372e-15
7	7	52	4.210244497567688e-16
7	7	53	1.9369517980403832e-16
7	7	54	1.02722676598624e-16
7	7	55	4.802055432855733e-17
7	7	56	4.4112116008076924e-17
7	7	57	5.4465674346329605e-18
7	7	58	3.7766196452445685e-18
7	7	59	1.7521869130690266e-18
7	7	60	1.0663113932093247e-18
7	7	61	8.411844701308207e-19
7	7	62	4.0223872578468964e-19
7	7	63	3.262553105828522e-19
7	7	64	0.2254907339811325
7	7	65	1.3478791515808553e-05
7	7	66	2.7573948332970666e-11
7	7	67	2.9298837881790727e-15
7	7	68	2.6133181943347827e-16
7	7	69	1.2978639834991356e-16
7	7	70	4.1780548632918606e-17
7	7	71	3.20724161655839e-17
7	7	72	3.1484380085564854e-17
7	7	73	7.759921947064087e-18
7	7	74	6.943792467494767e-18
7	7	75	5.60543077999622e-18
7	7	76	4.1429704939187914e-18
7	7	77	2.2885678385808215e-18
7	7	78	1.0777307249631958e-18
7	7	79	7.477523390667278e-20
7	7	80	1.410113964084303e-05
7	7	81	5.19252267849879e-08
7	7	82	1.3085843172944145e-13
7	7	83	3.5229878197635457e-19
7	7	84	1.248222135938025e-19
7	7	85	1.1634431832671148e-20
7	7	86	4.174165416753901e-21
7	7	87	3.5968555492965426e-21
7	7	88	1.082707528204455e-21
7	7	89	9.93655658564922e-22
7	7	90	9.37875089386578e-22
7	7	91	2.9665845141578746e-22
7	7	92	2.1802881010764276e-22
7	7	93	1.9469007623675325e-22
7	7	94	1.2482170084683589e-22
7	7	95	6.293483076932746e-23
7	7	96	0.05683682858943939
7	7	97	5.4955953601165675e-06
7	7	98	1.394166986717904e-11
7	7	99	1.615234126294419e-16
7	7	100	8.95227996987437e-17
7	7	101	1.0883766221648145e-17
7	7	102	3.1583232304668004e-18
7	7	103	1.5276837875699642e-18
7	7	104	5.173043311287321e-19
7	7	105	3.304340460917111e-19
7	7	106	2.2948983552062664e-19
7	7	107	2.0263509381666582e-19
7	7	108	1.2431039558978532e-19
7	7	109	7.136162753972836e-20
7	7	110	4.367065793526471e-20
7	7	111	1.0251501362962559e-20
7	7	112	0.19282139837741852
7	7	113	7.396977252938086e-06
7	7	114	9.04981645177827e-12
7	7	115	3.45737143849932e-16
7	7	116	2.125555330449578e-16
7	7	117	1.38807888190768e-17
7	7	118	1.217696922437528e-18
7	7	119	7.984521128911782e-19
7	7	120	6.82611154969838e-19
7	7	121	4.0744820588497204e-19
7	7	122	2.646196274490826e-19
7	7	123	2.504495841163488e-19
7	7	124	2.182414199608243e-19
7	7	125	1.8814915796281628e-19
7	7	126	1.516178894321482e-19
7	7	127	2.8865540224894805e-20
0	8	0	7.348810868279543e-06
0	8	1	1.5027590904992394e-07
0	8	2	9.642353105202006e-13
0	8	3	1.0715822914700892e-18
0	8	4	5.3965014362540906e-20
0	8	5	6.807075248058436e-21
0	8	6	3.949599209039609e-21
0	8	7	2.6840431640922368e-21
0	8	8	2.0533645970990443e-21
0	8	9	1.6638052406714206e-21
0	8	10	1.4855630657698192e-21
0	8	11	1.4360839932330276e-21
0	8	12	8.2541184756400285e-22
0	8	13	7.02182434055363e-22
0	8	14	2.0782281801670644e-22
0	8	15	1.8700708851265442e-22
0	8	16	2.106359534082003e-05
0	8	17	5.1167095449500266e-08
0	8	18	4.4903409332844313e-13
0	8	19	4.697436689548293e-19
0	8	20	1.4998919665542544e-19
0	8	21	2.151152330073479e-20
0	8	22	1.0315888972596716e-20
0	8	23	7.233919831181405e-21
0	8	24	5.176012405010246e-21
0	8	25	2.0679311345950038e-21
0	8	26	1.9535889649357114e-21
0	8	27	1.362500360658558e-21
0	8	28	1.2536634051322006e-21
0	8	29	8.292465950875908e-22
0	8	30	4.597768627215302e-22
0	8	31	1.0063128118823356e-22
0	8	32	2.7937676350120455e-05
0	8	33	7.150287473223216e-08
0	8	34	2.4472137098892344e-13
0	8	35	3.3430127055176136e-19
0	8	36	1.0739142428638469e-19
0	8	37	1.7110239048595047e-20
0	8	38	7.795342014764063e-21
0	8	39	5.1708780690987356e-21
0	8	40	3.3824235157763752e-21
0	8	41	3.2874481968846208e-21
0	8	42	2.841363990480908e-21
0	8	43	1.756324362248679e-21
0	8	44	1.4677790864967126e-21
0	8	45	3.3755557558443935e-22
0	8	46	3.268204029765063e-22
0	8	47	1.2952005542413636e-22
0	8	48	0.5242093205451965
0	8	49	9.023010534292553e-06
0	8	50	5.509928971414446e-11
0	8	51	3.4893329562145402e-15
0	8	52	5.069486365965475e-16
0	8	53	3.4994313888908244e-16
0	8	54	1.2601814729092619e-16
0	8	55	7.198144881026658e-17
0	8	56	2.5798285960954913e-17
0	8	57	8.352234550850033e-18
0	8	58	7.016188969066633e-18
0	8	59	3.607230012996266e-18
0	8	60	2.736062830599812e-18
0	8	61	1.838419251156761e-18
0	8	62	1.7744446889916035e-18
0	8	63	1.322066953214289e-18
0	8	64	0.22037754952907562
0	8	65	1.9669018001877703e-05
0	8	66	4.210012546912445e-11
0	8	67	2.406921623137768e-15
0	8	68	1.534431285942197e-16
0	8	69	9.429211796993254e-17
0	8	70	7.792611793999937e-17
0	8	71	2.819326003878787e-17
0	8	72	2.2033576889350496e-17
0	8	73	2.0590520606082337e-17
0	8	74	9.880383730912135e-18
0	8	75	2.549907074515672e-18
0	8	76	1.3880751389154081e-18
0	8	77	1.0344633886623846e-18
0	8	78	3.522871755983847e-19
0	8	79	3.0172997410732606e-19
0	8	80	1.3202199625084177e-05
0	8	81	6.13789197245751e-08
0	8	82	2.2368855357411677e-13
0	8	83	4.558699889259367e-19
0	8	84	1.0770619882120379e-19
0	8	85	8.761239362013813e-21
0	8	86	4.200328638696942e-21
0	8	87	2.4633343726085048e-21
0	8	88	1.7286568267355924e-21
0	8	89	1.1367343775489585e-21
0	8	90	9.936552546681386e-22
0	8	91	9.038094249264932e-22
0	8	92	4.837760056987218e-22
0	8	93	4.413474563884335e-22
0	8	94	2.7877756215819624e-22
0	8	95	2.0209770732871926e-22
0	8	96	0.05964861810207367
0	8	97	5.967627657810226e-06
0	8	98	2.35651081981203e-11
0	8	99	5.480812976690452e-16
0	8	100	1.1571903398059175e-16
0	8	101	3.639502712749206e-17
0	8	102	1.466371526885824e-17
0	8	103	2.3287342815603246e-18
0	8	104	4.73825184892319e-19
0	8	105	4.355540711901164e-19
0	8	106	3.830945352359448e-19
0	8	107	3.3742646230356327e-19
0	8	108	2.84285329524648e-19
0	8	109	2.367513180761058e-19
0	8	110	1.3130946802062912e-19
0	8	111	1.2812901026415102e-19
0	8	112	0.1956513226032257
0	8	113	8.539717782696243e-06
0	8	114	1.4749429108618095e-11
0	8	115	6.094207237916822e-16
0	8	116	1.1504719126963128e-16
0	8	117	1.3532032102031579e-17
0	8	118	1.5940061985062768e-18
0	8	119	1.0586988500319992e-18
0	8	120	8.225500554839558e-19
0	8	121	7.954202891510182e-19
0	8	122	5.066975492303295e-19
0	8	123	5.020333879488727e-19
0	8	124	4.798462842698808e-19
0	8	125	4.717451875432662e-19
0	8	126	2.4120909779473066e-19
0	8	127	4.6204955155193924e-20
1	8	0	4.992224148736568e-06
1	8	1	1.5446890699877258e-07
1	8	2	4.004247020766849e-12
1	8	3	4.351139180464193e-18
1	8	4	3.106886180222624e-20
1	8	5	4.117989432624537e-21
1	8	6	3.0160166336935874e-21
1	8	7	2.5408946719388553e-21
1	8	8	1.232404297934091e-21
1	8	9	8.988689594710496e-22
1	8	10	7.29864913749438e-22
1	8	11	5.5658006699399035e-22
1	8	12	5.122139238391854e-22
1	8	13	4.500019547163046e-22
1	8	14	2.619598554524512e-22
1	8	15	2.3730930269416434e-22
1	8	16	2.7260970455245115e-05
1	8	17	6.031664412375903e-08
1	8	18	2.3871551436960292e-12
1	8	19	1.779975425362286e-18
1	8	20	3.4948714337549855e-19
1	8	21	1.7379966167359824e-20
1	8	22	1.3061144713708227e-20
1	8	23	6.1250995681318434e-21
1	8	24	5.467530159140183e-21
1	8	25	1.7491735716456784e-21
1	8	26	1.3349704529744399e-21
1	8	27	1.1132251613701199e-21
1	8	28	1.0698866326066665e-21
1	8	29	6.354732257098023e-22
1	8	30	4.461907846674519e-22
1	8	31	3.0083143725198522e-22
1	8	32	3.9308204577537253e-05
1	8	33	7.95640815454135e-08
1	8	34	1.1317886731976312e-12
1	8	35	1.763861533439447e-18
1	8	36	4.0489366535825515e-19
1	8	37	2.3151586579705896e-20
1	8	38	1.2982818626076412e-20
1	8	39	9.287990237909569e-21
1	8	40	7.213926940399484e-21
1	8	41	4.708307199890432e-21
1	8	42	2.7013992147232536e-21
1	8	43	1.9711413094034962e-21
1	8	44	1.7902529037507746e-21
1	8	45	8.876233623030023e-22
1	8	46	8.838790371718144e-22
1	8	47	2.3817015820103944e-22
1	8	48	0.4416579306125641
1	8	49	1.140537642640993e-05
1	8	50	2.9627425512934735e-10
1	8	51	7.737081637466925e-16
1	8	52	7.097774520801678e-16
1	8	53	1.4560431512341399e-16
1	8	54	1.2607804840216483e-16
1	8	55	6.675238355462076e-17
1	8	56	6.571176387424945e-17
1	8	57	3.0847980409491057e-17
1	8	58	3.8676169572509145e-18
1	8	59	3.796952985472041e-18
1	8	60	2.651144055324812e-18
1	8	61	6.770842960082766e-19
1	8	62	3.8005014869023166e-19
1	8	63	1.8397513996838834e-19
1	8	64	0.27064189314842224
1	8	65	2.5974073651013896e-05
1	8	66	2.6053778579004927e-10
1	8	67	2.889775295818924e-15
1	8	68	5.513793792678574e-16
1	8	69	1.5167824280438677e-16
1	8	70	1.507195867965521e-16
1	8	71	7.151009482745426e-17
1	8	72	4.09302731376631e-17
1	8	73	1.642127223846396e-17
1	8	74	8.23102198542835e-18
1	8	75	3.746758011541098e-18
1	8	76	1.9374834352918772e-18
1	8	77	1.0287886194675411e-18
1	8	78	1.9053735763822758e-19
1	8	79	5.943331475284717e-20
1	8	80	3.4557207982288674e-05
1	8	81	1.1121088050458638e-07
1	8	82	1.1490504728262074e-12
1	8	83	2.693164003261893e-18
1	8	84	2.4805867025455257e-19
1	8	85	2.1773177330591506e-20
1	8	86	1.690211588283273e-20
1	8	87	9.286055572316732e-21
1	8	88	6.4425725373613325e-21
1	8	89	6.416512309098077e-21
1	8	90	3.2298432259353286e-21
1	8	91	2.159199892704825e-21
1	8	92	1.9429119534645985e-21
1	8	93	9.728839538102686e-22
1	8	94	3.081313919858322e-22
1	8	95	2.204617076264423e-22
1	8	96	0.08308154344558716
1	8	97	1.0831999134097714e-05
1	8	98	1.0964351648823367e-10
1	8	99	1.4860481022505414e-16
1	8	100	7.042572060140135e-17
1	8	101	3.0262200878183055e-17
1	8	102	2.4335693325979477e-17
1	8	103	1.6300636217929227e-18
1	8	104	9.076479153615737e-19
1	8	105	4.0616767859795167e-19
1	8	106	1.5142920177960662e-19
1	8	107	1.1634649452258084e-19
1	8	108	7.487138719053353e-20
1	8	109	6.607227281154631e-20
1	8	110	4.439264766952999e-20
1	8	111	3.4076681148750846e-20
1	8	112	0.20445148646831512
1	8	113	1.2959997548023239e-05
1	8	114	6.286727388671309e-11
1	8	115	1.4823201514309976e-15
1	8	116	9.615167954395585e-17
1	8	117	3.764299617201204e-18
1	8	118	3.356428024089575e-18
1	8	119	1.6415693939208056e-18
1	8	120	6.039023864447914e-19
1	8	121	5.39543753981468e-19
1	8	122	4.560796792112189e-19
1	8	123	4.1373012564942944e-19
1	8	124	2.2186379895955885e-19
1	8	125	2.1668948696000703e-19
1	8	126	8.407416570844664e-20
1	8	127	1.3455496608394348e-20
2	8	0	6.51572372589726e-06
2	8	1	1.4951919524719415e-07
2	8	2	1.9205696061286304e-12
2	8	3	2.5262734904392662e-18
2	8	4	9.087470186758064e-20
2	8	5	1.813404146210421e-20
2	8	6	6.4873065295116856e-21
2	8	7	3.4319113730682074e-21
2	8	8	2.8631590687106865e-21
2	8	9	1.6035373782286898e-21
2	8	10	1.27848912287677e-21
2	8	11	6.307746944276591e-22
2	8	12	5.306707951535583e-22
2	8	13	4.596213119727951e-22
2	8	14	2.781586913117195e-22
2	8	15	5.1870034209869607e-23
2	8	16	1.6987383787636645e-05
2	8	17	5.849745932096084e-08
2	8	18	9.599862137860127e-13
2	8	19	1.2043644253243982e-18
2	8	20	2.3747840983453993e-19
2	8	21	2.2092801857986556e-20
2	8	22	8.485984511870423e-21
2	8	23	4.316604464207112e-21
2	8	24	3.9515257966967756e-21
2	8	25	3.9461188304564205e-21
2	8	26	1.4272003844547314e-21
2	8	27	1.2817729047006026e-21
2	8	28	6.121773175197354e-22
2	8	29	4.5069923202587305e-22
2	8	30	1.570265875819109e-22
2	8	31	1.248180152886867e-22
2	8	32	2.6615161914378405e-05
2	8	33	1.025683786792797e-07
2	8	34	4.705628248169447e-13
2	8	35	9.452658148738008e-19
2	8	36	3.480336836416663e-19
2	8	37	4.923789688165056e-20
2	8	38	1.2412236871238149e-20
2	8	39	5.75547423452995e-21
2	8	40	3.8581585928484196e-21
2	8	41	1.812468842428932e-21
2	8	42	1.4495699048848046e-21
2	8	43	1.2445931960399397e-21
2	8	44	4.850751901898611e-22
2	8	45	3.1396959377319185e-22
2	8	46	3.1108397844721684e-22
2	8	47	2.8318127403195305e-22
2	8	48	0.5541470646858215
2	8	49	8.297609383589588e-06
2	8	50	1.4381677793107173e-10
2	8	51	3.789293369100416e-15
2	8	52	4.0951126030033314e-16
2	8	53	2.1616741388094814e-16
2	8	54	1.6049790719322316e-16
2	8	55	8.139633251556144e-17
2	8	56	6.032998784263655e-17
2	8	57	1.854863849888499e-17
2	8	58	9.564152582733112e-18
2	8	59	6.55108929886583e-18
2	8	60	1.515570968270044e-18
2	8	61	9.017791723130865e-19
2	8	62	4.830528628391397e-20
2	8	63	1.1393945225442694e-20
2	8	64	0.2025517225265503
2	8	65	1.3354672773857601e-05
2	8	66	1.1290133411501202e-10
2	8	67	1.0942749824151342e-15
2	8	68	4.244247311746232e-16
2	8	69	1.2308785004478973e-16
2	8	70	9.467972818752999e-17
2	8	71	5.1571878926263894e-17
2	8	72	2.5340143706886294e-17
2	8	73	2.175301046046231e-17
2	8	74	6.256828481346522e-18
2	8	75	2.943121440763167e-18
2	8	76	1.4924316246096387e-18
2	8	77	3.244440435353025e-19
2	8	78	1.1764134237395603e-19
2	8	79	8.483813162762471e-20
2	8	80	1.7873486285679974e-05
2	8	81	7.394700674012711e-08
2	8	82	5.121661016301016e-13
2	8	83	1.3490951831270358e-18
2	8	84	1.217244738985797e-19
2	8	85	1.0497501969078989e-20
2	8	86	6.194937360962187e-21
2	8	87	4.017265652762001e-21
2	8	88	2.819837503612139e-21
2	8	89	2.470134378855059e-21
2	8	90	2.3170132712209417e-21
2	8	91	6.94499156030451e-22
2	8	92	4.973611749850373e-22
2	8	93	4.1432027398199467e-22
2	8	94	3.240958414929412e-22
2	8	95	2.601495143382776e-22
2	8	96	0.05373876914381981
2	8	97	6.35254673397867e-06
2	8	98	3.2679456363204906e-11
2	8	99	1.2188557942039086e-16
2	8	100	6.187707366846182e-17
2	8	101	2.1443941042026772e-17
2	8	102	1.1962218661695794e-17
2	8	103	3.613247958747742e-19
2	8	104	3.186902268931719e-19
2	8	105	2.17277392655682e-19
2	8	106	1.9759328581148733e-19
2	8	107	1.7773509622244144e-19
2	8	108	1.3489043628994775e-19
2	8	109	1.1971664805797208e-19
2	8	110	5.794445427373708e-20
2	8	111	3.717183913573369e-20
2	8	112	0.18945734202861786
2	8	113	7.92918126535369e-06
2	8	114	1.8248662997377707e-11
2	8	115	2.079593575726106e-15
2	8	116	1.778259910674494e-16
2	8	117	3.78107359925286e-18
2	8	118	1.5098539094663837e-18
2	8	119	1.0109912082030033e-18
2	8	120	8.124613988417411e-19
2	8	121	5.600629513528232e-19
2	8	122	5.233358219627391e-19
2	8	123	3.0207074667030377e-19
2	8	124	2.5894995058488515e-19
2	8	125	1.3088166054757435e-19
2	8	126	1.015803770856231e-19
2	8	127	9.398111080336391e-21
3	8	0	1.194998731079977e-05
3	8	1	2.0625273577934422e-07
3	8	2	3.1855401563113395e-12
3	8	3	3.718426248380544e-18
3	8	4	4.710228779227484e-20
3	8	5	1.5122974785440477e-20
3	8	6	9.111754723202458e-21
3	8	7	2.7012897586949324e-21
3	8	8	2.66105396502212e-21
3	8	9	2.383669771036259e-21
3	8	10	1.3615499915270456e-21
3	8	11	1.0580699253867882e-21
3	8	12	6.3890796395645805e-22
3	8	13	5.263055292048784e-22
3	8	14	2.514662131210351e-22
3	8	15	1.988021998763914e-22
3	8	16	3.001857658091467e-05
3	8	17	6.085484471896052e-08
3	8	18	1.983730454208077e-12
3	8	19	1.4264635571682284e-18
3	8	20	3.608955408356475e-19
3	8	21	1.8697120430292675e-20
3	8	22	9.286207437507318e-21
3	8	23	5.610300401955842e-21
3	8	24	4.686581591907411e-21
3	8	25	3.956984057828632e-21
3	8	26	3.465214278452703e-21
3	8	27	3.132413224342016e-21
3	8	28	2.746478740571868e-21
3	8	29	1.1358058188437537e-21
3	8	30	1.1071650940308886e-21
3	8	31	9.505949098143024e-22
3	8	32	3.7515237636398524e-05
3	8	33	9.291925096022169e-08
3	8	34	8.457306578148194e-13
3	8	35	1.1544988760724047e-18
3	8	36	2.0417067707568809e-19
3	8	37	1.4370335747658122e-20
3	8	38	1.0741049306132602e-20
3	8	39	9.597117487902152e-21
3	8	40	5.487678954080525e-21
3	8	41	3.083155386268372e-21
3	8	42	3.041830484918924e-21
3	8	43	1.548962642897405e-21
3	8	44	1.49416576433521e-21
3	8	45	1.1254136555791852e-21
3	8	46	1.6220886099291017e-22
3	8	47	1.2362365463463311e-23
3	8	48	0.5407109260559082
3	8	49	1.3820298590871971e-05
3	8	50	2.370290075326409e-10
3	8	51	5.782555441018232e-15
3	8	52	6.773786536059276e-16
3	8	53	4.3213029577491397e-16
3	8	54	1.2464322752907524e-16
3	8	55	8.185623831869602e-17
3	8	56	6.544973952597226e-17
3	8	57	3.3587754799499394e-17
3	8	58	1.5596521882550614e-17
3	8	59	2.8762660153196405e-18
3	8	60	1.2663707112219858e-18
3	8	61	7.816909004402279e-19
3	8	62	2.2804257964138855e-19
3	8	63	1.4328821943783044e-19
3	8	64	0.1904638707637787
3	8	65	2.168006176361814e-05
3	8	66	1.9211890411874322e-10
3	8	67	1.1540832376669315e-15
3	8	68	6.288405422942632e-16
3	8	69	1.669409427158518e-16
3	8	70	5.80892151202345e-17
3	8	71	2.9642434149866473e-17
3	8	72	2.7709304786523922e-17
3	8	73	1.1749337940790984e-17
3	8	74	8.540375953994606e-18
3	8	75	3.605204247676123e-18
3	8	76	1.8978503170123177e-18
3	8	77	1.8775091185690262e-18
3	8	78	3.251359801177031e-19
3	8	79	2.489994331049668e-19
3	8	80	2.07361390494043e-05
3	8	81	9.3581057569736e-08
3	8	82	8.494365150504835e-13
3	8	83	1.97268203830754e-18
3	8	84	1.1257473187509802e-19
3	8	85	1.4736309854337418e-20
3	8	86	6.94436299593523e-21
3	8	87	6.65849777729e-21
3	8	88	5.843403775982407e-21
3	8	89	3.868754824962838e-21
3	8	90	3.303716755426136e-21
3	8	91	1.6061734105860274e-21
3	8	92	8.8282900650898e-22
3	8	93	7.740402156740519e-22
3	8	94	2.319181894025605e-22
3	8	95	2.2900821405183226e-22
3	8	96	0.06767377257347107
3	8	97	1.0365412890678272e-05
3	8	98	7.140403546213037e-11
3	8	99	2.937598405443987e-16
3	8	100	3.17128672230867e-17
3	8	101	2.7006652906468303e-17
3	8	102	9.162973294367344e-18
3	8	103	8.67539685217679e-19
3	8	104	3.7678353490307733e-19
3	8	105	2.8232506656926216e-19
3	8	106	2.643764880477803e-19
3	8	107	2.37565444744617e-19
3	8	108	1.5363157016052906e-19
3	8	109	1.5324067562230947e-19
3	8	110	1.935856280554106e-20
3	8	111	8.207251302627762e-21
3	8	112	0.2009916603565216
3	8	113	1.3648284038936254e-05
3	8	114	5.3254796406054794e-11
3	8	115	4.35983633940431e-16
3	8	116	1.135748494839563e-16
3	8	117	9.757329034266296e-18
3	8	118	2.1600746362026e-18
3	8	119	1.2272626458362443e-18
3	8	120	9.821856773466098e-19
3	8	121	6.498705191443766e-19
3	8	122	4.272906919670765e-19
3	8	123	3.697622707673624e-19
3	8	124	3.6062952472052925e-19
3	8	125	3.2518186279230565e-19
3	8	126	2.755665615250035e-19
3	8	127	2.8905807118619945e-20
4	8	0	1.0218973329756409e-05
4	8	1	1.6955883097580227e-07
4	8	2	2.841098883932247e-12
4	8	3	3.937946748062317e-18
4	8	4	3.776116331691224e-20
4	8	5	8.862142472048211e-21
4	8	6	5.6692139984835874e-21
4	8	7	5.300581443175471e-21
4	8	8	1.4765135563877114e-21
4	8	9	1.1912878073249152e-21
4	8	10	1.1511149205761286e-21
4	8	11	8.867942631807278e-22
4	8	12	5.874418202191744e-22
4	8	13	4.632237683587881e-22
4	8	14	3.949229542508535e-22
4	8	15	3.398393594594904e-22
4	8	16	1.6540005162823945e-05
4	8	17	5.5909552543198515e-08
4	8	18	1.8465595805899904e-12
4	8	19	1.3526173181752866e-18
4	8	20	1.8537750837469836e-19
4	8	21	6.5632888041090065e-21
4	8	22	5.7350305949376724e-21
4	8	23	3.8911424197739715e-21
4	8	24	3.2622377674537932e-21
4	8	25	2.7798783792360056e-21
4	8	26	1.6273501228403086e-21
4	8	27	1.3481186059410375e-21
4	8	28	9.77482722586894e-22
4	8	29	4.340963984089357e-22
4	8	30	1.4664190902961116e-22
4	8	31	5.519815632746291e-23
4	8	32	2.8307116735959426e-05
4	8	33	9.842427317607871e-08
4	8	34	7.668794527355971e-13
4	8	35	1.2623718099481747e-18
4	8	36	1.9318724365523827e-19
4	8	37	1.515488424692199e-20
4	8	38	9.3418062531331e-21
4	8	39	6.054084820074459e-21
4	8	40	5.743413876575441e-21
4	8	41	3.4228204642657935e-21
4	8	42	2.237343418990511e-21
4	8	43	1.706385554198099e-21
4	8	44	1.5780736045404287e-21
4	8	45	9.075756614581846e-22
4	8	46	3.843892756507756e-22
4	8	47	3.751666964969495e-22
4	8	48	0.5601006150245667
4	8	49	1.1970395462412853e-05
4	8	50	2.502432150386369e-10
4	8	51	4.416011776224452e-15
4	8	52	5.392627317760623e-16
4	8	53	2.6186629722319574e-16
4	8	54	1.0790127060201428e-16
4	8	55	8.234185289526875e-17
4	8	56	5.352025653701825e-17
4	8	57	2.3543917698004944e-17
4	8	58	7.785191487596969e-18
4	8	59	5.8461221402756746e-18
4	8	60	1.6362150538157499e-18
4	8	61	5.404525669807223e-19
4	8	62	2.394940938909668e-19
4	8	63	1.9050368880235726e-19
4	8	64	0.1972443163394928
4	8	65	2.2152840756461956e-05
4	8	66	1.5361860394857985e-10
4	8	67	4.349656062169497e-15
4	8	68	4.491790837696729e-16
4	8	69	1.319988748779214e-16
4	8	70	1.2357511898258757e-16
4	8	71	6.734386401471048e-17
4	8	72	3.0815022225164494e-17
4	8	73	1.5354270459635884e-17
4	8	74	7.370609391766004e-18
4	8	75	3.447384597450753e-18
4	8	76	2.0238907220791665e-18
4	8	77	5.347474505971558e-19
4	8	78	1.6106024659732052e-19
4	8	79	9.959260391252135e-20
4	8	80	1.4464600099017844e-05
4	8	81	9.209165341417247e-08
4	8	82	7.26517316359393e-13
4	8	83	2.179125846480615e-18
4	8	84	1.3346556598603687e-19
4	8	85	5.173623759432786e-21
4	8	86	3.399547123808503e-21
4	8	87	3.3675522381572853e-21
4	8	88	3.0332224347211522e-21
4	8	89	1.765849056196543e-21
4	8	90	1.6210190407593668e-21
4	8	91	5.568059462701477e-22
4	8	92	5.416196796470466e-22
4	8	93	4.991378159613399e-22
4	8	94	4.136432924857957e-22
4	8	95	3.709220442252342e-22
4	8	96	0.05237903073430061
4	8	97	9.075619345821906e-06
4	8	98	7.71601740834349e-11
4	8	99	1.6351194158712958e-16
4	8	100	5.602477745209405e-17
4	8	101	2.4886537711296914e-17
4	8	102	4.946633534476324e-18
4	8	103	3.230318135851272e-18
4	8	104	2.6616240200955525e-18
4	8	105	4.1366782860954654e-19
4	8	106	3.692410952826657e-19
4	8	107	2.297577644909114e-19
4	8	108	1.9473563528905804e-19
4	8	109	1.1357828290388384e-19
4	8	110	6.516053883075388e-20
4	8	111	8.449884217363592e-21
4	8	112	0.19014757871627808
4	8	113	1.2786839761247393e-05
4	8	114	5.775269498742297e-11
4	8	115	1.965845309481089e-15
4	8	116	1.180286545997378e-16
4	8	117	3.3294201634994126e-17
4	8	118	3.100819495438492e-18
4	8	119	2.230471428643619e-18
4	8	120	8.032855360054787e-19
4	8	121	2.0218991555074744e-19
4	8	122	1.8206821723781512e-19
4	8	123	1.5225829524732618e-19
4	8	124	1.0769790116568412e-19
4	8	125	9.663828311834846e-20
4	8	126	2.585159618754561e-20
4	8	127	1.66305033738827e-20
5	8	0	1.874372537713498e-05
5	8	1	2.3597785059337184e-07
5	8	2	5.4179976477497505e-12
5	8	3	6.802422751316086e-18
5	8	4	1.08742249000775e-19
5	8	5	3.1706265856509434e-20
5	8	6	1.6739332554395976e-20
5	8	7	1.113263208447123e-20
5	8	8	3.4273352225114565e-21
5	8	9	3.081590488180805e-21
5	8	10	2.2512350449612866e-21
5	8	11	1.0355242049849248e-21
5	8	12	1.0324634751597652e-21
5	8	13	3.1446835581368326e-22
5	8	14	3.036878710353543e-22
5	8	15	2.2974073135575876e-22
5	8	16	5.7149463827954605e-05
5	8	17	7.012442893028492e-08
5	8	18	4.091527030375408e-12
5	8	19	2.7349850142616554e-18
5	8	20	3.430844552416084e-19
5	8	21	4.94686156490675e-20
5	8	22	3.708451018879826e-20
5	8	23	1.990354396665566e-20
5	8	24	1.1937456202265452e-20
5	8	25	7.761746688108333e-21
5	8	26	4.845443890370207e-21
5	8	27	3.710805737127474e-21
5	8	28	3.560798875642327e-21
5	8	29	2.0848750085584862e-21
5	8	30	5.206532966427591e-22
5	8	31	4.255138441956208e-22
5	8	32	5.201033491175622e-05
5	8	33	1.3228455486569146e-07
5	8	34	1.5566665794927714e-12
5	8	35	2.516567559926722e-18
5	8	36	4.382210565813522e-19
5	8	37	4.0930476753340756e-20
5	8	38	2.85099333408537e-20
5	8	39	1.5870485949659858e-20
5	8	40	1.1192006527228919e-20
5	8	41	6.6232000256919304e-21
5	8	42	6.374205736616398e-21
5	8	43	2.827681784992363e-21
5	8	44	2.342533489484693e-21
5	8	45	1.9264164049307713e-21
5	8	46	1.3116732826069246e-21
5	8	47	3.777879866216903e-22
5	8	48	0.49389806389808655
5	8	49	1.3561572814069223e-05
5	8	50	3.64339336478281e-10
5	8	51	2.977278246193266e-15
5	8	52	6.067911100069313e-16
5	8	53	4.798250534386887e-16
5	8	54	1.7646192391523516e-16
5	8	55	5.976812044847623e-17
5	8	56	3.8793457165924264e-17
5	8	57	2.3702966331825415e-17
5	8	58	1.2530420604987044e-17
5	8	59	8.146494052992781e-18
5	8	60	4.180240770778593e-18
5	8	61	7.52767754840487e-19
5	8	62	6.867857287262399e-19
5	8	63	2.422006805540286e-19
5	8	64	0.26510775089263916
5	8	65	2.7483934900374152e-05
5	8	66	3.8035427585292325e-10
5	8	67	3.8703523045702844e-15
5	8	68	1.0117091753321004e-15
5	8	69	1.8994390910866544e-16
5	8	70	1.083478356362296e-16
5	8	71	4.868663986245443e-17
5	8	72	1.8270207850338415e-17
5	8	73	1.7201101724032003e-17
5	8	74	1.671358132332795e-17
5	8	75	1.541324016550479e-17
5	8	76	2.2982419226397823e-18
5	8	77	2.1750881711155905e-18
5	8	78	2.1038536515092082e-18
5	8	79	1.7427549085862083e-19
5	8	80	2.279144973726943e-05
5	8	81	1.0147023488116247e-07
5	8	82	1.685407239118697e-12
5	8	83	4.49558724929249e-18
5	8	84	2.1408239461499888e-19
5	8	85	1.9119147332582376e-20
5	8	86	1.8347730325542786e-20
5	8	87	5.5968740650796274e-21
5	8	88	2.5222853295887213e-21
5	8	89	1.3204589464152286e-21
5	8	90	6.328840958664456e-22
5	8	91	5.200845089974331e-22
5	8	92	3.191362161838315e-22
5	8	93	2.0298254420711308e-22
5	8	94	5.723649086501986e-23
5	8	95	4.077097821015891e-24
5	8	96	0.0717318058013916
5	8	97	1.0428064342704602e-05
5	8	98	1.4447520957361348e-10
5	8	99	1.2462455045258829e-15
5	8	100	6.041886674509414e-17
5	8	101	3.2299133136594885e-17
5	8	102	5.436196657703077e-18
5	8	103	1.2709252710722793e-18
5	8	104	2.0541891846942475e-19
5	8	105	1.9023855156663987e-19
5	8	106	1.7076805119093992e-19
5	8	107	7.695563030257428e-20
5	8	108	4.7384627799793914e-20
5	8	109	2.6468449973485692e-20
5	8	110	2.4031727754095058e-20
5	8	111	2.2823901888099855e-20
5	8	112	0.16904795169830322
5	8	113	1.1602418453549035e-05
5	8	114	7.715798833185517e-11
5	8	115	1.0195521710280831e-15
5	8	116	2.0725730225521275e-16
5	8	117	5.734810513195945e-18
5	8	118	3.3827143763904384e-18
5	8	119	2.203879019516111e-18
5	8	120	1.0040052543396867e-18
5	8	121	9.148212256336335e-19
5	8	122	5.574183515369146e-19
5	8	123	3.8759871461705503e-19
5	8	124	3.4354757298706153e-19
5	8	125	2.274781322708977e-19
5	8	126	1.0791996038606339e-19
5	8	127	2.7658832345196256e-20
6	8	0	8.831004379317164e-06
6	8	1	1.0857142740405834e-07
6	8	2	5.20730550693238e-12
6	8	3	5.916298902673755e-18
6	8	4	4.767039285203684e-20
6	8	5	6.917133890380604e-21
6	8	6	3.5653346365207304e-21
6	8	7	2.5011092231796154e-21
6	8	8	1.5555287929063281e-21
6	8	9	9.542716832084544e-22
6	8	10	9.131423688764034e-22
6	8	11	6.490824268547345e-22
6	8	12	4.693006983887293e-22
6	8	13	3.114938327082462e-22
6	8	14	1.8184206906737416e-22
6	8	15	1.670317546190397e-22
6	8	16	2.508431498426944e-05
6	8	17	5.465179953034749e-08
6	8	18	3.25805159760717e-12
6	8	19	2.6052342905572e-18
6	8	20	9.069564311435705e-20
6	8	21	1.9098752160604115e-20
6	8	22	8.703923985058271e-21
6	8	23	6.568789070506344e-21
6	8	24	3.4297339655085036e-21
6	8	25	2.3384264650419464e-21
6	8	26	2.2370455451126994e-21
6	8	27	1.7934513623790985e-21
6	8	28	1.3858184326846179e-21
6	8	29	1.199015665457303e-21
6	8	30	3.6815512406650238e-22
6	8	31	3.6658631322884573e-22
6	8	32	5.4944001021794975e-05
6	8	33	7.932690948564414e-08
6	8	34	1.5339451714044272e-12
6	8	35	2.52141794024358e-18
6	8	36	6.73053858473612e-19
6	8	37	3.407476506241005e-20
6	8	38	1.7222481964722238e-20
6	8	39	9.46772269096799e-21
6	8	40	5.254927374152366e-21
6	8	41	4.470066258778089e-21
6	8	42	3.971497684845956e-21
6	8	43	2.9779800580067862e-21
6	8	44	2.8909241452969818e-21
6	8	45	1.465984068216762e-21
6	8	46	8.923282549594853e-22
6	8	47	7.849237698628134e-22
6	8	48	0.43052437901496887
6	8	49	1.1195310435141437e-05
6	8	50	4.088298311000216e-10
6	8	51	2.18730313233191e-15
6	8	52	3.5766159427203924e-16
6	8	53	1.7078027836795953e-16
6	8	54	1.3919243453137654e-16
6	8	55	7.516634563150195e-17
6	8	56	4.8616723248359e-17
6	8	57	2.0406787248422058e-17
6	8	58	1.3524890224622796e-17
6	8	59	2.8602453880108666e-18
6	8	60	1.3881830859853463e-18
6	8	61	1.796321444844523e-19
6	8	62	1.5927309703450556e-19
6	8	63	3.2104482235619826e-20
6	8	64	0.27970728278160095
6	8	65	2.565191243775189e-05
6	8	66	4.000460240849435e-10
6	8	67	9.85764831443409e-15
6	8	68	6.382221203993742e-16
6	8	69	8.973566966630054e-17
6	8	70	6.715250074308001e-17
6	8	71	5.911823441969536e-17
6	8	72	2.5296647241555805e-17
6	8	73	2.3300792772363358e-17
6	8	74	3.8753138728507204e-18
6	8	75	3.835323826136844e-18
6	8	76	3.698405582424617e-18
6	8	77	2.0020769353503774e-18
6	8	78	1.0952781208875895e-18
6	8	79	1.9463879699625252e-20
6	8	80	3.737401857506484e-05
6	8	81	1.12951816788609e-07
6	8	82	1.5897971957987145e-12
6	8	83	3.571683994123331e-18
6	8	84	1.245599068667437e-19
6	8	85	2.9198557969629826e-20
6	8	86	1.8611513699241972e-20
6	8	87	8.30375516889657e-21
6	8	88	5.641276457970749e-21
6	8	89	3.738389060161207e-21
6	8	90	3.668575097241088e-21
6	8	91	3.177602812064127e-21
6	8	92	2.3790249580263178e-21
6	8	93	2.341519304661392e-21
6	8	94	1.0826016062729892e-21
6	8	95	3.8929960030875257e-22
6	8	96	0.09066639840602875
6	8	97	1.1405132681829855e-05
6	8	98	1.4719810093044572e-10
6	8	99	3.3600724991504226e-16
6	8	100	1.0283864732050393e-16
6	8	101	1.369719442775943e-17
6	8	102	1.1081761413839757e-18
6	8	103	7.320233575473642e-19
6	8	104	7.068710181675229e-19
6	8	105	6.356931604331005e-19
6	8	106	2.718748286017852e-19
6	8	107	2.64672747954045e-19
6	8	108	1.7529018297628197e-19
6	8	109	8.167514159923825e-20
6	8	110	6.996177298699868e-20
6	8	111	4.6299172965668274e-21
6	8	112	0.19891324639320374
6	8	113	1.3444002433971036e-05
6	8	114	8.452319399943065e-11
6	8	115	6.208648271233575e-16
6	8	116	1.3055390284435456e-16
6	8	117	7.992180200998563e-18
6	8	118	5.811584454569442e-18
6	8	119	1.2480819546735914e-18
6	8	120	8.524351604373076e-19
6	8	121	5.400750107298801e-19
6	8	122	4.0974153828388117e-19
6	8	123	4.0149558155249317e-19
6	8	124	2.264903752219328e-19
6	8	125	6.294458013086113e-20
6	8	126	3.481663298077074e-20
6	8	127	8.172510524694102e-21
7	8	0	1.0446475243952591e-05
7	8	1	1.453125548778189e-07
7	8	2	1.579078447860871e-12
7	8	3	1.519264846692976e-18
7	8	4	1.6035404114935337e-19
7	8	5	9.12944055555718e-21
7	8	6	4.9291979468751185e-21
7	8	7	4.316491777004523e-21
7	8	8	1.902600227196493e-21
7	8	9	1.4388483637933138e-21
7	8	10	1.0223367730561345e-21
7	8	11	7.26673422340629e-22
7	8	12	5.451754354674505e-22
7	8	13	3.970586342241147e-22
7	8	14	1.5614931114643273e-22
7	8	15	1.3852175352450057e-22
7	8	16	2.1040785213699564e-05
7	8	17	5.631483190882136e-08
7	8	18	8.507811967949086e-13
7	8	19	6.644147324573199e-19
7	8	20	1.6673815649355229e-19
7	8	21	2.0244557252116314e-20
7	8	22	1.1367166060904857e-20
7	8	23	6.804096105383538e-21
7	8	24	5.171538440339714e-21
7	8	25	4.3331189958897624e-21
7	8	26	1.9815529606878673e-21
7	8	27	1.113265652022663e-21
7	8	28	5.1973286636032175e-22
7	8	29	3.075459688417368e-22
7	8	30	2.280768785562411e-22
7	8	31	9.769796186559802e-23
7	8	32	3.718124935403466e-05
7	8	33	8.153669028843069e-08
7	8	34	4.0442142365017253e-13
7	8	35	5.405488818232965e-19
7	8	36	2.351609341015019e-19
7	8	37	2.906402156664205e-20
7	8	38	1.3578945236882218e-20
7	8	39	8.14613444914617e-21
7	8	40	5.066434803757195e-21
7	8	41	5.0258149042432996e-21
7	8	42	3.780688766397567e-21
7	8	43	1.891828299981264e-21
7	8	44	1.7094408314166816e-21
7	8	45	1.4252060431121368e-21
7	8	46	9.320320155942678e-22
7	8	47	4.099879003776188e-22
7	8	48	0.5311686992645264
7	8	49	1.1032809197786264e-05
7	8	50	1.0198753647161496e-10
7	8	51	9.852849872787894e-15
7	8	52	2.0252038961170128e-15
7	8	53	4.449195668361678e-16
7	8	54	2.012665029170791e-16
7	8	55	9.465039305428641e-17
7	8	56	4.709196468162775e-17
7	8	57	2.5414039059728106e-17
7	8	58	2.1512886546083066e-17
7	8	59	2.431249256415859e-18
7	8	60	1.7692998323766768e-18
7	8	61	6.639006397066182e-19
7	8	62	4.871363304058872e-19
7	8	63	1.1633058422048626e-19
7	8	64	0.21892015635967255
7	8	65	2.1470978026627563e-05
7	8	66	7.579933902768232e-11
7	8	67	3.5100613347415106e-15
7	8	68	3.302269117945217e-16
7	8	69	1.0402497652013768e-16
7	8	70	9.421432990512805e-17
7	8	71	4.7306343426621895e-17
7	8	72	2.8470653402846305e-17
7	8	73	1.6262026735657702e-17
7	8	74	7.315399221781152e-18
7	8	75	3.61534920429878e-18
7	8	76	2.3445158536720706e-18
7	8	77	7.079502820717514e-19
7	8	78	6.864283350028288e-19
7	8	79	2.525961695047122e-19
7	8	80	1.541578967589885e-05
7	8	81	7.348275943286353e-08
7	8	82	3.6666944979411864e-13
7	8	83	7.942008698317502e-19
7	8	84	8.940404582429525e-20
7	8	85	9.565034350803745e-21
7	8	86	4.94052482827084e-21
7	8	87	4.7037597260053076e-21
7	8	88	2.258731773159332e-21
7	8	89	2.218797488435382e-21
7	8	90	8.992080308207753e-22
7	8	91	4.509857967937473e-22
7	8	92	2.793753546412855e-22
7	8	93	1.4160877450590937e-22
7	8	94	5.145663954109759e-23
7	8	95	2.39009353165179e-24
7	8	96	0.05733560025691986
7	8	97	8.216315109166317e-06
7	8	98	3.868270634366233e-11
7	8	99	4.016470093713302e-16
7	8	100	1.014202443282123e-16
7	8	101	1.2463960778671471e-17
7	8	102	3.0999135258725934e-18
7	8	103	1.1812083312565888e-18
7	8	104	9.46108815315569e-19
7	8	105	4.7218990052009e-19
7	8	106	4.052027465640144e-19
7	8	107	3.9166221352682763e-19
7	8	108	1.9531992206955312e-19
7	8	109	7.988065727083542e-20
7	8	110	5.675854869397453e-20
7	8	111	2.001731038145011e-20
7	8	112	0.1924384981393814
7	8	113	1.1173306120326743e-05
7	8	114	2.542941725247605e-11
7	8	115	4.076667931181277e-16
7	8	116	2.1016842214602777e-16
7	8	117	6.88676456811383e-18
7	8	118	3.603457655812718e-18
7	8	119	2.3716800513980058e-18
7	8	120	7.6983926341872125e-19
7	8	121	7.645019839137994e-19
7	8	122	4.565178781407189e-19
7	8	123	4.2789499910333477e-19
7	8	124	3.786170324295894e-19
7	8	125	2.7815928160686854e-19
7	8	126	4.5995549213247296e-20
7	8	127	3.7280855724354497e-20
0	9	0	7.393145097012166e-06
0	9	1	2.1890575396810164e-07
0	9	2	2.35026082796852e-12
0	9	3	4.908814009689787e-18
0	9	4	6.500349083664244e-20
0	9	5	6.4712883869759236e-21
0	9	6	5.9612951886264694e-21
0	9	7	4.776467205482228e-21
0	9	8	2.4031418369158918e-21
0	9	9	2.2149695566700152e-21
0	9	10	1.5804296354526235e-21
0	9	11	1.2261593468422248e-21
0	9	12	1.0666727249263748e-21
0	9	13	3.95619449010404e-22
0	9	14	3.1444652014382674e-22
0	9	15	2.043972053130023e-22
0	9	16	2.140239485015627e-05
0	9	17	7.595533446647096e-08
0	9	18	1.08232194907798e-12
0	9	19	1.8512593690102684e-18
0	9	20	1.7128483227863243e-19
0	9	21	1.8030876530082362e-20
0	9	22	1.4414950186360567e-20
0	9	23	7.770408658526698e-21
0	9	24	7.502037017367258e-21
0	9	25	3.1236331141144848e-21
0	9	26	2.9552228976387746e-21
0	9	27	1.7207412575730854e-21
0	9	28	1.5923225781903824e-21
0	9	29	5.452948879411627e-22
0	9	30	3.068646454551155e-22
0	9	31	2.9839495514923237e-22
0	9	32	3.088796802330762e-05
0	9	33	9.58966097641678e-08
0	9	34	5.978900100706008e-13
0	9	35	1.5422120776561159e-18
0	9	36	7.88656226487019e-20
0	9	37	2.2566847434813333e-20
0	9	38	1.5076500805946922e-20
0	9	39	6.710323389164575e-21
0	9	40	3.6467444760943636e-21
0	9	41	2.9523005024619546e-21
0	9	42	2.0936797564898094e-21
0	9	43	1.6824332632477903e-21
0	9	44	8.91078800259811e-22
0	9	45	5.461245424215145e-22
0	9	46	4.091091219509771e-22
0	9	47	8.119995208574649e-23
0	9	48	0.5297168493270874
0	9	49	1.3465123629430309e-05
0	9	50	1.2937532989365508e-10
0	9	51	4.1383835987511726e-15
0	9	52	4.4029164351016637e-16
0	9	53	3.1618564662788716e-16
0	9	54	1.2667438606681145e-16
0	9	55	1.1239645460075815e-16
0	9	56	4.4749028536130505e-17
0	9	57	2.1767089074487962e-17
0	9	58	3.684151606109103e-18
0	9	59	2.2772749620630944e-18
0	9	60	1.1727620934193864e-18
0	9	61	8.3204955273487965e-19
0	9	62	8.000997532738072e-19
0	9	63	1.086504836515699e-19
0	9	64	0.21439021825790405
0	9	65	2.9736189389950596e-05
0	9	66	1.0092681551610028e-10
0	9	67	1.9322960285062408e-15
0	9	68	2.7462510156812806e-16
0	9	69	1.3188805914561889e-16
0	9	70	9.695769756771732e-17
0	9	71	5.578029595024788e-17
0	9	72	1.9866203211422728e-17
0	9	73	9.750904322448597e-18
0	9	74	7.313725008221345e-18
0	9	75	2.659622036218021e-18
0	9	76	1.1572009649408857e-18
0	9	77	1.075233259898745e-18
0	9	78	1.0528401365484392e-18
0	9	79	4.871302816476579e-19
0	9	80	1.4512575035041664e-05
0	9	81	8.235902981823529e-08
0	9	82	5.471604072604386e-13
0	9	83	1.960463753479519e-18
0	9	84	4.99646752161807e-20
0	9	85	1.523331292433681e-20
0	9	86	5.849932363590467e-21
0	9	87	1.7894719693199292e-21
0	9	88	1.6357587490012404e-21
0	9	89	1.3045873174376716e-21
0	9	90	1.1335757027538067e-21
0	9	91	1.06390269981112e-21
0	9	92	7.516341425850743e-22
0	9	93	3.163820187737791e-22
0	9	94	1.4921998219852033e-22
0	9	95	1.4410153710108431e-22
0	9	96	0.06018137186765671
0	9	97	8.568955308874138e-06
0	9	98	5.67790155170389e-11
0	9	99	3.2508587179094133e-16
0	9	100	1.2414223401055393e-16
0	9	101	1.9458520629081068e-17
0	9	102	6.808424773840771e-18
0	9	103	4.954067406641338e-18
0	9	104	1.5483650606425916e-18
0	9	105	9.870007990898576e-19
0	9	106	6.639940077182601e-19
0	9	107	5.032223566818411e-19
0	9	108	3.837893927998835e-19
0	9	109	1.884751834464358e-19
0	9	110	6.770669769142013e-20
0	9	111	6.560183322520238e-20
0	9	112	0.19557195901870728
0	9	113	1.2342201443971135e-05
0	9	114	3.59545795913796e-11
0	9	115	9.738580257763843e-16
0	9	116	2.0972841499970876e-16
0	9	117	1.0329166436349717e-17
0	9	118	4.037909870728125e-18
0	9	119	1.6701599612155119e-18
0	9	120	1.2973713726289418e-18
0	9	121	6.873824361406204e-19
0	9	122	6.836392887724531e-19
0	9	123	6.58001549469408e-19
0	9	124	1.5360773701912988e-19
0	9	125	1.2325049288176932e-19
0	9	126	1.216326180764951e-19
0	9	127	3.0233008717938475e-20
1	9	0	5.947574209130835e-06
1	9	1	1.814085095475093e-07
1	9	2	9.480026139097042e-12
1	9	3	1.911597851997796e-17
1	9	4	4.262494331345856e-20
1	9	5	6.015445226489932e-21
1	9	6	2.7510906359939562e-21
1	9	7	2.115644269420255e-21
1	9	8	1.8627507607970726e-21
1	9	9	1.2458888969213216e-21
1	9	10	7.781759672755232e-22
1	9	11	6.7801981385506065e-22
1	9	12	5.546525200819626e-22
1	9	13	4.443036274337715e-22
1	9	14	3.4582354469052663e-22
1	9	15	2.9589788852895853e-22
1	9	16	2.812605453073047e-05
1	9	17	8.388845174067683e-08
1	9	18	5.573769310679433e-12
1	9	19	8.430288967811762e-18
1	9	20	3.4216189036467036e-19
1	9	21	1.974443933012278e-20
1	9	22	1.678922996302625e-20
1	9	23	1.0206871576182342e-20
1	9	24	3.59174544719204e-21
1	9	25	3.5643769972471155e-21
1	9	26	2.6730093098129253e-21
1	9	27	2.1584864090368197e-21
1	9	28	1.8048652835316582e-21
1	9	29	1.768267792084372e-21
1	9	30	4.775111626902696e-22
1	9	31	4.38167778960541e-22
1	9	32	4.330200681579299e-05
1	9	33	1.0262980509878616e-07
1	9	34	2.6294686913952425e-12
1	9	35	7.615447408456187e-18
1	9	36	3.3037637609337967e-19
1	9	37	1.790634868938905e-20
1	9	38	1.315149965534544e-20
1	9	39	1.1415822698616301e-20
1	9	40	7.046499606746356e-21
1	9	41	6.069003555565607e-21
1	9	42	5.7515269512650666e-21
1	9	43	2.83947334963747e-21
1	9	44	1.8102114633061007e-21
1	9	45	1.7842027318827384e-21
1	9	46	4.393477129263599e-22
1	9	47	3.575275899513649e-22
1	9	48	0.4486633539199829
1	9	49	1.5930807421682402e-05
1	9	50	6.795787821367583e-10
1	9	51	2.365110806311875e-15
1	9	52	9.44188790974671e-16
1	9	53	2.3395380875408797e-16
1	9	54	1.481628972546038e-16
1	9	55	5.97130963941292e-17
1	9	56	4.256635036250928e-17
1	9	57	4.1092307893494885e-17
1	9	58	7.840290815379739e-18
1	9	59	6.832656202704899e-18
1	9	60	1.1683800007268102e-18
1	9	61	9.293261478674806e-19
1	9	62	6.971655529440733e-19
1	9	63	6.72875084063724e-19
1	9	64	0.2636445164680481
1	9	65	3.7832178350072354e-05
1	9	66	6.036832700395678e-10
1	9	67	5.7286049479922906e-15
1	9	68	1.725545132839478e-15
1	9	69	2.0594273359085367e-16
1	9	70	1.232838455278505e-16
1	9	71	9.362374280009989e-17
1	9	72	4.32584391461426e-17
1	9	73	1.4769237045240404e-17
1	9	74	1.4588238346685226e-17
1	9	75	9.9989857143206e-18
1	9	76	1.7081559856652524e-18
1	9	77	4.89149274426535e-19
1	9	78	9.42839913857033e-20
1	9	79	6.117217118505581e-20
1	9	80	3.559184551704675e-05
1	9	81	1.5093273475486058e-07
1	9	82	2.747995407614834e-12
1	9	83	1.1196299045308443e-17
1	9	84	2.9099045557000282e-19
1	9	85	2.675206952601481e-20
1	9	86	2.1611121016365004e-20
1	9	87	1.013327431209143e-20
1	9	88	9.700019079221175e-21
1	9	89	6.278641334265948e-21
1	9	90	3.470996464804905e-21
1	9	91	1.4569563692609618e-21
1	9	92	1.1320395823120624e-21
1	9	93	1.0228098371637774e-21
1	9	94	9.304971068428739e-22
1	9	95	3.130931377530551e-22
1	9	96	0.08359462022781372
1	9	97	1.4543797078658827e-05
1	9	98	2.62533772499296e-10
1	9	99	3.8790702323612217e-16
1	9	100	1.1305211104149218e-16
1	9	101	3.396101508783027e-17
1	9	102	2.1020601585050708e-17
1	9	103	6.373751805099388e-19
1	9	104	6.242115833381348e-19
1	9	105	5.618441814043796e-19
1	9	106	4.989463499028248e-19
1	9	107	2.755417461066269e-19
1	9	108	2.5727454795294727e-19
1	9	109	2.506363976878151e-19
1	9	110	1.9826263002340758e-19
1	9	111	1.2741928929858052e-19
1	9	112	0.20389783382415771
1	9	113	1.775384043867234e-05
1	9	114	1.506047786481446e-10
1	9	115	1.1198538951145563e-15
1	9	116	2.0441878896984518e-16
1	9	117	1.9568203123944375e-17
1	9	118	8.809969004876664e-18
1	9	119	3.842365201101202e-18
1	9	120	1.9649274268600084e-18
1	9	121	3.4276717977790603e-19
1	9	122	3.135743215996846e-19
1	9	123	1.5994293238491452e-19
1	9	124	1.4514283591935675e-19
1	9	125	9.216619576006588e-20
1	9	126	3.514745675817794e-20
1	9	127	8.838436154239038e-21
2	9	0	6.187247890920844e-06
2	9	1	2.2140329747344367e-07
2	9	2	4.565078350060592e-12
2	9	3	1.1462838145368955e-17
2	9	4	5.331666955218699e-20
2	9	5	7.780093295600818e-21
2	9	6	4.502690213669566e-21
2	9	7	3.3531622035557036e-21
2	9	8	1.2947705051411606e-21
2	9	9	1.1015823317155268e-21
2	9	10	1.055040295613956e-21
2	9	11	7.882248182741395e-22
2	9	12	3.81482632448511e-22
2	9	13	1.518668187948158e-22
2	9	14	5.567164957543829e-23
2	9	15	1.054707819141398e-23
2	9	16	1.7091229892685078e-05
2	9	17	8.515372940109955e-08
2	9	18	2.225126116348064e-12
2	9	19	4.5487145784949335e-18
2	9	20	1.2406398624012401e-19
2	9	21	1.7155223456751153e-20
2	9	22	8.275738464614171e-21
2	9	23	4.693529424376716e-21
2	9	24	4.475452626282487e-21
2	9	25	3.4110763574927445e-21
2	9	26	2.0451477209360664e-21
2	9	27	1.4570392690757696e-21
2	9	28	1.3607281625468736e-21
2	9	29	7.201832049269988e-22
2	9	30	4.86833201427026e-22
2	9	31	3.817223704330513e-22
2	9	32	2.8792455850634724e-05
2	9	33	1.3610124938168155e-07
2	9	34	1.1034019834973985e-12
2	9	35	3.85683755309843e-18
2	9	36	4.640060340334318e-19
2	9	37	1.8696490351310457e-20
2	9	38	1.1917654758558897e-20
2	9	39	8.932546528168985e-21
2	9	40	5.952493066024239e-21
2	9	41	2.5712113664547423e-21
2	9	42	2.343689644027385e-21
2	9	43	2.047725390208192e-21
2	9	44	1.335783699147963e-21
2	9	45	6.8369431122736885e-22
2	9	46	8.875030389268508e-23
2	9	47	2.794949333327425e-23
2	9	48	0.55801922082901
2	9	49	1.1908762644452509e-05
2	9	50	3.255319902528697e-10
2	9	51	9.639136683932056e-15
2	9	52	7.193459068292668e-16
2	9	53	3.6970071177938103e-16
2	9	54	2.624307652732019e-16
2	9	55	1.2330078618679558e-16
2	9	56	8.773510357633899e-17
2	9	57	2.3268408651381907e-17
2	9	58	1.6179786784796455e-17
2	9	59	1.677678309200583e-18
2	9	60	9.437118526955434e-19
2	9	61	5.471778555535081e-19
2	9	62	3.8139054317408556e-19
2	9	63	3.687820358920929e-19
2	9	64	0.19853393733501434
2	9	65	1.9733255612663925e-05
2	9	66	2.5415089477398567e-10
2	9	67	2.467551182711047e-15
2	9	68	8.124211163866807e-16
2	9	69	2.1170572077084532e-16
2	9	70	9.880202578357985e-17
2	9	71	4.7215224519065504e-17
2	9	72	2.1752656427160137e-17
2	9	73	1.1019643044969169e-17
2	9	74	4.657154648078185e-18
2	9	75	4.13486991418006e-18
2	9	76	2.9884393578024972e-18
2	9	77	1.3053847882106259e-18
2	9	78	7.320980105976471e-19
2	9	79	1.8210306868346745e-20
2	9	80	1.9215285647078417e-05
2	9	81	9.80543148898505e-08
2	9	82	1.2181172953998343e-12
2	9	83	5.804897526497563e-18
2	9	84	1.1438486154930547e-19
2	9	85	1.1115545634943182e-20
2	9	86	6.615185097920689e-21
2	9	87	4.207284145205133e-21
2	9	88	3.61537462071557e-21
2	9	89	3.0389331313426792e-21
2	9	90	1.3999793568357744e-21
2	9	91	1.3502170516795722e-21
2	9	92	1.2871545264177949e-21
2	9	93	5.573466126019245e-22
2	9	94	4.388488499116727e-22
2	9	95	4.0973180457334786e-22
2	9	96	0.054390884935855865
2	9	97	8.732948117540218e-06
2	9	98	7.691490500061349e-11
2	9	99	6.739277884392544e-16
2	9	100	9.873148382094133e-17
2	9	101	3.706970872231481e-17
2	9	102	3.3966736696127302e-18
2	9	103	8.685302340012113e-19
2	9	104	7.922383838284681e-19
2	9	105	3.071739340618731e-19
2	9	106	2.2168662721210765e-19
2	9	107	2.0551856788384325e-19
2	9	108	2.0266290776476291e-19
2	9	109	1.451384285976555e-19
2	9	110	1.0999074888845308e-19
2	9	111	7.161404687352774e-20
2	9	112	0.18892861902713776
2	9	113	1.122741014114581e-05
2	9	114	4.24982896096715e-11
2	9	115	1.0891631385784545e-15
2	9	116	9.682220538338114e-17
2	9	117	8.659283167049104e-18
2	9	118	5.3974461411371115e-18
2	9	119	4.3647322394702766e-18
2	9	120	7.491639357067466e-19
2	9	121	4.653118937267116e-19
2	9	122	3.0779930845435733e-19
2	9	123	2.70489507870912e-19
2	9	124	2.564084640022101e-19
2	9	125	2.398070525058474e-19
2	9	126	2.2571375602432207e-19
2	9	127	6.7471729122047485e-21
3	9	0	1.2693845746980514e-05
3	9	1	2.728965000642347e-07
3	9	2	7.539871504924633e-12
3	9	3	1.6689766793492548e-17
3	9	4	1.0215897699940687e-19
3	9	5	1.7082417022562282e-20
3	9	6	7.67723532513441e-21
3	9	7	5.423270745710411e-21
3	9	8	4.978499203852986e-21
3	9	9	3.0020753284184444e-21
3	9	10	1.2043949647679902e-21
3	9	11	1.105629276511732e-21
3	9	12	5.666429534058323e-22
3	9	13	4.915515741386574e-22
3	9	14	3.742047910635592e-22
3	9	15	3.354380962099834e-22
3	9	16	3.0109666113276035e-05
3	9	17	8.723067423943576e-08
3	9	18	4.628142487306253e-12
3	9	19	6.442081369792061e-18
3	9	20	4.2698890029046535e-19
3	9	21	2.592980514511022e-20
3	9	22	1.289193942641425e-20
3	9	23	9.078951842035902e-21
3	9	24	6.3758996797262844e-21
3	9	25	4.211111875022108e-21
3	9	26	3.750924804629863e-21
3	9	27	2.0930856243213203e-21
3	9	28	1.4683800849105207e-21
3	9	29	1.0623895005118378e-21
3	9	30	9.571863033721926e-22
3	9	31	4.506316298017392e-22
3	9	32	4.061911386088468e-05
3	9	33	1.2213708089348074e-07
3	9	34	1.9822184258583286e-12
3	9	35	5.052527128543831e-18
3	9	36	2.6214478060450636e-19
3	9	37	3.3690381340340047e-20
3	9	38	2.194090758683224e-20
3	9	39	9.856175269234702e-21
3	9	40	6.927287855517119e-21
3	9	41	6.271765395424101e-21
3	9	42	4.430019488799942e-21
3	9	43	2.2489964470388867e-21
3	9	44	1.1880988402710028e-21
3	9	45	1.1630098827978048e-21
3	9	46	5.932682837562643e-22
3	9	47	5.336323178312773e-22
3	9	48	0.5463020205497742
3	9	49	1.9546061594155617e-05
3	9	50	5.458510310418774e-10
3	9	51	3.4318395361284705e-15
3	9	52	8.037887918629753e-16
3	9	53	5.505482811279233e-16
3	9	54	2.0387217478618034e-16
3	9	55	8.275055952720875e-17
3	9	56	7.814907951102937e-17
3	9	57	3.010087418895561e-17
3	9	58	2.8044827440948906e-17
3	9	59	5.076216340516431e-18
3	9	60	4.683004455810774e-18
3	9	61	2.2634099674306337e-18
3	9	62	1.4789730858506712e-18
3	9	63	5.460688131472277e-19
3	9	64	0.18542595207691193
3	9	65	3.165109228575602e-05
3	9	66	4.4281522892930525e-10
3	9	67	3.2510342125481725e-15
3	9	68	8.274686037550941e-16
3	9	69	1.5844176118354295e-16
3	9	70	9.03621762622482e-17
3	9	71	2.930244968321738e-17
3	9	72	2.6462166231338948e-17
3	9	73	1.4039104570874548e-17
3	9	74	8.219545681609789e-18
3	9	75	4.384981620865575e-18
3	9	76	2.4390698355172415e-18
3	9	77	2.4301596527539735e-18
3	9	78	1.0702309885419072e-18
3	9	79	2.9190707508628815e-19
3	9	80	2.22571543417871e-05
3	9	81	1.2255280523731926e-07
3	9	82	2.031829565707355e-12
3	9	83	8.536269829433893e-18
3	9	84	1.4232587234330742e-19
3	9	85	2.1738272570563756e-20
3	9	86	9.412802421938444e-21
3	9	87	8.026477603661547e-21
3	9	88	5.048285701791829e-21
3	9	89	3.0745491536061258e-21
3	9	90	2.5433469312597126e-21
3	9	91	1.5134583990687846e-21
3	9	92	1.2020309568943218e-21
3	9	93	8.83575003868055e-22
3	9	94	3.1544798221844844e-22
3	9	95	2.0948785726302556e-22
3	9	96	0.06803707033395767
3	9	97	1.4057942280487623e-05
3	9	98	1.687178730058747e-10
3	9	99	5.237727755718269e-16
3	9	100	1.8839223739352417e-16
3	9	101	3.936557829095779e-17
3	9	102	2.1610825557789957e-18
3	9	103	1.0069061767479102e-18
3	9	104	1.4026563685607632e-19
3	9	105	1.3739176583882275e-19
3	9	106	8.424316258500034e-20
3	9	107	5.0702029184089296e-20
3	9	108	5.0304850011918863e-20
3	9	109	3.307230617052674e-20
3	9	110	2.49637066572623e-20
3	9	111	1.808965320560051e-20
3	9	112	0.20004405081272125
3	9	113	1.877611066447571e-05
3	9	114	1.2753474665228026e-10
3	9	115	1.6723149354560575e-15
3	9	116	2.146909692794349e-16
3	9	117	1.486344795392652e-17
3	9	118	2.851021703795441e-18
3	9	119	2.3428331615109846e-18
3	9	120	1.5711024979228726e-18
3	9	121	8.580170269096037e-19
3	9	122	6.682119050592446e-19
3	9	123	5.384151177344276e-19
3	9	124	4.768387072614263e-19
3	9	125	1.5454197289752316e-19
3	9	126	5.149790941151029e-20
3	9	127	4.1604687113708294e-20
4	9	0	1.1122357136628125e-05
4	9	1	2.1816521211803774e-07
4	9	2	6.702889545490143e-12
4	9	3	1.749355970140625e-17
4	9	4	7.839068526777721e-20
4	9	5	7.906243185776556e-21
4	9	6	6.0567008595410145e-21
4	9	7	4.8514946680834185e-21
4	9	8	2.7605501006112893e-21
4	9	9	2.2415019402731505e-21
4	9	10	1.571893579856506e-21
4	9	11	1.1958338675712973e-21
4	9	12	7.857686714467413e-22
4	9	13	5.977889489923856e-22
4	9	14	4.958446435372915e-22
4	9	15	3.9647495288489806e-22
4	9	16	1.6608597434242256e-05
4	9	17	7.989692818455296e-08
4	9	18	4.27530840590995e-12
4	9	19	6.213421765112496e-18
4	9	20	8.101109005076863e-20
4	9	21	1.0241945165065584e-20
4	9	22	4.805356730713713e-21
4	9	23	4.1131883115593914e-21
4	9	24	3.0542182012164374e-21
4	9	25	3.007948997392103e-21
4	9	26	2.08038892698445e-21
4	9	27	1.2815408659984973e-21
4	9	28	5.364629274640531e-22
4	9	29	4.421517158585244e-22
4	9	30	4.411204663961216e-22
4	9	31	7.159138644643937e-23
4	9	32	3.0688632250530645e-05
4	9	33	1.294995399803156e-07
4	9	34	1.7810425443492983e-12
4	9	35	5.5883701798623135e-18
4	9	36	3.4300287455369536e-19
4	9	37	1.9798501722384228e-20
4	9	38	1.919283103058495e-20
4	9	39	1.0851999752552679e-20
4	9	40	9.687086304214365e-21
4	9	41	5.260671594206921e-21
4	9	42	3.047546432198636e-21
4	9	43	1.220351109147489e-21
4	9	44	1.1887402283631582e-21
4	9	45	6.782783077964835e-22
4	9	46	6.524350730801493e-22
4	9	47	1.0397957447917337e-23
4	9	48	0.5657642483711243
4	9	49	1.687497933744453e-05
4	9	50	5.753562626331643e-10
4	9	51	3.318937032281287e-15
4	9	52	8.590501742539115e-16
4	9	53	4.931840865058691e-16
4	9	54	1.7976585533533936e-16
4	9	55	9.818541226775833e-17
4	9	56	4.031943665123964e-17
4	9	57	2.850425017060576e-17
4	9	58	2.6584799065872384e-17
4	9	59	2.423775059195983e-18
4	9	60	1.1174283633305344e-18
4	9	61	1.1152773835451669e-18
4	9	62	8.705619963807946e-19
4	9	63	5.884808446946591e-19
4	9	64	0.19156654179096222
4	9	65	3.231087248423137e-05
4	9	66	3.517211799586306e-10
4	9	67	2.9854900188586598e-15
4	9	68	6.433756806087062e-16
4	9	69	2.294886481028573e-16
4	9	70	1.1024096750823277e-16
4	9	71	5.556812743185048e-17
4	9	72	4.025721943428585e-17
4	9	73	1.1826544497624846e-17
4	9	74	8.788128127982814e-18
4	9	75	3.936256818070871e-18
4	9	76	1.8364671049111358e-18
4	9	77	8.792590767387537e-19
4	9	78	5.138970190892613e-19
4	9	79	2.5554565646218048e-20
4	9	80	1.554254959046375e-05
4	9	81	1.1997668991625687e-07
4	9	82	1.7185248449985702e-12
4	9	83	9.319742218419619e-18
4	9	84	5.685163236228089e-20
4	9	85	7.061867879357509e-21
4	9	86	4.793780241105805e-21
4	9	87	2.91621373849737e-21
4	9	88	2.684479170669996e-21
4	9	89	2.6145294984306303e-21
4	9	90	2.0993680368398536e-21
4	9	91	1.3299731390467224e-21
4	9	92	5.091234066262447e-22
4	9	93	4.773941840843562e-22
4	9	94	4.57821345957247e-22
4	9	95	2.601647109547558e-22
4	9	96	0.05322109907865524
4	9	97	1.2269132639630698e-05
4	9	98	1.8080741071013762e-10
4	9	99	4.294988820451501e-16
4	9	100	1.387503495073588e-16
4	9	101	3.6890868965158395e-17
4	9	102	4.666105155896315e-18
4	9	103	4.273373501235033e-19
4	9	104	3.471520383556555e-19
4	9	105	3.2734274289562973e-19
4	9	106	2.949505569032063e-19
4	9	107	2.6738476298987665e-19
4	9	108	2.0818144322141044e-19
4	9	109	5.546622762087674e-20
4	9	110	4.29606978627984e-20
4	9	111	1.0784378545270036e-20
4	9	112	0.18929407000541687
4	9	113	1.759757287800312e-05
4	9	114	1.379096975506755e-10
4	9	115	4.614775257077725e-16
4	9	116	2.625317210126028e-16
4	9	117	2.23148100258124e-17
4	9	118	1.3118078663466154e-17
4	9	119	9.242704199635565e-19
4	9	120	4.830726505503556e-19
4	9	121	3.1490034382039537e-19
4	9	122	3.026799134926608e-19
4	9	123	2.2660496558616553e-19
4	9	124	1.831829465108069e-19
4	9	125	1.8076646759820394e-19
4	9	126	1.1550733271584286e-19
4	9	127	3.5430103727252453e-20
5	9	0	1.8222786820842884e-05
5	9	1	3.3327384585390973e-07
5	9	2	1.2731990808867444e-11
5	9	3	2.947628665202907e-17
5	9	4	2.351809932313563e-19
5	9	5	3.2440782853410916e-20
5	9	6	1.2994538095145669e-20
5	9	7	5.669011242298284e-21
5	9	8	2.3623353370880317e-21
5	9	9	1.4341691185825814e-21
5	9	10	1.1534159205515752e-21
5	9	11	8.727459252579644e-22
5	9	12	8.410581021363819e-22
5	9	13	8.31630696826237e-22
5	9	14	4.55315166415796e-22
5	9	15	3.168953652746862e-23
5	9	16	5.7152752560796216e-05
5	9	17	9.951806134722574e-08
5	9	18	9.350470918378928e-12
5	9	19	1.26855277231887e-17
5	9	20	5.981819672198927e-19
5	9	21	5.3413200883437074e-20
5	9	22	4.627428646145779e-20
5	9	23	1.9727816554102157e-20
5	9	24	1.8391873012802135e-20
5	9	25	8.619048307185655e-21
5	9	26	8.16620973487192e-21
5	9	27	3.3341594657384667e-21
5	9	28	1.31881417773873e-21
5	9	29	1.1189019306618351e-21
5	9	30	1.074483078976787e-21
5	9	31	3.942800515457601e-22
5	9	32	5.497967140399851e-05
5	9	33	1.763929162734712e-07
5	9	34	3.551063089413109e-12
5	9	35	1.1526890048921386e-17
5	9	36	8.311524753605659e-19
5	9	37	4.672070872946927e-20
5	9	38	4.008417082029671e-20
5	9	39	1.6829495241164256e-20
5	9	40	9.66570562408443e-21
5	9	41	9.541324801820304e-21
5	9	42	5.043733785042086e-21
5	9	43	3.701267714585756e-21
5	9	44	2.5798848479314366e-21
5	9	45	2.1323971002051545e-21
5	9	46	8.972337833431585e-22
5	9	47	6.322260975190699e-22
5	9	48	0.5002646446228027
5	9	49	1.877063732536044e-05
5	9	50	8.274871343694201e-10
5	9	51	3.8884504340377934e-15
5	9	52	1.4565728909333086e-15
5	9	53	3.234759268560069e-16
5	9	54	1.904908144599059e-16
5	9	55	5.978284426337967e-17
5	9	56	5.883704595098654e-17
5	9	57	5.862175399859614e-17
5	9	58	2.0471300718756294e-17
5	9	59	8.228765436717305e-18
5	9	60	4.858937086704371e-18
5	9	61	2.204160054129226e-18
5	9	62	2.133323615192635e-18
5	9	63	7.368980362947158e-19
5	9	64	0.25734469294548035
5	9	65	3.964214920415543e-05
5	9	66	8.631318437757329e-10
5	9	67	6.069680128379653e-15
5	9	68	2.1835869870340686e-15
5	9	69	1.7959509878712882e-16
5	9	70	8.478630395426096e-17
5	9	71	5.912843851973182e-17
5	9	72	3.2516757738312686e-17
5	9	73	1.3643162990147466e-17
5	9	74	1.2516298977569539e-17
5	9	75	3.2854573750985974e-18
5	9	76	2.96889576826486e-18
5	9	77	2.6902235829794203e-18
5	9	78	2.482268515827211e-18
5	9	79	1.9548278617734657e-19
5	9	80	2.4331509848707356e-05
5	9	81	1.3095808526486508e-07
5	9	82	3.9958379487170514e-12
5	9	83	1.8652492679152246e-17
5	9	84	2.1190650893837521e-19
5	9	85	2.3161257484289378e-20
5	9	86	1.279500742955496e-20
5	9	87	7.110194129500073e-21
5	9	88	5.129788033728877e-21
5	9	89	3.0562487922953487e-21
5	9	90	1.3318128888954426e-21
5	9	91	8.69593005991977e-22
5	9	92	8.58344985443229e-22
5	9	93	1.953834534180063e-22
5	9	94	8.721085761336438e-23
5	9	95	8.41680191535352e-23
5	9	96	0.07229664921760559
5	9	97	1.37357728817733e-05
5	9	98	3.4334157739124294e-10
5	9	99	4.911803771295799e-16
5	9	100	1.855177119730085e-16
5	9	101	3.0936525130981183e-17
5	9	102	6.4431145183771394e-18
5	9	103	6.984970552363423e-19
5	9	104	6.622890850782117e-19
5	9	105	4.8933601044981885e-19
5	9	106	4.49076768145345e-19
5	9	107	4.0235941660593996e-19
5	9	108	2.7895844147617134e-19
5	9	109	2.677742358114184e-19
5	9	110	7.3943555499539e-20
5	9	111	3.1161712825985316e-20
5	9	112	0.1698487102985382
5	9	113	1.563978185004089e-05
5	9	114	1.8112140953707723e-10
5	9	115	5.049706029064719e-16
5	9	116	1.9817512382717652e-16
5	9	117	3.380010198890911e-17
5	9	118	9.513769011622507e-18
5	9	119	2.5259091173794366e-18
5	9	120	1.6279143997663568e-18
5	9	121	6.108017448377314e-19
5	9	122	5.199908069631512e-19
5	9	123	5.114137711915889e-19
5	9	124	2.2242674706518947e-19
5	9	125	1.3991293479770195e-19
5	9	126	1.3367914660513748e-19
5	9	127	1.744757041097756e-20
6	9	0	1.0590700185275637e-05
6	9	1	1.2533419635474274e-07
6	9	2	1.2211800147488017e-11
6	9	3	2.57427093499587e-17
6	9	4	3.2015401992231254e-20
6	9	5	9.980090802404266e-21
6	9	6	6.646355024391663e-21
6	9	7	3.140552754270959e-21
6	9	8	1.2267131903065624e-21
6	9	9	9.852239093131364e-22
6	9	10	9.516926002975865e-22
6	9	11	8.326829489213804e-22
6	9	12	5.679430466647345e-22
6	9	13	4.995091485666455e-22
6	9	14	2.8309496633803463e-22
6	9	15	2.554065796535013e-22
6	9	16	2.6171021090704016e-05
6	9	17	7.436286608708542e-08
6	9	18	7.515793543078075e-12
6	9	19	1.1403499516946851e-17
6	9	20	2.7537938606201924e-19
6	9	21	2.3162306000339274e-20
6	9	22	1.8409442522883217e-20
6	9	23	9.543091446351215e-21
6	9	24	5.327681301759386e-21
6	9	25	3.2471784758819965e-21
6	9	26	2.248852861732362e-21
6	9	27	1.7346916505258565e-21
6	9	28	1.5878044877962558e-21
6	9	29	1.5329816588657226e-21
6	9	30	1.3031005733777069e-21
6	9	31	6.921327247760818e-22
6	9	32	5.961020360700786e-05
6	9	33	1.0281772944154e-07
6	9	34	3.5113812899001395e-12
6	9	35	1.1120756775867038e-17
6	9	36	5.770127092846473e-19
6	9	37	2.5057711210234976e-20
6	9	38	1.8072759010941394e-20
6	9	39	1.2286670208017746e-20
6	9	40	1.1373416767525888e-20
6	9	41	6.245308136622692e-21
6	9	42	5.553594101349778e-21
6	9	43	2.5395850366184436e-21
6	9	44	2.0278651795196417e-21
6	9	45	2.00979221209796e-21
6	9	46	3.1827541116405435e-22
6	9	47	1.8764190066030387e-22
6	9	48	0.43751952052116394
6	9	49	1.5448385966010392e-05
6	9	50	9.296024505722755e-10
6	9	51	2.895296680085601e-15
6	9	52	7.8055134292756e-16
6	9	53	3.373886547728956e-16
6	9	54	1.2818537373070492e-16
6	9	55	7.232628386402769e-17
6	9	56	6.970862780221178e-17
6	9	57	4.0484250733929605e-17
6	9	58	1.1095033940358477e-17
6	9	59	2.7358872615147976e-18
6	9	60	1.7457218761964653e-18
6	9	61	1.0802974664039479e-18
6	9	62	1.0763957588521118e-18
6	9	63	2.648005990574727e-19
6	9	64	0.27268722653388977
6	9	65	3.705245035234839e-05
6	9	66	9.141351564601052e-10
6	9	67	3.899546565646825e-15
6	9	68	1.2090271944608841e-15
6	9	69	1.3732058436217315e-16
6	9	70	1.0090027859516147e-16
6	9	71	5.374897528511161e-17
6	9	72	2.7605333146609682e-17
6	9	73	2.263295196120642e-17
6	9	74	3.902714644231846e-18
6	9	75	1.2853778741323824e-18
6	9	76	7.390350574072465e-19
6	9	77	4.527657868821784e-19
6	9	78	4.25881874136928e-19
6	9	79	5.13876972884104e-20
6	9	80	3.819085759459995e-05
6	9	81	1.525815491731919e-07
6	9	82	3.763355078956199e-12
6	9	83	1.5190455611125882e-17
6	9	84	2.40621256722541e-19
6	9	85	2.1851870964296282e-20
6	9	86	1.959862128217903e-20
6	9	87	1.5668379230384157e-20
6	9	88	6.3794022726325636e-21
6	9	89	6.267101195368553e-21
6	9	90	4.476845666288686e-21
6	9	91	2.203916315345097e-21
6	9	92	1.6413001118962962e-21
6	9	93	1.3713945717274203e-21
6	9	94	8.832772309644394e-22
6	9	95	8.275709787942545e-22
6	9	96	0.09115364402532578
6	9	97	1.5122768672881648e-05
6	9	98	3.4995337183652e-10
6	9	99	7.330320534327649e-16
6	9	100	1.7779690077966714e-16
6	9	101	5.1268641131146854e-17
6	9	102	4.430302846627355e-19
6	9	103	4.1774699225216937e-19
6	9	104	3.8671924068015216e-19
6	9	105	1.55329513464159e-19
6	9	106	1.3088570597775762e-19
6	9	107	1.27311096659398e-19
6	9	108	9.226663358100571e-20
6	9	109	7.604416774042034e-20
6	9	110	2.86236448256856e-20
6	9	111	2.3922462365055632e-20
6	9	112	0.19841830432415009
6	9	113	1.8185472072218545e-05
6	9	114	2.0095555774979346e-10
6	9	115	9.188332832150872e-16
6	9	116	2.603980979580284e-16
6	9	117	1.9309915977674692e-17
6	9	118	2.6132089320476706e-18
6	9	119	1.2199761152178412e-18
6	9	120	9.641968771678426e-19
6	9	121	7.172470166750232e-19
6	9	122	2.231451534271918e-19
6	9	123	2.0669646015142169e-19
6	9	124	1.917336675991324e-19
6	9	125	1.5668040280203467e-19
6	9	126	9.978860048125667e-20
6	9	127	5.626978511835799e-21
7	9	0	1.0871684935409576e-05
7	9	1	2.0121427724006935e-07
7	9	2	3.821609695364714e-12
7	9	3	6.90528762357073e-18
7	9	4	9.733895033362063e-20
7	9	5	9.486031332162828e-21
7	9	6	7.583525616813668e-21
7	9	7	4.630480328682989e-21
7	9	8	2.747505244247065e-21
7	9	9	2.376126998604898e-21
7	9	10	1.2820764331333827e-21
7	9	11	1.2011161306797551e-21
7	9	12	3.57715326225033e-22
7	9	13	1.9180212588249879e-22
7	9	14	1.439187864283372e-22
7	9	15	7.294293867991091e-23
7	9	16	2.1086128981551155e-05
7	9	17	8.30409305763169e-08
7	9	18	2.031375068156649e-12
7	9	19	3.244967504499586e-18
7	9	20	2.1532083908835562e-19
7	9	21	2.1173523085278845e-20
7	9	22	1.2444240844566995e-20
7	9	23	7.350982851522564e-21
7	9	24	5.562909980660586e-21
7	9	25	2.644037591586004e-21
7	9	26	2.047612904953995e-21
7	9	27	1.6394190636014659e-21
7	9	28	7.546913888004764e-22
7	9	29	4.251956745044398e-22
7	9	30	9.089413122137542e-23
7	9	31	1.9362314817332907e-23
7	9	32	4.04169550165534e-05
7	9	33	1.0992497578854454e-07
7	9	34	9.706358980454688e-13
7	9	35	2.545802811111337e-18
7	9	36	4.214614209434446e-19
7	9	37	6.091961614193718e-20
7	9	38	1.8028672869231732e-20
7	9	39	1.1892538033181835e-20
7	9	40	1.0121164678729338e-20
7	9	41	2.6627513412546658e-21
7	9	42	2.591739824371549e-21
7	9	43	2.3149548112639707e-21
7	9	44	1.876792232474517e-21
7	9	45	1.4637220442809206e-21
7	9	46	9.011821773241962e-22
7	9	47	1.8867841340266635e-22
7	9	48	0.5370583534240723
7	9	49	1.613375570741482e-05
7	9	50	2.380746710883841e-10
7	9	51	8.215329356739149e-15
7	9	52	4.720667610374314e-16
7	9	53	4.358556525560568e-16
7	9	54	1.591165023353698e-16
7	9	55	1.183810732453548e-16
7	9	56	5.982983473961758e-17
7	9	57	2.5386535304360718e-17
7	9	58	1.408219075462121e-17
7	9	59	8.104332657170953e-18
7	9	60	1.844212617371929e-18
7	9	61	1.1560801352108763e-18
7	9	62	1.1547210774644517e-18
7	9	63	3.406070493070121e-19
7	9	64	0.21267835795879364
7	9	65	3.211316652595997e-05
7	9	66	1.7970315513426982e-10
7	9	67	3.1536065771308516e-15
7	9	68	8.329935349722379e-16
7	9	69	2.0412378327618427e-16
7	9	70	9.630319256239596e-17
7	9	71	7.041379596569078e-17
7	9	72	3.8006169819953443e-17
7	9	73	1.611044919712981e-17
7	9	74	1.5233373050027584e-17
7	9	75	5.150534796241564e-18
7	9	76	3.827998314632075e-18
7	9	77	1.3201489281689317e-18
7	9	78	8.573815971027981e-19
7	9	79	1.3540668746506034e-20
7	9	80	1.701508699625265e-05
7	9	81	9.699680703079139e-08
7	9	82	8.853747270921863e-13
7	9	83	3.5615663344608884e-18
7	9	84	2.080571334849802e-19
7	9	85	1.0581368712786489e-20
7	9	86	4.6871720890048484e-21
7	9	87	4.321006939146969e-21
7	9	88	2.7518945925414596e-21
7	9	89	1.2356459735182465e-21
7	9	90	8.402991295931379e-22
7	9	91	7.892749499111697e-22
7	9	92	3.1757916883999353e-22
7	9	93	2.800856639330082e-23
7	9	94	2.195375602314195e-23
7	9	95	1.9507148101809675e-23
7	9	96	0.057879313826560974
7	9	97	1.1565662134671584e-05
7	9	98	9.248956461815894e-11
7	9	99	4.594359116070936e-16
7	9	100	1.0600350651858082e-16
7	9	101	1.8702901065681228e-17
7	9	102	6.4179938703545165e-18
7	9	103	2.3276517089336458e-18
7	9	104	8.946812388743455e-19
7	9	105	8.299227679824292e-19
7	9	106	6.506820350240794e-19
7	9	107	1.2371129710644672e-19
7	9	108	1.0293620365777994e-19
7	9	109	8.011244232576073e-20
7	9	110	2.8689244125670174e-20
7	9	111	1.2043281198503254e-20
7	9	112	0.19221742451190948
7	9	113	1.5861151041463017e-05
7	9	114	6.169265098776577e-11
7	9	115	4.617051128727879e-16
7	9	116	2.735647751368433e-16
7	9	117	1.2504653101725405e-17
7	9	118	6.815366887131622e-18
7	9	119	3.4690286053588155e-18
7	9	120	5.631504029891774e-19
7	9	121	3.802709283656009e-19
7	9	122	3.064514176462022e-19
7	9	123	2.1170078653509386e-19
7	9	124	2.0036819242326717e-19
7	9	125	1.7062139465327369e-19
7	9	126	1.3602835246948515e-19
7	9	127	8.994379409868317e-20
0	10	0	7.774307050567586e-06
0	10	1	2.903887548200146e-07
0	10	2	5.116526126391907e-12
0	10	3	1.8702838199954674e-17
0	10	4	8.621614344230417e-20
0	10	5	9.005203520547971e-21
0	10	6	4.476566573611306e-21
0	10	7	3.3665047318493476e-21
0	10	8	2.494667473380002e-21
0	10	9	1.3875595307439748e-21
0	10	10	1.0918003555165903e-21
0	10	11	9.511797523567715e-22
0	10	12	9.15870287751981e-22
0	10	13	7.909049258679736e-22
0	10	14	3.422178571302659e-22
0	10	15	1.6282905712570768e-22
0	10	16	2.1944730178802274e-05
0	10	17	1.067088462036736e-07
0	10	18	2.3281352973941738e-12
0	10	19	7.61146618816797e-18
0	10	20	1.0226638123206805e-19
0	10	21	2.4322307255996987e-20
0	10	22	1.5358083103100203e-20
0	10	23	6.306044519334251e-21
0	10	24	5.4459115838047825e-21
0	10	25	3.3855157495506457e-21
0	10	26	2.634412529287447e-21
0	10	27	2.5064380353923685e-21
0	10	28	9.195133357647131e-22
0	10	29	6.255368599653833e-22
0	10	30	5.43635629467557e-22
0	10	31	2.652969516517023e-22
0	10	32	3.4327102184761316e-05
0	10	33	1.219441969624313e-07
0	10	34	1.3069696149989318e-12
0	10	35	6.10777797958998e-18
0	10	36	3.6760880944015714e-19
0	10	37	1.9397666476529796e-20
0	10	38	1.2854551508961707e-20
0	10	39	6.085710342117191e-21
0	10	40	5.676156984191491e-21
0	10	41	4.444178090544593e-21
0	10	42	2.8948748616845245e-21
0	10	43	2.4397415497954872e-21
0	10	44	8.0971985168089545e-22
0	10	45	5.874565624517711e-22
0	10	46	5.016035048502476e-22
0	10	47	4.299459045748676e-22
0	10	48	0.5347915887832642
0	10	49	1.9186782083124854e-05
0	10	50	2.709725221983206e-10
0	10	51	3.4264339836173304e-15
0	10	52	8.989227149986908e-16
0	10	53	4.391686631105644e-16
0	10	54	3.506319090240982e-16
0	10	55	1.6460649344343935e-16
0	10	56	7.9664242782655e-17
0	10	57	2.4514771311152307e-17
0	10	58	1.7298950573052126e-17
0	10	59	7.68202717596058e-18
0	10	60	3.705588405273721e-18
0	10	61	2.6715574252765486e-18
0	10	62	1.9374675120650856e-18
0	10	63	1.7133743579571197e-18
0	10	64	0.2086562067270279
0	10	65	4.278942651581019e-05
0	10	66	2.1605991995521379e-10
0	10	67	1.883261502947926e-15
0	10	68	7.140190225031029e-16
0	10	69	2.5012078251119597e-16
0	10	70	9.271306988523821e-17
0	10	71	8.42707123522893e-17
0	10	72	2.7349231411518364e-17
0	10	73	2.6485769002937536e-17
0	10	74	7.935291681550841e-18
0	10	75	6.931537373129488e-18
0	10	76	3.0350573959696076e-18
0	10	77	2.6053033601383482e-18
0	10	78	8.404896901150645e-19
0	10	79	3.9136918479483072e-19
0	10	80	1.6096582839963958e-05
0	10	81	1.0449311105276138e-07
0	10	82	1.193890038914125e-12
0	10	83	7.58880226656463e-18
0	10	84	8.305834267979177e-20
0	10	85	1.7430265857186437e-20
0	10	86	5.0250951601751504e-21
0	10	87	2.765493595292609e-21
0	10	88	2.6352094176412394e-21
0	10	89	2.5065087173294763e-21
0	10	90	2.020015243584449e-21
0	10	91	7.704477557334499e-22
0	10	92	5.145396120055218e-22
0	10	93	3.191922821060874e-22
0	10	94	1.9735515129717743e-22
0	10	95	1.647852049787151e-22
0	10	96	0.06074996665120125
0	10	97	1.174806948256446e-05
0	10	98	1.2191944676054334e-10
0	10	99	4.543011449412789e-16
0	10	100	1.546315158192175e-16
0	10	101	4.7329762564124497e-17
0	10	102	1.7574704465136478e-17
0	10	103	2.675364317250671e-18
0	10	104	2.1298171965760227e-18
0	10	105	9.16325246782408e-19
0	10	106	7.142874161420967e-19
0	10	107	4.760812683142691e-19
0	10	108	3.2608666913546796e-19
0	10	109	2.0296507425758912e-19
0	10	110	1.9023406669675618e-19
0	10	111	1.1116288966583486e-19
0	10	112	0.19562946259975433
0	10	113	1.6993360986816697e-05
0	10	114	7.826415904244044e-11
0	10	115	7.758128288623827e-16
0	10	116	2.3817010053750346e-16
0	10	117	3.340286008025909e-17
0	10	118	1.5415319697564748e-17
0	10	119	4.365013894468851e-18
0	10	120	1.1569648048760018e-18
0	10	121	1.0384371643250893e-18
0	10	122	6.942546526697109e-19
0	10	123	6.207380451508715e-19
0	10	124	3.1093153124136594e-19
0	10	125	2.5929597057487374e-19
0	10	126	1.6085318002554377e-19
0	10	127	5.781403761794073e-20
1	10	0	7.3098481152555905e-06
1	10	1	1.974255781078682e-07
1	10	2	2.0006302170472168e-11
1	10	3	7.091973933299762e-17
1	10	4	5.1951469343479305e-20
1	10	5	4.99531302305219e-21
1	10	6	2.3456574291564663e-21
1	10	7	1.999590587140995e-21
1	10	8	1.4887897971729863e-21
1	10	9	9.348466713040963e-22
1	10	10	7.747175000928384e-22
1	10	11	6.154090976326959e-22
1	10	12	6.0093066012263155e-22
1	10	13	4.489253173528589e-22
1	10	14	3.312175767710806e-22
1	10	15	2.3644657916466567e-22
1	10	16	2.9277565772645175e-05
1	10	17	1.1102842023547055e-07
1	10	18	1.1568915096737964e-11
1	10	19	3.0621465270549536e-17
1	10	20	3.650079467991373e-19
1	10	21	2.800273914721371e-20
1	10	22	1.7419556130075862e-20
1	10	23	8.355554123583436e-21
1	10	24	6.1636943291734045e-21
1	10	25	4.181301061227521e-21
1	10	26	4.030664524656939e-21
1	10	27	3.3009819703052394e-21
1	10	28	1.953242825392275e-21
1	10	29	1.1301888262759925e-21
1	10	30	8.849507772867604e-22
1	10	31	4.914214688872811e-22
1	10	32	4.785352211911231e-05
1	10	33	1.2632816037694283e-07
1	10	34	5.450515906668674e-12
1	10	35	2.8369436274371866e-17
1	10	36	9.073714302418278e-19
1	10	37	2.171226581823463e-19
1	10	38	2.333791870620627e-20
1	10	39	1.2921332610934726e-20
1	10	40	1.1473710801210808e-20
1	10	41	7.350771209608024e-21
1	10	42	4.23645882156575e-21
1	10	43	3.2556956493034867e-21
1	10	44	3.087836348040434e-21
1	10	45	6.230505218534205e-22
1	10	46	4.87126834388611e-22
1	10	47	3.006965104827562e-22
1	10	48	0.4550696015357971
1	10	49	2.138934905815404e-05
1	10	50	1.3880578908498364e-09
1	10	51	3.745424262212695e-15
1	10	52	2.4864779221592075e-15
1	10	53	3.1851766068057626e-16
1	10	54	2.534950706054815e-16
1	10	55	1.0566645358002261e-16
1	10	56	4.351635736985908e-17
1	10	57	4.2706315939598154e-17
1	10	58	1.3154373694383756e-17
1	10	59	7.36872259278877e-18
1	10	60	2.2607125314530983e-18
1	10	61	8.22933608794239e-19
1	10	62	7.320971317182463e-19
1	10	63	5.587848022100639e-19
1	10	64	0.2570172846317291
1	10	65	5.2637700719060376e-05
1	10	66	1.245852532250069e-09
1	10	67	9.58287844964132e-15
1	10	68	2.2027117204336498e-15
1	10	69	2.100472170252316e-16
1	10	70	1.0858235788350064e-16
1	10	71	6.827055776367609e-17
1	10	72	4.991101937026562e-17
1	10	73	1.800978823244957e-17
1	10	74	1.7786598359570512e-17
1	10	75	8.062217583463428e-18
1	10	76	4.722007262463568e-18
1	10	77	1.9852258187066003e-18
1	10	78	1.5082583814623455e-19
1	10	79	1.4159004348965321e-19
1	10	80	3.701108289533295e-05
1	10	81	1.9433799991475098e-07
1	10	82	5.849730855961299e-12
1	10	83	4.0484591532341976e-17
1	10	84	2.0224096810417844e-19
1	10	85	4.386243782158057e-20
1	10	86	1.7260054059108045e-20
1	10	87	1.3866212785159667e-20
1	10	88	1.2664375092876237e-20
1	10	89	4.4724714641236714e-21
1	10	90	4.231679107030128e-21
1	10	91	1.8756354720866498e-21
1	10	92	1.3359783773975971e-21
1	10	93	1.3309873238700235e-21
1	10	94	8.224002921722311e-22
1	10	95	4.0556411988243317e-22
1	10	96	0.08415886014699936
1	10	97	1.871134008979425e-05
1	10	98	5.602590613662528e-10
1	10	99	1.6985099587454888e-15
1	10	100	9.473191071103677e-16
1	10	101	3.186340085968155e-17
1	10	102	2.8584917651122542e-18
1	10	103	2.1573395635071933e-18
1	10	104	1.062224087007547e-18
1	10	105	9.496735501653662e-19
1	10	106	3.375715549528839e-19
1	10	107	8.040629177602166e-20
1	10	108	2.3354670729197602e-20
1	10	109	1.2999022965029355e-20
1	10	110	8.912336340917555e-21
1	10	111	2.9637071534724118e-21
1	10	112	0.20351548492908478
1	10	113	2.3266371499630623e-05
1	10	114	3.2171826314097984e-10
1	10	115	3.703334771547155e-15
1	10	116	4.6005286923005e-16
1	10	117	2.7132796295521414e-17
1	10	118	4.136206638049945e-18
1	10	119	2.167116631552417e-18
1	10	120	6.616256345281559e-19
1	10	121	3.095184741105781e-19
1	10	122	1.9061716764264187e-19
1	10	123	1.6116741818543442e-19
1	10	124	1.3276526712463124e-19
1	10	125	8.501175554572989e-20
1	10	126	4.871405244700868e-20
1	10	127	1.8608513553934333e-20
2	10	0	6.238030437089037e-06
2	10	1	2.9524821343329677e-07
2	10	2	9.676663116631179e-12
2	10	3	4.364687323563015e-17
2	10	4	7.52972688837247e-20
2	10	5	7.898611959949614e-21
2	10	6	5.446338502704914e-21
2	10	7	3.2992793434145083e-21
2	10	8	2.13245122237414e-21
2	10	9	1.7906034861588293e-21
2	10	10	1.5770617421236326e-21
2	10	11	1.2560738611359684e-21
2	10	12	9.49501258298853e-22
2	10	13	4.0156029106786376e-22
2	10	14	3.184687767491421e-22
2	10	15	1.8168038413624006e-22
2	10	16	1.7382371879648417e-05
2	10	17	1.1753578377238227e-07
2	10	18	4.5991327066174925e-12
2	10	19	1.9598112320533067e-17
2	10	20	3.2625448340223965e-19
2	10	21	2.038382086305786e-20
2	10	22	1.33816044996515e-20
2	10	23	9.486292249484952e-21
2	10	24	5.305664080298697e-21
2	10	25	2.4388281372196627e-21
2	10	26	2.1773160770823383e-21
2	10	27	1.6660936188723836e-21
2	10	28	1.4618445300829456e-21
2	10	29	8.183775811830343e-22
2	10	30	3.845135243987915e-22
2	10	31	6.784056741227968e-23
2	10	32	3.142733476124704e-05
2	10	33	1.711289598915755e-07
2	10	34	2.313956751903712e-12
2	10	35	1.5406654153467642e-17
2	10	36	3.1090017592627135e-19
2	10	37	2.505796162624073e-20
2	10	38	2.2478201784363778e-20
2	10	39	4.907074500560376e-21
2	10	40	3.687275518315895e-21
2	10	41	2.6286018682120103e-21
2	10	42	2.0276692895796572e-21
2	10	43	1.6792640871362681e-21
2	10	44	1.6656309551069151e-21
2	10	45	1.4036438113780305e-21
2	10	46	6.737964166515756e-22
2	10	47	5.002814497037441e-22
2	10	48	0.5615155696868896
2	10	49	1.639446236367803e-05
2	10	50	6.569897958996762e-10
2	10	51	1.1224373244278583e-14
2	10	52	1.9154650603278242e-15
2	10	53	7.16149204486329e-16
2	10	54	2.374797686854912e-16
2	10	55	1.79990967575962e-16
2	10	56	9.203838167297056e-17
2	10	57	3.672731881444441e-17
2	10	58	2.207357603505111e-17
2	10	59	2.0925623052756144e-17
2	10	60	1.6848348690652386e-18
2	10	61	1.1545161434676917e-18
2	10	62	1.9100965191860122e-19
2	10	63	1.0992063240684214e-19
2	10	64	0.1946619749069214
2	10	65	2.7844836949952878e-05
2	10	66	5.109346279397187e-10
2	10	67	3.544749663272179e-15
2	10	68	5.838772805969263e-16
2	10	69	1.2301165678420625e-16
2	10	70	8.076602088879603e-17
2	10	71	5.800055459345861e-17
2	10	72	2.7338588905757257e-17
2	10	73	1.7916196054861645e-17
2	10	74	1.1888933768146046e-17
2	10	75	1.7851014636182773e-18
2	10	76	1.6416999850600124e-18
2	10	77	1.080053137930515e-18
2	10	78	1.0407262832727533e-18
2	10	79	7.288007911278283e-20
2	10	80	2.0818322809645906e-05
2	10	81	1.2352489875411266e-07
2	10	82	2.5824294959397864e-12
2	10	83	2.1700640001520353e-17
2	10	84	2.851347664655575e-19
2	10	85	1.5577558999652383e-20
2	10	86	9.850419740070209e-21
2	10	87	6.974121303147966e-21
2	10	88	3.1533651680362944e-21
2	10	89	2.377319099961319e-21
2	10	90	2.3432992777861583e-21
2	10	91	2.1037010415329536e-21
2	10	92	1.0910817221645957e-21
2	10	93	4.0212307074853567e-22
2	10	94	3.0124906652609647e-22
2	10	95	1.5000540998108182e-22
2	10	96	0.05507533624768257
2	10	97	1.1499806532810908e-05
2	10	98	1.6156247173437777e-10
2	10	99	6.646726829410803e-16
2	10	100	7.990695080926786e-17
2	10	101	2.276314191781614e-17
2	10	102	1.7278989050509996e-17
2	10	103	1.90508835416731e-18
2	10	104	5.669025459465062e-19
2	10	105	4.651192640415633e-19
2	10	106	3.3423928370460817e-19
2	10	107	3.2136437256658515e-19
2	10	108	2.8574589784186935e-19
2	10	109	2.720021627173301e-19
2	10	110	2.2646625773719804e-19
2	10	111	3.643540928366568e-20
2	10	112	0.18859906494617462
2	10	113	1.5183714822342154e-05
2	10	114	8.850246230318604e-11
2	10	115	5.406170315796035e-16
2	10	116	2.2475966315833656e-16
2	10	117	4.2918666437730317e-17
2	10	118	8.334751261423112e-18
2	10	119	1.2868630769222213e-18
2	10	120	8.094367612331527e-19
2	10	121	7.47161745034062e-19
2	10	122	7.410995968186023e-19
2	10	123	5.819783778993797e-19
2	10	124	5.009445080700232e-19
2	10	125	1.8823783430942138e-19
2	10	126	1.387575315030273e-19
2	10	127	1.0850283191222918e-20
3	10	0	1.3985385521664284e-05
3	10	1	3.3231617635465227e-07
3	10	2	1.593282450418343e-11
3	10	3	6.245469058148515e-17
3	10	4	2.754055197994971e-19
3	10	5	1.504442978575202e-20
3	10	6	1.1300594985259244e-20
3	10	7	7.277582689061987e-21
3	10	8	2.6483516131302808e-21
3	10	9	1.8564513846136335e-21
3	10	10	1.0690796468332872e-21
3	10	11	1.0627651245204678e-21
3	10	12	8.370148428983259e-22
3	10	13	6.542221648857242e-22
3	10	14	5.642496125282642e-22
3	10	15	4.768911811276383e-22
3	10	16	3.0444378353422508e-05
3	10	17	1.1915212638768935e-07
3	10	18	9.592779695588582e-12
3	10	19	2.5116834719999028e-17
3	10	20	3.4266003403918628e-19
3	10	21	3.326617662659386e-20
3	10	22	1.895248659502428e-20
3	10	23	1.4935235482546484e-20
3	10	24	6.982180659565389e-21
3	10	25	5.410696631047325e-21
3	10	26	3.723776074535148e-21
3	10	27	2.3466233483141424e-21
3	10	28	2.2166566335345826e-21
3	10	29	1.9129949148159582e-21
3	10	30	5.928410619335456e-22
3	10	31	2.702648568448732e-22
3	10	32	4.421706762514077e-05
3	10	33	1.5272331665983074e-07
3	10	34	4.150178031098184e-12
3	10	35	1.9323880440775812e-17
3	10	36	4.876028602713671e-19
3	10	37	1.5579743273457406e-20
3	10	38	1.0681457566905405e-20
3	10	39	1.0267820408602009e-20
3	10	40	9.08227995153172e-21
3	10	41	8.829904238584951e-21
3	10	42	4.746918924596899e-21
3	10	43	3.950988613974756e-21
3	10	44	3.2597760165585243e-21
3	10	45	2.640130697999468e-21
3	10	46	6.473915129707241e-22
3	10	47	3.8266943265964895e-22
3	10	48	0.5513728260993958
3	10	49	2.653147566888947e-05
3	10	50	1.1190901538782327e-09
3	10	51	4.570827799642383e-15
3	10	52	2.504282554710493e-15
3	10	53	4.878820308329716e-16
3	10	54	2.5573115817689404e-16
3	10	55	1.5184534652301228e-16
3	10	56	7.979854382690911e-17
3	10	57	3.27813529639337e-17
3	10	58	3.0744179168783e-17
3	10	59	5.128389103291988e-18
3	10	60	4.999299296896963e-18
3	10	61	1.859024320215457e-18
3	10	62	8.264473169399994e-19
3	10	63	1.0051531096112718e-19
3	10	64	0.18065901100635529
3	10	65	4.413522401591763e-05
3	10	66	9.097155251325262e-10
3	10	67	6.146472135377728e-15
3	10	68	6.969305033691618e-16
3	10	69	1.931177283271375e-16
3	10	70	1.1101639308421958e-16
3	10	71	4.3902501823411087e-17
3	10	72	2.6338549051876573e-17
3	10	73	1.0941430636510442e-17
3	10	74	8.693824575068093e-18
3	10	75	3.149352663518816e-18
3	10	76	2.793516934791367e-18
3	10	77	1.5471187062546273e-18
3	10	78	9.97203865150546e-19
3	10	79	2.736857854566052e-19
3	10	80	2.4087488782242872e-05
3	10	81	1.52466029135212e-07
3	10	82	4.327394345637892e-12
3	10	83	3.069785043703513e-17
3	10	84	3.3003632731343795e-19
3	10	85	1.501010663709247e-20
3	10	86	1.0877938003987325e-20
3	10	87	6.540924635311314e-21
3	10	88	3.741737364496199e-21
3	10	89	2.5335693979253944e-21
3	10	90	1.8039950879116653e-21
3	10	91	1.775036294381815e-21
3	10	92	1.180670067706777e-21
3	10	93	8.440001872813963e-22
3	10	94	5.41399353951662e-22
3	10	95	3.1263708779741596e-22
3	10	96	0.06844021379947662
3	10	97	1.8266107872477733e-05
3	10	98	3.5503028295025274e-10
3	10	99	8.370683987232415e-16
3	10	100	1.8968994480827696e-16
3	10	101	5.376301750319031e-17
3	10	102	1.193528979685413e-17
3	10	103	2.6724964820669495e-18
3	10	104	9.213519199673162e-19
3	10	105	2.657236033741112e-19
3	10	106	2.6332633056135594e-19
3	10	107	1.2773681033152724e-19
3	10	108	1.0411402483952449e-19
3	10	109	9.910759173022971e-20
3	10	110	3.5978107651894566e-20
3	10	111	2.0586858160522682e-20
3	10	112	0.19929933547973633
3	10	113	2.469530954840593e-05
3	10	114	2.724453440627883e-10
3	10	115	5.612879706848382e-16
3	10	116	4.293088025578303e-16
3	10	117	5.798678369062083e-17
3	10	118	6.94013881072912e-18
3	10	119	4.129956874931801e-18
3	10	120	1.5247263066873574e-18
3	10	121	8.366239132210862e-19
3	10	122	4.168727657422774e-19
3	10	123	3.2002692491366347e-19
3	10	124	2.3568086881527978e-19
3	10	125	2.1408631079821144e-19
3	10	126	1.3537676679134064e-19
3	10	127	1.7716134307005935e-20
4	10	0	1.2480061741371173e-05
4	10	1	2.60227380977085e-07
4	10	2	1.4105445977907749e-11
4	10	3	6.405257191436609e-17
4	10	4	7.507139687770944e-20
4	10	5	8.55751705560422e-21
4	10	6	6.552212742615822e-21
4	10	7	4.292850890474272e-21
4	10	8	2.689418020538306e-21
4	10	9	2.07079960955123e-21
4	10	10	1.951641172697412e-21
4	10	11	1.1652581742430081e-21
4	10	12	7.636761737230327e-22
4	10	13	7.543147550498877e-22
4	10	14	4.609609871164776e-22
4	10	15	4.607673186088023e-22
4	10	16	1.689996679488104e-05
4	10	17	1.0817490192494006e-07
4	10	18	8.802889840675565e-12
4	10	19	2.4797811010072026e-17
4	10	20	2.586586020635075e-19
4	10	21	1.2740823060464902e-20
4	10	22	8.444288631325355e-21
4	10	23	6.3270172637128785e-21
4	10	24	2.9217043113719042e-21
4	10	25	2.2571230522707583e-21
4	10	26	1.906740775072268e-21
4	10	27	1.2640298199768227e-21
4	10	28	1.2545342065973687e-21
4	10	29	7.896620344910308e-22
4	10	30	1.8925463527316323e-22
4	10	31	4.46666960042505e-23
4	10	32	3.3470634662080556e-05
4	10	33	1.6205787289891305e-07
4	10	34	3.694815720739486e-12
4	10	35	2.151731361672145e-17
4	10	36	4.781452907377421e-19
4	10	37	2.172854996719199e-20
4	10	38	2.1388628818633846e-20
4	10	39	8.479821046954623e-21
4	10	40	7.258347508645862e-21
4	10	41	6.655765011653021e-21
4	10	42	2.8976936573363836e-21
4	10	43	2.697807966473002e-21
4	10	44	9.342073026958583e-22
4	10	45	4.410777038241713e-22
4	10	46	3.0771550451659966e-22
4	10	47	2.7934094768404337e-22
4	10	48	0.5708876848220825
4	10	49	2.2841595637146384e-05
4	10	50	1.1772640640117515e-09
4	10	51	6.373188127006867e-15
4	10	52	2.6734769624080657e-15
4	10	53	3.9491407682250377e-16
4	10	54	2.2838597002420983e-16
4	10	55	7.836049364070812e-17
4	10	56	7.140133712051579e-17
4	10	57	5.906133762844152e-17
4	10	58	6.29875992095806e-18
4	10	59	3.853867147518752e-18
4	10	60	2.745047666413363e-18
4	10	61	2.148762527735631e-18
4	10	62	3.9919007408894303e-19
4	10	63	2.1229772659402158e-19
4	10	64	0.18619614839553833
4	10	65	4.5014625356998295e-05
4	10	66	7.186028994077276e-10
4	10	67	5.982536955249657e-15
4	10	68	1.7563227102526733e-15
4	10	69	3.014623346502557e-16
4	10	70	9.77217874605897e-17
4	10	71	6.676514198838878e-17
4	10	72	3.4397352860951995e-17
4	10	73	1.8704219591577638e-17
4	10	74	6.849256063237613e-18
4	10	75	5.345656776575473e-18
4	10	76	3.748780881729096e-18
4	10	77	1.2637488588729224e-18
4	10	78	8.079094756296501e-19
4	10	79	1.2036779429641617e-19
4	10	80	1.6892414350877516e-05
4	10	81	1.4811784865287336e-07
4	10	82	3.618335015290186e-12
4	10	83	3.425716890818141e-17
4	10	84	9.138880108063088e-20
4	10	85	9.705568621026097e-21
4	10	86	7.09543412544483e-21
4	10	87	5.37735899053945e-21
4	10	88	3.3265607536025945e-21
4	10	89	2.364668850754548e-21
4	10	90	1.018529238078333e-21
4	10	91	9.530651425420242e-22
4	10	92	9.457466337996865e-22
4	10	93	6.324831778217505e-22
4	10	94	5.596586692518186e-22
4	10	95	3.271775487072924e-22
4	10	96	0.05408051609992981
4	10	97	1.590342253621202e-05
4	10	98	3.775274537431983e-10
4	10	99	1.1490043222360763e-15
4	10	100	1.2556888895663639e-16
4	10	101	4.463449049107151e-17
4	10	102	9.731030481051398e-18
4	10	103	3.5236301772079814e-18
4	10	104	2.4437696689626147e-18
4	10	105	1.4480572104565018e-18
4	10	106	5.359848610947468e-19
4	10	107	2.543529718788041e-19
4	10	108	2.5219635692551353e-19
4	10	109	1.5754988594810154e-19
4	10	110	2.3667687505215032e-20
4	10	111	2.152014730485551e-20
4	10	112	0.1886477917432785
4	10	113	2.315602614544332e-05
4	10	114	2.9368316112332593e-10
4	10	115	8.532784388117615e-16
4	10	116	3.013498116171689e-16
4	10	117	3.2715439904003023e-17
4	10	118	1.4276513885278546e-18
4	10	119	6.524821351333596e-19
4	10	120	5.876922313781663e-19
4	10	121	5.85665742274988e-19
4	10	122	5.737428643232252e-19
4	10	123	3.9885878825361554e-19
4	10	124	3.626498358185076e-19
4	10	125	1.2431320024904976e-19
4	10	126	8.841288958000066e-20
4	10	127	4.708119145548047e-20
5	10	0	1.8318989532417618e-05
5	10	1	4.364365508990886e-07
5	10	2	2.6648541012752602e-11
5	10	3	1.0675260789875374e-16
5	10	4	3.5683136984162717e-19
5	10	5	7.914997244661553e-20
5	10	6	1.8547035616728317e-20
5	10	7	1.4510348991029793e-20
5	10	8	9.062097229261567e-21
5	10	9	2.656014746803117e-21
5	10	10	1.4941445597540776e-21
5	10	11	1.4303311903718236e-21
5	10	12	9.753886187387815e-22
5	10	13	5.04605366719216e-22
5	10	14	4.18759604503344e-22
5	10	15	1.3873108565431002e-22
5	10	16	5.753600271418691e-05
5	10	17	1.3511653662590106e-07
5	10	18	1.8981731117473366e-11
5	10	19	4.848457949114243e-17
5	10	20	3.549436402862046e-19
5	10	21	4.017211045916875e-20
5	10	22	3.995546022451375e-20
5	10	23	3.853599890632715e-20
5	10	24	1.9715234361503402e-20
5	10	25	1.0056167184952137e-20
5	10	26	8.504924039841046e-21
5	10	27	4.451095630755138e-21
5	10	28	2.1847469701046775e-21
5	10	29	2.1112028184407923e-21
5	10	30	1.248589451789819e-21
5	10	31	2.5616068019179465e-22
5	10	32	5.8464662288315594e-05
5	10	33	2.2423115808578586e-07
5	10	34	7.233146373519794e-12
5	10	35	4.227789593929979e-17
5	10	36	1.2684639951596278e-18
5	10	37	5.703599024130364e-20
5	10	38	3.171414669054856e-20
5	10	39	2.6634207597835942e-20
5	10	40	1.1757410325303055e-20
5	10	41	8.349682272145303e-21
5	10	42	5.228578763585711e-21
5	10	43	3.786922509353692e-21
5	10	44	3.727163152961354e-21
5	10	45	3.382002655327996e-21
5	10	46	2.0349828505863975e-21
5	10	47	2.0157240422084386e-21
5	10	48	0.5060111284255981
5	10	49	2.502107417967636e-05
5	10	50	1.6731160901173325e-09
5	10	51	8.350886815551833e-15
5	10	52	3.69889250725528e-15
5	10	53	7.795858312468085e-16
5	10	54	5.533245904312269e-16
5	10	55	2.5712865666074522e-16
5	10	56	3.8624821508804303e-17
5	10	57	3.2665858698086595e-17
5	10	58	2.8539904963729244e-17
5	10	59	1.0190377937272507e-17
5	10	60	1.6928449759244724e-18
5	10	61	6.119806323069843e-19
5	10	62	4.428631424802115e-19
5	10	63	2.4811173906072668e-19
5	10	64	0.25004976987838745
5	10	65	5.46993178431876e-05
5	10	66	1.7459858003832096e-09
5	10	67	1.3862049935654472e-14
5	10	68	2.4993102595518733e-15
5	10	69	1.4788902767995485e-16
5	10	70	8.157015955820578e-17
5	10	71	5.441788315925874e-17
5	10	72	4.3344154909937793e-17
5	10	73	3.6516490328639345e-17
5	10	74	1.5418825289000747e-17
5	10	75	9.240378374548219e-18
5	10	76	2.938671829453091e-18
5	10	77	1.6165436648734732e-18
5	10	78	7.259957441224786e-19
5	10	79	2.173345456661306e-19
5	10	80	2.6189720301772468e-05
5	10	81	1.6094638510821824e-07
5	10	82	8.433973137933481e-12
5	10	83	6.669804771454338e-17
5	10	84	2.357695839359761e-19
5	10	85	2.387311425605088e-20
5	10	86	1.0176251353233675e-20
5	10	87	8.43245768674386e-21
5	10	88	3.7642699582526e-21
5	10	89	3.2021823547191693e-21
5	10	90	2.2629999524186845e-21
5	10	91	1.3706889640466927e-21
5	10	92	5.93165037640989e-22
5	10	93	4.634394492411627e-22
5	10	94	3.8497308320773707e-22
5	10	95	1.4656395695040084e-22
5	10	96	0.07290513068437576
5	10	97	1.737500133458525e-05
5	10	98	7.277007330053209e-10
5	10	99	1.8265566705357502e-15
5	10	100	2.418634288853282e-16
5	10	101	6.219481690280059e-17
5	10	102	1.559208157702243e-17
5	10	103	2.2083462084142038e-18
5	10	104	7.12991741110109e-19
5	10	105	5.153840313366903e-19
5	10	106	4.0403985986973558e-19
5	10	107	3.7066924845963263e-19
5	10	108	3.2466342734338804e-19
5	10	109	1.7875334263179715e-19
5	10	110	1.3866457708169165e-19
5	10	111	1.3596991991402652e-19
5	10	112	0.17075631022453308
5	10	113	2.0213234165566973e-05
5	10	114	3.793966252274572e-10
5	10	115	1.0706473159888307e-15
5	10	116	5.413405035956771e-16
5	10	117	5.085758199754475e-17
5	10	118	1.3746820301428936e-17
5	10	119	2.1178791191805042e-18
5	10	120	1.6673558189389571e-18
5	10	121	1.6612662186669183e-18
5	10	122	1.1931675017577273e-18
5	10	123	3.6339608197800114e-19
5	10	124	3.0328391043618935e-19
5	10	125	2.212979557217843e-19
5	10	126	3.412563990125633e-20
5	10	127	2.191409691834529e-20
6	10	0	1.2772196896548849e-05
6	10	1	1.377208320718637e-07
6	10	2	2.5527611274833717e-11
6	10	3	9.426927455013628e-17
6	10	4	6.876340153691101e-20
6	10	5	6.2347155395793246e-21
6	10	6	5.794880020312725e-21
6	10	7	3.3743304339775318e-21
6	10	8	2.835398636937401e-21
6	10	9	1.205792750561395e-21
6	10	10	1.1177125556087025e-21
6	10	11	8.848620209685922e-22
6	10	12	6.095127599520651e-22
6	10	13	4.572324644469431e-22
6	10	14	3.7515026294657193e-22
6	10	15	2.4167277635086763e-22
6	10	16	2.7527756174094975e-05
6	10	17	9.657843946797584e-08
6	10	18	1.5394919714029065e-11
6	10	19	4.287331377910526e-17
6	10	20	6.850179403596376e-19
6	10	21	3.1049930352191284e-20
6	10	22	2.622341064171393e-20
6	10	23	7.284629880140027e-21
6	10	24	6.177659060461989e-21
6	10	25	3.589115271338063e-21
6	10	26	3.0563921756534817e-21
6	10	27	2.0816072816317967e-21
6	10	28	1.6716028719731534e-21
6	10	29	1.4495993893499982e-21
6	10	30	1.2205666890556679e-21
6	10	31	5.96744471910324e-22
6	10	32	6.484931509476155e-05
6	10	33	1.2738018995150924e-07
6	10	34	7.169614728297358e-12
6	10	35	4.120892381625261e-17
6	10	36	7.842149386818569e-19
6	10	37	4.9471995457351605e-20
6	10	38	1.890406421744725e-20
6	10	39	1.8572419721776038e-20
6	10	40	1.3171107228595929e-20
6	10	41	8.005483856650179e-21
6	10	42	3.8274547632655736e-21
6	10	43	3.638513463543964e-21
6	10	44	3.232893454444118e-21
6	10	45	3.211529536030697e-21
6	10	46	1.729989484172662e-21
6	10	47	5.7142393011890205e-22
6	10	48	0.44390079379081726
6	10	49	2.052687887044158e-05
6	10	50	1.880469557846709e-09
6	10	51	4.93840282930107e-15
6	10	52	2.1342136482968522e-15
6	10	53	2.6445766217642226e-16
6	10	54	9.307147731849009e-17
6	10	55	8.268510637969865e-17
6	10	56	7.587156011709526e-17
6	10	57	7.047464337155018e-17
6	10	58	1.3600432494064201e-17
6	10	59	1.0384274863119225e-17
6	10	60	3.2337232248428465e-18
6	10	61	1.4724189202671073e-18
6	10	62	7.869844944690493e-19
6	10	63	7.25712589859044e-19
6	10	64	0.26605895161628723
6	10	65	5.1187722419854254e-05
6	10	66	1.860481435578265e-09
6	10	67	1.1228379710119096e-14
6	10	68	4.708926780813303e-15
6	10	69	1.4436030165658324e-16
6	10	70	1.1212229385853357e-16
6	10	71	4.296911783765115e-17
6	10	72	3.5194146166522274e-17
6	10	73	2.5019553316879117e-17
6	10	74	8.547030622022595e-18
6	10	75	4.106274693994408e-18
6	10	76	3.34100234643638e-18
6	10	77	1.4959696828846811e-18
6	10	78	8.916183700118207e-20
6	10	79	4.121627411732636e-20
6	10	80	3.9388716686517e-05
6	10	81	1.9593407785123418e-07
6	10	82	7.927701897725292e-12
6	10	83	5.4678471521992547e-17
6	10	84	2.726078398714779e-19
6	10	85	2.5277364821371884e-20
6	10	86	2.3610780064010797e-20
6	10	87	1.138428562996915e-20
6	10	88	9.031657952071896e-21
6	10	89	8.684710615068453e-21
6	10	90	3.055164531380115e-21
6	10	91	3.0418462368934794e-21
6	10	92	2.7609087609550135e-21
6	10	93	2.5705909809953275e-21
6	10	94	9.393390132782765e-22
6	10	95	4.783111812441341e-22
6	10	96	0.09169477224349976
6	10	97	1.924081880133599e-05
6	10	98	7.417329528358607e-10
6	10	99	1.5804299660082135e-15
6	10	100	1.0708982627343446e-16
6	10	101	3.3446257283916073e-17
6	10	102	1.8458062221810432e-17
6	10	103	2.665983261923707e-18
6	10	104	5.379376794246197e-19
6	10	105	4.446306206540842e-19
6	10	106	3.496021731794317e-19
6	10	107	2.171628798396317e-19
6	10	108	3.86883810847959e-20
6	10	109	3.1136325489763327e-20
6	10	110	2.6424910708020852e-21
6	10	111	1.9782656447671792e-21
6	10	112	0.19808578491210938
6	10	113	2.3566282834508456e-05
6	10	114	4.2574910263937227e-10
6	10	115	1.2183923083630829e-15
6	10	116	4.880553549498035e-16
6	10	117	4.9410671052622096e-17
6	10	118	2.574168860908281e-17
6	10	119	2.7303854764655543e-18
6	10	120	7.579273973088631e-19
6	10	121	5.660385557966946e-19
6	10	122	5.323362191115637e-19
6	10	123	4.25726183236009e-19
6	10	124	3.703911348280558e-19
6	10	125	1.7512422986588852e-19
6	10	126	1.012866051835446e-19
6	10	127	1.180497967287339e-20
7	10	0	1.1648526196950115e-05
7	10	1	2.580971738552762e-07
7	10	2	8.246758310959112e-12
7	10	3	2.6246105000978872e-17
7	10	4	1.5039610489331618e-19
7	10	5	1.1061673881963532e-20
7	10	6	7.42146041685793e-21
7	10	7	3.607220752450814e-21
7	10	8	3.0171552187261983e-21
7	10	9	2.6853941988329545e-21
7	10	10	1.6158130131687895e-21
7	10	11	9.782633540951517e-22
7	10	12	8.115379930516999e-22
7	10	13	4.641927672294381e-22
7	10	14	2.334201048354544e-22
7	10	15	1.0672284616568849e-22
7	10	16	2.135602517228108e-05
7	10	17	1.1591863113835643e-07
7	10	18	4.320657113338067e-12
7	10	19	1.2145370511385448e-17
7	10	20	8.21546866346688e-20
7	10	21	3.100605423680903e-20
7	10	22	1.2298045557027484e-20
7	10	23	1.0156924892144485e-20
7	10	24	7.810997054091483e-21
7	10	25	3.196851523022499e-21
7	10	26	2.5488974828065925e-21
7	10	27	2.390667686706715e-21
7	10	28	1.064709988507087e-21
7	10	29	8.685264155610203e-22
7	10	30	5.46489059268599e-22
7	10	31	1.4790006013190453e-22
7	10	32	4.418054595589638e-05
7	10	33	1.4062341335829842e-07
7	10	34	2.081790035496356e-12
7	10	35	9.894588903571508e-18
7	10	36	7.478526476406969e-19
7	10	37	2.272559825776389e-20
7	10	38	1.6118273395146372e-20
7	10	39	1.4774709129335778e-20
7	10	40	1.3462525220220348e-20
7	10	41	7.934092676790597e-21
7	10	42	6.115948478708692e-21
7	10	43	4.836629650864472e-21
7	10	44	3.062949843829952e-21
7	10	45	2.8645080839674868e-21
7	10	46	2.3500799979613015e-22
7	10	47	5.944601452989702e-23
7	10	48	0.5424599051475525
7	10	49	2.2565965991816483e-05
7	10	50	4.958664590049011e-10
7	10	51	2.987815124298873e-15
7	10	52	1.3310523490291147e-15
7	10	53	4.304354887265765e-16
7	10	54	1.8518501331319477e-16
7	10	55	7.008087893019534e-17
7	10	56	6.565697143047394e-17
7	10	57	2.5173258363942495e-17
7	10	58	2.3872068518810855e-17
7	10	59	5.250346131264969e-18
7	10	60	4.945325761927878e-18
7	10	61	3.955513996321412e-18
7	10	62	1.46261468450864e-19
7	10	63	7.689886503303782e-20
7	10	64	0.2067389339208603
7	10	65	4.575516504701227e-05
7	10	66	3.802125003726786e-10
7	10	67	2.8849569488984678e-15
7	10	68	7.593187680387365e-16
7	10	69	1.7581141584663366e-16
7	10	70	8.825056944685754e-17
7	10	71	3.8667126834052715e-17
7	10	72	3.784607397547748e-17
7	10	73	1.4981501516588862e-17
7	10	74	8.355530038410444e-18
7	10	75	6.290163032851797e-18
7	10	76	3.9341487482797796e-18
7	10	77	3.241200937580326e-18
7	10	78	1.046799133137388e-18
7	10	79	2.787975031482415e-19
7	10	80	1.8909238860942423e-05
7	10	81	1.215212819261069e-07
7	10	82	1.9044670354628757e-12
7	10	83	1.3579013479282753e-17
7	10	84	1.3256026850438587e-19
7	10	85	9.996858981266938e-21
7	10	86	6.796347749489389e-21
7	10	87	4.809864218817273e-21
7	10	88	2.7295370880406946e-21
7	10	89	2.6607960769258722e-21
7	10	90	1.6893131400832762e-21
7	10	91	8.798643031440912e-22
7	10	92	5.551933883621311e-22
7	10	93	5.342578024875835e-22
7	10	94	3.834550371470532e-22
7	10	95	1.6394453168923916e-22
7	10	96	0.058458149433135986
7	10	97	1.55582220031647e-05
7	10	98	1.9709509024856686e-10
7	10	99	5.067346019586882e-16
7	10	100	2.331357337457179e-16
7	10	101	4.069960224332411e-17
7	10	102	6.331399227158484e-18
7	10	103	5.595778823018645e-18
7	10	104	1.9342621871914426e-18
7	10	105	1.567599284631134e-18
7	10	106	9.869038121630357e-19
7	10	107	4.596071909334513e-19
7	10	108	1.377616706689988e-19
7	10	109	5.041032200236791e-20
7	10	110	2.1382455660195242e-20
7	10	111	6.728957167270109e-21
7	10	112	0.19214068353176117
7	10	113	2.1473482775036246e-05
7	10	114	1.3372891682905674e-10
7	10	115	1.4494512496710313e-15
7	10	116	2.3841992231738427e-16
7	10	117	5.390717854034605e-17
7	10	118	1.0454439631398423e-17
7	10	119	1.6757758971892875e-18
7	10	120	8.552401298944749e-19
7	10	121	8.082362636703968e-19
7	10	122	6.026638902726464e-19
7	10	123	3.9820996846064426e-19
7	10	124	1.405449266350866e-19
7	10	125	1.0034986191391951e-19
7	10	126	6.446822096978967e-20
7	10	127	2.725177870446347e-20
0	11	0	8.4945013441029e-06
0	11	1	3.564985604498361e-07
0	11	2	1.0179000003995853e-11
0	11	3	6.265650941605829e-17
0	11	4	2.948575766324765e-20
0	11	5	1.2892706022509282e-20
0	11	6	5.216995407732484e-21
0	11	7	4.181641546215989e-21
0	11	8	3.857675532295386e-21
0	11	9	2.9638582108694308e-21
0	11	10	1.4026877876915496e-21
0	11	11	1.1319919224916126e-21
0	11	12	7.147198445982512e-22
0	11	13	5.74255145596853e-22
0	11	14	5.622027646038181e-22
0	11	15	4.2117273632330233e-22
0	11	16	2.2698945031152107e-05
0	11	17	1.4334463571685774e-07
0	11	18	4.574509607918609e-12
0	11	19	2.5996465200832818e-17
0	11	20	1.9748453741033075e-19
0	11	21	4.984926736485821e-20
0	11	22	2.0348620450584606e-20
0	11	23	9.535975592819985e-21
0	11	24	7.695143300720042e-21
0	11	25	2.9648802716800096e-21
0	11	26	2.0253264862871212e-21
0	11	27	1.895130762031332e-21
0	11	28	1.5510707821587431e-21
0	11	29	1.2920680317629417e-21
0	11	30	7.274168448577093e-22
0	11	31	3.1026856132848246e-22
0	11	32	3.82772705052048e-05
0	11	33	1.4880745879963797e-07
0	11	34	2.6160228497329463e-12
0	11	35	2.1476432696487854e-17
0	11	36	5.581063590114056e-19
0	11	37	2.287494151683379e-20
0	11	38	1.2775911997425916e-20
0	11	39	9.88388016520026e-21
0	11	40	7.533050635783028e-21
0	11	41	3.2918472387018187e-21
0	11	42	2.1802198930071186e-21
0	11	43	1.7839537295157272e-21
0	11	44	1.1077350933665651e-21
0	11	45	6.70672073083019e-22
0	11	46	5.569398380538691e-22
0	11	47	3.495786993042214e-22
0	11	48	0.5394756197929382
0	11	49	2.636437966430094e-05
0	11	50	5.186068241513908e-10
0	11	51	6.364229059523758e-15
0	11	52	2.436371899922616e-15
0	11	53	6.541481926923272e-16
0	11	54	2.0387863341240315e-16
0	11	55	1.3253281003715702e-16
0	11	56	4.32873209844105e-17
0	11	57	2.2187715379054852e-17
0	11	58	1.561790450138511e-17
0	11	59	7.184303502400686e-18
0	11	60	5.3610042856607816e-18
0	11	61	2.540358308319513e-18
0	11	62	7.895949213859018e-19
0	11	63	7.594284199279171e-19
0	11	64	0.2031588852405548
0	11	65	5.920184776186943e-05
0	11	66	4.224768312965921e-10
0	11	67	4.199707937099437e-15
0	11	68	7.371997731706113e-16
0	11	69	1.7197986230972883e-16
0	11	70	6.69401535536703e-17
0	11	71	4.0445244204964054e-17
0	11	72	3.955507875184879e-17
0	11	73	1.8736456474410054e-17
0	11	74	1.5848186620836197e-17
0	11	75	9.590890368853276e-18
0	11	76	4.234928989796924e-18
0	11	77	2.003033776523948e-18
0	11	78	8.352215318900791e-19
0	11	79	1.9763204697800368e-19
0	11	80	1.7967660824069753e-05
0	11	81	1.2697834961272747e-07
0	11	82	2.377749906690152e-12
0	11	83	2.5063218527054566e-17
0	11	84	2.5329288822502913e-19
0	11	85	1.233555706689577e-20
0	11	86	7.476862938646943e-21
0	11	87	3.297603575659878e-21
0	11	88	2.1720062480184085e-21
0	11	89	1.4726146397626491e-21
0	11	90	1.4215984370421545e-21
0	11	91	1.0664054462299114e-21
0	11	92	5.955317718179458e-22
0	11	93	5.025631636077799e-22
0	11	94	4.882665301373764e-22
0	11	95	3.522823338856928e-22
0	11	96	0.061347316950559616
0	11	97	1.55386769620236e-05
0	11	98	2.3884461075596164e-10
0	11	99	1.6123193800437986e-15
0	11	100	4.2934533085368064e-16
0	11	101	5.307927000885398e-17
0	11	102	3.0137132410335956e-18
0	11	103	2.9971700423728413e-18
0	11	104	2.20625116671776e-18
0	11	105	1.019422039801297e-18
0	11	106	3.411669988829222e-19
0	11	107	2.285214913666626e-19
0	11	108	2.115043828384008e-19
0	11	109	8.061310631620552e-20
0	11	110	2.6606621447524725e-20
0	11	111	1.4745043718383242e-20
0	11	112	0.19580765068531036
0	11	113	2.252001650049351e-05
0	11	114	1.5573693723514026e-10
0	11	115	9.510470049903523e-16
0	11	116	4.127412086864506e-16
0	11	117	3.4128436443811005e-17
0	11	118	1.1571537949664549e-17
0	11	119	8.626391157171545e-18
0	11	120	2.94264126241758e-18
0	11	121	1.4374113959729443e-18
0	11	122	8.430906044548726e-19
0	11	123	7.96995034242166e-19
0	11	124	4.641274744871122e-19
0	11	125	3.9924945014728785e-19
0	11	126	2.6166328393981807e-19
0	11	127	1.09605399045277e-19
1	11	0	9.064799996849615e-06
1	11	1	2.0565043712394981e-07
1	11	2	3.851029564683195e-11
1	11	3	2.2870757784637045e-16
1	11	4	8.538003186407498e-20
1	11	5	6.889223814849042e-21
1	11	6	4.609721245702819e-21
1	11	7	2.2191074792166977e-21
1	11	8	1.9444407027900444e-21
1	11	9	1.754057289603044e-21
1	11	10	9.98426487371307e-22
1	11	11	8.716948848531714e-22
1	11	12	8.455363582102385e-22
1	11	13	6.782708357059892e-22
1	11	14	4.206970721301158e-22
1	11	15	2.681954664311995e-22
1	11	16	3.0723556847078726e-05
1	11	17	1.413448700304798e-07
1	11	18	2.1847754508308448e-11
1	11	19	1.0186370578076933e-16
1	11	20	3.7489733046190915e-19
1	11	21	3.4122408726988543e-20
1	11	22	1.6375494253907686e-20
1	11	23	1.5577880501492028e-20
1	11	24	7.019961972485035e-21
1	11	25	5.286358621842247e-21
1	11	26	3.804770304318587e-21
1	11	27	2.0727742609256304e-21
1	11	28	1.9725028454605842e-21
1	11	29	1.8701275316504263e-21
1	11	30	1.5136162217369268e-21
1	11	31	5.5050702447059e-22
1	11	32	5.297430470818654e-05
1	11	33	1.5010952836291835e-07
1	11	34	1.0318764939731828e-11
1	11	35	9.59012489591442e-17
1	11	36	5.798309136316155e-19
1	11	37	3.133130423860429e-20
1	11	38	1.8359073362809847e-20
1	11	39	1.6980882217958532e-20
1	11	40	9.682769455392604e-21
1	11	41	5.713286003805828e-21
1	11	42	5.2251076746285426e-21
1	11	43	4.9713991022963114e-21
1	11	44	4.2533586707798336e-21
1	11	45	2.254545988843808e-21
1	11	46	1.4713051054164333e-21
1	11	47	4.6737037468631525e-22
1	11	48	0.4609455466270447
1	11	49	2.7870362828252837e-05
1	11	50	2.581360458719928e-09
1	11	51	9.723732405473185e-15
1	11	52	5.959619208312271e-15
1	11	53	4.786883352234734e-16
1	11	54	2.0923214633684635e-16
1	11	55	1.017104656092102e-16
1	11	56	6.346429429760818e-17
1	11	57	2.644521233750406e-17
1	11	58	2.3265778217033988e-17
1	11	59	5.206892265736027e-18
1	11	60	4.556120740109427e-18
1	11	61	2.4711745762468028e-18
1	11	62	7.279511215423715e-20
1	11	63	5.961789881406867e-20
1	11	64	0.2507244050502777
1	11	65	7.065648242132738e-05
1	11	66	2.345420302418688e-09
1	11	67	2.3587492500648163e-14
1	11	68	1.5746322372424946e-15
1	11	69	1.3494672158793377e-16
1	11	70	1.2107021756443e-16
1	11	71	7.51671463423349e-17
1	11	72	4.429022784629429e-17
1	11	73	4.334257334060659e-17
1	11	74	1.6210013618740368e-17
1	11	75	1.4849854067739823e-17
1	11	76	1.5886582690509684e-18
1	11	77	1.0426667455922261e-18
1	11	78	1.02399831314267e-18
1	11	79	2.5924186779293394e-19
1	11	80	3.8801514165243134e-05
1	11	81	2.401577603450278e-07
1	11	82	1.1344731577767053e-11
1	11	83	1.2805176751816535e-16
1	11	84	2.056120522177588e-19
1	11	85	2.9666590331144254e-20
1	11	86	2.200570394001127e-20
1	11	87	2.0393881124140608e-20
1	11	88	9.999872051271648e-21
1	11	89	4.642246649779129e-21
1	11	90	4.117163463702334e-21
1	11	91	3.241676795845917e-21
1	11	92	1.7945301706877553e-21
1	11	93	1.4941025544885964e-21
1	11	94	6.152223458574375e-22
1	11	95	1.1741000554348618e-22
1	11	96	0.08476069569587708
1	11	97	2.3310522010433488e-05
1	11	98	1.0906155978318566e-09
1	11	99	3.609340372423293e-15
1	11	100	2.059963481294369e-16
1	11	101	5.118819616221485e-17
1	11	102	8.60533279313717e-18
1	11	103	7.688436481539371e-19
1	11	104	6.811406346358718e-19
1	11	105	5.675491426915813e-19
1	11	106	5.244544803436405e-19
1	11	107	4.673390032153493e-19
1	11	108	4.149882673611226e-19
1	11	109	3.13535340713318e-19
1	11	110	2.0585764731150463e-19
1	11	111	1.750748833724709e-19
1	11	112	0.2032831758260727
1	11	113	2.9468419597833417e-05
1	11	114	6.269876284825671e-10
1	11	115	1.8833834756923308e-15
1	11	116	4.294629890240102e-16
1	11	117	7.185446004262744e-17
1	11	118	2.0445606834569172e-17
1	11	119	9.366104037391991e-18
1	11	120	1.4305042310629734e-18
1	11	121	9.970553862305928e-19
1	11	122	5.023830785528295e-19
1	11	123	3.2777724536176735e-19
1	11	124	3.035203548444088e-19
1	11	125	1.5208153709018125e-19
1	11	126	4.91000291379927e-20
1	11	127	6.607474304427403e-21
2	11	0	6.676834800600773e-06
2	11	1	3.580422287541296e-07
2	11	2	1.872381416578861e-11
2	11	3	1.4369579107457244e-16
2	11	4	8.581692539917076e-20
2	11	5	9.931435780279956e-21
2	11	6	5.993868656420013e-21
2	11	7	4.360395761264839e-21
2	11	8	3.8846368542825694e-21
2	11	9	2.3375292083374607e-21
2	11	10	9.82550112606544e-22
2	11	11	8.777093118558702e-22
2	11	12	6.12907461930059e-22
2	11	13	5.941726086544607e-22
2	11	14	5.857206645635014e-22
2	11	15	2.530841983920796e-22
2	11	16	1.7864007531898096e-05
2	11	17	1.5536869568677503e-07
2	11	18	8.678438176423775e-12
2	11	19	6.535768424996245e-17
2	11	20	3.33592299218621e-19
2	11	21	3.498347143291357e-20
2	11	22	1.1991402272253261e-20
2	11	23	7.417249388993438e-21
2	11	24	4.835677262249043e-21
2	11	25	3.653543674547351e-21
2	11	26	2.38128011571684e-21
2	11	27	1.7142724466889793e-21
2	11	28	1.4629223286496438e-21
2	11	29	1.0537026904412888e-21
2	11	30	4.839129771954171e-22
2	11	31	3.4670063179938756e-22
2	11	32	3.452676537563093e-05
2	11	33	2.0643159359678975e-07
2	11	34	4.4422950561118224e-12
2	11	35	5.2775813838055224e-17
2	11	36	2.7162207322586197e-19
2	11	37	2.753385052451832e-20
2	11	38	1.5253622470196973e-20
2	11	39	1.2749268542207326e-20
2	11	40	7.240906437741924e-21
2	11	41	4.9660624140962806e-21
2	11	42	2.4368502546709946e-21
2	11	43	1.7174860514466835e-21
2	11	44	1.4593076543859507e-21
2	11	45	9.042562357432104e-22
2	11	46	5.947440216288794e-22
2	11	47	3.850494954304604e-22
2	11	48	0.5646742582321167
2	11	49	2.185756602557376e-05
2	11	50	1.2093701595716766e-09
2	11	51	6.66023361678772e-15
2	11	52	5.186682585701409e-15
2	11	53	5.377345255205379e-16
2	11	54	2.5813172895875153e-16
2	11	55	9.872202749217863e-17
2	11	56	7.21002981206782e-17
2	11	57	6.460906594326726e-17
2	11	58	2.2600450380577986e-17
2	11	59	6.929552139659361e-18
2	11	60	3.831376106663435e-18
2	11	61	3.00542923399403e-18
2	11	62	1.7251516521210732e-18
2	11	63	1.2208107436870815e-20
2	11	64	0.1909259408712387
2	11	65	3.788980393437669e-05
2	11	66	9.392354671788894e-10
2	11	67	1.0977109927414949e-14
2	11	68	1.3080006650069442e-15
2	11	69	1.5365413244231463e-16
2	11	70	6.905048320219519e-17
2	11	71	3.146671812512562e-17
2	11	72	2.600009817808315e-17
2	11	73	1.7138145007610592e-17
2	11	74	9.09800983777988e-18
2	11	75	2.997449215829578e-18
2	11	76	1.4306522963926204e-18
2	11	77	3.682719756468774e-19
2	11	78	1.5461848710418432e-19
2	11	79	1.0252055186232058e-19
2	11	80	2.2682137569063343e-05
2	11	81	1.496543120538263e-07
2	11	82	4.99378056267874e-12
2	11	83	7.036956496397635e-17
2	11	84	1.4355207712853778e-19
2	11	85	1.8446143815803856e-20
2	11	86	1.1195218314451097e-20
2	11	87	6.159726043275781e-21
2	11	88	5.832429900375441e-21
2	11	89	5.2320757019370215e-21
2	11	90	3.6953324513526176e-21
2	11	91	1.4223955273443388e-21
2	11	92	1.2841076300574692e-21
2	11	93	1.0272955148410303e-21
2	11	94	7.427621963264008e-22
2	11	95	1.8216040284162343e-22
2	11	96	0.055783260613679886
2	11	97	1.4655835002486128e-05
2	11	98	3.1005087386404284e-10
2	11	99	1.946792997398498e-15
2	11	100	6.090149023657188e-17
2	11	101	1.767619125449061e-17
2	11	102	1.5680257375959357e-17
2	11	103	7.827191376404196e-19
2	11	104	6.577378339503684e-19
2	11	105	5.615013150404764e-19
2	11	106	4.144054669207907e-19
2	11	107	2.66219368904366e-19
2	11	108	1.868757521838821e-19
2	11	109	8.088530043652375e-20
2	11	110	7.287057946043554e-20
2	11	111	2.544059243627046e-20
2	11	112	0.18843914568424225
2	11	113	1.9810944650089368e-05
2	11	114	1.6870148333847368e-10
2	11	115	1.514508462217845e-15
2	11	116	5.441888636390565e-16
2	11	117	7.130551651835765e-17
2	11	118	7.70205652731294e-18
2	11	119	2.8644886177581105e-18
2	11	120	2.3734651071598952e-18
2	11	121	8.614177215041741e-19
2	11	122	7.384017989495489e-19
2	11	123	4.428865620313044e-19
2	11	124	2.938860013042447e-19
2	11	125	1.6456744069575707e-19
2	11	126	1.0297456415868708e-19
2	11	127	1.579787984827559e-20
3	11	0	1.578047886141576e-05
3	11	1	3.809715849456552e-07
3	11	2	3.076044280403423e-11
3	11	3	2.0282460678866358e-16
3	11	4	7.903056117037526e-20
3	11	5	1.2524594494051846e-20
3	11	6	1.2159386175674015e-20
3	11	7	7.201573353380174e-21
3	11	8	4.0148899318816116e-21
3	11	9	2.073222990252069e-21
3	11	10	1.6414928716362088e-21
3	11	11	1.472796393315212e-21
3	11	12	8.277779254086865e-22
3	11	13	6.631306133162041e-22
3	11	14	6.49874014063244e-22
3	11	15	3.115974069896581e-22
3	11	16	3.102119444520213e-05
3	11	17	1.5665732178149483e-07
3	11	18	1.8086008385376218e-11
3	11	19	8.256139324728522e-17
3	11	20	2.1084345260427386e-19
3	11	21	4.068367643159305e-20
3	11	22	1.4348937296069714e-20
3	11	23	8.268448127672481e-21
3	11	24	7.808958990922077e-21
3	11	25	5.19275756175626e-21
3	11	26	4.492319355960326e-21
3	11	27	4.2601611004070885e-21
3	11	28	2.156042227651632e-21
3	11	29	1.3545873158509477e-21
3	11	30	1.2841152031221593e-21
3	11	31	4.382067045130483e-22
3	11	32	4.832128979614936e-05
3	11	33	1.8377517108092434e-07
3	11	34	7.943617118255641e-12
3	11	35	6.495853320845867e-17
3	11	36	5.007742639602021e-19
3	11	37	3.9012332154535515e-20
3	11	38	1.987193985114245e-20
3	11	39	1.7758829428193315e-20
3	11	40	7.619772121956116e-21
3	11	41	6.023690779324537e-21
3	11	42	4.023712653219799e-21
3	11	43	2.5570723537040892e-21
3	11	44	1.960245991720916e-21
3	11	45	1.6848117104314678e-21
3	11	46	1.5126889756962683e-21
3	11	47	6.33140620811049e-22
3	11	48	0.5559903383255005
3	11	49	3.4898410376627e-05
3	11	50	2.091651074564993e-09
3	11	51	8.491151236452409e-15
3	11	52	7.881946506062276e-15
3	11	53	6.307254552997e-16
3	11	54	3.1892968926985627e-16
3	11	55	1.8267831195002427e-16
3	11	56	7.717809520334522e-17
3	11	57	7.699863671509062e-17
3	11	58	1.2696150376615106e-17
3	11	59	2.781369994291179e-18
3	11	60	1.803310190442407e-18
3	11	61	1.3276724460328312e-18
3	11	62	7.709988155411557e-19
3	11	63	6.470525732913498e-19
3	11	64	0.1761351227760315
3	11	65	5.936859452049248e-05
3	11	66	1.706210062124569e-09
3	11	67	1.6792919458425912e-14
3	11	68	1.2367357597479404e-15
3	11	69	1.4167720568214703e-16
3	11	70	7.201276255953539e-17
3	11	71	3.091667279627991e-17
3	11	72	2.322828542858941e-17
3	11	73	2.0566537331401974e-17
3	11	74	1.6111678387520064e-17
3	11	75	3.1011358920227937e-18
3	11	76	2.283991461841872e-18
3	11	77	2.071997064963413e-18
3	11	78	1.4980547984137742e-18
3	11	79	4.874518998095762e-19
3	11	80	2.622273677843623e-05
3	11	81	1.8246019806156255e-07
3	11	82	8.394742366524266e-12
3	11	83	9.776550230160191e-17
3	11	84	1.9763959500109323e-19
3	11	85	1.6908182412520497e-20
3	11	86	1.5609323058291846e-20
3	11	87	8.953836735419422e-21
3	11	88	5.396274688599849e-21
3	11	89	3.434227721121426e-21
3	11	90	2.992543364328478e-21
3	11	91	2.9560127177988564e-21
3	11	92	2.2209076471806376e-21
3	11	93	5.8896153235409005e-22
3	11	94	5.025222185713553e-22
3	11	95	4.494205957835929e-22
3	11	96	0.0688716471195221
3	11	97	2.297757782798726e-05
3	11	98	6.809103281213424e-10
3	11	99	2.162989263339212e-15
3	11	100	4.89407113654503e-16
3	11	101	2.6286984266851242e-17
3	11	102	1.3602493828150684e-17
3	11	103	2.2330222468575794e-18
3	11	104	1.0798219409493064e-18
3	11	105	7.041435451939941e-19
3	11	106	2.4784541275287874e-19
3	11	107	2.1146386391308278e-19
3	11	108	1.8190736938276477e-19
3	11	109	1.0389410465651049e-19
3	11	110	5.065589447789386e-20
3	11	111	1.7346436271983016e-20
3	11	112	0.19873152673244476
3	11	113	3.137224484817125e-05
3	11	114	5.316775908426052e-10
3	11	115	1.13006932421668e-15
3	11	116	8.208898047328884e-16
3	11	117	4.8988236531236166e-17
3	11	118	1.0107582121039624e-17
3	11	119	3.1301140968320576e-18
3	11	120	1.9344265893381875e-18
3	11	121	1.449266858704784e-18
3	11	122	9.392967761760416e-19
3	11	123	5.161780730259529e-19
3	11	124	4.607616765746339e-19
3	11	125	1.3674227396160377e-19
3	11	126	1.0058925315307118e-19
3	11	127	5.535037709867957e-20
4	11	0	1.4256542272050865e-05
4	11	1	2.9434218618007435e-07
4	11	2	2.7093301560587868e-11
4	11	3	2.0781687339599262e-16
4	11	4	1.2304352970756914e-19
4	11	5	1.104581850983151e-20
4	11	6	5.671487937374541e-21
4	11	7	4.6966959751591455e-21
4	11	8	3.95463822531022e-21
4	11	9	3.0654960091529667e-21
4	11	10	2.4932029436431283e-21
4	11	11	1.8173051025142398e-21
4	11	12	1.6276478957439241e-21
4	11	13	1.2242328601592537e-21
4	11	14	7.163001412506879e-22
4	11	15	3.7980181598408746e-22
4	11	16	1.7413207388017327e-05
4	11	17	1.4021118488471984e-07
4	11	18	1.6502658614636623e-11
4	11	19	8.158784798842461e-17
4	11	20	1.1056012056852805e-19
4	11	21	1.7968571412263792e-20
4	11	22	9.001889951336357e-21
4	11	23	8.605371554303687e-21
4	11	24	5.104686252532804e-21
4	11	25	3.317214380084634e-21
4	11	26	1.4533302849131356e-21
4	11	27	1.0667429019925032e-21
4	11	28	5.589392281062571e-22
4	11	29	5.35239473619815e-22
4	11	30	3.212086105798323e-22
4	11	31	9.571329511314507e-23
4	11	32	3.666490374598652e-05
4	11	33	1.9514179427915224e-07
4	11	34	7.008630655003234e-12
4	11	35	7.187604614789262e-17
4	11	36	5.317684630186226e-19
4	11	37	4.319233105253312e-20
4	11	38	1.8167287014145452e-20
4	11	39	9.676288527604993e-21
4	11	40	8.531395435029877e-21
4	11	41	5.996928578451605e-21
4	11	42	4.9855665897701994e-21
4	11	43	3.436817507297056e-21
4	11	44	2.8239055520152807e-21
4	11	45	1.3939590733297153e-21
4	11	46	5.1355652723454815e-22
4	11	47	4.2010879646498714e-22
4	11	48	0.5755396485328674
4	11	49	2.9972707125125453e-05
4	11	50	2.1959585261299708e-09
4	11	51	9.524890574072291e-15
4	11	52	4.843516504483749e-15
4	11	53	5.570545529540204e-16
4	11	54	2.8512497492185157e-16
4	11	55	8.602925201246274e-17
4	11	56	8.436710205470888e-17
4	11	57	7.3129787258727e-17
4	11	58	2.7155796879634064e-17
4	11	59	4.205787416816681e-18
4	11	60	2.6522146338326086e-18
4	11	61	1.1165957026464233e-18
4	11	62	1.0923485573506564e-18
4	11	63	7.386341333040997e-19
4	11	64	0.1811007261276245
4	11	65	6.0498940001707524e-05
4	11	66	1.3409822141596806e-09
4	11	67	1.7440803101319464e-14
4	11	68	1.30115261538663e-15
4	11	69	1.5370488824470089e-16
4	11	70	1.1894450897395652e-16
4	11	71	5.083867926618669e-17
4	11	72	3.056822461760317e-17
4	11	73	2.9615008149476665e-17
4	11	74	1.1742780880075276e-17
4	11	75	6.598005742438919e-18
4	11	76	1.0193213305617186e-18
4	11	77	9.231466951014032e-19
4	11	78	3.731053729117837e-19
4	11	79	1.6158354173233688e-19
4	11	80	1.850504668254871e-05
4	11	81	1.756657326268396e-07
4	11	82	6.939282481965847e-12
4	11	83	1.0964531144041088e-16
4	11	84	2.293149643692541e-19
4	11	85	1.4156041039044335e-20
4	11	86	1.390814534921985e-20
4	11	87	6.042046272546258e-21
4	11	88	5.3992295974677384e-21
4	11	89	2.2418117291060744e-21
4	11	90	1.9966411308796823e-21
4	11	91	1.753673183761961e-21
4	11	92	7.956939805167128e-22
4	11	93	6.664367609244216e-22
4	11	94	4.458121819200437e-22
4	11	95	1.5390767137638222e-22
4	11	96	0.05494900420308113
4	11	97	1.997059371205978e-05
4	11	98	7.183045824810108e-10
4	11	99	3.049479122858986e-15
4	11	100	1.132708175954512e-16
4	11	101	2.4207541542399086e-17
4	11	102	6.552199375247876e-18
4	11	103	3.624382430178165e-18
4	11	104	1.68216555722853e-18
4	11	105	7.394247111745473e-19
4	11	106	3.15513439750662e-19
4	11	107	3.0456720360838295e-19
4	11	108	2.2889682456960855e-19
4	11	109	7.847353257600322e-20
4	11	110	6.446685095190013e-20
4	11	111	3.494626769239429e-20
4	11	112	0.18818186223506927
4	11	113	2.9432781957439147e-05
4	11	114	5.713418071984222e-10
4	11	115	1.942604207716089e-15
4	11	116	9.901694451207787e-16
4	11	117	4.1537923324367e-17
4	11	118	4.917826142463552e-18
4	11	119	1.9509666860716447e-18
4	11	120	1.4292592208435045e-18
4	11	121	7.386717183231826e-19
4	11	122	5.135043150934518e-19
4	11	123	2.9907007145008523e-19
4	11	124	5.3017123541691956e-20
4	11	125	4.283247840550414e-20
4	11	126	3.180023809773943e-20
4	11	127	1.7836241901300915e-20
5	11	0	1.8967721189255826e-05
5	11	1	5.372198188524635e-07
5	11	2	5.084270504607247e-11
5	11	3	3.4054017320205325e-16
5	11	4	2.8186673096172536e-19
5	11	5	1.82777689402967e-20
5	11	6	1.4423441712336307e-20
5	11	7	1.13584305812719e-20
5	11	8	5.889414889762102e-21
5	11	9	3.516570562264882e-21
5	11	10	2.8042079097820782e-21
5	11	11	1.4910510133152608e-21
5	11	12	1.2024608040461331e-21
5	11	13	8.676264325532462e-22
5	11	14	5.955443431053314e-22
5	11	15	5.257137194428943e-22
5	11	16	5.828580106026493e-05
5	11	17	1.7724947554143e-07
5	11	18	3.5036799850285405e-11
5	11	19	1.6122779813085015e-16
5	11	20	3.65612150537819e-19
5	11	21	7.021569158565832e-20
5	11	22	4.447987968123739e-20
5	11	23	2.738547823331589e-20
5	11	24	1.1038670344557602e-20
5	11	25	8.587205084776631e-21
5	11	26	5.8326027681987675e-21
5	11	27	2.772490703169498e-21
5	11	28	2.6877670924358593e-21
5	11	29	1.0811516168203205e-21
5	11	30	7.790671150411588e-22
5	11	31	3.0928174051226167e-22
5	11	32	6.245852273423225e-05
5	11	33	2.7477790354168974e-07
5	11	34	1.3464295650633673e-11
5	11	35	1.4236724636658367e-16
5	11	36	5.637984473003244e-19
5	11	37	7.150441959297033e-20
5	11	38	2.873427377026603e-20
5	11	39	2.868605495666787e-20
5	11	40	2.4615773812107182e-20
5	11	41	8.542731202154835e-21
5	11	42	5.355548160335116e-21
5	11	43	5.138986379075695e-21
5	11	44	2.7222219114468205e-21
5	11	45	2.398002250346196e-21
5	11	46	1.619367607785941e-21
5	11	47	3.672785923157187e-22
5	11	48	0.5112157464027405
5	11	49	3.242022648919374e-05
5	11	50	3.083396871161881e-09
5	11	51	1.769151468931137e-14
5	11	52	8.840087306106765e-15
5	11	53	3.9560957028153835e-16
5	11	54	2.305930202473993e-16
5	11	55	1.0772309589807035e-16
5	11	56	7.302299493292395e-17
5	11	57	4.0131607095186e-17
5	11	58	2.3375091789344096e-17
5	11	59	1.438271374296785e-17
5	11	60	3.064630343639297e-18
5	11	61	2.0309130718894354e-18
5	11	62	1.9607929713633152e-18
5	11	63	1.3541090350124494e-18
5	11	64	0.24316872656345367
5	11	65	7.290972280316055e-05
5	11	66	3.2233022917438348e-09
5	11	67	3.626898179573748e-14
5	11	68	3.085985395852699e-15
5	11	69	1.731210671525866e-16
5	11	70	8.308475372956997e-17
5	11	71	7.744937735703811e-17
5	11	72	3.640360333608301e-17
5	11	73	2.0492183720500808e-17
5	11	74	1.4778283092419284e-17
5	11	75	7.596304794720485e-18
5	11	76	5.359865257957296e-18
5	11	77	2.2938957089062756e-18
5	11	78	4.446270017389043e-19
5	11	79	1.7710680084841913e-19
5	11	80	2.8358748750179075e-05
5	11	81	1.907059328232208e-07
5	11	82	1.6206803260532254e-11
5	11	83	2.0829907337099673e-16
5	11	84	3.8539686322401544e-19
5	11	85	2.5963800329581588e-20
5	11	86	1.0792979123377313e-20
5	11	87	9.939954771236972e-21
5	11	88	3.561190251625512e-21
5	11	89	3.0185074651572664e-21
5	11	90	2.818335613422794e-21
5	11	91	1.640036116912417e-21
5	11	92	9.563952715217604e-22
5	11	93	6.007331545955132e-22
5	11	94	2.6854933050061992e-22
5	11	95	2.5984835879910045e-22
5	11	96	0.07354475557804108
5	11	97	2.132697045453824e-05
5	11	98	1.405938365728332e-09
5	11	99	4.757454992427397e-15
5	11	100	2.5493576776964265e-16
5	11	101	3.6966526212704946e-17
5	11	102	9.903089011546103e-18
5	11	103	3.8034769589632464e-18
5	11	104	1.1149287269169758e-18
5	11	105	8.264371322787074e-19
5	11	106	5.347142599750771e-19
5	11	107	4.0129307739878254e-19
5	11	108	2.5520147824152453e-19
5	11	109	5.720799210992639e-20
5	11	110	4.2753327560640474e-20
5	11	111	3.4298998863071544e-20
5	11	112	0.17174959182739258
5	11	113	2.5300705601694062e-05
5	11	114	7.255899214797523e-10
5	11	115	2.365147228728607e-15
5	11	116	6.099432372410197e-16
5	11	117	5.286199944043835e-17
5	11	118	1.7412340491420895e-17
5	11	119	8.338662998539875e-18
5	11	120	7.122422947956206e-18
5	11	121	1.0003910954482894e-18
5	11	122	8.587918366496245e-19
5	11	123	6.657893515390182e-19
5	11	124	3.2993331747778096e-19
5	11	125	1.6055111693029413e-19
5	11	126	9.819663969361008e-20
5	11	127	7.56421692718295e-21
6	11	0	1.53576420416357e-05
6	11	1	1.4679901028102904e-07
6	11	2	4.865498282047298e-11
6	11	3	3.007477564801283e-16
6	11	4	1.5818969722721423e-19
6	11	5	7.470371509542962e-21
6	11	6	6.126788260583545e-21
6	11	7	4.0755847132244735e-21
6	11	8	3.462093368006806e-21
6	11	9	1.146166680107603e-21
6	11	10	1.1363058430616935e-21
6	11	11	9.693596514518777e-22
6	11	12	5.5025024709049695e-22
6	11	13	5.195943297635905e-22
6	11	14	3.2764849235682212e-22
6	11	15	2.9406452529812697e-22
6	11	16	2.9164606530684978e-05
6	11	17	1.2100632318379212e-07
6	11	18	2.8665451956566557e-11
6	11	19	1.401621284373051e-16
6	11	20	2.1159331767894732e-19
6	11	21	6.234611495767902e-20
6	11	22	3.0655271495949724e-20
6	11	23	1.3295665765444783e-20
6	11	24	6.014750927919142e-21
6	11	25	3.686631706843039e-21
6	11	26	2.640790059498488e-21
6	11	27	2.0529491892572422e-21
6	11	28	1.7211413173371156e-21
6	11	29	1.2024219289807238e-21
6	11	30	8.216313231835962e-22
6	11	31	5.792086872106616e-22
6	11	32	7.066816033329815e-05
6	11	33	1.5250307683345454e-07
6	11	34	1.3368801725366364e-11
6	11	35	1.3392938207872215e-16
6	11	36	6.785656213889942e-19
6	11	37	4.6982669720881427e-20
6	11	38	2.2867128537454287e-20
6	11	39	1.8768938125155604e-20
6	11	40	1.1471696164054844e-20
6	11	41	7.171591287349394e-21
6	11	42	6.6916577032131464e-21
6	11	43	6.5688476355399475e-21
6	11	44	5.005195165653428e-21
6	11	45	3.989752607768593e-21
6	11	46	1.2666831189216537e-21
6	11	47	8.254862150592598e-22
6	11	48	0.449741005897522
6	11	49	2.651228533068206e-05
6	11	50	3.4643456992000665e-09
6	11	51	1.1436928539095524e-14
6	11	52	2.960397938345672e-15
6	11	53	6.529071835454812e-16
6	11	54	2.284475916711226e-16
6	11	55	1.2357922179842583e-16
6	11	56	5.876099827419086e-17
6	11	57	2.0183152352373447e-17
6	11	58	1.9333096887160878e-17
6	11	59	1.3341802067840309e-17
6	11	60	1.318476927317263e-17
6	11	61	2.743733069624863e-18
6	11	62	1.932904783806243e-18
6	11	63	1.2493893653305198e-19
6	11	64	0.25978296995162964
6	11	65	6.829896301496774e-05
6	11	66	3.453370922557042e-09
6	11	67	3.027275763509314e-14
6	11	68	2.669469437776369e-15
6	11	69	1.4153587029396377e-16
6	11	70	1.0116684251064035e-16
6	11	71	4.5813024340612564e-17
6	11	72	4.387557874883371e-17
6	11	73	3.2438450204083516e-17
6	11	74	5.933535278687828e-18
6	11	75	4.686742898589207e-18
6	11	76	3.2463174632592726e-18
6	11	77	5.969536557090397e-19
6	11	78	2.838558676903681e-19
6	11	79	1.3080968290958517e-19
6	11	80	4.0948558307718486e-05
6	11	81	2.419036206902092e-07
6	11	82	1.520540984789598e-11
6	11	83	1.714413214088425e-16
6	11	84	1.7886004893081649e-19
6	11	85	3.9439276904060786e-20
6	11	86	2.0391456127852636e-20
6	11	87	1.632341741823379e-20
6	11	88	8.74455115471427e-21
6	11	89	8.173038821686885e-21
6	11	90	3.421878173069951e-21
6	11	91	2.920504535976597e-21
6	11	92	2.6618706443183026e-21
6	11	93	1.8048919407193675e-21
6	11	94	1.7436084798145935e-21
6	11	95	3.011694736162033e-22
6	11	96	0.0922737792134285
6	11	97	2.3735357899568044e-05
6	11	98	1.4337463438707232e-09
6	11	99	4.3782904344679026e-15
6	11	100	5.932183599392468e-16
6	11	101	1.1869699006490105e-16
6	11	102	1.7695745804171363e-17
6	11	103	1.7332773574709113e-18
6	11	104	1.2161189720215065e-18
6	11	105	4.650015975994276e-19
6	11	106	3.664223222490264e-19
6	11	107	2.8741080561978545e-19
6	11	108	2.8379041702439985e-19
6	11	109	1.6210377371414738e-19
6	11	110	1.2547170547102148e-19
6	11	111	1.0450183683749261e-19
6	11	112	0.1978939026594162
6	11	113	2.9555334549513645e-05
6	11	114	8.238742466026849e-10
6	11	115	1.7342027624724825e-15
6	11	116	1.134791321139386e-15
6	11	117	8.348930460611251e-17
6	11	118	7.520747636028054e-18
6	11	119	2.6556362664364342e-18
6	11	120	1.5455336214058225e-18
6	11	121	1.276577913185737e-18
6	11	122	3.350261651116934e-19
6	11	123	2.9858955706237435e-19
6	11	124	1.6045548709666476e-19
6	11	125	1.2131160737533917e-19
6	11	126	9.495327743648673e-20
6	11	127	2.1510728431864916e-20
7	11	0	1.2771082765539177e-05
7	11	1	3.117397113783227e-07
7	11	2	1.623490578084308e-11
7	11	3	8.746648163549607e-17
7	11	4	6.25000287127507e-20
7	11	5	1.362398134382661e-20
7	11	6	7.807429029906281e-21
7	11	7	7.433567626839321e-21
7	11	8	2.445978321977488e-21
7	11	9	2.1276575733994888e-21
7	11	10	1.279727975285878e-21
7	11	11	1.1854374633905023e-21
7	11	12	1.0427142745501181e-21
7	11	13	4.911479802777718e-22
7	11	14	1.0099500286352562e-22
7	11	15	8.428243553922845e-23
7	11	16	2.1853598809684627e-05
7	11	17	1.5475055192837317e-07
7	11	18	8.379391798485347e-12
7	11	19	4.31796816256602e-17
7	11	20	1.2174059099582741e-19
7	11	21	2.762215205490836e-20
7	11	22	1.2251465756576659e-20
7	11	23	1.0179211916656533e-20
7	11	24	6.809831439708857e-21
7	11	25	4.663937926535555e-21
7	11	26	3.7795622982684604e-21
7	11	27	1.7188772739173568e-21
7	11	28	1.4258117873131507e-21
7	11	29	1.13891208803125e-21
7	11	30	4.1822416358620345e-22
7	11	31	3.5051374560151075e-22
7	11	32	4.8491780034964904e-05
7	11	33	1.7271329966206395e-07
7	11	34	4.08350176589467e-12
7	11	35	3.453982975838058e-17
7	11	36	4.4096496976955545e-19
7	11	37	1.5776148908855026e-19
7	11	38	3.560223807402018e-20
7	11	39	2.178941559687426e-20
7	11	40	1.4491071805348186e-20
7	11	41	8.120437727988041e-21
7	11	42	7.540677014848568e-21
7	11	43	5.2129794620144106e-21
7	11	44	2.6336721864833406e-21
7	11	45	1.7160447457748595e-21
7	11	46	3.0476932991665265e-22
7	11	47	8.660178126388685e-23
7	11	48	0.5474172234535217
7	11	49	3.0486626201309264e-05
7	11	50	9.42438238560328e-10
7	11	51	5.049792320546221e-15
7	11	52	2.273829665476305e-15
7	11	53	4.498284933424209e-16
7	11	54	2.6708126732120365e-16
7	11	55	2.317530053988845e-16
7	11	56	1.0319326957527276e-16
7	11	57	2.2555407087502024e-17
7	11	58	1.5784849401333012e-17
7	11	59	4.325358028722446e-18
7	11	60	3.0024952243613045e-18
7	11	61	1.3856283386634763e-18
7	11	62	1.1414069851199513e-18
7	11	63	1.2236157099130746e-19
7	11	64	0.2010788470506668
7	11	65	6.273682811297476e-05
7	11	66	7.34799221469018e-10
7	11	67	7.773317071675754e-15
7	11	68	1.9760522682537402e-15
7	11	69	1.7293642720497495e-16
7	11	70	1.1963239237135562e-16
7	11	71	5.292580153544579e-17
7	11	72	2.205826988499643e-17
7	11	73	2.03579025285814e-17
7	11	74	1.1925677958136264e-17
7	11	75	1.0909394758566876e-17
7	11	76	3.2618072474099406e-18
7	11	77	2.321290896818266e-18
7	11	78	1.0386709462457121e-18
7	11	79	3.2643188779423813e-19
7	11	80	2.1110259694978595e-05
7	11	81	1.4632396982960927e-07
7	11	82	3.7347941579668475e-12
7	11	83	4.515920093211595e-17
7	11	84	8.12182147836822e-20
7	11	85	9.255188972330147e-21
7	11	86	8.433342220699665e-21
7	11	87	3.8146734495525655e-21
7	11	88	3.621867665406685e-21
7	11	89	2.5890171561541565e-21
7	11	90	1.4712659274284364e-21
7	11	91	1.3066923264989378e-21
7	11	92	4.6734068827273e-22
7	11	93	3.318821889282857e-22
7	11	94	1.912640848798146e-22
7	11	95	1.7078601308674615e-22
7	11	96	0.059064071625471115
7	11	97	2.0210009097354487e-05
7	11	98	3.830514794245232e-10
7	11	99	2.1678311154239545e-15
7	11	100	6.854060377866158e-16
7	11	101	1.8088215211559193e-16
7	11	102	6.11249869934582e-18
7	11	103	4.417807456294129e-18
7	11	104	3.1307477171812732e-18
7	11	105	5.084804853418993e-19
7	11	106	2.581682907554167e-19
7	11	107	2.5640347506914065e-19
7	11	108	3.315738298899753e-20
7	11	109	2.5571689254250176e-20
7	11	110	8.23556446714923e-21
7	11	111	8.074204470977436e-21
7	11	112	0.19219174981117249
7	11	113	2.8012322218273766e-05
7	11	114	2.6474439307477837e-10
7	11	115	1.4111558313344803e-15
7	11	116	5.255600150905334e-16
7	11	117	7.363307041318386e-17
7	11	118	1.360408366928801e-17
7	11	119	2.448706282858331e-18
7	11	120	1.4095031492860177e-18
7	11	121	7.216932158650723e-19
7	11	122	5.26828178508938e-19
7	11	123	5.267995373802283e-19
7	11	124	4.365171679170695e-19
7	11	125	3.9943579842965957e-19
7	11	126	3.263934238957544e-19
7	11	127	3.1384043465003084e-20
0	12	0	9.558503734297119e-06
0	12	1	4.116967602385557e-07
0	12	2	1.8812880073215688e-11
0	12	3	1.8841011772964512e-16
0	12	4	6.352577144640767e-20
0	12	5	1.1743744881531025e-20
0	12	6	8.054521772925222e-21
0	12	7	4.762092922855202e-21
0	12	8	3.959316157856406e-21
0	12	9	1.929716241651747e-21
0	12	10	1.7248286930218338e-21
0	12	11	1.722799313633273e-21
0	12	12	8.186190609724533e-22
0	12	13	7.486172860480195e-22
0	12	14	5.130167191834363e-22
0	12	15	3.51217333798321e-22
0	12	16	2.3677266653976403e-05
0	12	17	1.8552044878106244e-07
0	12	18	8.350408038648727e-12
0	12	19	8.056806002459984e-17
0	12	20	3.030191092425958e-19
0	12	21	3.8438065245444844e-20
0	12	22	1.2808767385174324e-20
0	12	23	1.0668218638136722e-20
0	12	24	6.2828014711357215e-21
0	12	25	5.4021865258195454e-21
0	12	26	4.659524546382544e-21
0	12	27	2.8512845032765756e-21
0	12	28	1.833075454373341e-21
0	12	29	1.643170053029581e-21
0	12	30	6.021563353991788e-22
0	12	31	2.1923625954183577e-22
0	12	32	4.276135950931348e-05
0	12	33	1.7582384259640094e-07
0	12	34	4.8741609706692834e-12
0	12	35	6.639086592226569e-17
0	12	36	3.444281584479125e-19
0	12	37	3.126027656584984e-20
0	12	38	1.9997797320046955e-20
0	12	39	1.4093582440448046e-20
0	12	40	9.640769844466364e-21
0	12	41	6.003765743202239e-21
0	12	42	4.625122233953434e-21
0	12	43	3.346611603572944e-21
0	12	44	1.8323997350545904e-21
0	12	45	1.3622653937047724e-21
0	12	46	7.644140931464382e-22
0	12	47	5.603306020382242e-22
0	12	48	0.5437991619110107
0	12	49	3.518412268022075e-05
0	12	50	9.213915741490553e-10
0	12	51	7.593288689066325e-15
0	12	52	2.617713607116763e-15
0	12	53	6.759351506451287e-16
0	12	54	2.8660201509340586e-16
0	12	55	1.2237802320010083e-16
0	12	56	5.750340581042444e-17
0	12	57	3.428855214062167e-17
0	12	58	2.7057855386385335e-17
0	12	59	1.773983453082044e-17
0	12	60	5.7944849769467455e-18
0	12	61	2.335182774820635e-18
0	12	62	2.146273541272459e-18
0	12	63	2.059232840931107e-18
0	12	64	0.19788409769535065
0	12	65	7.933763845358044e-05
0	12	66	7.676722035832029e-10
0	12	67	1.1434533976953636e-14
0	12	68	1.3894133426114097e-15
0	12	69	2.370008774329373e-16
0	12	70	9.380031608237791e-17
0	12	71	4.614940560851338e-17
0	12	72	3.886328113579109e-17
0	12	73	2.2320532461290042e-17
0	12	74	9.689519249191036e-18
0	12	75	7.433383301272041e-18
0	12	76	3.4346356762597794e-18
0	12	77	1.8533252525901196e-18
0	12	78	6.7892461777484225e-19
0	12	79	5.813008135801222e-19
0	12	80	2.0140892956987955e-05
0	12	81	1.4921563717962272e-07
0	12	82	4.3946474063971674e-12
0	12	83	7.489794868378565e-17
0	12	84	2.476178346868501e-19
0	12	85	1.0951867271234252e-20
0	12	86	7.539240757886537e-21
0	12	87	6.7376021740235686e-21
0	12	88	3.3239021030253824e-21
0	12	89	3.035576951020409e-21
0	12	90	1.365760110623774e-21
0	12	91	8.959600948364759e-22
0	12	92	7.415821613863861e-22
0	12	93	7.024056880024278e-22
0	12	94	3.6542129820046637e-22
0	12	95	2.6663087126622036e-22
0	12	96	0.06196557357907295
0	12	97	1.9977362171630375e-05
0	12	98	4.3365083746138566e-10
0	12	99	3.054681599221022e-15
0	12	100	3.626398980706284e-16
0	12	101	6.11997781829034e-17
0	12	102	1.3042110396009284e-17
0	12	103	1.061837938418092e-17
0	12	104	1.977223053075303e-18
0	12	105	1.6137768491220599e-18
0	12	106	6.178613177755652e-19
0	12	107	6.036596606337954e-19
0	12	108	4.89613271051389e-19
0	12	109	1.9040600394189357e-19
0	12	110	1.8150640650552676e-19
0	12	111	8.941116410120718e-21
0	12	112	0.1960909217596054
0	12	113	2.8940916308783926e-05
0	12	114	2.8804303386920083e-10
0	12	115	3.2173043017973222e-15
0	12	116	9.692946357730517e-16
0	12	117	6.875785978869843e-17
0	12	118	1.3047923821354307e-17
0	12	119	4.625332182732658e-18
0	12	120	2.4486734024289822e-18
0	12	121	2.239560902804658e-18
0	12	122	9.149901772737475e-19
0	12	123	7.280592495580687e-19
0	12	124	4.828982705374718e-19
0	12	125	2.3049245597122334e-19
0	12	126	1.797273219536842e-19
0	12	127	8.245013228501801e-20
1	12	0	1.1202543646504637e-05
1	12	1	2.091374255996925e-07
1	12	2	6.873000085727554e-11
1	12	3	6.623869115933553e-16
1	12	4	9.062583682547582e-20
1	12	5	1.0735964245628675e-20
1	12	6	6.635471217767412e-21
1	12	7	3.4947173228982835e-21
1	12	8	2.0977019626080268e-21
1	12	9	1.385901938344601e-21
1	12	10	1.3540308470575175e-21
1	12	11	7.936759607251871e-22
1	12	12	7.640971351456076e-22
1	12	13	5.493476892407282e-22
1	12	14	4.373265629347623e-22
1	12	15	4.2158211095690135e-22
1	12	16	3.247789209126495e-05
1	12	17	1.7442887667584728e-07
1	12	18	3.818469845873196e-11
1	12	19	3.0613223904670547e-16
1	12	20	3.6349966050032926e-19
1	12	21	2.980162433496927e-20
1	12	22	2.2127789012958135e-20
1	12	23	1.3102390653236506e-20
1	12	24	8.10050057496224e-21
1	12	25	4.807674290457282e-21
1	12	26	4.721656392481003e-21
1	12	27	3.4342111613533035e-21
1	12	28	2.181483887990998e-21
1	12	29	9.714498173063513e-22
1	12	30	9.366873299205794e-22
1	12	31	6.958341863611236e-22
1	12	32	5.867867002962157e-05
1	12	33	1.7363164772632445e-07
1	12	34	1.8139652974147324e-11
1	12	35	2.8669717395107396e-16
1	12	36	2.904172452548977e-19
1	12	37	3.6594131026047827e-20
1	12	38	2.509564681172591e-20
1	12	39	1.7933963920268678e-20
1	12	40	1.3424499953643484e-20
1	12	41	8.62930001534377e-21
1	12	42	8.017328533722313e-21
1	12	43	6.463972200640091e-21
1	12	44	4.416861339387953e-21
1	12	45	3.529425385192482e-21
1	12	46	1.8697799784682477e-21
1	12	47	8.045816787499417e-22
1	12	48	0.4663585424423218
1	12	49	3.5481258237268776e-05
1	12	50	4.448667656475891e-09
1	12	51	2.4834404620103535e-14
1	12	52	7.147693348756926e-16
1	12	53	7.007212405059208e-16
1	12	54	1.6617165151128769e-16
1	12	55	1.586017445314556e-16
1	12	56	4.8717109887498435e-17
1	12	57	3.6488845952567823e-17
1	12	58	8.883061165343687e-18
1	12	59	2.3622743874478185e-18
1	12	60	2.0372552724410326e-18
1	12	61	1.5585423807067143e-18
1	12	62	1.1936540907530616e-18
1	12	63	1.0811731404799118e-18
1	12	64	0.244736447930336
1	12	65	9.215501631842926e-05
1	12	66	4.09834566283962e-09
1	12	67	6.264345325020931e-14
1	12	68	1.5637043475526117e-15
1	12	69	1.95870916277959e-16
1	12	70	1.2252096000995e-16
1	12	71	6.088231949869535e-17
1	12	72	4.8063375814507976e-17
1	12	73	2.25947908108269e-17
1	12	74	1.8502409028810625e-17
1	12	75	5.859305744878545e-18
1	12	76	5.268042419699622e-18
1	12	77	3.7290881928860464e-18
1	12	78	1.0871565514408141e-18
1	12	79	1.2763188764070372e-19
1	12	80	4.0957103919936344e-05
1	12	81	2.873001108127937e-07
1	12	82	2.0378150555888652e-11
1	12	83	3.6761711660825386e-16
1	12	84	3.599551140273571e-19
1	12	85	3.0754539631804623e-20
1	12	86	2.3886883905193048e-20
1	12	87	1.5073487735942212e-20
1	12	88	7.71369266439783e-21
1	12	89	5.1702463745293835e-21
1	12	90	3.925327435733573e-21
1	12	91	2.705411525370276e-21
1	12	92	2.299565132123293e-21
1	12	93	1.064396463628916e-21
1	12	94	8.465214119780316e-22
1	12	95	6.210129635549942e-22
1	12	96	0.08538991212844849
1	12	97	2.833460530382581e-05
1	12	98	1.9672357076672142e-09
1	12	99	9.221975498508155e-15
1	12	100	1.6295974227996878e-16
1	12	101	4.603276983342095e-17
1	12	102	1.9049949654761526e-17
1	12	103	2.5490104107316645e-18
1	12	104	7.67964303464005e-19
1	12	105	6.868869549537011e-19
1	12	106	5.29678694598584e-19
1	12	107	3.544496583641456e-19
1	12	108	2.592708966625557e-19
1	12	109	2.4465585600966255e-19
1	12	110	1.911827136123838e-19
1	12	111	1.5959475397051505e-19
1	12	112	0.20317921042442322
1	12	113	3.633957385318354e-05
1	12	114	1.1344404304836075e-09
1	12	115	3.943607101980625e-15
1	12	116	1.4157234565025491e-15
1	12	117	2.44807229027784e-17
1	12	118	7.821197005300177e-18
1	12	119	6.959436934419983e-18
1	12	120	2.328997945380576e-18
1	12	121	7.229918377279922e-19
1	12	122	5.172045524673429e-19
1	12	123	3.1743384294028044e-19
1	12	124	3.168038673556389e-19
1	12	125	2.357250712792631e-19
1	12	126	2.8879970649174734e-20
1	12	127	3.7619418971926604e-21
2	12	0	7.510876002925215e-06
2	12	1	4.015949741642544e-07
2	12	2	3.3633755502915363e-11
2	12	3	4.229869192164386e-16
2	12	4	6.851562216936017e-20
2	12	5	9.497039942893173e-21
2	12	6	4.878977420818066e-21
2	12	7	4.7398668867574575e-21
2	12	8	3.632749452547019e-21
2	12	9	2.290768866024423e-21
2	12	10	1.634832108805757e-21
2	12	11	1.5252171471002346e-21
2	12	12	9.135859485188528e-22
2	12	13	6.462574212898294e-22
2	12	14	3.3440815941212683e-22
2	12	15	3.1447151125730415e-22
2	12	16	1.854357287811581e-05
2	12	17	1.9812478058156557e-07
2	12	18	1.52101959499662e-11
2	12	19	1.9576343573788631e-16
2	12	20	7.522585347005811e-20
2	12	21	3.942946382780952e-20
2	12	22	7.90250714052943e-21
2	12	23	7.845142488166304e-21
2	12	24	6.3786978766421864e-21
2	12	25	4.035638917442195e-21
2	12	26	2.324480716902185e-21
2	12	27	1.996541772270948e-21
2	12	28	8.563901250112189e-22
2	12	29	6.397339328786607e-22
2	12	30	3.536806750371748e-22
2	12	31	3.0029218455895062e-22
2	12	32	3.809964982792735e-05
2	12	33	2.411148329883872e-07
2	12	34	7.939354035313428e-12
2	12	35	1.6201449321550239e-16
2	12	36	7.218571010239343e-19
2	12	37	2.5728764713342888e-20
2	12	38	2.560912725490387e-20
2	12	39	6.5327275500907265e-21
2	12	40	6.216982047404152e-21
2	12	41	3.966344365785622e-21
2	12	42	3.0709064085159814e-21
2	12	43	2.4254835894421013e-21
2	12	44	1.6015966541841013e-21
2	12	45	1.1778476369838665e-21
2	12	46	1.1320041403693126e-21
2	12	47	5.044570356254855e-22
2	12	48	0.5675410032272339
2	12	49	2.841386231011711e-05
2	12	50	2.065539961293439e-09
2	12	51	1.7056060407885827e-14
2	12	52	4.194498260957349e-15
2	12	53	7.03618728460241e-16
2	12	54	3.393724324051448e-16
2	12	55	1.309100404940056e-16
2	12	56	8.611655596303403e-17
2	12	57	4.417462770132878e-17
2	12	58	3.358345676903657e-17
2	12	59	2.2720828320761603e-17
2	12	60	3.958582009213371e-18
2	12	61	1.6893804333263706e-18
2	12	62	3.189258958195671e-19
2	12	63	3.036758131007805e-19
2	12	64	0.18731693923473358
2	12	65	5.006907304050401e-05
2	12	66	1.6059104046561856e-09
2	12	67	2.7434855060480545e-14
2	12	68	4.959419728425699e-16
2	12	69	2.5737834609172803e-16
2	12	70	1.1956116219444745e-16
2	12	71	6.8482825543747e-17
2	12	72	2.314116842083655e-17
2	12	73	2.3140835894230304e-17
2	12	74	6.4983610843089436e-18
2	12	75	3.658099139126439e-18
2	12	76	3.575681344433493e-18
2	12	77	3.3225365732368994e-18
2	12	78	9.221059984932349e-19
2	12	79	1.6678229433405023e-20
2	12	80	2.4809560272842646e-05
2	12	81	1.7594511803054047e-07
2	12	82	8.955478719707699e-12
2	12	83	2.0362134715467466e-16
2	12	84	2.987852111266373e-19
2	12	85	2.287260053107678e-20
2	12	86	1.4738303488860642e-20
2	12	87	7.842374179612379e-21
2	12	88	5.7535977300739335e-21
2	12	89	5.550725222496768e-21
2	12	90	2.6058937813031907e-21
2	12	91	1.4480580182500687e-21
2	12	92	1.1258486524149858e-21
2	12	93	1.0444831405133388e-21
2	12	94	8.2561308913636835e-22
2	12	95	5.314929775434159e-22
2	12	96	0.0565071776509285
2	12	97	1.8211552742286585e-05
2	12	98	5.523901336346171e-10
2	12	99	5.629829894914125e-15
2	12	100	2.0948914142699922e-16
2	12	101	4.191402580528261e-17
2	12	102	2.4668744364734152e-17
2	12	103	2.103469012524371e-18
2	12	104	1.340258619438285e-18
2	12	105	9.280224078245204e-19
2	12	106	7.39282591205553e-19
2	12	107	6.496146618411563e-19
2	12	108	4.529912969966756e-19
2	12	109	2.5188189904577266e-19
2	12	110	7.598635557042112e-20
2	12	111	1.8116554346966956e-20
2	12	112	0.1884230673313141
2	12	113	2.5120458303717896e-05
2	12	114	2.9938970746989924e-10
2	12	115	5.562037189464153e-15
2	12	116	1.2071733569766997e-15
2	12	117	4.059147981109608e-17
2	12	118	3.361777483829017e-17
2	12	119	3.7771535903299714e-18
2	12	120	3.171494013770176e-18
2	12	121	1.6857369095232277e-18
2	12	122	9.558301520670218e-19
2	12	123	4.562700341496827e-19
2	12	124	2.7164800016818668e-19
2	12	125	8.38637774895226e-20
2	12	126	8.243285842738243e-20
2	12	127	1.2957967664782875e-20
3	12	0	1.8042414012597874e-05
3	12	1	4.1861039790092036e-07
3	12	2	5.5165060020012646e-11
3	12	3	5.918777714815392e-16
3	12	4	6.642478099946461e-20
3	12	5	1.5696114014711692e-20
3	12	6	1.1779853253973525e-20
3	12	7	1.0848397801037665e-20
3	12	8	4.373606821155462e-21
3	12	9	3.0783375034867122e-21
3	12	10	2.5630732501645417e-21
3	12	11	2.20830081687809e-21
3	12	12	1.6272793399290049e-21
3	12	13	6.348911094706216e-22
3	12	14	5.754343727433008e-22
3	12	15	4.822339277794213e-22
3	12	16	3.184371962561272e-05
3	12	17	1.9967070841175882e-07
3	12	18	3.1554876767092566e-11
3	12	19	2.502381759837295e-16
3	12	20	1.9661738070973668e-19
3	12	21	7.182011824363002e-20
3	12	22	2.3058388204713032e-20
3	12	23	1.1052873778845219e-20
3	12	24	8.40308146588829e-21
3	12	25	7.235866613677746e-21
3	12	26	5.0255818557992356e-21
3	12	27	4.350763226875787e-21
3	12	28	2.9691331028615902e-21
3	12	29	1.639568404437155e-21
3	12	30	1.2405226232819014e-21
3	12	31	7.879943951591681e-22
3	12	32	5.294619404594414e-05
3	12	33	2.1461603694206133e-07
3	12	34	1.4138809914521211e-11
3	12	35	1.9590020508908828e-16
3	12	36	5.7572142864966375e-19
3	12	37	2.6259045647126198e-20
3	12	38	2.2597453117477795e-20
3	12	39	2.0591562750256577e-20
3	12	40	1.1539520935316358e-20
3	12	41	9.758791715771488e-21
3	12	42	5.594793996644741e-21
3	12	43	5.0030411841071656e-21
3	12	44	4.0877803766014455e-21
3	12	45	2.725268302936167e-21
3	12	46	2.7056225614396407e-21
3	12	47	5.111214335269885e-22
3	12	48	0.5602115988731384
3	12	49	4.4786211219616234e-05
3	12	50	3.6246901036207646e-09
3	12	51	2.5052071758757156e-14
3	12	52	4.70288743589938e-15
3	12	53	6.887468945492644e-16
3	12	54	3.462909975183179e-16
3	12	55	1.9436175502885806e-16
3	12	56	9.877882502175897e-17
3	12	57	4.3239384213551827e-17
3	12	58	1.7907829950146284e-17
3	12	59	9.872830744738913e-18
3	12	60	4.772416476173162e-18
3	12	61	2.3380439925594558e-18
3	12	62	4.888258468070268e-19
3	12	63	9.398295580387082e-20
3	12	64	0.1718292385339737
3	12	65	7.758964056847617e-05
3	12	66	2.9703803861025335e-09
3	12	67	4.45528217183494e-14
3	12	68	1.3369704623524621e-15
3	12	69	1.2561343759570604e-16
3	12	70	9.275981551601481e-17
3	12	71	3.810548443301901e-17
3	12	72	1.9300016280103657e-17
3	12	73	1.3163136845793143e-17
3	12	74	6.946900185056129e-18
3	12	75	3.521775224684331e-18
3	12	76	2.7775835750372175e-18
3	12	77	2.4627383679745276e-18
3	12	78	2.062086614044415e-18
3	12	79	2.365249290822077e-19
3	12	80	2.8663427656283602e-05
3	12	81	2.1198195554461563e-07
3	12	82	1.508587352261337e-11
3	12	83	2.807094451073741e-16
3	12	84	4.840214784117422e-19
3	12	85	3.506845131615632e-20
3	12	86	1.6933456657643113e-20
3	12	87	8.570720441455958e-21
3	12	88	7.378930893351773e-21
3	12	89	5.6826859756963346e-21
3	12	90	4.0416456704060075e-21
3	12	91	1.4456602849949803e-21
3	12	92	5.069843187738729e-22
3	12	93	3.4812737194345753e-22
3	12	94	2.8260107630249386e-22
3	12	95	1.6973411440128825e-22
3	12	96	0.06932070851325989
3	12	97	2.819480505422689e-05
3	12	98	1.2096957879847992e-09
3	12	99	6.0281255390203046e-15
3	12	100	1.9339285521631754e-16
3	12	101	3.8096693157468797e-17
3	12	102	1.156659719986577e-17
3	12	103	2.3352541191484675e-18
3	12	104	1.0591627949580649e-18
3	12	105	1.0123047710157375e-18
3	12	106	6.2455734483418195e-19
3	12	107	5.280605742240654e-19
3	12	108	3.5345856674333634e-19
3	12	109	2.1780487539254943e-19
3	12	110	1.4953900360704346e-19
3	12	111	1.042037028501526e-19
3	12	112	0.1983165740966797
3	12	113	3.878062852891162e-05
3	12	114	9.63237711815168e-10
3	12	115	3.5142162431060298e-15
3	12	116	1.573775781053702e-15
3	12	117	4.725725522035055e-17
3	12	118	6.913055676703216e-18
3	12	119	2.88245022437424e-18
3	12	120	2.7326281699013387e-18
3	12	121	1.2904757882475467e-18
3	12	122	1.0183802058197864e-18
3	12	123	1.0053083739971875e-18
3	12	124	7.079611905160795e-19
3	12	125	6.740571768578505e-19
3	12	126	3.6772466642470285e-19
3	12	127	3.073343683266172e-20
4	12	0	1.6422829503426328e-05
4	12	1	3.210843715351075e-07
4	12	2	4.828557345626372e-11
4	12	3	6.018785836106523e-16
4	12	4	1.1720517262189623e-19
4	12	5	1.2431085118535708e-20
4	12	6	7.124687561678223e-21
4	12	7	4.341467138507369e-21
4	12	8	3.765855657024515e-21
4	12	9	2.8280093452837597e-21
4	12	10	2.1125490064201084e-21
4	12	11	1.7871249251111667e-21
4	12	12	1.1080289282765418e-21
4	12	13	8.954911706708636e-22
4	12	14	7.905469218565226e-22
4	12	15	6.457020632125538e-22
4	12	16	1.8153159544453956e-05
4	12	17	1.753226683831599e-07
4	12	18	2.865392992323912e-11
4	12	19	2.4703194452013516e-16
4	12	20	1.478247234863156e-19
4	12	21	1.6813526777932862e-20
4	12	22	1.1362221556481579e-20
4	12	23	7.000239692548041e-21
4	12	24	3.94461512273155e-21
4	12	25	3.940244151740803e-21
4	12	26	2.942985632893105e-21
4	12	27	1.1741807590609096e-21
4	12	28	5.406122096077708e-22
4	12	29	5.058740065161052e-22
4	12	30	4.097687863725846e-22
4	12	31	6.666150434890015e-23
4	12	32	4.028448893222958e-05
4	12	33	2.2803500598911342e-07
4	12	34	1.2361012387274162e-11
4	12	35	2.1536569719637195e-16
4	12	36	5.031238187913707e-19
4	12	37	4.5807724284235207e-20
4	12	38	2.3867698807978073e-20
4	12	39	1.136159955543503e-20
4	12	40	1.1245404913178338e-20
4	12	41	7.545806503998677e-21
4	12	42	6.079689452765956e-21
4	12	43	3.049042061987837e-21
4	12	44	2.3897169136784192e-21
4	12	45	1.0898882071694325e-21
4	12	46	1.0078916065436087e-21
4	12	47	3.4987389736584236e-22
4	12	48	0.5797808170318604
4	12	49	3.83886435884051e-05
4	12	50	3.795781911009044e-09
4	12	51	2.4177654236318125e-14
4	12	52	3.895568051893571e-15
4	12	53	2.1390387714808863e-15
4	12	54	4.2324018206766766e-16
4	12	55	1.502687799801556e-16
4	12	56	7.579181328860025e-17
4	12	57	2.839366274015232e-17
4	12	58	2.401611705940329e-17
4	12	59	3.6878838450329424e-18
4	12	60	6.6928972139740115e-19
4	12	61	4.1392981221917857e-19
4	12	62	2.322589518681186e-19
4	12	63	6.642151105110561e-20
4	12	64	0.17625348269939423
4	12	65	7.900048512965441e-05
4	12	66	2.323044423491183e-09
4	12	67	4.636741362498871e-14
4	12	68	1.0686382597170619e-15
4	12	69	2.055093571243249e-16
4	12	70	8.022977624129015e-17
4	12	71	7.876165638546164e-17
4	12	72	2.9608741429155964e-17
4	12	73	2.0796185830503846e-17
4	12	74	1.4619528934896882e-17
4	12	75	8.837303188218479e-18
4	12	76	4.872877561567727e-18
4	12	77	3.998609279054812e-18
4	12	78	5.175374409651072e-19
4	12	79	1.9417201509917972e-19
4	12	80	2.0376141037559137e-05
4	12	81	2.021654808004314e-07
4	12	82	1.232434987397113e-11
4	12	83	3.16641615051306e-16
4	12	84	1.2903318329715683e-19
4	12	85	1.7380820812953653e-20
4	12	86	1.428036370017164e-20
4	12	87	9.22047889055203e-21
4	12	88	4.9029636390981865e-21
4	12	89	3.459087568144199e-21
4	12	90	3.1117460278800863e-21
4	12	91	2.1216924218043737e-21
4	12	92	9.539725976402925e-22
4	12	93	7.532086332212485e-22
4	12	94	5.885495071478495e-22
4	12	95	1.394242987524948e-22
4	12	96	0.055818717926740646
4	12	97	2.4476885300828144e-05
4	12	98	1.2661940385072512e-09
4	12	99	8.305855155944005e-15
4	12	100	2.1688056268297706e-16
4	12	101	4.5346312495397895e-17
4	12	102	8.437689752752273e-18
4	12	103	2.4275821579652582e-18
4	12	104	1.2693325348028084e-18
4	12	105	9.945438590957286e-19
4	12	106	7.719855386143549e-19
4	12	107	4.445551404231887e-19
4	12	108	2.742155946389454e-19
4	12	109	1.8592940586433316e-19
4	12	110	1.825192633162038e-19
4	12	111	1.7818345396383932e-19
4	12	112	0.18787027895450592
4	12	113	3.640374052338302e-05
4	12	114	1.0321217214226408e-09
4	12	115	4.529807264556278e-15
4	12	116	2.2300825313329884e-15
4	12	117	3.147667407097831e-17
4	12	118	1.3741043272030866e-17
4	12	119	1.9775557864767024e-18
4	12	120	1.8908995183250346e-18
4	12	121	1.6320224888810249e-18
4	12	122	1.093380775357546e-18
4	12	123	6.360436265188816e-19
4	12	124	3.996287641569317e-19
4	12	125	1.1464181745177683e-19
4	12	126	5.889858126092285e-20
4	12	127	1.1870647635311157e-20
5	12	0	2.0119605323998258e-05
5	12	1	6.292985403888451e-07
5	12	2	8.990165556443941e-11
5	12	3	9.737264180322046e-16
5	12	4	1.2646829008808596e-19
5	12	5	2.988796454257876e-20
5	12	6	2.0207099864417013e-20
5	12	7	1.2750753266783373e-20
5	12	8	5.530691942036499e-21
5	12	9	5.502711992361396e-21
5	12	10	3.4047844533998e-21
5	12	11	1.8065049025241675e-21
5	12	12	1.1732699718141776e-21
5	12	13	9.216402562264828e-22
5	12	14	6.7486962089236175e-22
5	12	15	2.9540346837888945e-22
5	12	16	5.939600305282511e-05
5	12	17	2.2622563733420975e-07
5	12	18	5.98233615423105e-11
5	12	19	4.793676027076122e-16
5	12	20	4.1530742983059735e-19
5	12	21	9.594708324368091e-20
5	12	22	3.6371192926267715e-20
5	12	23	2.7246421417527484e-20
5	12	24	1.8990853558279962e-20
5	12	25	1.361181758829553e-20
5	12	26	1.0396959942769015e-20
5	12	27	5.556060295109665e-21
5	12	28	2.7354111609111365e-21
5	12	29	1.6557051916530623e-21
5	12	30	1.0218223095281855e-21
5	12	31	4.891332421476118e-22
5	12	32	6.696121272398159e-05
5	12	33	3.2722175546950893e-07
5	12	34	2.3297492407481357e-11
5	12	35	4.255995658724649e-16
5	12	36	5.812783246072184e-19
5	12	37	8.407933558727509e-20
5	12	38	5.14559720006887e-20
5	12	39	3.0240989718379905e-20
5	12	40	2.3836821706675117e-20
5	12	41	1.0280076252599718e-20
5	12	42	8.47161063314018e-21
5	12	43	7.217004633889549e-21
5	12	44	3.751073034749398e-21
5	12	45	2.9953946736714067e-21
5	12	46	1.2267391406749005e-21
5	12	47	1.224788521159117e-21
5	12	48	0.5159528255462646
5	12	49	4.109797009732574e-05
5	12	50	5.268016245452145e-09
5	12	51	4.667930809682669e-14
5	12	52	5.924116245844581e-15
5	12	53	5.269652427500283e-16
5	12	54	2.9828418762281876e-16
5	12	55	1.130368909182212e-16
5	12	56	1.0112310119984855e-16
5	12	57	5.907957530658709e-17
5	12	58	3.0427259806334336e-17
5	12	59	6.085356008315811e-18
5	12	60	3.709590305077253e-18
5	12	61	3.29550058850591e-18
5	12	62	2.8525796984791846e-18
5	12	63	1.088888254053194e-18
5	12	64	0.23665596544742584
5	12	65	9.453796519665048e-05
5	12	66	5.524093182884826e-09
5	12	67	9.734969991584408e-14
5	12	68	2.7424457731053e-15
5	12	69	1.9183423518403083e-16
5	12	70	1.8166091950125345e-16
5	12	71	9.18766844068287e-17
5	12	72	7.651846829567093e-17
5	12	73	2.9009634363818507e-17
5	12	74	1.4024640490683446e-17
5	12	75	7.928507146166682e-18
5	12	76	5.777118733576501e-18
5	12	77	1.4368838615372886e-18
5	12	78	1.912895233089797e-19
5	12	79	1.6678760638454647e-19
5	12	80	3.083796036662534e-05
5	12	81	2.198379007722906e-07
5	12	82	2.8832776444165376e-11
5	12	83	5.910944777635658e-16
5	12	84	2.2955280464475724e-19
5	12	85	2.693134799908861e-20
5	12	86	1.322216382099477e-20
5	12	87	7.944463938396621e-21
5	12	88	5.749397203525813e-21
5	12	89	3.290962300849229e-21
5	12	90	2.4017897924332154e-21
5	12	91	1.5393977612195854e-21
5	12	92	1.3646282908622863e-21
5	12	93	8.360968359965894e-22
5	12	94	3.434021582300561e-22
5	12	95	1.0898163892726212e-22
5	12	96	0.07420570403337479
5	12	97	2.5593306418159045e-05
5	12	98	2.516766128835002e-09
5	12	99	1.3118593871256322e-14
5	12	100	6.186121959396939e-16
5	12	101	6.693897564847803e-17
5	12	102	2.2824551806492078e-17
5	12	103	7.132968673585645e-18
5	12	104	6.141799918184286e-18
5	12	105	1.1811011079696866e-18
5	12	106	6.443418507252253e-19
5	12	107	4.63540072854623e-19
5	12	108	2.5458825306428717e-19
5	12	109	6.55391936808471e-20
5	12	110	4.1795688287025617e-20
5	12	111	1.991740247309019e-20
5	12	112	0.17281408607959747
5	12	113	3.089238452957943e-05
5	12	114	1.2884654454481392e-09
5	12	115	6.433251233296669e-15
5	12	116	2.9332327446942794e-16
5	12	117	1.1974704622170037e-16
5	12	118	3.77332564660926e-17
5	12	119	2.0839887436626248e-17
5	12	120	2.8218120952098153e-18
5	12	121	8.348561765532721e-19
5	12	122	6.263719723029702e-19
5	12	123	3.6065710602407907e-19
5	12	124	3.5785115428993434e-19
5	12	125	2.37160488135984e-19
5	12	126	2.1889365187382236e-19
5	12	127	3.4555053267922187e-20
6	12	0	1.8333686966798268e-05
6	12	1	1.5360934924046887e-07
6	12	2	8.592333095025495e-11
6	12	3	8.622876400574359e-16
6	12	4	1.3474863943838026e-19
6	12	5	1.2728674653011597e-20
6	12	6	7.884623398750805e-21
6	12	7	5.074616540900011e-21
6	12	8	4.028409972811592e-21
6	12	9	2.453289055706744e-21
6	12	10	1.101613633716246e-21
6	12	11	1.0833693130841758e-21
6	12	12	7.27521302663335e-22
6	12	13	6.290144617581851e-22
6	12	14	6.285149928983226e-22
6	12	15	4.589532666929305e-22
6	12	16	3.109703175141476e-05
6	12	17	1.4739626408299955e-07
6	12	18	4.934905956099911e-11
6	12	19	4.1315850476187136e-16
6	12	20	2.7345929306513053e-19
6	12	21	2.6943726627708494e-20
6	12	22	1.6375713973757896e-20
6	12	23	1.469862466885224e-20
6	12	24	1.0916595772927108e-20
6	12	25	8.296106171611156e-21
6	12	26	5.085228928885768e-21
6	12	27	2.336321556954876e-21
6	12	28	1.8709789460699877e-21
6	12	29	1.7418626359680307e-21
6	12	30	1.417283506730115e-21
6	12	31	6.447360430806819e-22
6	12	32	7.707736949669197e-05
6	12	33	1.7784077499527484e-07
6	12	34	2.314906599742983e-11
6	12	35	3.926434726584906e-16
6	12	36	7.155447306731773e-19
6	12	37	5.622285877446695e-20
6	12	38	3.038502577371497e-20
6	12	39	2.14946969607353e-20
6	12	40	1.3876285970939487e-20
6	12	41	9.001159705951838e-21
6	12	42	8.619003878539473e-21
6	12	43	6.490291730638336e-21
6	12	44	5.833709445385484e-21
6	12	45	3.553954844646374e-21
6	12	46	1.5903024884278414e-21
6	12	47	1.0062920743068591e-21
6	12	48	0.45512059330940247
6	12	49	3.350578845129348e-05
6	12	50	5.909767786249631e-09
6	12	51	3.0903864943433376e-14
6	12	52	8.773685852272659e-15
6	12	53	3.72483506178687e-16
6	12	54	1.6036567740922289e-16
6	12	55	1.0941727428914226e-16
6	12	56	5.662375547725595e-17
6	12	57	5.0953402599702896e-17
6	12	58	1.050895496966873e-17
6	12	59	3.655038157269687e-18
6	12	60	1.667114695790398e-18
6	12	61	8.97992029276089e-19
6	12	62	3.9002814407612327e-19
6	12	63	6.732176143855033e-20
6	12	64	0.2538233995437622
6	12	65	8.863368566380814e-05
6	12	66	5.950063108883796e-09
6	12	67	7.98293722792387e-14
6	12	68	6.368037107896377e-16
6	12	69	1.867642930084606e-16
6	12	70	8.827822374909641e-17
6	12	71	7.184434858681959e-17
6	12	72	6.393922831811162e-17
6	12	73	3.7178205040179716e-17
6	12	74	1.1994090757878074e-17
6	12	75	3.0588990159700704e-18
6	12	76	2.1942632516903353e-18
6	12	77	1.3913214092293725e-18
6	12	78	6.992933199735011e-19
6	12	79	9.452177996241815e-20
6	12	80	4.285846443963237e-05
6	12	81	2.8954917752344045e-07
6	12	82	2.7001227642653447e-11
6	12	83	4.879424878095819e-16
6	12	84	4.461893391208638e-19
6	12	85	4.6948797321032234e-20
6	12	86	2.482882774980214e-20
6	12	87	1.3778500944073502e-20
6	12	88	1.1326509810680449e-20
6	12	89	1.0207907167535167e-20
6	12	90	5.8053518522178335e-21
6	12	91	3.581611676894699e-21
6	12	92	2.5244013448373372e-21
6	12	93	2.302814077849551e-21
6	12	94	2.1902827794189606e-21
6	12	95	7.414882553842286e-22
6	12	96	0.09287954866886139
6	12	97	2.8603153623407707e-05
6	12	98	2.5684896431954485e-09
6	12	99	1.1811164635851419e-14
6	12	100	3.1741757664032974e-16
6	12	101	1.3218129136404648e-16
6	12	102	3.1871861262986744e-17
6	12	103	1.4821091343480129e-18
6	12	104	7.408211988436899e-19
6	12	105	3.895935382124091e-19
6	12	106	2.9639975148700506e-19
6	12	107	1.3160431913491306e-19
6	12	108	3.4103189702443757e-20
6	12	109	3.090501864862965e-20
6	12	110	2.943072430311873e-20
6	12	111	5.258515189279958e-21
6	12	112	0.19782200455665588
6	12	113	3.6134530091658235e-05
6	12	114	1.4783884116909007e-09
6	12	115	4.522842959663953e-15
6	12	116	6.5585289943823565e-16
6	12	117	3.476726141344081e-17
6	12	118	8.384932173283641e-18
6	12	119	5.120111093311864e-18
6	12	120	4.378759981888257e-18
6	12	121	2.9639947231354833e-18
6	12	122	1.2366534205354057e-18
6	12	123	3.316626160965055e-19
6	12	124	2.5580446705868155e-19
6	12	125	1.0135593972098273e-19
6	12	126	9.607245926761952e-20
6	12	127	5.719108579836377e-21
7	12	0	1.4237791219784413e-05
7	12	1	3.594694533148868e-07
7	12	2	2.9639200815889666e-11
7	12	3	2.6012744446160107e-16
7	12	4	1.175660301641225e-19
7	12	5	1.9758945686998e-20
7	12	6	6.901852051681113e-21
7	12	7	4.37329137776757e-21
7	12	8	3.958785841379706e-21
7	12	9	2.926663154130996e-21
7	12	10	1.5413925064589635e-21
7	12	11	1.4280083799700694e-21
7	12	12	1.39507019338105e-21
7	12	13	6.744345230823653e-22
7	12	14	2.429711025613421e-22
7	12	15	7.17369091953473e-23
7	12	16	2.2586462364415638e-05
7	12	17	1.9905938586362026e-07
7	12	18	1.5072337475330322e-11
7	12	19	1.343640423295616e-16
7	12	20	2.4181071659399813e-19
7	12	21	2.2034396767509204e-20
7	12	22	1.4004746150716692e-20
7	12	23	1.1402170987334909e-20
7	12	24	7.591521157539303e-21
7	12	25	4.785041934195363e-21
7	12	26	2.741237977857912e-21
7	12	27	1.6107388578780163e-21
7	12	28	1.1525358294603871e-21
7	12	29	7.282805781291666e-22
7	12	30	5.01622387024875e-22
7	12	31	2.1091801790798056e-22
7	12	32	5.337163383956067e-05
7	12	33	2.054355974223654e-07
7	12	34	7.449279040838697e-12
7	12	35	1.0685422538264465e-16
7	12	36	3.6126764286432563e-19
7	12	37	8.703248023401451e-20
7	12	38	6.135678109567146e-20
7	12	39	3.211649574154745e-20
7	12	40	1.4965981721291595e-20
7	12	41	1.0776761859727299e-20
7	12	42	7.88798947454427e-21
7	12	43	7.137748775862178e-21
7	12	44	5.427610212752047e-21
7	12	45	2.3424080795334248e-21
7	12	46	1.9277864228203122e-21
7	12	47	2.9510418086233584e-22
7	12	48	0.5519821047782898
7	12	49	4.006436938652769e-05
7	12	50	1.6617421882969552e-09
7	12	51	1.2484604956829529e-14
7	12	52	2.5563956215156032e-15
7	12	53	7.171141867714885e-16
7	12	54	5.077885227033094e-16
7	12	55	3.1874053622482255e-16
7	12	56	9.218655288173596e-17
7	12	57	8.308748673431385e-17
7	12	58	1.38100243448535e-17
7	12	59	1.1030099435092451e-17
7	12	60	2.914387047439453e-18
7	12	61	2.1384759164330746e-18
7	12	62	1.3396095928501605e-18
7	12	63	1.5942991238406972e-19
7	12	64	0.1956777721643448
7	12	65	8.33905505714938e-05
7	12	66	1.319135800592619e-09
7	12	67	2.052273756210192e-14
7	12	68	1.9910877383422145e-15
7	12	69	1.5625222071955999e-16
7	12	70	1.0686916095578491e-16
7	12	71	4.1722804808717504e-17
7	12	72	2.745546621758855e-17
7	12	73	1.6192406252221564e-17
7	12	74	1.1561945963281384e-17
7	12	75	7.725262252217502e-18
7	12	76	6.645179852772818e-18
7	12	77	5.750555896155892e-18
7	12	78	3.157369904810833e-18
7	12	79	2.5903928609104087e-19
7	12	80	2.3632443117094226e-05
7	12	81	1.7090887638460117e-07
7	12	82	6.788971294857671e-12
7	12	83	1.3532823052133302e-16
7	12	84	9.583633797682684e-20
7	12	85	1.4981237710596943e-20
7	12	86	9.548221743294891e-21
7	12	87	7.510468766619043e-21
7	12	88	3.5101994944023765e-21
7	12	89	3.047922056207266e-21
7	12	90	1.8515638296368248e-21
7	12	91	1.0614574077097776e-21
7	12	92	1.056237041783387e-21
7	12	93	9.377903720362446e-22
7	12	94	5.747863708413161e-22
7	12	95	1.3498870427639257e-22
7	12	96	0.0596882589161396
7	12	97	2.5543968149577267e-05
7	12	98	6.901490490207607e-10
7	12	99	4.363470746022741e-15
7	12	100	1.3549427544877447e-16
7	12	101	3.061561875798001e-17
7	12	102	1.8201852953239483e-17
7	12	103	2.4360737873385745e-18
7	12	104	1.7121559209148291e-18
7	12	105	9.204733507592083e-19
7	12	106	7.783859520015606e-19
7	12	107	6.218426414613595e-19
7	12	108	3.1709777496703663e-19
7	12	109	1.3372142328925718e-19
7	12	110	1.1377327780859615e-19
7	12	111	8.479146700884936e-20
7	12	112	0.19235210120677948
7	12	113	3.5475866752676666e-05
7	12	114	4.868082603692869e-10
7	12	115	3.03899137266432e-15
7	12	116	1.1891159909697773e-15
7	12	117	5.4513568103796425e-17
7	12	118	1.085379746805535e-17
7	12	119	6.389381692966307e-18
7	12	120	1.9584716957693383e-18
7	12	121	1.4622546282976323e-18
7	12	122	7.275209100756615e-19
7	12	123	6.179371081991904e-19
7	12	124	3.818588566477613e-19
7	12	125	3.108528973843851e-19
7	12	126	3.0913042300571415e-19
7	12	127	1.191276566877431e-19
0	13	0	1.0971188203257043e-05
0	13	1	4.5409180415845185e-07
0	13	2	3.26977334097478e-11
0	13	3	5.124765324290067e-16
0	13	4	9.282938135383173e-20
0	13	5	9.905619505673919e-21
0	13	6	8.069652554227693e-21
0	13	7	4.752114248922714e-21
0	13	8	3.707299913046927e-21
0	13	9	2.7213274820198192e-21
0	13	10	1.4998021439485778e-21
0	13	11	1.3292218910294623e-21
0	13	12	1.1685496301057268e-21
0	13	13	7.036042517073844e-22
0	13	14	3.625913701435127e-22
0	13	15	3.596317659755152e-22
0	13	16	2.4895101887523197e-05
0	13	17	2.3266645143849018e-07
0	13	18	1.4341283369190272e-11
0	13	19	2.218883538160425e-16
0	13	20	1.0885948892790731e-19
0	13	21	7.890787348342745e-20
0	13	22	3.037383298605136e-20
0	13	23	2.3482087239686312e-20
0	13	24	8.673147050157617e-21
0	13	25	5.899493326200108e-21
0	13	26	5.003870384203636e-21
0	13	27	2.9321517075216126e-21
0	13	28	2.256711481448399e-21
0	13	29	1.5845846478819567e-22
0	13	30	1.4835897523035142e-22
0	13	31	7.534460992863818e-23
0	13	32	4.780149174621329e-05
0	13	33	2.0251671628557233e-07
0	13	34	8.559648649597573e-12
0	13	35	1.8629866311548716e-16
0	13	36	4.1299851024702043e-19
0	13	37	2.916170319593147e-20
0	13	38	2.754694001147712e-20
0	13	39	2.0073844622026415e-20
0	13	40	9.991502502124517e-21
0	13	41	4.732700950025077e-21
0	13	42	3.415526492253052e-21
0	13	43	3.2044514468487215e-21
0	13	44	2.1068520422892195e-21
0	13	45	1.3800137290867375e-21
0	13	46	1.318513779506022e-21
0	13	47	9.964993948431607e-22
0	13	48	0.5477989315986633
0	13	49	4.5843771658837795e-05
0	13	50	1.539457339383432e-09
0	13	51	2.0435110309642568e-14
0	13	52	5.0819893134207775e-15
0	13	53	6.200088473905978e-16
0	13	54	2.6481601005267003e-16
0	13	55	1.6138366542803475e-16
0	13	56	3.978311259439496e-17
0	13	57	3.628737453385196e-17
0	13	58	2.6269363665442638e-17
0	13	59	7.877623130785482e-18
0	13	60	3.803796250679692e-18
0	13	61	2.3682166461732463e-18
0	13	62	2.2411757661555146e-18
0	13	63	7.765562284865933e-19
0	13	64	0.1928190141916275
0	13	65	0.00010355427366448566
0	13	66	1.3123662156999671e-09
0	13	67	2.968022081903908e-14
0	13	68	1.8837767107380936e-15
0	13	69	1.9739411974513865e-16
0	13	70	8.315094803090892e-17
0	13	71	6.719622881898202e-17
0	13	72	6.083553416324935e-17
0	13	73	1.544006397840866e-17
0	13	74	7.537891781403828e-18
0	13	75	5.040847751884889e-18
0	13	76	2.4372328741719144e-18
0	13	77	1.2049549288841845e-18
0	13	78	5.322190179585226e-19
0	13	79	8.929764971800562e-20
0	13	80	2.2632337277173065e-05
0	13	81	1.708163637204052e-07
0	13	82	7.631070254865424e-12
0	13	83	2.027545545169477e-16
0	13	84	2.218361918066149e-19
0	13	85	1.384995674741844e-20
0	13	86	7.100339855776894e-21
0	13	87	6.832682304130634e-21
0	13	88	2.862403377828808e-21
0	13	89	2.7732583090064888e-21
0	13	90	1.7919209974665187e-21
0	13	91	1.4274308075697028e-21
0	13	92	1.4085034974767796e-21
0	13	93	1.052978806431109e-21
0	13	94	6.793599938697225e-22
0	13	95	5.182393065421359e-22
0	13	96	0.06259877234697342
0	13	97	2.5105615350184962e-05
0	13	98	7.392490508628669e-10
0	13	99	7.95128547015746e-15
0	13	100	4.683399219486308e-16
0	13	101	8.495871486369661e-17
0	13	102	1.45722307474711e-17
0	13	103	1.0938487527890978e-17
0	13	104	4.322368184398373e-18
0	13	105	3.0042873111584007e-18
0	13	106	1.0467526042279318e-18
0	13	107	4.2605736567375993e-19
0	13	108	3.4847027990872945e-19
0	13	109	3.3129798454273446e-19
0	13	110	2.1286593505136016e-19
0	13	111	1.6121813469674158e-19
0	13	112	0.1964641511440277
0	13	113	3.6270026612328365e-05
0	13	114	5.009302417313677e-10
0	13	115	3.2588457621459885e-15
0	13	116	9.02424560960877e-16
0	13	117	1.3910643421745063e-16
0	13	118	1.8895832671753096e-17
0	13	119	4.851968917224224e-18
0	13	120	4.3389291674422974e-18
0	13	121	2.3392099036328492e-18
0	13	122	5.941995578595444e-19
0	13	123	4.1234682117129936e-19
0	13	124	2.392043738814201e-19
0	13	125	1.4995473941303378e-19
0	13	126	5.581401829436408e-20
0	13	127	1.7408545903758384e-20
1	13	0	1.3717537513002753e-05
1	13	1	2.1003718586598552e-07
1	13	2	1.1510625091970539e-10
1	13	3	1.7550684662160265e-15
1	13	4	5.020157521997191e-20
1	13	5	1.477690955901214e-20
1	13	6	7.939793275992537e-21
1	13	7	4.093140894711701e-21
1	13	8	3.402584427620221e-21
1	13	9	2.6530436820638884e-21
1	13	10	1.6761788205815125e-21
1	13	11	1.6151558731020787e-21
1	13	12	1.1161316026239927e-21
1	13	13	7.016520670915648e-22
1	13	14	5.951830069454168e-22
1	13	15	4.534662279152518e-22
1	13	16	3.4558455809019506e-05
1	13	17	2.09891808822249e-07
1	13	18	6.255804901877937e-11
1	13	19	8.284792199402869e-16
1	13	20	2.807132534469143e-19
1	13	21	7.608736207803209e-20
1	13	22	2.343314948981357e-20
1	13	23	2.2733102660000822e-20
1	13	24	1.3076418474472048e-20
1	13	25	6.4866962414718576e-21
1	13	26	4.81789489856307e-21
1	13	27	3.7268711355869026e-21
1	13	28	2.9229941557499257e-21
1	13	29	1.1631145930389202e-21
1	13	30	1.1349655115857378e-21
1	13	31	8.532059037445124e-22
1	13	32	6.49817957310006e-05
1	13	33	1.9671794859732472e-07
1	13	34	2.9981472166040746e-11
1	13	35	7.822430794814637e-16
1	13	36	6.377137558744144e-19
1	13	37	4.237123474112633e-20
1	13	38	3.888070057721448e-20
1	13	39	2.651647330104065e-20
1	13	40	1.5467043146171324e-20
1	13	41	1.055524062986361e-20
1	13	42	6.535696999242821e-21
1	13	43	6.1411904120886306e-21
1	13	44	4.2692956300621174e-21
1	13	45	3.564518361121331e-21
1	13	46	1.9249902453883275e-21
1	13	47	6.306684190865077e-22
1	13	48	0.4713563919067383
1	13	49	4.434922448126599e-05
1	13	50	7.19277659655404e-09
1	13	51	6.08571217508222e-14
1	13	52	4.0811665231641446e-15
1	13	53	2.883651671126749e-16
1	13	54	2.7713917476491763e-16
1	13	55	1.5643758858611067e-16
1	13	56	7.068890961998102e-17
1	13	57	6.912931020584904e-17
1	13	58	1.3170038840824285e-17
1	13	59	1.0585983682670893e-17
1	13	60	3.9860894868935156e-18
1	13	61	3.2699181669063293e-18
1	13	62	3.232265732603528e-18
1	13	63	6.816544688926321e-19
1	13	64	0.23902708292007446
1	13	65	0.00011740551417460665
1	13	66	6.730332291482455e-09
1	13	67	1.5318700626563986e-13
1	13	68	9.434162969267751e-16
1	13	69	3.513835713554476e-16
1	13	70	7.35853652528967e-17
1	13	71	5.436855341624853e-17
1	13	72	2.5171802526064402e-17
1	13	73	2.0925704116456174e-17
1	13	74	1.0509437215965849e-17
1	13	75	6.821849915182506e-18
1	13	76	2.77579272901104e-18
1	13	77	9.853230700124469e-19
1	13	78	3.760525657355219e-19
1	13	79	2.725236483947565e-19
1	13	80	4.347648791735992e-05
1	13	81	3.348962422933255e-07
1	13	82	3.433701586952331e-11
1	13	83	9.657585908556202e-16
1	13	84	5.833943560117056e-19
1	13	85	4.338536140329061e-20
1	13	86	2.838125505681342e-20
1	13	87	1.7443080694332473e-20
1	13	88	1.38835464195192e-20
1	13	89	7.901705809311019e-21
1	13	90	2.532479482455192e-21
1	13	91	2.094031146691431e-21
1	13	92	1.5475346658194356e-21
1	13	93	1.4658925855953054e-21
1	13	94	1.3431988401957468e-21
1	13	95	9.884043945345958e-22
1	13	96	0.08603560924530029
1	13	97	3.379465488251299e-05
1	13	98	3.3288389822416775e-09
1	13	99	2.3481918314102387e-14
1	13	100	3.8885501192277734e-16
1	13	101	5.4226983108771303e-17
1	13	102	1.6163939658621164e-17
1	13	103	1.4995317293974876e-18
1	13	104	1.3322604033003566e-18
1	13	105	4.713188793350716e-19
1	13	106	4.108738451448897e-19
1	13	107	3.7702892320167e-19
1	13	108	3.2438032477874177e-19
1	13	109	2.5148914335117483e-19
1	13	110	2.4566274161029273e-19
1	13	111	2.3118372046937624e-19
1	13	112	0.20318308472633362
1	13	113	4.387064473121427e-05
1	13	114	1.9281038987628563e-09
1	13	115	9.86938056778651e-15
1	13	116	2.113011354835893e-15
1	13	117	6.833039931791062e-17
1	13	118	2.128046037448424e-17
1	13	119	1.1117758246146533e-17
1	13	120	1.4590560242664663e-18
1	13	121	1.4260108825780088e-18
1	13	122	7.079612422148677e-19
1	13	123	5.339055358299417e-19
1	13	124	3.703238747044976e-19
1	13	125	2.251460774795634e-19
1	13	126	1.9479811327469994e-19
1	13	127	1.1818532994898329e-19
2	13	0	8.741994861338753e-06
2	13	1	4.253605254689319e-07
2	13	2	5.679949219294933e-11
2	13	3	1.1326865501445774e-15
2	13	4	9.3456216237085e-20
2	13	5	1.1778934792687907e-20
2	13	6	5.40492454211471e-21
2	13	7	4.776747913746742e-21
2	13	8	4.6945747092523445e-21
2	13	9	3.765966324743187e-21
2	13	10	1.5434821674424577e-21
2	13	11	5.836301957864402e-22
2	13	12	5.428196065036475e-22
2	13	13	4.6157359756281055e-22
2	13	14	4.590459105176397e-22
2	13	15	2.903237090202455e-22
2	13	16	1.9432211047387682e-05
2	13	17	2.4506115892108937e-07
2	13	18	2.5082767460271604e-11
2	13	19	5.396801072608218e-16
2	13	20	2.0517814428768646e-19
2	13	21	1.0401977148613319e-19
2	13	22	3.689482733458219e-20
2	13	23	2.0228249515586802e-20
2	13	24	5.684632758192675e-21
2	13	25	4.986017742477339e-21
2	13	26	3.784387653140614e-21
2	13	27	1.0232557392127318e-21
2	13	28	1.0091174332814497e-21
2	13	29	6.769576158016242e-22
2	13	30	2.474799285729978e-22
2	13	31	1.8697980023622102e-22
2	13	32	4.215633089188486e-05
2	13	33	2.7460592377792636e-07
2	13	34	1.3377632335220824e-11
2	13	35	4.517657635719099e-16
2	13	36	5.461656449776847e-19
2	13	37	2.9039128600083033e-20
2	13	38	2.2999857098439236e-20
2	13	39	9.00726985649222e-21
2	13	40	6.093749099798657e-21
2	13	41	5.331701690342078e-21
2	13	42	4.860113421545952e-21
2	13	43	3.792447413454821e-21
2	13	44	1.5160722171030312e-21
2	13	45	1.3389058212842106e-21
2	13	46	1.2541731228729437e-21
2	13	47	1.2238007915751333e-21
2	13	48	0.570152759552002
2	13	49	3.619316339609213e-05
2	13	50	3.3139027078021854e-09
2	13	51	4.379956887088331e-14
2	13	52	7.126073785690325e-15
2	13	53	7.405300949609784e-16
2	13	54	3.9950430718235243e-16
2	13	55	2.2205278408692823e-16
2	13	56	1.7177396712909703e-16
2	13	57	6.940106219812986e-17
2	13	58	3.937039248212285e-17
2	13	59	1.0709611615481231e-17
2	13	60	1.3958187902198233e-18
2	13	61	6.764729061380234e-19
2	13	62	6.286592817930441e-19
2	13	63	4.2825373699524136e-19
2	13	64	0.18382591009140015
2	13	65	6.458626012317836e-05
2	13	66	2.586540093219014e-09
2	13	67	6.994512797729377e-14
2	13	68	1.753887172891962e-15
2	13	69	1.8455407964660872e-16
2	13	70	1.1417454881061233e-16
2	13	71	6.262285309129473e-17
2	13	72	3.4974499935387394e-17
2	13	73	1.3196636006240315e-17
2	13	74	5.065854248982979e-18
2	13	75	4.005114227391929e-18
2	13	76	3.1547859993723705e-18
2	13	77	2.1173228402185623e-18
2	13	78	1.3719373621523814e-18
2	13	79	6.4963715081406e-20
2	13	80	2.7205942387809046e-05
2	13	81	2.0208288731282664e-07
2	13	82	1.507841421166667e-11
2	13	83	5.37309526739253e-16
2	13	84	1.2324180748533752e-19
2	13	85	2.6596208988446787e-20
2	13	86	1.6250833935069397e-20
2	13	87	1.3307125124985483e-20
2	13	88	8.654046771267171e-21
2	13	89	4.617609753780833e-21
2	13	90	3.059841858081126e-21
2	13	91	2.5094868502624156e-21
2	13	92	2.2004868277566265e-21
2	13	93	8.506949784158556e-22
2	13	94	4.833770061637482e-22
2	13	95	2.7960024941903313e-22
2	13	96	0.05723980441689491
2	13	97	2.2186781279742718e-05
2	13	98	9.249744858941256e-10
2	13	99	1.449678085094306e-14
2	13	100	3.5816594945256997e-16
2	13	101	6.7018060732483e-17
2	13	102	8.335829904941881e-18
2	13	103	2.4400744463711872e-18
2	13	104	2.271117843173556e-18
2	13	105	4.533483805273571e-19
2	13	106	3.845625740280733e-19
2	13	107	2.57922902456824e-19
2	13	108	2.283257856036114e-19
2	13	109	1.9092220341821787e-19
2	13	110	1.8311049065902608e-19
2	13	111	3.3644298332932893e-20
2	13	112	0.18852856755256653
2	13	113	3.112435661023483e-05
2	13	114	5.005115766287815e-10
2	13	115	8.008646541345522e-15
2	13	116	9.485153293901276e-16
2	13	117	5.134107899174935e-17
2	13	118	1.6237624907587388e-17
2	13	119	1.0531556852726129e-17
2	13	120	3.0751977827598152e-18
2	13	121	1.995864602154951e-18
2	13	122	1.4811095899753191e-18
2	13	123	6.564476389899388e-19
2	13	124	4.3304841186772256e-19
2	13	125	2.851966757645283e-19
2	13	126	1.932139202299931e-19
2	13	127	1.0005596884280596e-20
3	13	0	2.0740906620630994e-05
3	13	1	4.4671838850263157e-07
3	13	2	9.30332824666813e-11
3	13	3	1.5750841293198548e-15
3	13	4	2.1584330704275943e-19
3	13	5	2.8324460706708556e-20
3	13	6	1.4864597166291297e-20
3	13	7	1.419282795808307e-20
3	13	8	6.338249633261267e-21
3	13	9	3.654612789333204e-21
3	13	10	3.565543451157786e-21
3	13	11	2.648854262677313e-21
3	13	12	1.4862083918556135e-21
3	13	13	9.280650423611903e-22
3	13	14	7.545478539810497e-22
3	13	15	5.260123001400769e-22
3	13	16	3.292012115707621e-05
3	13	17	2.4800849018902227e-07
3	13	18	5.160639277024259e-11
3	13	19	7.027864656500044e-16
3	13	20	1.5174552081572573e-19
3	13	21	3.141464591649328e-20
3	13	22	1.9093766458708923e-20
3	13	23	1.5489721142769774e-20
3	13	24	1.0101254182891245e-20
3	13	25	5.7731455266004674e-21
3	13	26	5.625782573459935e-21
3	13	27	5.213839358266425e-21
3	13	28	4.136412376609098e-21
3	13	29	1.4912859802690463e-21
3	13	30	9.710265334772714e-22
3	13	31	8.683248710660672e-22
3	13	32	5.810813308926299e-05
3	13	33	2.4479408011757187e-07
3	13	34	2.3688698572166267e-11
3	13	35	5.436760381290532e-16
3	13	36	4.2223023362402435e-19
3	13	37	4.6617556722144495e-20
3	13	38	3.259341383229829e-20
3	13	39	2.2046255177071976e-20
3	13	40	1.4456960298603177e-20
3	13	41	1.0011170659892526e-20
3	13	42	7.68532456991381e-21
3	13	43	7.445896980051623e-21
3	13	44	4.027139717427569e-21
3	13	45	2.2035110049228817e-21
3	13	46	1.357850599913019e-21
3	13	47	9.878270240826209e-22
3	13	48	0.5640865564346313
3	13	49	5.6356591812800616e-05
3	13	50	5.896578780806294e-09
3	13	51	5.6203753131568723e-14
3	13	52	3.4952833626690017e-15
3	13	53	6.354767277986454e-16
3	13	54	5.463011520512719e-16
3	13	55	3.5560407183381974e-16
3	13	56	1.4088951798075974e-16
3	13	57	5.851119634664475e-17
3	13	58	2.435483924843763e-17
3	13	59	1.2369699411967991e-17
3	13	60	5.8202938392390126e-18
3	13	61	5.404281134538637e-18
3	13	62	1.537043026008272e-18
3	13	63	1.0270270349555329e-18
3	13	64	0.16772280633449554
3	13	65	9.904497710522264e-05
3	13	66	4.862698244068042e-09
3	13	67	1.0306384516439379e-13
3	13	68	1.5640817007306134e-15
3	13	69	2.368291415028815e-16
3	13	70	7.457601660682491e-17
3	13	71	5.942268982467408e-17
3	13	72	3.3526781662186885e-17
3	13	73	1.0316467559585803e-17
3	13	74	9.524676215179631e-18
3	13	75	7.505923732270491e-18
3	13	76	6.391021578530694e-18
3	13	77	2.6296962960170776e-18
3	13	78	1.7230152513940018e-18
3	13	79	3.21763306266383e-19
3	13	80	3.141271008644253e-05
3	13	81	2.407352894806536e-07
3	13	82	2.5420653429475415e-11
3	13	83	7.331150626615959e-16
3	13	84	3.293976663323646e-19
3	13	85	3.834449043864978e-20
3	13	86	2.0590267049375195e-20
3	13	87	9.197949527969898e-21
3	13	88	7.650939221149606e-21
3	13	89	5.1408818666805345e-21
3	13	90	3.4289673694134715e-21
3	13	91	2.247781121617416e-21
3	13	92	1.3027380760145397e-21
3	13	93	9.808514237094519e-22
3	13	94	6.27143965266823e-22
3	13	95	4.571823812457924e-22
3	13	96	0.06977862864732742
3	13	97	3.393782026250847e-05
3	13	98	2.0151360580200617e-09
3	13	99	1.6070112363215927e-14
3	13	100	1.6214366573995867e-16
3	13	101	4.415195964382238e-17
3	13	102	2.789369492559057e-17
3	13	103	2.7525601207365696e-18
3	13	104	1.6559541681706793e-18
3	13	105	1.1964834620382993e-18
3	13	106	9.69248675963857e-19
3	13	107	6.455160336047443e-19
3	13	108	3.4168856210853103e-19
3	13	109	3.1294424261746646e-19
3	13	110	3.006536570340297e-19
3	13	111	2.554414640167415e-19
3	13	112	0.19803054630756378
3	13	113	4.690241621574387e-05
3	13	114	1.6400228952662133e-09
3	13	115	7.845991651517226e-15
3	13	116	8.232627145950621e-16
3	13	117	6.50386638487579e-17
3	13	118	5.268785227889695e-18
3	13	119	3.561128755916848e-18
3	13	120	2.9617048804047834e-18
3	13	121	1.588384782460943e-18
3	13	122	1.5409457675358737e-18
3	13	123	9.70268796454288e-19
3	13	124	6.876607824167445e-19
3	13	125	6.599235036226749e-19
3	13	126	5.833349541039667e-19
3	13	127	8.634634684059884e-20
4	13	0	1.8955261111841537e-05
4	13	1	3.4186300013061555e-07
4	13	2	8.082221003569146e-11
4	13	3	1.5907776381292272e-15
4	13	4	2.206996973437553e-19
4	13	5	2.1957381728836542e-20
4	13	6	1.3281989820356382e-20
4	13	7	1.0155285071203584e-20
4	13	8	5.494865893445647e-21
4	13	9	5.462149446190754e-21
4	13	10	2.0550795428416714e-21
4	13	11	1.7108524506749203e-21
4	13	12	1.0559216993696904e-21
4	13	13	9.484771780043567e-22
4	13	14	9.432460078390083e-22
4	13	15	6.99840337582198e-22
4	13	16	1.9128112398902886e-05
4	13	17	2.1274709638419154e-07
4	13	18	4.667818215287056e-11
4	13	19	6.706604647243393e-16
4	13	20	1.402138734443064e-19
4	13	21	5.114003747430746e-20
4	13	22	1.9172304996048845e-20
4	13	23	1.0674559817637251e-20
4	13	24	5.7080288832721414e-21
4	13	25	4.406011863990297e-21
4	13	26	2.609028424239726e-21
4	13	27	1.7226553244299647e-21
4	13	28	1.165699128556365e-21
4	13	29	1.098501810947977e-21
4	13	30	2.3620512461879563e-22
4	13	31	5.513861310633683e-23
4	13	32	4.434531365404837e-05
4	13	33	2.602618280889146e-07
4	13	34	2.0527760047350796e-11
4	13	35	5.893264023652909e-16
4	13	36	4.320200712699543e-19
4	13	37	1.3320541768338895e-19
4	13	38	3.582892756712519e-20
4	13	39	2.864152614408352e-20
4	13	40	8.556745612747786e-21
4	13	41	8.219685669003767e-21
4	13	42	4.8128445731825216e-21
4	13	43	2.302602435935011e-21
4	13	44	1.5255415771915594e-21
4	13	45	1.4747654911088396e-21
4	13	46	8.378467692980848e-22
4	13	47	4.625058418261645e-22
4	13	48	0.5836633443832397
4	13	49	4.822764458367601e-05
4	13	50	6.156749332575373e-09
4	13	51	6.14264159828036e-14
4	13	52	1.1105180462006852e-14
4	13	53	6.056225221770756e-16
4	13	54	3.723990940515372e-16
4	13	55	1.975697334979061e-16
4	13	56	1.175482810395262e-16
4	13	57	1.976466513687062e-17
4	13	58	1.941469329150556e-17
4	13	59	1.472960682209299e-17
4	13	60	3.271347535004821e-18
4	13	61	1.1039882293401963e-18
4	13	62	1.0405486462362075e-18
4	13	63	3.455088957676072e-19
4	13	64	0.17163214087486267
4	13	65	0.0001007622922770679
4	13	66	3.786416957751726e-09
4	13	67	1.1129091355074894e-13
4	13	68	2.1427674105146998e-15
4	13	69	1.72843518278573e-16
4	13	70	7.022259151273793e-17
4	13	71	5.422394239283956e-17
4	13	72	3.5184021475824625e-17
4	13	73	1.6313202745795133e-17
4	13	74	1.3715138456787542e-17
4	13	75	7.865199705165548e-18
4	13	76	4.373053262842254e-18
4	13	77	3.90412705512778e-19
4	13	78	2.490741637034321e-19
4	13	79	9.494680862560263e-20
4	13	80	2.2504978915094398e-05
4	13	81	2.2746827710307116e-07
4	13	82	2.05235065053877e-11
4	13	83	8.357819144950399e-16
4	13	84	1.9454384570921938e-19
4	13	85	2.218656407288915e-20
4	13	86	1.1415464038272577e-20
4	13	87	9.713792767331177e-21
4	13	88	7.011456714018657e-21
4	13	89	4.683478049023203e-21
4	13	90	2.583089768908296e-21
4	13	91	1.8403633679343306e-21
4	13	92	1.5023371011358512e-21
4	13	93	1.3584321103070245e-21
4	13	94	1.1688194331570869e-21
4	13	95	5.0831556257220045e-22
4	13	96	0.05668458342552185
4	13	97	2.9441649530781433e-05
4	13	98	2.093335949027164e-09
4	13	99	2.1306219321389624e-14
4	13	100	2.7854339657278765e-16
4	13	101	2.2965753191416105e-17
4	13	102	1.7148656818834916e-17
4	13	103	4.875978248093882e-18
4	13	104	3.854510280445012e-18
4	13	105	2.054996849014223e-18
4	13	106	7.726193140599354e-19
4	13	107	2.5089344406316594e-19
4	13	108	1.8791955071934746e-19
4	13	109	9.926673998761521e-20
4	13	110	6.157907296059801e-20
4	13	111	5.135159214714217e-20
4	13	112	0.18769153952598572
4	13	113	4.4053282181266695e-05
4	13	114	1.7528630769092501e-09
4	13	115	8.657793957396378e-15
4	13	116	5.527251558023669e-16
4	13	117	1.7156076628929516e-16
4	13	118	3.2146402508293094e-17
4	13	119	1.867406554952763e-17
4	13	120	2.4547109937200067e-18
4	13	121	1.5544203329192094e-18
4	13	122	3.9211767985161465e-19
4	13	123	2.616238119149628e-19
4	13	124	1.8477437738587356e-19
4	13	125	9.282366217537775e-20
4	13	126	8.032593893433037e-20
4	13	127	1.3603718246096544e-21
5	13	0	2.173510983993765e-05
5	13	1	7.0927683282207e-07
5	13	2	1.4916841373224798e-10
5	13	3	2.5493891767341525e-15
5	13	4	2.4023886663499424e-19
5	13	5	3.508804515691617e-20
5	13	6	2.231149096360453e-20
5	13	7	1.5011764229491844e-20
5	13	8	1.1275636587421304e-20
5	13	9	6.7237889040287865e-21
5	13	10	5.472089346032028e-21
5	13	11	1.9482421793160938e-21
5	13	12	1.2835883197681186e-21
5	13	13	1.2519278606536164e-21
5	13	14	1.2394905660259316e-21
5	13	15	5.79038242768036e-22
5	13	16	6.086744906497188e-05
5	13	17	2.8232099680280953e-07
5	13	18	9.572043851990841e-11
5	13	19	1.3145864520509648e-15
5	13	20	2.556774689852605e-19
5	13	21	8.842015325975464e-20
5	13	22	4.5993012741447085e-20
5	13	23	2.948090120832317e-20
5	13	24	1.1489592022736973e-20
5	13	25	9.457367585233305e-21
5	13	26	8.5782587710227e-21
5	13	27	8.001315641844736e-21
5	13	28	5.2168871633945134e-21
5	13	29	3.0623421811192165e-21
5	13	30	6.345658715857299e-22
5	13	31	5.8413738917228665e-22
5	13	32	7.197630475275218e-05
5	13	33	3.8096425214462215e-07
5	13	34	3.794131675505241e-11
5	13	35	1.164287972978096e-15
5	13	36	5.512616462376824e-19
5	13	37	8.601618545391654e-20
5	13	38	5.491507330132354e-20
5	13	39	2.1314058163294764e-20
5	13	40	1.9236636060133316e-20
5	13	41	1.722128319906889e-20
5	13	42	1.2184402734648776e-20
5	13	43	6.419073822498864e-21
5	13	44	2.954656836296737e-21
5	13	45	1.9818469975462357e-21
5	13	46	1.3656448990662882e-21
5	13	47	1.2468180614717016e-21
5	13	48	0.520287275314331
5	13	49	5.120773857925087e-05
5	13	50	8.449823063472195e-09
5	13	51	1.158248708532303e-13
5	13	52	4.0481292736059115e-15
5	13	53	3.9050738791441327e-16
5	13	54	3.0174095555034316e-16
5	13	55	1.520611016965457e-16
5	13	56	1.41258599352636e-16
5	13	57	5.0014939724981884e-17
5	13	58	2.5199190476146033e-17
5	13	59	2.2064346353776244e-17
5	13	60	1.1091932840242015e-17
5	13	61	6.50126945134268e-18
5	13	62	5.901043210636439e-18
5	13	63	1.130019577367846e-19
5	13	64	0.23047441244125366
5	13	65	0.00011986234312644228
5	13	66	8.901809067651811e-09
5	13	67	2.302532079931363e-13
5	13	68	4.180849172045293e-15
5	13	69	2.020856367166332e-16
5	13	70	1.6026031445151833e-16
5	13	71	9.298601963504601e-17
5	13	72	3.997085943238734e-17
5	13	73	1.8033151121670518e-17
5	13	74	1.1543769496501143e-17
5	13	75	9.998611001503114e-18
5	13	76	8.068812694487314e-18
5	13	77	1.0032599646077764e-18
5	13	78	2.2285093562306432e-19
5	13	79	6.914473179929796e-20
5	13	80	3.363129508215934e-05
5	13	81	2.482010756921227e-07
5	13	82	4.8067751168279216e-11
5	13	83	1.5318419326922203e-15
5	13	84	2.8222259957088215e-19
5	13	85	4.271675389910341e-20
5	13	86	3.1056686737585223e-20
5	13	87	1.0294171442549364e-20
5	13	88	6.689942757470519e-21
5	13	89	3.2634173480099266e-21
5	13	90	2.7838527235853815e-21
5	13	91	2.5641896208740615e-21
5	13	92	1.518323941670894e-21
5	13	93	1.3830771852151856e-21
5	13	94	9.052281123784427e-22
5	13	95	3.299691065698161e-22
5	13	96	0.07487909495830536
5	13	97	3.0194416467566043e-05
5	13	98	4.224889327275605e-09
5	13	99	3.2973085118412696e-14
5	13	100	1.1855942397333307e-15
5	13	101	5.3032921424771406e-17
5	13	102	1.093994915603336e-17
5	13	103	5.150368946528747e-18
5	13	104	1.021631232422273e-18
5	13	105	8.761281981202405e-19
5	13	106	4.608710195118558e-19
5	13	107	4.1307794543521966e-19
5	13	108	4.089697270735809e-19
5	13	109	3.0368881534603406e-19
5	13	110	2.221928100482018e-19
5	13	111	1.6925222979373943e-19
5	13	112	0.17393355071544647
5	13	113	3.6991434171795845e-05
5	13	114	2.150339462048123e-09
5	13	115	1.3594323149818122e-14
5	13	116	3.2489608347119716e-16
5	13	117	3.5622175737571514e-17
5	13	118	3.467038532882105e-17
5	13	119	1.2042958934106482e-17
5	13	120	2.3816579175369267e-18
5	13	121	1.4618115696820335e-18
5	13	122	1.3420358169843551e-18
5	13	123	7.046872613503829e-19
5	13	124	4.691201298693291e-19
5	13	125	2.977348985438481e-19
5	13	126	2.5188334661184463e-19
5	13	127	8.55273023248521e-20
6	13	0	2.1690271751140244e-05
6	13	1	1.590046849742066e-07
6	13	2	1.4225147448865272e-10
6	13	3	2.2613259768671738e-15
6	13	4	1.2693750829055666e-19
6	13	5	3.6444808769610666e-20
6	13	6	2.006876683166459e-20
6	13	7	6.7637031958619544e-21
6	13	8	3.1766140727381845e-21
6	13	9	2.2833640243446177e-21
6	13	10	1.2715316978588572e-21
6	13	11	9.5831983969501e-22
6	13	12	8.957646087932749e-22
6	13	13	8.014999462920415e-22
6	13	14	6.223674314183715e-22
6	13	15	4.946281569125683e-22
6	13	16	3.334458597237244e-05
6	13	17	1.7554300768551911e-07
6	13	18	7.956443837109362e-11
6	13	19	1.1048694587611541e-15
6	13	20	2.869099477588846e-19
6	13	21	8.388085101435358e-20
6	13	22	2.4578691240622945e-20
6	13	23	1.4149108554652802e-20
6	13	24	9.1143808600886e-21
6	13	25	6.081303424312715e-21
6	13	26	5.725191669292266e-21
6	13	27	4.99344540432541e-21
6	13	28	3.549822172757877e-21
6	13	29	1.7191741380532095e-21
6	13	30	1.5311550356624652e-21
6	13	31	7.232691278140276e-22
6	13	32	8.408895519096404e-05
6	13	33	2.031818837622268e-07
6	13	34	3.769366416217501e-11
6	13	35	1.0590101420847407e-15
6	13	36	9.509393432977255e-19
6	13	37	6.290993548036194e-20
6	13	38	4.3241942502240694e-20
6	13	39	2.3308880143061683e-20
6	13	40	1.760449562046682e-20
6	13	41	1.1912497804427512e-20
6	13	42	1.1677820848532536e-20
6	13	43	9.281182153727345e-21
6	13	44	7.171380453228421e-21
6	13	45	4.007636753444001e-21
6	13	46	3.2719579474448582e-21
6	13	47	6.006160750154039e-22
6	13	48	0.46008601784706116
6	13	49	4.162897675996646e-05
6	13	50	9.457347793784265e-09
6	13	51	7.430347840915036e-14
6	13	52	2.0845135666002325e-15
6	13	53	4.2346604869700894e-16
6	13	54	3.190235511083239e-16
6	13	55	1.1183481881716934e-16
6	13	56	6.907809118231976e-17
6	13	57	5.459645821861914e-17
6	13	58	1.6479550421340772e-17
6	13	59	4.261539803693061e-18
6	13	60	3.0897234879065527e-18
6	13	61	2.7146969621727204e-18
6	13	62	1.8196664462847244e-18
6	13	63	2.664854367182725e-19
6	13	64	0.248147115111351
6	13	65	0.00011245239875279367
6	13	66	9.635482633996162e-09
6	13	67	1.8989473079926433e-13
6	13	68	4.355329488850207e-15
6	13	69	2.494661583918664e-16
6	13	70	5.837388436496095e-17
6	13	71	5.760855039244728e-17
6	13	72	4.612869300597505e-17
6	13	73	2.680821227751683e-17
6	13	74	1.4248427587964767e-17
6	13	75	6.602736801952416e-18
6	13	76	3.7590164146288275e-18
6	13	77	1.7800945393704938e-18
6	13	78	1.400801416037113e-18
6	13	79	1.0144890706701545e-19
6	13	80	4.511338920565322e-05
6	13	81	3.3812406741162704e-07
6	13	82	4.4952836592004886e-11
6	13	83	1.2755697851598267e-15
6	13	84	3.003250336862989e-19
6	13	85	3.393543682798315e-20
6	13	86	3.128030338396157e-20
6	13	87	2.30642689418804e-20
6	13	88	1.5743040358602737e-20
6	13	89	7.502709909408524e-21
6	13	90	6.5548465535408505e-21
6	13	91	3.905359586552227e-21
6	13	92	3.4786446542967526e-21
6	13	93	3.3684351565259576e-21
6	13	94	1.3077139834127331e-21
6	13	95	4.404586310293029e-22
6	13	96	0.09350182861089706
6	13	97	3.3860917028505355e-05
6	13	98	4.3159493756661504e-09
6	13	99	2.8938138642081376e-14
6	13	100	3.3965253561288994e-16
6	13	101	1.2108537151325196e-16
6	13	102	7.188314004882588e-17
6	13	103	6.351738357650244e-18
6	13	104	4.3762060617469996e-18
6	13	105	1.03693117862236e-18
6	13	106	8.523428264014314e-19
6	13	107	8.072996884218336e-19
6	13	108	6.824532151716286e-19
6	13	109	2.944208769678368e-19
6	13	110	1.8828566861328167e-19
6	13	111	5.988918820559192e-20
6	13	112	0.19784848392009735
6	13	113	4.329986768425442e-05
6	13	114	2.492517081620349e-09
6	13	115	1.2353014153308837e-14
6	13	116	8.550613902261726e-16
6	13	117	6.515202729734707e-17
6	13	118	2.2408855498376004e-17
6	13	119	6.9332206856760334e-18
6	13	120	2.1618671365900023e-18
6	13	121	1.6756765321182046e-18
6	13	122	7.135196374372827e-19
6	13	123	5.712625115576967e-19
6	13	124	5.367478835110387e-19
6	13	125	3.261137851499232e-19
6	13	126	2.986933423798556e-19
6	13	127	4.437177105258583e-20
7	13	0	1.604940371180419e-05
7	13	1	4.002130538083293e-07
7	13	2	5.0794451977864696e-11
7	13	3	7.055400638824097e-16
7	13	4	2.7299876025909163e-19
7	13	5	1.7447882219294402e-20
7	13	6	9.773581608188709e-21
7	13	7	9.473260115869407e-21
7	13	8	7.250786560859244e-21
7	13	9	3.1464385401481214e-21
7	13	10	2.4573716443940906e-21
7	13	11	2.291998529781707e-21
7	13	12	3.454333551541426e-22
7	13	13	3.4164076435732964e-22
7	13	14	2.6358081946227384e-22
7	13	15	1.747602312183772e-22
7	13	16	2.3566699383081868e-05
7	13	17	2.4813317622829345e-07
7	13	18	2.5467246367316676e-11
7	13	19	3.70352583041632e-16
7	13	20	3.0516778843188473e-19
7	13	21	2.092422021906074e-20
7	13	22	1.690315308977269e-20
7	13	23	1.2992791645453931e-20
7	13	24	7.554218058411289e-21
7	13	25	5.042694154721426e-21
7	13	26	2.2554032597667296e-21
7	13	27	4.597776200279992e-22
7	13	28	3.266362260432425e-22
7	13	29	1.0158331008309048e-22
7	13	30	5.2917045113158764e-23
7	13	31	3.641095187561143e-24
7	13	32	5.8841906138695776e-05
7	13	33	2.382236630182888e-07
7	13	34	1.2795194591352921e-11
7	13	35	3.0073888910396173e-16
7	13	36	4.322026972395695e-19
7	13	37	7.297117237774023e-20
7	13	38	5.672145481338036e-20
7	13	39	2.6305183584495904e-20
7	13	40	2.4257455972855403e-20
7	13	41	2.404033237117017e-20
7	13	42	1.608750130700712e-20
7	13	43	7.061951082094905e-21
7	13	44	3.23237969773554e-21
7	13	45	2.75578108934043e-21
7	13	46	2.418551912844135e-21
7	13	47	4.011880749383443e-22
7	13	48	0.5561913251876831
7	13	49	5.1482522394508123e-05
7	13	50	2.753694605672763e-09
7	13	51	2.947958243075706e-14
7	13	52	2.8113300922660454e-15
7	13	53	1.765542028608826e-15
7	13	54	3.839611996606768e-16
7	13	55	2.636453311102258e-16
7	13	56	1.7152329831626896e-16
7	13	57	4.73017178326365e-17
7	13	58	3.379704142064266e-17
7	13	59	3.1377287079609145e-18
7	13	60	3.135879338906399e-18
7	13	61	9.673088340298436e-19
7	13	62	4.590046415559947e-19
7	13	63	6.783308184173028e-20
7	13	64	0.19051584601402283
7	13	65	0.00010804607882164419
7	13	66	2.227308559810126e-09
7	13	67	5.1907629128149224e-14
7	13	68	4.623886366974866e-15
7	13	69	2.2170941810593502e-16
7	13	70	8.724755670585534e-17
7	13	71	5.721939169274314e-17
7	13	72	4.836977343956497e-17
7	13	73	2.0696451009687103e-17
7	13	74	1.6035316382091618e-17
7	13	75	1.1352509622447245e-17
7	13	76	2.1528198486402036e-18
7	13	77	1.644553137787861e-18
7	13	78	1.0042773967612167e-18
7	13	79	1.417948094653513e-19
7	13	80	2.649079578986857e-05
7	13	81	1.9499196923788986e-07
7	13	82	1.1582278539035151e-11
7	13	83	3.6613944116198913e-16
7	13	84	1.442659081477769e-19
7	13	85	1.4461695584492616e-20
7	13	86	9.207398289322469e-21
7	13	87	6.732556695404422e-21
7	13	88	5.429178543962273e-21
7	13	89	3.586493173419755e-21
7	13	90	1.72936243441632e-21
7	13	91	1.719289652533283e-21
7	13	92	1.2181169540897073e-21
7	13	93	1.0049908198447045e-21
7	13	94	7.678092495083135e-22
7	13	95	5.4527247166967995e-22
7	13	96	0.060324620455503464
7	13	97	3.1590258004143834e-05
7	13	98	1.1668427335465026e-09
7	13	99	1.1612365156097888e-14
7	13	100	3.144691078904967e-16
7	13	101	9.886525546960341e-17
7	13	102	1.406963249856143e-17
7	13	103	3.794449936938455e-18
7	13	104	1.5466544511358319e-18
7	13	105	1.0929534331735858e-18
7	13	106	4.856378410274591e-19
7	13	107	2.677507387121431e-19
7	13	108	2.5591169034558373e-19
7	13	109	2.0189361687039153e-19
7	13	110	7.144123721133805e-20
7	13	111	1.663243723168197e-20
7	13	112	0.1926059126853943
7	13	113	4.3860607547685504e-05
7	13	114	8.419807628889941e-10
7	13	115	3.858781834510791e-15
7	13	116	4.341149998494492e-16
7	13	117	1.813857661422938e-16
7	13	118	6.589200818408598e-18
7	13	119	3.511375082842702e-18
7	13	120	2.0851738453262295e-18
7	13	121	9.66396143621468e-19
7	13	122	5.6112324180175135e-19
7	13	123	4.949289921615961e-19
7	13	124	4.6634954010637105e-19
7	13	125	4.572742314133221e-19
7	13	126	2.6810097215337687e-19
7	13	127	6.410865589727053e-20
0	14	0	1.2737280485453084e-05
0	14	1	4.845011858378712e-07
0	14	2	5.394440796835376e-11
0	14	3	1.2864764990260283e-15
0	14	4	7.491679165134445e-20
0	14	5	1.132349916405644e-20
0	14	6	8.365611153491918e-21
0	14	7	7.01854025580721e-21
0	14	8	5.572891077973775e-21
0	14	9	4.2506440804981105e-21
0	14	10	3.4211883173637785e-21
0	14	11	1.8913555387962086e-21
0	14	12	1.2078719102285189e-21
0	14	13	7.549200448670202e-22
0	14	14	5.760253747117179e-22
0	14	15	4.714079793694026e-22
0	14	16	2.637120633153245e-05
0	14	17	2.840488662059215e-07
0	14	18	2.3401721532811948e-11
0	14	19	5.668693354720928e-16
0	14	20	1.298027456101667e-19
0	14	21	4.383308260335774e-20
0	14	22	2.3290386517140014e-20
0	14	23	2.163054360488866e-20
0	14	24	1.06417714767549e-20
0	14	25	8.979727327033618e-21
0	14	26	3.620369612236783e-21
0	14	27	3.555635459162406e-21
0	14	28	1.9961501943393707e-21
0	14	29	1.575837833895513e-21
0	14	30	8.000890338531739e-22
0	14	31	3.017181421530026e-22
0	14	32	5.3420226322487e-05
0	14	33	2.2858125703351106e-07
0	14	34	1.4303459458520074e-11
0	14	35	4.805076561150573e-16
0	14	36	2.0751167249448684e-19
0	14	37	3.6797772553100725e-20
0	14	38	2.8899215523113663e-20
0	14	39	2.0406098194047104e-20
0	14	40	1.3729374170506095e-20
0	14	41	9.847658701658387e-21
0	14	42	7.999310698211575e-21
0	14	43	2.270364606368534e-21
0	14	44	2.0477482103764583e-21
0	14	45	1.925426857811262e-21
0	14	46	1.6594712262363619e-21
0	14	47	1.4599225872387886e-21
0	14	48	0.5515072345733643
0	14	49	5.8554549468681216e-05
0	14	50	2.4429200884412694e-09
0	14	51	4.766234743035572e-14
0	14	52	2.3435589000019366e-15
0	14	53	1.0119590500515404e-15
0	14	54	2.7858418650315386e-16
0	14	55	1.7087421961576595e-16
0	14	56	1.2155028672217617e-16
0	14	57	5.91093604260839e-17
0	14	58	2.5022456720829178e-17
0	14	59	1.2207466959969803e-17
0	14	60	8.617402185454932e-18
0	14	61	2.8784960942510835e-18
0	14	62	1.976231263520852e-18
0	14	63	9.579113384882052e-19
0	14	64	0.1879562884569168
0	14	65	0.00013220160326454788
0	14	66	2.1307864361830298e-09
0	14	67	7.002857088699369e-14
0	14	68	2.4946187558152685e-15
0	14	69	1.2697959586050882e-16
0	14	70	1.0178475304566237e-16
0	14	71	7.687497652223639e-17
0	14	72	5.756105699039694e-17
0	14	73	2.3067024913810972e-17
0	14	74	1.9660582654754297e-17
0	14	75	1.6061021846807316e-17
0	14	76	2.5749677519438847e-18
0	14	77	1.4697327546254179e-18
0	14	78	1.0196390713145155e-18
0	14	79	9.678814498088835e-19
0	14	80	2.5458572054049e-05
0	14	81	1.9156836117417697e-07
0	14	82	1.2569361350356356e-11
0	14	83	5.084106684030676e-16
0	14	84	1.482539009772599e-19
0	14	85	2.3656774214125587e-20
0	14	86	1.2022283412524052e-20
0	14	87	6.492700974951753e-21
0	14	88	4.7342321227312234e-21
0	14	89	2.4103217080873024e-21
0	14	90	2.286449593821961e-21
0	14	91	2.014767816573566e-21
0	14	92	1.7522938762464002e-21
0	14	93	1.251929678189142e-21
0	14	94	7.599639583861309e-22
0	14	95	7.419413266010896e-22
0	14	96	0.06324156373739243
0	14	97	3.097182707278989e-05
0	14	98	1.194380705449305e-09
0	14	99	1.97746143461644e-14
0	14	100	3.329286557286873e-16
0	14	101	4.167810727713759e-17
0	14	102	1.805072870968727e-17
0	14	103	5.922545357069449e-18
0	14	104	3.2673369498048576e-18
0	14	105	1.1930080626946577e-18
0	14	106	9.188733766593777e-19
0	14	107	7.64698129116551e-19
0	14	108	4.792200568473899e-19
0	14	109	3.6644698257103813e-19
0	14	110	1.5652215281109561e-19
0	14	111	1.5298388774090004e-20
0	14	112	0.19690871238708496
0	14	113	4.45191326434724e-05
0	14	114	8.272712515022818e-10
0	14	115	7.04809889718141e-15
0	14	116	5.034213796459438e-16
0	14	117	1.3593733985463747e-16
0	14	118	2.2801537987489627e-17
0	14	119	1.291514644378852e-17
0	14	120	3.3957705951789754e-18
0	14	121	2.8498315976891303e-18
0	14	122	1.156887256693575e-18
0	14	123	5.314948213322324e-19
0	14	124	3.162796933412217e-19
0	14	125	2.2963797839845606e-19
0	14	126	1.3345165901198833e-19
0	14	127	1.2343572964019292e-19
1	14	0	1.660677844483871e-05
1	14	1	2.0969996228359378e-07
1	14	2	1.8254818490159863e-10
1	14	3	4.307600029305374e-15
1	14	4	1.2411627956447385e-19
1	14	5	4.047822544695019e-20
1	14	6	1.2053030459062729e-20
1	14	7	5.848077669560758e-21
1	14	8	3.92023470119076e-21
1	14	9	2.4369776841061804e-21
1	14	10	2.0811932874287367e-21
1	14	11	9.288432504887472e-22
1	14	12	8.419378903049823e-22
1	14	13	7.935423718640533e-22
1	14	14	7.524275473291094e-22
1	14	15	4.266784300836677e-22
1	14	16	3.6986966733820736e-05
1	14	17	2.4737465764701483e-07
1	14	18	9.70260607968676e-11
1	14	19	2.0689575947656705e-15
1	14	20	3.5850457527506295e-19
1	14	21	5.661837389188947e-20
1	14	22	3.018037612029052e-20
1	14	23	1.7836258057172254e-20
1	14	24	9.926103534944543e-21
1	14	25	8.813963240334832e-21
1	14	26	7.018441704992042e-21
1	14	27	3.498994589835264e-21
1	14	28	3.390093111797747e-21
1	14	29	3.38594650547022e-21
1	14	30	2.918546040473536e-21
1	14	31	1.1206382829339862e-21
1	14	32	7.190103497123346e-05
1	14	33	2.1931698768185015e-07
1	14	34	4.704086078999303e-11
1	14	35	1.987076402062255e-15
1	14	36	6.112509039103477e-19
1	14	37	6.260086719929975e-20
1	14	38	3.757044002458195e-20
1	14	39	3.0718179227769236e-20
1	14	40	2.7217140516312814e-20
1	14	41	1.3685039228377813e-20
1	14	42	1.1154066078976584e-20
1	14	43	7.087953957014907e-21
1	14	44	6.314393469745425e-21
1	14	45	4.516005478930326e-21
1	14	46	4.435640116438754e-21
1	14	47	1.1244421828407364e-21
1	14	48	0.4759947657585144
1	14	49	5.462055923999287e-05
1	14	50	1.1016516587858405e-08
1	14	51	1.3755094068965135e-13
1	14	52	3.707912984627065e-15
1	14	53	4.875707462248557e-16
1	14	54	3.4996190596282004e-16
1	14	55	1.0132721628780214e-16
1	14	56	9.421124617580446e-17
1	14	57	2.001807191752624e-17
1	14	58	1.7276416518804956e-17
1	14	59	1.6772761133072443e-17
1	14	60	3.994253345949108e-18
1	14	61	3.552838338227535e-18
1	14	62	3.2367655951358165e-18
1	14	63	4.841988569543466e-19
1	14	64	0.23356926441192627
1	14	65	0.0001466896792408079
1	14	66	1.0492145818830068e-08
1	14	67	3.3691306038433066e-13
1	14	68	2.5443266725666503e-15
1	14	69	2.7255299428134803e-16
1	14	70	2.1004066575478018e-16
1	14	71	1.0443842786007128e-16
1	14	72	2.880505274599944e-17
1	14	73	2.7487972761300658e-17
1	14	74	1.4457057427701667e-17
1	14	75	1.0380902447761846e-17
1	14	76	9.606629134368323e-18
1	14	77	2.5037313711811243e-18
1	14	78	2.4166997698265106e-18
1	14	79	3.7530112384780574e-19
1	14	80	4.6363107685465366e-05
1	14	81	3.823140559688909e-07
1	14	82	5.4795085135950217e-11
1	14	83	2.365774033109575e-15
1	14	84	2.1201994900456862e-19
1	14	85	5.78713328000571e-20
1	14	86	3.924374239324576e-20
1	14	87	2.4645337441070283e-20
1	14	88	1.7341036979781547e-20
1	14	89	1.0400658021718496e-20
1	14	90	5.404006888622659e-21
1	14	91	3.979626511510137e-21
1	14	92	2.527469546752991e-21
1	14	93	1.7010399802688317e-21
1	14	94	1.247763785790204e-21
1	14	95	5.767109390145657e-22
1	14	96	0.08669117838144302
1	14	97	3.972016565967351e-05
1	14	98	5.332846164662897e-09
1	14	99	5.5364018220187966e-14
1	14	100	9.09959977817888e-16
1	14	101	1.0456131381187216e-16
1	14	102	1.1517522228484223e-17
1	14	103	4.279443300871159e-18
1	14	104	2.2477148356928994e-18
1	14	105	6.019975962892349e-19
1	14	106	2.434134307296079e-19
1	14	107	2.37533830935581e-19
1	14	108	1.7140027567287186e-19
1	14	109	9.100187442441213e-20
1	14	110	8.810368558961921e-20
1	14	111	8.35362139669516e-20
1	14	112	0.2032778263092041
1	14	113	5.206272908253595e-05
1	14	114	3.1089175678289394e-09
1	14	115	2.3888705887021265e-14
1	14	116	3.689559580605077e-16
1	14	117	1.9700529191767952e-16
1	14	118	4.195763145845396e-17
1	14	119	1.5612966233128168e-17
1	14	120	2.0549887840032507e-18
1	14	121	1.8140796684275412e-18
1	14	122	4.657382019349061e-19
1	14	123	4.427530757599537e-19
1	14	124	4.247472666798408e-19
1	14	125	2.0057364340791003e-19
1	14	126	1.2498571101175244e-19
1	14	127	2.0568190051190552e-20
2	14	0	1.0367970389779657e-05
2	14	1	4.336393146786577e-07
2	14	2	9.105862591729519e-11
2	14	3	2.7989716698073683e-15
2	14	4	1.0957673206717322e-19
2	14	5	2.021935409282759e-20
2	14	6	9.61152448616864e-21
2	14	7	5.6916710635414785e-21
2	14	8	4.458115760748685e-21
2	14	9	3.640013132301e-21
2	14	10	1.9793963538125123e-21
2	14	11	9.801175432538811e-22
2	14	12	6.492456011552577e-22
2	14	13	6.352172561232762e-22
2	14	14	4.776391979706306e-22
2	14	15	3.2491105666328383e-22
2	14	16	2.0544674043776467e-05
2	14	17	2.9529343237300054e-07
2	14	18	3.931553346769867e-11
2	14	19	1.3694656108244525e-15
2	14	20	2.8824861033333096e-19
2	14	21	4.8819030067794755e-20
2	14	22	1.7504561862712757e-20
2	14	23	8.895661058315082e-21
2	14	24	5.852591620012854e-21
2	14	25	5.033284975253636e-21
2	14	26	4.477105371920459e-21
2	14	27	1.4464858500203995e-21
2	14	28	1.1446639821246912e-21
2	14	29	1.0442183861717721e-21
2	14	30	1.005254968341096e-21
2	14	31	2.688372836636873e-22
2	14	32	4.670783891924657e-05
2	14	33	3.06593165078084e-07
2	14	34	2.1458886750869155e-11
2	14	35	1.1629642722397744e-15
2	14	36	3.901155150283242e-19
2	14	37	3.0994299224822825e-20
2	14	38	2.5650715698904535e-20
2	14	39	1.9064792519049692e-20
2	14	40	8.018573343608977e-21
2	14	41	4.819925691590373e-21
2	14	42	3.875505151905025e-21
2	14	43	2.3891147035742607e-21
2	14	44	1.8185672799625934e-21
2	14	45	1.6839292969337748e-21
2	14	46	7.330812448104307e-22
2	14	47	4.472719658697116e-22
2	14	48	0.5725433230400085
2	14	49	4.5339045755099505e-05
2	14	50	5.046024487143086e-09
2	14	51	1.0151166067668208e-13
2	14	52	1.2442663061655048e-15
2	14	53	1.2342470710697889e-15
2	14	54	1.0165030641762045e-15
2	14	55	3.533880483553453e-16
2	14	56	9.568725402595428e-17
2	14	57	5.180467402041592e-17
2	14	58	3.22837409597565e-17
2	14	59	2.0550175698885675e-17
2	14	60	5.835997035987719e-18
2	14	61	1.1313369917403073e-18
2	14	62	3.708093521758838e-19
2	14	63	1.423059553851208e-20
2	14	64	0.18044748902320862
2	14	65	8.164814789779484e-05
2	14	66	3.9631862236433335e-09
2	14	67	1.6688472164513163e-13
2	14	68	2.841245390138936e-15
2	14	69	1.9494010647826533e-16
2	14	70	7.713453256356573e-17
2	14	71	6.403886718597731e-17
2	14	72	3.8825459129462715e-17
2	14	73	1.9777660144293827e-17
2	14	74	1.6023514169111712e-17
2	14	75	7.465102369041e-18
2	14	76	2.5975109051777924e-18
2	14	77	1.5784792946256205e-18
2	14	78	3.999111946373303e-19
2	14	79	5.471743529606019e-20
2	14	80	2.9878616260248236e-05
2	14	81	2.2790895570778957e-07
2	14	82	2.4067971574059932e-11
2	14	83	1.3148180096829204e-15
2	14	84	2.0771961794566443e-19
2	14	85	2.64066537656143e-20
2	14	86	1.9210912681787477e-20
2	14	87	1.6553674127730437e-20
2	14	88	7.397022238077103e-21
2	14	89	5.3488414542455446e-21
2	14	90	5.320758914787439e-21
2	14	91	2.4502824480505697e-21
2	14	92	1.105085631441177e-21
2	14	93	8.583856780441639e-22
2	14	94	8.150643653811061e-22
2	14	95	7.63383096119525e-22
2	14	96	0.05797598510980606
2	14	97	2.6610523491399363e-05
2	14	98	1.4696358574539659e-09
2	14	99	3.53981573870607e-14
2	14	100	1.169788763756243e-16
2	14	101	4.175063116452379e-17
2	14	102	1.146262886867398e-17
2	14	103	6.0281465427904185e-18
2	14	104	3.559955813808248e-18
2	14	105	1.6005686358959663e-18
2	14	106	5.100195065703425e-19
2	14	107	4.636460553706063e-19
2	14	108	4.477246380365505e-19
2	14	109	2.163024181321205e-19
2	14	110	1.970574795697061e-19
2	14	111	1.025568379493478e-19
2	14	112	0.1887335330247879
2	14	113	3.783704596571624e-05
2	14	114	7.963929515852897e-10
2	14	115	1.46305934218844e-14
2	14	116	1.236494884753565e-15
2	14	117	4.521461872443455e-17
2	14	118	2.5061880148823455e-17
2	14	119	1.3561483040560917e-17
2	14	120	2.0051598374933626e-18
2	14	121	1.1101407987363657e-18
2	14	122	1.074819566194892e-18
2	14	123	1.055381028595049e-18
2	14	124	6.31174221047935e-19
2	14	125	2.511100361366841e-19
2	14	126	2.487149863718251e-19
2	14	127	2.063535929797249e-21
3	14	0	2.3851380319683813e-05
3	14	1	4.672981503972551e-07
3	14	2	1.4892927169274373e-10
3	14	3	3.8801685693960145e-15
3	14	4	2.140331644438549e-19
3	14	5	3.515760910772732e-20
3	14	6	2.1241427828103487e-20
3	14	7	1.7009271315075293e-20
3	14	8	7.766928683840294e-21
3	14	9	7.216864885602467e-21
3	14	10	3.3734840682677638e-21
3	14	11	2.6576448742212147e-21
3	14	12	1.5402154502577268e-21
3	14	13	1.5251299053950044e-21
3	14	14	5.042340341139104e-22
3	14	15	4.780269893698628e-22
3	14	16	3.42630737577565e-05
3	14	17	3.0137871931401605e-07
3	14	18	7.992396328093676e-11
3	14	19	1.7942279640378953e-15
3	14	20	2.949951212587076e-19
3	14	21	7.155454156821221e-20
3	14	22	2.3825830867403246e-20
3	14	23	1.688695844434255e-20
3	14	24	1.3896272399372873e-20
3	14	25	5.716782538260355e-21
3	14	26	5.37478657192551e-21
3	14	27	4.563710939716691e-21
3	14	28	3.622766335749913e-21
3	14	29	2.47547692355845e-21
3	14	30	1.5991125879915455e-21
3	14	31	1.0417739018639967e-21
3	14	32	6.38234632788226e-05
3	14	33	2.7403532953940157e-07
3	14	34	3.77306727528115e-11
3	14	35	1.3867500592670053e-15
3	14	36	5.791307052430893e-19
3	14	37	6.755995714322293e-20
3	14	38	3.3791866061742646e-20
3	14	39	2.2874078793304293e-20
3	14	40	1.2999757249381709e-20
3	14	41	1.2819807499853779e-20
3	14	42	1.0530069782317563e-20
3	14	43	6.6289551509596395e-21
3	14	44	5.745302901831745e-21
3	14	45	2.8657310834278435e-21
3	14	46	1.688095896152084e-21
3	14	47	3.1107943460840276e-22
3	14	48	0.5676599740982056
3	14	49	6.979217869229615e-05
3	14	50	9.092978814351227e-09
3	14	51	1.3487054897377837e-13
3	14	52	3.3834525672583318e-15
3	14	53	6.940855314575714e-16
3	14	54	3.9712282111158776e-16
3	14	55	2.892080443045317e-16
3	14	56	1.1658204143983567e-16
3	14	57	5.566284953815515e-17
3	14	58	3.1719150487019655e-17
3	14	59	2.0951098561261552e-17
3	14	60	8.047252231821119e-18
3	14	61	6.852989956522678e-18
3	14	62	3.3795481358007386e-18
3	14	63	1.39202730448461e-18
3	14	64	0.16379833221435547
3	14	65	0.0001239884295500815
3	14	66	7.558665693352395e-09
3	14	67	2.365649993604779e-13
3	14	68	1.6948801049291489e-15
3	14	69	1.7104635259251579e-16
3	14	70	9.376570684554869e-17
3	14	71	3.4793092609609614e-17
3	14	72	3.127180790302853e-17
3	14	73	2.4200679252037346e-17
3	14	74	1.9680984237382305e-17
3	14	75	1.0973303559873335e-17
3	14	76	7.020912997544924e-18
3	14	77	1.6571288680380812e-18
3	14	78	8.92441233775552e-19
3	14	79	2.3791193002370014e-19
3	14	80	3.447833296377212e-05
3	14	81	2.686141442609369e-07
3	14	82	4.056101635119269e-11
3	14	83	1.788713567793033e-15
3	14	84	2.289362190462814e-19
3	14	85	5.687606650209388e-20
3	14	86	3.3049219430383417e-20
3	14	87	1.76459370460383e-20
3	14	88	8.270497499951824e-21
3	14	89	5.878336404888217e-21
3	14	90	4.5832405608879685e-21
3	14	91	3.2923149511770806e-21
3	14	92	1.813044597293773e-21
3	14	93	1.6275425796576335e-21
3	14	94	5.064647560490326e-22
3	14	95	3.843440392110266e-22
3	14	96	0.0702386349439621
3	14	97	4.0242073737317696e-05
3	14	98	3.1769924468960653e-09
3	14	99	3.8991925058748725e-14
3	14	100	6.856122903092722e-16
3	14	101	2.569027602529019e-17
3	14	102	9.809775593824608e-18
3	14	103	1.8359358481627236e-18
3	14	104	1.564242068717511e-18
3	14	105	3.1710529714073203e-19
3	14	106	2.1095597501697522e-19
3	14	107	1.4719786275366818e-19
3	14	108	1.4184688306985093e-19
3	14	109	1.2910505753756945e-19
3	14	110	8.281484138697147e-20
3	14	111	1.1783752473521175e-20
3	14	112	0.19785533845424652
3	14	113	5.573093221755698e-05
3	14	114	2.649618302541512e-09
3	14	115	1.88613163173805e-14
3	14	116	3.164545795886404e-16
3	14	117	1.0168332746767356e-16
3	14	118	4.371067863936004e-17
3	14	119	3.451744459664367e-18
3	14	120	1.5978112293240208e-18
3	14	121	1.1735235131732415e-18
3	14	122	8.409298535985192e-19
3	14	123	8.173231528920215e-19
3	14	124	7.39139075369275e-19
3	14	125	6.999871694110683e-19
3	14	126	4.72451703183963e-19
3	14	127	6.861224074231548e-20
4	14	0	2.183492324547842e-05
4	14	1	3.5820241350847937e-07
4	14	2	1.2824405426492547e-10
4	14	3	3.897620836241242e-15
4	14	4	9.494075986737333e-20
4	14	5	4.8849596976368004e-20
4	14	6	1.9578899810035604e-20
4	14	7	1.0687354459944114e-20
4	14	8	6.783177483173896e-21
4	14	9	4.542732540783095e-21
4	14	10	2.9863807072062445e-21
4	14	11	1.958639088367868e-21
4	14	12	1.468576883618268e-21
4	14	13	1.2443004718461176e-21
4	14	14	8.566154994163969e-22
4	14	15	6.859035256587712e-22
4	14	16	2.035081706708297e-05
4	14	17	2.5171112838506815e-07
4	14	18	7.206647778534858e-11
4	14	19	1.717196140836629e-15
4	14	20	1.51408922929902e-19
4	14	21	3.7530835521581704e-20
4	14	22	1.7449850004423483e-20
4	14	23	5.9582401133562785e-21
4	14	24	5.799060352021672e-21
4	14	25	3.959823856113232e-21
4	14	26	3.427305738046263e-21
4	14	27	1.788690832940692e-21
4	14	28	9.903723816120687e-22
4	14	29	8.199382383543746e-22
4	14	30	7.369667318674424e-22
4	14	31	1.6185676397191744e-22
4	14	32	4.886174065177329e-05
4	14	33	2.915352297350182e-07
4	14	34	3.241336365977787e-11
4	14	35	1.492100840872943e-15
4	14	36	3.595791087401635e-19
4	14	37	4.013708129893169e-20
4	14	38	1.9990136205858036e-20
4	14	39	1.8585308875930234e-20
4	14	40	1.5259559752914028e-20
4	14	41	8.108712604363816e-21
4	14	42	6.2459414467791776e-21
4	14	43	5.7691796640835445e-21
4	14	44	3.2171479422372003e-21
4	14	45	2.4291634930363252e-21
4	14	46	7.443496621467442e-22
4	14	47	1.6648823576622966e-22
4	14	48	0.5872294306755066
4	14	49	5.9647602029144764e-05
4	14	50	9.465040307077288e-09
4	14	51	1.3954240324007272e-13
4	14	52	2.817607453438147e-15
4	14	53	7.024422526360639e-16
4	14	54	4.2019054582019696e-16
4	14	55	2.268085829181855e-16
4	14	56	7.68704965120388e-17
4	14	57	6.785052206606656e-17
4	14	58	2.4444677680405788e-17
4	14	59	9.81932125809347e-18
4	14	60	6.922904502666578e-18
4	14	61	3.5126816146202296e-18
4	14	62	1.7603472566070154e-18
4	14	63	4.3190064706901695e-19
4	14	64	0.16721545159816742
4	14	65	0.00012603291543200612
4	14	66	5.861561458431197e-09
4	14	67	2.522938455373769e-13
4	14	68	1.5405624545215585e-15
4	14	69	2.056781284390653e-16
4	14	70	1.255597833524534e-16
4	14	71	6.441054921369944e-17
4	14	72	3.6684944006024544e-17
4	14	73	2.6711043370960227e-17
4	14	74	2.5890036834499295e-17
4	14	75	6.68861593391859e-18
4	14	76	2.058248289207016e-18
4	14	77	5.221266907023397e-19
4	14	78	6.472562277430998e-20
4	14	79	1.1087831045454821e-20
4	14	80	2.4894017769838683e-05
4	14	81	2.5162594852190523e-07
4	14	82	3.235746739993495e-11
4	14	83	2.0525916476752965e-15
4	14	84	1.2059530773895946e-19
4	14	85	4.0678228671777564e-20
4	14	86	1.6096742465412985e-20
4	14	87	1.0986173456228895e-20
4	14	88	8.327354857954907e-21
4	14	89	5.061159911765036e-21
4	14	90	4.3885812944027295e-21
4	14	91	2.1759450494508387e-21
4	14	92	1.9727255945366697e-21
4	14	93	1.4794549347133547e-21
4	14	94	6.791071039961704e-22
4	14	95	4.138296908513686e-22
4	14	96	0.057541023939847946
4	14	97	3.4897890145657584e-05
4	14	98	3.276022342291185e-09
4	14	99	4.9919083759198193e-14
4	14	100	3.648086465227342e-16
4	14	101	4.890467143703361e-17
4	14	102	1.3927026560957288e-17
4	14	103	6.1111086223264244e-18
4	14	104	2.5654185721574194e-18
4	14	105	1.1757534887071078e-18
4	14	106	9.386386506011791e-19
4	14	107	8.239916761952709e-19
4	14	108	1.6093746197514468e-19
4	14	109	4.3396373245195223e-20
4	14	110	1.4625075064581777e-20
4	14	111	1.3839574984496045e-20
4	14	112	0.1876242607831955
4	14	113	5.237418008618988e-05
4	14	114	2.824908307275109e-09
4	14	115	2.2682175216293295e-14
4	14	116	2.956232865585786e-15
4	14	117	7.680290592982587e-17
4	14	118	1.3697386333661542e-17
4	14	119	5.516906738021407e-18
4	14	120	3.263699836651462e-18
4	14	121	2.913667607101685e-18
4	14	122	1.7536499887774798e-18
4	14	123	1.0569868963567441e-18
4	14	124	2.4001565711657563e-19
4	14	125	2.2029150956085455e-19
4	14	126	1.916811287055382e-19
4	14	127	8.477054192429118e-20
5	14	0	2.3782631615176797e-05
5	14	1	7.764269298604631e-07
5	14	2	2.344603122761413e-10
5	14	3	6.18546063842337e-15
5	14	4	2.0471617684027267e-19
5	14	5	7.433706082656696e-20
5	14	6	3.570712845310102e-20
5	14	7	2.5352589789500193e-20
5	14	8	1.1923389285090649e-20
5	14	9	7.129118309392924e-21
5	14	10	6.416414566076477e-21
5	14	11	3.275732160938023e-21
5	14	12	2.5330717970881555e-21
5	14	13	1.2005491605699547e-21
5	14	14	7.569653276914303e-22
5	14	15	5.636539152597392e-22
5	14	16	6.270782614592463e-05
5	14	17	3.457536195128341e-07
5	14	18	1.449925457475132e-10
5	14	19	3.3011180001698984e-15
5	14	20	5.259983095593941e-19
5	14	21	9.719065882177489e-20
5	14	22	5.846583655358691e-20
5	14	23	3.2854951539881363e-20
5	14	24	2.1152102015470563e-20
5	14	25	1.409409458156949e-20
5	14	26	1.0366292059999899e-20
5	14	27	8.684828552929227e-21
5	14	28	4.392342785147215e-21
5	14	29	3.2387578337917564e-21
5	14	30	1.6174878721556569e-21
5	14	31	1.1444504217004297e-21
5	14	32	7.751248631393537e-05
5	14	33	4.3558864604165137e-07
5	14	34	5.873091596386715e-11
5	14	35	2.9512385475705376e-15
5	14	36	8.275489147207669e-19
5	14	37	6.967879320697458e-20
5	14	38	6.626399130555108e-20
5	14	39	3.0907710216794716e-20
5	14	40	2.4194939213122294e-20
5	14	41	2.2309744513912793e-20
5	14	42	1.0680375123525697e-20
5	14	43	7.565127310532899e-21
5	14	44	3.195785841359305e-21
5	14	45	3.157417060568097e-21
5	14	46	3.117528214232288e-21
5	14	47	7.335922247286221e-22
5	14	48	0.5242664217948914
5	14	49	6.292642501648515e-05
5	14	50	1.28495472040413e-08
5	14	51	2.5755279528007213e-13
5	14	52	4.488164583770415e-15
5	14	53	4.924470619626395e-16
5	14	54	3.229156675009574e-16
5	14	55	1.7374642893056648e-16
5	14	56	7.273442801315115e-17
5	14	57	5.702280725708623e-17
5	14	58	2.9972975522642663e-17
5	14	59	6.753218326168675e-18
5	14	60	4.144526420651004e-18
5	14	61	3.951907902440987e-18
5	14	62	1.0722582014281216e-18
5	14	63	2.481673152581326e-19
5	14	64	0.22458842396736145
5	14	65	0.00014917987573426217
5	14	66	1.3621095362736924e-08
5	14	67	5.098455837203308e-13
5	14	68	7.936803006704425e-16
5	14	69	2.227682622295621e-16
5	14	70	1.5522351244000944e-16
5	14	71	8.211061290066833e-17
5	14	72	7.727814435279473e-17
5	14	73	3.252301784118849e-17
5	14	74	1.6888199150637894e-17
5	14	75	1.0787032412093744e-17
5	14	76	5.726860893919004e-18
5	14	77	2.785109264250225e-18
5	14	78	1.2547731220461095e-18
5	14	79	1.8289426047702589e-19
5	14	80	3.674784966278821e-05
5	14	81	2.758299046945467e-07
5	14	82	7.581010125212728e-11
5	14	83	3.707653369028731e-15
5	14	84	1.642807062912338e-19
5	14	85	7.998552826287066e-20
5	14	86	2.2507539231128134e-20
5	14	87	1.5969363113428355e-20
5	14	88	8.838052452294738e-21
5	14	89	6.801308409784006e-21
5	14	90	3.1528281872626668e-21
5	14	91	2.606100374507937e-21
5	14	92	2.564943494220414e-21
5	14	93	1.0199389388268502e-21
5	14	94	4.840570673729212e-22
5	14	95	3.3057886449511575e-22
5	14	96	0.07555845379829407
5	14	97	3.516698780003935e-05
5	14	98	6.712413291865005e-09
5	14	99	7.698898620402475e-14
5	14	100	5.702224742124766e-16
5	14	101	5.112396724201133e-17
5	14	102	1.108962087042993e-17
5	14	103	6.614363239052155e-18
5	14	104	1.1793938071853772e-18
5	14	105	5.523830446543629e-19
5	14	106	4.279239504247741e-19
5	14	107	4.2264759794184564e-19
5	14	108	2.865621441607002e-19
5	14	109	1.4095109816524428e-19
5	14	110	4.214091340814433e-20
5	14	111	2.2369240125705523e-20
5	14	112	0.1750928908586502
5	14	113	4.3611740693449974e-05
5	14	114	3.4058911246859225e-09
5	14	115	3.263701632626008e-14
5	14	116	8.326104643218422e-16
5	14	117	6.551540443171916e-17
5	14	118	1.878313096765397e-17
5	14	119	6.0372943331846425e-18
5	14	120	3.740259267058575e-18
5	14	121	1.7871572142356247e-18
5	14	122	6.83689229801936e-19
5	14	123	5.942787604031964e-19
5	14	124	3.984545295786244e-19
5	14	125	3.900273168955107e-19
5	14	126	2.724565433675631e-19
5	14	127	3.1241739319075553e-20
6	14	0	2.541905087127816e-05
6	14	1	1.6364548116598598e-07
6	14	2	2.227387996267538e-10
6	14	3	5.506601847681675e-15
6	14	4	1.9511151132928097e-19
6	14	5	6.942981184259612e-20
6	14	6	2.3098162344362335e-20
6	14	7	7.954721301109705e-21
6	14	8	7.308618117904065e-21
6	14	9	3.78064029878355e-21
6	14	10	3.0459615412202874e-21
6	14	11	1.6518441403514506e-21
6	14	12	1.4673950816298255e-21
6	14	13	1.2513169667686133e-21
6	14	14	9.243291990624553e-22
6	14	15	6.246448539190828e-22
6	14	16	3.593116707634181e-05
6	14	17	2.052846355127258e-07
6	14	18	1.213480566031322e-10
6	14	19	2.7692579657759243e-15
6	14	20	2.7313356484954363e-19
6	14	21	5.606131298577476e-20
6	14	22	3.5155321436345727e-20
6	14	23	1.6767480929029788e-20
6	14	24	1.5741159815178886e-20
6	14	25	1.2197947009385764e-20
6	14	26	5.57944470718241e-21
6	14	27	5.357175864372513e-21
6	14	28	2.7217174443642626e-21
6	14	29	2.563864282014974e-21
6	14	30	2.3927233193862017e-21
6	14	31	8.297943801001763e-22
6	14	32	9.171792771667242e-05
6	14	33	2.284211575442896e-07
6	14	34	5.828274668440159e-11
6	14	35	2.665346928422082e-15
6	14	36	1.0955382691902374e-18
6	14	37	7.083811268486179e-20
6	14	38	6.363026762222785e-20
6	14	39	3.3115193546583056e-20
6	14	40	3.1869882827907276e-20
6	14	41	2.231374793883058e-20
6	14	42	9.211847616289209e-21
6	14	43	8.89967983131064e-21
6	14	44	4.958710280946719e-21
6	14	45	4.938809074734646e-21
6	14	46	4.04875950445332e-21
6	14	47	9.630018112090308e-22
6	14	48	0.46469953656196594
6	14	49	5.1022689149249345e-05
6	14	50	1.4337449449897122e-08
6	14	51	1.7311756954178914e-13
6	14	52	5.02151581966803e-15
6	14	53	1.7582871914155929e-15
6	14	54	3.3235852314584635e-16
6	14	55	6.317842067790985e-17
6	14	56	3.628821164063186e-17
6	14	57	3.2767105605063085e-17
6	14	58	2.0286617757752805e-17
6	14	59	6.12627208372544e-18
6	14	60	2.753887745619717e-18
6	14	61	2.4014368399588353e-18
6	14	62	1.6419262189575457e-18
6	14	63	1.2934745247632045e-18
6	14	64	0.24272793531417847
6	14	65	0.0001400268665747717
6	14	66	1.4814037996302432e-08
6	14	67	4.2734026495412636e-13
6	14	68	1.700548555291293e-15
6	14	69	1.9193777172694286e-16
6	14	70	1.1847252633387866e-16
6	14	71	4.4974878621859533e-17
6	14	72	3.556846193731477e-17
6	14	73	2.5742998863173094e-17
6	14	74	1.7507155241954173e-17
6	14	75	1.4314019701817772e-17
6	14	76	2.8543910172255226e-18
6	14	77	1.0887667619007252e-18
6	14	78	2.536801638480688e-19
6	14	79	2.2970337736563603e-19
6	14	80	4.7713056119391695e-05
6	14	81	3.870852935961011e-07
6	14	82	7.084794556577734e-11
6	14	83	3.1016080715318573e-15
6	14	84	3.9548851839595066e-19
6	14	85	7.729736575548378e-20
6	14	86	3.52937093990607e-20
6	14	87	3.100566972707116e-20
6	14	88	1.6611951586824212e-20
6	14	89	1.0428105231536198e-20
6	14	90	7.501244571878083e-21
6	14	91	3.631329351456327e-21
6	14	92	3.622408887096539e-21
6	14	93	3.527617139292873e-21
6	14	94	1.790878135971591e-21
6	14	95	8.180152857682589e-22
6	14	96	0.09413140267133713
6	14	97	3.954243948101066e-05
6	14	98	6.8658905227891864e-09
6	14	99	6.875592082440304e-14
6	14	100	5.271584721411207e-16
6	14	101	7.894480079052578e-17
6	14	102	7.456615495956205e-18
6	14	103	2.5998836727649008e-18
6	14	104	9.419061174183401e-19
6	14	105	8.869588874707036e-19
6	14	106	4.41408907264555e-19
6	14	107	2.638075687321028e-19
6	14	108	1.9183318776658018e-19
6	14	109	8.346785524414234e-20
6	14	110	2.7483599302305726e-20
6	14	111	4.338667729901117e-21
6	14	112	0.1979571133852005
6	14	113	5.105978561914526e-05
6	14	114	3.985595853350787e-09
6	14	115	3.0488798470488035e-14
6	14	116	2.901872673311169e-16
6	14	117	2.881752464440327e-16
6	14	118	1.4580606778353812e-17
6	14	119	1.335905540105694e-17
6	14	120	5.758190773209756e-18
6	14	121	5.19231320743978e-18
6	14	122	1.3165809879942608e-18
6	14	123	9.059057695939604e-19
6	14	124	5.78380142234774e-19
6	14	125	5.780092034288323e-19
6	14	126	5.052216522223818e-19
6	14	127	2.3954082636440178e-20
7	14	0	1.8208509573014453e-05
7	14	1	4.3408181227277964e-07
7	14	2	8.248043914527159e-11
7	14	3	1.7651127946628048e-15
7	14	4	7.238804881998156e-20
7	14	5	2.3164277016642623e-20
7	14	6	1.3228091410189023e-20
7	14	7	1.1171684056671683e-20
7	14	8	7.62735003340764e-21
7	14	9	4.074172690069451e-21
7	14	10	2.3110436767612084e-21
7	14	11	2.282912871637478e-21
7	14	12	1.5244577201731092e-21
7	14	13	1.252965471490359e-21
7	14	14	6.380375663880734e-22
7	14	15	1.9968451239988852e-22
7	14	16	2.480992588971276e-05
7	14	17	3.0108827786534675e-07
7	14	18	4.082496840585037e-11
7	14	19	9.591881562837686e-16
7	14	20	3.6115442251798243e-19
7	14	21	3.078151670576636e-20
7	14	22	1.9839681422840017e-20
7	14	23	8.200813995692767e-21
7	14	24	6.726870636486687e-21
7	14	25	4.197405233778163e-21
7	14	26	3.4855888516950066e-21
7	14	27	2.210414408746005e-21
7	14	28	1.7723075677126704e-21
7	14	29	1.539815895364676e-21
7	14	30	6.863488723496482e-22
7	14	31	3.1761923035220427e-22
7	14	32	6.492394459201023e-05
7	14	33	2.706895827486733e-07
7	14	34	2.0894371302593306e-11
7	14	35	7.761449187172656e-16
7	14	36	2.613741843157308e-19
7	14	37	1.2227289464470236e-19
7	14	38	6.302575369081644e-20
7	14	39	4.2960436137682706e-20
7	14	40	2.0778429636098268e-20
7	14	41	1.8936668381396337e-20
7	14	42	1.5118391364741624e-20
7	14	43	1.2367557001256782e-20
7	14	44	2.834760883916297e-21
7	14	45	2.5292448750647473e-21
7	14	46	1.995229915518227e-21
7	14	47	1.2935418511258352e-21
7	14	48	0.5600847601890564
7	14	49	6.494092667708173e-05
7	14	50	4.329247182965901e-09
7	14	51	7.089615624168016e-14
7	14	52	2.875543659997394e-15
7	14	53	5.481253433823024e-16
7	14	54	3.697782417638344e-16
7	14	55	3.4145430704059785e-16
7	14	56	1.4380880379858188e-16
7	14	57	5.362888189505871e-17
7	14	58	2.6393351421819436e-17
7	14	59	1.502523124685209e-17
7	14	60	2.4178826381024614e-18
7	14	61	2.106497734337234e-18
7	14	62	1.3999930537834956e-18
7	14	63	8.222471910574878e-20
7	14	64	0.18557734787464142
7	14	65	0.0001370319805573672
7	14	66	3.5710479018291608e-09
7	14	67	1.1570749241553158e-13
7	14	68	1.9701395547654316e-15
7	14	69	1.8928573803886925e-16
7	14	70	1.5062031188815594e-16
7	14	71	1.031377889172276e-16
7	14	72	4.984105974277834e-17
7	14	73	2.931181998519638e-17
7	14	74	2.4344676507431803e-17
7	14	75	6.0578022085213634e-18
7	14	76	2.6915861562434482e-18
7	14	77	2.0229531128548376e-18
7	14	78	1.4108061655459419e-18
7	14	79	1.1446119481020763e-19
7	14	80	2.9701937819481827e-05
7	14	81	2.1845553987986932e-07
7	14	82	1.8725904507577162e-11
7	14	83	9.219551290213113e-16
7	14	84	5.614386302596813e-20
7	14	85	2.178000641740647e-20
7	14	86	7.749357558172077e-21
7	14	87	6.869253542286995e-21
7	14	88	5.0285327256992905e-21
7	14	89	4.950469574873516e-21
7	14	90	4.5428524981277865e-21
7	14	91	2.7196351544970667e-21
7	14	92	1.6406273208292258e-21
7	14	93	9.434449270048688e-22
7	14	94	7.574189037792707e-22
7	14	95	3.9513318252665126e-22
7	14	96	0.06096761301159859
7	14	97	3.8390542613342404e-05
7	14	98	1.868814214489589e-09
7	14	99	2.760316220116587e-14
7	14	100	9.189708201898976e-16
7	14	101	2.2705692569913108e-17
7	14	102	1.5863166861729533e-17
7	14	103	8.513543042103999e-18
7	14	104	3.013833595812722e-18
7	14	105	1.6005328603344734e-18
7	14	106	1.4659953458227502e-18
7	14	107	6.853272025111558e-19
7	14	108	3.127760147603885e-19
7	14	109	3.088125530059465e-19
7	14	110	1.5477042984295265e-19
7	14	111	1.424934668902289e-19
7	14	112	0.19293713569641113
7	14	113	5.3166008001426235e-05
7	14	114	1.3817809119132107e-09
7	14	115	1.026926905735e-14
7	14	116	6.305760069240688e-16
7	14	117	1.2307302696821278e-16
7	14	118	3.117751262191993e-17
7	14	119	1.207662518503739e-17
7	14	120	2.5901711248074562e-18
7	14	121	2.561361664843153e-18
7	14	122	2.2160487074831444e-18
7	14	123	1.5262890576596232e-18
7	14	124	7.61182301320471e-19
7	14	125	4.2638335238328825e-19
7	14	126	3.9165337303403097e-19
7	14	127	5.1945123317217375e-20
0	15	0	1.4861307136015967e-05
0	15	1	5.05044454257586e-07
0	15	2	8.509600663009209e-11
0	15	3	3.014204012254107e-15
0	15	4	6.500958483131148e-20
0	15	5	1.8766324105172966e-20
0	15	6	1.2505952234113859e-20
0	15	7	8.561275719071221e-21
0	15	8	6.5813437981238236e-21
0	15	9	3.816173926103168e-21
0	15	10	2.5610481116922072e-21
0	15	11	1.6527659337855322e-21
0	15	12	1.1831379780279938e-21
0	15	13	1.1255292710334544e-21
0	15	14	5.777295162153871e-22
0	15	15	4.371807057088306e-22
0	15	16	2.8126883989898488e-05
0	15	17	3.388248330793431e-07
0	15	18	3.6565347971695417e-11
0	15	19	1.3470007088764923e-15
0	15	20	1.4538311896260633e-19
0	15	21	5.3090610138064197e-20
0	15	22	3.3795239407678214e-20
0	15	23	1.7963475850443495e-20
0	15	24	1.0201649998565601e-20
0	15	25	9.425391884679302e-21
0	15	26	3.3480343299927284e-21
0	15	27	2.960872605845997e-21
0	15	28	2.8338008212619813e-21
0	15	29	1.9720763304572366e-21
0	15	30	9.565540029576653e-22
0	15	31	6.475100061895756e-22
0	15	32	5.9638245147652924e-05
0	15	33	2.538591559186898e-07
0	15	34	2.2915466399431317e-11
0	15	35	1.1583494249848962e-15
0	15	36	2.0999432585609404e-19
0	15	37	5.883077183773911e-20
0	15	38	4.1788292129126656e-20
0	15	39	2.0619572184396874e-20
0	15	40	2.0042849582862685e-20
0	15	41	7.239522687361745e-21
0	15	42	6.2691085623824144e-21
0	15	43	6.2486362461185105e-21
0	15	44	5.412771044927243e-21
0	15	45	2.2819703784932435e-21
0	15	46	1.8833551513091722e-21
0	15	47	1.182641084010126e-21
0	15	48	0.5549525618553162
0	15	49	7.354068657150492e-05
0	15	50	3.7085285953253333e-09
0	15	51	1.085187644497658e-13
0	15	52	4.154498400572686e-15
0	15	53	4.153037480496909e-16
0	15	54	2.6032853537723516e-16
0	15	55	1.9844024513966711e-16
0	15	56	5.955278217397152e-17
0	15	57	2.928591930585612e-17
0	15	58	7.174746257603248e-18
0	15	59	4.235736731665082e-18
0	15	60	3.882789931226975e-18
0	15	61	3.633902451848038e-18
0	15	62	4.681154673165952e-19
0	15	63	4.6123077199248245e-20
0	15	64	0.18328019976615906
0	15	65	0.0001656240929150954
0	15	66	3.310432594716417e-09
0	15	67	1.6068576861889144e-13
0	15	68	1.653032124532695e-15
0	15	69	2.1679432414103473e-16
0	15	70	1.1316917364178068e-16
0	15	71	6.211432892047673e-17
0	15	72	6.030563564540298e-17
0	15	73	4.1386638607775954e-17
0	15	74	8.493603026257795e-18
0	15	75	3.727822192958534e-18
0	15	76	2.686567444671936e-18
0	15	77	2.3448777451900626e-18
0	15	78	1.886478858336398e-18
0	15	79	1.3787530202070886e-18
0	15	80	2.863738154701423e-05
0	15	81	2.1139895522992447e-07
0	15	82	1.9786460664361627e-11
0	15	83	1.1911408232301887e-15
0	15	84	2.0739859431981142e-19
0	15	85	2.8592483381047076e-20
0	15	86	1.5943025811971637e-20
0	15	87	1.3860244806287067e-20
0	15	88	4.152345296923547e-21
0	15	89	3.474288223590211e-21
0	15	90	2.8631978428019e-21
0	15	91	2.289071287843485e-21
0	15	92	1.4150736864535374e-21
0	15	93	9.532720386693583e-22
0	15	94	3.7487808700160896e-22
0	15	95	1.8087851018152652e-22
0	15	96	0.06388885527849197
0	15	97	3.763132554013282e-05
0	15	98	1.842639707483329e-09
0	15	99	4.505801927314618e-14
0	15	100	3.875736363620388e-16
0	15	101	4.2519148128034555e-17
0	15	102	1.7796567540313e-17
0	15	103	8.076592328148375e-18
0	15	104	5.859301195385176e-18
0	15	105	4.307692759560764e-18
0	15	106	2.549077205566128e-18
0	15	107	1.4069750785389025e-18
0	15	108	6.15539266699764e-19
0	15	109	4.009326075974684e-19
0	15	110	5.727172379118419e-20
0	15	111	2.1629814975091275e-20
0	15	112	0.1974141001701355
0	15	113	5.369981954572722e-05
0	15	114	1.3071601578928949e-09
0	15	115	1.509274306823582e-14
0	15	116	5.432568626992807e-16
0	15	117	1.5783762816880362e-16
0	15	118	4.872999405271956e-17
0	15	119	1.1608459156305853e-17
0	15	120	3.8186722668158456e-18
0	15	121	1.9315637172381415e-18
0	15	122	8.287142571074893e-19
0	15	123	4.605500734341852e-19
0	15	124	4.222687750706905e-19
0	15	125	3.8490027051314806e-19
0	15	126	3.395147573081358e-19
0	15	127	1.4451587178913277e-19
1	15	0	1.9868874005624093e-05
1	15	1	2.0896590058328002e-07
1	15	2	2.7607080510527737e-10
1	15	3	9.90648908120572e-15
1	15	4	1.5504272736084745e-19
1	15	5	6.346343563243356e-20
1	15	6	2.0533755427018765e-20
1	15	7	5.805021060752169e-21
1	15	8	4.8292460137657996e-21
1	15	9	2.848734298985726e-21
1	15	10	2.4554682808019733e-21
1	15	11	1.5897746963060379e-21
1	15	12	1.5054226706131944e-21
1	15	13	1.3452252913326275e-21
1	15	14	6.662303191809688e-22
1	15	15	6.491429103980596e-22
1	15	16	3.97899275412783e-05
1	15	17	2.8656864969889284e-07
1	15	18	1.4360036770799667e-10
1	15	19	4.852728411301613e-15
1	15	20	4.538168232480036e-19
1	15	21	1.3699060909112867e-19
1	15	22	6.26219150684801e-20
1	15	23	3.276438495632961e-20
1	15	24	2.657815157105127e-20
1	15	25	1.5157596817719797e-20
1	15	26	8.93609516530858e-21
1	15	27	5.005060264127748e-21
1	15	28	4.0530832195204e-21
1	15	29	2.2915504063004434e-21
1	15	30	1.7645277078694105e-21
1	15	31	1.1620661779632198e-21
1	15	32	7.945392280817032e-05
1	15	33	2.414575135389896e-07
1	15	34	7.06093655766793e-11
1	15	35	4.716857126781972e-15
1	15	36	6.144917975503304e-19
1	15	37	8.473868254601082e-20
1	15	38	6.779406218127251e-20
1	15	39	2.680648896303285e-20
1	15	40	2.3623968101784763e-20
1	15	41	2.2522588425280344e-20
1	15	42	1.6161553358876222e-20
1	15	43	1.487633602240616e-20
1	15	44	8.273072745843249e-21
1	15	45	5.407930341977317e-21
1	15	46	3.2355042432524883e-21
1	15	47	2.1585833442648533e-21
1	15	48	0.4803159534931183
1	15	49	6.646099063800648e-05
1	15	50	1.6108760547695056e-08
1	15	51	3.0371682274189793e-13
1	15	52	8.743876221759938e-15
1	15	53	7.225361505459817e-16
1	15	54	1.8243023717559717e-16
1	15	55	1.122380065000624e-16
1	15	56	7.678768580655489e-17
1	15	57	5.722829877357911e-17
1	15	58	3.870726825481869e-17
1	15	59	1.00038553265867e-17
1	15	60	6.763345911998468e-18
1	15	61	1.0249232044650808e-18
1	15	62	7.159128260457634e-19
1	15	63	3.694602529085525e-20
1	15	64	0.22834451496601105
1	15	65	0.0001802946353564039
1	15	66	1.5651608009648044e-08
1	15	67	7.089857672303024e-13
1	15	68	2.6089129347947907e-15
1	15	69	2.982737320598761e-16
1	15	70	2.292729988084423e-16
1	15	71	9.942769858147006e-17
1	15	72	5.590398923032661e-17
1	15	73	2.7793814520986015e-17
1	15	74	1.1937388354068177e-17
1	15	75	5.908181779322772e-18
1	15	76	4.961710141911022e-18
1	15	77	1.1874170455368352e-18
1	15	78	3.2136933565026047e-19
1	15	79	1.7234911645895554e-19
1	15	80	4.9622492952039465e-05
1	15	81	4.2912617459478497e-07
1	15	82	8.345854562996635e-11
1	15	83	5.4371934268848156e-15
1	15	84	2.191945388216385e-19
1	15	85	1.384069878690638e-19
1	15	86	3.759425054776126e-20
1	15	87	2.2738395323451454e-20
1	15	88	2.1281584861903522e-20
1	15	89	1.1067439104650828e-20
1	15	90	7.201642015833364e-21
1	15	91	3.3900115246474854e-21
1	15	92	2.471818628442142e-21
1	15	93	1.8210272133223367e-21
1	15	94	1.5379699860900078e-21
1	15	95	1.1350103441287033e-21
1	15	96	0.08734874427318573
1	15	97	4.615482612280175e-05
1	15	98	8.147537755576195e-09
1	15	99	1.2510417777677335e-13
1	15	100	1.0232764690180419e-15
1	15	101	9.926551162440557e-17
1	15	102	1.927002767417616e-17
1	15	103	2.275397262072599e-18
1	15	104	1.9218263538623204e-18
1	15	105	1.7318324797359343e-18
1	15	106	1.7091399170038842e-18
1	15	107	1.2424941428406426e-18
1	15	108	1.038578095221953e-18
1	15	109	5.905691655486257e-19
1	15	110	1.0894786800647978e-19
1	15	111	6.854856075984597e-20
1	15	112	0.20344547927379608
1	15	113	6.09284033998847e-05
1	15	114	4.790117191788568e-09
1	15	115	5.083663050524552e-14
1	15	116	8.163994183816973e-16
1	15	117	1.515368677115341e-16
1	15	118	1.5043933800501914e-17
1	15	119	5.643638252490044e-18
1	15	120	2.5790538173747436e-18
1	15	121	2.268192518937262e-18
1	15	122	1.2439819305698958e-18
1	15	123	1.0053892309020645e-18
1	15	124	8.012646820702233e-19
1	15	125	4.683302757819176e-19
1	15	126	4.554637398475966e-19
1	15	127	7.16039203733725e-20
2	15	0	1.2386276466713753e-05
2	15	1	4.317171828915889e-07
2	15	2	1.3964614187234048e-10
2	15	3	6.458052781508749e-15
2	15	4	8.055321326997785e-20
2	15	5	4.3757692845341775e-20
2	15	6	1.3289307622279348e-20
2	15	7	6.163405542973221e-21
2	15	8	3.8759001629592615e-21
2	15	9	3.060926522893143e-21
2	15	10	2.3992006121027607e-21
2	15	11	2.184753432453213e-21
2	15	12	1.0763483752970619e-21
2	15	13	8.76758841750162e-22
2	15	14	4.1258576448891816e-22
2	15	15	3.5988099553446713e-22
2	15	16	2.189866609114688e-05
2	15	17	3.4785040270435275e-07
2	15	18	5.904936262179916e-11
2	15	19	3.235218836873514e-15
2	15	20	2.8614046299405714e-19
2	15	21	4.311570375477259e-20
2	15	22	3.068376075946879e-20
2	15	23	1.658018429701048e-20
2	15	24	8.279973726285671e-21
2	15	25	5.007432753833869e-21
2	15	26	4.56460395550495e-21
2	15	27	3.737913673647059e-21
2	15	28	2.2025131779193113e-21
2	15	29	1.4549924211513235e-21
2	15	30	1.0840492733191528e-21
2	15	31	8.066200448419348e-22
2	15	32	5.176633203518577e-05
2	15	33	3.3696557011353434e-07
2	15	34	3.302617554434839e-11
2	15	35	2.779230296422186e-15
2	15	36	2.1643555543665032e-19
2	15	37	5.977614880500772e-20
2	15	38	3.519082557920015e-20
2	15	39	2.0396441829747828e-20
2	15	40	1.779301848312075e-20
2	15	41	8.918536964337435e-21
2	15	42	5.828052467036159e-21
2	15	43	5.159011581600294e-21
2	15	44	2.360221341323333e-21
2	15	45	1.9581164459300538e-21
2	15	46	1.7469224529229907e-21
2	15	47	1.2150198735540351e-21
2	15	48	0.5747371315956116
2	15	49	5.601010343525559e-05
2	15	50	7.3465331595912176e-09
2	15	51	2.2528443140937965e-13
2	15	52	4.5748109720768464e-15
2	15	53	1.0510981132035566e-15
2	15	54	5.306965817013611e-16
2	15	55	3.2047986544245005e-16
2	15	56	1.5713129533502214e-16
2	15	57	3.915482921449153e-17
2	15	58	2.845610495023272e-17
2	15	59	1.5353243101315093e-17
2	15	60	1.0237464366461476e-18
2	15	61	3.21750588364465e-19
2	15	62	1.40720314774342e-19
2	15	63	9.525622587348574e-20
2	15	64	0.17717640101909637
2	15	65	0.00010146194836124778
2	15	66	5.822414994582914e-09
2	15	67	3.616199679111476e-13
2	15	68	3.312045572222426e-15
2	15	69	2.0380116960239878e-16
2	15	70	9.280537000670933e-17
2	15	71	7.493854670824975e-17
2	15	72	4.118406869320662e-17
2	15	73	3.1008165589473176e-17
2	15	74	7.88756915047082e-18
2	15	75	3.839022150655569e-18
2	15	76	3.700659236003518e-18
2	15	77	2.235022783169039e-18
2	15	78	2.267638876613523e-19
2	15	79	4.387460642387305e-20
2	15	80	3.283656405983493e-05
2	15	81	2.5336993303426425e-07
2	15	82	3.669675674444761e-11
2	15	83	3.009023346990463e-15
2	15	84	2.1047273351818232e-19
2	15	85	4.68594424278309e-20
2	15	86	2.3349206813510777e-20
2	15	87	1.0901007780465745e-20
2	15	88	9.201323681699032e-21
2	15	89	8.204536308449255e-21
2	15	90	4.063829701238271e-21
2	15	91	3.6414287905270734e-21
2	15	92	3.6370481260135235e-21
2	15	93	1.7102528658998544e-21
2	15	94	1.021899352839633e-21
2	15	95	8.04165917498454e-22
2	15	96	0.05871099606156349
2	15	97	3.152106364723295e-05
2	15	98	2.2323747295160956e-09
2	15	99	8.016765690958133e-14
2	15	100	3.878499279215213e-16
2	15	101	4.6004470330304287e-17
2	15	102	1.4768547176609535e-17
2	15	103	2.95132686564454e-18
2	15	104	1.9262031732784916e-18
2	15	105	1.0477696227910657e-18
2	15	106	8.338319718585666e-19
2	15	107	7.487192227299228e-19
2	15	108	3.9696004685628835e-19
2	15	109	3.34857497814915e-19
2	15	110	2.189758529471948e-19
2	15	111	8.8843527561714e-20
2	15	112	0.18901801109313965
2	15	113	4.527535929810256e-05
2	15	114	1.2148756445284903e-09
2	15	115	3.3322523478604774e-14
2	15	116	6.316345334103407e-16
2	15	117	9.279965915176026e-17
2	15	118	2.4692621760296108e-17
2	15	119	9.911404658244098e-18
2	15	120	4.250066808596951e-18
2	15	121	4.130064408411433e-18
2	15	122	1.7596296774256256e-18
2	15	123	6.990929354701102e-19
2	15	124	4.1562930648645705e-19
2	15	125	2.823155539922178e-19
2	15	126	2.188042388194842e-19
2	15	127	3.0042440521973036e-20
3	15	0	2.7353964469511993e-05
3	15	1	4.822421715289238e-07
3	15	2	2.2796239895761516e-10
3	15	3	8.943034843483105e-15
3	15	4	2.989024898278608e-19
3	15	5	8.494460528209677e-20
3	15	6	2.264912282519395e-20
3	15	7	1.4324860201013312e-20
3	15	8	8.521020134456019e-21
3	15	9	7.153386851524692e-21
3	15	10	3.789577322911461e-21
3	15	11	2.1441345426812763e-21
3	15	12	1.9848824838224282e-21
3	15	13	1.3274975546866195e-21
3	15	14	5.356428655323088e-22
3	15	15	4.861811605572065e-22
3	15	16	3.588856998248957e-05
3	15	17	3.593885935515573e-07
3	15	18	1.1817047340656472e-10
3	15	19	4.239266493318581e-15
3	15	20	5.723203204647871e-19
3	15	21	5.1568294080585454e-20
3	15	22	3.870355467915742e-20
3	15	23	2.5826449573806572e-20
3	15	24	1.4835308187140957e-20
3	15	25	1.1242887020630166e-20
3	15	26	5.844026180925739e-21
3	15	27	4.378962492504316e-21
3	15	28	3.576034670108501e-21
3	15	29	2.1125158868838636e-21
3	15	30	9.739865920291503e-22
3	15	31	9.717025557186096e-22
3	15	32	7.010952685959637e-05
3	15	33	3.0220920166357246e-07
3	15	34	5.7568349393077867e-11
3	15	35	3.316672066180329e-15
3	15	36	4.543693281984007e-19
3	15	37	7.13599990278974e-20
3	15	38	4.7975250913028115e-20
3	15	39	3.202346054085511e-20
3	15	40	1.4926929749091142e-20
3	15	41	1.400051169683876e-20
3	15	42	1.3797663423068602e-20
3	15	43	7.736797175999629e-21
3	15	44	5.809642447748669e-21
3	15	45	4.0520896334330564e-21
3	15	46	2.3088945419763477e-21
3	15	47	1.8774893583227916e-21
3	15	48	0.5709707140922546
3	15	49	8.529893239028752e-05
3	15	50	1.3393760767144158e-08
3	15	51	2.897535998028916e-13
3	15	52	2.5678129903698808e-15
3	15	53	6.787215714042401e-16
3	15	54	6.067325588544523e-16
3	15	55	1.6952955481199975e-16
3	15	56	1.4124552328151276e-16
3	15	57	7.228012056840233e-17
3	15	58	1.879713348106327e-17
3	15	59	9.162194090230319e-18
3	15	60	5.334027857933896e-18
3	15	61	4.990575022976366e-18
3	15	62	2.498431624996497e-18
3	15	63	1.2197472963808938e-18
3	15	64	0.16004036366939545
3	15	65	0.00015268665447365493
3	15	66	1.1243817432671221e-08
3	15	67	5.05370376623071e-13
3	15	68	1.6431116746544526e-15
3	15	69	1.769414504424995e-16
3	15	70	9.663687722149985e-17
3	15	71	5.85431056659546e-17
3	15	72	3.410466658172868e-17
3	15	73	2.0944001351605847e-17
3	15	74	1.3153163529147591e-17
3	15	75	6.83434778705757e-18
3	15	76	6.189093556116699e-18
3	15	77	3.4169065073957773e-18
3	15	78	2.9528399857800526e-18
3	15	79	5.241226775204302e-19
3	15	80	3.786898741964251e-05
3	15	81	2.956471973902808e-07
3	15	82	6.174824540572388e-11
3	15	83	4.094547102631921e-15
3	15	84	4.003041829764754e-19
3	15	85	8.509714255693038e-20
3	15	86	2.7070540524196263e-20
3	15	87	2.1942403620518224e-20
3	15	88	1.1271201800738769e-20
3	15	89	7.62428930358248e-21
3	15	90	5.858735697883048e-21
3	15	91	2.780399406086686e-21
3	15	92	1.9230806213960664e-21
3	15	93	1.6063927265394533e-21
3	15	94	1.2866198680506723e-21
3	15	95	3.856624087993809e-22
3	15	96	0.07069407403469086
3	15	97	4.7159257519524544e-05
3	15	98	4.7754982190895134e-09
3	15	99	8.9806912178126e-14
3	15	100	1.9362173940053342e-16
3	15	101	5.843783535247865e-17
3	15	102	9.378605217989505e-18
3	15	103	9.04124870414649e-18
3	15	104	3.474768204834168e-18
3	15	105	7.186940657591081e-19
3	15	106	4.967349342339525e-19
3	15	107	4.1714221982681654e-19
3	15	108	2.2687160208674317e-19
3	15	109	6.93392614149157e-20
3	15	110	1.8102130385035562e-20
3	15	111	1.7470361498675384e-20
3	15	112	0.19776925444602966
3	15	113	6.526882498292252e-05
3	15	114	4.091962324537235e-09
3	15	115	4.291949147429072e-14
3	15	116	8.160808810539705e-16
3	15	117	1.0558441711559205e-16
3	15	118	1.9255935825260706e-17
3	15	119	1.5938921716588364e-17
3	15	120	4.003599246100038e-18
3	15	121	3.763803722423978e-18
3	15	122	2.3476537633257906e-18
3	15	123	1.1284446513309391e-18
3	15	124	1.0202963697087655e-18
3	15	125	1.0072877138054503e-18
3	15	126	6.565867604292126e-19
3	15	127	9.354640477324742e-20
4	15	0	2.504641452105716e-05
4	15	1	3.7144948805689637e-07
4	15	2	1.942940253130132e-10
4	15	3	8.939096140278373e-15
4	15	4	2.5422840364843247e-19
4	15	5	1.030759067084219e-19
4	15	6	2.19140258325114e-20
4	15	7	9.898579584737982e-21
4	15	8	6.496229821148958e-21
4	15	9	4.828346939525788e-21
4	15	10	3.606578556565092e-21
4	15	11	1.9995988670250562e-21
4	15	12	1.3552110334588261e-21
4	15	13	1.2407811172233242e-21
4	15	14	7.662910014992379e-22
4	15	15	6.486992802685123e-22
4	15	16	2.18368622881826e-05
4	15	17	2.914979972956644e-07
4	15	18	1.063004198553763e-10
4	15	19	4.064303791250206e-15
4	15	20	1.9149204038738741e-19
4	15	21	6.101057369757534e-20
4	15	22	1.4696731200731317e-20
4	15	23	1.4030803955599246e-20
4	15	24	6.523443982522596e-21
4	15	25	5.2580939249347954e-21
4	15	26	2.669896881199481e-21
4	15	27	1.946700303345185e-21
4	15	28	1.332157513825941e-21
4	15	29	1.1417124054052652e-21
4	15	30	9.987941344184634e-22
4	15	31	4.418312237608385e-22
4	15	32	5.385100666899234e-05
4	15	33	3.217219273210503e-07
4	15	34	4.904035164066123e-11
4	15	35	3.535254847449932e-15
4	15	36	1.3436733244044804e-18
4	15	37	4.7463264887949004e-20
4	15	38	4.664232690408134e-20
4	15	39	2.969841416650767e-20
4	15	40	2.4281479753536386e-20
4	15	41	1.5790614552934474e-20
4	15	42	6.945316192344227e-21
4	15	43	4.450897317434453e-21
4	15	44	3.195440105712652e-21
4	15	45	2.605154448241043e-21
4	15	46	1.2656381369686128e-21
4	15	47	8.873282147284793e-22
4	15	48	0.5905214548110962
4	15	49	7.282701699296013e-05
4	15	50	1.3894799089086973e-08
4	15	51	3.0047413667431966e-13
4	15	52	5.181323408244131e-15
4	15	53	1.1714428602835531e-15
4	15	54	3.593954177755096e-16
4	15	55	2.986230272715001e-16
4	15	56	2.7131349391193937e-16
4	15	57	9.708942442590517e-17
4	15	58	8.585372428647898e-17
4	15	59	6.9167658299047e-17
4	15	60	3.886997799003032e-18
4	15	61	2.944081797454341e-18
4	15	62	9.800269427429996e-19
4	15	63	8.334462471991754e-19
4	15	64	0.16298778355121613
4	15	65	0.00015507443458773196
4	15	66	8.685847596723306e-09
4	15	67	5.376664283067434e-13
4	15	68	9.753853320594022e-16
4	15	69	2.814315142251288e-16
4	15	70	9.550541987498042e-17
4	15	71	8.900088843689214e-17
4	15	72	2.5169774279202422e-17
4	15	73	2.392643082866784e-17
4	15	74	1.4318944735184913e-17
4	15	75	8.157190325493704e-18
4	15	76	3.885361222161096e-18
4	15	77	3.660606737153394e-18
4	15	78	3.1019312261817634e-18
4	15	79	1.8631858141784228e-19
4	15	80	2.754831984930206e-05
4	15	81	2.7480558628667495e-07
4	15	82	4.867210107173392e-11
4	15	83	4.7266827089701216e-15
4	15	84	3.363669990352477e-19
4	15	85	6.741653177982448e-20
4	15	86	2.2383950046559615e-20
4	15	87	1.4924916727522312e-20
4	15	88	9.545519673813456e-21
4	15	89	6.0466042477477525e-21
4	15	90	4.445165618180185e-21
4	15	91	2.8394026677003623e-21
4	15	92	1.7341433606422917e-21
4	15	93	1.568987239576829e-21
4	15	94	9.262811312427852e-22
4	15	95	3.8912097695626157e-22
4	15	96	0.05838427692651749
4	15	97	4.089159847353585e-05
4	15	98	4.890098104226581e-09
4	15	99	1.1264964248957135e-13
4	15	100	7.811795766766267e-16
4	15	101	7.003539061394983e-17
4	15	102	1.3336138362186158e-17
4	15	103	1.2804688880691252e-17
4	15	104	3.348464549537374e-18
4	15	105	2.137750892626172e-18
4	15	106	1.6616477557244584e-18
4	15	107	8.457336533071327e-19
4	15	108	7.103044897938656e-19
4	15	109	6.499944411398947e-19
4	15	110	2.380610034797187e-19
4	15	111	1.3243020727775898e-19
4	15	112	0.18764880299568176
4	15	113	6.136877345852554e-05
4	15	114	4.352691984621515e-09
4	15	115	4.852050361427336e-14
4	15	116	8.785483962436727e-16
4	15	117	1.0817516002899793e-16
4	15	118	2.2949307186477325e-17
4	15	119	2.1140804162944463e-17
4	15	120	4.419360487894197e-18
4	15	121	1.5209129006659114e-18
4	15	122	9.392647229273052e-19
4	15	123	8.720385137742018e-19
4	15	124	3.7724804851581414e-19
4	15	125	2.274740480666232e-19
4	15	126	1.9246657547124852e-19
4	15	127	4.462083965866952e-20
5	15	0	2.6235447876388207e-05
5	15	1	8.318054369738093e-07
5	15	2	3.516996693875285e-10
5	15	3	1.4079864458040915e-14
5	15	4	3.0280820403578893e-19
5	15	5	1.015595941727327e-19
5	15	6	2.9565325329591863e-20
5	15	7	1.58607875800951e-20
5	15	8	7.509209416448174e-21
5	15	9	7.30248211796954e-21
5	15	10	6.5844235110978064e-21
5	15	11	3.950875522875384e-21
5	15	12	2.9380627369477423e-21
5	15	13	1.4144754143430178e-21
5	15	14	7.893573953420962e-22
5	15	15	5.766344005740975e-22
5	15	16	6.492881948361173e-05
5	15	17	4.166606970557041e-07
5	15	18	2.0962892532949695e-10
5	15	19	7.78221515278666e-15
5	15	20	1.1710551028278066e-18
5	15	21	3.8907574899834503e-19
5	15	22	8.080984605502243e-20
5	15	23	5.0110775991872877e-20
5	15	24	2.5292241147700768e-20
5	15	25	2.2953746626050806e-20
5	15	26	6.785001481048061e-21
5	15	27	5.521013363414132e-21
5	15	28	5.4502086416841535e-21
5	15	29	1.1670894422592754e-21
5	15	30	1.1202446855184916e-21
5	15	31	9.887701230720307e-22
5	15	32	8.358033664990216e-05
5	15	33	4.908202413389517e-07
5	15	34	8.70880589864953e-11
5	15	35	6.988992514605531e-15
5	15	36	7.501553633696797e-19
5	15	37	1.0578778603493432e-19
5	15	38	1.0404991834205163e-19
5	15	39	4.623903758137052e-20
5	15	40	3.045717143276608e-20
5	15	41	1.6538977131573416e-20
5	15	42	1.2574756051178512e-20
5	15	43	8.06166993819913e-21
5	15	44	3.484865472555806e-21
5	15	45	2.6281725259311783e-21
5	15	46	2.601967500671048e-21
5	15	47	1.1731212368236636e-21
5	15	48	0.5279425978660583
5	15	49	7.645432197023183e-05
5	15	50	1.866709098408137e-08
5	15	51	5.535751978341663e-13
5	15	52	3.5741245541247215e-15
5	15	53	3.616371698797569e-16
5	15	54	2.8200979950008707e-16
5	15	55	1.8303640836336583e-16
5	15	56	1.0490720103937244e-16
5	15	57	8.981106221605108e-17
5	15	58	4.24972278418019e-17
5	15	59	1.6863082638518334e-17
5	15	60	4.026149843959459e-18
5	15	61	3.972824405000309e-18
5	15	62	2.8113126916946797e-18
5	15	63	2.3196958858021108e-18
5	15	64	0.2189711481332779
5	15	65	0.0001828021922847256
5	15	66	1.9945106899399434e-08
5	15	67	1.0817213010744231e-12
5	15	68	2.046972854619685e-15
5	15	69	2.9568234063686997e-16
5	15	70	1.5176880915529397e-16
5	15	71	1.222698544457585e-16
5	15	72	7.723145827902224e-17
5	15	73	2.480158957111017e-17
5	15	74	2.0132896167077175e-17
5	15	75	1.4809173325214465e-17
5	15	76	6.45794090367654e-18
5	15	77	4.3277862174105956e-18
5	15	78	5.367031640591726e-19
5	15	79	5.245067995173845e-19
5	15	80	4.019878906547092e-05
5	15	81	3.0287569074971543e-07
5	15	82	1.1397080501573953e-10
5	15	83	8.431403226418985e-15
5	15	84	2.6917315332361044e-19
5	15	85	1.469424448901483e-19
5	15	86	3.3380020589570737e-20
5	15	87	1.7395311013957536e-20
5	15	88	1.0808414442854523e-20
5	15	89	6.552855746295111e-21
5	15	90	3.2844831905971443e-21
5	15	91	2.852116732598922e-21
5	15	92	2.4054941317828395e-21
5	15	93	2.0659320474652034e-21
5	15	94	1.096715476448871e-21
5	15	95	4.3178237276222215e-22
5	15	96	0.07623700797557831
5	15	97	4.056257603224367e-05
5	15	98	1.0165789099403355e-08
5	15	99	1.699088054496825e-13
5	15	100	7.59794694675975e-16
5	15	101	7.411806294993595e-17
5	15	102	3.5207741707070196e-17
5	15	103	1.0506273250122833e-17
5	15	104	2.47911406256124e-18
5	15	105	1.6951115542004443e-18
5	15	106	1.4381404522853332e-18
5	15	107	1.1989625223341207e-18
5	15	108	8.925407022442114e-19
5	15	109	6.369692933231167e-19
5	15	110	3.746684082273851e-19
5	15	111	8.339842377147617e-20
5	15	112	0.17628106474876404
5	15	113	5.07777149323374e-05
5	15	114	5.156363336311642e-09
5	15	115	7.293669249293366e-14
5	15	116	1.4060978799690696e-15
5	15	117	1.1801638585689242e-16
5	15	118	2.886356088508654e-17
5	15	119	1.083759134549421e-17
5	15	120	3.3763742437903726e-18
5	15	121	2.8907908932857654e-18
5	15	122	2.415563844050322e-18
5	15	123	1.881497783482757e-18
5	15	124	1.110600297566639e-18
5	15	125	3.6304639137404435e-19
5	15	126	2.3953778906059007e-20
5	15	127	1.9686659471866243e-20
6	15	0	2.95132977043977e-05
6	15	1	1.6803913638341328e-07
6	15	2	3.321236341502498e-10
6	15	3	1.2561967864034053e-14
6	15	4	2.485363412089078e-19
6	15	5	6.037177700718272e-20
6	15	6	3.773054147837644e-20
6	15	7	7.205109065822698e-21
6	15	8	6.213435429748474e-21
6	15	9	6.09217834520773e-21
6	15	10	4.842621055750513e-21
6	15	11	2.4758505280831628e-21
6	15	12	2.0199635447961646e-21
6	15	13	1.0785004383336027e-21
6	15	14	8.513641344118747e-22
6	15	15	8.076503350494769e-22
6	15	16	3.88838816434145e-05
6	15	17	2.3649275249226775e-07
6	15	18	1.7649418038168108e-10
6	15	19	6.499157172856632e-15
6	15	20	3.037087193795236e-19
6	15	21	1.0950041173096813e-19
6	15	22	1.0196383346067825e-19
6	15	23	3.36232343078812e-20
6	15	24	1.6936419644446673e-20
6	15	25	1.4165506764061812e-20
6	15	26	7.284691272451115e-21
6	15	27	4.289703726737449e-21
6	15	28	2.5928879009785715e-21
6	15	29	2.5592572333542873e-21
6	15	30	7.310501993476379e-22
6	15	31	5.955800374835709e-22
6	15	32	9.998070891015232e-05
6	15	33	2.535270198222861e-07
6	15	34	8.623362440784987e-11
6	15	35	6.286532844854489e-15
6	15	36	6.448250276005328e-19
6	15	37	8.694496711014581e-20
6	15	38	6.249214464753731e-20
6	15	39	4.430583894165167e-20
6	15	40	3.606849652086159e-20
6	15	41	1.2848064926619128e-20
6	15	42	1.2087503049532163e-20
6	15	43	8.817057897489804e-21
6	15	44	7.933242070164603e-21
6	15	45	7.245997960594386e-21
6	15	46	6.100318480981848e-21
6	15	47	3.0349816071615696e-21
6	15	48	0.4690045118331909
6	15	49	6.184785888763145e-05
6	15	50	2.0747378925989324e-08
6	15	51	3.723980759179346e-13
6	15	52	5.031162254387836e-15
6	15	53	4.103509875884174e-16
6	15	54	2.290063422487348e-16
6	15	55	1.343889239223872e-16
6	15	56	4.1277331652910746e-17
6	15	57	3.245003073265926e-17
6	15	58	2.7826289631834847e-17
6	15	59	2.181500102992826e-17
6	15	60	3.3069677933377326e-18
6	15	61	2.309897724651267e-18
6	15	62	1.40857484584358e-18
6	15	63	1.2137762931291797e-18
6	15	64	0.23754407465457916
6	15	65	0.00017164123710244894
6	15	66	2.179739233554301e-08
6	15	67	9.060414636434533e-13
6	15	68	2.467084044040636e-15
6	15	69	2.200586832406344e-16
6	15	70	9.582106537928576e-17
6	15	71	4.228865590470788e-17
6	15	72	3.384661270039174e-17
6	15	73	2.3936009580161204e-17
6	15	74	1.6231530240834097e-17
6	15	75	1.4987372844576763e-17
6	15	76	6.902079403564943e-18
6	15	77	2.0594024129566805e-18
6	15	78	1.9967804978882004e-18
6	15	79	3.5829010285186444e-19
6	15	80	5.066107041784562e-05
6	15	81	4.3604416077869246e-07
6	15	82	1.0653176257813257e-10
6	15	83	7.111711495036682e-15
6	15	84	2.7174542653470894e-19
6	15	85	1.4881070985178173e-19
6	15	86	4.6449865239994976e-20
6	15	87	3.5830071402815984e-20
6	15	88	1.9553035875609117e-20
6	15	89	1.362019279199763e-20
6	15	90	1.1048883278624504e-20
6	15	91	5.7462702346281635e-21
6	15	92	4.679845401352645e-21
6	15	93	2.4817750880515388e-21
6	15	94	2.2720125052451046e-21
6	15	95	1.062903762091395e-21
6	15	96	0.09476121515035629
6	15	97	4.569787415675819e-05
6	15	98	1.0415288187459737e-08
6	15	99	1.523013079584093e-13
6	15	100	2.103468814001024e-16
6	15	101	5.5398787016848624e-17
6	15	102	2.0413930780192066e-17
6	15	103	2.0855847472955152e-18
6	15	104	1.7883022389985512e-18
6	15	105	1.643095542150966e-18
6	15	106	9.702843060907734e-19
6	15	107	6.752951043433244e-19
6	15	108	4.2360309494692096e-19
6	15	109	2.9397585379828327e-19
6	15	110	2.250588357743332e-19
6	15	111	5.507192742497891e-20
6	15	112	0.19813114404678345
6	15	113	5.943445648881607e-05
6	15	114	6.089853510360399e-09
6	15	115	6.619754251051616e-14
6	15	116	1.3679052702564917e-15
6	15	117	6.400975042841544e-17
6	15	118	2.3425506793317978e-17
6	15	119	1.960462554067631e-17
6	15	120	5.5492792784742825e-18
6	15	121	1.8031974870839467e-18
6	15	122	1.7945695797047124e-18
6	15	123	8.122403348230363e-19
6	15	124	4.85879274368748e-19
6	15	125	4.307243186897841e-19
6	15	126	1.8959782263403512e-19
6	15	127	1.2446422694991317e-20
7	15	0	2.071839480777271e-05
7	15	1	4.6186158897398855e-07
7	15	2	1.2783134273330887e-10
7	15	3	4.127337018569556e-15
7	15	4	2.6077595178709596e-19
7	15	5	4.136029078561582e-20
7	15	6	1.4956196110021607e-20
7	15	7	9.985878643311437e-21
7	15	8	7.436348860090317e-21
7	15	9	4.7369713507167384e-21
7	15	10	3.494413592517112e-21
7	15	11	3.34235836849458e-21
7	15	12	1.1804952813737289e-21
7	15	13	9.316274119914235e-22
7	15	14	7.5083250844407595e-22
7	15	15	2.4694670908816633e-22
7	15	16	2.6335346774430946e-05
7	15	17	3.5695424571713374e-07
7	15	18	6.258174534146121e-11
7	15	19	2.2933209523838104e-15
7	15	20	1.3220655831963995e-19
7	15	21	4.4434788644330445e-20
7	15	22	1.5917019705877367e-20
7	15	23	1.2355940929764094e-20
7	15	24	7.019322199980014e-21
7	15	25	5.9031510154712406e-21
7	15	26	2.7933614636102983e-21
7	15	27	2.6390694592008924e-21
7	15	28	2.094210678811685e-21
7	15	29	1.0760023367278212e-21
7	15	30	3.6799720042416437e-22
7	15	31	2.3226748438961787e-22
7	15	32	7.163868576753885e-05
7	15	33	3.0260696348705096e-07
7	15	34	3.268267254052937e-11
7	15	35	1.8810325357472265e-15
7	15	36	6.779957456457335e-19
7	15	37	1.6679147086897074e-19
7	15	38	6.47300947194966e-20
7	15	39	5.748271947087056e-20
7	15	40	3.1809686051298437e-20
7	15	41	2.211624887406074e-20
7	15	42	1.3467720948442946e-20
7	15	43	9.041065515952553e-21
7	15	44	4.539084948931549e-21
7	15	45	4.0005103985964e-21
7	15	46	3.008114393124935e-21
7	15	47	2.0459732859614856e-21
7	15	48	0.5636963844299316
7	15	49	8.065614383667707e-05
7	15	50	6.506394090166623e-09
7	15	51	1.5571584007032652e-13
7	15	52	3.596926681064807e-15
7	15	53	6.169713343021847e-16
7	15	54	4.075371706074182e-16
7	15	55	2.6580989733715455e-16
7	15	56	1.6432116245422286e-16
7	15	57	1.0203073670750094e-16
7	15	58	5.197894112314614e-17
7	15	59	4.915979875336334e-18
7	15	60	3.322517961673117e-18
7	15	61	2.5514547294417586e-18
7	15	62	2.1933467355716266e-18
7	15	63	1.2730933114577808e-18
7	15	64	0.18084676563739777
7	15	65	0.00017067708540707827
7	15	66	5.478427045346734e-09
7	15	67	2.5270673682971367e-13
7	15	68	2.9523225379847863e-15
7	15	69	1.9367707447479076e-16
7	15	70	1.2001656151760484e-16
7	15	71	8.235549806665342e-17
7	15	72	4.8027638303323235e-17
7	15	73	3.846797482977445e-17
7	15	74	1.0038142790157635e-17
7	15	75	8.781039190133234e-18
7	15	76	6.722901743128301e-18
7	15	77	2.7015753961157917e-18
7	15	78	1.6843689595852181e-18
7	15	79	5.391991298587631e-19
7	15	80	3.32829040416982e-05
7	15	81	2.4129920461746224e-07
7	15	82	2.8911869426329062e-11
7	15	83	2.168496248045786e-15
7	15	84	1.4774331081946447e-19
7	15	85	2.6716854573257354e-20
7	15	86	1.811623284512731e-20
7	15	87	1.0832318670087599e-20
7	15	88	8.917450481989892e-21
7	15	89	7.391518740505497e-21
7	15	90	4.492729311195551e-21
7	15	91	4.3140603183680145e-21
7	15	92	2.4354881127687314e-21
7	15	93	1.858822056784229e-21
7	15	94	1.6889080316094526e-21
7	15	95	3.625302050243655e-22
7	15	96	0.06161174178123474
7	15	97	4.599738895194605e-05
7	15	98	2.856481495783214e-09
7	15	99	6.382233337740711e-14
7	15	100	2.848837822901209e-16
7	15	101	9.087721861629312e-17
7	15	102	2.21510084121922e-17
7	15	103	7.28649753117855e-18
7	15	104	4.003889172904738e-18
7	15	105	2.7470095320311856e-18
7	15	106	2.02881989134937e-18
7	15	107	9.050502580454274e-19
7	15	108	4.6044843361641775e-19
7	15	109	4.524310889268241e-19
7	15	110	1.4661413173514716e-19
7	15	111	5.439433079397873e-20
7	15	112	0.19333021342754364
7	15	113	6.339461833704263e-05
7	15	114	2.1687194262653975e-09
7	15	115	2.293771489208455e-14
7	15	116	2.062274504811834e-15
7	15	117	1.3895350506580183e-16
7	15	118	1.8672738751825094e-17
7	15	119	5.746591219479925e-18
7	15	120	2.126700380027923e-18
7	15	121	2.0645809771815687e-18
7	15	122	1.6360071212892694e-18
7	15	123	1.5002746409851368e-18
7	15	124	2.4358359729124655e-19
7	15	125	1.5135590582251618e-19
7	15	126	5.991422980616726e-20
7	15	127	1.5902020191029525e-21
0	16	0	1.734823854349088e-05
0	16	1	5.180829703022027e-07
0	16	2	1.2909949498318696e-10
0	16	3	6.649151461222318e-15
0	16	4	1.2221430699287888e-19
0	16	5	3.631413038869863e-20
0	16	6	1.5424178388334884e-20
0	16	7	7.236572625255257e-21
0	16	8	6.839126881207732e-21
0	16	9	4.2832429937890125e-21
0	16	10	3.735773828488218e-21
0	16	11	1.998671520010202e-21
0	16	12	1.8799242500819595e-21
0	16	13	1.3915984985787064e-21
0	16	14	7.987025066826084e-22
0	16	15	4.769893785331202e-22
0	16	16	3.0186587537173182e-05
0	16	17	3.9611765600966464e-07
0	16	18	5.505524508508941e-11
0	16	19	3.014815993558498e-15
0	16	20	1.7070976080714908e-19
0	16	21	7.745327637625296e-20
0	16	22	4.5156306627152626e-20
0	16	23	2.0350832189370905e-20
0	16	24	1.2301995667569852e-20
0	16	25	5.961642135963473e-21
0	16	26	4.844041156841205e-21
0	16	27	4.500523307426233e-21
0	16	28	2.082572191047514e-21
0	16	29	1.807300377239218e-21
0	16	30	6.617939169112997e-22
0	16	31	4.521656802724682e-22
0	16	32	6.647554982919246e-05
0	16	33	2.7829528903566825e-07
0	16	34	3.541255483296979e-11
0	16	35	2.6145859379590264e-15
0	16	36	4.668474511363397e-19
0	16	37	4.31859139404373e-20
0	16	38	3.2386806087267563e-20
0	16	39	3.081614196921995e-20
0	16	40	2.1463075073763618e-20
0	16	41	7.65794279137503e-21
0	16	42	7.505995205845295e-21
0	16	43	6.635970030295001e-21
0	16	44	4.920502856920508e-21
0	16	45	4.3399129436845644e-21
0	16	46	2.406481255521648e-21
0	16	47	1.412782581949286e-21
0	16	48	0.5581627488136292
0	16	49	9.104180935537443e-05
0	16	50	5.418856030559027e-09
0	16	51	2.313944934100032e-13
0	16	52	4.2861743309045765e-15
0	16	53	4.382658583376893e-16
0	16	54	2.8003634508188256e-16
0	16	55	1.3629445688613376e-16
0	16	56	1.0113062523470033e-16
0	16	57	2.941679251365181e-17
0	16	58	2.14236933149927e-17
0	16	59	1.407974726309173e-17
0	16	60	1.392207340344932e-17
0	16	61	5.213321940637402e-18
0	16	62	7.649081295945629e-19
0	16	63	3.4704789114665624e-19
0	16	64	0.1787858009338379
0	16	65	0.00020415887411218137
0	16	66	4.951216769910616e-09
0	16	67	3.389488396985524e-13
0	16	68	1.1529963885164858e-15
0	16	69	1.5502431411361687e-16
0	16	70	1.0226071277012538e-16
0	16	71	7.6137336556631e-17
0	16	72	5.618208073482204e-17
0	16	73	4.4786612314442464e-17
0	16	74	6.8213775950527386e-18
0	16	75	6.755955053225307e-18
0	16	76	6.7360609459031005e-18
0	16	77	3.4553125032366143e-18
0	16	78	1.1952058815822111e-18
0	16	79	1.0682306590256009e-18
0	16	80	3.2186362659558654e-05
0	16	81	2.3032782792142825e-07
0	16	82	2.995302963992863e-11
0	16	83	2.638410645424685e-15
0	16	84	2.0240237172120285e-19
0	16	85	4.1528486330951114e-20
0	16	86	2.066691858094273e-20
0	16	87	1.1230633600013158e-20
0	16	88	7.003052429748148e-21
0	16	89	5.568423171754995e-21
0	16	90	2.8685422050408167e-21
0	16	91	2.1634521180412305e-21
0	16	92	2.1496210765879756e-21
0	16	93	1.859537559936152e-21
0	16	94	1.3742825347034493e-21
0	16	95	6.249826126042622e-22
0	16	96	0.06453657150268555
0	16	97	4.51485175290145e-05
0	16	98	2.7310202987962384e-09
0	16	99	9.873633350808084e-14
0	16	100	5.329380426380328e-16
0	16	101	7.414197839580608e-17
0	16	102	3.051981469943412e-17
0	16	103	1.531879764624716e-17
0	16	104	1.3164087276316966e-17
0	16	105	4.91387428708708e-18
0	16	106	9.058965672096458e-19
0	16	107	8.068382250376056e-19
0	16	108	3.0280313755453705e-19
0	16	109	2.774810193539692e-19
0	16	110	1.3036553861943248e-19
0	16	111	8.121973343558806e-21
0	16	112	0.19796322286128998
0	16	113	6.382505671354011e-05
0	16	114	1.9871879697319628e-09
0	16	115	3.5525981435064954e-14
0	16	116	8.493799696720236e-16
0	16	117	2.1349738074274538e-16
0	16	118	8.545482470788141e-17
0	16	119	2.3514294705908195e-17
0	16	120	5.531810878298388e-18
0	16	121	3.9575881517073885e-18
0	16	122	1.874894400652746e-18
0	16	123	1.7230237299952805e-18
0	16	124	1.215552249904331e-18
0	16	125	4.981341619388743e-19
0	16	126	4.945106455667975e-19
0	16	127	1.5345092166956572e-19
1	16	0	2.3502865587943234e-05
1	16	1	2.083597649971125e-07
1	16	2	4.0032990811234015e-10
1	16	3	2.152135552559685e-14
1	16	4	3.3405097086828164e-19
1	16	5	1.4144593311731e-19
1	16	6	2.0112423227196637e-20
1	16	7	1.035842172727714e-20
1	16	8	6.039330066677401e-21
1	16	9	4.7430867519153055e-21
1	16	10	2.151551299316194e-21
1	16	11	2.031906570735074e-21
1	16	12	1.9166124163571356e-21
1	16	13	1.2581173769119508e-21
1	16	14	7.899330492327413e-22
1	16	15	6.094972604129993e-22
1	16	16	4.299623833503574e-05
1	16	17	3.2720512876949215e-07
1	16	18	2.041384145057279e-10
1	16	19	1.0829943035027198e-14
1	16	20	3.6692170669446114e-19
1	16	21	1.5182880756365216e-19
1	16	22	4.9975738756873595e-20
1	16	23	3.173232850815339e-20
1	16	24	1.700538905919255e-20
1	16	25	9.313307296091233e-21
1	16	26	9.197994764409647e-21
1	16	27	5.346215317359402e-21
1	16	28	4.714299816466823e-21
1	16	29	4.175881170290095e-21
1	16	30	3.848244138504504e-21
1	16	31	1.6601184708318776e-21
1	16	32	8.765757957007736e-05
1	16	33	2.632306177474675e-07
1	16	34	1.0202358402544576e-10
1	16	35	1.05835479269345e-14
1	16	36	7.199615649514808e-19
1	16	37	1.945408342548018e-19
1	16	38	5.0148331930387345e-20
1	16	39	4.9833654330796274e-20
1	16	40	3.240386668740147e-20
1	16	41	2.820165669748711e-20
1	16	42	2.0468710273421113e-20
1	16	43	1.2114129541085848e-20
1	16	44	7.23722532245735e-21
1	16	45	5.730361144223939e-21
1	16	46	3.660152637615322e-21
1	16	47	8.8500479848155e-22
1	16	48	0.4843612611293793
1	16	49	8.005612471606582e-05
1	16	50	2.2628460882856416e-08
1	16	51	6.343279308936023e-13
1	16	52	3.566239524418731e-15
1	16	53	7.385589434135992e-16
1	16	54	3.8173593822912136e-16
1	16	55	2.0653355230645335e-16
1	16	56	1.0870411886966844e-16
1	16	57	5.4671400782116444e-17
1	16	58	2.6820552157894897e-17
1	16	59	2.0159466862713603e-17
1	16	60	1.7198767420343378e-17
1	16	61	9.698940836368015e-18
1	16	62	1.0634970145726896e-18
1	16	63	9.934109318492607e-19
1	16	64	0.22333301603794098
1	16	65	0.00021851887868251652
1	16	66	2.2478211292309425e-08
1	16	67	1.4270403435323598e-12
1	16	68	1.7836627103285556e-15
1	16	69	4.171198660979429e-16
1	16	70	1.8251631689886189e-16
1	16	71	1.5386207903086556e-16
1	16	72	5.688001603102488e-17
1	16	73	3.910026176384263e-17
1	16	74	2.7233780159063113e-17
1	16	75	1.1357415630660297e-17
1	16	76	6.759573141224614e-18
1	16	77	5.134549944494283e-18
1	16	78	7.110766628956839e-19
1	16	79	3.435433853852105e-19
1	16	80	5.3264691814547405e-05
1	16	81	4.750730795421987e-07
1	16	82	1.2209148969599681e-10
1	16	83	1.1855550009320492e-14
1	16	84	6.763537921298157e-19
1	16	85	2.4628131761211754e-19
1	16	86	5.823604836435909e-20
1	16	87	3.569001615417883e-20
1	16	88	1.9257753399560427e-20
1	16	89	8.801093473226244e-21
1	16	90	8.532265428701478e-21
1	16	91	6.825526060921057e-21
1	16	92	5.221484720480788e-21
1	16	93	1.9961647346235757e-21
1	16	94	1.537511361292374e-21
1	16	95	9.28353525638786e-22
1	16	96	0.08800223469734192
1	16	97	5.315873204381205e-05
1	16	98	1.1939840227626064e-08
1	16	99	2.6613284601247067e-13
1	16	100	3.767556491970621e-16
1	16	101	7.886348562758936e-17
1	16	102	2.3061348800447633e-17
1	16	103	1.0720784344014985e-17
1	16	104	2.954213932777503e-18
1	16	105	1.6299424398331837e-18
1	16	106	9.870680075146275e-19
1	16	107	9.162208152300732e-19
1	16	108	6.529557477328345e-19
1	16	109	5.666947168176023e-19
1	16	110	3.957261777256948e-19
1	16	111	6.230825205760911e-20
1	16	112	0.20367109775543213
1	16	113	7.048988481983542e-05
1	16	114	7.094412168839881e-09
1	16	115	1.1086080377266036e-13
1	16	116	1.9207111588866437e-15
1	16	117	7.827081402741757e-17
1	16	118	2.34278080097821e-17
1	16	119	1.59211522226695e-17
1	16	120	4.175617244744728e-18
1	16	121	1.8560654951643547e-18
1	16	122	1.4553644205902187e-18
1	16	123	1.0448628067209778e-18
1	16	124	4.96791337611971e-19
1	16	125	2.3906532999032877e-19
1	16	126	2.369689441253897e-19
1	16	127	5.571838199838617e-20
2	16	0	1.4794831258768681e-05
2	16	1	4.238758890551253e-07
2	16	2	2.0612582474210939e-10
2	16	3	1.4040003934576075e-14
2	16	4	1.6273776887957806e-19
2	16	5	6.506046936368057e-20
2	16	6	1.0004874716831746e-20
2	16	7	8.34771771819049e-21
2	16	8	4.561061376817107e-21
2	16	9	1.8995340447647565e-21
2	16	10	1.6223802738938672e-21
2	16	11	1.5342479762561068e-21
2	16	12	1.30486449160533e-21
2	16	13	9.398928567426141e-22
2	16	14	4.515261097158385e-22
2	16	15	4.35874049127197e-22
2	16	16	2.351420516788494e-05
2	16	17	4.017610990558751e-07
2	16	18	8.554362079804534e-11
2	16	19	7.166268040136384e-15
2	16	20	2.174662224798914e-19
2	16	21	5.628056108454106e-20
2	16	22	3.52855151411176e-20
2	16	23	1.3014577030160906e-20
2	16	24	9.500334932852747e-21
2	16	25	7.573329646411672e-21
2	16	26	5.18367876985735e-21
2	16	27	3.8058394191044406e-21
2	16	28	1.7106159691081968e-21
2	16	29	1.1231491072884471e-21
2	16	30	1.0166146663504744e-21
2	16	31	8.253811514084589e-22
2	16	32	5.734248043154366e-05
2	16	33	3.657501395082363e-07
2	16	34	4.907321424219013e-11
2	16	35	6.23776576994927e-15
2	16	36	2.9615500942326594e-19
2	16	37	8.494018503569844e-20
2	16	38	4.887682608192263e-20
2	16	39	4.886677066760128e-20
2	16	40	1.6670430994309723e-20
2	16	41	1.3136670988837007e-20
2	16	42	1.0517117620265146e-20
2	16	43	5.2590867032285724e-21
2	16	44	3.6716495595568855e-21
2	16	45	2.672877841409905e-21
2	16	46	1.6165789024444505e-21
2	16	47	9.979117209207704e-22
2	16	48	0.5767704248428345
2	16	49	6.83784528519027e-05
2	16	50	1.0292671603906456e-08
2	16	51	4.831980627249821e-13
2	16	52	8.581236578524692e-15
2	16	53	1.02126762450451e-15
2	16	54	9.112512795459772e-16
2	16	55	1.681247639038683e-16
2	16	56	1.0340817771585894e-16
2	16	57	2.941319262362598e-17
2	16	58	1.1287565191013869e-17
2	16	59	8.532009022098632e-18
2	16	60	4.0423720965425424e-18
2	16	61	1.736419403027694e-18
2	16	62	1.180620102443487e-18
2	16	63	5.148584614549894e-19
2	16	64	0.1740073710680008
2	16	65	0.00012423688895069063
2	16	66	8.25287393979579e-09
2	16	67	7.504095001636957e-13
2	16	68	9.93800463607421e-16
2	16	69	3.1465691097677076e-16
2	16	70	1.2914155481414682e-16
2	16	71	1.0470119997962223e-16
2	16	72	6.724697138647847e-17
2	16	73	2.937174425749217e-17
2	16	74	8.624438183745308e-18
2	16	75	6.796380610531692e-18
2	16	76	2.083478538660802e-18
2	16	77	1.619353080426433e-18
2	16	78	6.918168480069406e-19
2	16	79	1.4859777546753468e-19
2	16	80	3.6089986679144204e-05
2	16	81	2.784891250939836e-07
2	16	82	5.378218009832736e-11
2	16	83	6.492116211482581e-15
2	16	84	6.289458998752938e-19
2	16	85	1.016751409645487e-19
2	16	86	2.7535656750934014e-20
2	16	87	1.594284001945124e-20
2	16	88	1.1688207458216331e-20
2	16	89	5.230411243292329e-21
2	16	90	5.2060453620357434e-21
2	16	91	4.681017105921501e-21
2	16	92	2.823153294256062e-21
2	16	93	1.7393073829673878e-21
2	16	94	1.4223835114150305e-21
2	16	95	9.490014360293049e-22
2	16	96	0.059440337121486664
2	16	97	3.696558269439265e-05
2	16	98	3.261171110935379e-09
2	16	99	1.725939405500601e-13
2	16	100	1.1625682049275942e-16
2	16	101	5.104708907588065e-17
2	16	102	3.909697289372712e-17
2	16	103	7.025988577783549e-18
2	16	104	5.281315773398954e-18
2	16	105	2.568552966293536e-18
2	16	106	7.653599253053818e-19
2	16	107	5.342514007235654e-19
2	16	108	5.335048702207363e-19
2	16	109	4.514681472962358e-19
2	16	110	4.095292889085789e-19
2	16	111	2.348492679563284e-19
2	16	112	0.18936488032341003
2	16	113	5.3459145419765264e-05
2	16	114	1.7878679647864715e-09
2	16	115	7.365365506080759e-14
2	16	116	1.388687223617376e-15
2	16	117	8.559250064903474e-17
2	16	118	1.2411154395546698e-17
2	16	119	6.000687041585802e-18
2	16	120	3.958145671440249e-18
2	16	121	3.89346593780289e-18
2	16	122	3.4477591034730864e-18
2	16	123	2.8005097128947372e-18
2	16	124	4.744421065329187e-19
2	16	125	4.644254663027844e-19
2	16	126	2.3142349944944005e-19
2	16	127	3.972715191310058e-20
3	16	0	3.1232109904522076e-05
3	16	1	4.931362695970165e-07
3	16	2	3.3558811285416823e-10
3	16	3	1.9470886966003846e-14
3	16	4	2.705391387076652e-19
3	16	5	1.9633284350371551e-19
3	16	6	3.272041190571932e-20
3	16	7	1.8147752950109556e-20
3	16	8	8.26756763268451e-21
3	16	9	7.429601360425615e-21
3	16	10	6.504077131755058e-21
3	16	11	2.4807293992791268e-21
3	16	12	2.1324211320637712e-21
3	16	13	1.7661941859980207e-21
3	16	14	8.144868939549353e-22
3	16	15	4.721933566648662e-22
3	16	16	3.7816029362147674e-05
3	16	17	4.2155147639277857e-07
3	16	18	1.6792621460037793e-10
3	16	19	9.537871353988963e-15
3	16	20	4.1891148160888504e-19
3	16	21	9.551161142526296e-20
3	16	22	4.1770174935007184e-20
3	16	23	3.185901962001898e-20
3	16	24	1.3777851478045677e-20
3	16	25	9.311097172892068e-21
3	16	26	7.464152306871042e-21
3	16	27	5.002181691751935e-21
3	16	28	2.8852873617868304e-21
3	16	29	2.602568499084856e-21
3	16	30	1.607319063812349e-21
3	16	31	8.799460922427445e-22
3	16	32	7.698493573116139e-05
3	16	33	3.2928971904766513e-07
3	16	34	8.467261614075738e-11
3	16	35	7.463239485509636e-15
3	16	36	6.5703736706790085e-19
3	16	37	8.976677744759682e-20
3	16	38	6.664572869589577e-20
3	16	39	3.15559580919206e-20
3	16	40	2.259921572304087e-20
3	16	41	1.78693226634545e-20
3	16	42	1.4354087787852564e-20
3	16	43	9.467867286016474e-21
3	16	44	6.563302940496428e-21
3	16	45	6.298123295616776e-21
3	16	46	2.9181506255225156e-21
3	16	47	7.56850570517826e-22
3	16	48	0.5740563273429871
3	16	49	0.00010310570360161364
3	16	50	1.8962161618674145e-08
3	16	51	6.119221340576686e-13
3	16	52	5.13770417607585e-15
3	16	53	1.2294600643683812e-15
3	16	54	3.819427466171494e-16
3	16	55	1.499332358190347e-16
3	16	56	1.08602137426308e-16
3	16	57	9.533121563797675e-17
3	16	58	3.498049534046718e-17
3	16	59	1.9220927887376237e-17
3	16	60	7.043243565361405e-18
3	16	61	2.3983841299082083e-18
3	16	62	1.637465027118894e-19
3	16	63	9.776932982139255e-20
3	16	64	0.15643754601478577
3	16	65	0.00018541542522143573
3	16	66	1.6105094147178534e-08
3	16	67	1.0300885578545804e-12
3	16	68	5.761150177287287e-16
3	16	69	2.0990659632109758e-16
3	16	70	9.19751122822776e-17
3	16	71	5.905501796856161e-17
3	16	72	2.5078074690856018e-17
3	16	73	2.2948079650448297e-17
3	16	74	2.2149373903301794e-17
3	16	75	1.2458444311166355e-17
3	16	76	4.076310076304674e-18
3	16	77	3.74358990979502e-18
3	16	78	5.541913648709804e-19
3	16	79	4.2727820670970577e-19
3	16	80	4.1595838411012664e-05
3	16	81	3.2193418064707657e-07
3	16	82	9.024828107051519e-11
3	16	83	8.887922644770004e-15
3	16	84	3.4584369712053803e-19
3	16	85	2.1980536000522065e-19
3	16	86	4.3220817084877914e-20
3	16	87	2.1701358020141443e-20
3	16	88	1.132674487860843e-20
3	16	89	1.1027109203027466e-20
3	16	90	7.578048776429772e-21
3	16	91	4.593729760354766e-21
3	16	92	2.606180346071065e-21
3	16	93	1.9228920015981845e-21
3	16	94	1.842304899772486e-21
3	16	95	9.740971587736261e-22
3	16	96	0.0711401104927063
3	16	97	5.475509897223674e-05
3	16	98	6.884756764691247e-09
3	16	99	1.9708385856458122e-13
3	16	100	1.5844364053789467e-16
3	16	101	4.2671375830523914e-17
3	16	102	1.226080604740906e-17
3	16	103	1.0060895220086519e-17
3	16	104	8.16149497340143e-18
3	16	105	9.9852466579364e-19
3	16	106	5.087330339226694e-19
3	16	107	4.223392663685165e-19
3	16	108	3.925988404741791e-19
3	16	109	3.49595142144225e-19
3	16	110	2.9136413441172365e-19
3	16	111	7.022130090418719e-20
3	16	112	0.19775763154029846
3	16	113	7.55275905248709e-05
3	16	114	6.077106817770073e-09
3	16	115	9.380782148250486e-14
3	16	116	9.971568316609163e-16
3	16	117	1.7046864965270875e-16
3	16	118	2.090940534966643e-17
3	16	119	9.407449005949229e-18
3	16	120	4.074543632106567e-18
3	16	121	3.865572993957296e-18
3	16	122	1.837340814433145e-18
3	16	123	1.412386597503801e-18
3	16	124	1.211850926855886e-18
3	16	125	1.1350913577455324e-18
3	16	126	6.022502999663699e-19
3	16	127	1.0561398763341869e-19
4	16	0	2.8576760087162256e-05
4	16	1	3.827035754966346e-07
4	16	2	2.826760214791335e-10
4	16	3	1.9356540906256305e-14
4	16	4	4.148298622738187e-19
4	16	5	1.631384086393893e-19
4	16	6	3.6206286716337026e-20
4	16	7	1.5501434149490496e-20
4	16	8	6.255576000652146e-21
4	16	9	5.1447786628474836e-21
4	16	10	3.991849235971602e-21
4	16	11	2.028104892260633e-21
4	16	12	2.016554655943651e-21
4	16	13	1.2545636910625623e-21
4	16	14	1.150731319606025e-21
4	16	15	9.495097401313059e-22
4	16	16	2.3605007299920544e-05
4	16	17	3.31487683524756e-07
4	16	18	1.5079582027510696e-10
4	16	19	9.104492875756931e-15
4	16	20	2.335806830894018e-19
4	16	21	1.5474721708701288e-19
4	16	22	3.4393026034264095e-20
4	16	23	1.647019512493507e-20
4	16	24	7.01259893412232e-21
4	16	25	3.74278062988791e-21
4	16	26	2.9684690965495603e-21
4	16	27	1.9846635717657858e-21
4	16	28	1.623867017953832e-21
4	16	29	1.2884910208743075e-21
4	16	30	1.0657821325188164e-21
4	16	31	1.5029910605153922e-22
4	16	32	5.932914064032957e-05
4	16	33	3.507944086322823e-07
4	16	34	7.154050962743241e-11
4	16	35	7.88780966812317e-15
4	16	36	4.374321330721298e-19
4	16	37	1.0574657563832299e-19
4	16	38	5.993976900757984e-20
4	16	39	4.040067080217481e-20
4	16	40	2.820944382747247e-20
4	16	41	1.8706712171106595e-20
4	16	42	7.836057233918859e-21
4	16	43	7.106757775666283e-21
4	16	44	3.2239556225226403e-21
4	16	45	2.788140895735516e-21
4	16	46	2.467916379668616e-21
4	16	47	7.856486636149518e-22
4	16	48	0.5935689806938171
4	16	49	8.796239853836596e-05
4	16	50	1.9599541545289867e-08
4	16	51	6.288441989354965e-13
4	16	52	4.03984825599708e-15
4	16	53	8.531128438705733e-16
4	16	54	3.7844084771540413e-16
4	16	55	3.072680043498551e-16
4	16	56	1.0660215367149769e-16
4	16	57	1.0487791884568806e-16
4	16	58	8.406262679739546e-17
4	16	59	1.071442580664629e-17
4	16	60	6.998103492153774e-18
4	16	61	1.8603552538210547e-18
4	16	62	1.5539952654819337e-18
4	16	63	4.198589911511704e-19
4	16	64	0.1589347869157791
4	16	65	0.00018815466319210827
4	16	66	1.2396690785010378e-08
4	16	67	1.096545380538383e-12
4	16	68	3.711338650563557e-16
4	16	69	2.310967401532196e-16
4	16	70	1.3059544716343942e-16
4	16	71	6.928040632526043e-17
4	16	72	4.0792633592456724e-17
4	16	73	3.711871090180245e-17
4	16	74	2.810428187465677e-17
4	16	75	6.912168939086559e-18
4	16	76	5.964923060621459e-18
4	16	77	5.452745646628119e-18
4	16	78	7.498187008603706e-19
4	16	79	1.216150146390842e-19
4	16	80	3.047426071134396e-05
4	16	81	2.972271033740981e-07
4	16	82	7.02881086667162e-11
4	16	83	1.0296816262860605e-14
4	16	84	1.9892000596583996e-19
4	16	85	6.388352059898832e-20
4	16	86	2.5560753344940857e-20
4	16	87	1.9116623785479236e-20
4	16	88	1.2723806081183611e-20
4	16	89	5.55569921138524e-21
4	16	90	4.667529780630982e-21
4	16	91	3.2257402404604165e-21
4	16	92	3.222922454550516e-21
4	16	93	1.7048042982908015e-21
4	16	94	1.0922381796298752e-21
4	16	95	1.0671734559636856e-21
4	16	96	0.05921132117509842
4	16	97	4.747874481836334e-05
4	16	98	7.003466695465477e-09
4	16	99	2.394388127439223e-13
4	16	100	3.0306984436546675e-16
4	16	101	6.49699615358017e-17
4	16	102	2.217143646459981e-17
4	16	103	1.8351635509838135e-17
4	16	104	5.173586665552192e-18
4	16	105	4.883772771005969e-18
4	16	106	1.634510751561161e-18
4	16	107	1.2930283642203087e-18
4	16	108	9.354166787177085e-19
4	16	109	4.402267627716402e-19
4	16	110	1.8653315723861737e-19
4	16	111	6.475583425371377e-20
4	16	112	0.18774868547916412
4	16	113	7.104598626028746e-05
4	16	114	6.451682299513095e-09
4	16	115	9.989283163668039e-14
4	16	116	6.395051635562277e-16
4	16	117	5.0523946969277615e-17
4	16	118	3.532929093500119e-17
4	16	119	1.2788629996279147e-17
4	16	120	1.1115483499462013e-18
4	16	121	1.016834618845231e-18
4	16	122	8.898688054680886e-19
4	16	123	7.553759587094433e-19
4	16	124	5.789606162296331e-19
4	16	125	4.3307345993064643e-19
4	16	126	2.0575524493660998e-19
4	16	127	1.0180629432807811e-19
5	16	0	2.9072502002236433e-05
5	16	1	8.773345143708866e-07
5	16	2	5.064988428671313e-10
5	16	3	3.030904113842173e-14
5	16	4	4.225692484282004e-19
5	16	5	1.3895290122395466e-19
5	16	6	3.754057428082481e-20
5	16	7	1.4686512612109446e-20
5	16	8	1.1202426256448959e-20
5	16	9	7.770457933934282e-21
5	16	10	4.19589425591119e-21
5	16	11	2.8244944335255845e-21
5	16	12	2.404960180235088e-21
5	16	13	2.1617824087383524e-21
5	16	14	1.087932135047072e-21
5	16	15	6.190775406556888e-22
5	16	16	6.754809146514162e-05
5	16	17	4.950800303049618e-07
5	16	18	2.912387275788575e-10
5	16	19	1.7358354608299625e-14
5	16	20	1.7849325119781633e-18
5	16	21	3.2105275812019994e-19
5	16	22	1.897506442522043e-19
5	16	23	7.559630113751116e-20
5	16	24	5.682906584119468e-20
5	16	25	2.3581754425563282e-20
5	16	26	1.2822583886343374e-20
5	16	27	7.039496036520931e-21
5	16	28	4.485663540865472e-21
5	16	29	2.2932168844290536e-21
5	16	30	1.710475413027548e-21
5	16	31	6.242278809772447e-22
5	16	32	9.019301069201902e-05
5	16	33	5.46517640032107e-07
5	16	34	1.2448037045587057e-10
5	16	35	1.5617734088944034e-14
5	16	36	7.122829507227276e-19
5	16	37	2.3011319366036777e-19
5	16	38	1.1575980374843053e-19
5	16	39	7.40286904791466e-20
5	16	40	3.450319938327277e-20
5	16	41	3.061125967124822e-20
5	16	42	1.2609960502619599e-20
5	16	43	1.0367491633446814e-20
5	16	44	6.394416731661395e-21
5	16	45	6.1563951065024776e-21
5	16	46	3.0782421838458126e-21
5	16	47	2.0450182720169633e-21
5	16	48	0.5313555598258972
5	16	49	9.201516513712704e-05
5	16	50	2.607513316377208e-08
5	16	51	1.124665248083967e-12
5	16	52	5.873561931420655e-15
5	16	53	9.753279455772257e-16
5	16	54	4.14263432771785e-16
5	16	55	2.727260537003839e-16
5	16	56	1.545850481211267e-16
5	16	57	8.03958211687316e-17
5	16	58	5.414533045614497e-17
5	16	59	1.7574376901613907e-17
5	16	60	9.217312443167177e-18
5	16	61	8.117285478382921e-18
5	16	62	6.757115174034413e-18
5	16	63	3.972299145311338e-18
5	16	64	0.21359646320343018
5	16	65	0.00022105862444732338
5	16	66	2.8124013340402598e-08
5	16	67	2.1552564420657117e-12
5	16	68	1.5699210399898662e-15
5	16	69	3.2896282099986306e-16
5	16	70	2.2418823355629513e-16
5	16	71	1.0881689998310637e-16
5	16	72	8.853221451926449e-17
5	16	73	4.2423367230545815e-17
5	16	74	1.9323936689057465e-17
5	16	75	8.278189478317348e-18
5	16	76	6.3385733646111564e-18
5	16	77	5.0509137127590465e-18
5	16	78	3.542796779181448e-18
5	16	79	1.4639544844564287e-18
5	16	80	4.399819954414852e-05
5	16	81	3.2954241646621085e-07
5	16	82	1.6433937544135802e-10
5	16	83	1.8172847937852205e-14
5	16	84	7.726247941314936e-19
5	16	85	2.681629848499242e-19
5	16	86	2.5016691452905442e-20
5	16	87	2.110799002436676e-20
5	16	88	1.1305104088949938e-20
5	16	89	7.260715959384148e-21
5	16	90	6.383448510609398e-21
5	16	91	4.85826882493583e-21
5	16	92	2.2650145895746486e-21
5	16	93	1.7080488011524414e-21
5	16	94	1.4334795657989968e-21
5	16	95	6.200358867486747e-22
5	16	96	0.07691110670566559
5	16	97	4.6447079512290657e-05
5	16	98	1.4762899347431357e-08
5	16	99	3.574227502509131e-13
5	16	100	4.875334238356173e-16
5	16	101	1.2453380146020183e-16
5	16	102	2.4317477154529834e-17
5	16	103	9.439488192615245e-18
5	16	104	4.732586902498121e-18
5	16	105	2.9318589631329513e-18
5	16	106	2.89451031091011e-18
5	16	107	2.1518644550327048e-18
5	16	108	1.5081431965620474e-18
5	16	109	6.306789466561689e-19
5	16	110	5.067931919886559e-19
5	16	111	4.385355403104872e-19
5	16	112	0.17748519778251648
5	16	113	5.85230445722118e-05
5	16	114	7.508925925492349e-09
5	16	115	1.5787833551345748e-13
5	16	116	3.6734238676576784e-16
5	16	117	1.2646072200586656e-16
5	16	118	5.1405443569573324e-17
5	16	119	3.1685613276264305e-17
5	16	120	8.343076007107846e-18
5	16	121	6.203659793113451e-18
5	16	122	2.4917573114289598e-18
5	16	123	1.5565117557004732e-18
5	16	124	1.3986741142967798e-18
5	16	125	8.742849295227427e-19
5	16	126	1.1163390440119845e-19
5	16	127	5.143162187140667e-20
6	16	0	3.3966243790928274e-05
6	16	1	1.725863967294572e-07
6	16	2	4.741398940133479e-10
6	16	3	2.7111564607370207e-14
6	16	4	4.621889767215942e-19
6	16	5	1.0060871128451178e-19
6	16	6	3.956742850669542e-20
6	16	7	1.380240678689371e-20
6	16	8	9.755321434607887e-21
6	16	9	7.575691634801423e-21
6	16	10	4.520451978619582e-21
6	16	11	3.544465289718672e-21
6	16	12	3.4835281703057266e-21
6	16	13	1.5830874782362686e-21
6	16	14	1.2426090530911279e-21
6	16	15	6.849072132681387e-22
6	16	16	4.223356881993823e-05
6	16	17	2.6906909056378936e-07
6	16	18	2.4642904383753717e-10
6	16	19	1.4347853824090914e-14
6	16	20	4.801956646811079e-19
6	16	21	1.427096453734408e-19
6	16	22	5.281298441380182e-20
6	16	23	3.263105378134372e-20
6	16	24	1.5398508324364464e-20
6	16	25	1.202831520708844e-20
6	16	26	8.74122304521845e-21
6	16	27	8.392440401230906e-21
6	16	28	4.397445617109615e-21
6	16	29	3.965112076699246e-21
6	16	30	1.1095417236790405e-21
6	16	31	2.761804553533659e-22
6	16	32	0.00010889204713748768
6	16	33	2.7852161110786255e-07
6	16	34	1.228632751093528e-10
6	16	35	1.4055395370260633e-14
6	16	36	4.0581553230155136e-19
6	16	37	2.4133258035054834e-19
6	16	38	9.585409004825405e-20
6	16	39	6.48808871602256e-20
6	16	40	4.027466146807972e-20
6	16	41	2.657578150472585e-20
6	16	42	2.1649030768461794e-20
6	16	43	9.46440831396281e-21
6	16	44	8.69820238322359e-21
6	16	45	5.680184642916285e-21
6	16	46	3.405121707214e-21
6	16	47	1.4957685277462273e-21
6	16	48	0.473042756319046
6	16	49	7.428380922647193e-05
6	16	50	2.8841917298905173e-08
6	16	51	7.596843618583315e-13
6	16	52	9.818185049421512e-15
6	16	53	2.153869259596125e-15
6	16	54	2.803317742920171e-16
6	16	55	1.8611277908823424e-16
6	16	56	1.1339837546335178e-16
6	16	57	3.133645372226077e-17
6	16	58	2.6256244580927547e-17
6	16	59	1.3157638576261503e-17
6	16	60	4.772189828685322e-18
6	16	61	4.033979935637886e-18
6	16	62	3.415367124275816e-18
6	16	63	8.513929128654908e-19
6	16	64	0.23257224261760712
6	16	65	0.00020759353355970234
6	16	66	3.0885452417805936e-08
6	16	67	1.8246675871635976e-12
6	16	68	2.8186461275897176e-15
6	16	69	3.529934633508228e-16
6	16	70	2.003632613928406e-16
6	16	71	1.0479614046160862e-16
6	16	72	4.2754229549399675e-17
6	16	73	3.778554089825085e-17
6	16	74	1.3844693965867435e-17
6	16	75	1.005391960598086e-17
6	16	76	8.011888606273252e-18
6	16	77	4.207881010947053e-18
6	16	78	8.730889297545676e-19
6	16	79	1.802285158567089e-19
6	16	80	5.396480264607817e-05
6	16	81	4.847577770306088e-07
6	16	82	1.537987931454765e-10
6	16	83	1.5460697568654876e-14
6	16	84	6.671404993708352e-19
6	16	85	3.238817933633137e-19
6	16	86	4.198862493372934e-20
6	16	87	3.676679528539547e-20
6	16	88	2.912996983344755e-20
6	16	89	1.5073912635358426e-20
6	16	90	6.01822080518596e-21
6	16	91	5.4794297661748695e-21
6	16	92	5.336770998871449e-21
6	16	93	1.6937617602306454e-21
6	16	94	1.496822799325288e-21
6	16	95	1.1803175667890007e-21
6	16	96	0.09538523852825165
6	16	97	5.239267920842394e-05
6	16	98	1.515435421595157e-08
6	16	99	3.2155457766955275e-13
6	16	100	5.353790327733421e-16
6	16	101	6.370600309004107e-17
6	16	102	1.385034939971546e-17
6	16	103	1.0410429486907539e-17
6	16	104	3.5014935832451436e-18
6	16	105	3.3589217668412694e-18
6	16	106	1.4730674298673489e-18
6	16	107	1.3003416748110432e-18
6	16	108	6.8750547925673765e-19
6	16	109	3.713812700212818e-19
6	16	110	3.570180800155169e-19
6	16	111	1.879186847646437e-19
6	16	112	0.1983570009469986
6	16	113	6.845423922641203e-05
6	16	114	8.945760576750672e-09
6	16	115	1.365997430186755e-13
6	16	116	1.1145901147429629e-15
6	16	117	1.4893678096592882e-16
6	16	118	2.474914135719063e-17
6	16	119	1.354714055591986e-17
6	16	120	5.781940782957379e-18
6	16	121	3.41229931817901e-18
6	16	122	2.63993389686834e-18
6	16	123	1.540468174129701e-18
6	16	124	1.4273709743001991e-18
6	16	125	1.1644110847502042e-18
6	16	126	6.269361094807313e-19
6	16	127	5.0780579030539156e-20
7	16	0	2.3583281290484592e-05
7	16	1	4.846172032557661e-07
7	16	2	1.9020565678040668e-10
7	16	3	9.09949538136813e-15
7	16	4	1.6329240640499194e-19
7	16	5	9.905233865025058e-20
7	16	6	2.539156421351822e-20
7	16	7	1.0913927630775484e-20
7	16	8	6.682474705944101e-21
7	16	9	4.632877052196119e-21
7	16	10	3.779308247191656e-21
7	16	11	1.8114168932563763e-21
7	16	12	1.6412524520758464e-21
7	16	13	1.2169770563925502e-21
7	16	14	5.200850138684124e-22
7	16	15	4.44351489202613e-22
7	16	16	2.8165033654659055e-05
7	16	17	4.1474638123872865e-07
7	16	18	9.232875575193589e-11
7	16	19	5.157090219139659e-15
7	16	20	3.1679058076704975e-19
7	16	21	8.616255118589868e-20
7	16	22	4.2396628539696856e-20
7	16	23	2.37841002517348e-20
7	16	24	7.65331090306216e-21
7	16	25	7.247957667787798e-21
7	16	26	6.733828970272362e-21
7	16	27	3.7739481329781835e-21
7	16	28	2.1193564847571567e-21
7	16	29	1.337327796551181e-21
7	16	30	1.1125348007929684e-21
7	16	31	4.746993847450233e-22
7	16	32	7.900592754594982e-05
7	16	33	3.3387183862032543e-07
7	16	34	4.9274070934579584e-11
7	16	35	4.269844382714461e-15
7	16	36	7.960587691863326e-19
7	16	37	1.007245876561031e-19
7	16	38	6.952290843559955e-20
7	16	39	6.8011164780325e-20
7	16	40	4.2975348006928535e-20
7	16	41	2.69751352571785e-20
7	16	42	1.0119362491281481e-20
7	16	43	1.0027366113116233e-20
7	16	44	8.91251728667655e-21
7	16	45	6.926010733887777e-21
7	16	46	6.797925370325635e-21
7	16	47	1.7987603836494614e-21
7	16	48	0.5670538544654846
7	16	49	9.886395855573937e-05
7	16	50	9.405197509693153e-09
7	16	51	3.3261799347802934e-13
7	16	52	3.191245968449754e-15
7	16	53	7.267929146224082e-16
7	16	54	4.883957563154814e-16
7	16	55	2.053238172042068e-16
7	16	56	1.236692190490716e-16
7	16	57	1.0139355617292889e-16
7	16	58	3.934175218059381e-17
7	16	59	1.2468669090718123e-17
7	16	60	5.979020286210894e-18
7	16	61	1.7247096274812401e-18
7	16	62	1.5991393711950512e-18
7	16	63	1.8848503206560402e-19
7	16	64	0.1763133555650711
7	16	65	0.00020931236213073134
7	16	66	8.091124215070522e-09
7	16	67	5.285327839450737e-13
7	16	68	2.310879945380392e-15
7	16	69	2.797377394981958e-16
7	16	70	1.284144829080474e-16
7	16	71	6.877741433837918e-17
7	16	72	6.117215696788903e-17
7	16	73	2.7520459452678066e-17
7	16	74	1.4441958072800124e-17
7	16	75	1.3808160706933418e-17
7	16	76	8.512552906910773e-18
7	16	77	4.667345926815145e-18
7	16	78	1.3255615845071725e-18
7	16	79	3.5019221145012343e-19
7	16	80	3.725158967426978e-05
7	16	81	2.6359796834185545e-07
7	16	82	4.289314736727334e-11
7	16	83	4.801068295365047e-15
7	16	84	2.7301967241895273e-19
7	16	85	4.0721032037302916e-20
7	16	86	3.2415747715184116e-20
7	16	87	1.5621467426777317e-20
7	16	88	8.974768282326135e-21
7	16	89	4.475094369835546e-21
7	16	90	4.334073807885893e-21
7	16	91	4.239505818900271e-21
7	16	92	2.7377050926928723e-21
7	16	93	2.678279556992075e-21
7	16	94	1.4798910422653098e-21
7	16	95	9.388835186807147e-22
7	16	96	0.06225327402353287
7	16	97	5.4473210184369236e-05
7	16	98	4.193395408691458e-09
7	16	99	1.390178797815514e-13
7	16	100	3.2097135631009436e-16
7	16	101	6.20716993404282e-17
7	16	102	3.563461653398431e-17
7	16	103	9.341195974786794e-18
7	16	104	2.5787802273871416e-18
7	16	105	1.5837556729579431e-18
7	16	106	7.134418824597027e-19
7	16	107	6.4472023415668e-19
7	16	108	6.246342726311494e-19
7	16	109	5.567850413804287e-19
7	16	110	4.770904803603721e-19
7	16	111	3.337270521102847e-19
7	16	112	0.1937711536884308
7	16	113	7.455457671312615e-05
7	16	114	3.274102766681608e-09
7	16	115	4.946582287659526e-14
7	16	116	3.084066548589813e-16
7	16	117	2.03701603526427e-16
7	16	118	4.1334221826719693e-17
7	16	119	7.849889419207804e-18
7	16	120	7.07661699435547e-18
7	16	121	6.327490385173865e-18
7	16	122	2.514386491446573e-18
7	16	123	1.7281001374145184e-18
7	16	124	1.3634159542770132e-18
7	16	125	3.993969467902637e-19
7	16	126	2.585918589278321e-19
7	16	127	2.3286116520345136e-20
